[0.000000] (-) TimerEvent: {}
[0.001310] (px4_msgs) JobQueued: {'identifier': 'px4_msgs', 'dependencies': OrderedDict()}
[0.001377] (offboard) JobQueued: {'identifier': 'offboard', 'dependencies': OrderedDict([('px4_msgs', '/home/stepan/ws_ros2/install/px4_msgs')])}
[0.001427] (px4_ros_com) JobQueued: {'identifier': 'px4_ros_com', 'dependencies': OrderedDict([('px4_msgs', '/home/stepan/ws_ros2/install/px4_msgs')])}
[0.001452] (px4_msgs) JobStarted: {'identifier': 'px4_msgs'}
[0.009930] (px4_msgs) JobProgress: {'identifier': 'px4_msgs', 'progress': 'cmake'}
[0.015996] (px4_msgs) JobProgress: {'identifier': 'px4_msgs', 'progress': 'build'}
[0.016871] (px4_msgs) Command: {'cmd': ['/usr/bin/cmake', '--build', '/home/stepan/ws_ros2/build/px4_msgs', '--', '-j8', '-l8'], 'cwd': '/home/stepan/ws_ros2/build/px4_msgs', 'env': OrderedDict([('LESSOPEN', '| /usr/bin/lesspipe %s'), ('USER', 'stepan'), ('LC_TIME', 'cs_CZ.UTF-8'), ('XDG_SESSION_TYPE', 'wayland'), ('SHLVL', '1'), ('LD_LIBRARY_PATH', '/home/stepan/ws_ros2/install/px4_ros_com/lib:/home/stepan/ws_ros2/install/px4_msgs/lib:/opt/ros/humble/opt/rviz_ogre_vendor/lib:/opt/ros/humble/lib/x86_64-linux-gnu:/opt/ros/humble/lib'), ('HOME', '/home/stepan'), ('OLDPWD', '/home/stepan/ws_ros2/src'), ('DESKTOP_SESSION', 'ubuntu'), ('ROS_PYTHON_VERSION', '3'), ('GNOME_SHELL_SESSION_MODE', 'ubuntu'), ('GTK_MODULES', 'gail:atk-bridge'), ('LC_MONETARY', 'cs_CZ.UTF-8'), ('SYSTEMD_EXEC_PID', '1590'), ('DBUS_SESSION_BUS_ADDRESS', 'unix:path=/run/user/1000/bus'), ('COLORTERM', 'truecolor'), ('IM_CONFIG_PHASE', '1'), ('WAYLAND_DISPLAY', 'wayland-0'), ('COLCON_PREFIX_PATH', '/home/stepan/ws_ros2/install'), ('ROS_DISTRO', 'humble'), ('LOGNAME', 'stepan'), ('_', '/usr/bin/colcon'), ('ROS_VERSION', '2'), ('XDG_SESSION_CLASS', 'user'), ('USERNAME', 'stepan'), ('TERM', 'xterm-256color'), ('GNOME_DESKTOP_SESSION_ID', 'this-is-deprecated'), ('ROS_LOCALHOST_ONLY', '0'), ('PATH', '/opt/ros/humble/bin:/home/stepan/.local/bin:/usr/local/sbin:/usr/local/bin:/usr/sbin:/usr/bin:/sbin:/bin:/usr/games:/usr/local/games:/snap/bin:/snap/bin'), ('SESSION_MANAGER', 'local/stepan-Latitude-5410:@/tmp/.ICE-unix/1562,unix/stepan-Latitude-5410:/tmp/.ICE-unix/1562'), ('XDG_MENU_PREFIX', 'gnome-'), ('LC_ADDRESS', 'cs_CZ.UTF-8'), ('GNOME_TERMINAL_SCREEN', '/org/gnome/Terminal/screen/ae9eb505_b0d9_4b0b_8646_9fddcceccd37'), ('GNOME_SETUP_DISPLAY', ':1'), ('XDG_RUNTIME_DIR', '/run/user/1000'), ('DISPLAY', ':0'), ('LANG', 'en_US.UTF-8'), ('XDG_CURRENT_DESKTOP', 'ubuntu:GNOME'), ('LC_TELEPHONE', 'cs_CZ.UTF-8'), ('XMODIFIERS', '@im=ibus'), ('XDG_SESSION_DESKTOP', 'ubuntu'), ('XAUTHORITY', '/run/user/1000/.mutter-Xwaylandauth.TIJ942'), ('LS_COLORS', 'rs=0:di=01;34:ln=01;36:mh=00:pi=40;33:so=01;35:do=01;35:bd=40;33;01:cd=40;33;01:or=40;31;01:mi=00:su=37;41:sg=30;43:ca=30;41:tw=30;42:ow=34;42:st=37;44:ex=01;32:*.tar=01;31:*.tgz=01;31:*.arc=01;31:*.arj=01;31:*.taz=01;31:*.lha=01;31:*.lz4=01;31:*.lzh=01;31:*.lzma=01;31:*.tlz=01;31:*.txz=01;31:*.tzo=01;31:*.t7z=01;31:*.zip=01;31:*.z=01;31:*.dz=01;31:*.gz=01;31:*.lrz=01;31:*.lz=01;31:*.lzo=01;31:*.xz=01;31:*.zst=01;31:*.tzst=01;31:*.bz2=01;31:*.bz=01;31:*.tbz=01;31:*.tbz2=01;31:*.tz=01;31:*.deb=01;31:*.rpm=01;31:*.jar=01;31:*.war=01;31:*.ear=01;31:*.sar=01;31:*.rar=01;31:*.alz=01;31:*.ace=01;31:*.zoo=01;31:*.cpio=01;31:*.7z=01;31:*.rz=01;31:*.cab=01;31:*.wim=01;31:*.swm=01;31:*.dwm=01;31:*.esd=01;31:*.jpg=01;35:*.jpeg=01;35:*.mjpg=01;35:*.mjpeg=01;35:*.gif=01;35:*.bmp=01;35:*.pbm=01;35:*.pgm=01;35:*.ppm=01;35:*.tga=01;35:*.xbm=01;35:*.xpm=01;35:*.tif=01;35:*.tiff=01;35:*.png=01;35:*.svg=01;35:*.svgz=01;35:*.mng=01;35:*.pcx=01;35:*.mov=01;35:*.mpg=01;35:*.mpeg=01;35:*.m2v=01;35:*.mkv=01;35:*.webm=01;35:*.webp=01;35:*.ogm=01;35:*.mp4=01;35:*.m4v=01;35:*.mp4v=01;35:*.vob=01;35:*.qt=01;35:*.nuv=01;35:*.wmv=01;35:*.asf=01;35:*.rm=01;35:*.rmvb=01;35:*.flc=01;35:*.avi=01;35:*.fli=01;35:*.flv=01;35:*.gl=01;35:*.dl=01;35:*.xcf=01;35:*.xwd=01;35:*.yuv=01;35:*.cgm=01;35:*.emf=01;35:*.ogv=01;35:*.ogx=01;35:*.aac=00;36:*.au=00;36:*.flac=00;36:*.m4a=00;36:*.mid=00;36:*.midi=00;36:*.mka=00;36:*.mp3=00;36:*.mpc=00;36:*.ogg=00;36:*.ra=00;36:*.wav=00;36:*.oga=00;36:*.opus=00;36:*.spx=00;36:*.xspf=00;36:'), ('GNOME_TERMINAL_SERVICE', ':1.128'), ('SSH_AGENT_LAUNCHER', 'gnome-keyring'), ('SSH_AUTH_SOCK', '/run/user/1000/keyring/ssh'), ('AMENT_PREFIX_PATH', '/home/stepan/ws_ros2/install/px4_ros_com:/home/stepan/ws_ros2/install/offboard:/home/stepan/ws_ros2/install/px4_msgs:/opt/ros/humble'), ('SHELL', '/bin/bash'), ('LC_NAME', 'cs_CZ.UTF-8'), ('QT_ACCESSIBILITY', '1'), ('GDMSESSION', 'ubuntu'), ('LESSCLOSE', '/usr/bin/lesspipe %s %s'), ('LC_MEASUREMENT', 'cs_CZ.UTF-8'), ('LC_IDENTIFICATION', 'cs_CZ.UTF-8'), ('QT_IM_MODULE', 'ibus'), ('PWD', '/home/stepan/ws_ros2/build/px4_msgs'), ('LC_ALL', 'en_US.UTF-8'), ('XDG_CONFIG_DIRS', '/etc/xdg/xdg-ubuntu:/etc/xdg'), ('XDG_DATA_DIRS', '/usr/share/ubuntu:/usr/local/share/:/usr/share/:/var/lib/snapd/desktop'), ('PYTHONPATH', '/home/stepan/ws_ros2/install/px4_ros_com/local/lib/python3.10/dist-packages:/home/stepan/ws_ros2/install/px4_msgs/local/lib/python3.10/dist-packages:/opt/ros/humble/lib/python3.10/site-packages:/opt/ros/humble/local/lib/python3.10/dist-packages'), ('LC_NUMERIC', 'cs_CZ.UTF-8'), ('LC_PAPER', 'cs_CZ.UTF-8'), ('COLCON', '1'), ('VTE_VERSION', '6800'), ('CMAKE_PREFIX_PATH', '/home/stepan/ws_ros2/install/px4_ros_com:/home/stepan/ws_ros2/install/offboard:/home/stepan/ws_ros2/install/px4_msgs:/opt/ros/humble')]), 'shell': False}
[0.100030] (-) TimerEvent: {}
[0.200287] (-) TimerEvent: {}
[0.300566] (-) TimerEvent: {}
[0.400813] (-) TimerEvent: {}
[0.501078] (-) TimerEvent: {}
[0.601371] (-) TimerEvent: {}
[0.701594] (-) TimerEvent: {}
[0.801836] (-) TimerEvent: {}
[0.902071] (-) TimerEvent: {}
[0.915918] (px4_msgs) StdoutLine: {'line': b'[  0%] Built target px4_msgs__cpp\n'}
[0.984098] (px4_msgs) StdoutLine: {'line': b'[ 12%] Built target px4_msgs__rosidl_generator_c\n'}
[1.002207] (-) TimerEvent: {}
[1.037043] (px4_msgs) StdoutLine: {'line': b'[ 12%] Built target ament_cmake_python_copy_px4_msgs\n'}
[1.084468] (px4_msgs) StdoutLine: {'line': b'[ 24%] Built target px4_msgs__rosidl_typesupport_cpp\n'}
[1.095538] (px4_msgs) StdoutLine: {'line': b'[ 37%] Built target px4_msgs__rosidl_typesupport_c\n'}
[1.102514] (-) TimerEvent: {}
[1.117413] (px4_msgs) StdoutLine: {'line': b'[ 50%] Built target px4_msgs__rosidl_typesupport_introspection_cpp\n'}
[1.119323] (px4_msgs) StdoutLine: {'line': b'[ 63%] Built target px4_msgs__rosidl_typesupport_introspection_c\n'}
[1.123584] (px4_msgs) StdoutLine: {'line': b'[ 75%] Built target px4_msgs__rosidl_typesupport_fastrtps_cpp\n'}
[1.176582] (px4_msgs) StdoutLine: {'line': b'[ 88%] Built target px4_msgs__rosidl_typesupport_fastrtps_c\n'}
[1.197317] (px4_msgs) StdoutLine: {'line': b'[ 88%] Built target px4_msgs\n'}
[1.202595] (-) TimerEvent: {}
[1.231827] (px4_msgs) StdoutLine: {'line': b'[ 88%] Built target px4_msgs__py\n'}
[1.302706] (-) TimerEvent: {}
[1.317409] (px4_msgs) StdoutLine: {'line': b'running egg_info\n'}
[1.340916] (px4_msgs) StdoutLine: {'line': b'writing px4_msgs.egg-info/PKG-INFO\n'}
[1.341284] (px4_msgs) StdoutLine: {'line': b'writing dependency_links to px4_msgs.egg-info/dependency_links.txt\n'}
[1.341687] (px4_msgs) StdoutLine: {'line': b'writing top-level names to px4_msgs.egg-info/top_level.txt\n'}
[1.359690] (px4_msgs) StdoutLine: {'line': b'[100%] Built target px4_msgs__rosidl_generator_py\n'}
[1.387814] (px4_msgs) StdoutLine: {'line': b'[100%] Built target px4_msgs__rosidl_typesupport_fastrtps_c__pyext\n'}
[1.390157] (px4_msgs) StdoutLine: {'line': b'[100%] Built target px4_msgs__rosidl_typesupport_introspection_c__pyext\n'}
[1.390344] (px4_msgs) StdoutLine: {'line': b'[100%] Built target px4_msgs__rosidl_typesupport_c__pyext\n'}
[1.402527] (px4_msgs) StdoutLine: {'line': b"reading manifest file 'px4_msgs.egg-info/SOURCES.txt'\n"}
[1.402763] (-) TimerEvent: {}
[1.409096] (px4_msgs) StdoutLine: {'line': b"writing manifest file 'px4_msgs.egg-info/SOURCES.txt'\n"}
[1.440139] (px4_msgs) StdoutLine: {'line': b'[100%] Built target ament_cmake_python_build_px4_msgs_egg\n'}
[1.452305] (px4_msgs) CommandEnded: {'returncode': 0}
[1.453335] (px4_msgs) JobProgress: {'identifier': 'px4_msgs', 'progress': 'install'}
[1.462215] (px4_msgs) Command: {'cmd': ['/usr/bin/cmake', '--install', '/home/stepan/ws_ros2/build/px4_msgs'], 'cwd': '/home/stepan/ws_ros2/build/px4_msgs', 'env': OrderedDict([('LESSOPEN', '| /usr/bin/lesspipe %s'), ('USER', 'stepan'), ('LC_TIME', 'cs_CZ.UTF-8'), ('XDG_SESSION_TYPE', 'wayland'), ('SHLVL', '1'), ('LD_LIBRARY_PATH', '/home/stepan/ws_ros2/install/px4_ros_com/lib:/home/stepan/ws_ros2/install/px4_msgs/lib:/opt/ros/humble/opt/rviz_ogre_vendor/lib:/opt/ros/humble/lib/x86_64-linux-gnu:/opt/ros/humble/lib'), ('HOME', '/home/stepan'), ('OLDPWD', '/home/stepan/ws_ros2/src'), ('DESKTOP_SESSION', 'ubuntu'), ('ROS_PYTHON_VERSION', '3'), ('GNOME_SHELL_SESSION_MODE', 'ubuntu'), ('GTK_MODULES', 'gail:atk-bridge'), ('LC_MONETARY', 'cs_CZ.UTF-8'), ('SYSTEMD_EXEC_PID', '1590'), ('DBUS_SESSION_BUS_ADDRESS', 'unix:path=/run/user/1000/bus'), ('COLORTERM', 'truecolor'), ('IM_CONFIG_PHASE', '1'), ('WAYLAND_DISPLAY', 'wayland-0'), ('COLCON_PREFIX_PATH', '/home/stepan/ws_ros2/install'), ('ROS_DISTRO', 'humble'), ('LOGNAME', 'stepan'), ('_', '/usr/bin/colcon'), ('ROS_VERSION', '2'), ('XDG_SESSION_CLASS', 'user'), ('USERNAME', 'stepan'), ('TERM', 'xterm-256color'), ('GNOME_DESKTOP_SESSION_ID', 'this-is-deprecated'), ('ROS_LOCALHOST_ONLY', '0'), ('PATH', '/opt/ros/humble/bin:/home/stepan/.local/bin:/usr/local/sbin:/usr/local/bin:/usr/sbin:/usr/bin:/sbin:/bin:/usr/games:/usr/local/games:/snap/bin:/snap/bin'), ('SESSION_MANAGER', 'local/stepan-Latitude-5410:@/tmp/.ICE-unix/1562,unix/stepan-Latitude-5410:/tmp/.ICE-unix/1562'), ('XDG_MENU_PREFIX', 'gnome-'), ('LC_ADDRESS', 'cs_CZ.UTF-8'), ('GNOME_TERMINAL_SCREEN', '/org/gnome/Terminal/screen/ae9eb505_b0d9_4b0b_8646_9fddcceccd37'), ('GNOME_SETUP_DISPLAY', ':1'), ('XDG_RUNTIME_DIR', '/run/user/1000'), ('DISPLAY', ':0'), ('LANG', 'en_US.UTF-8'), ('XDG_CURRENT_DESKTOP', 'ubuntu:GNOME'), ('LC_TELEPHONE', 'cs_CZ.UTF-8'), ('XMODIFIERS', '@im=ibus'), ('XDG_SESSION_DESKTOP', 'ubuntu'), ('XAUTHORITY', '/run/user/1000/.mutter-Xwaylandauth.TIJ942'), ('LS_COLORS', 'rs=0:di=01;34:ln=01;36:mh=00:pi=40;33:so=01;35:do=01;35:bd=40;33;01:cd=40;33;01:or=40;31;01:mi=00:su=37;41:sg=30;43:ca=30;41:tw=30;42:ow=34;42:st=37;44:ex=01;32:*.tar=01;31:*.tgz=01;31:*.arc=01;31:*.arj=01;31:*.taz=01;31:*.lha=01;31:*.lz4=01;31:*.lzh=01;31:*.lzma=01;31:*.tlz=01;31:*.txz=01;31:*.tzo=01;31:*.t7z=01;31:*.zip=01;31:*.z=01;31:*.dz=01;31:*.gz=01;31:*.lrz=01;31:*.lz=01;31:*.lzo=01;31:*.xz=01;31:*.zst=01;31:*.tzst=01;31:*.bz2=01;31:*.bz=01;31:*.tbz=01;31:*.tbz2=01;31:*.tz=01;31:*.deb=01;31:*.rpm=01;31:*.jar=01;31:*.war=01;31:*.ear=01;31:*.sar=01;31:*.rar=01;31:*.alz=01;31:*.ace=01;31:*.zoo=01;31:*.cpio=01;31:*.7z=01;31:*.rz=01;31:*.cab=01;31:*.wim=01;31:*.swm=01;31:*.dwm=01;31:*.esd=01;31:*.jpg=01;35:*.jpeg=01;35:*.mjpg=01;35:*.mjpeg=01;35:*.gif=01;35:*.bmp=01;35:*.pbm=01;35:*.pgm=01;35:*.ppm=01;35:*.tga=01;35:*.xbm=01;35:*.xpm=01;35:*.tif=01;35:*.tiff=01;35:*.png=01;35:*.svg=01;35:*.svgz=01;35:*.mng=01;35:*.pcx=01;35:*.mov=01;35:*.mpg=01;35:*.mpeg=01;35:*.m2v=01;35:*.mkv=01;35:*.webm=01;35:*.webp=01;35:*.ogm=01;35:*.mp4=01;35:*.m4v=01;35:*.mp4v=01;35:*.vob=01;35:*.qt=01;35:*.nuv=01;35:*.wmv=01;35:*.asf=01;35:*.rm=01;35:*.rmvb=01;35:*.flc=01;35:*.avi=01;35:*.fli=01;35:*.flv=01;35:*.gl=01;35:*.dl=01;35:*.xcf=01;35:*.xwd=01;35:*.yuv=01;35:*.cgm=01;35:*.emf=01;35:*.ogv=01;35:*.ogx=01;35:*.aac=00;36:*.au=00;36:*.flac=00;36:*.m4a=00;36:*.mid=00;36:*.midi=00;36:*.mka=00;36:*.mp3=00;36:*.mpc=00;36:*.ogg=00;36:*.ra=00;36:*.wav=00;36:*.oga=00;36:*.opus=00;36:*.spx=00;36:*.xspf=00;36:'), ('GNOME_TERMINAL_SERVICE', ':1.128'), ('SSH_AGENT_LAUNCHER', 'gnome-keyring'), ('SSH_AUTH_SOCK', '/run/user/1000/keyring/ssh'), ('AMENT_PREFIX_PATH', '/home/stepan/ws_ros2/install/px4_ros_com:/home/stepan/ws_ros2/install/offboard:/home/stepan/ws_ros2/install/px4_msgs:/opt/ros/humble'), ('SHELL', '/bin/bash'), ('LC_NAME', 'cs_CZ.UTF-8'), ('QT_ACCESSIBILITY', '1'), ('GDMSESSION', 'ubuntu'), ('LESSCLOSE', '/usr/bin/lesspipe %s %s'), ('LC_MEASUREMENT', 'cs_CZ.UTF-8'), ('LC_IDENTIFICATION', 'cs_CZ.UTF-8'), ('QT_IM_MODULE', 'ibus'), ('PWD', '/home/stepan/ws_ros2/build/px4_msgs'), ('LC_ALL', 'en_US.UTF-8'), ('XDG_CONFIG_DIRS', '/etc/xdg/xdg-ubuntu:/etc/xdg'), ('XDG_DATA_DIRS', '/usr/share/ubuntu:/usr/local/share/:/usr/share/:/var/lib/snapd/desktop'), ('PYTHONPATH', '/home/stepan/ws_ros2/install/px4_ros_com/local/lib/python3.10/dist-packages:/home/stepan/ws_ros2/install/px4_msgs/local/lib/python3.10/dist-packages:/opt/ros/humble/lib/python3.10/site-packages:/opt/ros/humble/local/lib/python3.10/dist-packages'), ('LC_NUMERIC', 'cs_CZ.UTF-8'), ('LC_PAPER', 'cs_CZ.UTF-8'), ('COLCON', '1'), ('VTE_VERSION', '6800'), ('CMAKE_PREFIX_PATH', '/home/stepan/ws_ros2/install/px4_ros_com:/home/stepan/ws_ros2/install/offboard:/home/stepan/ws_ros2/install/px4_msgs:/opt/ros/humble')]), 'shell': False}
[1.472391] (px4_msgs) StdoutLine: {'line': b'-- Install configuration: ""\n'}
[1.472646] (px4_msgs) StdoutLine: {'line': b'-- Up-to-date: /home/stepan/ws_ros2/install/px4_msgs/share/ament_index/resource_index/rosidl_interfaces/px4_msgs\n'}
[1.472742] (px4_msgs) StdoutLine: {'line': b'-- Up-to-date: /home/stepan/ws_ros2/install/px4_msgs/include/px4_msgs/px4_msgs\n'}
[1.472849] (px4_msgs) StdoutLine: {'line': b'-- Up-to-date: /home/stepan/ws_ros2/install/px4_msgs/include/px4_msgs/px4_msgs/msg\n'}
[1.472918] (px4_msgs) StdoutLine: {'line': b'-- Up-to-date: /home/stepan/ws_ros2/install/px4_msgs/include/px4_msgs/px4_msgs/msg/orb_test_medium.h\n'}
[1.472980] (px4_msgs) StdoutLine: {'line': b'-- Up-to-date: /home/stepan/ws_ros2/install/px4_msgs/include/px4_msgs/px4_msgs/msg/power_button_state.h\n'}
[1.473041] (px4_msgs) StdoutLine: {'line': b'-- Up-to-date: /home/stepan/ws_ros2/install/px4_msgs/include/px4_msgs/px4_msgs/msg/input_rc.h\n'}
[1.473122] (px4_msgs) StdoutLine: {'line': b'-- Up-to-date: /home/stepan/ws_ros2/install/px4_msgs/include/px4_msgs/px4_msgs/msg/actuator_motors.h\n'}
[1.473251] (px4_msgs) StdoutLine: {'line': b'-- Up-to-date: /home/stepan/ws_ros2/install/px4_msgs/include/px4_msgs/px4_msgs/msg/vehicle_air_data.h\n'}
[1.473315] (px4_msgs) StdoutLine: {'line': b'-- Up-to-date: /home/stepan/ws_ros2/install/px4_msgs/include/px4_msgs/px4_msgs/msg/mode_completed.h\n'}
[1.473423] (px4_msgs) StdoutLine: {'line': b'-- Up-to-date: /home/stepan/ws_ros2/install/px4_msgs/include/px4_msgs/px4_msgs/msg/power_monitor.h\n'}
[1.473528] (px4_msgs) StdoutLine: {'line': b'-- Up-to-date: /home/stepan/ws_ros2/install/px4_msgs/include/px4_msgs/px4_msgs/msg/differential_pressure.h\n'}
[1.473585] (px4_msgs) StdoutLine: {'line': b'-- Up-to-date: /home/stepan/ws_ros2/install/px4_msgs/include/px4_msgs/px4_msgs/msg/vehicle_land_detected.h\n'}
[1.473641] (px4_msgs) StdoutLine: {'line': b'-- Up-to-date: /home/stepan/ws_ros2/install/px4_msgs/include/px4_msgs/px4_msgs/msg/action_request.h\n'}
[1.473700] (px4_msgs) StdoutLine: {'line': b'-- Up-to-date: /home/stepan/ws_ros2/install/px4_msgs/include/px4_msgs/px4_msgs/msg/actuator_servos.h\n'}
[1.473761] (px4_msgs) StdoutLine: {'line': b'-- Up-to-date: /home/stepan/ws_ros2/install/px4_msgs/include/px4_msgs/px4_msgs/msg/battery_status.h\n'}
[1.473820] (px4_msgs) StdoutLine: {'line': b'-- Up-to-date: /home/stepan/ws_ros2/install/px4_msgs/include/px4_msgs/px4_msgs/msg/sensor_gnss_relative.h\n'}
[1.473879] (px4_msgs) StdoutLine: {'line': b'-- Up-to-date: /home/stepan/ws_ros2/install/px4_msgs/include/px4_msgs/px4_msgs/msg/sensor_gyro.h\n'}
[1.473938] (px4_msgs) StdoutLine: {'line': b'-- Up-to-date: /home/stepan/ws_ros2/install/px4_msgs/include/px4_msgs/px4_msgs/msg/register_ext_component_reply.h\n'}
[1.473997] (px4_msgs) StdoutLine: {'line': b'-- Up-to-date: /home/stepan/ws_ros2/install/px4_msgs/include/px4_msgs/px4_msgs/msg/parameter_set_used_request.h\n'}
[1.474057] (px4_msgs) StdoutLine: {'line': b'-- Up-to-date: /home/stepan/ws_ros2/install/px4_msgs/include/px4_msgs/px4_msgs/msg/esc_report.h\n'}
[1.474125] (px4_msgs) StdoutLine: {'line': b'-- Up-to-date: /home/stepan/ws_ros2/install/px4_msgs/include/px4_msgs/px4_msgs/msg/vehicle_attitude.h\n'}
[1.474198] (px4_msgs) StdoutLine: {'line': b'-- Up-to-date: /home/stepan/ws_ros2/install/px4_msgs/include/px4_msgs/px4_msgs/msg/uavcan_parameter_value.h\n'}
[1.474327] (px4_msgs) StdoutLine: {'line': b'-- Up-to-date: /home/stepan/ws_ros2/install/px4_msgs/include/px4_msgs/px4_msgs/msg/landing_target_innovations.h\n'}
[1.474429] (px4_msgs) StdoutLine: {'line': b'-- Up-to-date: /home/stepan/ws_ros2/install/px4_msgs/include/px4_msgs/px4_msgs/msg/vehicle_imu.h\n'}
[1.474493] (px4_msgs) StdoutLine: {'line': b'-- Up-to-date: /home/stepan/ws_ros2/install/px4_msgs/include/px4_msgs/px4_msgs/msg/parameter_update.h\n'}
[1.474553] (px4_msgs) StdoutLine: {'line': b'-- Up-to-date: /home/stepan/ws_ros2/install/px4_msgs/include/px4_msgs/px4_msgs/msg/config_overrides.h\n'}
[1.474612] (px4_msgs) StdoutLine: {'line': b'-- Up-to-date: /home/stepan/ws_ros2/install/px4_msgs/include/px4_msgs/px4_msgs/msg/tecs_status.h\n'}
[1.474670] (px4_msgs) StdoutLine: {'line': b'-- Up-to-date: /home/stepan/ws_ros2/install/px4_msgs/include/px4_msgs/px4_msgs/msg/home_position.h\n'}
[1.474729] (px4_msgs) StdoutLine: {'line': b'-- Up-to-date: /home/stepan/ws_ros2/install/px4_msgs/include/px4_msgs/px4_msgs/msg/adc_report.h\n'}
[1.474865] (px4_msgs) StdoutLine: {'line': b'-- Up-to-date: /home/stepan/ws_ros2/install/px4_msgs/include/px4_msgs/px4_msgs/msg/position_setpoint.h\n'}
[1.474926] (px4_msgs) StdoutLine: {'line': b'-- Up-to-date: /home/stepan/ws_ros2/install/px4_msgs/include/px4_msgs/px4_msgs/msg/vehicle_rates_setpoint.h\n'}
[1.474985] (px4_msgs) StdoutLine: {'line': b'-- Up-to-date: /home/stepan/ws_ros2/install/px4_msgs/include/px4_msgs/px4_msgs/msg/gps_inject_data.h\n'}
[1.475044] (px4_msgs) StdoutLine: {'line': b'-- Up-to-date: /home/stepan/ws_ros2/install/px4_msgs/include/px4_msgs/px4_msgs/msg/estimator_aid_source3d.h\n'}
[1.475103] (px4_msgs) StdoutLine: {'line': b'-- Up-to-date: /home/stepan/ws_ros2/install/px4_msgs/include/px4_msgs/px4_msgs/msg/log_message.h\n'}
[1.475162] (px4_msgs) StdoutLine: {'line': b'-- Up-to-date: /home/stepan/ws_ros2/install/px4_msgs/include/px4_msgs/px4_msgs/msg/orb_test.h\n'}
[1.475220] (px4_msgs) StdoutLine: {'line': b'-- Up-to-date: /home/stepan/ws_ros2/install/px4_msgs/include/px4_msgs/px4_msgs/msg/actuator_controls_status.h\n'}
[1.475278] (px4_msgs) StdoutLine: {'line': b'-- Up-to-date: /home/stepan/ws_ros2/install/px4_msgs/include/px4_msgs/px4_msgs/msg/control_allocator_status.h\n'}
[1.475342] (px4_msgs) StdoutLine: {'line': b'-- Up-to-date: /home/stepan/ws_ros2/install/px4_msgs/include/px4_msgs/px4_msgs/msg/vehicle_optical_flow.h\n'}
[1.475449] (px4_msgs) StdoutLine: {'line': b'-- Up-to-date: /home/stepan/ws_ros2/install/px4_msgs/include/px4_msgs/px4_msgs/msg/system_power.h\n'}
[1.475549] (px4_msgs) StdoutLine: {'line': b'-- Up-to-date: /home/stepan/ws_ros2/install/px4_msgs/include/px4_msgs/px4_msgs/msg/distance_sensor_mode_change_request.h\n'}
[1.475645] (px4_msgs) StdoutLine: {'line': b'-- Up-to-date: /home/stepan/ws_ros2/install/px4_msgs/include/px4_msgs/px4_msgs/msg/position_controller_status.h\n'}
[1.475745] (px4_msgs) StdoutLine: {'line': b'-- Up-to-date: /home/stepan/ws_ros2/install/px4_msgs/include/px4_msgs/px4_msgs/msg/gimbal_manager_set_manual_control.h\n'}
[1.475842] (px4_msgs) StdoutLine: {'line': b'-- Up-to-date: /home/stepan/ws_ros2/install/px4_msgs/include/px4_msgs/px4_msgs/msg/estimator_aid_source1d.h\n'}
[1.475951] (px4_msgs) StdoutLine: {'line': b'-- Up-to-date: /home/stepan/ws_ros2/install/px4_msgs/include/px4_msgs/px4_msgs/msg/vehicle_torque_setpoint.h\n'}
[1.476061] (px4_msgs) StdoutLine: {'line': b'-- Up-to-date: /home/stepan/ws_ros2/install/px4_msgs/include/px4_msgs/px4_msgs/msg/gimbal_device_information.h\n'}
[1.476176] (px4_msgs) StdoutLine: {'line': b'-- Up-to-date: /home/stepan/ws_ros2/install/px4_msgs/include/px4_msgs/px4_msgs/msg/generator_status.h\n'}
[1.476276] (px4_msgs) StdoutLine: {'line': b'-- Up-to-date: /home/stepan/ws_ros2/install/px4_msgs/include/px4_msgs/px4_msgs/msg/actuator_servos_trim.h\n'}
[1.476380] (px4_msgs) StdoutLine: {'line': b'-- Up-to-date: /home/stepan/ws_ros2/install/px4_msgs/include/px4_msgs/px4_msgs/msg/sensor_combined.h\n'}
[1.476486] (px4_msgs) StdoutLine: {'line': b'-- Up-to-date: /home/stepan/ws_ros2/install/px4_msgs/include/px4_msgs/px4_msgs/msg/qshell_retval.h\n'}
[1.476548] (px4_msgs) StdoutLine: {'line': b'-- Up-to-date: /home/stepan/ws_ros2/install/px4_msgs/include/px4_msgs/px4_msgs/msg/sensor_correction.h\n'}
[1.476608] (px4_msgs) StdoutLine: {'line': b'-- Up-to-date: /home/stepan/ws_ros2/install/px4_msgs/include/px4_msgs/px4_msgs/msg/rover_position_setpoint.h\n'}
[1.476668] (px4_msgs) StdoutLine: {'line': b'-- Up-to-date: /home/stepan/ws_ros2/install/px4_msgs/include/px4_msgs/px4_msgs/msg/register_ext_component_request.h\n'}
[1.476728] (px4_msgs) StdoutLine: {'line': b'-- Up-to-date: /home/stepan/ws_ros2/install/px4_msgs/include/px4_msgs/px4_msgs/msg/camera_trigger.h\n'}
[1.476786] (px4_msgs) StdoutLine: {'line': b'-- Up-to-date: /home/stepan/ws_ros2/install/px4_msgs/include/px4_msgs/px4_msgs/msg/rover_throttle_setpoint.h\n'}
[1.476846] (px4_msgs) StdoutLine: {'line': b'-- Up-to-date: /home/stepan/ws_ros2/install/px4_msgs/include/px4_msgs/px4_msgs/msg/gpio_in.h\n'}
[1.476917] (px4_msgs) StdoutLine: {'line': b'-- Up-to-date: /home/stepan/ws_ros2/install/px4_msgs/include/px4_msgs/px4_msgs/msg/qshell_req.h\n'}
[1.477075] (px4_msgs) StdoutLine: {'line': b'-- Up-to-date: /home/stepan/ws_ros2/install/px4_msgs/include/px4_msgs/px4_msgs/msg/parameter_reset_request.h\n'}
[1.477140] (px4_msgs) StdoutLine: {'line': b'-- Up-to-date: /home/stepan/ws_ros2/install/px4_msgs/include/px4_msgs/px4_msgs/msg/geofence_result.h\n'}
[1.477200] (px4_msgs) StdoutLine: {'line': b'-- Up-to-date: /home/stepan/ws_ros2/install/px4_msgs/include/px4_msgs/px4_msgs/msg/heater_status.h\n'}
[1.477260] (px4_msgs) StdoutLine: {'line': b'-- Up-to-date: /home/stepan/ws_ros2/install/px4_msgs/include/px4_msgs/px4_msgs/msg/camera_status.h\n'}
[1.477319] (px4_msgs) StdoutLine: {'line': b'-- Up-to-date: /home/stepan/ws_ros2/install/px4_msgs/include/px4_msgs/px4_msgs/msg/position_controller_landing_status.h\n'}
[1.477448] (px4_msgs) StdoutLine: {'line': b'-- Up-to-date: /home/stepan/ws_ros2/install/px4_msgs/include/px4_msgs/px4_msgs/msg/mission.h\n'}
[1.477516] (px4_msgs) StdoutLine: {'line': b'-- Up-to-date: /home/stepan/ws_ros2/install/px4_msgs/include/px4_msgs/px4_msgs/msg/airspeed.h\n'}
[1.477576] (px4_msgs) StdoutLine: {'line': b'-- Up-to-date: /home/stepan/ws_ros2/install/px4_msgs/include/px4_msgs/px4_msgs/msg/magnetometer_bias_estimate.h\n'}
[1.477636] (px4_msgs) StdoutLine: {'line': b'-- Up-to-date: /home/stepan/ws_ros2/install/px4_msgs/include/px4_msgs/px4_msgs/msg/can_interface_status.h\n'}
[1.477695] (px4_msgs) StdoutLine: {'line': b'-- Up-to-date: /home/stepan/ws_ros2/install/px4_msgs/include/px4_msgs/px4_msgs/msg/irlock_report.h\n'}
[1.477763] (px4_msgs) StdoutLine: {'line': b'-- Up-to-date: /home/stepan/ws_ros2/install/px4_msgs/include/px4_msgs/px4_msgs/msg/satellite_info.h\n'}
[1.477830] (px4_msgs) StdoutLine: {'line': b'-- Up-to-date: /home/stepan/ws_ros2/install/px4_msgs/include/px4_msgs/px4_msgs/msg/vtol_vehicle_status.h\n'}
[1.478130] (px4_msgs) StdoutLine: {'line': b'-- Up-to-date: /home/stepan/ws_ros2/install/px4_msgs/include/px4_msgs/px4_msgs/msg/rover_attitude_setpoint.h\n'}
[1.478192] (px4_msgs) StdoutLine: {'line': b'-- Up-to-date: /home/stepan/ws_ros2/install/px4_msgs/include/px4_msgs/px4_msgs/msg/manual_control_setpoint.h\n'}
[1.478252] (px4_msgs) StdoutLine: {'line': b'-- Up-to-date: /home/stepan/ws_ros2/install/px4_msgs/include/px4_msgs/px4_msgs/msg/navigator_status.h\n'}
[1.478311] (px4_msgs) StdoutLine: {'line': b'-- Up-to-date: /home/stepan/ws_ros2/install/px4_msgs/include/px4_msgs/px4_msgs/msg/trajectory_setpoint.h\n'}
[1.478377] (px4_msgs) StdoutLine: {'line': b'-- Up-to-date: /home/stepan/ws_ros2/install/px4_msgs/include/px4_msgs/px4_msgs/msg/message_format_request.h\n'}
[1.478510] (px4_msgs) StdoutLine: {'line': b'-- Up-to-date: /home/stepan/ws_ros2/install/px4_msgs/include/px4_msgs/px4_msgs/msg/autotune_attitude_control_status.h\n'}
[1.478572] (px4_msgs) StdoutLine: {'line': b'-- Up-to-date: /home/stepan/ws_ros2/install/px4_msgs/include/px4_msgs/px4_msgs/msg/vehicle_odometry.h\n'}
[1.478672] (px4_msgs) StdoutLine: {'line': b'-- Up-to-date: /home/stepan/ws_ros2/install/px4_msgs/include/px4_msgs/px4_msgs/msg/debug_array.h\n'}
[1.478732] (px4_msgs) StdoutLine: {'line': b'-- Up-to-date: /home/stepan/ws_ros2/install/px4_msgs/include/px4_msgs/px4_msgs/msg/sensor_optical_flow.h\n'}
[1.478791] (px4_msgs) StdoutLine: {'line': b'-- Up-to-date: /home/stepan/ws_ros2/install/px4_msgs/include/px4_msgs/px4_msgs/msg/velocity_limits.h\n'}
[1.478850] (px4_msgs) StdoutLine: {'line': b'-- Up-to-date: /home/stepan/ws_ros2/install/px4_msgs/include/px4_msgs/px4_msgs/msg/gimbal_manager_set_attitude.h\n'}
[1.478909] (px4_msgs) StdoutLine: {'line': b'-- Up-to-date: /home/stepan/ws_ros2/install/px4_msgs/include/px4_msgs/px4_msgs/msg/arming_check_request.h\n'}
[1.478969] (px4_msgs) StdoutLine: {'line': b'-- Up-to-date: /home/stepan/ws_ros2/install/px4_msgs/include/px4_msgs/px4_msgs/msg/unregister_ext_component.h\n'}
[1.479028] (px4_msgs) StdoutLine: {'line': b'-- Up-to-date: /home/stepan/ws_ros2/install/px4_msgs/include/px4_msgs/px4_msgs/msg/gimbal_controls.h\n'}
[1.479087] (px4_msgs) StdoutLine: {'line': b'-- Up-to-date: /home/stepan/ws_ros2/install/px4_msgs/include/px4_msgs/px4_msgs/msg/sensors_status_imu.h\n'}
[1.479146] (px4_msgs) StdoutLine: {'line': b'-- Up-to-date: /home/stepan/ws_ros2/install/px4_msgs/include/px4_msgs/px4_msgs/msg/estimator_selector_status.h\n'}
[1.479204] (px4_msgs) StdoutLine: {'line': b'-- Up-to-date: /home/stepan/ws_ros2/install/px4_msgs/include/px4_msgs/px4_msgs/msg/airspeed_wind.h\n'}
[1.479263] (px4_msgs) StdoutLine: {'line': b'-- Up-to-date: /home/stepan/ws_ros2/install/px4_msgs/include/px4_msgs/px4_msgs/msg/dataman_response.h\n'}
[1.479322] (px4_msgs) StdoutLine: {'line': b'-- Up-to-date: /home/stepan/ws_ros2/install/px4_msgs/include/px4_msgs/px4_msgs/msg/landing_gear_wheel.h\n'}
[1.479393] (px4_msgs) StdoutLine: {'line': b'-- Up-to-date: /home/stepan/ws_ros2/install/px4_msgs/include/px4_msgs/px4_msgs/msg/launch_detection_status.h\n'}
[1.479666] (px4_msgs) StdoutLine: {'line': b'-- Up-to-date: /home/stepan/ws_ros2/install/px4_msgs/include/px4_msgs/px4_msgs/msg/rover_rate_setpoint.h\n'}
[1.479730] (px4_msgs) StdoutLine: {'line': b'-- Up-to-date: /home/stepan/ws_ros2/install/px4_msgs/include/px4_msgs/px4_msgs/msg/wind.h\n'}
[1.479906] (px4_msgs) StdoutLine: {'line': b'-- Up-to-date: /home/stepan/ws_ros2/install/px4_msgs/include/px4_msgs/px4_msgs/msg/sensor_accel_fifo.h\n'}
[1.480018] (px4_msgs) StdoutLine: {'line': b'-- Up-to-date: /home/stepan/ws_ros2/install/px4_msgs/include/px4_msgs/px4_msgs/msg/follow_target_estimator.h\n'}
[1.480116] (px4_msgs) StdoutLine: {'line': b'-- Up-to-date: /home/stepan/ws_ros2/install/px4_msgs/include/px4_msgs/px4_msgs/msg/hover_thrust_estimate.h\n'}
[1.480301] (px4_msgs) StdoutLine: {'line': b'-- Up-to-date: /home/stepan/ws_ros2/install/px4_msgs/include/px4_msgs/px4_msgs/msg/vehicle_imu_status.h\n'}
[1.480376] (px4_msgs) StdoutLine: {'line': b'-- Up-to-date: /home/stepan/ws_ros2/install/px4_msgs/include/px4_msgs/px4_msgs/msg/follow_target.h\n'}
[1.480494] (px4_msgs) StdoutLine: {'line': b'-- Up-to-date: /home/stepan/ws_ros2/install/px4_msgs/include/px4_msgs/px4_msgs/msg/ackermann_velocity_setpoint.h\n'}
[1.480554] (px4_msgs) StdoutLine: {'line': b'-- Up-to-date: /home/stepan/ws_ros2/install/px4_msgs/include/px4_msgs/px4_msgs/msg/sensors_status.h\n'}
[1.480614] (px4_msgs) StdoutLine: {'line': b'-- Up-to-date: /home/stepan/ws_ros2/install/px4_msgs/include/px4_msgs/px4_msgs/msg/rc_channels.h\n'}
[1.480673] (px4_msgs) StdoutLine: {'line': b'-- Up-to-date: /home/stepan/ws_ros2/install/px4_msgs/include/px4_msgs/px4_msgs/msg/estimator_bias.h\n'}
[1.480731] (px4_msgs) StdoutLine: {'line': b'-- Up-to-date: /home/stepan/ws_ros2/install/px4_msgs/include/px4_msgs/px4_msgs/msg/estimator_status.h\n'}
[1.480788] (px4_msgs) StdoutLine: {'line': b'-- Up-to-date: /home/stepan/ws_ros2/install/px4_msgs/include/px4_msgs/px4_msgs/msg/sensor_gyro_fifo.h\n'}
[1.480845] (px4_msgs) StdoutLine: {'line': b'-- Up-to-date: /home/stepan/ws_ros2/install/px4_msgs/include/px4_msgs/px4_msgs/msg/sensor_selection.h\n'}
[1.480947] (px4_msgs) StdoutLine: {'line': b'-- Up-to-date: /home/stepan/ws_ros2/install/px4_msgs/include/px4_msgs/px4_msgs/msg/sensor_airflow.h\n'}
[1.481006] (px4_msgs) StdoutLine: {'line': b'-- Up-to-date: /home/stepan/ws_ros2/install/px4_msgs/include/px4_msgs/px4_msgs/msg/rate_ctrl_status.h\n'}
[1.481064] (px4_msgs) StdoutLine: {'line': b'-- Up-to-date: /home/stepan/ws_ros2/install/px4_msgs/include/px4_msgs/px4_msgs/msg/failsafe_flags.h\n'}
[1.481121] (px4_msgs) StdoutLine: {'line': b'-- Up-to-date: /home/stepan/ws_ros2/install/px4_msgs/include/px4_msgs/px4_msgs/msg/debug_key_value.h\n'}
[1.481178] (px4_msgs) StdoutLine: {'line': b'-- Up-to-date: /home/stepan/ws_ros2/install/px4_msgs/include/px4_msgs/px4_msgs/msg/led_control.h\n'}
[1.481235] (px4_msgs) StdoutLine: {'line': b'-- Up-to-date: /home/stepan/ws_ros2/install/px4_msgs/include/px4_msgs/px4_msgs/msg/gimbal_manager_status.h\n'}
[1.481350] (px4_msgs) StdoutLine: {'line': b'-- Up-to-date: /home/stepan/ws_ros2/install/px4_msgs/include/px4_msgs/px4_msgs/msg/gpio_request.h\n'}
[1.481449] (px4_msgs) StdoutLine: {'line': b'-- Up-to-date: /home/stepan/ws_ros2/install/px4_msgs/include/px4_msgs/px4_msgs/msg/transponder_report.h\n'}
[1.481510] (px4_msgs) StdoutLine: {'line': b'-- Up-to-date: /home/stepan/ws_ros2/install/px4_msgs/include/px4_msgs/px4_msgs/msg/detail\n'}
[1.481569] (px4_msgs) StdoutLine: {'line': b'-- Up-to-date: /home/stepan/ws_ros2/install/px4_msgs/include/px4_msgs/px4_msgs/msg/detail/sensor_correction__struct.h\n'}
[1.481627] (px4_msgs) StdoutLine: {'line': b'-- Up-to-date: /home/stepan/ws_ros2/install/px4_msgs/include/px4_msgs/px4_msgs/msg/detail/figure_eight_status__functions.h\n'}
[1.481685] (px4_msgs) StdoutLine: {'line': b'-- Up-to-date: /home/stepan/ws_ros2/install/px4_msgs/include/px4_msgs/px4_msgs/msg/detail/orb_test_medium__type_support.h\n'}
[1.481742] (px4_msgs) StdoutLine: {'line': b'-- Up-to-date: /home/stepan/ws_ros2/install/px4_msgs/include/px4_msgs/px4_msgs/msg/detail/rover_steering_setpoint__struct.h\n'}
[1.481799] (px4_msgs) StdoutLine: {'line': b'-- Up-to-date: /home/stepan/ws_ros2/install/px4_msgs/include/px4_msgs/px4_msgs/msg/detail/sensor_uwb__functions.c\n'}
[1.481856] (px4_msgs) StdoutLine: {'line': b'-- Up-to-date: /home/stepan/ws_ros2/install/px4_msgs/include/px4_msgs/px4_msgs/msg/detail/gimbal_manager_set_manual_control__type_support.h\n'}
[1.481914] (px4_msgs) StdoutLine: {'line': b'-- Up-to-date: /home/stepan/ws_ros2/install/px4_msgs/include/px4_msgs/px4_msgs/msg/detail/gpio_out__struct.h\n'}
[1.481971] (px4_msgs) StdoutLine: {'line': b'-- Up-to-date: /home/stepan/ws_ros2/install/px4_msgs/include/px4_msgs/px4_msgs/msg/detail/vehicle_imu__type_support.h\n'}
[1.482029] (px4_msgs) StdoutLine: {'line': b'-- Up-to-date: /home/stepan/ws_ros2/install/px4_msgs/include/px4_msgs/px4_msgs/msg/detail/follow_target__functions.c\n'}
[1.482086] (px4_msgs) StdoutLine: {'line': b'-- Up-to-date: /home/stepan/ws_ros2/install/px4_msgs/include/px4_msgs/px4_msgs/msg/detail/landing_gear_wheel__type_support.h\n'}
[1.482143] (px4_msgs) StdoutLine: {'line': b'-- Up-to-date: /home/stepan/ws_ros2/install/px4_msgs/include/px4_msgs/px4_msgs/msg/detail/vehicle_rates_setpoint__functions.c\n'}
[1.482200] (px4_msgs) StdoutLine: {'line': b'-- Up-to-date: /home/stepan/ws_ros2/install/px4_msgs/include/px4_msgs/px4_msgs/msg/detail/vehicle_command_ack__struct.h\n'}
[1.482257] (px4_msgs) StdoutLine: {'line': b'-- Up-to-date: /home/stepan/ws_ros2/install/px4_msgs/include/px4_msgs/px4_msgs/msg/detail/actuator_test__type_support.h\n'}
[1.482314] (px4_msgs) StdoutLine: {'line': b'-- Up-to-date: /home/stepan/ws_ros2/install/px4_msgs/include/px4_msgs/px4_msgs/msg/detail/yaw_estimator_status__functions.h\n'}
[1.482378] (px4_msgs) StdoutLine: {'line': b'-- Up-to-date: /home/stepan/ws_ros2/install/px4_msgs/include/px4_msgs/px4_msgs/msg/detail/debug_array__struct.h\n'}
[1.482458] (px4_msgs) StdoutLine: {'line': b'-- Up-to-date: /home/stepan/ws_ros2/install/px4_msgs/include/px4_msgs/px4_msgs/msg/detail/actuator_servos_trim__functions.c\n'}
[1.482654] (px4_msgs) StdoutLine: {'line': b'-- Up-to-date: /home/stepan/ws_ros2/install/px4_msgs/include/px4_msgs/px4_msgs/msg/detail/navigator_mission_item__struct.h\n'}
[1.482716] (px4_msgs) StdoutLine: {'line': b'-- Up-to-date: /home/stepan/ws_ros2/install/px4_msgs/include/px4_msgs/px4_msgs/msg/detail/position_setpoint_triplet__functions.h\n'}
[1.482774] (px4_msgs) StdoutLine: {'line': b'-- Up-to-date: /home/stepan/ws_ros2/install/px4_msgs/include/px4_msgs/px4_msgs/msg/detail/internal_combustion_engine_status__struct.h\n'}
[1.482831] (px4_msgs) StdoutLine: {'line': b'-- Up-to-date: /home/stepan/ws_ros2/install/px4_msgs/include/px4_msgs/px4_msgs/msg/detail/vehicle_attitude_setpoint__functions.h\n'}
[1.482889] (px4_msgs) StdoutLine: {'line': b'-- Up-to-date: /home/stepan/ws_ros2/install/px4_msgs/include/px4_msgs/px4_msgs/msg/detail/vehicle_attitude__functions.h\n'}
[1.482945] (px4_msgs) StdoutLine: {'line': b'-- Up-to-date: /home/stepan/ws_ros2/install/px4_msgs/include/px4_msgs/px4_msgs/msg/detail/rover_position_setpoint__functions.c\n'}
[1.483002] (px4_msgs) StdoutLine: {'line': b'-- Up-to-date: /home/stepan/ws_ros2/install/px4_msgs/include/px4_msgs/px4_msgs/msg/detail/estimator_aid_source1d__functions.h\n'}
[1.483059] (px4_msgs) StdoutLine: {'line': b'-- Up-to-date: /home/stepan/ws_ros2/install/px4_msgs/include/px4_msgs/px4_msgs/msg/detail/follow_target__functions.h\n'}
[1.483115] (px4_msgs) StdoutLine: {'line': b'-- Up-to-date: /home/stepan/ws_ros2/install/px4_msgs/include/px4_msgs/px4_msgs/msg/detail/rc_channels__type_support.h\n'}
[1.483172] (px4_msgs) StdoutLine: {'line': b'-- Up-to-date: /home/stepan/ws_ros2/install/px4_msgs/include/px4_msgs/px4_msgs/msg/detail/gpio_out__functions.h\n'}
[1.483228] (px4_msgs) StdoutLine: {'line': b'-- Up-to-date: /home/stepan/ws_ros2/install/px4_msgs/include/px4_msgs/px4_msgs/msg/detail/ulog_stream__type_support.h\n'}
[1.483285] (px4_msgs) StdoutLine: {'line': b'-- Up-to-date: /home/stepan/ws_ros2/install/px4_msgs/include/px4_msgs/px4_msgs/msg/detail/parameter_reset_request__type_support.h\n'}
[1.483342] (px4_msgs) StdoutLine: {'line': b'-- Up-to-date: /home/stepan/ws_ros2/install/px4_msgs/include/px4_msgs/px4_msgs/msg/detail/generator_status__struct.h\n'}
[1.483579] (px4_msgs) StdoutLine: {'line': b'-- Up-to-date: /home/stepan/ws_ros2/install/px4_msgs/include/px4_msgs/px4_msgs/msg/detail/estimator_selector_status__functions.c\n'}
[1.483719] (px4_msgs) StdoutLine: {'line': b'-- Up-to-date: /home/stepan/ws_ros2/install/px4_msgs/include/px4_msgs/px4_msgs/msg/detail/sensor_selection__functions.c\n'}
[1.483896] (px4_msgs) StdoutLine: {'line': b'-- Up-to-date: /home/stepan/ws_ros2/install/px4_msgs/include/px4_msgs/px4_msgs/msg/detail/normalized_unsigned_setpoint__functions.h\n'}
[1.484019] (px4_msgs) StdoutLine: {'line': b'-- Up-to-date: /home/stepan/ws_ros2/install/px4_msgs/include/px4_msgs/px4_msgs/msg/detail/rover_steering_setpoint__functions.h\n'}
[1.484134] (px4_msgs) StdoutLine: {'line': b'-- Up-to-date: /home/stepan/ws_ros2/install/px4_msgs/include/px4_msgs/px4_msgs/msg/detail/vehicle_odometry__type_support.h\n'}
[1.484239] (px4_msgs) StdoutLine: {'line': b'-- Up-to-date: /home/stepan/ws_ros2/install/px4_msgs/include/px4_msgs/px4_msgs/msg/detail/parameter_set_value_response__functions.h\n'}
[1.484307] (px4_msgs) StdoutLine: {'line': b'-- Up-to-date: /home/stepan/ws_ros2/install/px4_msgs/include/px4_msgs/px4_msgs/msg/detail/vehicle_angular_acceleration_setpoint__type_support.h\n'}
[1.484378] (px4_msgs) StdoutLine: {'line': b'-- Up-to-date: /home/stepan/ws_ros2/install/px4_msgs/include/px4_msgs/px4_msgs/msg/detail/actuator_test__functions.h\n'}
[1.484515] (px4_msgs) StdoutLine: {'line': b'-- Up-to-date: /home/stepan/ws_ros2/install/px4_msgs/include/px4_msgs/px4_msgs/msg/detail/landing_target_pose__type_support.h\n'}
[1.484578] (px4_msgs) StdoutLine: {'line': b'-- Up-to-date: /home/stepan/ws_ros2/install/px4_msgs/include/px4_msgs/px4_msgs/msg/detail/vehicle_angular_acceleration_setpoint__functions.h\n'}
[1.484639] (px4_msgs) StdoutLine: {'line': b'-- Up-to-date: /home/stepan/ws_ros2/install/px4_msgs/include/px4_msgs/px4_msgs/msg/detail/wheel_encoders__functions.c\n'}
[1.484744] (px4_msgs) StdoutLine: {'line': b'-- Up-to-date: /home/stepan/ws_ros2/install/px4_msgs/include/px4_msgs/px4_msgs/msg/detail/ekf2_timestamps__type_support.h\n'}
[1.484804] (px4_msgs) StdoutLine: {'line': b'-- Up-to-date: /home/stepan/ws_ros2/install/px4_msgs/include/px4_msgs/px4_msgs/msg/detail/takeoff_status__functions.c\n'}
[1.484874] (px4_msgs) StdoutLine: {'line': b'-- Up-to-date: /home/stepan/ws_ros2/install/px4_msgs/include/px4_msgs/px4_msgs/msg/detail/sensor_preflight_mag__functions.c\n'}
[1.484940] (px4_msgs) StdoutLine: {'line': b'-- Up-to-date: /home/stepan/ws_ros2/install/px4_msgs/include/px4_msgs/px4_msgs/msg/detail/sensor_accel__functions.c\n'}
[1.485005] (px4_msgs) StdoutLine: {'line': b'-- Up-to-date: /home/stepan/ws_ros2/install/px4_msgs/include/px4_msgs/px4_msgs/msg/detail/orb_test__functions.c\n'}
[1.485068] (px4_msgs) StdoutLine: {'line': b'-- Up-to-date: /home/stepan/ws_ros2/install/px4_msgs/include/px4_msgs/px4_msgs/msg/detail/sensor_gnss_relative__functions.h\n'}
[1.485179] (px4_msgs) StdoutLine: {'line': b'-- Up-to-date: /home/stepan/ws_ros2/install/px4_msgs/include/px4_msgs/px4_msgs/msg/detail/message_format_response__functions.h\n'}
[1.485241] (px4_msgs) StdoutLine: {'line': b'-- Up-to-date: /home/stepan/ws_ros2/install/px4_msgs/include/px4_msgs/px4_msgs/msg/detail/sensor_gps__functions.c\n'}
[1.485299] (px4_msgs) StdoutLine: {'line': b'-- Up-to-date: /home/stepan/ws_ros2/install/px4_msgs/include/px4_msgs/px4_msgs/msg/detail/failure_detector_status__type_support.h\n'}
[1.485356] (px4_msgs) StdoutLine: {'line': b'-- Up-to-date: /home/stepan/ws_ros2/install/px4_msgs/include/px4_msgs/px4_msgs/msg/detail/hover_thrust_estimate__struct.h\n'}
[1.485486] (px4_msgs) StdoutLine: {'line': b'-- Up-to-date: /home/stepan/ws_ros2/install/px4_msgs/include/px4_msgs/px4_msgs/msg/detail/orb_test__functions.h\n'}
[1.485546] (px4_msgs) StdoutLine: {'line': b'-- Up-to-date: /home/stepan/ws_ros2/install/px4_msgs/include/px4_msgs/px4_msgs/msg/detail/position_setpoint__functions.c\n'}
[1.485604] (px4_msgs) StdoutLine: {'line': b'-- Up-to-date: /home/stepan/ws_ros2/install/px4_msgs/include/px4_msgs/px4_msgs/msg/detail/sensor_accel_fifo__struct.h\n'}
[1.485662] (px4_msgs) StdoutLine: {'line': b'-- Up-to-date: /home/stepan/ws_ros2/install/px4_msgs/include/px4_msgs/px4_msgs/msg/detail/sensors_status_imu__type_support.h\n'}
[1.485720] (px4_msgs) StdoutLine: {'line': b'-- Up-to-date: /home/stepan/ws_ros2/install/px4_msgs/include/px4_msgs/px4_msgs/msg/detail/failsafe_flags__struct.h\n'}
[1.485777] (px4_msgs) StdoutLine: {'line': b'-- Up-to-date: /home/stepan/ws_ros2/install/px4_msgs/include/px4_msgs/px4_msgs/msg/detail/tune_control__struct.h\n'}
[1.485834] (px4_msgs) StdoutLine: {'line': b'-- Up-to-date: /home/stepan/ws_ros2/install/px4_msgs/include/px4_msgs/px4_msgs/msg/detail/rpm__type_support.h\n'}
[1.485891] (px4_msgs) StdoutLine: {'line': b'-- Up-to-date: /home/stepan/ws_ros2/install/px4_msgs/include/px4_msgs/px4_msgs/msg/detail/pps_capture__functions.h\n'}
[1.485948] (px4_msgs) StdoutLine: {'line': b'-- Up-to-date: /home/stepan/ws_ros2/install/px4_msgs/include/px4_msgs/px4_msgs/msg/detail/landing_target_innovations__struct.h\n'}
[1.486004] (px4_msgs) StdoutLine: {'line': b'-- Up-to-date: /home/stepan/ws_ros2/install/px4_msgs/include/px4_msgs/px4_msgs/msg/detail/normalized_unsigned_setpoint__type_support.h\n'}
[1.486061] (px4_msgs) StdoutLine: {'line': b'-- Up-to-date: /home/stepan/ws_ros2/install/px4_msgs/include/px4_msgs/px4_msgs/msg/detail/parameter_set_used_request__functions.h\n'}
[1.486118] (px4_msgs) StdoutLine: {'line': b'-- Up-to-date: /home/stepan/ws_ros2/install/px4_msgs/include/px4_msgs/px4_msgs/msg/detail/offboard_control_mode__functions.h\n'}
[1.486174] (px4_msgs) StdoutLine: {'line': b'-- Up-to-date: /home/stepan/ws_ros2/install/px4_msgs/include/px4_msgs/px4_msgs/msg/detail/actuator_servos_trim__struct.h\n'}
[1.486239] (px4_msgs) StdoutLine: {'line': b'-- Up-to-date: /home/stepan/ws_ros2/install/px4_msgs/include/px4_msgs/px4_msgs/msg/detail/esc_status__type_support.h\n'}
[1.486316] (px4_msgs) StdoutLine: {'line': b'-- Up-to-date: /home/stepan/ws_ros2/install/px4_msgs/include/px4_msgs/px4_msgs/msg/detail/transponder_report__struct.h\n'}
[1.486473] (px4_msgs) StdoutLine: {'line': b'-- Up-to-date: /home/stepan/ws_ros2/install/px4_msgs/include/px4_msgs/px4_msgs/msg/detail/actuator_motors__functions.h\n'}
[1.486567] (px4_msgs) StdoutLine: {'line': b'-- Up-to-date: /home/stepan/ws_ros2/install/px4_msgs/include/px4_msgs/px4_msgs/msg/detail/estimator_aid_source1d__functions.c\n'}
[1.486626] (px4_msgs) StdoutLine: {'line': b'-- Up-to-date: /home/stepan/ws_ros2/install/px4_msgs/include/px4_msgs/px4_msgs/msg/detail/dataman_request__struct.h\n'}
[1.486688] (px4_msgs) StdoutLine: {'line': b'-- Up-to-date: /home/stepan/ws_ros2/install/px4_msgs/include/px4_msgs/px4_msgs/msg/detail/wind__type_support.h\n'}
[1.486746] (px4_msgs) StdoutLine: {'line': b'-- Up-to-date: /home/stepan/ws_ros2/install/px4_msgs/include/px4_msgs/px4_msgs/msg/detail/estimator_status_flags__struct.h\n'}
[1.486805] (px4_msgs) StdoutLine: {'line': b'-- Up-to-date: /home/stepan/ws_ros2/install/px4_msgs/include/px4_msgs/px4_msgs/msg/detail/vehicle_constraints__functions.h\n'}
[1.486863] (px4_msgs) StdoutLine: {'line': b'-- Up-to-date: /home/stepan/ws_ros2/install/px4_msgs/include/px4_msgs/px4_msgs/msg/detail/sensor_correction__type_support.h\n'}
[1.486921] (px4_msgs) StdoutLine: {'line': b'-- Up-to-date: /home/stepan/ws_ros2/install/px4_msgs/include/px4_msgs/px4_msgs/msg/detail/rc_parameter_map__functions.c\n'}
[1.486979] (px4_msgs) StdoutLine: {'line': b'-- Up-to-date: /home/stepan/ws_ros2/install/px4_msgs/include/px4_msgs/px4_msgs/msg/detail/timesync_status__functions.h\n'}
[1.487037] (px4_msgs) StdoutLine: {'line': b'-- Up-to-date: /home/stepan/ws_ros2/install/px4_msgs/include/px4_msgs/px4_msgs/msg/detail/sensor_gyro__struct.h\n'}
[1.487094] (px4_msgs) StdoutLine: {'line': b'-- Up-to-date: /home/stepan/ws_ros2/install/px4_msgs/include/px4_msgs/px4_msgs/msg/detail/ping__functions.h\n'}
[1.487152] (px4_msgs) StdoutLine: {'line': b'-- Up-to-date: /home/stepan/ws_ros2/install/px4_msgs/include/px4_msgs/px4_msgs/msg/detail/telemetry_status__functions.c\n'}
[1.487209] (px4_msgs) StdoutLine: {'line': b'-- Up-to-date: /home/stepan/ws_ros2/install/px4_msgs/include/px4_msgs/px4_msgs/msg/detail/rover_rate_setpoint__functions.c\n'}
[1.487279] (px4_msgs) StdoutLine: {'line': b'-- Up-to-date: /home/stepan/ws_ros2/install/px4_msgs/include/px4_msgs/px4_msgs/msg/detail/vehicle_land_detected__struct.h\n'}
[1.487339] (px4_msgs) StdoutLine: {'line': b'-- Up-to-date: /home/stepan/ws_ros2/install/px4_msgs/include/px4_msgs/px4_msgs/msg/detail/gps_dump__functions.c\n'}
[1.487611] (px4_msgs) StdoutLine: {'line': b'-- Up-to-date: /home/stepan/ws_ros2/install/px4_msgs/include/px4_msgs/px4_msgs/msg/detail/landing_gear_wheel__struct.h\n'}
[1.487676] (px4_msgs) StdoutLine: {'line': b'-- Up-to-date: /home/stepan/ws_ros2/install/px4_msgs/include/px4_msgs/px4_msgs/msg/detail/navigator_mission_item__functions.c\n'}
[1.487731] (px4_msgs) StdoutLine: {'line': b'-- Up-to-date: /home/stepan/ws_ros2/install/px4_msgs/include/px4_msgs/px4_msgs/msg/detail/rtl_time_estimate__functions.c\n'}
[1.487787] (px4_msgs) StdoutLine: {'line': b'-- Up-to-date: /home/stepan/ws_ros2/install/px4_msgs/include/px4_msgs/px4_msgs/msg/detail/config_overrides__functions.c\n'}
[1.487848] (px4_msgs) StdoutLine: {'line': b'-- Up-to-date: /home/stepan/ws_ros2/install/px4_msgs/include/px4_msgs/px4_msgs/msg/detail/landing_target_pose__struct.h\n'}
[1.487940] (px4_msgs) StdoutLine: {'line': b'-- Up-to-date: /home/stepan/ws_ros2/install/px4_msgs/include/px4_msgs/px4_msgs/msg/detail/rover_steering_setpoint__type_support.h\n'}
[1.488016] (px4_msgs) StdoutLine: {'line': b'-- Up-to-date: /home/stepan/ws_ros2/install/px4_msgs/include/px4_msgs/px4_msgs/msg/detail/parameter_reset_request__struct.h\n'}
[1.488101] (px4_msgs) StdoutLine: {'line': b'-- Up-to-date: /home/stepan/ws_ros2/install/px4_msgs/include/px4_msgs/px4_msgs/msg/detail/follow_target_status__functions.c\n'}
[1.488212] (px4_msgs) StdoutLine: {'line': b'-- Up-to-date: /home/stepan/ws_ros2/install/px4_msgs/include/px4_msgs/px4_msgs/msg/detail/estimator_innovations__struct.h\n'}
[1.488272] (px4_msgs) StdoutLine: {'line': b'-- Up-to-date: /home/stepan/ws_ros2/install/px4_msgs/include/px4_msgs/px4_msgs/msg/detail/follow_target_estimator__functions.h\n'}
[1.488330] (px4_msgs) StdoutLine: {'line': b'-- Up-to-date: /home/stepan/ws_ros2/install/px4_msgs/include/px4_msgs/px4_msgs/msg/detail/vehicle_global_position__type_support.h\n'}
[1.488408] (px4_msgs) StdoutLine: {'line': b'-- Up-to-date: /home/stepan/ws_ros2/install/px4_msgs/include/px4_msgs/px4_msgs/msg/detail/task_stack_info__type_support.h\n'}
[1.488469] (px4_msgs) StdoutLine: {'line': b'-- Up-to-date: /home/stepan/ws_ros2/install/px4_msgs/include/px4_msgs/px4_msgs/msg/detail/action_request__struct.h\n'}
[1.488528] (px4_msgs) StdoutLine: {'line': b'-- Up-to-date: /home/stepan/ws_ros2/install/px4_msgs/include/px4_msgs/px4_msgs/msg/detail/arming_check_request__functions.h\n'}
[1.488585] (px4_msgs) StdoutLine: {'line': b'-- Up-to-date: /home/stepan/ws_ros2/install/px4_msgs/include/px4_msgs/px4_msgs/msg/detail/gps_inject_data__type_support.h\n'}
[1.488642] (px4_msgs) StdoutLine: {'line': b'-- Up-to-date: /home/stepan/ws_ros2/install/px4_msgs/include/px4_msgs/px4_msgs/msg/detail/control_allocator_status__functions.c\n'}
[1.488699] (px4_msgs) StdoutLine: {'line': b'-- Up-to-date: /home/stepan/ws_ros2/install/px4_msgs/include/px4_msgs/px4_msgs/msg/detail/navigator_status__functions.h\n'}
[1.488756] (px4_msgs) StdoutLine: {'line': b'-- Up-to-date: /home/stepan/ws_ros2/install/px4_msgs/include/px4_msgs/px4_msgs/msg/detail/launch_detection_status__type_support.h\n'}
[1.488938] (px4_msgs) StdoutLine: {'line': b'-- Up-to-date: /home/stepan/ws_ros2/install/px4_msgs/include/px4_msgs/px4_msgs/msg/detail/distance_sensor__functions.h\n'}
[1.488998] (px4_msgs) StdoutLine: {'line': b'-- Up-to-date: /home/stepan/ws_ros2/install/px4_msgs/include/px4_msgs/px4_msgs/msg/detail/estimator_gps_status__functions.h\n'}
[1.489056] (px4_msgs) StdoutLine: {'line': b'-- Up-to-date: /home/stepan/ws_ros2/install/px4_msgs/include/px4_msgs/px4_msgs/msg/detail/orb_test_medium__struct.h\n'}
[1.489113] (px4_msgs) StdoutLine: {'line': b'-- Up-to-date: /home/stepan/ws_ros2/install/px4_msgs/include/px4_msgs/px4_msgs/msg/detail/vehicle_imu__functions.h\n'}
[1.489171] (px4_msgs) StdoutLine: {'line': b'-- Up-to-date: /home/stepan/ws_ros2/install/px4_msgs/include/px4_msgs/px4_msgs/msg/detail/mavlink_tunnel__struct.h\n'}
[1.489227] (px4_msgs) StdoutLine: {'line': b'-- Up-to-date: /home/stepan/ws_ros2/install/px4_msgs/include/px4_msgs/px4_msgs/msg/detail/vtol_vehicle_status__type_support.h\n'}
[1.489284] (px4_msgs) StdoutLine: {'line': b'-- Up-to-date: /home/stepan/ws_ros2/install/px4_msgs/include/px4_msgs/px4_msgs/msg/detail/parameter_set_value_response__functions.c\n'}
[1.489342] (px4_msgs) StdoutLine: {'line': b'-- Up-to-date: /home/stepan/ws_ros2/install/px4_msgs/include/px4_msgs/px4_msgs/msg/detail/parameter_reset_request__functions.c\n'}
[1.489425] (px4_msgs) StdoutLine: {'line': b'-- Up-to-date: /home/stepan/ws_ros2/install/px4_msgs/include/px4_msgs/px4_msgs/msg/detail/estimator_status__functions.c\n'}
[1.489486] (px4_msgs) StdoutLine: {'line': b'-- Up-to-date: /home/stepan/ws_ros2/install/px4_msgs/include/px4_msgs/px4_msgs/msg/detail/qshell_req__struct.h\n'}
[1.489544] (px4_msgs) StdoutLine: {'line': b'-- Up-to-date: /home/stepan/ws_ros2/install/px4_msgs/include/px4_msgs/px4_msgs/msg/detail/timesync_status__type_support.h\n'}
[1.489681] (px4_msgs) StdoutLine: {'line': b'-- Up-to-date: /home/stepan/ws_ros2/install/px4_msgs/include/px4_msgs/px4_msgs/msg/detail/distance_sensor_mode_change_request__type_support.h\n'}
[1.489744] (px4_msgs) StdoutLine: {'line': b'-- Up-to-date: /home/stepan/ws_ros2/install/px4_msgs/include/px4_msgs/px4_msgs/msg/detail/event__type_support.h\n'}
[1.489802] (px4_msgs) StdoutLine: {'line': b'-- Up-to-date: /home/stepan/ws_ros2/install/px4_msgs/include/px4_msgs/px4_msgs/msg/detail/geofence_status__functions.c\n'}
[1.489889] (px4_msgs) StdoutLine: {'line': b'-- Up-to-date: /home/stepan/ws_ros2/install/px4_msgs/include/px4_msgs/px4_msgs/msg/detail/npfg_status__type_support.h\n'}
[1.489948] (px4_msgs) StdoutLine: {'line': b'-- Up-to-date: /home/stepan/ws_ros2/install/px4_msgs/include/px4_msgs/px4_msgs/msg/detail/obstacle_distance__struct.h\n'}
[1.490006] (px4_msgs) StdoutLine: {'line': b'-- Up-to-date: /home/stepan/ws_ros2/install/px4_msgs/include/px4_msgs/px4_msgs/msg/detail/estimator_gps_status__type_support.h\n'}
[1.490064] (px4_msgs) StdoutLine: {'line': b'-- Up-to-date: /home/stepan/ws_ros2/install/px4_msgs/include/px4_msgs/px4_msgs/msg/detail/gpio_request__struct.h\n'}
[1.490122] (px4_msgs) StdoutLine: {'line': b'-- Up-to-date: /home/stepan/ws_ros2/install/px4_msgs/include/px4_msgs/px4_msgs/msg/detail/camera_status__struct.h\n'}
[1.490179] (px4_msgs) StdoutLine: {'line': b'-- Up-to-date: /home/stepan/ws_ros2/install/px4_msgs/include/px4_msgs/px4_msgs/msg/detail/gps_inject_data__struct.h\n'}
[1.490236] (px4_msgs) StdoutLine: {'line': b'-- Up-to-date: /home/stepan/ws_ros2/install/px4_msgs/include/px4_msgs/px4_msgs/msg/detail/register_ext_component_request__functions.c\n'}
[1.490292] (px4_msgs) StdoutLine: {'line': b'-- Up-to-date: /home/stepan/ws_ros2/install/px4_msgs/include/px4_msgs/px4_msgs/msg/detail/timesync_status__struct.h\n'}
[1.490349] (px4_msgs) StdoutLine: {'line': b'-- Up-to-date: /home/stepan/ws_ros2/install/px4_msgs/include/px4_msgs/px4_msgs/msg/detail/actuator_armed__functions.h\n'}
[1.490436] (px4_msgs) StdoutLine: {'line': b'-- Up-to-date: /home/stepan/ws_ros2/install/px4_msgs/include/px4_msgs/px4_msgs/msg/detail/trajectory_setpoint__functions.c\n'}
[1.490560] (px4_msgs) StdoutLine: {'line': b'-- Up-to-date: /home/stepan/ws_ros2/install/px4_msgs/include/px4_msgs/px4_msgs/msg/detail/unregister_ext_component__struct.h\n'}
[1.490619] (px4_msgs) StdoutLine: {'line': b'-- Up-to-date: /home/stepan/ws_ros2/install/px4_msgs/include/px4_msgs/px4_msgs/msg/detail/open_drone_id_self_id__functions.c\n'}
[1.490677] (px4_msgs) StdoutLine: {'line': b'-- Up-to-date: /home/stepan/ws_ros2/install/px4_msgs/include/px4_msgs/px4_msgs/msg/detail/vehicle_command__type_support.h\n'}
[1.490735] (px4_msgs) StdoutLine: {'line': b'-- Up-to-date: /home/stepan/ws_ros2/install/px4_msgs/include/px4_msgs/px4_msgs/msg/detail/battery_status__functions.h\n'}
[1.490791] (px4_msgs) StdoutLine: {'line': b'-- Up-to-date: /home/stepan/ws_ros2/install/px4_msgs/include/px4_msgs/px4_msgs/msg/detail/vehicle_rates_setpoint__functions.h\n'}
[1.490857] (px4_msgs) StdoutLine: {'line': b'-- Up-to-date: /home/stepan/ws_ros2/install/px4_msgs/include/px4_msgs/px4_msgs/msg/detail/sensors_status__struct.h\n'}
[1.490921] (px4_msgs) StdoutLine: {'line': b'-- Up-to-date: /home/stepan/ws_ros2/install/px4_msgs/include/px4_msgs/px4_msgs/msg/detail/goto_setpoint__struct.h\n'}
[1.490985] (px4_msgs) StdoutLine: {'line': b'-- Up-to-date: /home/stepan/ws_ros2/install/px4_msgs/include/px4_msgs/px4_msgs/msg/detail/position_setpoint__struct.h\n'}
[1.491049] (px4_msgs) StdoutLine: {'line': b'-- Up-to-date: /home/stepan/ws_ros2/install/px4_msgs/include/px4_msgs/px4_msgs/msg/detail/rover_rate_status__struct.h\n'}
[1.491112] (px4_msgs) StdoutLine: {'line': b'-- Up-to-date: /home/stepan/ws_ros2/install/px4_msgs/include/px4_msgs/px4_msgs/msg/detail/sensor_gnss_relative__functions.c\n'}
[1.491274] (px4_msgs) StdoutLine: {'line': b'-- Up-to-date: /home/stepan/ws_ros2/install/px4_msgs/include/px4_msgs/px4_msgs/msg/detail/led_control__struct.h\n'}
[1.491335] (px4_msgs) StdoutLine: {'line': b'-- Up-to-date: /home/stepan/ws_ros2/install/px4_msgs/include/px4_msgs/px4_msgs/msg/detail/cellular_status__functions.h\n'}
[1.491517] (px4_msgs) StdoutLine: {'line': b'-- Up-to-date: /home/stepan/ws_ros2/install/px4_msgs/include/px4_msgs/px4_msgs/msg/detail/uavcan_parameter_value__functions.c\n'}
[1.491599] (px4_msgs) StdoutLine: {'line': b'-- Up-to-date: /home/stepan/ws_ros2/install/px4_msgs/include/px4_msgs/px4_msgs/msg/detail/fuel_tank_status__functions.h\n'}
[1.491748] (px4_msgs) StdoutLine: {'line': b'-- Up-to-date: /home/stepan/ws_ros2/install/px4_msgs/include/px4_msgs/px4_msgs/msg/detail/mission__functions.h\n'}
[1.491848] (px4_msgs) StdoutLine: {'line': b'-- Up-to-date: /home/stepan/ws_ros2/install/px4_msgs/include/px4_msgs/px4_msgs/msg/detail/magnetometer_bias_estimate__struct.h\n'}
[1.491941] (px4_msgs) StdoutLine: {'line': b'-- Up-to-date: /home/stepan/ws_ros2/install/px4_msgs/include/px4_msgs/px4_msgs/msg/detail/sensor_accel__struct.h\n'}
[1.492032] (px4_msgs) StdoutLine: {'line': b'-- Up-to-date: /home/stepan/ws_ros2/install/px4_msgs/include/px4_msgs/px4_msgs/msg/detail/position_controller_status__functions.h\n'}
[1.492275] (px4_msgs) StdoutLine: {'line': b'-- Up-to-date: /home/stepan/ws_ros2/install/px4_msgs/include/px4_msgs/px4_msgs/msg/detail/sensor_uwb__type_support.h\n'}
[1.492425] (px4_msgs) StdoutLine: {'line': b'-- Up-to-date: /home/stepan/ws_ros2/install/px4_msgs/include/px4_msgs/px4_msgs/msg/detail/goto_setpoint__functions.h\n'}
[1.492583] (px4_msgs) StdoutLine: {'line': b'-- Up-to-date: /home/stepan/ws_ros2/install/px4_msgs/include/px4_msgs/px4_msgs/msg/detail/gimbal_manager_set_manual_control__struct.h\n'}
[1.492691] (px4_msgs) StdoutLine: {'line': b'-- Up-to-date: /home/stepan/ws_ros2/install/px4_msgs/include/px4_msgs/px4_msgs/msg/detail/actuator_servos_trim__type_support.h\n'}
[1.492834] (px4_msgs) StdoutLine: {'line': b'-- Up-to-date: /home/stepan/ws_ros2/install/px4_msgs/include/px4_msgs/px4_msgs/msg/detail/sensor_mag__functions.c\n'}
[1.492938] (px4_msgs) StdoutLine: {'line': b'-- Up-to-date: /home/stepan/ws_ros2/install/px4_msgs/include/px4_msgs/px4_msgs/msg/detail/power_monitor__struct.h\n'}
[1.493040] (px4_msgs) StdoutLine: {'line': b'-- Up-to-date: /home/stepan/ws_ros2/install/px4_msgs/include/px4_msgs/px4_msgs/msg/detail/open_drone_id_arm_status__struct.h\n'}
[1.493140] (px4_msgs) StdoutLine: {'line': b'-- Up-to-date: /home/stepan/ws_ros2/install/px4_msgs/include/px4_msgs/px4_msgs/msg/detail/estimator_bias__struct.h\n'}
[1.493227] (px4_msgs) StdoutLine: {'line': b'-- Up-to-date: /home/stepan/ws_ros2/install/px4_msgs/include/px4_msgs/px4_msgs/msg/detail/landing_target_innovations__type_support.h\n'}
[1.493302] (px4_msgs) StdoutLine: {'line': b'-- Up-to-date: /home/stepan/ws_ros2/install/px4_msgs/include/px4_msgs/px4_msgs/msg/detail/yaw_estimator_status__functions.c\n'}
[1.493472] (px4_msgs) StdoutLine: {'line': b'-- Up-to-date: /home/stepan/ws_ros2/install/px4_msgs/include/px4_msgs/px4_msgs/msg/detail/gpio_config__struct.h\n'}
[1.493611] (px4_msgs) StdoutLine: {'line': b'-- Up-to-date: /home/stepan/ws_ros2/install/px4_msgs/include/px4_msgs/px4_msgs/msg/detail/vehicle_local_position__functions.c\n'}
[1.493717] (px4_msgs) StdoutLine: {'line': b'-- Up-to-date: /home/stepan/ws_ros2/install/px4_msgs/include/px4_msgs/px4_msgs/msg/detail/hover_thrust_estimate__type_support.h\n'}
[1.493820] (px4_msgs) StdoutLine: {'line': b'-- Up-to-date: /home/stepan/ws_ros2/install/px4_msgs/include/px4_msgs/px4_msgs/msg/detail/airspeed_wind__struct.h\n'}
[1.493920] (px4_msgs) StdoutLine: {'line': b'-- Up-to-date: /home/stepan/ws_ros2/install/px4_msgs/include/px4_msgs/px4_msgs/msg/detail/mag_worker_data__type_support.h\n'}
[1.494019] (px4_msgs) StdoutLine: {'line': b'-- Up-to-date: /home/stepan/ws_ros2/install/px4_msgs/include/px4_msgs/px4_msgs/msg/detail/cellular_status__functions.c\n'}
[1.494119] (px4_msgs) StdoutLine: {'line': b'-- Up-to-date: /home/stepan/ws_ros2/install/px4_msgs/include/px4_msgs/px4_msgs/msg/detail/actuator_test__functions.c\n'}
[1.494220] (px4_msgs) StdoutLine: {'line': b'-- Up-to-date: /home/stepan/ws_ros2/install/px4_msgs/include/px4_msgs/px4_msgs/msg/detail/sensor_selection__struct.h\n'}
[1.494285] (px4_msgs) StdoutLine: {'line': b'-- Up-to-date: /home/stepan/ws_ros2/install/px4_msgs/include/px4_msgs/px4_msgs/msg/detail/gimbal_manager_status__type_support.h\n'}
[1.494379] (px4_msgs) StdoutLine: {'line': b'-- Up-to-date: /home/stepan/ws_ros2/install/px4_msgs/include/px4_msgs/px4_msgs/msg/detail/esc_status__functions.h\n'}
[1.494574] (px4_msgs) StdoutLine: {'line': b'-- Up-to-date: /home/stepan/ws_ros2/install/px4_msgs/include/px4_msgs/px4_msgs/msg/detail/uavcan_parameter_request__struct.h\n'}
[1.494679] (px4_msgs) StdoutLine: {'line': b'-- Up-to-date: /home/stepan/ws_ros2/install/px4_msgs/include/px4_msgs/px4_msgs/msg/detail/mavlink_log__struct.h\n'}
[1.494780] (px4_msgs) StdoutLine: {'line': b'-- Up-to-date: /home/stepan/ws_ros2/install/px4_msgs/include/px4_msgs/px4_msgs/msg/detail/vehicle_control_mode__struct.h\n'}
[1.494885] (px4_msgs) StdoutLine: {'line': b'-- Up-to-date: /home/stepan/ws_ros2/install/px4_msgs/include/px4_msgs/px4_msgs/msg/detail/button_event__functions.h\n'}
[1.494988] (px4_msgs) StdoutLine: {'line': b'-- Up-to-date: /home/stepan/ws_ros2/install/px4_msgs/include/px4_msgs/px4_msgs/msg/detail/button_event__type_support.h\n'}
[1.495088] (px4_msgs) StdoutLine: {'line': b'-- Up-to-date: /home/stepan/ws_ros2/install/px4_msgs/include/px4_msgs/px4_msgs/msg/detail/rover_position_setpoint__type_support.h\n'}
[1.495260] (px4_msgs) StdoutLine: {'line': b'-- Up-to-date: /home/stepan/ws_ros2/install/px4_msgs/include/px4_msgs/px4_msgs/msg/detail/esc_status__struct.h\n'}
[1.495346] (px4_msgs) StdoutLine: {'line': b'-- Up-to-date: /home/stepan/ws_ros2/install/px4_msgs/include/px4_msgs/px4_msgs/msg/detail/vehicle_imu__struct.h\n'}
[1.495482] (px4_msgs) StdoutLine: {'line': b'-- Up-to-date: /home/stepan/ws_ros2/install/px4_msgs/include/px4_msgs/px4_msgs/msg/detail/onboard_computer_status__type_support.h\n'}
[1.495593] (px4_msgs) StdoutLine: {'line': b'-- Up-to-date: /home/stepan/ws_ros2/install/px4_msgs/include/px4_msgs/px4_msgs/msg/detail/parameter_set_value_request__type_support.h\n'}
[1.495695] (px4_msgs) StdoutLine: {'line': b'-- Up-to-date: /home/stepan/ws_ros2/install/px4_msgs/include/px4_msgs/px4_msgs/msg/detail/collision_constraints__struct.h\n'}
[1.495796] (px4_msgs) StdoutLine: {'line': b'-- Up-to-date: /home/stepan/ws_ros2/install/px4_msgs/include/px4_msgs/px4_msgs/msg/detail/estimator_states__struct.h\n'}
[1.495904] (px4_msgs) StdoutLine: {'line': b'-- Up-to-date: /home/stepan/ws_ros2/install/px4_msgs/include/px4_msgs/px4_msgs/msg/detail/wheel_encoders__struct.h\n'}
[1.496052] (px4_msgs) StdoutLine: {'line': b'-- Up-to-date: /home/stepan/ws_ros2/install/px4_msgs/include/px4_msgs/px4_msgs/msg/detail/estimator_aid_source2d__struct.h\n'}
[1.496163] (px4_msgs) StdoutLine: {'line': b'-- Up-to-date: /home/stepan/ws_ros2/install/px4_msgs/include/px4_msgs/px4_msgs/msg/detail/differential_pressure__functions.h\n'}
[1.496271] (px4_msgs) StdoutLine: {'line': b'-- Up-to-date: /home/stepan/ws_ros2/install/px4_msgs/include/px4_msgs/px4_msgs/msg/detail/gimbal_manager_set_attitude__type_support.h\n'}
[1.496380] (px4_msgs) StdoutLine: {'line': b'-- Up-to-date: /home/stepan/ws_ros2/install/px4_msgs/include/px4_msgs/px4_msgs/msg/detail/gimbal_controls__functions.h\n'}
[1.496621] (px4_msgs) StdoutLine: {'line': b'-- Up-to-date: /home/stepan/ws_ros2/install/px4_msgs/include/px4_msgs/px4_msgs/msg/detail/logger_status__functions.h\n'}
[1.496700] (px4_msgs) StdoutLine: {'line': b'-- Up-to-date: /home/stepan/ws_ros2/install/px4_msgs/include/px4_msgs/px4_msgs/msg/detail/gimbal_manager_information__type_support.h\n'}
[1.496774] (px4_msgs) StdoutLine: {'line': b'-- Up-to-date: /home/stepan/ws_ros2/install/px4_msgs/include/px4_msgs/px4_msgs/msg/detail/mavlink_tunnel__functions.c\n'}
[1.496873] (px4_msgs) StdoutLine: {'line': b'-- Up-to-date: /home/stepan/ws_ros2/install/px4_msgs/include/px4_msgs/px4_msgs/msg/detail/wind__functions.h\n'}
[1.497004] (px4_msgs) StdoutLine: {'line': b'-- Up-to-date: /home/stepan/ws_ros2/install/px4_msgs/include/px4_msgs/px4_msgs/msg/detail/failsafe_flags__functions.c\n'}
[1.497106] (px4_msgs) StdoutLine: {'line': b'-- Up-to-date: /home/stepan/ws_ros2/install/px4_msgs/include/px4_msgs/px4_msgs/msg/detail/gimbal_device_set_attitude__struct.h\n'}
[1.497243] (px4_msgs) StdoutLine: {'line': b'-- Up-to-date: /home/stepan/ws_ros2/install/px4_msgs/include/px4_msgs/px4_msgs/msg/detail/message_format_response__struct.h\n'}
[1.497377] (px4_msgs) StdoutLine: {'line': b'-- Up-to-date: /home/stepan/ws_ros2/install/px4_msgs/include/px4_msgs/px4_msgs/msg/detail/radio_status__functions.c\n'}
[1.497549] (px4_msgs) StdoutLine: {'line': b'-- Up-to-date: /home/stepan/ws_ros2/install/px4_msgs/include/px4_msgs/px4_msgs/msg/detail/landing_target_innovations__functions.c\n'}
[1.497655] (px4_msgs) StdoutLine: {'line': b'-- Up-to-date: /home/stepan/ws_ros2/install/px4_msgs/include/px4_msgs/px4_msgs/msg/detail/ekf2_timestamps__functions.h\n'}
[1.497758] (px4_msgs) StdoutLine: {'line': b'-- Up-to-date: /home/stepan/ws_ros2/install/px4_msgs/include/px4_msgs/px4_msgs/msg/detail/parameter_update__functions.c\n'}
[1.497860] (px4_msgs) StdoutLine: {'line': b'-- Up-to-date: /home/stepan/ws_ros2/install/px4_msgs/include/px4_msgs/px4_msgs/msg/detail/message_format_request__functions.h\n'}
[1.497961] (px4_msgs) StdoutLine: {'line': b'-- Up-to-date: /home/stepan/ws_ros2/install/px4_msgs/include/px4_msgs/px4_msgs/msg/detail/trajectory_setpoint__struct.h\n'}
[1.498067] (px4_msgs) StdoutLine: {'line': b'-- Up-to-date: /home/stepan/ws_ros2/install/px4_msgs/include/px4_msgs/px4_msgs/msg/detail/rover_attitude_setpoint__type_support.h\n'}
[1.498168] (px4_msgs) StdoutLine: {'line': b'-- Up-to-date: /home/stepan/ws_ros2/install/px4_msgs/include/px4_msgs/px4_msgs/msg/detail/dataman_response__type_support.h\n'}
[1.498268] (px4_msgs) StdoutLine: {'line': b'-- Up-to-date: /home/stepan/ws_ros2/install/px4_msgs/include/px4_msgs/px4_msgs/msg/detail/debug_key_value__functions.h\n'}
[1.498373] (px4_msgs) StdoutLine: {'line': b'-- Up-to-date: /home/stepan/ws_ros2/install/px4_msgs/include/px4_msgs/px4_msgs/msg/detail/qshell_req__functions.h\n'}
[1.498601] (px4_msgs) StdoutLine: {'line': b'-- Up-to-date: /home/stepan/ws_ros2/install/px4_msgs/include/px4_msgs/px4_msgs/msg/detail/follow_target_status__type_support.h\n'}
[1.498705] (px4_msgs) StdoutLine: {'line': b'-- Up-to-date: /home/stepan/ws_ros2/install/px4_msgs/include/px4_msgs/px4_msgs/msg/detail/collision_constraints__functions.h\n'}
[1.498770] (px4_msgs) StdoutLine: {'line': b'-- Up-to-date: /home/stepan/ws_ros2/install/px4_msgs/include/px4_msgs/px4_msgs/msg/detail/esc_report__struct.h\n'}
[1.498915] (px4_msgs) StdoutLine: {'line': b'-- Up-to-date: /home/stepan/ws_ros2/install/px4_msgs/include/px4_msgs/px4_msgs/msg/detail/position_controller_status__struct.h\n'}
[1.499016] (px4_msgs) StdoutLine: {'line': b'-- Up-to-date: /home/stepan/ws_ros2/install/px4_msgs/include/px4_msgs/px4_msgs/msg/detail/vehicle_control_mode__type_support.h\n'}
[1.499117] (px4_msgs) StdoutLine: {'line': b'-- Up-to-date: /home/stepan/ws_ros2/install/px4_msgs/include/px4_msgs/px4_msgs/msg/detail/offboard_control_mode__functions.c\n'}
[1.499287] (px4_msgs) StdoutLine: {'line': b'-- Up-to-date: /home/stepan/ws_ros2/install/px4_msgs/include/px4_msgs/px4_msgs/msg/detail/tiltrotor_extra_controls__struct.h\n'}
[1.499430] (px4_msgs) StdoutLine: {'line': b'-- Up-to-date: /home/stepan/ws_ros2/install/px4_msgs/include/px4_msgs/px4_msgs/msg/detail/position_setpoint_triplet__type_support.h\n'}
[1.499584] (px4_msgs) StdoutLine: {'line': b'-- Up-to-date: /home/stepan/ws_ros2/install/px4_msgs/include/px4_msgs/px4_msgs/msg/detail/gimbal_device_attitude_status__struct.h\n'}
[1.499692] (px4_msgs) StdoutLine: {'line': b'-- Up-to-date: /home/stepan/ws_ros2/install/px4_msgs/include/px4_msgs/px4_msgs/msg/detail/gimbal_device_set_attitude__functions.c\n'}
[1.499946] (px4_msgs) StdoutLine: {'line': b'-- Up-to-date: /home/stepan/ws_ros2/install/px4_msgs/include/px4_msgs/px4_msgs/msg/detail/airspeed_wind__type_support.h\n'}
[1.500082] (px4_msgs) StdoutLine: {'line': b'-- Up-to-date: /home/stepan/ws_ros2/install/px4_msgs/include/px4_msgs/px4_msgs/msg/detail/ulog_stream_ack__functions.h\n'}
[1.500186] (px4_msgs) StdoutLine: {'line': b'-- Up-to-date: /home/stepan/ws_ros2/install/px4_msgs/include/px4_msgs/px4_msgs/msg/detail/sensor_uwb__struct.h\n'}
[1.500261] (px4_msgs) StdoutLine: {'line': b'-- Up-to-date: /home/stepan/ws_ros2/install/px4_msgs/include/px4_msgs/px4_msgs/msg/detail/power_monitor__type_support.h\n'}
[1.500324] (px4_msgs) StdoutLine: {'line': b'-- Up-to-date: /home/stepan/ws_ros2/install/px4_msgs/include/px4_msgs/px4_msgs/msg/detail/estimator_selector_status__type_support.h\n'}
[1.500476] (px4_msgs) StdoutLine: {'line': b'-- Up-to-date: /home/stepan/ws_ros2/install/px4_msgs/include/px4_msgs/px4_msgs/msg/detail/vehicle_constraints__type_support.h\n'}
[1.500702] (px4_msgs) StdoutLine: {'line': b'-- Up-to-date: /home/stepan/ws_ros2/install/px4_msgs/include/px4_msgs/px4_msgs/msg/detail/airspeed__functions.h\n'}
[1.500808] (px4_msgs) StdoutLine: {'line': b'-- Up-to-date: /home/stepan/ws_ros2/install/px4_msgs/include/px4_msgs/px4_msgs/msg/detail/normalized_unsigned_setpoint__struct.h\n'}
[1.500908] (px4_msgs) StdoutLine: {'line': b'-- Up-to-date: /home/stepan/ws_ros2/install/px4_msgs/include/px4_msgs/px4_msgs/msg/detail/rover_attitude_status__type_support.h\n'}
[1.500984] (px4_msgs) StdoutLine: {'line': b'-- Up-to-date: /home/stepan/ws_ros2/install/px4_msgs/include/px4_msgs/px4_msgs/msg/detail/irlock_report__struct.h\n'}
[1.501073] (px4_msgs) StdoutLine: {'line': b'-- Up-to-date: /home/stepan/ws_ros2/install/px4_msgs/include/px4_msgs/px4_msgs/msg/detail/rover_velocity_status__struct.h\n'}
[1.501173] (px4_msgs) StdoutLine: {'line': b'-- Up-to-date: /home/stepan/ws_ros2/install/px4_msgs/include/px4_msgs/px4_msgs/msg/detail/mission_result__functions.h\n'}
[1.501271] (px4_msgs) StdoutLine: {'line': b'-- Up-to-date: /home/stepan/ws_ros2/install/px4_msgs/include/px4_msgs/px4_msgs/msg/detail/flight_phase_estimation__type_support.h\n'}
[1.501377] (px4_msgs) StdoutLine: {'line': b'-- Up-to-date: /home/stepan/ws_ros2/install/px4_msgs/include/px4_msgs/px4_msgs/msg/detail/estimator_bias3d__functions.h\n'}
[1.501590] (px4_msgs) StdoutLine: {'line': b'-- Up-to-date: /home/stepan/ws_ros2/install/px4_msgs/include/px4_msgs/px4_msgs/msg/detail/sensor_gnss_relative__struct.h\n'}
[1.501690] (px4_msgs) StdoutLine: {'line': b'-- Up-to-date: /home/stepan/ws_ros2/install/px4_msgs/include/px4_msgs/px4_msgs/msg/detail/adc_report__struct.h\n'}
[1.501845] (px4_msgs) StdoutLine: {'line': b'-- Up-to-date: /home/stepan/ws_ros2/install/px4_msgs/include/px4_msgs/px4_msgs/msg/detail/debug_key_value__functions.c\n'}
[1.501946] (px4_msgs) StdoutLine: {'line': b'-- Up-to-date: /home/stepan/ws_ros2/install/px4_msgs/include/px4_msgs/px4_msgs/msg/detail/px4io_status__functions.c\n'}
[1.502045] (px4_msgs) StdoutLine: {'line': b'-- Up-to-date: /home/stepan/ws_ros2/install/px4_msgs/include/px4_msgs/px4_msgs/msg/detail/estimator_event_flags__functions.c\n'}
[1.502145] (px4_msgs) StdoutLine: {'line': b'-- Up-to-date: /home/stepan/ws_ros2/install/px4_msgs/include/px4_msgs/px4_msgs/msg/detail/mag_worker_data__functions.c\n'}
[1.502244] (px4_msgs) StdoutLine: {'line': b'-- Up-to-date: /home/stepan/ws_ros2/install/px4_msgs/include/px4_msgs/px4_msgs/msg/detail/estimator_innovations__functions.h\n'}
[1.502342] (px4_msgs) StdoutLine: {'line': b'-- Up-to-date: /home/stepan/ws_ros2/install/px4_msgs/include/px4_msgs/px4_msgs/msg/detail/vehicle_acceleration__functions.h\n'}
[1.502528] (px4_msgs) StdoutLine: {'line': b'-- Up-to-date: /home/stepan/ws_ros2/install/px4_msgs/include/px4_msgs/px4_msgs/msg/detail/dataman_response__functions.c\n'}
[1.502592] (px4_msgs) StdoutLine: {'line': b'-- Up-to-date: /home/stepan/ws_ros2/install/px4_msgs/include/px4_msgs/px4_msgs/msg/detail/transponder_report__type_support.h\n'}
[1.502689] (px4_msgs) StdoutLine: {'line': b'-- Up-to-date: /home/stepan/ws_ros2/install/px4_msgs/include/px4_msgs/px4_msgs/msg/detail/hover_thrust_estimate__functions.h\n'}
[1.502784] (-) TimerEvent: {}
[1.502954] (px4_msgs) StdoutLine: {'line': b'-- Up-to-date: /home/stepan/ws_ros2/install/px4_msgs/include/px4_msgs/px4_msgs/msg/detail/vehicle_global_position__struct.h\n'}
[1.503067] (px4_msgs) StdoutLine: {'line': b'-- Up-to-date: /home/stepan/ws_ros2/install/px4_msgs/include/px4_msgs/px4_msgs/msg/detail/gimbal_controls__struct.h\n'}
[1.503168] (px4_msgs) StdoutLine: {'line': b'-- Up-to-date: /home/stepan/ws_ros2/install/px4_msgs/include/px4_msgs/px4_msgs/msg/detail/estimator_states__type_support.h\n'}
[1.503345] (px4_msgs) StdoutLine: {'line': b'-- Up-to-date: /home/stepan/ws_ros2/install/px4_msgs/include/px4_msgs/px4_msgs/msg/detail/logger_status__functions.c\n'}
[1.503551] (px4_msgs) StdoutLine: {'line': b'-- Up-to-date: /home/stepan/ws_ros2/install/px4_msgs/include/px4_msgs/px4_msgs/msg/detail/actuator_motors__functions.c\n'}
[1.503676] (px4_msgs) StdoutLine: {'line': b'-- Up-to-date: /home/stepan/ws_ros2/install/px4_msgs/include/px4_msgs/px4_msgs/msg/detail/vehicle_thrust_setpoint__functions.h\n'}
[1.503808] (px4_msgs) StdoutLine: {'line': b'-- Up-to-date: /home/stepan/ws_ros2/install/px4_msgs/include/px4_msgs/px4_msgs/msg/detail/airspeed_wind__functions.c\n'}
[1.503921] (px4_msgs) StdoutLine: {'line': b'-- Up-to-date: /home/stepan/ws_ros2/install/px4_msgs/include/px4_msgs/px4_msgs/msg/detail/vehicle_attitude_setpoint__functions.c\n'}
[1.504023] (px4_msgs) StdoutLine: {'line': b'-- Up-to-date: /home/stepan/ws_ros2/install/px4_msgs/include/px4_msgs/px4_msgs/msg/detail/arming_check_reply__struct.h\n'}
[1.504128] (px4_msgs) StdoutLine: {'line': b'-- Up-to-date: /home/stepan/ws_ros2/install/px4_msgs/include/px4_msgs/px4_msgs/msg/detail/parameter_set_value_request__functions.h\n'}
[1.504230] (px4_msgs) StdoutLine: {'line': b'-- Up-to-date: /home/stepan/ws_ros2/install/px4_msgs/include/px4_msgs/px4_msgs/msg/detail/vehicle_angular_acceleration_setpoint__struct.h\n'}
[1.504330] (px4_msgs) StdoutLine: {'line': b'-- Up-to-date: /home/stepan/ws_ros2/install/px4_msgs/include/px4_msgs/px4_msgs/msg/detail/vehicle_roi__functions.c\n'}
[1.504527] (px4_msgs) StdoutLine: {'line': b'-- Up-to-date: /home/stepan/ws_ros2/install/px4_msgs/include/px4_msgs/px4_msgs/msg/detail/rc_parameter_map__type_support.h\n'}
[1.504646] (px4_msgs) StdoutLine: {'line': b'-- Up-to-date: /home/stepan/ws_ros2/install/px4_msgs/include/px4_msgs/px4_msgs/msg/detail/mavlink_log__functions.h\n'}
[1.504746] (px4_msgs) StdoutLine: {'line': b'-- Up-to-date: /home/stepan/ws_ros2/install/px4_msgs/include/px4_msgs/px4_msgs/msg/detail/vehicle_optical_flow__struct.h\n'}
[1.504846] (px4_msgs) StdoutLine: {'line': b'-- Up-to-date: /home/stepan/ws_ros2/install/px4_msgs/include/px4_msgs/px4_msgs/msg/detail/distance_sensor__functions.c\n'}
[1.504945] (px4_msgs) StdoutLine: {'line': b'-- Up-to-date: /home/stepan/ws_ros2/install/px4_msgs/include/px4_msgs/px4_msgs/msg/detail/rc_channels__functions.h\n'}
[1.505042] (px4_msgs) StdoutLine: {'line': b'-- Up-to-date: /home/stepan/ws_ros2/install/px4_msgs/include/px4_msgs/px4_msgs/msg/detail/arming_check_reply__functions.h\n'}
[1.505139] (px4_msgs) StdoutLine: {'line': b'-- Up-to-date: /home/stepan/ws_ros2/install/px4_msgs/include/px4_msgs/px4_msgs/msg/detail/dataman_request__functions.c\n'}
[1.505238] (px4_msgs) StdoutLine: {'line': b'-- Up-to-date: /home/stepan/ws_ros2/install/px4_msgs/include/px4_msgs/px4_msgs/msg/detail/unregister_ext_component__functions.c\n'}
[1.505447] (px4_msgs) StdoutLine: {'line': b'-- Up-to-date: /home/stepan/ws_ros2/install/px4_msgs/include/px4_msgs/px4_msgs/msg/detail/parameter_update__functions.h\n'}
[1.505582] (px4_msgs) StdoutLine: {'line': b'-- Up-to-date: /home/stepan/ws_ros2/install/px4_msgs/include/px4_msgs/px4_msgs/msg/detail/estimator_sensor_bias__type_support.h\n'}
[1.505684] (px4_msgs) StdoutLine: {'line': b'-- Up-to-date: /home/stepan/ws_ros2/install/px4_msgs/include/px4_msgs/px4_msgs/msg/detail/sensor_gyro__type_support.h\n'}
[1.505785] (px4_msgs) StdoutLine: {'line': b'-- Up-to-date: /home/stepan/ws_ros2/install/px4_msgs/include/px4_msgs/px4_msgs/msg/detail/px4io_status__functions.h\n'}
[1.505883] (px4_msgs) StdoutLine: {'line': b'-- Up-to-date: /home/stepan/ws_ros2/install/px4_msgs/include/px4_msgs/px4_msgs/msg/detail/event__struct.h\n'}
[1.505980] (px4_msgs) StdoutLine: {'line': b'-- Up-to-date: /home/stepan/ws_ros2/install/px4_msgs/include/px4_msgs/px4_msgs/msg/detail/rover_velocity_status__functions.h\n'}
[1.506077] (px4_msgs) StdoutLine: {'line': b'-- Up-to-date: /home/stepan/ws_ros2/install/px4_msgs/include/px4_msgs/px4_msgs/msg/detail/ulog_stream_ack__struct.h\n'}
[1.506184] (px4_msgs) StdoutLine: {'line': b'-- Up-to-date: /home/stepan/ws_ros2/install/px4_msgs/include/px4_msgs/px4_msgs/msg/detail/action_request__type_support.h\n'}
[1.506282] (px4_msgs) StdoutLine: {'line': b'-- Up-to-date: /home/stepan/ws_ros2/install/px4_msgs/include/px4_msgs/px4_msgs/msg/detail/vehicle_command__functions.c\n'}
[1.506385] (px4_msgs) StdoutLine: {'line': b'-- Up-to-date: /home/stepan/ws_ros2/install/px4_msgs/include/px4_msgs/px4_msgs/msg/detail/vtol_vehicle_status__functions.c\n'}
[1.506605] (px4_msgs) StdoutLine: {'line': b'-- Up-to-date: /home/stepan/ws_ros2/install/px4_msgs/include/px4_msgs/px4_msgs/msg/detail/vehicle_rates_setpoint__struct.h\n'}
[1.506707] (px4_msgs) StdoutLine: {'line': b'-- Up-to-date: /home/stepan/ws_ros2/install/px4_msgs/include/px4_msgs/px4_msgs/msg/detail/vehicle_acceleration__functions.c\n'}
[1.506856] (px4_msgs) StdoutLine: {'line': b'-- Up-to-date: /home/stepan/ws_ros2/install/px4_msgs/include/px4_msgs/px4_msgs/msg/detail/sensors_status_imu__struct.h\n'}
[1.506957] (px4_msgs) StdoutLine: {'line': b'-- Up-to-date: /home/stepan/ws_ros2/install/px4_msgs/include/px4_msgs/px4_msgs/msg/detail/autotune_attitude_control_status__type_support.h\n'}
[1.507057] (px4_msgs) StdoutLine: {'line': b'-- Up-to-date: /home/stepan/ws_ros2/install/px4_msgs/include/px4_msgs/px4_msgs/msg/detail/flight_phase_estimation__struct.h\n'}
[1.507157] (px4_msgs) StdoutLine: {'line': b'-- Up-to-date: /home/stepan/ws_ros2/install/px4_msgs/include/px4_msgs/px4_msgs/msg/detail/adc_report__functions.c\n'}
[1.507256] (px4_msgs) StdoutLine: {'line': b'-- Up-to-date: /home/stepan/ws_ros2/install/px4_msgs/include/px4_msgs/px4_msgs/msg/detail/uavcan_parameter_value__struct.h\n'}
[1.507441] (px4_msgs) StdoutLine: {'line': b'-- Up-to-date: /home/stepan/ws_ros2/install/px4_msgs/include/px4_msgs/px4_msgs/msg/detail/sensor_gyro_fft__type_support.h\n'}
[1.507636] (px4_msgs) StdoutLine: {'line': b'-- Up-to-date: /home/stepan/ws_ros2/install/px4_msgs/include/px4_msgs/px4_msgs/msg/detail/sensor_preflight_mag__functions.h\n'}
[1.507741] (px4_msgs) StdoutLine: {'line': b'-- Up-to-date: /home/stepan/ws_ros2/install/px4_msgs/include/px4_msgs/px4_msgs/msg/detail/gpio_request__functions.c\n'}
[1.507847] (px4_msgs) StdoutLine: {'line': b'-- Up-to-date: /home/stepan/ws_ros2/install/px4_msgs/include/px4_msgs/px4_msgs/msg/detail/power_button_state__struct.h\n'}
[1.507951] (px4_msgs) StdoutLine: {'line': b'-- Up-to-date: /home/stepan/ws_ros2/install/px4_msgs/include/px4_msgs/px4_msgs/msg/detail/ackermann_velocity_setpoint__functions.h\n'}
[1.508050] (px4_msgs) StdoutLine: {'line': b'-- Up-to-date: /home/stepan/ws_ros2/install/px4_msgs/include/px4_msgs/px4_msgs/msg/detail/rate_ctrl_status__functions.h\n'}
[1.508138] (px4_msgs) StdoutLine: {'line': b'-- Up-to-date: /home/stepan/ws_ros2/install/px4_msgs/include/px4_msgs/px4_msgs/msg/detail/button_event__functions.c\n'}
[1.508218] (px4_msgs) StdoutLine: {'line': b'-- Up-to-date: /home/stepan/ws_ros2/install/px4_msgs/include/px4_msgs/px4_msgs/msg/detail/esc_report__functions.c\n'}
[1.508305] (px4_msgs) StdoutLine: {'line': b'-- Up-to-date: /home/stepan/ws_ros2/install/px4_msgs/include/px4_msgs/px4_msgs/msg/detail/differential_pressure__struct.h\n'}
[1.508463] (px4_msgs) StdoutLine: {'line': b'-- Up-to-date: /home/stepan/ws_ros2/install/px4_msgs/include/px4_msgs/px4_msgs/msg/detail/geofence_result__type_support.h\n'}
[1.508594] (px4_msgs) StdoutLine: {'line': b'-- Up-to-date: /home/stepan/ws_ros2/install/px4_msgs/include/px4_msgs/px4_msgs/msg/detail/parameter_set_value_response__struct.h\n'}
[1.508694] (px4_msgs) StdoutLine: {'line': b'-- Up-to-date: /home/stepan/ws_ros2/install/px4_msgs/include/px4_msgs/px4_msgs/msg/detail/debug_value__struct.h\n'}
[1.508869] (px4_msgs) StdoutLine: {'line': b'-- Up-to-date: /home/stepan/ws_ros2/install/px4_msgs/include/px4_msgs/px4_msgs/msg/detail/event__functions.c\n'}
[1.508990] (px4_msgs) StdoutLine: {'line': b'-- Up-to-date: /home/stepan/ws_ros2/install/px4_msgs/include/px4_msgs/px4_msgs/msg/detail/sensor_gps__type_support.h\n'}
[1.509101] (px4_msgs) StdoutLine: {'line': b'-- Up-to-date: /home/stepan/ws_ros2/install/px4_msgs/include/px4_msgs/px4_msgs/msg/detail/esc_status__functions.c\n'}
[1.509204] (px4_msgs) StdoutLine: {'line': b'-- Up-to-date: /home/stepan/ws_ros2/install/px4_msgs/include/px4_msgs/px4_msgs/msg/detail/sensor_selection__type_support.h\n'}
[1.509303] (px4_msgs) StdoutLine: {'line': b'-- Up-to-date: /home/stepan/ws_ros2/install/px4_msgs/include/px4_msgs/px4_msgs/msg/detail/radio_status__functions.h\n'}
[1.509451] (px4_msgs) StdoutLine: {'line': b'-- Up-to-date: /home/stepan/ws_ros2/install/px4_msgs/include/px4_msgs/px4_msgs/msg/detail/cpuload__functions.c\n'}
[1.509569] (px4_msgs) StdoutLine: {'line': b'-- Up-to-date: /home/stepan/ws_ros2/install/px4_msgs/include/px4_msgs/px4_msgs/msg/detail/actuator_armed__functions.c\n'}
[1.509661] (px4_msgs) StdoutLine: {'line': b'-- Up-to-date: /home/stepan/ws_ros2/install/px4_msgs/include/px4_msgs/px4_msgs/msg/detail/gimbal_device_information__functions.h\n'}
[1.509751] (px4_msgs) StdoutLine: {'line': b'-- Up-to-date: /home/stepan/ws_ros2/install/px4_msgs/include/px4_msgs/px4_msgs/msg/detail/rpm__functions.h\n'}
[1.509846] (px4_msgs) StdoutLine: {'line': b'-- Up-to-date: /home/stepan/ws_ros2/install/px4_msgs/include/px4_msgs/px4_msgs/msg/detail/launch_detection_status__struct.h\n'}
[1.509945] (px4_msgs) StdoutLine: {'line': b'-- Up-to-date: /home/stepan/ws_ros2/install/px4_msgs/include/px4_msgs/px4_msgs/msg/detail/qshell_retval__functions.c\n'}
[1.510044] (px4_msgs) StdoutLine: {'line': b'-- Up-to-date: /home/stepan/ws_ros2/install/px4_msgs/include/px4_msgs/px4_msgs/msg/detail/distance_sensor__type_support.h\n'}
[1.510143] (px4_msgs) StdoutLine: {'line': b'-- Up-to-date: /home/stepan/ws_ros2/install/px4_msgs/include/px4_msgs/px4_msgs/msg/detail/sensor_accel_fifo__type_support.h\n'}
[1.510243] (px4_msgs) StdoutLine: {'line': b'-- Up-to-date: /home/stepan/ws_ros2/install/px4_msgs/include/px4_msgs/px4_msgs/msg/detail/battery_status__functions.c\n'}
[1.510471] (px4_msgs) StdoutLine: {'line': b'-- Up-to-date: /home/stepan/ws_ros2/install/px4_msgs/include/px4_msgs/px4_msgs/msg/detail/adc_report__type_support.h\n'}
[1.510615] (px4_msgs) StdoutLine: {'line': b'-- Up-to-date: /home/stepan/ws_ros2/install/px4_msgs/include/px4_msgs/px4_msgs/msg/detail/rtl_status__functions.h\n'}
[1.510718] (px4_msgs) StdoutLine: {'line': b'-- Up-to-date: /home/stepan/ws_ros2/install/px4_msgs/include/px4_msgs/px4_msgs/msg/detail/rover_rate_setpoint__functions.h\n'}
[1.510820] (px4_msgs) StdoutLine: {'line': b'-- Up-to-date: /home/stepan/ws_ros2/install/px4_msgs/include/px4_msgs/px4_msgs/msg/detail/vehicle_odometry__functions.h\n'}
[1.510920] (px4_msgs) StdoutLine: {'line': b'-- Up-to-date: /home/stepan/ws_ros2/install/px4_msgs/include/px4_msgs/px4_msgs/msg/detail/sensors_status__functions.c\n'}
[1.511020] (px4_msgs) StdoutLine: {'line': b'-- Up-to-date: /home/stepan/ws_ros2/install/px4_msgs/include/px4_msgs/px4_msgs/msg/detail/position_controller_landing_status__struct.h\n'}
[1.511181] (px4_msgs) StdoutLine: {'line': b'-- Up-to-date: /home/stepan/ws_ros2/install/px4_msgs/include/px4_msgs/px4_msgs/msg/detail/rover_attitude_status__functions.c\n'}
[1.511290] (px4_msgs) StdoutLine: {'line': b'-- Up-to-date: /home/stepan/ws_ros2/install/px4_msgs/include/px4_msgs/px4_msgs/msg/detail/estimator_event_flags__functions.h\n'}
[1.511442] (px4_msgs) StdoutLine: {'line': b'-- Up-to-date: /home/stepan/ws_ros2/install/px4_msgs/include/px4_msgs/px4_msgs/msg/detail/rtl_time_estimate__type_support.h\n'}
[1.511601] (px4_msgs) StdoutLine: {'line': b'-- Up-to-date: /home/stepan/ws_ros2/install/px4_msgs/include/px4_msgs/px4_msgs/msg/detail/camera_trigger__functions.h\n'}
[1.511705] (px4_msgs) StdoutLine: {'line': b'-- Up-to-date: /home/stepan/ws_ros2/install/px4_msgs/include/px4_msgs/px4_msgs/msg/detail/open_drone_id_system__type_support.h\n'}
[1.511807] (px4_msgs) StdoutLine: {'line': b'-- Up-to-date: /home/stepan/ws_ros2/install/px4_msgs/include/px4_msgs/px4_msgs/msg/detail/rover_throttle_setpoint__type_support.h\n'}
[1.512016] (px4_msgs) StdoutLine: {'line': b'-- Up-to-date: /home/stepan/ws_ros2/install/px4_msgs/include/px4_msgs/px4_msgs/msg/detail/vehicle_control_mode__functions.h\n'}
[1.512131] (px4_msgs) StdoutLine: {'line': b'-- Up-to-date: /home/stepan/ws_ros2/install/px4_msgs/include/px4_msgs/px4_msgs/msg/detail/message_format_request__functions.c\n'}
[1.512233] (px4_msgs) StdoutLine: {'line': b'-- Up-to-date: /home/stepan/ws_ros2/install/px4_msgs/include/px4_msgs/px4_msgs/msg/detail/event__functions.h\n'}
[1.512724] (px4_msgs) StdoutLine: {'line': b'-- Up-to-date: /home/stepan/ws_ros2/install/px4_msgs/include/px4_msgs/px4_msgs/msg/detail/sensor_mag__type_support.h\n'}
[1.513050] (px4_msgs) StdoutLine: {'line': b'-- Up-to-date: /home/stepan/ws_ros2/install/px4_msgs/include/px4_msgs/px4_msgs/msg/detail/mission__type_support.h\n'}
[1.513162] (px4_msgs) StdoutLine: {'line': b'-- Up-to-date: /home/stepan/ws_ros2/install/px4_msgs/include/px4_msgs/px4_msgs/msg/detail/actuator_controls_status__functions.c\n'}
[1.513266] (px4_msgs) StdoutLine: {'line': b'-- Up-to-date: /home/stepan/ws_ros2/install/px4_msgs/include/px4_msgs/px4_msgs/msg/detail/register_ext_component_reply__functions.h\n'}
[1.513375] (px4_msgs) StdoutLine: {'line': b'-- Up-to-date: /home/stepan/ws_ros2/install/px4_msgs/include/px4_msgs/px4_msgs/msg/detail/vehicle_air_data__type_support.h\n'}
[1.513563] (px4_msgs) StdoutLine: {'line': b'-- Up-to-date: /home/stepan/ws_ros2/install/px4_msgs/include/px4_msgs/px4_msgs/msg/detail/manual_control_setpoint__type_support.h\n'}
[1.513667] (px4_msgs) StdoutLine: {'line': b'-- Up-to-date: /home/stepan/ws_ros2/install/px4_msgs/include/px4_msgs/px4_msgs/msg/detail/orb_test_large__type_support.h\n'}
[1.513767] (px4_msgs) StdoutLine: {'line': b'-- Up-to-date: /home/stepan/ws_ros2/install/px4_msgs/include/px4_msgs/px4_msgs/msg/detail/home_position__type_support.h\n'}
[1.513918] (px4_msgs) StdoutLine: {'line': b'-- Up-to-date: /home/stepan/ws_ros2/install/px4_msgs/include/px4_msgs/px4_msgs/msg/detail/mission__struct.h\n'}
[1.514025] (px4_msgs) StdoutLine: {'line': b'-- Up-to-date: /home/stepan/ws_ros2/install/px4_msgs/include/px4_msgs/px4_msgs/msg/detail/estimator_sensor_bias__functions.c\n'}
[1.514125] (px4_msgs) StdoutLine: {'line': b'-- Up-to-date: /home/stepan/ws_ros2/install/px4_msgs/include/px4_msgs/px4_msgs/msg/detail/vehicle_local_position__functions.h\n'}
[1.514225] (px4_msgs) StdoutLine: {'line': b'-- Up-to-date: /home/stepan/ws_ros2/install/px4_msgs/include/px4_msgs/px4_msgs/msg/detail/power_monitor__functions.c\n'}
[1.514324] (px4_msgs) StdoutLine: {'line': b'-- Up-to-date: /home/stepan/ws_ros2/install/px4_msgs/include/px4_msgs/px4_msgs/msg/detail/estimator_bias3d__struct.h\n'}
[1.514530] (px4_msgs) StdoutLine: {'line': b'-- Up-to-date: /home/stepan/ws_ros2/install/px4_msgs/include/px4_msgs/px4_msgs/msg/detail/airspeed_validated__functions.h\n'}
[1.514647] (px4_msgs) StdoutLine: {'line': b'-- Up-to-date: /home/stepan/ws_ros2/install/px4_msgs/include/px4_msgs/px4_msgs/msg/detail/can_interface_status__functions.h\n'}
[1.514747] (px4_msgs) StdoutLine: {'line': b'-- Up-to-date: /home/stepan/ws_ros2/install/px4_msgs/include/px4_msgs/px4_msgs/msg/detail/trajectory_setpoint__functions.h\n'}
[1.514848] (px4_msgs) StdoutLine: {'line': b'-- Up-to-date: /home/stepan/ws_ros2/install/px4_msgs/include/px4_msgs/px4_msgs/msg/detail/gimbal_device_attitude_status__type_support.h\n'}
[1.514948] (px4_msgs) StdoutLine: {'line': b'-- Up-to-date: /home/stepan/ws_ros2/install/px4_msgs/include/px4_msgs/px4_msgs/msg/detail/mount_orientation__struct.h\n'}
[1.515047] (px4_msgs) StdoutLine: {'line': b'-- Up-to-date: /home/stepan/ws_ros2/install/px4_msgs/include/px4_msgs/px4_msgs/msg/detail/parameter_set_value_request__struct.h\n'}
[1.515145] (px4_msgs) StdoutLine: {'line': b'-- Up-to-date: /home/stepan/ws_ros2/install/px4_msgs/include/px4_msgs/px4_msgs/msg/detail/actuator_outputs__type_support.h\n'}
[1.515245] (px4_msgs) StdoutLine: {'line': b'-- Up-to-date: /home/stepan/ws_ros2/install/px4_msgs/include/px4_msgs/px4_msgs/msg/detail/vehicle_imu_status__functions.h\n'}
[1.515353] (px4_msgs) StdoutLine: {'line': b'-- Up-to-date: /home/stepan/ws_ros2/install/px4_msgs/include/px4_msgs/px4_msgs/msg/detail/sensor_preflight_mag__type_support.h\n'}
[1.515575] (px4_msgs) StdoutLine: {'line': b'-- Up-to-date: /home/stepan/ws_ros2/install/px4_msgs/include/px4_msgs/px4_msgs/msg/detail/rover_attitude_setpoint__struct.h\n'}
[1.515680] (px4_msgs) StdoutLine: {'line': b'-- Up-to-date: /home/stepan/ws_ros2/install/px4_msgs/include/px4_msgs/px4_msgs/msg/detail/sensor_accel__type_support.h\n'}
[1.515839] (px4_msgs) StdoutLine: {'line': b'-- Up-to-date: /home/stepan/ws_ros2/install/px4_msgs/include/px4_msgs/px4_msgs/msg/detail/vehicle_optical_flow__type_support.h\n'}
[1.515945] (px4_msgs) StdoutLine: {'line': b'-- Up-to-date: /home/stepan/ws_ros2/install/px4_msgs/include/px4_msgs/px4_msgs/msg/detail/open_drone_id_arm_status__functions.c\n'}
[1.516050] (px4_msgs) StdoutLine: {'line': b'-- Up-to-date: /home/stepan/ws_ros2/install/px4_msgs/include/px4_msgs/px4_msgs/msg/detail/rover_throttle_setpoint__struct.h\n'}
[1.516191] (px4_msgs) StdoutLine: {'line': b'-- Up-to-date: /home/stepan/ws_ros2/install/px4_msgs/include/px4_msgs/px4_msgs/msg/detail/estimator_aid_source2d__type_support.h\n'}
[1.516447] (px4_msgs) StdoutLine: {'line': b'-- Up-to-date: /home/stepan/ws_ros2/install/px4_msgs/include/px4_msgs/px4_msgs/msg/detail/actuator_servos__type_support.h\n'}
[1.516574] (px4_msgs) StdoutLine: {'line': b'-- Up-to-date: /home/stepan/ws_ros2/install/px4_msgs/include/px4_msgs/px4_msgs/msg/detail/vehicle_constraints__functions.c\n'}
[1.516642] (px4_msgs) StdoutLine: {'line': b'-- Up-to-date: /home/stepan/ws_ros2/install/px4_msgs/include/px4_msgs/px4_msgs/msg/detail/input_rc__functions.h\n'}
[1.516704] (px4_msgs) StdoutLine: {'line': b'-- Up-to-date: /home/stepan/ws_ros2/install/px4_msgs/include/px4_msgs/px4_msgs/msg/detail/vehicle_angular_velocity__struct.h\n'}
[1.516764] (px4_msgs) StdoutLine: {'line': b'-- Up-to-date: /home/stepan/ws_ros2/install/px4_msgs/include/px4_msgs/px4_msgs/msg/detail/internal_combustion_engine_status__functions.h\n'}
[1.516828] (px4_msgs) StdoutLine: {'line': b'-- Up-to-date: /home/stepan/ws_ros2/install/px4_msgs/include/px4_msgs/px4_msgs/msg/detail/position_setpoint_triplet__functions.c\n'}
[1.516887] (px4_msgs) StdoutLine: {'line': b'-- Up-to-date: /home/stepan/ws_ros2/install/px4_msgs/include/px4_msgs/px4_msgs/msg/detail/velocity_limits__type_support.h\n'}
[1.516944] (px4_msgs) StdoutLine: {'line': b'-- Up-to-date: /home/stepan/ws_ros2/install/px4_msgs/include/px4_msgs/px4_msgs/msg/detail/home_position__functions.c\n'}
[1.517001] (px4_msgs) StdoutLine: {'line': b'-- Up-to-date: /home/stepan/ws_ros2/install/px4_msgs/include/px4_msgs/px4_msgs/msg/detail/navigator_mission_item__type_support.h\n'}
[1.517058] (px4_msgs) StdoutLine: {'line': b'-- Up-to-date: /home/stepan/ws_ros2/install/px4_msgs/include/px4_msgs/px4_msgs/msg/detail/mission_result__struct.h\n'}
[1.517114] (px4_msgs) StdoutLine: {'line': b'-- Up-to-date: /home/stepan/ws_ros2/install/px4_msgs/include/px4_msgs/px4_msgs/msg/detail/open_drone_id_operator_id__type_support.h\n'}
[1.517182] (px4_msgs) StdoutLine: {'line': b'-- Up-to-date: /home/stepan/ws_ros2/install/px4_msgs/include/px4_msgs/px4_msgs/msg/detail/sensor_gyro_fft__functions.c\n'}
[1.517246] (px4_msgs) StdoutLine: {'line': b'-- Up-to-date: /home/stepan/ws_ros2/install/px4_msgs/include/px4_msgs/px4_msgs/msg/detail/mode_completed__functions.h\n'}
[1.517327] (px4_msgs) StdoutLine: {'line': b'-- Up-to-date: /home/stepan/ws_ros2/install/px4_msgs/include/px4_msgs/px4_msgs/msg/detail/mag_worker_data__struct.h\n'}
[1.517402] (px4_msgs) StdoutLine: {'line': b'-- Up-to-date: /home/stepan/ws_ros2/install/px4_msgs/include/px4_msgs/px4_msgs/msg/detail/estimator_innovations__type_support.h\n'}
[1.517464] (px4_msgs) StdoutLine: {'line': b'-- Up-to-date: /home/stepan/ws_ros2/install/px4_msgs/include/px4_msgs/px4_msgs/msg/detail/estimator_gps_status__struct.h\n'}
[1.517521] (px4_msgs) StdoutLine: {'line': b'-- Up-to-date: /home/stepan/ws_ros2/install/px4_msgs/include/px4_msgs/px4_msgs/msg/detail/offboard_control_mode__type_support.h\n'}
[1.517599] (px4_msgs) StdoutLine: {'line': b'-- Up-to-date: /home/stepan/ws_ros2/install/px4_msgs/include/px4_msgs/px4_msgs/msg/detail/register_ext_component_request__functions.h\n'}
[1.517656] (px4_msgs) StdoutLine: {'line': b'-- Up-to-date: /home/stepan/ws_ros2/install/px4_msgs/include/px4_msgs/px4_msgs/msg/detail/sensor_combined__struct.h\n'}
[1.517713] (px4_msgs) StdoutLine: {'line': b'-- Up-to-date: /home/stepan/ws_ros2/install/px4_msgs/include/px4_msgs/px4_msgs/msg/detail/distance_sensor_mode_change_request__functions.c\n'}
[1.517770] (px4_msgs) StdoutLine: {'line': b'-- Up-to-date: /home/stepan/ws_ros2/install/px4_msgs/include/px4_msgs/px4_msgs/msg/detail/estimator_aid_source3d__functions.c\n'}
[1.517827] (px4_msgs) StdoutLine: {'line': b'-- Up-to-date: /home/stepan/ws_ros2/install/px4_msgs/include/px4_msgs/px4_msgs/msg/detail/rover_rate_setpoint__struct.h\n'}
[1.517885] (px4_msgs) StdoutLine: {'line': b'-- Up-to-date: /home/stepan/ws_ros2/install/px4_msgs/include/px4_msgs/px4_msgs/msg/detail/camera_capture__struct.h\n'}
[1.517941] (px4_msgs) StdoutLine: {'line': b'-- Up-to-date: /home/stepan/ws_ros2/install/px4_msgs/include/px4_msgs/px4_msgs/msg/detail/sensor_baro__functions.c\n'}
[1.517997] (px4_msgs) StdoutLine: {'line': b'-- Up-to-date: /home/stepan/ws_ros2/install/px4_msgs/include/px4_msgs/px4_msgs/msg/detail/mavlink_log__type_support.h\n'}
[1.518132] (px4_msgs) StdoutLine: {'line': b'-- Up-to-date: /home/stepan/ws_ros2/install/px4_msgs/include/px4_msgs/px4_msgs/msg/detail/register_ext_component_reply__type_support.h\n'}
[1.518194] (px4_msgs) StdoutLine: {'line': b'-- Up-to-date: /home/stepan/ws_ros2/install/px4_msgs/include/px4_msgs/px4_msgs/msg/detail/gripper__struct.h\n'}
[1.518252] (px4_msgs) StdoutLine: {'line': b'-- Up-to-date: /home/stepan/ws_ros2/install/px4_msgs/include/px4_msgs/px4_msgs/msg/detail/yaw_estimator_status__type_support.h\n'}
[1.518309] (px4_msgs) StdoutLine: {'line': b'-- Up-to-date: /home/stepan/ws_ros2/install/px4_msgs/include/px4_msgs/px4_msgs/msg/detail/rover_attitude_setpoint__functions.h\n'}
[1.518373] (px4_msgs) StdoutLine: {'line': b'-- Up-to-date: /home/stepan/ws_ros2/install/px4_msgs/include/px4_msgs/px4_msgs/msg/detail/irlock_report__functions.h\n'}
[1.518503] (px4_msgs) StdoutLine: {'line': b'-- Up-to-date: /home/stepan/ws_ros2/install/px4_msgs/include/px4_msgs/px4_msgs/msg/detail/distance_sensor_mode_change_request__struct.h\n'}
[1.518562] (px4_msgs) StdoutLine: {'line': b'-- Up-to-date: /home/stepan/ws_ros2/install/px4_msgs/include/px4_msgs/px4_msgs/msg/detail/uavcan_parameter_request__functions.c\n'}
[1.518620] (px4_msgs) StdoutLine: {'line': b'-- Up-to-date: /home/stepan/ws_ros2/install/px4_msgs/include/px4_msgs/px4_msgs/msg/detail/mission_result__functions.c\n'}
[1.518729] (px4_msgs) StdoutLine: {'line': b'-- Up-to-date: /home/stepan/ws_ros2/install/px4_msgs/include/px4_msgs/px4_msgs/msg/detail/open_drone_id_arm_status__type_support.h\n'}
[1.518788] (px4_msgs) StdoutLine: {'line': b'-- Up-to-date: /home/stepan/ws_ros2/install/px4_msgs/include/px4_msgs/px4_msgs/msg/detail/sensor_hygrometer__struct.h\n'}
[1.518847] (px4_msgs) StdoutLine: {'line': b'-- Up-to-date: /home/stepan/ws_ros2/install/px4_msgs/include/px4_msgs/px4_msgs/msg/detail/mag_worker_data__functions.h\n'}
[1.518903] (px4_msgs) StdoutLine: {'line': b'-- Up-to-date: /home/stepan/ws_ros2/install/px4_msgs/include/px4_msgs/px4_msgs/msg/detail/open_drone_id_self_id__functions.h\n'}
[1.518960] (px4_msgs) StdoutLine: {'line': b'-- Up-to-date: /home/stepan/ws_ros2/install/px4_msgs/include/px4_msgs/px4_msgs/msg/detail/trajectory_setpoint6dof__type_support.h\n'}
[1.519017] (px4_msgs) StdoutLine: {'line': b'-- Up-to-date: /home/stepan/ws_ros2/install/px4_msgs/include/px4_msgs/px4_msgs/msg/detail/pps_capture__type_support.h\n'}
[1.519075] (px4_msgs) StdoutLine: {'line': b'-- Up-to-date: /home/stepan/ws_ros2/install/px4_msgs/include/px4_msgs/px4_msgs/msg/detail/parameter_update__type_support.h\n'}
[1.519133] (px4_msgs) StdoutLine: {'line': b'-- Up-to-date: /home/stepan/ws_ros2/install/px4_msgs/include/px4_msgs/px4_msgs/msg/detail/parameter_set_used_request__struct.h\n'}
[1.519250] (px4_msgs) StdoutLine: {'line': b'-- Up-to-date: /home/stepan/ws_ros2/install/px4_msgs/include/px4_msgs/px4_msgs/msg/detail/dataman_request__type_support.h\n'}
[1.519307] (px4_msgs) StdoutLine: {'line': b'-- Up-to-date: /home/stepan/ws_ros2/install/px4_msgs/include/px4_msgs/px4_msgs/msg/detail/heater_status__functions.h\n'}
[1.519372] (px4_msgs) StdoutLine: {'line': b'-- Up-to-date: /home/stepan/ws_ros2/install/px4_msgs/include/px4_msgs/px4_msgs/msg/detail/pwm_input__type_support.h\n'}
[1.519613] (px4_msgs) StdoutLine: {'line': b'-- Up-to-date: /home/stepan/ws_ros2/install/px4_msgs/include/px4_msgs/px4_msgs/msg/detail/trajectory_setpoint6dof__struct.h\n'}
[1.519727] (px4_msgs) StdoutLine: {'line': b'-- Up-to-date: /home/stepan/ws_ros2/install/px4_msgs/include/px4_msgs/px4_msgs/msg/detail/vehicle_command_ack__functions.h\n'}
[1.519833] (px4_msgs) StdoutLine: {'line': b'-- Up-to-date: /home/stepan/ws_ros2/install/px4_msgs/include/px4_msgs/px4_msgs/msg/detail/estimator_aid_source3d__type_support.h\n'}
[1.519948] (px4_msgs) StdoutLine: {'line': b'-- Up-to-date: /home/stepan/ws_ros2/install/px4_msgs/include/px4_msgs/px4_msgs/msg/detail/mount_orientation__functions.h\n'}
[1.520050] (px4_msgs) StdoutLine: {'line': b'-- Up-to-date: /home/stepan/ws_ros2/install/px4_msgs/include/px4_msgs/px4_msgs/msg/detail/sensor_combined__functions.h\n'}
[1.520156] (px4_msgs) StdoutLine: {'line': b'-- Up-to-date: /home/stepan/ws_ros2/install/px4_msgs/include/px4_msgs/px4_msgs/msg/detail/sensor_gyro_fifo__functions.h\n'}
[1.520262] (px4_msgs) StdoutLine: {'line': b'-- Up-to-date: /home/stepan/ws_ros2/install/px4_msgs/include/px4_msgs/px4_msgs/msg/detail/takeoff_status__struct.h\n'}
[1.520371] (px4_msgs) StdoutLine: {'line': b'-- Up-to-date: /home/stepan/ws_ros2/install/px4_msgs/include/px4_msgs/px4_msgs/msg/detail/gps_inject_data__functions.c\n'}
[1.520614] (px4_msgs) StdoutLine: {'line': b'-- Up-to-date: /home/stepan/ws_ros2/install/px4_msgs/include/px4_msgs/px4_msgs/msg/detail/vehicle_attitude_setpoint__type_support.h\n'}
[1.520718] (px4_msgs) StdoutLine: {'line': b'-- Up-to-date: /home/stepan/ws_ros2/install/px4_msgs/include/px4_msgs/px4_msgs/msg/detail/power_button_state__type_support.h\n'}
[1.520819] (px4_msgs) StdoutLine: {'line': b'-- Up-to-date: /home/stepan/ws_ros2/install/px4_msgs/include/px4_msgs/px4_msgs/msg/detail/geofence_status__functions.h\n'}
[1.520984] (px4_msgs) StdoutLine: {'line': b'-- Up-to-date: /home/stepan/ws_ros2/install/px4_msgs/include/px4_msgs/px4_msgs/msg/detail/task_stack_info__functions.c\n'}
[1.521101] (px4_msgs) StdoutLine: {'line': b'-- Up-to-date: /home/stepan/ws_ros2/install/px4_msgs/include/px4_msgs/px4_msgs/msg/detail/rtl_time_estimate__functions.h\n'}
[1.521202] (px4_msgs) StdoutLine: {'line': b'-- Up-to-date: /home/stepan/ws_ros2/install/px4_msgs/include/px4_msgs/px4_msgs/msg/detail/onboard_computer_status__struct.h\n'}
[1.521299] (px4_msgs) StdoutLine: {'line': b'-- Up-to-date: /home/stepan/ws_ros2/install/px4_msgs/include/px4_msgs/px4_msgs/msg/detail/tiltrotor_extra_controls__type_support.h\n'}
[1.521460] (px4_msgs) StdoutLine: {'line': b'-- Up-to-date: /home/stepan/ws_ros2/install/px4_msgs/include/px4_msgs/px4_msgs/msg/detail/failsafe_flags__type_support.h\n'}
[1.521561] (px4_msgs) StdoutLine: {'line': b'-- Up-to-date: /home/stepan/ws_ros2/install/px4_msgs/include/px4_msgs/px4_msgs/msg/detail/debug_value__functions.h\n'}
[1.521653] (px4_msgs) StdoutLine: {'line': b'-- Up-to-date: /home/stepan/ws_ros2/install/px4_msgs/include/px4_msgs/px4_msgs/msg/detail/position_controller_landing_status__type_support.h\n'}
[1.521744] (px4_msgs) StdoutLine: {'line': b'-- Up-to-date: /home/stepan/ws_ros2/install/px4_msgs/include/px4_msgs/px4_msgs/msg/detail/debug_vect__type_support.h\n'}
[1.521838] (px4_msgs) StdoutLine: {'line': b'-- Up-to-date: /home/stepan/ws_ros2/install/px4_msgs/include/px4_msgs/px4_msgs/msg/detail/debug_value__type_support.h\n'}
[1.521939] (px4_msgs) StdoutLine: {'line': b'-- Up-to-date: /home/stepan/ws_ros2/install/px4_msgs/include/px4_msgs/px4_msgs/msg/detail/vehicle_rates_setpoint__type_support.h\n'}
[1.522071] (px4_msgs) StdoutLine: {'line': b'-- Up-to-date: /home/stepan/ws_ros2/install/px4_msgs/include/px4_msgs/px4_msgs/msg/detail/tecs_status__struct.h\n'}
[1.522218] (px4_msgs) StdoutLine: {'line': b'-- Up-to-date: /home/stepan/ws_ros2/install/px4_msgs/include/px4_msgs/px4_msgs/msg/detail/estimator_states__functions.c\n'}
[1.522323] (px4_msgs) StdoutLine: {'line': b'-- Up-to-date: /home/stepan/ws_ros2/install/px4_msgs/include/px4_msgs/px4_msgs/msg/detail/system_power__struct.h\n'}
[1.522483] (px4_msgs) StdoutLine: {'line': b'-- Up-to-date: /home/stepan/ws_ros2/install/px4_msgs/include/px4_msgs/px4_msgs/msg/detail/vehicle_local_position_setpoint__functions.h\n'}
[1.522650] (px4_msgs) StdoutLine: {'line': b'-- Up-to-date: /home/stepan/ws_ros2/install/px4_msgs/include/px4_msgs/px4_msgs/msg/detail/qshell_retval__type_support.h\n'}
[1.522758] (px4_msgs) StdoutLine: {'line': b'-- Up-to-date: /home/stepan/ws_ros2/install/px4_msgs/include/px4_msgs/px4_msgs/msg/detail/landing_gear__type_support.h\n'}
[1.522862] (px4_msgs) StdoutLine: {'line': b'-- Up-to-date: /home/stepan/ws_ros2/install/px4_msgs/include/px4_msgs/px4_msgs/msg/detail/led_control__functions.h\n'}
[1.522963] (px4_msgs) StdoutLine: {'line': b'-- Up-to-date: /home/stepan/ws_ros2/install/px4_msgs/include/px4_msgs/px4_msgs/msg/detail/gpio_out__functions.c\n'}
[1.523062] (px4_msgs) StdoutLine: {'line': b'-- Up-to-date: /home/stepan/ws_ros2/install/px4_msgs/include/px4_msgs/px4_msgs/msg/detail/estimator_gps_status__functions.c\n'}
[1.523161] (px4_msgs) StdoutLine: {'line': b'-- Up-to-date: /home/stepan/ws_ros2/install/px4_msgs/include/px4_msgs/px4_msgs/msg/detail/navigator_status__struct.h\n'}
[1.523259] (px4_msgs) StdoutLine: {'line': b'-- Up-to-date: /home/stepan/ws_ros2/install/px4_msgs/include/px4_msgs/px4_msgs/msg/detail/satellite_info__functions.c\n'}
[1.523357] (px4_msgs) StdoutLine: {'line': b'-- Up-to-date: /home/stepan/ws_ros2/install/px4_msgs/include/px4_msgs/px4_msgs/msg/detail/vehicle_local_position_setpoint__struct.h\n'}
[1.523623] (px4_msgs) StdoutLine: {'line': b'-- Up-to-date: /home/stepan/ws_ros2/install/px4_msgs/include/px4_msgs/px4_msgs/msg/detail/rover_attitude_status__struct.h\n'}
[1.523727] (px4_msgs) StdoutLine: {'line': b'-- Up-to-date: /home/stepan/ws_ros2/install/px4_msgs/include/px4_msgs/px4_msgs/msg/detail/sensor_hygrometer__functions.c\n'}
[1.523837] (px4_msgs) StdoutLine: {'line': b'-- Up-to-date: /home/stepan/ws_ros2/install/px4_msgs/include/px4_msgs/px4_msgs/msg/detail/sensor_optical_flow__functions.h\n'}
[1.523940] (px4_msgs) StdoutLine: {'line': b'-- Up-to-date: /home/stepan/ws_ros2/install/px4_msgs/include/px4_msgs/px4_msgs/msg/detail/gimbal_device_information__struct.h\n'}
[1.524049] (px4_msgs) StdoutLine: {'line': b'-- Up-to-date: /home/stepan/ws_ros2/install/px4_msgs/include/px4_msgs/px4_msgs/msg/detail/health_report__functions.h\n'}
[1.524151] (px4_msgs) StdoutLine: {'line': b'-- Up-to-date: /home/stepan/ws_ros2/install/px4_msgs/include/px4_msgs/px4_msgs/msg/detail/vehicle_control_mode__functions.c\n'}
[1.524252] (px4_msgs) StdoutLine: {'line': b'-- Up-to-date: /home/stepan/ws_ros2/install/px4_msgs/include/px4_msgs/px4_msgs/msg/detail/tecs_status__type_support.h\n'}
[1.524350] (px4_msgs) StdoutLine: {'line': b'-- Up-to-date: /home/stepan/ws_ros2/install/px4_msgs/include/px4_msgs/px4_msgs/msg/detail/estimator_bias3d__type_support.h\n'}
[1.524594] (px4_msgs) StdoutLine: {'line': b'-- Up-to-date: /home/stepan/ws_ros2/install/px4_msgs/include/px4_msgs/px4_msgs/msg/detail/rover_rate_status__type_support.h\n'}
[1.524691] (px4_msgs) StdoutLine: {'line': b'-- Up-to-date: /home/stepan/ws_ros2/install/px4_msgs/include/px4_msgs/px4_msgs/msg/detail/satellite_info__type_support.h\n'}
[1.524756] (px4_msgs) StdoutLine: {'line': b'-- Up-to-date: /home/stepan/ws_ros2/install/px4_msgs/include/px4_msgs/px4_msgs/msg/detail/sensor_gyro_fft__functions.h\n'}
[1.524858] (px4_msgs) StdoutLine: {'line': b'-- Up-to-date: /home/stepan/ws_ros2/install/px4_msgs/include/px4_msgs/px4_msgs/msg/detail/actuator_servos__functions.h\n'}
[1.524944] (px4_msgs) StdoutLine: {'line': b'-- Up-to-date: /home/stepan/ws_ros2/install/px4_msgs/include/px4_msgs/px4_msgs/msg/detail/transponder_report__functions.h\n'}
[1.525004] (px4_msgs) StdoutLine: {'line': b'-- Up-to-date: /home/stepan/ws_ros2/install/px4_msgs/include/px4_msgs/px4_msgs/msg/detail/tiltrotor_extra_controls__functions.h\n'}
[1.525063] (px4_msgs) StdoutLine: {'line': b'-- Up-to-date: /home/stepan/ws_ros2/install/px4_msgs/include/px4_msgs/px4_msgs/msg/detail/estimator_aid_source2d__functions.c\n'}
[1.525121] (px4_msgs) StdoutLine: {'line': b'-- Up-to-date: /home/stepan/ws_ros2/install/px4_msgs/include/px4_msgs/px4_msgs/msg/detail/iridiumsbd_status__type_support.h\n'}
[1.525189] (px4_msgs) StdoutLine: {'line': b'-- Up-to-date: /home/stepan/ws_ros2/install/px4_msgs/include/px4_msgs/px4_msgs/msg/detail/px4io_status__type_support.h\n'}
[1.525247] (px4_msgs) StdoutLine: {'line': b'-- Up-to-date: /home/stepan/ws_ros2/install/px4_msgs/include/px4_msgs/px4_msgs/msg/detail/rc_parameter_map__struct.h\n'}
[1.525304] (px4_msgs) StdoutLine: {'line': b'-- Up-to-date: /home/stepan/ws_ros2/install/px4_msgs/include/px4_msgs/px4_msgs/msg/detail/gimbal_device_information__type_support.h\n'}
[1.525369] (px4_msgs) StdoutLine: {'line': b'-- Up-to-date: /home/stepan/ws_ros2/install/px4_msgs/include/px4_msgs/px4_msgs/msg/detail/gripper__functions.c\n'}
[1.525449] (px4_msgs) StdoutLine: {'line': b'-- Up-to-date: /home/stepan/ws_ros2/install/px4_msgs/include/px4_msgs/px4_msgs/msg/detail/sensor_gps__functions.h\n'}
[1.525507] (px4_msgs) StdoutLine: {'line': b'-- Up-to-date: /home/stepan/ws_ros2/install/px4_msgs/include/px4_msgs/px4_msgs/msg/detail/estimator_sensor_bias__struct.h\n'}
[1.525564] (px4_msgs) StdoutLine: {'line': b'-- Up-to-date: /home/stepan/ws_ros2/install/px4_msgs/include/px4_msgs/px4_msgs/msg/detail/control_allocator_status__struct.h\n'}
[1.525746] (px4_msgs) StdoutLine: {'line': b'-- Up-to-date: /home/stepan/ws_ros2/install/px4_msgs/include/px4_msgs/px4_msgs/msg/detail/dataman_request__functions.h\n'}
[1.525805] (px4_msgs) StdoutLine: {'line': b'-- Up-to-date: /home/stepan/ws_ros2/install/px4_msgs/include/px4_msgs/px4_msgs/msg/detail/goto_setpoint__functions.c\n'}
[1.525863] (px4_msgs) StdoutLine: {'line': b'-- Up-to-date: /home/stepan/ws_ros2/install/px4_msgs/include/px4_msgs/px4_msgs/msg/detail/vehicle_imu_status__functions.c\n'}
[1.525920] (px4_msgs) StdoutLine: {'line': b'-- Up-to-date: /home/stepan/ws_ros2/install/px4_msgs/include/px4_msgs/px4_msgs/msg/detail/yaw_estimator_status__struct.h\n'}
[1.525977] (px4_msgs) StdoutLine: {'line': b'-- Up-to-date: /home/stepan/ws_ros2/install/px4_msgs/include/px4_msgs/px4_msgs/msg/detail/airspeed__functions.c\n'}
[1.526033] (px4_msgs) StdoutLine: {'line': b'-- Up-to-date: /home/stepan/ws_ros2/install/px4_msgs/include/px4_msgs/px4_msgs/msg/detail/camera_trigger__functions.c\n'}
[1.526089] (px4_msgs) StdoutLine: {'line': b'-- Up-to-date: /home/stepan/ws_ros2/install/px4_msgs/include/px4_msgs/px4_msgs/msg/detail/ulog_stream_ack__type_support.h\n'}
[1.526144] (px4_msgs) StdoutLine: {'line': b'-- Up-to-date: /home/stepan/ws_ros2/install/px4_msgs/include/px4_msgs/px4_msgs/msg/detail/actuator_outputs__functions.h\n'}
[1.526200] (px4_msgs) StdoutLine: {'line': b'-- Up-to-date: /home/stepan/ws_ros2/install/px4_msgs/include/px4_msgs/px4_msgs/msg/detail/differential_pressure__type_support.h\n'}
[1.526257] (px4_msgs) StdoutLine: {'line': b'-- Up-to-date: /home/stepan/ws_ros2/install/px4_msgs/include/px4_msgs/px4_msgs/msg/detail/camera_status__type_support.h\n'}
[1.526314] (px4_msgs) StdoutLine: {'line': b'-- Up-to-date: /home/stepan/ws_ros2/install/px4_msgs/include/px4_msgs/px4_msgs/msg/detail/wind__struct.h\n'}
[1.526378] (px4_msgs) StdoutLine: {'line': b'-- Up-to-date: /home/stepan/ws_ros2/install/px4_msgs/include/px4_msgs/px4_msgs/msg/detail/vehicle_command__struct.h\n'}
[1.526456] (px4_msgs) StdoutLine: {'line': b'-- Up-to-date: /home/stepan/ws_ros2/install/px4_msgs/include/px4_msgs/px4_msgs/msg/detail/velocity_limits__struct.h\n'}
[1.526617] (px4_msgs) StdoutLine: {'line': b'-- Up-to-date: /home/stepan/ws_ros2/install/px4_msgs/include/px4_msgs/px4_msgs/msg/detail/airspeed_validated__functions.c\n'}
[1.526675] (px4_msgs) StdoutLine: {'line': b'-- Up-to-date: /home/stepan/ws_ros2/install/px4_msgs/include/px4_msgs/px4_msgs/msg/detail/sensor_airflow__functions.c\n'}
[1.526733] (px4_msgs) StdoutLine: {'line': b'-- Up-to-date: /home/stepan/ws_ros2/install/px4_msgs/include/px4_msgs/px4_msgs/msg/detail/iridiumsbd_status__struct.h\n'}
[1.526790] (px4_msgs) StdoutLine: {'line': b'-- Up-to-date: /home/stepan/ws_ros2/install/px4_msgs/include/px4_msgs/px4_msgs/msg/detail/pure_pursuit_status__struct.h\n'}
[1.526847] (px4_msgs) StdoutLine: {'line': b'-- Up-to-date: /home/stepan/ws_ros2/install/px4_msgs/include/px4_msgs/px4_msgs/msg/detail/debug_array__functions.c\n'}
[1.526903] (px4_msgs) StdoutLine: {'line': b'-- Up-to-date: /home/stepan/ws_ros2/install/px4_msgs/include/px4_msgs/px4_msgs/msg/detail/vehicle_thrust_setpoint__functions.c\n'}
[1.526974] (px4_msgs) StdoutLine: {'line': b'-- Up-to-date: /home/stepan/ws_ros2/install/px4_msgs/include/px4_msgs/px4_msgs/msg/detail/system_power__functions.h\n'}
[1.527034] (px4_msgs) StdoutLine: {'line': b'-- Up-to-date: /home/stepan/ws_ros2/install/px4_msgs/include/px4_msgs/px4_msgs/msg/detail/arming_check_request__functions.c\n'}
[1.527090] (px4_msgs) StdoutLine: {'line': b'-- Up-to-date: /home/stepan/ws_ros2/install/px4_msgs/include/px4_msgs/px4_msgs/msg/detail/parameter_set_value_request__functions.c\n'}
[1.527148] (px4_msgs) StdoutLine: {'line': b'-- Up-to-date: /home/stepan/ws_ros2/install/px4_msgs/include/px4_msgs/px4_msgs/msg/detail/gimbal_device_set_attitude__functions.h\n'}
[1.527204] (px4_msgs) StdoutLine: {'line': b'-- Up-to-date: /home/stepan/ws_ros2/install/px4_msgs/include/px4_msgs/px4_msgs/msg/detail/camera_capture__functions.c\n'}
[1.527260] (px4_msgs) StdoutLine: {'line': b'-- Up-to-date: /home/stepan/ws_ros2/install/px4_msgs/include/px4_msgs/px4_msgs/msg/detail/sensors_status_imu__functions.h\n'}
[1.527317] (px4_msgs) StdoutLine: {'line': b'-- Up-to-date: /home/stepan/ws_ros2/install/px4_msgs/include/px4_msgs/px4_msgs/msg/detail/vehicle_global_position__functions.c\n'}
[1.527739] (px4_msgs) StdoutLine: {'line': b'-- Up-to-date: /home/stepan/ws_ros2/install/px4_msgs/include/px4_msgs/px4_msgs/msg/detail/orb_test_large__functions.h\n'}
[1.527943] (px4_msgs) StdoutLine: {'line': b'-- Up-to-date: /home/stepan/ws_ros2/install/px4_msgs/include/px4_msgs/px4_msgs/msg/detail/health_report__struct.h\n'}
[1.528143] (px4_msgs) StdoutLine: {'line': b'-- Up-to-date: /home/stepan/ws_ros2/install/px4_msgs/include/px4_msgs/px4_msgs/msg/detail/sensor_airflow__functions.h\n'}
[1.528257] (px4_msgs) StdoutLine: {'line': b'-- Up-to-date: /home/stepan/ws_ros2/install/px4_msgs/include/px4_msgs/px4_msgs/msg/detail/navigator_status__type_support.h\n'}
[1.528372] (px4_msgs) StdoutLine: {'line': b'-- Up-to-date: /home/stepan/ws_ros2/install/px4_msgs/include/px4_msgs/px4_msgs/msg/detail/parameter_reset_request__functions.h\n'}
[1.528595] (px4_msgs) StdoutLine: {'line': b'-- Up-to-date: /home/stepan/ws_ros2/install/px4_msgs/include/px4_msgs/px4_msgs/msg/detail/manual_control_switches__functions.h\n'}
[1.528700] (px4_msgs) StdoutLine: {'line': b'-- Up-to-date: /home/stepan/ws_ros2/install/px4_msgs/include/px4_msgs/px4_msgs/msg/detail/wheel_encoders__type_support.h\n'}
[1.528802] (px4_msgs) StdoutLine: {'line': b'-- Up-to-date: /home/stepan/ws_ros2/install/px4_msgs/include/px4_msgs/px4_msgs/msg/detail/follow_target_status__struct.h\n'}
[1.528964] (px4_msgs) StdoutLine: {'line': b'-- Up-to-date: /home/stepan/ws_ros2/install/px4_msgs/include/px4_msgs/px4_msgs/msg/detail/rover_position_setpoint__struct.h\n'}
[1.529066] (px4_msgs) StdoutLine: {'line': b'-- Up-to-date: /home/stepan/ws_ros2/install/px4_msgs/include/px4_msgs/px4_msgs/msg/detail/follow_target_status__functions.h\n'}
[1.529166] (px4_msgs) StdoutLine: {'line': b'-- Up-to-date: /home/stepan/ws_ros2/install/px4_msgs/include/px4_msgs/px4_msgs/msg/detail/estimator_sensor_bias__functions.h\n'}
[1.529315] (px4_msgs) StdoutLine: {'line': b'-- Up-to-date: /home/stepan/ws_ros2/install/px4_msgs/include/px4_msgs/px4_msgs/msg/detail/estimator_bias3d__functions.c\n'}
[1.529486] (px4_msgs) StdoutLine: {'line': b'-- Up-to-date: /home/stepan/ws_ros2/install/px4_msgs/include/px4_msgs/px4_msgs/msg/detail/vehicle_angular_velocity__type_support.h\n'}
[1.529764] (px4_msgs) StdoutLine: {'line': b'-- Up-to-date: /home/stepan/ws_ros2/install/px4_msgs/include/px4_msgs/px4_msgs/msg/detail/actuator_servos__struct.h\n'}
[1.529865] (px4_msgs) StdoutLine: {'line': b'-- Up-to-date: /home/stepan/ws_ros2/install/px4_msgs/include/px4_msgs/px4_msgs/msg/detail/sensor_gyro_fft__struct.h\n'}
[1.529965] (px4_msgs) StdoutLine: {'line': b'-- Up-to-date: /home/stepan/ws_ros2/install/px4_msgs/include/px4_msgs/px4_msgs/msg/detail/pps_capture__struct.h\n'}
[1.530065] (px4_msgs) StdoutLine: {'line': b'-- Up-to-date: /home/stepan/ws_ros2/install/px4_msgs/include/px4_msgs/px4_msgs/msg/detail/sensor_baro__functions.h\n'}
[1.530164] (px4_msgs) StdoutLine: {'line': b'-- Up-to-date: /home/stepan/ws_ros2/install/px4_msgs/include/px4_msgs/px4_msgs/msg/detail/landing_target_innovations__functions.h\n'}
[1.530290] (px4_msgs) StdoutLine: {'line': b'-- Up-to-date: /home/stepan/ws_ros2/install/px4_msgs/include/px4_msgs/px4_msgs/msg/detail/airspeed_validated__struct.h\n'}
[1.530486] (px4_msgs) StdoutLine: {'line': b'-- Up-to-date: /home/stepan/ws_ros2/install/px4_msgs/include/px4_msgs/px4_msgs/msg/detail/health_report__functions.c\n'}
[1.530639] (px4_msgs) StdoutLine: {'line': b'-- Up-to-date: /home/stepan/ws_ros2/install/px4_msgs/include/px4_msgs/px4_msgs/msg/detail/system_power__functions.c\n'}
[1.530741] (px4_msgs) StdoutLine: {'line': b'-- Up-to-date: /home/stepan/ws_ros2/install/px4_msgs/include/px4_msgs/px4_msgs/msg/detail/esc_report__functions.h\n'}
[1.530840] (px4_msgs) StdoutLine: {'line': b'-- Up-to-date: /home/stepan/ws_ros2/install/px4_msgs/include/px4_msgs/px4_msgs/msg/detail/vehicle_optical_flow__functions.c\n'}
[1.530940] (px4_msgs) StdoutLine: {'line': b'-- Up-to-date: /home/stepan/ws_ros2/install/px4_msgs/include/px4_msgs/px4_msgs/msg/detail/unregister_ext_component__type_support.h\n'}
[1.531039] (px4_msgs) StdoutLine: {'line': b'-- Up-to-date: /home/stepan/ws_ros2/install/px4_msgs/include/px4_msgs/px4_msgs/msg/detail/generator_status__functions.h\n'}
[1.531197] (px4_msgs) StdoutLine: {'line': b'-- Up-to-date: /home/stepan/ws_ros2/install/px4_msgs/include/px4_msgs/px4_msgs/msg/detail/irlock_report__type_support.h\n'}
[1.531301] (px4_msgs) StdoutLine: {'line': b'-- Up-to-date: /home/stepan/ws_ros2/install/px4_msgs/include/px4_msgs/px4_msgs/msg/detail/input_rc__functions.c\n'}
[1.531472] (px4_msgs) StdoutLine: {'line': b'-- Up-to-date: /home/stepan/ws_ros2/install/px4_msgs/include/px4_msgs/px4_msgs/msg/detail/arming_check_request__struct.h\n'}
[1.531587] (px4_msgs) StdoutLine: {'line': b'-- Up-to-date: /home/stepan/ws_ros2/install/px4_msgs/include/px4_msgs/px4_msgs/msg/detail/estimator_aid_source3d__functions.h\n'}
[1.531747] (px4_msgs) StdoutLine: {'line': b'-- Up-to-date: /home/stepan/ws_ros2/install/px4_msgs/include/px4_msgs/px4_msgs/msg/detail/heater_status__struct.h\n'}
[1.531852] (px4_msgs) StdoutLine: {'line': b'-- Up-to-date: /home/stepan/ws_ros2/install/px4_msgs/include/px4_msgs/px4_msgs/msg/detail/estimator_aid_source3d__struct.h\n'}
[1.531964] (px4_msgs) StdoutLine: {'line': b'-- Up-to-date: /home/stepan/ws_ros2/install/px4_msgs/include/px4_msgs/px4_msgs/msg/detail/collision_constraints__type_support.h\n'}
[1.532064] (px4_msgs) StdoutLine: {'line': b'-- Up-to-date: /home/stepan/ws_ros2/install/px4_msgs/include/px4_msgs/px4_msgs/msg/detail/home_position__functions.h\n'}
[1.532279] (px4_msgs) StdoutLine: {'line': b'-- Up-to-date: /home/stepan/ws_ros2/install/px4_msgs/include/px4_msgs/px4_msgs/msg/detail/action_request__functions.h\n'}
[1.532424] (px4_msgs) StdoutLine: {'line': b'-- Up-to-date: /home/stepan/ws_ros2/install/px4_msgs/include/px4_msgs/px4_msgs/msg/detail/gimbal_manager_information__struct.h\n'}
[1.532572] (px4_msgs) StdoutLine: {'line': b'-- Up-to-date: /home/stepan/ws_ros2/install/px4_msgs/include/px4_msgs/px4_msgs/msg/detail/autotune_attitude_control_status__functions.c\n'}
[1.532674] (px4_msgs) StdoutLine: {'line': b'-- Up-to-date: /home/stepan/ws_ros2/install/px4_msgs/include/px4_msgs/px4_msgs/msg/detail/ackermann_velocity_setpoint__struct.h\n'}
[1.532775] (px4_msgs) StdoutLine: {'line': b'-- Up-to-date: /home/stepan/ws_ros2/install/px4_msgs/include/px4_msgs/px4_msgs/msg/detail/pwm_input__functions.h\n'}
[1.532874] (px4_msgs) StdoutLine: {'line': b'-- Up-to-date: /home/stepan/ws_ros2/install/px4_msgs/include/px4_msgs/px4_msgs/msg/detail/magnetometer_bias_estimate__type_support.h\n'}
[1.532973] (px4_msgs) StdoutLine: {'line': b'-- Up-to-date: /home/stepan/ws_ros2/install/px4_msgs/include/px4_msgs/px4_msgs/msg/detail/goto_setpoint__type_support.h\n'}
[1.533072] (px4_msgs) StdoutLine: {'line': b'-- Up-to-date: /home/stepan/ws_ros2/install/px4_msgs/include/px4_msgs/px4_msgs/msg/detail/actuator_controls_status__struct.h\n'}
[1.533240] (px4_msgs) StdoutLine: {'line': b'-- Up-to-date: /home/stepan/ws_ros2/install/px4_msgs/include/px4_msgs/px4_msgs/msg/detail/radio_status__struct.h\n'}
[1.533525] (px4_msgs) StdoutLine: {'line': b'-- Up-to-date: /home/stepan/ws_ros2/install/px4_msgs/include/px4_msgs/px4_msgs/msg/detail/cellular_status__type_support.h\n'}
[1.533637] (px4_msgs) StdoutLine: {'line': b'-- Up-to-date: /home/stepan/ws_ros2/install/px4_msgs/include/px4_msgs/px4_msgs/msg/detail/log_message__struct.h\n'}
[1.533741] (px4_msgs) StdoutLine: {'line': b'-- Up-to-date: /home/stepan/ws_ros2/install/px4_msgs/include/px4_msgs/px4_msgs/msg/detail/logger_status__struct.h\n'}
[1.533841] (px4_msgs) StdoutLine: {'line': b'-- Up-to-date: /home/stepan/ws_ros2/install/px4_msgs/include/px4_msgs/px4_msgs/msg/detail/telemetry_status__functions.h\n'}
[1.533942] (px4_msgs) StdoutLine: {'line': b'-- Up-to-date: /home/stepan/ws_ros2/install/px4_msgs/include/px4_msgs/px4_msgs/msg/detail/task_stack_info__struct.h\n'}
[1.534039] (px4_msgs) StdoutLine: {'line': b'-- Up-to-date: /home/stepan/ws_ros2/install/px4_msgs/include/px4_msgs/px4_msgs/msg/detail/vehicle_optical_flow_vel__functions.h\n'}
[1.534135] (px4_msgs) StdoutLine: {'line': b'-- Up-to-date: /home/stepan/ws_ros2/install/px4_msgs/include/px4_msgs/px4_msgs/msg/detail/estimator_status_flags__functions.h\n'}
[1.534232] (px4_msgs) StdoutLine: {'line': b'-- Up-to-date: /home/stepan/ws_ros2/install/px4_msgs/include/px4_msgs/px4_msgs/msg/detail/system_power__type_support.h\n'}
[1.534330] (px4_msgs) StdoutLine: {'line': b'-- Up-to-date: /home/stepan/ws_ros2/install/px4_msgs/include/px4_msgs/px4_msgs/msg/detail/vehicle_angular_acceleration_setpoint__functions.c\n'}
[1.534559] (px4_msgs) StdoutLine: {'line': b'-- Up-to-date: /home/stepan/ws_ros2/install/px4_msgs/include/px4_msgs/px4_msgs/msg/detail/debug_key_value__type_support.h\n'}
[1.534678] (px4_msgs) StdoutLine: {'line': b'-- Up-to-date: /home/stepan/ws_ros2/install/px4_msgs/include/px4_msgs/px4_msgs/msg/detail/vehicle_status__functions.c\n'}
[1.534781] (px4_msgs) StdoutLine: {'line': b'-- Up-to-date: /home/stepan/ws_ros2/install/px4_msgs/include/px4_msgs/px4_msgs/msg/detail/vehicle_thrust_setpoint__type_support.h\n'}
[1.534883] (px4_msgs) StdoutLine: {'line': b'-- Up-to-date: /home/stepan/ws_ros2/install/px4_msgs/include/px4_msgs/px4_msgs/msg/detail/open_drone_id_system__functions.h\n'}
[1.534982] (px4_msgs) StdoutLine: {'line': b'-- Up-to-date: /home/stepan/ws_ros2/install/px4_msgs/include/px4_msgs/px4_msgs/msg/detail/uavcan_parameter_value__type_support.h\n'}
[1.535090] (px4_msgs) StdoutLine: {'line': b'-- Up-to-date: /home/stepan/ws_ros2/install/px4_msgs/include/px4_msgs/px4_msgs/msg/detail/trajectory_setpoint6dof__functions.c\n'}
[1.535256] (px4_msgs) StdoutLine: {'line': b'-- Up-to-date: /home/stepan/ws_ros2/install/px4_msgs/include/px4_msgs/px4_msgs/msg/detail/actuator_outputs__struct.h\n'}
[1.535368] (px4_msgs) StdoutLine: {'line': b'-- Up-to-date: /home/stepan/ws_ros2/install/px4_msgs/include/px4_msgs/px4_msgs/msg/detail/led_control__functions.c\n'}
[1.535608] (px4_msgs) StdoutLine: {'line': b'-- Up-to-date: /home/stepan/ws_ros2/install/px4_msgs/include/px4_msgs/px4_msgs/msg/detail/sensor_selection__functions.h\n'}
[1.535714] (px4_msgs) StdoutLine: {'line': b'-- Up-to-date: /home/stepan/ws_ros2/install/px4_msgs/include/px4_msgs/px4_msgs/msg/detail/geofence_status__type_support.h\n'}
[1.535816] (px4_msgs) StdoutLine: {'line': b'-- Up-to-date: /home/stepan/ws_ros2/install/px4_msgs/include/px4_msgs/px4_msgs/msg/detail/flight_phase_estimation__functions.h\n'}
[1.535916] (px4_msgs) StdoutLine: {'line': b'-- Up-to-date: /home/stepan/ws_ros2/install/px4_msgs/include/px4_msgs/px4_msgs/msg/detail/gps_dump__type_support.h\n'}
[1.536021] (px4_msgs) StdoutLine: {'line': b'-- Up-to-date: /home/stepan/ws_ros2/install/px4_msgs/include/px4_msgs/px4_msgs/msg/detail/rover_steering_setpoint__functions.c\n'}
[1.536123] (px4_msgs) StdoutLine: {'line': b'-- Up-to-date: /home/stepan/ws_ros2/install/px4_msgs/include/px4_msgs/px4_msgs/msg/detail/vehicle_torque_setpoint__functions.c\n'}
[1.536227] (px4_msgs) StdoutLine: {'line': b'-- Up-to-date: /home/stepan/ws_ros2/install/px4_msgs/include/px4_msgs/px4_msgs/msg/detail/sensors_status_imu__functions.c\n'}
[1.536329] (px4_msgs) StdoutLine: {'line': b'-- Up-to-date: /home/stepan/ws_ros2/install/px4_msgs/include/px4_msgs/px4_msgs/msg/detail/follow_target__type_support.h\n'}
[1.536576] (px4_msgs) StdoutLine: {'line': b'-- Up-to-date: /home/stepan/ws_ros2/install/px4_msgs/include/px4_msgs/px4_msgs/msg/detail/autotune_attitude_control_status__functions.h\n'}
[1.536766] (px4_msgs) StdoutLine: {'line': b'-- Up-to-date: /home/stepan/ws_ros2/install/px4_msgs/include/px4_msgs/px4_msgs/msg/detail/battery_status__type_support.h\n'}
[1.536905] (px4_msgs) StdoutLine: {'line': b'-- Up-to-date: /home/stepan/ws_ros2/install/px4_msgs/include/px4_msgs/px4_msgs/msg/detail/debug_vect__functions.c\n'}
[1.537008] (px4_msgs) StdoutLine: {'line': b'-- Up-to-date: /home/stepan/ws_ros2/install/px4_msgs/include/px4_msgs/px4_msgs/msg/detail/position_controller_status__type_support.h\n'}
[1.537110] (px4_msgs) StdoutLine: {'line': b'-- Up-to-date: /home/stepan/ws_ros2/install/px4_msgs/include/px4_msgs/px4_msgs/msg/detail/figure_eight_status__type_support.h\n'}
[1.537210] (px4_msgs) StdoutLine: {'line': b'-- Up-to-date: /home/stepan/ws_ros2/install/px4_msgs/include/px4_msgs/px4_msgs/msg/detail/control_allocator_status__functions.h\n'}
[1.537310] (px4_msgs) StdoutLine: {'line': b'-- Up-to-date: /home/stepan/ws_ros2/install/px4_msgs/include/px4_msgs/px4_msgs/msg/detail/orb_test_large__functions.c\n'}
[1.537492] (px4_msgs) StdoutLine: {'line': b'-- Up-to-date: /home/stepan/ws_ros2/install/px4_msgs/include/px4_msgs/px4_msgs/msg/detail/rpm__functions.c\n'}
[1.537627] (px4_msgs) StdoutLine: {'line': b'-- Up-to-date: /home/stepan/ws_ros2/install/px4_msgs/include/px4_msgs/px4_msgs/msg/detail/gripper__functions.h\n'}
[1.537730] (px4_msgs) StdoutLine: {'line': b'-- Up-to-date: /home/stepan/ws_ros2/install/px4_msgs/include/px4_msgs/px4_msgs/msg/detail/ping__functions.c\n'}
[1.537831] (px4_msgs) StdoutLine: {'line': b'-- Up-to-date: /home/stepan/ws_ros2/install/px4_msgs/include/px4_msgs/px4_msgs/msg/detail/mavlink_log__functions.c\n'}
[1.537929] (px4_msgs) StdoutLine: {'line': b'-- Up-to-date: /home/stepan/ws_ros2/install/px4_msgs/include/px4_msgs/px4_msgs/msg/detail/vtol_vehicle_status__struct.h\n'}
[1.538028] (px4_msgs) StdoutLine: {'line': b'-- Up-to-date: /home/stepan/ws_ros2/install/px4_msgs/include/px4_msgs/px4_msgs/msg/detail/estimator_selector_status__struct.h\n'}
[1.538127] (px4_msgs) StdoutLine: {'line': b'-- Up-to-date: /home/stepan/ws_ros2/install/px4_msgs/include/px4_msgs/px4_msgs/msg/detail/qshell_req__type_support.h\n'}
[1.538226] (px4_msgs) StdoutLine: {'line': b'-- Up-to-date: /home/stepan/ws_ros2/install/px4_msgs/include/px4_msgs/px4_msgs/msg/detail/obstacle_distance__functions.h\n'}
[1.538324] (px4_msgs) StdoutLine: {'line': b'-- Up-to-date: /home/stepan/ws_ros2/install/px4_msgs/include/px4_msgs/px4_msgs/msg/detail/register_ext_component_request__struct.h\n'}
[1.538539] (px4_msgs) StdoutLine: {'line': b'-- Up-to-date: /home/stepan/ws_ros2/install/px4_msgs/include/px4_msgs/px4_msgs/msg/detail/vehicle_optical_flow_vel__struct.h\n'}
[1.538704] (px4_msgs) StdoutLine: {'line': b'-- Up-to-date: /home/stepan/ws_ros2/install/px4_msgs/include/px4_msgs/px4_msgs/msg/detail/gimbal_manager_status__struct.h\n'}
[1.538807] (px4_msgs) StdoutLine: {'line': b'-- Up-to-date: /home/stepan/ws_ros2/install/px4_msgs/include/px4_msgs/px4_msgs/msg/detail/gpio_request__type_support.h\n'}
[1.538908] (px4_msgs) StdoutLine: {'line': b'-- Up-to-date: /home/stepan/ws_ros2/install/px4_msgs/include/px4_msgs/px4_msgs/msg/detail/logger_status__type_support.h\n'}
[1.539017] (px4_msgs) StdoutLine: {'line': b'-- Up-to-date: /home/stepan/ws_ros2/install/px4_msgs/include/px4_msgs/px4_msgs/msg/detail/npfg_status__functions.c\n'}
[1.539117] (px4_msgs) StdoutLine: {'line': b'-- Up-to-date: /home/stepan/ws_ros2/install/px4_msgs/include/px4_msgs/px4_msgs/msg/detail/distance_sensor__struct.h\n'}
[1.539217] (px4_msgs) StdoutLine: {'line': b'-- Up-to-date: /home/stepan/ws_ros2/install/px4_msgs/include/px4_msgs/px4_msgs/msg/detail/uavcan_parameter_request__type_support.h\n'}
[1.539318] (px4_msgs) StdoutLine: {'line': b'-- Up-to-date: /home/stepan/ws_ros2/install/px4_msgs/include/px4_msgs/px4_msgs/msg/detail/gimbal_manager_information__functions.c\n'}
[1.539517] (px4_msgs) StdoutLine: {'line': b'-- Up-to-date: /home/stepan/ws_ros2/install/px4_msgs/include/px4_msgs/px4_msgs/msg/detail/sensor_mag__functions.h\n'}
[1.539639] (px4_msgs) StdoutLine: {'line': b'-- Up-to-date: /home/stepan/ws_ros2/install/px4_msgs/include/px4_msgs/px4_msgs/msg/detail/gimbal_manager_set_attitude__functions.h\n'}
[1.539740] (px4_msgs) StdoutLine: {'line': b'-- Up-to-date: /home/stepan/ws_ros2/install/px4_msgs/include/px4_msgs/px4_msgs/msg/detail/estimator_innovations__functions.c\n'}
[1.539845] (px4_msgs) StdoutLine: {'line': b'-- Up-to-date: /home/stepan/ws_ros2/install/px4_msgs/include/px4_msgs/px4_msgs/msg/detail/flight_phase_estimation__functions.c\n'}
[1.539954] (px4_msgs) StdoutLine: {'line': b'-- Up-to-date: /home/stepan/ws_ros2/install/px4_msgs/include/px4_msgs/px4_msgs/msg/detail/rtl_status__functions.c\n'}
[1.540058] (px4_msgs) StdoutLine: {'line': b'-- Up-to-date: /home/stepan/ws_ros2/install/px4_msgs/include/px4_msgs/px4_msgs/msg/detail/fuel_tank_status__functions.c\n'}
[1.540160] (px4_msgs) StdoutLine: {'line': b'-- Up-to-date: /home/stepan/ws_ros2/install/px4_msgs/include/px4_msgs/px4_msgs/msg/detail/vehicle_torque_setpoint__type_support.h\n'}
[1.540320] (px4_msgs) StdoutLine: {'line': b'-- Up-to-date: /home/stepan/ws_ros2/install/px4_msgs/include/px4_msgs/px4_msgs/msg/detail/vehicle_acceleration__type_support.h\n'}
[1.540542] (px4_msgs) StdoutLine: {'line': b'-- Up-to-date: /home/stepan/ws_ros2/install/px4_msgs/include/px4_msgs/px4_msgs/msg/detail/differential_pressure__functions.c\n'}
[1.540664] (px4_msgs) StdoutLine: {'line': b'-- Up-to-date: /home/stepan/ws_ros2/install/px4_msgs/include/px4_msgs/px4_msgs/msg/detail/mode_completed__type_support.h\n'}
[1.540767] (px4_msgs) StdoutLine: {'line': b'-- Up-to-date: /home/stepan/ws_ros2/install/px4_msgs/include/px4_msgs/px4_msgs/msg/detail/config_overrides__type_support.h\n'}
[1.540866] (px4_msgs) StdoutLine: {'line': b'-- Up-to-date: /home/stepan/ws_ros2/install/px4_msgs/include/px4_msgs/px4_msgs/msg/detail/airspeed__struct.h\n'}
[1.540965] (px4_msgs) StdoutLine: {'line': b'-- Up-to-date: /home/stepan/ws_ros2/install/px4_msgs/include/px4_msgs/px4_msgs/msg/detail/open_drone_id_system__functions.c\n'}
[1.541066] (px4_msgs) StdoutLine: {'line': b'-- Up-to-date: /home/stepan/ws_ros2/install/px4_msgs/include/px4_msgs/px4_msgs/msg/detail/position_controller_status__functions.c\n'}
[1.541166] (px4_msgs) StdoutLine: {'line': b'-- Up-to-date: /home/stepan/ws_ros2/install/px4_msgs/include/px4_msgs/px4_msgs/msg/detail/open_drone_id_arm_status__functions.h\n'}
[1.541265] (px4_msgs) StdoutLine: {'line': b'-- Up-to-date: /home/stepan/ws_ros2/install/px4_msgs/include/px4_msgs/px4_msgs/msg/detail/manual_control_switches__type_support.h\n'}
[1.541375] (px4_msgs) StdoutLine: {'line': b'-- Up-to-date: /home/stepan/ws_ros2/install/px4_msgs/include/px4_msgs/px4_msgs/msg/detail/generator_status__type_support.h\n'}
[1.541575] (px4_msgs) StdoutLine: {'line': b'-- Up-to-date: /home/stepan/ws_ros2/install/px4_msgs/include/px4_msgs/px4_msgs/msg/detail/debug_vect__struct.h\n'}
[1.541713] (px4_msgs) StdoutLine: {'line': b'-- Up-to-date: /home/stepan/ws_ros2/install/px4_msgs/include/px4_msgs/px4_msgs/msg/detail/camera_capture__type_support.h\n'}
[1.541815] (px4_msgs) StdoutLine: {'line': b'-- Up-to-date: /home/stepan/ws_ros2/install/px4_msgs/include/px4_msgs/px4_msgs/msg/detail/cellular_status__struct.h\n'}
[1.541916] (px4_msgs) StdoutLine: {'line': b'-- Up-to-date: /home/stepan/ws_ros2/install/px4_msgs/include/px4_msgs/px4_msgs/msg/detail/rate_ctrl_status__type_support.h\n'}
[1.542014] (px4_msgs) StdoutLine: {'line': b'-- Up-to-date: /home/stepan/ws_ros2/install/px4_msgs/include/px4_msgs/px4_msgs/msg/detail/collision_constraints__functions.c\n'}
[1.542159] (px4_msgs) StdoutLine: {'line': b'-- Up-to-date: /home/stepan/ws_ros2/install/px4_msgs/include/px4_msgs/px4_msgs/msg/detail/gpio_in__struct.h\n'}
[1.542370] (px4_msgs) StdoutLine: {'line': b'-- Up-to-date: /home/stepan/ws_ros2/install/px4_msgs/include/px4_msgs/px4_msgs/msg/detail/vehicle_odometry__functions.c\n'}
[1.542529] (px4_msgs) StdoutLine: {'line': b'-- Up-to-date: /home/stepan/ws_ros2/install/px4_msgs/include/px4_msgs/px4_msgs/msg/detail/control_allocator_status__type_support.h\n'}
[1.542633] (px4_msgs) StdoutLine: {'line': b'-- Up-to-date: /home/stepan/ws_ros2/install/px4_msgs/include/px4_msgs/px4_msgs/msg/detail/rover_velocity_status__type_support.h\n'}
[1.542733] (px4_msgs) StdoutLine: {'line': b'-- Up-to-date: /home/stepan/ws_ros2/install/px4_msgs/include/px4_msgs/px4_msgs/msg/detail/estimator_bias__functions.c\n'}
[1.542833] (px4_msgs) StdoutLine: {'line': b'-- Up-to-date: /home/stepan/ws_ros2/install/px4_msgs/include/px4_msgs/px4_msgs/msg/detail/parameter_set_used_request__type_support.h\n'}
[1.542978] (px4_msgs) StdoutLine: {'line': b'-- Up-to-date: /home/stepan/ws_ros2/install/px4_msgs/include/px4_msgs/px4_msgs/msg/detail/vehicle_land_detected__functions.h\n'}
[1.543079] (px4_msgs) StdoutLine: {'line': b'-- Up-to-date: /home/stepan/ws_ros2/install/px4_msgs/include/px4_msgs/px4_msgs/msg/detail/debug_array__type_support.h\n'}
[1.543180] (px4_msgs) StdoutLine: {'line': b'-- Up-to-date: /home/stepan/ws_ros2/install/px4_msgs/include/px4_msgs/px4_msgs/msg/detail/actuator_armed__type_support.h\n'}
[1.543281] (px4_msgs) StdoutLine: {'line': b'-- Up-to-date: /home/stepan/ws_ros2/install/px4_msgs/include/px4_msgs/px4_msgs/msg/detail/esc_report__type_support.h\n'}
[1.543386] (px4_msgs) StdoutLine: {'line': b'-- Up-to-date: /home/stepan/ws_ros2/install/px4_msgs/include/px4_msgs/px4_msgs/msg/detail/gpio_in__functions.h\n'}
[1.543500] (px4_msgs) StdoutLine: {'line': b'-- Up-to-date: /home/stepan/ws_ros2/install/px4_msgs/include/px4_msgs/px4_msgs/msg/detail/camera_status__functions.c\n'}
[1.543602] (px4_msgs) StdoutLine: {'line': b'-- Up-to-date: /home/stepan/ws_ros2/install/px4_msgs/include/px4_msgs/px4_msgs/msg/detail/actuator_outputs__functions.c\n'}
[1.543703] (px4_msgs) StdoutLine: {'line': b'-- Up-to-date: /home/stepan/ws_ros2/install/px4_msgs/include/px4_msgs/px4_msgs/msg/detail/landing_gear_wheel__functions.c\n'}
[1.543861] (px4_msgs) StdoutLine: {'line': b'-- Up-to-date: /home/stepan/ws_ros2/install/px4_msgs/include/px4_msgs/px4_msgs/msg/detail/navigator_status__functions.c\n'}
[1.543970] (px4_msgs) StdoutLine: {'line': b'-- Up-to-date: /home/stepan/ws_ros2/install/px4_msgs/include/px4_msgs/px4_msgs/msg/detail/arming_check_reply__type_support.h\n'}
[1.544078] (px4_msgs) StdoutLine: {'line': b'-- Up-to-date: /home/stepan/ws_ros2/install/px4_msgs/include/px4_msgs/px4_msgs/msg/detail/debug_key_value__struct.h\n'}
[1.544179] (px4_msgs) StdoutLine: {'line': b'-- Up-to-date: /home/stepan/ws_ros2/install/px4_msgs/include/px4_msgs/px4_msgs/msg/detail/sensor_airflow__struct.h\n'}
[1.544312] (px4_msgs) StdoutLine: {'line': b'-- Up-to-date: /home/stepan/ws_ros2/install/px4_msgs/include/px4_msgs/px4_msgs/msg/detail/cpuload__type_support.h\n'}
[1.544559] (px4_msgs) StdoutLine: {'line': b'-- Up-to-date: /home/stepan/ws_ros2/install/px4_msgs/include/px4_msgs/px4_msgs/msg/detail/navigator_mission_item__functions.h\n'}
[1.544690] (px4_msgs) StdoutLine: {'line': b'-- Up-to-date: /home/stepan/ws_ros2/install/px4_msgs/include/px4_msgs/px4_msgs/msg/detail/rtl_status__type_support.h\n'}
[1.544793] (px4_msgs) StdoutLine: {'line': b'-- Up-to-date: /home/stepan/ws_ros2/install/px4_msgs/include/px4_msgs/px4_msgs/msg/detail/orbit_status__functions.h\n'}
[1.544895] (px4_msgs) StdoutLine: {'line': b'-- Up-to-date: /home/stepan/ws_ros2/install/px4_msgs/include/px4_msgs/px4_msgs/msg/detail/follow_target_estimator__functions.c\n'}
[1.544995] (px4_msgs) StdoutLine: {'line': b'-- Up-to-date: /home/stepan/ws_ros2/install/px4_msgs/include/px4_msgs/px4_msgs/msg/detail/register_ext_component_request__type_support.h\n'}
[1.545097] (px4_msgs) StdoutLine: {'line': b'-- Up-to-date: /home/stepan/ws_ros2/install/px4_msgs/include/px4_msgs/px4_msgs/msg/detail/position_controller_landing_status__functions.h\n'}
[1.545196] (px4_msgs) StdoutLine: {'line': b'-- Up-to-date: /home/stepan/ws_ros2/install/px4_msgs/include/px4_msgs/px4_msgs/msg/detail/estimator_states__functions.h\n'}
[1.545296] (px4_msgs) StdoutLine: {'line': b'-- Up-to-date: /home/stepan/ws_ros2/install/px4_msgs/include/px4_msgs/px4_msgs/msg/detail/failure_detector_status__struct.h\n'}
[1.545478] (px4_msgs) StdoutLine: {'line': b'-- Up-to-date: /home/stepan/ws_ros2/install/px4_msgs/include/px4_msgs/px4_msgs/msg/detail/satellite_info__functions.h\n'}
[1.545625] (px4_msgs) StdoutLine: {'line': b'-- Up-to-date: /home/stepan/ws_ros2/install/px4_msgs/include/px4_msgs/px4_msgs/msg/detail/camera_capture__functions.h\n'}
[1.545727] (px4_msgs) StdoutLine: {'line': b'-- Up-to-date: /home/stepan/ws_ros2/install/px4_msgs/include/px4_msgs/px4_msgs/msg/detail/rover_position_setpoint__functions.h\n'}
[1.545878] (px4_msgs) StdoutLine: {'line': b'-- Up-to-date: /home/stepan/ws_ros2/install/px4_msgs/include/px4_msgs/px4_msgs/msg/detail/vehicle_imu_status__type_support.h\n'}
[1.545956] (px4_msgs) StdoutLine: {'line': b'-- Up-to-date: /home/stepan/ws_ros2/install/px4_msgs/include/px4_msgs/px4_msgs/msg/detail/arming_check_reply__functions.c\n'}
[1.546020] (px4_msgs) StdoutLine: {'line': b'-- Up-to-date: /home/stepan/ws_ros2/install/px4_msgs/include/px4_msgs/px4_msgs/msg/detail/gimbal_device_attitude_status__functions.h\n'}
[1.546080] (px4_msgs) StdoutLine: {'line': b'-- Up-to-date: /home/stepan/ws_ros2/install/px4_msgs/include/px4_msgs/px4_msgs/msg/detail/figure_eight_status__struct.h\n'}
[1.546139] (px4_msgs) StdoutLine: {'line': b'-- Up-to-date: /home/stepan/ws_ros2/install/px4_msgs/include/px4_msgs/px4_msgs/msg/detail/mount_orientation__type_support.h\n'}
[1.546196] (px4_msgs) StdoutLine: {'line': b'-- Up-to-date: /home/stepan/ws_ros2/install/px4_msgs/include/px4_msgs/px4_msgs/msg/detail/log_message__type_support.h\n'}
[1.546253] (px4_msgs) StdoutLine: {'line': b'-- Up-to-date: /home/stepan/ws_ros2/install/px4_msgs/include/px4_msgs/px4_msgs/msg/detail/vehicle_local_position_setpoint__type_support.h\n'}
[1.546324] (px4_msgs) StdoutLine: {'line': b'-- Up-to-date: /home/stepan/ws_ros2/install/px4_msgs/include/px4_msgs/px4_msgs/msg/detail/airspeed_validated__type_support.h\n'}
[1.546475] (px4_msgs) StdoutLine: {'line': b'-- Up-to-date: /home/stepan/ws_ros2/install/px4_msgs/include/px4_msgs/px4_msgs/msg/detail/follow_target_estimator__type_support.h\n'}
[1.546576] (px4_msgs) StdoutLine: {'line': b'-- Up-to-date: /home/stepan/ws_ros2/install/px4_msgs/include/px4_msgs/px4_msgs/msg/detail/open_drone_id_operator_id__functions.c\n'}
[1.546636] (px4_msgs) StdoutLine: {'line': b'-- Up-to-date: /home/stepan/ws_ros2/install/px4_msgs/include/px4_msgs/px4_msgs/msg/detail/sensor_gyro_fifo__struct.h\n'}
[1.546694] (px4_msgs) StdoutLine: {'line': b'-- Up-to-date: /home/stepan/ws_ros2/install/px4_msgs/include/px4_msgs/px4_msgs/msg/detail/rover_attitude_setpoint__functions.c\n'}
[1.546812] (px4_msgs) StdoutLine: {'line': b'-- Up-to-date: /home/stepan/ws_ros2/install/px4_msgs/include/px4_msgs/px4_msgs/msg/detail/health_report__type_support.h\n'}
[1.546869] (px4_msgs) StdoutLine: {'line': b'-- Up-to-date: /home/stepan/ws_ros2/install/px4_msgs/include/px4_msgs/px4_msgs/msg/detail/log_message__functions.c\n'}
[1.546926] (px4_msgs) StdoutLine: {'line': b'-- Up-to-date: /home/stepan/ws_ros2/install/px4_msgs/include/px4_msgs/px4_msgs/msg/detail/obstacle_distance__type_support.h\n'}
[1.546982] (px4_msgs) StdoutLine: {'line': b'-- Up-to-date: /home/stepan/ws_ros2/install/px4_msgs/include/px4_msgs/px4_msgs/msg/detail/ulog_stream_ack__functions.c\n'}
[1.547038] (px4_msgs) StdoutLine: {'line': b'-- Up-to-date: /home/stepan/ws_ros2/install/px4_msgs/include/px4_msgs/px4_msgs/msg/detail/magnetometer_bias_estimate__functions.h\n'}
[1.547094] (px4_msgs) StdoutLine: {'line': b'-- Up-to-date: /home/stepan/ws_ros2/install/px4_msgs/include/px4_msgs/px4_msgs/msg/detail/camera_trigger__type_support.h\n'}
[1.547149] (px4_msgs) StdoutLine: {'line': b'-- Up-to-date: /home/stepan/ws_ros2/install/px4_msgs/include/px4_msgs/px4_msgs/msg/detail/adc_report__functions.h\n'}
[1.547205] (px4_msgs) StdoutLine: {'line': b'-- Up-to-date: /home/stepan/ws_ros2/install/px4_msgs/include/px4_msgs/px4_msgs/msg/detail/sensors_status__functions.h\n'}
[1.547261] (px4_msgs) StdoutLine: {'line': b'-- Up-to-date: /home/stepan/ws_ros2/install/px4_msgs/include/px4_msgs/px4_msgs/msg/detail/failsafe_flags__functions.h\n'}
[1.547316] (px4_msgs) StdoutLine: {'line': b'-- Up-to-date: /home/stepan/ws_ros2/install/px4_msgs/include/px4_msgs/px4_msgs/msg/detail/geofence_result__functions.h\n'}
[1.547377] (px4_msgs) StdoutLine: {'line': b'-- Up-to-date: /home/stepan/ws_ros2/install/px4_msgs/include/px4_msgs/px4_msgs/msg/detail/tune_control__functions.c\n'}
[1.547454] (px4_msgs) StdoutLine: {'line': b'-- Up-to-date: /home/stepan/ws_ros2/install/px4_msgs/include/px4_msgs/px4_msgs/msg/detail/estimator_selector_status__functions.h\n'}
[1.547552] (px4_msgs) StdoutLine: {'line': b'-- Up-to-date: /home/stepan/ws_ros2/install/px4_msgs/include/px4_msgs/px4_msgs/msg/detail/normalized_unsigned_setpoint__functions.c\n'}
[1.547619] (px4_msgs) StdoutLine: {'line': b'-- Up-to-date: /home/stepan/ws_ros2/install/px4_msgs/include/px4_msgs/px4_msgs/msg/detail/gpio_in__functions.c\n'}
[1.547678] (px4_msgs) StdoutLine: {'line': b'-- Up-to-date: /home/stepan/ws_ros2/install/px4_msgs/include/px4_msgs/px4_msgs/msg/detail/rpm__struct.h\n'}
[1.547735] (px4_msgs) StdoutLine: {'line': b'-- Up-to-date: /home/stepan/ws_ros2/install/px4_msgs/include/px4_msgs/px4_msgs/msg/detail/ulog_stream__functions.h\n'}
[1.547790] (px4_msgs) StdoutLine: {'line': b'-- Up-to-date: /home/stepan/ws_ros2/install/px4_msgs/include/px4_msgs/px4_msgs/msg/detail/rover_attitude_status__functions.h\n'}
[1.547863] (px4_msgs) StdoutLine: {'line': b'-- Up-to-date: /home/stepan/ws_ros2/install/px4_msgs/include/px4_msgs/px4_msgs/msg/detail/mode_completed__struct.h\n'}
[1.548076] (px4_msgs) StdoutLine: {'line': b'-- Up-to-date: /home/stepan/ws_ros2/install/px4_msgs/include/px4_msgs/px4_msgs/msg/detail/sensor_hygrometer__functions.h\n'}
[1.548187] (px4_msgs) StdoutLine: {'line': b'-- Up-to-date: /home/stepan/ws_ros2/install/px4_msgs/include/px4_msgs/px4_msgs/msg/detail/internal_combustion_engine_control__type_support.h\n'}
[1.548288] (px4_msgs) StdoutLine: {'line': b'-- Up-to-date: /home/stepan/ws_ros2/install/px4_msgs/include/px4_msgs/px4_msgs/msg/detail/arming_check_request__type_support.h\n'}
[1.548604] (px4_msgs) StdoutLine: {'line': b'-- Up-to-date: /home/stepan/ws_ros2/install/px4_msgs/include/px4_msgs/px4_msgs/msg/detail/sensor_accel_fifo__functions.c\n'}
[1.548726] (px4_msgs) StdoutLine: {'line': b'-- Up-to-date: /home/stepan/ws_ros2/install/px4_msgs/include/px4_msgs/px4_msgs/msg/detail/vehicle_torque_setpoint__struct.h\n'}
[1.548800] (px4_msgs) StdoutLine: {'line': b'-- Up-to-date: /home/stepan/ws_ros2/install/px4_msgs/include/px4_msgs/px4_msgs/msg/detail/heater_status__type_support.h\n'}
[1.548911] (px4_msgs) StdoutLine: {'line': b'-- Up-to-date: /home/stepan/ws_ros2/install/px4_msgs/include/px4_msgs/px4_msgs/msg/detail/vehicle_command_ack__type_support.h\n'}
[1.548983] (px4_msgs) StdoutLine: {'line': b'-- Up-to-date: /home/stepan/ws_ros2/install/px4_msgs/include/px4_msgs/px4_msgs/msg/detail/orbit_status__functions.c\n'}
[1.549101] (px4_msgs) StdoutLine: {'line': b'-- Up-to-date: /home/stepan/ws_ros2/install/px4_msgs/include/px4_msgs/px4_msgs/msg/detail/rc_parameter_map__functions.h\n'}
[1.549178] (px4_msgs) StdoutLine: {'line': b'-- Up-to-date: /home/stepan/ws_ros2/install/px4_msgs/include/px4_msgs/px4_msgs/msg/detail/sensor_optical_flow__struct.h\n'}
[1.549251] (px4_msgs) StdoutLine: {'line': b'-- Up-to-date: /home/stepan/ws_ros2/install/px4_msgs/include/px4_msgs/px4_msgs/msg/detail/pwm_input__struct.h\n'}
[1.549323] (px4_msgs) StdoutLine: {'line': b'-- Up-to-date: /home/stepan/ws_ros2/install/px4_msgs/include/px4_msgs/px4_msgs/msg/detail/qshell_req__functions.c\n'}
[1.549469] (px4_msgs) StdoutLine: {'line': b'-- Up-to-date: /home/stepan/ws_ros2/install/px4_msgs/include/px4_msgs/px4_msgs/msg/detail/vehicle_land_detected__functions.c\n'}
[1.549604] (px4_msgs) StdoutLine: {'line': b'-- Up-to-date: /home/stepan/ws_ros2/install/px4_msgs/include/px4_msgs/px4_msgs/msg/detail/follow_target__struct.h\n'}
[1.549675] (px4_msgs) StdoutLine: {'line': b'-- Up-to-date: /home/stepan/ws_ros2/install/px4_msgs/include/px4_msgs/px4_msgs/msg/detail/npfg_status__functions.h\n'}
[1.549748] (px4_msgs) StdoutLine: {'line': b'-- Up-to-date: /home/stepan/ws_ros2/install/px4_msgs/include/px4_msgs/px4_msgs/msg/detail/sensor_combined__type_support.h\n'}
[1.549819] (px4_msgs) StdoutLine: {'line': b'-- Up-to-date: /home/stepan/ws_ros2/install/px4_msgs/include/px4_msgs/px4_msgs/msg/detail/airspeed_wind__functions.h\n'}
[1.549888] (px4_msgs) StdoutLine: {'line': b'-- Up-to-date: /home/stepan/ws_ros2/install/px4_msgs/include/px4_msgs/px4_msgs/msg/detail/position_setpoint__type_support.h\n'}
[1.549955] (px4_msgs) StdoutLine: {'line': b'-- Up-to-date: /home/stepan/ws_ros2/install/px4_msgs/include/px4_msgs/px4_msgs/msg/detail/estimator_status_flags__functions.c\n'}
[1.550025] (px4_msgs) StdoutLine: {'line': b'-- Up-to-date: /home/stepan/ws_ros2/install/px4_msgs/include/px4_msgs/px4_msgs/msg/detail/pps_capture__functions.c\n'}
[1.550095] (px4_msgs) StdoutLine: {'line': b'-- Up-to-date: /home/stepan/ws_ros2/install/px4_msgs/include/px4_msgs/px4_msgs/msg/detail/landing_gear__functions.c\n'}
[1.550162] (px4_msgs) StdoutLine: {'line': b'-- Up-to-date: /home/stepan/ws_ros2/install/px4_msgs/include/px4_msgs/px4_msgs/msg/detail/vehicle_magnetometer__struct.h\n'}
[1.550230] (px4_msgs) StdoutLine: {'line': b'-- Up-to-date: /home/stepan/ws_ros2/install/px4_msgs/include/px4_msgs/px4_msgs/msg/detail/register_ext_component_reply__functions.c\n'}
[1.550292] (px4_msgs) StdoutLine: {'line': b'-- Up-to-date: /home/stepan/ws_ros2/install/px4_msgs/include/px4_msgs/px4_msgs/msg/detail/gpio_config__functions.h\n'}
[1.550354] (px4_msgs) StdoutLine: {'line': b'-- Up-to-date: /home/stepan/ws_ros2/install/px4_msgs/include/px4_msgs/px4_msgs/msg/detail/camera_trigger__struct.h\n'}
[1.550535] (px4_msgs) StdoutLine: {'line': b'-- Up-to-date: /home/stepan/ws_ros2/install/px4_msgs/include/px4_msgs/px4_msgs/msg/detail/actuator_controls_status__type_support.h\n'}
[1.550592] (px4_msgs) StdoutLine: {'line': b'-- Up-to-date: /home/stepan/ws_ros2/install/px4_msgs/include/px4_msgs/px4_msgs/msg/detail/tune_control__type_support.h\n'}
[1.550646] (px4_msgs) StdoutLine: {'line': b'-- Up-to-date: /home/stepan/ws_ros2/install/px4_msgs/include/px4_msgs/px4_msgs/msg/detail/qshell_retval__struct.h\n'}
[1.550699] (px4_msgs) StdoutLine: {'line': b'-- Up-to-date: /home/stepan/ws_ros2/install/px4_msgs/include/px4_msgs/px4_msgs/msg/detail/vehicle_imu__functions.c\n'}
[1.550751] (px4_msgs) StdoutLine: {'line': b'-- Up-to-date: /home/stepan/ws_ros2/install/px4_msgs/include/px4_msgs/px4_msgs/msg/detail/power_button_state__functions.c\n'}
[1.550810] (px4_msgs) StdoutLine: {'line': b'-- Up-to-date: /home/stepan/ws_ros2/install/px4_msgs/include/px4_msgs/px4_msgs/msg/detail/sensor_uwb__functions.h\n'}
[1.550874] (px4_msgs) StdoutLine: {'line': b'-- Up-to-date: /home/stepan/ws_ros2/install/px4_msgs/include/px4_msgs/px4_msgs/msg/detail/message_format_request__struct.h\n'}
[1.550936] (px4_msgs) StdoutLine: {'line': b'-- Up-to-date: /home/stepan/ws_ros2/install/px4_msgs/include/px4_msgs/px4_msgs/msg/detail/pure_pursuit_status__type_support.h\n'}
[1.550993] (px4_msgs) StdoutLine: {'line': b'-- Up-to-date: /home/stepan/ws_ros2/install/px4_msgs/include/px4_msgs/px4_msgs/msg/detail/action_request__functions.c\n'}
[1.551053] (px4_msgs) StdoutLine: {'line': b'-- Up-to-date: /home/stepan/ws_ros2/install/px4_msgs/include/px4_msgs/px4_msgs/msg/detail/camera_status__functions.h\n'}
[1.551111] (px4_msgs) StdoutLine: {'line': b'-- Up-to-date: /home/stepan/ws_ros2/install/px4_msgs/include/px4_msgs/px4_msgs/msg/detail/actuator_servos_trim__functions.h\n'}
[1.551171] (px4_msgs) StdoutLine: {'line': b'-- Up-to-date: /home/stepan/ws_ros2/install/px4_msgs/include/px4_msgs/px4_msgs/msg/detail/rover_throttle_setpoint__functions.h\n'}
[1.551297] (px4_msgs) StdoutLine: {'line': b'-- Up-to-date: /home/stepan/ws_ros2/install/px4_msgs/include/px4_msgs/px4_msgs/msg/detail/sensor_preflight_mag__struct.h\n'}
[1.551353] (px4_msgs) StdoutLine: {'line': b'-- Up-to-date: /home/stepan/ws_ros2/install/px4_msgs/include/px4_msgs/px4_msgs/msg/detail/ulog_stream__functions.c\n'}
[1.551427] (px4_msgs) StdoutLine: {'line': b'-- Up-to-date: /home/stepan/ws_ros2/install/px4_msgs/include/px4_msgs/px4_msgs/msg/detail/parameter_update__struct.h\n'}
[1.551517] (px4_msgs) StdoutLine: {'line': b'-- Up-to-date: /home/stepan/ws_ros2/install/px4_msgs/include/px4_msgs/px4_msgs/msg/detail/takeoff_status__type_support.h\n'}
[1.551586] (px4_msgs) StdoutLine: {'line': b'-- Up-to-date: /home/stepan/ws_ros2/install/px4_msgs/include/px4_msgs/px4_msgs/msg/detail/vehicle_odometry__struct.h\n'}
[1.551640] (px4_msgs) StdoutLine: {'line': b'-- Up-to-date: /home/stepan/ws_ros2/install/px4_msgs/include/px4_msgs/px4_msgs/msg/detail/gpio_in__type_support.h\n'}
[1.551707] (px4_msgs) StdoutLine: {'line': b'-- Up-to-date: /home/stepan/ws_ros2/install/px4_msgs/include/px4_msgs/px4_msgs/msg/detail/vehicle_magnetometer__functions.h\n'}
[1.551773] (px4_msgs) StdoutLine: {'line': b'-- Up-to-date: /home/stepan/ws_ros2/install/px4_msgs/include/px4_msgs/px4_msgs/msg/detail/vehicle_local_position_setpoint__functions.c\n'}
[1.551874] (px4_msgs) StdoutLine: {'line': b'-- Up-to-date: /home/stepan/ws_ros2/install/px4_msgs/include/px4_msgs/px4_msgs/msg/detail/vehicle_local_position__type_support.h\n'}
[1.551969] (px4_msgs) StdoutLine: {'line': b'-- Up-to-date: /home/stepan/ws_ros2/install/px4_msgs/include/px4_msgs/px4_msgs/msg/detail/dataman_response__struct.h\n'}
[1.552063] (px4_msgs) StdoutLine: {'line': b'-- Up-to-date: /home/stepan/ws_ros2/install/px4_msgs/include/px4_msgs/px4_msgs/msg/detail/rover_velocity_status__functions.c\n'}
[1.552170] (px4_msgs) StdoutLine: {'line': b'-- Up-to-date: /home/stepan/ws_ros2/install/px4_msgs/include/px4_msgs/px4_msgs/msg/detail/onboard_computer_status__functions.h\n'}
[1.552254] (px4_msgs) StdoutLine: {'line': b'-- Up-to-date: /home/stepan/ws_ros2/install/px4_msgs/include/px4_msgs/px4_msgs/msg/detail/input_rc__type_support.h\n'}
[1.552342] (px4_msgs) StdoutLine: {'line': b'-- Up-to-date: /home/stepan/ws_ros2/install/px4_msgs/include/px4_msgs/px4_msgs/msg/detail/generator_status__functions.c\n'}
[1.552433] (px4_msgs) StdoutLine: {'line': b'-- Up-to-date: /home/stepan/ws_ros2/install/px4_msgs/include/px4_msgs/px4_msgs/msg/detail/vehicle_magnetometer__functions.c\n'}
[1.552495] (px4_msgs) StdoutLine: {'line': b'-- Up-to-date: /home/stepan/ws_ros2/install/px4_msgs/include/px4_msgs/px4_msgs/msg/detail/parameter_set_used_request__functions.c\n'}
[1.552552] (px4_msgs) StdoutLine: {'line': b'-- Up-to-date: /home/stepan/ws_ros2/install/px4_msgs/include/px4_msgs/px4_msgs/msg/detail/led_control__type_support.h\n'}
[1.552653] (px4_msgs) StdoutLine: {'line': b'-- Up-to-date: /home/stepan/ws_ros2/install/px4_msgs/include/px4_msgs/px4_msgs/msg/detail/iridiumsbd_status__functions.h\n'}
[1.552711] (px4_msgs) StdoutLine: {'line': b'-- Up-to-date: /home/stepan/ws_ros2/install/px4_msgs/include/px4_msgs/px4_msgs/msg/detail/gimbal_device_attitude_status__functions.c\n'}
[1.552770] (px4_msgs) StdoutLine: {'line': b'-- Up-to-date: /home/stepan/ws_ros2/install/px4_msgs/include/px4_msgs/px4_msgs/msg/detail/actuator_armed__struct.h\n'}
[1.552827] (px4_msgs) StdoutLine: {'line': b'-- Up-to-date: /home/stepan/ws_ros2/install/px4_msgs/include/px4_msgs/px4_msgs/msg/detail/mode_completed__functions.c\n'}
[1.552884] (px4_msgs) StdoutLine: {'line': b'-- Up-to-date: /home/stepan/ws_ros2/install/px4_msgs/include/px4_msgs/px4_msgs/msg/detail/iridiumsbd_status__functions.c\n'}
[1.552938] (px4_msgs) StdoutLine: {'line': b'-- Up-to-date: /home/stepan/ws_ros2/install/px4_msgs/include/px4_msgs/px4_msgs/msg/detail/failure_detector_status__functions.c\n'}
[1.552997] (px4_msgs) StdoutLine: {'line': b'-- Up-to-date: /home/stepan/ws_ros2/install/px4_msgs/include/px4_msgs/px4_msgs/msg/detail/estimator_event_flags__type_support.h\n'}
[1.553055] (px4_msgs) StdoutLine: {'line': b'-- Up-to-date: /home/stepan/ws_ros2/install/px4_msgs/include/px4_msgs/px4_msgs/msg/detail/manual_control_setpoint__struct.h\n'}
[1.553113] (px4_msgs) StdoutLine: {'line': b'-- Up-to-date: /home/stepan/ws_ros2/install/px4_msgs/include/px4_msgs/px4_msgs/msg/detail/airspeed__type_support.h\n'}
[1.553170] (px4_msgs) StdoutLine: {'line': b'-- Up-to-date: /home/stepan/ws_ros2/install/px4_msgs/include/px4_msgs/px4_msgs/msg/detail/ackermann_velocity_setpoint__type_support.h\n'}
[1.553228] (px4_msgs) StdoutLine: {'line': b'-- Up-to-date: /home/stepan/ws_ros2/install/px4_msgs/include/px4_msgs/px4_msgs/msg/detail/orb_test_medium__functions.h\n'}
[1.553286] (px4_msgs) StdoutLine: {'line': b'-- Up-to-date: /home/stepan/ws_ros2/install/px4_msgs/include/px4_msgs/px4_msgs/msg/detail/mavlink_tunnel__functions.h\n'}
[1.553344] (px4_msgs) StdoutLine: {'line': b'-- Up-to-date: /home/stepan/ws_ros2/install/px4_msgs/include/px4_msgs/px4_msgs/msg/detail/internal_combustion_engine_control__functions.c\n'}
[1.553419] (px4_msgs) StdoutLine: {'line': b'-- Up-to-date: /home/stepan/ws_ros2/install/px4_msgs/include/px4_msgs/px4_msgs/msg/detail/ekf2_timestamps__functions.c\n'}
[1.553480] (px4_msgs) StdoutLine: {'line': b'-- Up-to-date: /home/stepan/ws_ros2/install/px4_msgs/include/px4_msgs/px4_msgs/msg/detail/vehicle_angular_velocity__functions.h\n'}
[1.553538] (px4_msgs) StdoutLine: {'line': b'-- Up-to-date: /home/stepan/ws_ros2/install/px4_msgs/include/px4_msgs/px4_msgs/msg/detail/gimbal_controls__functions.c\n'}
[1.553914] (px4_msgs) StdoutLine: {'line': b'-- Up-to-date: /home/stepan/ws_ros2/install/px4_msgs/include/px4_msgs/px4_msgs/msg/detail/estimator_aid_source2d__functions.h\n'}
[1.554007] (px4_msgs) StdoutLine: {'line': b'-- Up-to-date: /home/stepan/ws_ros2/install/px4_msgs/include/px4_msgs/px4_msgs/msg/detail/vehicle_local_position__struct.h\n'}
[1.554067] (px4_msgs) StdoutLine: {'line': b'-- Up-to-date: /home/stepan/ws_ros2/install/px4_msgs/include/px4_msgs/px4_msgs/msg/detail/pure_pursuit_status__functions.c\n'}
[1.554124] (px4_msgs) StdoutLine: {'line': b'-- Up-to-date: /home/stepan/ws_ros2/install/px4_msgs/include/px4_msgs/px4_msgs/msg/detail/vehicle_optical_flow_vel__functions.c\n'}
[1.554183] (px4_msgs) StdoutLine: {'line': b'-- Up-to-date: /home/stepan/ws_ros2/install/px4_msgs/include/px4_msgs/px4_msgs/msg/detail/sensor_accel_fifo__functions.h\n'}
[1.554239] (px4_msgs) StdoutLine: {'line': b'-- Up-to-date: /home/stepan/ws_ros2/install/px4_msgs/include/px4_msgs/px4_msgs/msg/detail/actuator_motors__type_support.h\n'}
[1.554296] (px4_msgs) StdoutLine: {'line': b'-- Up-to-date: /home/stepan/ws_ros2/install/px4_msgs/include/px4_msgs/px4_msgs/msg/detail/sensor_optical_flow__type_support.h\n'}
[1.554353] (px4_msgs) StdoutLine: {'line': b'-- Up-to-date: /home/stepan/ws_ros2/install/px4_msgs/include/px4_msgs/px4_msgs/msg/detail/gps_dump__functions.h\n'}
[1.554489] (px4_msgs) StdoutLine: {'line': b'-- Up-to-date: /home/stepan/ws_ros2/install/px4_msgs/include/px4_msgs/px4_msgs/msg/detail/actuator_motors__struct.h\n'}
[1.554549] (px4_msgs) StdoutLine: {'line': b'-- Up-to-date: /home/stepan/ws_ros2/install/px4_msgs/include/px4_msgs/px4_msgs/msg/detail/orbit_status__type_support.h\n'}
[1.554607] (px4_msgs) StdoutLine: {'line': b'-- Up-to-date: /home/stepan/ws_ros2/install/px4_msgs/include/px4_msgs/px4_msgs/msg/detail/cpuload__functions.h\n'}
[1.554664] (px4_msgs) StdoutLine: {'line': b'-- Up-to-date: /home/stepan/ws_ros2/install/px4_msgs/include/px4_msgs/px4_msgs/msg/detail/landing_target_pose__functions.h\n'}
[1.554722] (px4_msgs) StdoutLine: {'line': b'-- Up-to-date: /home/stepan/ws_ros2/install/px4_msgs/include/px4_msgs/px4_msgs/msg/detail/vehicle_thrust_setpoint__struct.h\n'}
[1.554778] (px4_msgs) StdoutLine: {'line': b'-- Up-to-date: /home/stepan/ws_ros2/install/px4_msgs/include/px4_msgs/px4_msgs/msg/detail/mission_result__type_support.h\n'}
[1.554835] (px4_msgs) StdoutLine: {'line': b'-- Up-to-date: /home/stepan/ws_ros2/install/px4_msgs/include/px4_msgs/px4_msgs/msg/detail/estimator_status__functions.h\n'}
[1.554892] (px4_msgs) StdoutLine: {'line': b'-- Up-to-date: /home/stepan/ws_ros2/install/px4_msgs/include/px4_msgs/px4_msgs/msg/detail/pwm_input__functions.c\n'}
[1.554949] (px4_msgs) StdoutLine: {'line': b'-- Up-to-date: /home/stepan/ws_ros2/install/px4_msgs/include/px4_msgs/px4_msgs/msg/detail/vehicle_roi__functions.h\n'}
[1.555008] (px4_msgs) StdoutLine: {'line': b'-- Up-to-date: /home/stepan/ws_ros2/install/px4_msgs/include/px4_msgs/px4_msgs/msg/detail/geofence_result__functions.c\n'}
[1.555066] (px4_msgs) StdoutLine: {'line': b'-- Up-to-date: /home/stepan/ws_ros2/install/px4_msgs/include/px4_msgs/px4_msgs/msg/detail/qshell_retval__functions.h\n'}
[1.555122] (px4_msgs) StdoutLine: {'line': b'-- Up-to-date: /home/stepan/ws_ros2/install/px4_msgs/include/px4_msgs/px4_msgs/msg/detail/gps_dump__struct.h\n'}
[1.555179] (px4_msgs) StdoutLine: {'line': b'-- Up-to-date: /home/stepan/ws_ros2/install/px4_msgs/include/px4_msgs/px4_msgs/msg/detail/orbit_status__struct.h\n'}
[1.555236] (px4_msgs) StdoutLine: {'line': b'-- Up-to-date: /home/stepan/ws_ros2/install/px4_msgs/include/px4_msgs/px4_msgs/msg/detail/sensor_gps__struct.h\n'}
[1.555292] (px4_msgs) StdoutLine: {'line': b'-- Up-to-date: /home/stepan/ws_ros2/install/px4_msgs/include/px4_msgs/px4_msgs/msg/detail/debug_array__functions.h\n'}
[1.555350] (px4_msgs) StdoutLine: {'line': b'-- Up-to-date: /home/stepan/ws_ros2/install/px4_msgs/include/px4_msgs/px4_msgs/msg/detail/position_setpoint_triplet__struct.h\n'}
[1.555448] (px4_msgs) StdoutLine: {'line': b'-- Up-to-date: /home/stepan/ws_ros2/install/px4_msgs/include/px4_msgs/px4_msgs/msg/detail/gpio_config__functions.c\n'}
[1.555638] (px4_msgs) StdoutLine: {'line': b'-- Up-to-date: /home/stepan/ws_ros2/install/px4_msgs/include/px4_msgs/px4_msgs/msg/detail/position_controller_landing_status__functions.c\n'}
[1.555739] (px4_msgs) StdoutLine: {'line': b'-- Up-to-date: /home/stepan/ws_ros2/install/px4_msgs/include/px4_msgs/px4_msgs/msg/detail/open_drone_id_operator_id__struct.h\n'}
[1.555836] (px4_msgs) StdoutLine: {'line': b'-- Up-to-date: /home/stepan/ws_ros2/install/px4_msgs/include/px4_msgs/px4_msgs/msg/detail/config_overrides__functions.h\n'}
[1.555937] (px4_msgs) StdoutLine: {'line': b'-- Up-to-date: /home/stepan/ws_ros2/install/px4_msgs/include/px4_msgs/px4_msgs/msg/detail/transponder_report__functions.c\n'}
[1.556219] (px4_msgs) StdoutLine: {'line': b'-- Up-to-date: /home/stepan/ws_ros2/install/px4_msgs/include/px4_msgs/px4_msgs/msg/detail/offboard_control_mode__struct.h\n'}
[1.556346] (px4_msgs) StdoutLine: {'line': b'-- Up-to-date: /home/stepan/ws_ros2/install/px4_msgs/include/px4_msgs/px4_msgs/msg/detail/sensor_accel__functions.h\n'}
[1.556687] (px4_msgs) StdoutLine: {'line': b'-- Up-to-date: /home/stepan/ws_ros2/install/px4_msgs/include/px4_msgs/px4_msgs/msg/detail/vehicle_status__functions.h\n'}
[1.556766] (px4_msgs) StdoutLine: {'line': b'-- Up-to-date: /home/stepan/ws_ros2/install/px4_msgs/include/px4_msgs/px4_msgs/msg/detail/autotune_attitude_control_status__struct.h\n'}
[1.556863] (px4_msgs) StdoutLine: {'line': b'-- Up-to-date: /home/stepan/ws_ros2/install/px4_msgs/include/px4_msgs/px4_msgs/msg/detail/uavcan_parameter_value__functions.h\n'}
[1.556927] (px4_msgs) StdoutLine: {'line': b'-- Up-to-date: /home/stepan/ws_ros2/install/px4_msgs/include/px4_msgs/px4_msgs/msg/detail/landing_gear_wheel__functions.h\n'}
[1.557026] (px4_msgs) StdoutLine: {'line': b'-- Up-to-date: /home/stepan/ws_ros2/install/px4_msgs/include/px4_msgs/px4_msgs/msg/detail/position_setpoint__functions.h\n'}
[1.557087] (px4_msgs) StdoutLine: {'line': b'-- Up-to-date: /home/stepan/ws_ros2/install/px4_msgs/include/px4_msgs/px4_msgs/msg/detail/estimator_status__struct.h\n'}
[1.557155] (px4_msgs) StdoutLine: {'line': b'-- Up-to-date: /home/stepan/ws_ros2/install/px4_msgs/include/px4_msgs/px4_msgs/msg/detail/vehicle_air_data__functions.h\n'}
[1.557214] (px4_msgs) StdoutLine: {'line': b'-- Up-to-date: /home/stepan/ws_ros2/install/px4_msgs/include/px4_msgs/px4_msgs/msg/detail/gpio_out__type_support.h\n'}
[1.557271] (px4_msgs) StdoutLine: {'line': b'-- Up-to-date: /home/stepan/ws_ros2/install/px4_msgs/include/px4_msgs/px4_msgs/msg/detail/estimator_status_flags__type_support.h\n'}
[1.557327] (px4_msgs) StdoutLine: {'line': b'-- Up-to-date: /home/stepan/ws_ros2/install/px4_msgs/include/px4_msgs/px4_msgs/msg/detail/power_button_state__functions.h\n'}
[1.557400] (px4_msgs) StdoutLine: {'line': b'-- Up-to-date: /home/stepan/ws_ros2/install/px4_msgs/include/px4_msgs/px4_msgs/msg/detail/vehicle_optical_flow__functions.h\n'}
[1.557461] (px4_msgs) StdoutLine: {'line': b'-- Up-to-date: /home/stepan/ws_ros2/install/px4_msgs/include/px4_msgs/px4_msgs/msg/detail/manual_control_setpoint__functions.h\n'}
[1.557519] (px4_msgs) StdoutLine: {'line': b'-- Up-to-date: /home/stepan/ws_ros2/install/px4_msgs/include/px4_msgs/px4_msgs/msg/detail/vtol_vehicle_status__functions.h\n'}
[1.557576] (px4_msgs) StdoutLine: {'line': b'-- Up-to-date: /home/stepan/ws_ros2/install/px4_msgs/include/px4_msgs/px4_msgs/msg/detail/velocity_limits__functions.h\n'}
[1.557633] (px4_msgs) StdoutLine: {'line': b'-- Up-to-date: /home/stepan/ws_ros2/install/px4_msgs/include/px4_msgs/px4_msgs/msg/detail/sensor_gyro__functions.c\n'}
[1.557693] (px4_msgs) StdoutLine: {'line': b'-- Up-to-date: /home/stepan/ws_ros2/install/px4_msgs/include/px4_msgs/px4_msgs/msg/detail/magnetometer_bias_estimate__functions.c\n'}
[1.557752] (px4_msgs) StdoutLine: {'line': b'-- Up-to-date: /home/stepan/ws_ros2/install/px4_msgs/include/px4_msgs/px4_msgs/msg/detail/gimbal_manager_set_attitude__struct.h\n'}
[1.557814] (px4_msgs) StdoutLine: {'line': b'-- Up-to-date: /home/stepan/ws_ros2/install/px4_msgs/include/px4_msgs/px4_msgs/msg/detail/orb_test__struct.h\n'}
[1.557871] (px4_msgs) StdoutLine: {'line': b'-- Up-to-date: /home/stepan/ws_ros2/install/px4_msgs/include/px4_msgs/px4_msgs/msg/detail/sensor_optical_flow__functions.c\n'}
[1.557928] (px4_msgs) StdoutLine: {'line': b'-- Up-to-date: /home/stepan/ws_ros2/install/px4_msgs/include/px4_msgs/px4_msgs/msg/detail/actuator_controls_status__functions.h\n'}
[1.557986] (px4_msgs) StdoutLine: {'line': b'-- Up-to-date: /home/stepan/ws_ros2/install/px4_msgs/include/px4_msgs/px4_msgs/msg/detail/sensor_correction__functions.h\n'}
[1.558043] (px4_msgs) StdoutLine: {'line': b'-- Up-to-date: /home/stepan/ws_ros2/install/px4_msgs/include/px4_msgs/px4_msgs/msg/detail/unregister_ext_component__functions.h\n'}
[1.558100] (px4_msgs) StdoutLine: {'line': b'-- Up-to-date: /home/stepan/ws_ros2/install/px4_msgs/include/px4_msgs/px4_msgs/msg/detail/gimbal_manager_status__functions.h\n'}
[1.558157] (px4_msgs) StdoutLine: {'line': b'-- Up-to-date: /home/stepan/ws_ros2/install/px4_msgs/include/px4_msgs/px4_msgs/msg/detail/rate_ctrl_status__struct.h\n'}
[1.558214] (px4_msgs) StdoutLine: {'line': b'-- Up-to-date: /home/stepan/ws_ros2/install/px4_msgs/include/px4_msgs/px4_msgs/msg/detail/battery_status__struct.h\n'}
[1.558290] (px4_msgs) StdoutLine: {'line': b'-- Up-to-date: /home/stepan/ws_ros2/install/px4_msgs/include/px4_msgs/px4_msgs/msg/detail/rover_rate_status__functions.c\n'}
[1.558347] (px4_msgs) StdoutLine: {'line': b'-- Up-to-date: /home/stepan/ws_ros2/install/px4_msgs/include/px4_msgs/px4_msgs/msg/detail/vehicle_roi__type_support.h\n'}
[1.558505] (px4_msgs) StdoutLine: {'line': b'-- Up-to-date: /home/stepan/ws_ros2/install/px4_msgs/include/px4_msgs/px4_msgs/msg/detail/debug_value__functions.c\n'}
[1.558568] (px4_msgs) StdoutLine: {'line': b'-- Up-to-date: /home/stepan/ws_ros2/install/px4_msgs/include/px4_msgs/px4_msgs/msg/detail/sensor_combined__functions.c\n'}
[1.558622] (px4_msgs) StdoutLine: {'line': b'-- Up-to-date: /home/stepan/ws_ros2/install/px4_msgs/include/px4_msgs/px4_msgs/msg/detail/failure_detector_status__functions.h\n'}
[1.558679] (px4_msgs) StdoutLine: {'line': b'-- Up-to-date: /home/stepan/ws_ros2/install/px4_msgs/include/px4_msgs/px4_msgs/msg/detail/gpio_config__type_support.h\n'}
[1.558737] (px4_msgs) StdoutLine: {'line': b'-- Up-to-date: /home/stepan/ws_ros2/install/px4_msgs/include/px4_msgs/px4_msgs/msg/detail/input_rc__struct.h\n'}
[1.558794] (px4_msgs) StdoutLine: {'line': b'-- Up-to-date: /home/stepan/ws_ros2/install/px4_msgs/include/px4_msgs/px4_msgs/msg/detail/vehicle_global_position__functions.h\n'}
[1.558878] (px4_msgs) StdoutLine: {'line': b'-- Up-to-date: /home/stepan/ws_ros2/install/px4_msgs/include/px4_msgs/px4_msgs/msg/detail/internal_combustion_engine_control__struct.h\n'}
[1.558938] (px4_msgs) StdoutLine: {'line': b'-- Up-to-date: /home/stepan/ws_ros2/install/px4_msgs/include/px4_msgs/px4_msgs/msg/detail/vehicle_acceleration__struct.h\n'}
[1.558995] (px4_msgs) StdoutLine: {'line': b'-- Up-to-date: /home/stepan/ws_ros2/install/px4_msgs/include/px4_msgs/px4_msgs/msg/detail/follow_target_estimator__struct.h\n'}
[1.559051] (px4_msgs) StdoutLine: {'line': b'-- Up-to-date: /home/stepan/ws_ros2/install/px4_msgs/include/px4_msgs/px4_msgs/msg/detail/landing_target_pose__functions.c\n'}
[1.559152] (px4_msgs) StdoutLine: {'line': b'-- Up-to-date: /home/stepan/ws_ros2/install/px4_msgs/include/px4_msgs/px4_msgs/msg/detail/log_message__functions.h\n'}
[1.559211] (px4_msgs) StdoutLine: {'line': b'-- Up-to-date: /home/stepan/ws_ros2/install/px4_msgs/include/px4_msgs/px4_msgs/msg/detail/internal_combustion_engine_control__functions.h\n'}
[1.559268] (px4_msgs) StdoutLine: {'line': b'-- Up-to-date: /home/stepan/ws_ros2/install/px4_msgs/include/px4_msgs/px4_msgs/msg/detail/manual_control_switches__functions.c\n'}
[1.559324] (px4_msgs) StdoutLine: {'line': b'-- Up-to-date: /home/stepan/ws_ros2/install/px4_msgs/include/px4_msgs/px4_msgs/msg/detail/distance_sensor_mode_change_request__functions.h\n'}
[1.559391] (px4_msgs) StdoutLine: {'line': b'-- Up-to-date: /home/stepan/ws_ros2/install/px4_msgs/include/px4_msgs/px4_msgs/msg/detail/obstacle_distance__functions.c\n'}
[1.559463] (px4_msgs) StdoutLine: {'line': b'-- Up-to-date: /home/stepan/ws_ros2/install/px4_msgs/include/px4_msgs/px4_msgs/msg/detail/orb_test_medium__functions.c\n'}
[1.559569] (px4_msgs) StdoutLine: {'line': b'-- Up-to-date: /home/stepan/ws_ros2/install/px4_msgs/include/px4_msgs/px4_msgs/msg/detail/rover_rate_setpoint__type_support.h\n'}
[1.559666] (px4_msgs) StdoutLine: {'line': b'-- Up-to-date: /home/stepan/ws_ros2/install/px4_msgs/include/px4_msgs/px4_msgs/msg/detail/telemetry_status__struct.h\n'}
[1.559726] (px4_msgs) StdoutLine: {'line': b'-- Up-to-date: /home/stepan/ws_ros2/install/px4_msgs/include/px4_msgs/px4_msgs/msg/detail/gripper__type_support.h\n'}
[1.559785] (px4_msgs) StdoutLine: {'line': b'-- Up-to-date: /home/stepan/ws_ros2/install/px4_msgs/include/px4_msgs/px4_msgs/msg/detail/gpio_request__functions.h\n'}
[1.559841] (px4_msgs) StdoutLine: {'line': b'-- Up-to-date: /home/stepan/ws_ros2/install/px4_msgs/include/px4_msgs/px4_msgs/msg/detail/takeoff_status__functions.h\n'}
[1.559899] (px4_msgs) StdoutLine: {'line': b'-- Up-to-date: /home/stepan/ws_ros2/install/px4_msgs/include/px4_msgs/px4_msgs/msg/detail/mavlink_tunnel__type_support.h\n'}
[1.559998] (px4_msgs) StdoutLine: {'line': b'-- Up-to-date: /home/stepan/ws_ros2/install/px4_msgs/include/px4_msgs/px4_msgs/msg/detail/rtl_time_estimate__struct.h\n'}
[1.560095] (px4_msgs) StdoutLine: {'line': b'-- Up-to-date: /home/stepan/ws_ros2/install/px4_msgs/include/px4_msgs/px4_msgs/msg/detail/sensor_airflow__type_support.h\n'}
[1.560163] (px4_msgs) StdoutLine: {'line': b'-- Up-to-date: /home/stepan/ws_ros2/install/px4_msgs/include/px4_msgs/px4_msgs/msg/detail/parameter_set_value_response__type_support.h\n'}
[1.560247] (px4_msgs) StdoutLine: {'line': b'-- Up-to-date: /home/stepan/ws_ros2/install/px4_msgs/include/px4_msgs/px4_msgs/msg/detail/gimbal_manager_set_attitude__functions.c\n'}
[1.560342] (px4_msgs) StdoutLine: {'line': b'-- Up-to-date: /home/stepan/ws_ros2/install/px4_msgs/include/px4_msgs/px4_msgs/msg/detail/gimbal_manager_set_manual_control__functions.c\n'}
[1.560517] (px4_msgs) StdoutLine: {'line': b'-- Up-to-date: /home/stepan/ws_ros2/install/px4_msgs/include/px4_msgs/px4_msgs/msg/detail/vehicle_air_data__struct.h\n'}
[1.560581] (px4_msgs) StdoutLine: {'line': b'-- Up-to-date: /home/stepan/ws_ros2/install/px4_msgs/include/px4_msgs/px4_msgs/msg/detail/gimbal_controls__type_support.h\n'}
[1.560638] (px4_msgs) StdoutLine: {'line': b'-- Up-to-date: /home/stepan/ws_ros2/install/px4_msgs/include/px4_msgs/px4_msgs/msg/detail/uavcan_parameter_request__functions.h\n'}
[1.560695] (px4_msgs) StdoutLine: {'line': b'-- Up-to-date: /home/stepan/ws_ros2/install/px4_msgs/include/px4_msgs/px4_msgs/msg/detail/orb_test_large__struct.h\n'}
[1.560751] (px4_msgs) StdoutLine: {'line': b'-- Up-to-date: /home/stepan/ws_ros2/install/px4_msgs/include/px4_msgs/px4_msgs/msg/detail/vehicle_torque_setpoint__functions.h\n'}
[1.560807] (px4_msgs) StdoutLine: {'line': b'-- Up-to-date: /home/stepan/ws_ros2/install/px4_msgs/include/px4_msgs/px4_msgs/msg/detail/gimbal_manager_information__functions.h\n'}
[1.560863] (px4_msgs) StdoutLine: {'line': b'-- Up-to-date: /home/stepan/ws_ros2/install/px4_msgs/include/px4_msgs/px4_msgs/msg/detail/rover_rate_status__functions.h\n'}
[1.560918] (px4_msgs) StdoutLine: {'line': b'-- Up-to-date: /home/stepan/ws_ros2/install/px4_msgs/include/px4_msgs/px4_msgs/msg/detail/estimator_aid_source1d__type_support.h\n'}
[1.560974] (px4_msgs) StdoutLine: {'line': b'-- Up-to-date: /home/stepan/ws_ros2/install/px4_msgs/include/px4_msgs/px4_msgs/msg/detail/vehicle_air_data__functions.c\n'}
[1.561030] (px4_msgs) StdoutLine: {'line': b'-- Up-to-date: /home/stepan/ws_ros2/install/px4_msgs/include/px4_msgs/px4_msgs/msg/detail/velocity_limits__functions.c\n'}
[1.561244] (px4_msgs) StdoutLine: {'line': b'-- Up-to-date: /home/stepan/ws_ros2/install/px4_msgs/include/px4_msgs/px4_msgs/msg/detail/debug_vect__functions.h\n'}
[1.561302] (px4_msgs) StdoutLine: {'line': b'-- Up-to-date: /home/stepan/ws_ros2/install/px4_msgs/include/px4_msgs/px4_msgs/msg/detail/tune_control__functions.h\n'}
[1.561365] (px4_msgs) StdoutLine: {'line': b'-- Up-to-date: /home/stepan/ws_ros2/install/px4_msgs/include/px4_msgs/px4_msgs/msg/detail/vehicle_attitude__type_support.h\n'}
[1.561560] (px4_msgs) StdoutLine: {'line': b'-- Up-to-date: /home/stepan/ws_ros2/install/px4_msgs/include/px4_msgs/px4_msgs/msg/detail/sensor_baro__struct.h\n'}
[1.561619] (px4_msgs) StdoutLine: {'line': b'-- Up-to-date: /home/stepan/ws_ros2/install/px4_msgs/include/px4_msgs/px4_msgs/msg/detail/sensor_mag__struct.h\n'}
[1.561677] (px4_msgs) StdoutLine: {'line': b'-- Up-to-date: /home/stepan/ws_ros2/install/px4_msgs/include/px4_msgs/px4_msgs/msg/detail/ekf2_timestamps__struct.h\n'}
[1.561734] (px4_msgs) StdoutLine: {'line': b'-- Up-to-date: /home/stepan/ws_ros2/install/px4_msgs/include/px4_msgs/px4_msgs/msg/detail/vehicle_angular_velocity__functions.c\n'}
[1.561867] (px4_msgs) StdoutLine: {'line': b'-- Up-to-date: /home/stepan/ws_ros2/install/px4_msgs/include/px4_msgs/px4_msgs/msg/detail/launch_detection_status__functions.h\n'}
[1.561926] (px4_msgs) StdoutLine: {'line': b'-- Up-to-date: /home/stepan/ws_ros2/install/px4_msgs/include/px4_msgs/px4_msgs/msg/detail/open_drone_id_self_id__struct.h\n'}
[1.562009] (px4_msgs) StdoutLine: {'line': b'-- Up-to-date: /home/stepan/ws_ros2/install/px4_msgs/include/px4_msgs/px4_msgs/msg/detail/actuator_test__struct.h\n'}
[1.562075] (px4_msgs) StdoutLine: {'line': b'-- Up-to-date: /home/stepan/ws_ros2/install/px4_msgs/include/px4_msgs/px4_msgs/msg/detail/sensor_baro__type_support.h\n'}
[1.562134] (px4_msgs) StdoutLine: {'line': b'-- Up-to-date: /home/stepan/ws_ros2/install/px4_msgs/include/px4_msgs/px4_msgs/msg/detail/message_format_response__type_support.h\n'}
[1.562191] (px4_msgs) StdoutLine: {'line': b'-- Up-to-date: /home/stepan/ws_ros2/install/px4_msgs/include/px4_msgs/px4_msgs/msg/detail/wind__functions.c\n'}
[1.562247] (px4_msgs) StdoutLine: {'line': b'-- Up-to-date: /home/stepan/ws_ros2/install/px4_msgs/include/px4_msgs/px4_msgs/msg/detail/vehicle_status__type_support.h\n'}
[1.562303] (px4_msgs) StdoutLine: {'line': b'-- Up-to-date: /home/stepan/ws_ros2/install/px4_msgs/include/px4_msgs/px4_msgs/msg/detail/rover_throttle_setpoint__functions.c\n'}
[1.562365] (px4_msgs) StdoutLine: {'line': b'-- Up-to-date: /home/stepan/ws_ros2/install/px4_msgs/include/px4_msgs/px4_msgs/msg/detail/wheel_encoders__functions.h\n'}
[1.562446] (px4_msgs) StdoutLine: {'line': b'-- Up-to-date: /home/stepan/ws_ros2/install/px4_msgs/include/px4_msgs/px4_msgs/msg/detail/estimator_aid_source1d__struct.h\n'}
[1.562503] (px4_msgs) StdoutLine: {'line': b'-- Up-to-date: /home/stepan/ws_ros2/install/px4_msgs/include/px4_msgs/px4_msgs/msg/detail/vehicle_attitude_setpoint__struct.h\n'}
[1.562558] (px4_msgs) StdoutLine: {'line': b'-- Up-to-date: /home/stepan/ws_ros2/install/px4_msgs/include/px4_msgs/px4_msgs/msg/detail/sensor_hygrometer__type_support.h\n'}
[1.562614] (px4_msgs) StdoutLine: {'line': b'-- Up-to-date: /home/stepan/ws_ros2/install/px4_msgs/include/px4_msgs/px4_msgs/msg/detail/can_interface_status__type_support.h\n'}
[1.562671] (px4_msgs) StdoutLine: {'line': b'-- Up-to-date: /home/stepan/ws_ros2/install/px4_msgs/include/px4_msgs/px4_msgs/msg/detail/figure_eight_status__functions.c\n'}
[1.562727] (px4_msgs) StdoutLine: {'line': b'-- Up-to-date: /home/stepan/ws_ros2/install/px4_msgs/include/px4_msgs/px4_msgs/msg/detail/telemetry_status__type_support.h\n'}
[1.562783] (px4_msgs) StdoutLine: {'line': b'-- Up-to-date: /home/stepan/ws_ros2/install/px4_msgs/include/px4_msgs/px4_msgs/msg/detail/ping__type_support.h\n'}
[1.562839] (px4_msgs) StdoutLine: {'line': b'-- Up-to-date: /home/stepan/ws_ros2/install/px4_msgs/include/px4_msgs/px4_msgs/msg/detail/gimbal_device_information__functions.c\n'}
[1.562896] (px4_msgs) StdoutLine: {'line': b'-- Up-to-date: /home/stepan/ws_ros2/install/px4_msgs/include/px4_msgs/px4_msgs/msg/detail/task_stack_info__functions.h\n'}
[1.562952] (px4_msgs) StdoutLine: {'line': b'-- Up-to-date: /home/stepan/ws_ros2/install/px4_msgs/include/px4_msgs/px4_msgs/msg/detail/launch_detection_status__functions.c\n'}
[1.563007] (px4_msgs) StdoutLine: {'line': b'-- Up-to-date: /home/stepan/ws_ros2/install/px4_msgs/include/px4_msgs/px4_msgs/msg/detail/vehicle_command_ack__functions.c\n'}
[1.563063] (px4_msgs) StdoutLine: {'line': b'-- Up-to-date: /home/stepan/ws_ros2/install/px4_msgs/include/px4_msgs/px4_msgs/msg/detail/vehicle_optical_flow_vel__type_support.h\n'}
[1.563119] (px4_msgs) StdoutLine: {'line': b'-- Up-to-date: /home/stepan/ws_ros2/install/px4_msgs/include/px4_msgs/px4_msgs/msg/detail/message_format_request__type_support.h\n'}
[1.563175] (px4_msgs) StdoutLine: {'line': b'-- Up-to-date: /home/stepan/ws_ros2/install/px4_msgs/include/px4_msgs/px4_msgs/msg/detail/tecs_status__functions.c\n'}
[1.563231] (px4_msgs) StdoutLine: {'line': b'-- Up-to-date: /home/stepan/ws_ros2/install/px4_msgs/include/px4_msgs/px4_msgs/msg/detail/radio_status__type_support.h\n'}
[1.563337] (px4_msgs) StdoutLine: {'line': b'-- Up-to-date: /home/stepan/ws_ros2/install/px4_msgs/include/px4_msgs/px4_msgs/msg/detail/gps_inject_data__functions.h\n'}
[1.563409] (px4_msgs) StdoutLine: {'line': b'-- Up-to-date: /home/stepan/ws_ros2/install/px4_msgs/include/px4_msgs/px4_msgs/msg/detail/sensor_gyro_fifo__functions.c\n'}
[1.563666] (px4_msgs) StdoutLine: {'line': b'-- Up-to-date: /home/stepan/ws_ros2/install/px4_msgs/include/px4_msgs/px4_msgs/msg/detail/rtl_status__struct.h\n'}
[1.563725] (px4_msgs) StdoutLine: {'line': b'-- Up-to-date: /home/stepan/ws_ros2/install/px4_msgs/include/px4_msgs/px4_msgs/msg/detail/irlock_report__functions.c\n'}
[1.563783] (px4_msgs) StdoutLine: {'line': b'-- Up-to-date: /home/stepan/ws_ros2/install/px4_msgs/include/px4_msgs/px4_msgs/msg/detail/sensor_correction__functions.c\n'}
[1.563961] (px4_msgs) StdoutLine: {'line': b'-- Up-to-date: /home/stepan/ws_ros2/install/px4_msgs/include/px4_msgs/px4_msgs/msg/detail/trajectory_setpoint6dof__functions.h\n'}
[1.564101] (px4_msgs) StdoutLine: {'line': b'-- Up-to-date: /home/stepan/ws_ros2/install/px4_msgs/include/px4_msgs/px4_msgs/msg/detail/cpuload__struct.h\n'}
[1.564201] (px4_msgs) StdoutLine: {'line': b'-- Up-to-date: /home/stepan/ws_ros2/install/px4_msgs/include/px4_msgs/px4_msgs/msg/detail/can_interface_status__functions.c\n'}
[1.564263] (px4_msgs) StdoutLine: {'line': b'-- Up-to-date: /home/stepan/ws_ros2/install/px4_msgs/include/px4_msgs/px4_msgs/msg/detail/tecs_status__functions.h\n'}
[1.564320] (px4_msgs) StdoutLine: {'line': b'-- Up-to-date: /home/stepan/ws_ros2/install/px4_msgs/include/px4_msgs/px4_msgs/msg/detail/vehicle_command__functions.h\n'}
[1.564500] (px4_msgs) StdoutLine: {'line': b'-- Up-to-date: /home/stepan/ws_ros2/install/px4_msgs/include/px4_msgs/px4_msgs/msg/detail/sensors_status__type_support.h\n'}
[1.564582] (px4_msgs) StdoutLine: {'line': b'-- Up-to-date: /home/stepan/ws_ros2/install/px4_msgs/include/px4_msgs/px4_msgs/msg/detail/internal_combustion_engine_status__type_support.h\n'}
[1.564641] (px4_msgs) StdoutLine: {'line': b'-- Up-to-date: /home/stepan/ws_ros2/install/px4_msgs/include/px4_msgs/px4_msgs/msg/detail/power_monitor__functions.h\n'}
[1.564701] (px4_msgs) StdoutLine: {'line': b'-- Up-to-date: /home/stepan/ws_ros2/install/px4_msgs/include/px4_msgs/px4_msgs/msg/detail/landing_gear__functions.h\n'}
[1.564758] (px4_msgs) StdoutLine: {'line': b'-- Up-to-date: /home/stepan/ws_ros2/install/px4_msgs/include/px4_msgs/px4_msgs/msg/detail/ackermann_velocity_setpoint__functions.c\n'}
[1.564816] (px4_msgs) StdoutLine: {'line': b'-- Up-to-date: /home/stepan/ws_ros2/install/px4_msgs/include/px4_msgs/px4_msgs/msg/detail/mission__functions.c\n'}
[1.564873] (px4_msgs) StdoutLine: {'line': b'-- Up-to-date: /home/stepan/ws_ros2/install/px4_msgs/include/px4_msgs/px4_msgs/msg/detail/geofence_result__struct.h\n'}
[1.564931] (px4_msgs) StdoutLine: {'line': b'-- Up-to-date: /home/stepan/ws_ros2/install/px4_msgs/include/px4_msgs/px4_msgs/msg/detail/npfg_status__struct.h\n'}
[1.564988] (px4_msgs) StdoutLine: {'line': b'-- Up-to-date: /home/stepan/ws_ros2/install/px4_msgs/include/px4_msgs/px4_msgs/msg/detail/sensor_gnss_relative__type_support.h\n'}
[1.565048] (px4_msgs) StdoutLine: {'line': b'-- Up-to-date: /home/stepan/ws_ros2/install/px4_msgs/include/px4_msgs/px4_msgs/msg/detail/vehicle_roi__struct.h\n'}
[1.565104] (px4_msgs) StdoutLine: {'line': b'-- Up-to-date: /home/stepan/ws_ros2/install/px4_msgs/include/px4_msgs/px4_msgs/msg/detail/heater_status__functions.c\n'}
[1.565161] (px4_msgs) StdoutLine: {'line': b'-- Up-to-date: /home/stepan/ws_ros2/install/px4_msgs/include/px4_msgs/px4_msgs/msg/detail/vehicle_attitude__struct.h\n'}
[1.565218] (px4_msgs) StdoutLine: {'line': b'-- Up-to-date: /home/stepan/ws_ros2/install/px4_msgs/include/px4_msgs/px4_msgs/msg/detail/can_interface_status__struct.h\n'}
[1.565274] (px4_msgs) StdoutLine: {'line': b'-- Up-to-date: /home/stepan/ws_ros2/install/px4_msgs/include/px4_msgs/px4_msgs/msg/detail/ulog_stream__struct.h\n'}
[1.565330] (px4_msgs) StdoutLine: {'line': b'-- Up-to-date: /home/stepan/ws_ros2/install/px4_msgs/include/px4_msgs/px4_msgs/msg/detail/landing_gear__struct.h\n'}
[1.565422] (px4_msgs) StdoutLine: {'line': b'-- Up-to-date: /home/stepan/ws_ros2/install/px4_msgs/include/px4_msgs/px4_msgs/msg/detail/button_event__struct.h\n'}
[1.565483] (px4_msgs) StdoutLine: {'line': b'-- Up-to-date: /home/stepan/ws_ros2/install/px4_msgs/include/px4_msgs/px4_msgs/msg/detail/home_position__struct.h\n'}
[1.565609] (px4_msgs) StdoutLine: {'line': b'-- Up-to-date: /home/stepan/ws_ros2/install/px4_msgs/include/px4_msgs/px4_msgs/msg/detail/fuel_tank_status__struct.h\n'}
[1.565667] (px4_msgs) StdoutLine: {'line': b'-- Up-to-date: /home/stepan/ws_ros2/install/px4_msgs/include/px4_msgs/px4_msgs/msg/detail/hover_thrust_estimate__functions.c\n'}
[1.565724] (px4_msgs) StdoutLine: {'line': b'-- Up-to-date: /home/stepan/ws_ros2/install/px4_msgs/include/px4_msgs/px4_msgs/msg/detail/mount_orientation__functions.c\n'}
[1.565781] (px4_msgs) StdoutLine: {'line': b'-- Up-to-date: /home/stepan/ws_ros2/install/px4_msgs/include/px4_msgs/px4_msgs/msg/detail/message_format_response__functions.c\n'}
[1.565837] (px4_msgs) StdoutLine: {'line': b'-- Up-to-date: /home/stepan/ws_ros2/install/px4_msgs/include/px4_msgs/px4_msgs/msg/detail/open_drone_id_operator_id__functions.h\n'}
[1.565947] (px4_msgs) StdoutLine: {'line': b'-- Up-to-date: /home/stepan/ws_ros2/install/px4_msgs/include/px4_msgs/px4_msgs/msg/detail/pure_pursuit_status__functions.h\n'}
[1.566008] (px4_msgs) StdoutLine: {'line': b'-- Up-to-date: /home/stepan/ws_ros2/install/px4_msgs/include/px4_msgs/px4_msgs/msg/detail/orb_test__type_support.h\n'}
[1.566076] (px4_msgs) StdoutLine: {'line': b'-- Up-to-date: /home/stepan/ws_ros2/install/px4_msgs/include/px4_msgs/px4_msgs/msg/detail/estimator_bias__functions.h\n'}
[1.566134] (px4_msgs) StdoutLine: {'line': b'-- Up-to-date: /home/stepan/ws_ros2/install/px4_msgs/include/px4_msgs/px4_msgs/msg/detail/internal_combustion_engine_status__functions.c\n'}
[1.566190] (px4_msgs) StdoutLine: {'line': b'-- Up-to-date: /home/stepan/ws_ros2/install/px4_msgs/include/px4_msgs/px4_msgs/msg/detail/sensor_gyro_fifo__type_support.h\n'}
[1.566246] (px4_msgs) StdoutLine: {'line': b'-- Up-to-date: /home/stepan/ws_ros2/install/px4_msgs/include/px4_msgs/px4_msgs/msg/detail/vehicle_status__struct.h\n'}
[1.566301] (px4_msgs) StdoutLine: {'line': b'-- Up-to-date: /home/stepan/ws_ros2/install/px4_msgs/include/px4_msgs/px4_msgs/msg/detail/register_ext_component_reply__struct.h\n'}
[1.566355] (px4_msgs) StdoutLine: {'line': b'-- Up-to-date: /home/stepan/ws_ros2/install/px4_msgs/include/px4_msgs/px4_msgs/msg/detail/config_overrides__struct.h\n'}
[1.566475] (px4_msgs) StdoutLine: {'line': b'-- Up-to-date: /home/stepan/ws_ros2/install/px4_msgs/include/px4_msgs/px4_msgs/msg/detail/geofence_status__struct.h\n'}
[1.566531] (px4_msgs) StdoutLine: {'line': b'-- Up-to-date: /home/stepan/ws_ros2/install/px4_msgs/include/px4_msgs/px4_msgs/msg/detail/px4io_status__struct.h\n'}
[1.566587] (px4_msgs) StdoutLine: {'line': b'-- Up-to-date: /home/stepan/ws_ros2/install/px4_msgs/include/px4_msgs/px4_msgs/msg/detail/vehicle_imu_status__struct.h\n'}
[1.566642] (px4_msgs) StdoutLine: {'line': b'-- Up-to-date: /home/stepan/ws_ros2/install/px4_msgs/include/px4_msgs/px4_msgs/msg/detail/sensor_gyro__functions.h\n'}
[1.566816] (px4_msgs) StdoutLine: {'line': b'-- Up-to-date: /home/stepan/ws_ros2/install/px4_msgs/include/px4_msgs/px4_msgs/msg/detail/manual_control_switches__struct.h\n'}
[1.566873] (px4_msgs) StdoutLine: {'line': b'-- Up-to-date: /home/stepan/ws_ros2/install/px4_msgs/include/px4_msgs/px4_msgs/msg/detail/rate_ctrl_status__functions.c\n'}
[1.566928] (px4_msgs) StdoutLine: {'line': b'-- Up-to-date: /home/stepan/ws_ros2/install/px4_msgs/include/px4_msgs/px4_msgs/msg/detail/gimbal_device_set_attitude__type_support.h\n'}
[1.566983] (px4_msgs) StdoutLine: {'line': b'-- Up-to-date: /home/stepan/ws_ros2/install/px4_msgs/include/px4_msgs/px4_msgs/msg/detail/vehicle_land_detected__type_support.h\n'}
[1.567038] (px4_msgs) StdoutLine: {'line': b'-- Up-to-date: /home/stepan/ws_ros2/install/px4_msgs/include/px4_msgs/px4_msgs/msg/detail/vehicle_magnetometer__type_support.h\n'}
[1.567093] (px4_msgs) StdoutLine: {'line': b'-- Up-to-date: /home/stepan/ws_ros2/install/px4_msgs/include/px4_msgs/px4_msgs/msg/detail/actuator_servos__functions.c\n'}
[1.567164] (px4_msgs) StdoutLine: {'line': b'-- Up-to-date: /home/stepan/ws_ros2/install/px4_msgs/include/px4_msgs/px4_msgs/msg/detail/ping__struct.h\n'}
[1.567220] (px4_msgs) StdoutLine: {'line': b'-- Up-to-date: /home/stepan/ws_ros2/install/px4_msgs/include/px4_msgs/px4_msgs/msg/detail/satellite_info__struct.h\n'}
[1.567275] (px4_msgs) StdoutLine: {'line': b'-- Up-to-date: /home/stepan/ws_ros2/install/px4_msgs/include/px4_msgs/px4_msgs/msg/detail/gimbal_manager_status__functions.c\n'}
[1.567338] (px4_msgs) StdoutLine: {'line': b'-- Up-to-date: /home/stepan/ws_ros2/install/px4_msgs/include/px4_msgs/px4_msgs/msg/detail/timesync_status__functions.c\n'}
[1.567531] (px4_msgs) StdoutLine: {'line': b'-- Up-to-date: /home/stepan/ws_ros2/install/px4_msgs/include/px4_msgs/px4_msgs/msg/detail/vehicle_constraints__struct.h\n'}
[1.567609] (px4_msgs) StdoutLine: {'line': b'-- Up-to-date: /home/stepan/ws_ros2/install/px4_msgs/include/px4_msgs/px4_msgs/msg/detail/manual_control_setpoint__functions.c\n'}
[1.567668] (px4_msgs) StdoutLine: {'line': b'-- Up-to-date: /home/stepan/ws_ros2/install/px4_msgs/include/px4_msgs/px4_msgs/msg/detail/dataman_response__functions.h\n'}
[1.567725] (px4_msgs) StdoutLine: {'line': b'-- Up-to-date: /home/stepan/ws_ros2/install/px4_msgs/include/px4_msgs/px4_msgs/msg/detail/open_drone_id_system__struct.h\n'}
[1.567780] (px4_msgs) StdoutLine: {'line': b'-- Up-to-date: /home/stepan/ws_ros2/install/px4_msgs/include/px4_msgs/px4_msgs/msg/detail/estimator_event_flags__struct.h\n'}
[1.567835] (px4_msgs) StdoutLine: {'line': b'-- Up-to-date: /home/stepan/ws_ros2/install/px4_msgs/include/px4_msgs/px4_msgs/msg/detail/estimator_bias__type_support.h\n'}
[1.567920] (px4_msgs) StdoutLine: {'line': b'-- Up-to-date: /home/stepan/ws_ros2/install/px4_msgs/include/px4_msgs/px4_msgs/msg/detail/onboard_computer_status__functions.c\n'}
[1.568018] (px4_msgs) StdoutLine: {'line': b'-- Up-to-date: /home/stepan/ws_ros2/install/px4_msgs/include/px4_msgs/px4_msgs/msg/detail/gimbal_manager_set_manual_control__functions.h\n'}
[1.568120] (px4_msgs) StdoutLine: {'line': b'-- Up-to-date: /home/stepan/ws_ros2/install/px4_msgs/include/px4_msgs/px4_msgs/msg/detail/trajectory_setpoint__type_support.h\n'}
[1.568218] (px4_msgs) StdoutLine: {'line': b'-- Up-to-date: /home/stepan/ws_ros2/install/px4_msgs/include/px4_msgs/px4_msgs/msg/detail/fuel_tank_status__type_support.h\n'}
[1.568340] (px4_msgs) StdoutLine: {'line': b'-- Up-to-date: /home/stepan/ws_ros2/install/px4_msgs/include/px4_msgs/px4_msgs/msg/detail/tiltrotor_extra_controls__functions.c\n'}
[1.568507] (px4_msgs) StdoutLine: {'line': b'-- Up-to-date: /home/stepan/ws_ros2/install/px4_msgs/include/px4_msgs/px4_msgs/msg/detail/rc_channels__functions.c\n'}
[1.568568] (px4_msgs) StdoutLine: {'line': b'-- Up-to-date: /home/stepan/ws_ros2/install/px4_msgs/include/px4_msgs/px4_msgs/msg/detail/estimator_status__type_support.h\n'}
[1.568625] (px4_msgs) StdoutLine: {'line': b'-- Up-to-date: /home/stepan/ws_ros2/install/px4_msgs/include/px4_msgs/px4_msgs/msg/detail/rc_channels__struct.h\n'}
[1.568680] (px4_msgs) StdoutLine: {'line': b'-- Up-to-date: /home/stepan/ws_ros2/install/px4_msgs/include/px4_msgs/px4_msgs/msg/detail/open_drone_id_self_id__type_support.h\n'}
[1.568736] (px4_msgs) StdoutLine: {'line': b'-- Up-to-date: /home/stepan/ws_ros2/install/px4_msgs/include/px4_msgs/px4_msgs/msg/detail/vehicle_attitude__functions.c\n'}
[1.568791] (px4_msgs) StdoutLine: {'line': b'-- Up-to-date: /home/stepan/ws_ros2/install/px4_msgs/include/px4_msgs/px4_msgs/msg/navigator_mission_item.h\n'}
[1.568844] (px4_msgs) StdoutLine: {'line': b'-- Up-to-date: /home/stepan/ws_ros2/install/px4_msgs/include/px4_msgs/px4_msgs/msg/sensor_preflight_mag.h\n'}
[1.568898] (px4_msgs) StdoutLine: {'line': b'-- Up-to-date: /home/stepan/ws_ros2/install/px4_msgs/include/px4_msgs/px4_msgs/msg/pps_capture.h\n'}
[1.568952] (px4_msgs) StdoutLine: {'line': b'-- Up-to-date: /home/stepan/ws_ros2/install/px4_msgs/include/px4_msgs/px4_msgs/msg/rpm.h\n'}
[1.569005] (px4_msgs) StdoutLine: {'line': b'-- Up-to-date: /home/stepan/ws_ros2/install/px4_msgs/include/px4_msgs/px4_msgs/msg/uavcan_parameter_request.h\n'}
[1.569077] (px4_msgs) StdoutLine: {'line': b'-- Up-to-date: /home/stepan/ws_ros2/install/px4_msgs/include/px4_msgs/px4_msgs/msg/collision_constraints.h\n'}
[1.569132] (px4_msgs) StdoutLine: {'line': b'-- Up-to-date: /home/stepan/ws_ros2/install/px4_msgs/include/px4_msgs/px4_msgs/msg/failure_detector_status.h\n'}
[1.569185] (px4_msgs) StdoutLine: {'line': b'-- Up-to-date: /home/stepan/ws_ros2/install/px4_msgs/include/px4_msgs/px4_msgs/msg/manual_control_switches.h\n'}
[1.569313] (px4_msgs) StdoutLine: {'line': b'-- Up-to-date: /home/stepan/ws_ros2/install/px4_msgs/include/px4_msgs/px4_msgs/msg/mount_orientation.h\n'}
[1.569372] (px4_msgs) StdoutLine: {'line': b'-- Up-to-date: /home/stepan/ws_ros2/install/px4_msgs/include/px4_msgs/px4_msgs/msg/vehicle_attitude_setpoint.h\n'}
[1.569430] (px4_msgs) StdoutLine: {'line': b'-- Up-to-date: /home/stepan/ws_ros2/install/px4_msgs/include/px4_msgs/px4_msgs/msg/vehicle_magnetometer.h\n'}
[1.569480] (px4_msgs) StdoutLine: {'line': b'-- Up-to-date: /home/stepan/ws_ros2/install/px4_msgs/include/px4_msgs/px4_msgs/msg/obstacle_distance.h\n'}
[1.569530] (px4_msgs) StdoutLine: {'line': b'-- Up-to-date: /home/stepan/ws_ros2/install/px4_msgs/include/px4_msgs/px4_msgs/msg/telemetry_status.h\n'}
[1.569585] (px4_msgs) StdoutLine: {'line': b'-- Up-to-date: /home/stepan/ws_ros2/install/px4_msgs/include/px4_msgs/px4_msgs/msg/rover_rate_status.h\n'}
[1.569640] (px4_msgs) StdoutLine: {'line': b'-- Up-to-date: /home/stepan/ws_ros2/install/px4_msgs/include/px4_msgs/px4_msgs/msg/vehicle_roi.h\n'}
[1.569695] (px4_msgs) StdoutLine: {'line': b'-- Up-to-date: /home/stepan/ws_ros2/install/px4_msgs/include/px4_msgs/px4_msgs/msg/follow_target_status.h\n'}
[1.569750] (px4_msgs) StdoutLine: {'line': b'-- Up-to-date: /home/stepan/ws_ros2/install/px4_msgs/include/px4_msgs/px4_msgs/msg/orb_test_large.h\n'}
[1.569805] (px4_msgs) StdoutLine: {'line': b'-- Up-to-date: /home/stepan/ws_ros2/install/px4_msgs/include/px4_msgs/px4_msgs/msg/onboard_computer_status.h\n'}
[1.569858] (px4_msgs) StdoutLine: {'line': b'-- Up-to-date: /home/stepan/ws_ros2/install/px4_msgs/include/px4_msgs/px4_msgs/msg/camera_capture.h\n'}
[1.569913] (px4_msgs) StdoutLine: {'line': b'-- Up-to-date: /home/stepan/ws_ros2/install/px4_msgs/include/px4_msgs/px4_msgs/msg/normalized_unsigned_setpoint.h\n'}
[1.569967] (px4_msgs) StdoutLine: {'line': b'-- Up-to-date: /home/stepan/ws_ros2/install/px4_msgs/include/px4_msgs/px4_msgs/msg/vehicle_acceleration.h\n'}
[1.570021] (px4_msgs) StdoutLine: {'line': b'-- Up-to-date: /home/stepan/ws_ros2/install/px4_msgs/include/px4_msgs/px4_msgs/msg/rtl_time_estimate.h\n'}
[1.570074] (px4_msgs) StdoutLine: {'line': b'-- Up-to-date: /home/stepan/ws_ros2/install/px4_msgs/include/px4_msgs/px4_msgs/msg/task_stack_info.h\n'}
[1.570128] (px4_msgs) StdoutLine: {'line': b'-- Up-to-date: /home/stepan/ws_ros2/install/px4_msgs/include/px4_msgs/px4_msgs/msg/dataman_request.h\n'}
[1.570182] (px4_msgs) StdoutLine: {'line': b'-- Up-to-date: /home/stepan/ws_ros2/install/px4_msgs/include/px4_msgs/px4_msgs/msg/npfg_status.h\n'}
[1.570236] (px4_msgs) StdoutLine: {'line': b'-- Up-to-date: /home/stepan/ws_ros2/install/px4_msgs/include/px4_msgs/px4_msgs/msg/esc_status.h\n'}
[1.570290] (px4_msgs) StdoutLine: {'line': b'-- Up-to-date: /home/stepan/ws_ros2/install/px4_msgs/include/px4_msgs/px4_msgs/msg/estimator_aid_source2d.h\n'}
[1.570343] (px4_msgs) StdoutLine: {'line': b'-- Up-to-date: /home/stepan/ws_ros2/install/px4_msgs/include/px4_msgs/px4_msgs/msg/distance_sensor.h\n'}
[1.570435] (px4_msgs) StdoutLine: {'line': b'-- Up-to-date: /home/stepan/ws_ros2/install/px4_msgs/include/px4_msgs/px4_msgs/msg/iridiumsbd_status.h\n'}
[1.570493] (px4_msgs) StdoutLine: {'line': b'-- Up-to-date: /home/stepan/ws_ros2/install/px4_msgs/include/px4_msgs/px4_msgs/msg/vehicle_thrust_setpoint.h\n'}
[1.570549] (px4_msgs) StdoutLine: {'line': b'-- Up-to-date: /home/stepan/ws_ros2/install/px4_msgs/include/px4_msgs/px4_msgs/msg/mavlink_log.h\n'}
[1.570602] (px4_msgs) StdoutLine: {'line': b'-- Up-to-date: /home/stepan/ws_ros2/install/px4_msgs/include/px4_msgs/px4_msgs/msg/gpio_config.h\n'}
[1.570689] (px4_msgs) StdoutLine: {'line': b'-- Up-to-date: /home/stepan/ws_ros2/install/px4_msgs/include/px4_msgs/px4_msgs/msg/rosidl_generator_c__visibility_control.h\n'}
[1.570745] (px4_msgs) StdoutLine: {'line': b'-- Up-to-date: /home/stepan/ws_ros2/install/px4_msgs/include/px4_msgs/px4_msgs/msg/vehicle_local_position_setpoint.h\n'}
[1.570800] (px4_msgs) StdoutLine: {'line': b'-- Up-to-date: /home/stepan/ws_ros2/install/px4_msgs/include/px4_msgs/px4_msgs/msg/rover_steering_setpoint.h\n'}
[1.570885] (px4_msgs) StdoutLine: {'line': b'-- Up-to-date: /home/stepan/ws_ros2/install/px4_msgs/include/px4_msgs/px4_msgs/msg/px4io_status.h\n'}
[1.570939] (px4_msgs) StdoutLine: {'line': b'-- Up-to-date: /home/stepan/ws_ros2/install/px4_msgs/include/px4_msgs/px4_msgs/msg/estimator_innovations.h\n'}
[1.570993] (px4_msgs) StdoutLine: {'line': b'-- Up-to-date: /home/stepan/ws_ros2/install/px4_msgs/include/px4_msgs/px4_msgs/msg/internal_combustion_engine_status.h\n'}
[1.571047] (px4_msgs) StdoutLine: {'line': b'-- Up-to-date: /home/stepan/ws_ros2/install/px4_msgs/include/px4_msgs/px4_msgs/msg/vehicle_angular_acceleration_setpoint.h\n'}
[1.571101] (px4_msgs) StdoutLine: {'line': b'-- Up-to-date: /home/stepan/ws_ros2/install/px4_msgs/include/px4_msgs/px4_msgs/msg/mission_result.h\n'}
[1.571155] (px4_msgs) StdoutLine: {'line': b'-- Up-to-date: /home/stepan/ws_ros2/install/px4_msgs/include/px4_msgs/px4_msgs/msg/sensor_uwb.h\n'}
[1.571209] (px4_msgs) StdoutLine: {'line': b'-- Up-to-date: /home/stepan/ws_ros2/install/px4_msgs/include/px4_msgs/px4_msgs/msg/sensor_hygrometer.h\n'}
[1.571262] (px4_msgs) StdoutLine: {'line': b'-- Up-to-date: /home/stepan/ws_ros2/install/px4_msgs/include/px4_msgs/px4_msgs/msg/rover_velocity_status.h\n'}
[1.571317] (px4_msgs) StdoutLine: {'line': b'-- Up-to-date: /home/stepan/ws_ros2/install/px4_msgs/include/px4_msgs/px4_msgs/msg/parameter_set_value_response.h\n'}
[1.571378] (px4_msgs) StdoutLine: {'line': b'-- Up-to-date: /home/stepan/ws_ros2/install/px4_msgs/include/px4_msgs/px4_msgs/msg/open_drone_id_arm_status.h\n'}
[1.571765] (px4_msgs) StdoutLine: {'line': b'-- Up-to-date: /home/stepan/ws_ros2/install/px4_msgs/include/px4_msgs/px4_msgs/msg/sensor_baro.h\n'}
[1.571885] (px4_msgs) StdoutLine: {'line': b'-- Up-to-date: /home/stepan/ws_ros2/install/px4_msgs/include/px4_msgs/px4_msgs/msg/flight_phase_estimation.h\n'}
[1.572029] (px4_msgs) StdoutLine: {'line': b'-- Up-to-date: /home/stepan/ws_ros2/install/px4_msgs/include/px4_msgs/px4_msgs/msg/actuator_test.h\n'}
[1.572124] (px4_msgs) StdoutLine: {'line': b'-- Up-to-date: /home/stepan/ws_ros2/install/px4_msgs/include/px4_msgs/px4_msgs/msg/mag_worker_data.h\n'}
[1.572228] (px4_msgs) StdoutLine: {'line': b'-- Up-to-date: /home/stepan/ws_ros2/install/px4_msgs/include/px4_msgs/px4_msgs/msg/estimator_bias3d.h\n'}
[1.572447] (px4_msgs) StdoutLine: {'line': b'-- Up-to-date: /home/stepan/ws_ros2/install/px4_msgs/include/px4_msgs/px4_msgs/msg/logger_status.h\n'}
[1.572618] (px4_msgs) StdoutLine: {'line': b'-- Up-to-date: /home/stepan/ws_ros2/install/px4_msgs/include/px4_msgs/px4_msgs/msg/tiltrotor_extra_controls.h\n'}
[1.572681] (px4_msgs) StdoutLine: {'line': b'-- Up-to-date: /home/stepan/ws_ros2/install/px4_msgs/include/px4_msgs/px4_msgs/msg/rc_parameter_map.h\n'}
[1.572740] (px4_msgs) StdoutLine: {'line': b'-- Up-to-date: /home/stepan/ws_ros2/install/px4_msgs/include/px4_msgs/px4_msgs/msg/vehicle_constraints.h\n'}
[1.572797] (px4_msgs) StdoutLine: {'line': b'-- Up-to-date: /home/stepan/ws_ros2/install/px4_msgs/include/px4_msgs/px4_msgs/msg/sensor_gps.h\n'}
[1.572853] (px4_msgs) StdoutLine: {'line': b'-- Up-to-date: /home/stepan/ws_ros2/install/px4_msgs/include/px4_msgs/px4_msgs/msg/estimator_status_flags.h\n'}
[1.572909] (px4_msgs) StdoutLine: {'line': b'-- Up-to-date: /home/stepan/ws_ros2/install/px4_msgs/include/px4_msgs/px4_msgs/msg/airspeed_validated.h\n'}
[1.572964] (px4_msgs) StdoutLine: {'line': b'-- Up-to-date: /home/stepan/ws_ros2/install/px4_msgs/include/px4_msgs/px4_msgs/msg/pwm_input.h\n'}
[1.573037] (px4_msgs) StdoutLine: {'line': b'-- Up-to-date: /home/stepan/ws_ros2/install/px4_msgs/include/px4_msgs/px4_msgs/msg/wheel_encoders.h\n'}
[1.573092] (px4_msgs) StdoutLine: {'line': b'-- Up-to-date: /home/stepan/ws_ros2/install/px4_msgs/include/px4_msgs/px4_msgs/msg/position_setpoint_triplet.h\n'}
[1.573146] (px4_msgs) StdoutLine: {'line': b'-- Up-to-date: /home/stepan/ws_ros2/install/px4_msgs/include/px4_msgs/px4_msgs/msg/vehicle_global_position.h\n'}
[1.573200] (px4_msgs) StdoutLine: {'line': b'-- Up-to-date: /home/stepan/ws_ros2/install/px4_msgs/include/px4_msgs/px4_msgs/msg/internal_combustion_engine_control.h\n'}
[1.573255] (px4_msgs) StdoutLine: {'line': b'-- Up-to-date: /home/stepan/ws_ros2/install/px4_msgs/include/px4_msgs/px4_msgs/msg/sensor_mag.h\n'}
[1.573309] (px4_msgs) StdoutLine: {'line': b'-- Up-to-date: /home/stepan/ws_ros2/install/px4_msgs/include/px4_msgs/px4_msgs/msg/takeoff_status.h\n'}
[1.573373] (px4_msgs) StdoutLine: {'line': b'-- Up-to-date: /home/stepan/ws_ros2/install/px4_msgs/include/px4_msgs/px4_msgs/msg/radio_status.h\n'}
[1.573562] (px4_msgs) StdoutLine: {'line': b'-- Up-to-date: /home/stepan/ws_ros2/install/px4_msgs/include/px4_msgs/px4_msgs/msg/message_format_response.h\n'}
[1.573621] (px4_msgs) StdoutLine: {'line': b'-- Up-to-date: /home/stepan/ws_ros2/install/px4_msgs/include/px4_msgs/px4_msgs/msg/timesync_status.h\n'}
[1.573676] (px4_msgs) StdoutLine: {'line': b'-- Up-to-date: /home/stepan/ws_ros2/install/px4_msgs/include/px4_msgs/px4_msgs/msg/estimator_gps_status.h\n'}
[1.573731] (px4_msgs) StdoutLine: {'line': b'-- Up-to-date: /home/stepan/ws_ros2/install/px4_msgs/include/px4_msgs/px4_msgs/msg/gpio_out.h\n'}
[1.573785] (px4_msgs) StdoutLine: {'line': b'-- Up-to-date: /home/stepan/ws_ros2/install/px4_msgs/include/px4_msgs/px4_msgs/msg/open_drone_id_operator_id.h\n'}
[1.573839] (px4_msgs) StdoutLine: {'line': b'-- Up-to-date: /home/stepan/ws_ros2/install/px4_msgs/include/px4_msgs/px4_msgs/msg/debug_vect.h\n'}
[1.573892] (px4_msgs) StdoutLine: {'line': b'-- Up-to-date: /home/stepan/ws_ros2/install/px4_msgs/include/px4_msgs/px4_msgs/msg/vehicle_angular_velocity.h\n'}
[1.573945] (px4_msgs) StdoutLine: {'line': b'-- Up-to-date: /home/stepan/ws_ros2/install/px4_msgs/include/px4_msgs/px4_msgs/msg/vehicle_control_mode.h\n'}
[1.574000] (px4_msgs) StdoutLine: {'line': b'-- Up-to-date: /home/stepan/ws_ros2/install/px4_msgs/include/px4_msgs/px4_msgs/msg/open_drone_id_self_id.h\n'}
[1.574054] (px4_msgs) StdoutLine: {'line': b'-- Up-to-date: /home/stepan/ws_ros2/install/px4_msgs/include/px4_msgs/px4_msgs/msg/event.h\n'}
[1.574109] (px4_msgs) StdoutLine: {'line': b'-- Up-to-date: /home/stepan/ws_ros2/install/px4_msgs/include/px4_msgs/px4_msgs/msg/parameter_set_value_request.h\n'}
[1.574163] (px4_msgs) StdoutLine: {'line': b'-- Up-to-date: /home/stepan/ws_ros2/install/px4_msgs/include/px4_msgs/px4_msgs/msg/actuator_armed.h\n'}
[1.574217] (px4_msgs) StdoutLine: {'line': b'-- Up-to-date: /home/stepan/ws_ros2/install/px4_msgs/include/px4_msgs/px4_msgs/msg/landing_gear.h\n'}
[1.574271] (px4_msgs) StdoutLine: {'line': b'-- Up-to-date: /home/stepan/ws_ros2/install/px4_msgs/include/px4_msgs/px4_msgs/msg/gimbal_device_attitude_status.h\n'}
[1.574326] (px4_msgs) StdoutLine: {'line': b'-- Up-to-date: /home/stepan/ws_ros2/install/px4_msgs/include/px4_msgs/px4_msgs/msg/gps_dump.h\n'}
[1.574405] (px4_msgs) StdoutLine: {'line': b'-- Up-to-date: /home/stepan/ws_ros2/install/px4_msgs/include/px4_msgs/px4_msgs/msg/sensor_accel.h\n'}
[1.574466] (px4_msgs) StdoutLine: {'line': b'-- Up-to-date: /home/stepan/ws_ros2/install/px4_msgs/include/px4_msgs/px4_msgs/msg/goto_setpoint.h\n'}
[1.574520] (px4_msgs) StdoutLine: {'line': b'-- Up-to-date: /home/stepan/ws_ros2/install/px4_msgs/include/px4_msgs/px4_msgs/msg/gimbal_manager_information.h\n'}
[1.574575] (px4_msgs) StdoutLine: {'line': b'-- Up-to-date: /home/stepan/ws_ros2/install/px4_msgs/include/px4_msgs/px4_msgs/msg/yaw_estimator_status.h\n'}
[1.574629] (px4_msgs) StdoutLine: {'line': b'-- Up-to-date: /home/stepan/ws_ros2/install/px4_msgs/include/px4_msgs/px4_msgs/msg/trajectory_setpoint6dof.h\n'}
[1.574757] (px4_msgs) StdoutLine: {'line': b'-- Up-to-date: /home/stepan/ws_ros2/install/px4_msgs/include/px4_msgs/px4_msgs/msg/vehicle_local_position.h\n'}
[1.574812] (px4_msgs) StdoutLine: {'line': b'-- Up-to-date: /home/stepan/ws_ros2/install/px4_msgs/include/px4_msgs/px4_msgs/msg/sensor_gyro_fft.h\n'}
[1.574981] (px4_msgs) StdoutLine: {'line': b'-- Up-to-date: /home/stepan/ws_ros2/install/px4_msgs/include/px4_msgs/px4_msgs/msg/estimator_event_flags.h\n'}
[1.575037] (px4_msgs) StdoutLine: {'line': b'-- Up-to-date: /home/stepan/ws_ros2/install/px4_msgs/include/px4_msgs/px4_msgs/msg/ekf2_timestamps.h\n'}
[1.575092] (px4_msgs) StdoutLine: {'line': b'-- Up-to-date: /home/stepan/ws_ros2/install/px4_msgs/include/px4_msgs/px4_msgs/msg/cellular_status.h\n'}
[1.575146] (px4_msgs) StdoutLine: {'line': b'-- Up-to-date: /home/stepan/ws_ros2/install/px4_msgs/include/px4_msgs/px4_msgs/msg/fuel_tank_status.h\n'}
[1.575202] (px4_msgs) StdoutLine: {'line': b'-- Up-to-date: /home/stepan/ws_ros2/install/px4_msgs/include/px4_msgs/px4_msgs/msg/vehicle_command_ack.h\n'}
[1.575257] (px4_msgs) StdoutLine: {'line': b'-- Up-to-date: /home/stepan/ws_ros2/install/px4_msgs/include/px4_msgs/px4_msgs/msg/cpuload.h\n'}
[1.575312] (px4_msgs) StdoutLine: {'line': b'-- Up-to-date: /home/stepan/ws_ros2/install/px4_msgs/include/px4_msgs/px4_msgs/msg/tune_control.h\n'}
[1.575373] (px4_msgs) StdoutLine: {'line': b'-- Up-to-date: /home/stepan/ws_ros2/install/px4_msgs/include/px4_msgs/px4_msgs/msg/rtl_status.h\n'}
[1.575537] (px4_msgs) StdoutLine: {'line': b'-- Up-to-date: /home/stepan/ws_ros2/install/px4_msgs/include/px4_msgs/px4_msgs/msg/geofence_status.h\n'}
[1.575623] (px4_msgs) StdoutLine: {'line': b'-- Up-to-date: /home/stepan/ws_ros2/install/px4_msgs/include/px4_msgs/px4_msgs/msg/ping.h\n'}
[1.575700] (px4_msgs) StdoutLine: {'line': b'-- Up-to-date: /home/stepan/ws_ros2/install/px4_msgs/include/px4_msgs/px4_msgs/msg/offboard_control_mode.h\n'}
[1.575772] (px4_msgs) StdoutLine: {'line': b'-- Up-to-date: /home/stepan/ws_ros2/install/px4_msgs/include/px4_msgs/px4_msgs/msg/landing_target_pose.h\n'}
[1.575954] (px4_msgs) StdoutLine: {'line': b'-- Up-to-date: /home/stepan/ws_ros2/install/px4_msgs/include/px4_msgs/px4_msgs/msg/estimator_sensor_bias.h\n'}
[1.576066] (px4_msgs) StdoutLine: {'line': b'-- Up-to-date: /home/stepan/ws_ros2/install/px4_msgs/include/px4_msgs/px4_msgs/msg/arming_check_reply.h\n'}
[1.576176] (px4_msgs) StdoutLine: {'line': b'-- Up-to-date: /home/stepan/ws_ros2/install/px4_msgs/include/px4_msgs/px4_msgs/msg/button_event.h\n'}
[1.576301] (px4_msgs) StdoutLine: {'line': b'-- Up-to-date: /home/stepan/ws_ros2/install/px4_msgs/include/px4_msgs/px4_msgs/msg/vehicle_command.h\n'}
[1.576396] (px4_msgs) StdoutLine: {'line': b'-- Up-to-date: /home/stepan/ws_ros2/install/px4_msgs/include/px4_msgs/px4_msgs/msg/ulog_stream.h\n'}
[1.576598] (px4_msgs) StdoutLine: {'line': b'-- Up-to-date: /home/stepan/ws_ros2/install/px4_msgs/include/px4_msgs/px4_msgs/msg/orbit_status.h\n'}
[1.576656] (px4_msgs) StdoutLine: {'line': b'-- Up-to-date: /home/stepan/ws_ros2/install/px4_msgs/include/px4_msgs/px4_msgs/msg/gripper.h\n'}
[1.576712] (px4_msgs) StdoutLine: {'line': b'-- Up-to-date: /home/stepan/ws_ros2/install/px4_msgs/include/px4_msgs/px4_msgs/msg/gimbal_device_set_attitude.h\n'}
[1.576768] (px4_msgs) StdoutLine: {'line': b'-- Up-to-date: /home/stepan/ws_ros2/install/px4_msgs/include/px4_msgs/px4_msgs/msg/open_drone_id_system.h\n'}
[1.576823] (px4_msgs) StdoutLine: {'line': b'-- Up-to-date: /home/stepan/ws_ros2/install/px4_msgs/include/px4_msgs/px4_msgs/msg/debug_value.h\n'}
[1.576877] (px4_msgs) StdoutLine: {'line': b'-- Up-to-date: /home/stepan/ws_ros2/install/px4_msgs/include/px4_msgs/px4_msgs/msg/rover_attitude_status.h\n'}
[1.576931] (px4_msgs) StdoutLine: {'line': b'-- Up-to-date: /home/stepan/ws_ros2/install/px4_msgs/include/px4_msgs/px4_msgs/msg/health_report.h\n'}
[1.576984] (px4_msgs) StdoutLine: {'line': b'-- Up-to-date: /home/stepan/ws_ros2/install/px4_msgs/include/px4_msgs/px4_msgs/msg/mavlink_tunnel.h\n'}
[1.577106] (px4_msgs) StdoutLine: {'line': b'-- Up-to-date: /home/stepan/ws_ros2/install/px4_msgs/include/px4_msgs/px4_msgs/msg/vehicle_status.h\n'}
[1.577162] (px4_msgs) StdoutLine: {'line': b'-- Up-to-date: /home/stepan/ws_ros2/install/px4_msgs/include/px4_msgs/px4_msgs/msg/figure_eight_status.h\n'}
[1.577217] (px4_msgs) StdoutLine: {'line': b'-- Up-to-date: /home/stepan/ws_ros2/install/px4_msgs/include/px4_msgs/px4_msgs/msg/ulog_stream_ack.h\n'}
[1.577272] (px4_msgs) StdoutLine: {'line': b'-- Up-to-date: /home/stepan/ws_ros2/install/px4_msgs/include/px4_msgs/px4_msgs/msg/actuator_outputs.h\n'}
[1.577327] (px4_msgs) StdoutLine: {'line': b'-- Up-to-date: /home/stepan/ws_ros2/install/px4_msgs/include/px4_msgs/px4_msgs/msg/pure_pursuit_status.h\n'}
[1.577420] (px4_msgs) StdoutLine: {'line': b'-- Up-to-date: /home/stepan/ws_ros2/install/px4_msgs/include/px4_msgs/px4_msgs/msg/vehicle_optical_flow_vel.h\n'}
[1.577484] (px4_msgs) StdoutLine: {'line': b'-- Up-to-date: /home/stepan/ws_ros2/install/px4_msgs/include/px4_msgs/px4_msgs/msg/estimator_states.h\n'}
[1.577540] (px4_msgs) StdoutLine: {'line': b'-- Up-to-date: /home/stepan/ws_ros2/install/px4_msgs/include/px4_msgs/px4_msgs/srv\n'}
[1.577595] (px4_msgs) StdoutLine: {'line': b'-- Up-to-date: /home/stepan/ws_ros2/install/px4_msgs/include/px4_msgs/px4_msgs/srv/detail\n'}
[1.577650] (px4_msgs) StdoutLine: {'line': b'-- Up-to-date: /home/stepan/ws_ros2/install/px4_msgs/include/px4_msgs/px4_msgs/srv/detail/vehicle_command__type_support.h\n'}
[1.577706] (px4_msgs) StdoutLine: {'line': b'-- Up-to-date: /home/stepan/ws_ros2/install/px4_msgs/include/px4_msgs/px4_msgs/srv/detail/vehicle_command__functions.c\n'}
[1.577762] (px4_msgs) StdoutLine: {'line': b'-- Up-to-date: /home/stepan/ws_ros2/install/px4_msgs/include/px4_msgs/px4_msgs/srv/detail/vehicle_command__struct.h\n'}
[1.577817] (px4_msgs) StdoutLine: {'line': b'-- Up-to-date: /home/stepan/ws_ros2/install/px4_msgs/include/px4_msgs/px4_msgs/srv/detail/vehicle_command__functions.h\n'}
[1.577873] (px4_msgs) StdoutLine: {'line': b'-- Up-to-date: /home/stepan/ws_ros2/install/px4_msgs/include/px4_msgs/px4_msgs/srv/vehicle_command.h\n'}
[1.577927] (px4_msgs) StdoutLine: {'line': b'-- Up-to-date: /home/stepan/ws_ros2/install/px4_msgs/share/px4_msgs/environment/library_path.sh\n'}
[1.578045] (px4_msgs) StdoutLine: {'line': b'-- Up-to-date: /home/stepan/ws_ros2/install/px4_msgs/share/px4_msgs/environment/library_path.dsv\n'}
[1.578102] (px4_msgs) StdoutLine: {'line': b'-- Up-to-date: /home/stepan/ws_ros2/install/px4_msgs/lib/libpx4_msgs__rosidl_generator_c.so\n'}
[1.578158] (px4_msgs) StdoutLine: {'line': b'-- Up-to-date: /home/stepan/ws_ros2/install/px4_msgs/include/px4_msgs/px4_msgs\n'}
[1.578214] (px4_msgs) StdoutLine: {'line': b'-- Up-to-date: /home/stepan/ws_ros2/install/px4_msgs/include/px4_msgs/px4_msgs/msg\n'}
[1.578269] (px4_msgs) StdoutLine: {'line': b'-- Up-to-date: /home/stepan/ws_ros2/install/px4_msgs/include/px4_msgs/px4_msgs/msg/detail\n'}
[1.578324] (px4_msgs) StdoutLine: {'line': b'-- Up-to-date: /home/stepan/ws_ros2/install/px4_msgs/include/px4_msgs/px4_msgs/msg/detail/estimator_states__rosidl_typesupport_fastrtps_c.h\n'}
[1.578468] (px4_msgs) StdoutLine: {'line': b'-- Up-to-date: /home/stepan/ws_ros2/install/px4_msgs/include/px4_msgs/px4_msgs/msg/detail/gimbal_device_set_attitude__rosidl_typesupport_fastrtps_c.h\n'}
[1.578530] (px4_msgs) StdoutLine: {'line': b'-- Up-to-date: /home/stepan/ws_ros2/install/px4_msgs/include/px4_msgs/px4_msgs/msg/detail/landing_target_innovations__rosidl_typesupport_fastrtps_c.h\n'}
[1.578586] (px4_msgs) StdoutLine: {'line': b'-- Up-to-date: /home/stepan/ws_ros2/install/px4_msgs/include/px4_msgs/px4_msgs/msg/detail/uavcan_parameter_value__rosidl_typesupport_fastrtps_c.h\n'}
[1.578640] (px4_msgs) StdoutLine: {'line': b'-- Up-to-date: /home/stepan/ws_ros2/install/px4_msgs/include/px4_msgs/px4_msgs/msg/detail/vehicle_command__rosidl_typesupport_fastrtps_c.h\n'}
[1.578805] (px4_msgs) StdoutLine: {'line': b'-- Up-to-date: /home/stepan/ws_ros2/install/px4_msgs/include/px4_msgs/px4_msgs/msg/detail/vehicle_angular_acceleration_setpoint__rosidl_typesupport_fastrtps_c.h\n'}
[1.578883] (px4_msgs) StdoutLine: {'line': b'-- Up-to-date: /home/stepan/ws_ros2/install/px4_msgs/include/px4_msgs/px4_msgs/msg/detail/open_drone_id_self_id__rosidl_typesupport_fastrtps_c.h\n'}
[1.578940] (px4_msgs) StdoutLine: {'line': b'-- Up-to-date: /home/stepan/ws_ros2/install/px4_msgs/include/px4_msgs/px4_msgs/msg/detail/pure_pursuit_status__rosidl_typesupport_fastrtps_c.h\n'}
[1.578995] (px4_msgs) StdoutLine: {'line': b'-- Up-to-date: /home/stepan/ws_ros2/install/px4_msgs/include/px4_msgs/px4_msgs/msg/detail/ulog_stream_ack__rosidl_typesupport_fastrtps_c.h\n'}
[1.579050] (px4_msgs) StdoutLine: {'line': b'-- Up-to-date: /home/stepan/ws_ros2/install/px4_msgs/include/px4_msgs/px4_msgs/msg/detail/estimator_event_flags__rosidl_typesupport_fastrtps_c.h\n'}
[1.579105] (px4_msgs) StdoutLine: {'line': b'-- Up-to-date: /home/stepan/ws_ros2/install/px4_msgs/include/px4_msgs/px4_msgs/msg/detail/sensor_mag__rosidl_typesupport_fastrtps_c.h\n'}
[1.579160] (px4_msgs) StdoutLine: {'line': b'-- Up-to-date: /home/stepan/ws_ros2/install/px4_msgs/include/px4_msgs/px4_msgs/msg/detail/rpm__rosidl_typesupport_fastrtps_c.h\n'}
[1.579214] (px4_msgs) StdoutLine: {'line': b'-- Up-to-date: /home/stepan/ws_ros2/install/px4_msgs/include/px4_msgs/px4_msgs/msg/detail/esc_status__rosidl_typesupport_fastrtps_c.h\n'}
[1.579280] (px4_msgs) StdoutLine: {'line': b'-- Up-to-date: /home/stepan/ws_ros2/install/px4_msgs/include/px4_msgs/px4_msgs/msg/detail/sensor_gyro_fft__rosidl_typesupport_fastrtps_c.h\n'}
[1.579341] (px4_msgs) StdoutLine: {'line': b'-- Up-to-date: /home/stepan/ws_ros2/install/px4_msgs/include/px4_msgs/px4_msgs/msg/detail/estimator_status_flags__rosidl_typesupport_fastrtps_c.h\n'}
[1.579415] (px4_msgs) StdoutLine: {'line': b'-- Up-to-date: /home/stepan/ws_ros2/install/px4_msgs/include/px4_msgs/px4_msgs/msg/detail/sensor_baro__rosidl_typesupport_fastrtps_c.h\n'}
[1.579490] (px4_msgs) StdoutLine: {'line': b'-- Up-to-date: /home/stepan/ws_ros2/install/px4_msgs/include/px4_msgs/px4_msgs/msg/detail/airspeed__rosidl_typesupport_fastrtps_c.h\n'}
[1.579552] (px4_msgs) StdoutLine: {'line': b'-- Up-to-date: /home/stepan/ws_ros2/install/px4_msgs/include/px4_msgs/px4_msgs/msg/detail/vehicle_control_mode__rosidl_typesupport_fastrtps_c.h\n'}
[1.579611] (px4_msgs) StdoutLine: {'line': b'-- Up-to-date: /home/stepan/ws_ros2/install/px4_msgs/include/px4_msgs/px4_msgs/msg/detail/vtol_vehicle_status__rosidl_typesupport_fastrtps_c.h\n'}
[1.579668] (px4_msgs) StdoutLine: {'line': b'-- Up-to-date: /home/stepan/ws_ros2/install/px4_msgs/include/px4_msgs/px4_msgs/msg/detail/offboard_control_mode__rosidl_typesupport_fastrtps_c.h\n'}
[1.579724] (px4_msgs) StdoutLine: {'line': b'-- Up-to-date: /home/stepan/ws_ros2/install/px4_msgs/include/px4_msgs/px4_msgs/msg/detail/differential_pressure__rosidl_typesupport_fastrtps_c.h\n'}
[1.579780] (px4_msgs) StdoutLine: {'line': b'-- Up-to-date: /home/stepan/ws_ros2/install/px4_msgs/include/px4_msgs/px4_msgs/msg/detail/orb_test_large__rosidl_typesupport_fastrtps_c.h\n'}
[1.579864] (px4_msgs) StdoutLine: {'line': b'-- Up-to-date: /home/stepan/ws_ros2/install/px4_msgs/include/px4_msgs/px4_msgs/msg/detail/internal_combustion_engine_status__rosidl_typesupport_fastrtps_c.h\n'}
[1.579956] (px4_msgs) StdoutLine: {'line': b'-- Up-to-date: /home/stepan/ws_ros2/install/px4_msgs/include/px4_msgs/px4_msgs/msg/detail/vehicle_optical_flow__rosidl_typesupport_fastrtps_c.h\n'}
[1.580065] (px4_msgs) StdoutLine: {'line': b'-- Up-to-date: /home/stepan/ws_ros2/install/px4_msgs/include/px4_msgs/px4_msgs/msg/detail/estimator_selector_status__rosidl_typesupport_fastrtps_c.h\n'}
[1.580169] (px4_msgs) StdoutLine: {'line': b'-- Up-to-date: /home/stepan/ws_ros2/install/px4_msgs/include/px4_msgs/px4_msgs/msg/detail/power_monitor__rosidl_typesupport_fastrtps_c.h\n'}
[1.580486] (px4_msgs) StdoutLine: {'line': b'-- Up-to-date: /home/stepan/ws_ros2/install/px4_msgs/include/px4_msgs/px4_msgs/msg/detail/open_drone_id_arm_status__rosidl_typesupport_fastrtps_c.h\n'}
[1.580606] (px4_msgs) StdoutLine: {'line': b'-- Up-to-date: /home/stepan/ws_ros2/install/px4_msgs/include/px4_msgs/px4_msgs/msg/detail/debug_vect__rosidl_typesupport_fastrtps_c.h\n'}
[1.580675] (px4_msgs) StdoutLine: {'line': b'-- Up-to-date: /home/stepan/ws_ros2/install/px4_msgs/include/px4_msgs/px4_msgs/msg/detail/vehicle_imu__rosidl_typesupport_fastrtps_c.h\n'}
[1.580733] (px4_msgs) StdoutLine: {'line': b'-- Up-to-date: /home/stepan/ws_ros2/install/px4_msgs/include/px4_msgs/px4_msgs/msg/detail/adc_report__rosidl_typesupport_fastrtps_c.h\n'}
[1.580790] (px4_msgs) StdoutLine: {'line': b'-- Up-to-date: /home/stepan/ws_ros2/install/px4_msgs/include/px4_msgs/px4_msgs/msg/detail/dataman_response__rosidl_typesupport_fastrtps_c.h\n'}
[1.580846] (px4_msgs) StdoutLine: {'line': b'-- Up-to-date: /home/stepan/ws_ros2/install/px4_msgs/include/px4_msgs/px4_msgs/msg/detail/gimbal_manager_information__rosidl_typesupport_fastrtps_c.h\n'}
[1.580923] (px4_msgs) StdoutLine: {'line': b'-- Up-to-date: /home/stepan/ws_ros2/install/px4_msgs/include/px4_msgs/px4_msgs/msg/detail/vehicle_air_data__rosidl_typesupport_fastrtps_c.h\n'}
[1.580977] (px4_msgs) StdoutLine: {'line': b'-- Up-to-date: /home/stepan/ws_ros2/install/px4_msgs/include/px4_msgs/px4_msgs/msg/detail/parameter_set_value_request__rosidl_typesupport_fastrtps_c.h\n'}
[1.581028] (px4_msgs) StdoutLine: {'line': b'-- Up-to-date: /home/stepan/ws_ros2/install/px4_msgs/include/px4_msgs/px4_msgs/msg/detail/config_overrides__rosidl_typesupport_fastrtps_c.h\n'}
[1.581080] (px4_msgs) StdoutLine: {'line': b'-- Up-to-date: /home/stepan/ws_ros2/install/px4_msgs/include/px4_msgs/px4_msgs/msg/detail/navigator_mission_item__rosidl_typesupport_fastrtps_c.h\n'}
[1.581131] (px4_msgs) StdoutLine: {'line': b'-- Up-to-date: /home/stepan/ws_ros2/install/px4_msgs/include/px4_msgs/px4_msgs/msg/detail/debug_key_value__rosidl_typesupport_fastrtps_c.h\n'}
[1.581190] (px4_msgs) StdoutLine: {'line': b'-- Up-to-date: /home/stepan/ws_ros2/install/px4_msgs/include/px4_msgs/px4_msgs/msg/detail/arming_check_reply__rosidl_typesupport_fastrtps_c.h\n'}
[1.581245] (px4_msgs) StdoutLine: {'line': b'-- Up-to-date: /home/stepan/ws_ros2/install/px4_msgs/include/px4_msgs/px4_msgs/msg/detail/camera_capture__rosidl_typesupport_fastrtps_c.h\n'}
[1.581300] (px4_msgs) StdoutLine: {'line': b'-- Up-to-date: /home/stepan/ws_ros2/install/px4_msgs/include/px4_msgs/px4_msgs/msg/detail/cellular_status__rosidl_typesupport_fastrtps_c.h\n'}
[1.581355] (px4_msgs) StdoutLine: {'line': b'-- Up-to-date: /home/stepan/ws_ros2/install/px4_msgs/include/px4_msgs/px4_msgs/msg/detail/sensor_correction__rosidl_typesupport_fastrtps_c.h\n'}
[1.581442] (px4_msgs) StdoutLine: {'line': b'-- Up-to-date: /home/stepan/ws_ros2/install/px4_msgs/include/px4_msgs/px4_msgs/msg/detail/camera_status__rosidl_typesupport_fastrtps_c.h\n'}
[1.581494] (px4_msgs) StdoutLine: {'line': b'-- Up-to-date: /home/stepan/ws_ros2/install/px4_msgs/include/px4_msgs/px4_msgs/msg/detail/landing_gear__rosidl_typesupport_fastrtps_c.h\n'}
[1.581545] (px4_msgs) StdoutLine: {'line': b'-- Up-to-date: /home/stepan/ws_ros2/install/px4_msgs/include/px4_msgs/px4_msgs/msg/detail/onboard_computer_status__rosidl_typesupport_fastrtps_c.h\n'}
[1.581602] (px4_msgs) StdoutLine: {'line': b'-- Up-to-date: /home/stepan/ws_ros2/install/px4_msgs/include/px4_msgs/px4_msgs/msg/detail/failure_detector_status__rosidl_typesupport_fastrtps_c.h\n'}
[1.581659] (px4_msgs) StdoutLine: {'line': b'-- Up-to-date: /home/stepan/ws_ros2/install/px4_msgs/include/px4_msgs/px4_msgs/msg/detail/rate_ctrl_status__rosidl_typesupport_fastrtps_c.h\n'}
[1.581715] (px4_msgs) StdoutLine: {'line': b'-- Up-to-date: /home/stepan/ws_ros2/install/px4_msgs/include/px4_msgs/px4_msgs/msg/detail/sensor_gyro_fifo__rosidl_typesupport_fastrtps_c.h\n'}
[1.581770] (px4_msgs) StdoutLine: {'line': b'-- Up-to-date: /home/stepan/ws_ros2/install/px4_msgs/include/px4_msgs/px4_msgs/msg/detail/sensor_gnss_relative__rosidl_typesupport_fastrtps_c.h\n'}
[1.581826] (px4_msgs) StdoutLine: {'line': b'-- Up-to-date: /home/stepan/ws_ros2/install/px4_msgs/include/px4_msgs/px4_msgs/msg/detail/rtl_time_estimate__rosidl_typesupport_fastrtps_c.h\n'}
[1.581890] (px4_msgs) StdoutLine: {'line': b'-- Up-to-date: /home/stepan/ws_ros2/install/px4_msgs/include/px4_msgs/px4_msgs/msg/detail/follow_target_estimator__rosidl_typesupport_fastrtps_c.h\n'}
[1.581950] (px4_msgs) StdoutLine: {'line': b'-- Up-to-date: /home/stepan/ws_ros2/install/px4_msgs/include/px4_msgs/px4_msgs/msg/detail/landing_gear_wheel__rosidl_typesupport_fastrtps_c.h\n'}
[1.582006] (px4_msgs) StdoutLine: {'line': b'-- Up-to-date: /home/stepan/ws_ros2/install/px4_msgs/include/px4_msgs/px4_msgs/msg/detail/cpuload__rosidl_typesupport_fastrtps_c.h\n'}
[1.582062] (px4_msgs) StdoutLine: {'line': b'-- Up-to-date: /home/stepan/ws_ros2/install/px4_msgs/include/px4_msgs/px4_msgs/msg/detail/geofence_result__rosidl_typesupport_fastrtps_c.h\n'}
[1.582119] (px4_msgs) StdoutLine: {'line': b'-- Up-to-date: /home/stepan/ws_ros2/install/px4_msgs/include/px4_msgs/px4_msgs/msg/detail/gps_inject_data__rosidl_typesupport_fastrtps_c.h\n'}
[1.582176] (px4_msgs) StdoutLine: {'line': b'-- Up-to-date: /home/stepan/ws_ros2/install/px4_msgs/include/px4_msgs/px4_msgs/msg/detail/follow_target__rosidl_typesupport_fastrtps_c.h\n'}
[1.582254] (px4_msgs) StdoutLine: {'line': b'-- Up-to-date: /home/stepan/ws_ros2/install/px4_msgs/include/px4_msgs/px4_msgs/msg/detail/mission_result__rosidl_typesupport_fastrtps_c.h\n'}
[1.582307] (px4_msgs) StdoutLine: {'line': b'-- Up-to-date: /home/stepan/ws_ros2/install/px4_msgs/include/px4_msgs/px4_msgs/msg/detail/irlock_report__rosidl_typesupport_fastrtps_c.h\n'}
[1.582377] (px4_msgs) StdoutLine: {'line': b'-- Up-to-date: /home/stepan/ws_ros2/install/px4_msgs/include/px4_msgs/px4_msgs/msg/detail/heater_status__rosidl_typesupport_fastrtps_c.h\n'}
[1.582456] (px4_msgs) StdoutLine: {'line': b'-- Up-to-date: /home/stepan/ws_ros2/install/px4_msgs/include/px4_msgs/px4_msgs/msg/detail/camera_trigger__rosidl_typesupport_fastrtps_c.h\n'}
[1.582511] (px4_msgs) StdoutLine: {'line': b'-- Up-to-date: /home/stepan/ws_ros2/install/px4_msgs/include/px4_msgs/px4_msgs/msg/detail/vehicle_magnetometer__rosidl_typesupport_fastrtps_c.h\n'}
[1.582581] (px4_msgs) StdoutLine: {'line': b'-- Up-to-date: /home/stepan/ws_ros2/install/px4_msgs/include/px4_msgs/px4_msgs/msg/detail/event__rosidl_typesupport_fastrtps_c.h\n'}
[1.582642] (px4_msgs) StdoutLine: {'line': b'-- Up-to-date: /home/stepan/ws_ros2/install/px4_msgs/include/px4_msgs/px4_msgs/msg/detail/sensor_accel_fifo__rosidl_typesupport_fastrtps_c.h\n'}
[1.582701] (px4_msgs) StdoutLine: {'line': b'-- Up-to-date: /home/stepan/ws_ros2/install/px4_msgs/include/px4_msgs/px4_msgs/msg/detail/gimbal_device_information__rosidl_typesupport_fastrtps_c.h\n'}
[1.582756] (px4_msgs) StdoutLine: {'line': b'-- Up-to-date: /home/stepan/ws_ros2/install/px4_msgs/include/px4_msgs/px4_msgs/msg/detail/sensor_gps__rosidl_typesupport_fastrtps_c.h\n'}
[1.582811] (px4_msgs) StdoutLine: {'line': b'-- Up-to-date: /home/stepan/ws_ros2/install/px4_msgs/include/px4_msgs/px4_msgs/msg/detail/register_ext_component_reply__rosidl_typesupport_fastrtps_c.h\n'}
[1.582866] (px4_msgs) StdoutLine: {'line': b'-- Up-to-date: /home/stepan/ws_ros2/install/px4_msgs/include/px4_msgs/px4_msgs/msg/detail/sensor_uwb__rosidl_typesupport_fastrtps_c.h\n'}
[1.582921] (px4_msgs) StdoutLine: {'line': b'-- Up-to-date: /home/stepan/ws_ros2/install/px4_msgs/include/px4_msgs/px4_msgs/msg/detail/orb_test__rosidl_typesupport_fastrtps_c.h\n'}
[1.582977] (px4_msgs) StdoutLine: {'line': b'-- Up-to-date: /home/stepan/ws_ros2/install/px4_msgs/include/px4_msgs/px4_msgs/msg/detail/unregister_ext_component__rosidl_typesupport_fastrtps_c.h\n'}
[1.583037] (px4_msgs) StdoutLine: {'line': b'-- Up-to-date: /home/stepan/ws_ros2/install/px4_msgs/include/px4_msgs/px4_msgs/msg/detail/sensor_airflow__rosidl_typesupport_fastrtps_c.h\n'}
[1.583092] (px4_msgs) StdoutLine: {'line': b'-- Up-to-date: /home/stepan/ws_ros2/install/px4_msgs/include/px4_msgs/px4_msgs/msg/detail/vehicle_roi__rosidl_typesupport_fastrtps_c.h\n'}
[1.583146] (px4_msgs) StdoutLine: {'line': b'-- Up-to-date: /home/stepan/ws_ros2/install/px4_msgs/include/px4_msgs/px4_msgs/msg/detail/uavcan_parameter_request__rosidl_typesupport_fastrtps_c.h\n'}
[1.583241] (px4_msgs) StdoutLine: {'line': b'-- Up-to-date: /home/stepan/ws_ros2/install/px4_msgs/include/px4_msgs/px4_msgs/msg/detail/dataman_request__rosidl_typesupport_fastrtps_c.h\n'}
[1.583298] (px4_msgs) StdoutLine: {'line': b'-- Up-to-date: /home/stepan/ws_ros2/install/px4_msgs/include/px4_msgs/px4_msgs/msg/detail/estimator_gps_status__rosidl_typesupport_fastrtps_c.h\n'}
[1.583353] (px4_msgs) StdoutLine: {'line': b'-- Up-to-date: /home/stepan/ws_ros2/install/px4_msgs/include/px4_msgs/px4_msgs/msg/detail/position_setpoint_triplet__rosidl_typesupport_fastrtps_c.h\n'}
[1.583450] (px4_msgs) StdoutLine: {'line': b'-- Up-to-date: /home/stepan/ws_ros2/install/px4_msgs/include/px4_msgs/px4_msgs/msg/detail/launch_detection_status__rosidl_typesupport_fastrtps_c.h\n'}
[1.583529] (px4_msgs) StdoutLine: {'line': b'-- Up-to-date: /home/stepan/ws_ros2/install/px4_msgs/include/px4_msgs/px4_msgs/msg/detail/autotune_attitude_control_status__rosidl_typesupport_fastrtps_c.h\n'}
[1.583610] (px4_msgs) StdoutLine: {'line': b'-- Up-to-date: /home/stepan/ws_ros2/install/px4_msgs/include/px4_msgs/px4_msgs/msg/detail/orbit_status__rosidl_typesupport_fastrtps_c.h\n'}
[1.583669] (px4_msgs) StdoutLine: {'line': b'-- Up-to-date: /home/stepan/ws_ros2/install/px4_msgs/include/px4_msgs/px4_msgs/msg/detail/pwm_input__rosidl_typesupport_fastrtps_c.h\n'}
[1.583740] (px4_msgs) StdoutLine: {'line': b'-- Up-to-date: /home/stepan/ws_ros2/install/px4_msgs/include/px4_msgs/px4_msgs/msg/detail/pps_capture__rosidl_typesupport_fastrtps_c.h\n'}
[1.583809] (px4_msgs) StdoutLine: {'line': b'-- Up-to-date: /home/stepan/ws_ros2/install/px4_msgs/include/px4_msgs/px4_msgs/msg/detail/failsafe_flags__rosidl_typesupport_fastrtps_c.h\n'}
[1.583881] (px4_msgs) StdoutLine: {'line': b'-- Up-to-date: /home/stepan/ws_ros2/install/px4_msgs/include/px4_msgs/px4_msgs/msg/detail/wheel_encoders__rosidl_typesupport_fastrtps_c.h\n'}
[1.583972] (px4_msgs) StdoutLine: {'line': b'-- Up-to-date: /home/stepan/ws_ros2/install/px4_msgs/include/px4_msgs/px4_msgs/msg/detail/navigator_status__rosidl_typesupport_fastrtps_c.h\n'}
[1.584061] (px4_msgs) StdoutLine: {'line': b'-- Up-to-date: /home/stepan/ws_ros2/install/px4_msgs/include/px4_msgs/px4_msgs/msg/detail/airspeed_wind__rosidl_typesupport_fastrtps_c.h\n'}
[1.584143] (px4_msgs) StdoutLine: {'line': b'-- Up-to-date: /home/stepan/ws_ros2/install/px4_msgs/include/px4_msgs/px4_msgs/msg/detail/gimbal_controls__rosidl_typesupport_fastrtps_c.h\n'}
[1.584443] (px4_msgs) StdoutLine: {'line': b'-- Up-to-date: /home/stepan/ws_ros2/install/px4_msgs/include/px4_msgs/px4_msgs/msg/detail/debug_array__rosidl_typesupport_fastrtps_c.h\n'}
[1.584512] (px4_msgs) StdoutLine: {'line': b'-- Up-to-date: /home/stepan/ws_ros2/install/px4_msgs/include/px4_msgs/px4_msgs/msg/detail/gimbal_manager_status__rosidl_typesupport_fastrtps_c.h\n'}
[1.584570] (px4_msgs) StdoutLine: {'line': b'-- Up-to-date: /home/stepan/ws_ros2/install/px4_msgs/include/px4_msgs/px4_msgs/msg/detail/goto_setpoint__rosidl_typesupport_fastrtps_c.h\n'}
[1.584680] (px4_msgs) StdoutLine: {'line': b'-- Up-to-date: /home/stepan/ws_ros2/install/px4_msgs/include/px4_msgs/px4_msgs/msg/detail/radio_status__rosidl_typesupport_fastrtps_c.h\n'}
[1.584739] (px4_msgs) StdoutLine: {'line': b'-- Up-to-date: /home/stepan/ws_ros2/install/px4_msgs/include/px4_msgs/px4_msgs/msg/detail/qshell_req__rosidl_typesupport_fastrtps_c.h\n'}
[1.584795] (px4_msgs) StdoutLine: {'line': b'-- Up-to-date: /home/stepan/ws_ros2/install/px4_msgs/include/px4_msgs/px4_msgs/msg/detail/vehicle_global_position__rosidl_typesupport_fastrtps_c.h\n'}
[1.584851] (px4_msgs) StdoutLine: {'line': b'-- Up-to-date: /home/stepan/ws_ros2/install/px4_msgs/include/px4_msgs/px4_msgs/msg/detail/generator_status__rosidl_typesupport_fastrtps_c.h\n'}
[1.584907] (px4_msgs) StdoutLine: {'line': b'-- Up-to-date: /home/stepan/ws_ros2/install/px4_msgs/include/px4_msgs/px4_msgs/msg/detail/hover_thrust_estimate__rosidl_typesupport_fastrtps_c.h\n'}
[1.584980] (px4_msgs) StdoutLine: {'line': b'-- Up-to-date: /home/stepan/ws_ros2/install/px4_msgs/include/px4_msgs/px4_msgs/msg/detail/tecs_status__rosidl_typesupport_fastrtps_c.h\n'}
[1.585038] (px4_msgs) StdoutLine: {'line': b'-- Up-to-date: /home/stepan/ws_ros2/install/px4_msgs/include/px4_msgs/px4_msgs/msg/detail/telemetry_status__rosidl_typesupport_fastrtps_c.h\n'}
[1.585093] (px4_msgs) StdoutLine: {'line': b'-- Up-to-date: /home/stepan/ws_ros2/install/px4_msgs/include/px4_msgs/px4_msgs/msg/detail/ulog_stream__rosidl_typesupport_fastrtps_c.h\n'}
[1.585149] (px4_msgs) StdoutLine: {'line': b'-- Up-to-date: /home/stepan/ws_ros2/install/px4_msgs/include/px4_msgs/px4_msgs/msg/detail/sensor_hygrometer__rosidl_typesupport_fastrtps_c.h\n'}
[1.585205] (px4_msgs) StdoutLine: {'line': b'-- Up-to-date: /home/stepan/ws_ros2/install/px4_msgs/include/px4_msgs/px4_msgs/msg/detail/gripper__rosidl_typesupport_fastrtps_c.h\n'}
[1.585261] (px4_msgs) StdoutLine: {'line': b'-- Up-to-date: /home/stepan/ws_ros2/install/px4_msgs/include/px4_msgs/px4_msgs/msg/detail/manual_control_switches__rosidl_typesupport_fastrtps_c.h\n'}
[1.585316] (px4_msgs) StdoutLine: {'line': b'-- Up-to-date: /home/stepan/ws_ros2/install/px4_msgs/include/px4_msgs/px4_msgs/msg/detail/estimator_sensor_bias__rosidl_typesupport_fastrtps_c.h\n'}
[1.585381] (px4_msgs) StdoutLine: {'line': b'-- Up-to-date: /home/stepan/ws_ros2/install/px4_msgs/include/px4_msgs/px4_msgs/msg/detail/mount_orientation__rosidl_typesupport_fastrtps_c.h\n'}
[1.585445] (px4_msgs) StdoutLine: {'line': b'-- Up-to-date: /home/stepan/ws_ros2/install/px4_msgs/include/px4_msgs/px4_msgs/msg/detail/parameter_reset_request__rosidl_typesupport_fastrtps_c.h\n'}
[1.585501] (px4_msgs) StdoutLine: {'line': b'-- Up-to-date: /home/stepan/ws_ros2/install/px4_msgs/include/px4_msgs/px4_msgs/msg/detail/gimbal_manager_set_manual_control__rosidl_typesupport_fastrtps_c.h\n'}
[1.585561] (px4_msgs) StdoutLine: {'line': b'-- Up-to-date: /home/stepan/ws_ros2/install/px4_msgs/include/px4_msgs/px4_msgs/msg/detail/estimator_bias__rosidl_typesupport_fastrtps_c.h\n'}
[1.585617] (px4_msgs) StdoutLine: {'line': b'-- Up-to-date: /home/stepan/ws_ros2/install/px4_msgs/include/px4_msgs/px4_msgs/msg/detail/system_power__rosidl_typesupport_fastrtps_c.h\n'}
[1.585672] (px4_msgs) StdoutLine: {'line': b'-- Up-to-date: /home/stepan/ws_ros2/install/px4_msgs/include/px4_msgs/px4_msgs/msg/detail/mission__rosidl_typesupport_fastrtps_c.h\n'}
[1.585727] (px4_msgs) StdoutLine: {'line': b'-- Up-to-date: /home/stepan/ws_ros2/install/px4_msgs/include/px4_msgs/px4_msgs/msg/detail/mavlink_tunnel__rosidl_typesupport_fastrtps_c.h\n'}
[1.585783] (px4_msgs) StdoutLine: {'line': b'-- Up-to-date: /home/stepan/ws_ros2/install/px4_msgs/include/px4_msgs/px4_msgs/msg/detail/vehicle_status__rosidl_typesupport_fastrtps_c.h\n'}
[1.585839] (px4_msgs) StdoutLine: {'line': b'-- Up-to-date: /home/stepan/ws_ros2/install/px4_msgs/include/px4_msgs/px4_msgs/msg/detail/position_controller_status__rosidl_typesupport_fastrtps_c.h\n'}
[1.585894] (px4_msgs) StdoutLine: {'line': b'-- Up-to-date: /home/stepan/ws_ros2/install/px4_msgs/include/px4_msgs/px4_msgs/msg/detail/trajectory_setpoint__rosidl_typesupport_fastrtps_c.h\n'}
[1.585948] (px4_msgs) StdoutLine: {'line': b'-- Up-to-date: /home/stepan/ws_ros2/install/px4_msgs/include/px4_msgs/px4_msgs/msg/detail/satellite_info__rosidl_typesupport_fastrtps_c.h\n'}
[1.586003] (px4_msgs) StdoutLine: {'line': b'-- Up-to-date: /home/stepan/ws_ros2/install/px4_msgs/include/px4_msgs/px4_msgs/msg/detail/transponder_report__rosidl_typesupport_fastrtps_c.h\n'}
[1.586058] (px4_msgs) StdoutLine: {'line': b'-- Up-to-date: /home/stepan/ws_ros2/install/px4_msgs/include/px4_msgs/px4_msgs/msg/detail/sensor_preflight_mag__rosidl_typesupport_fastrtps_c.h\n'}
[1.586114] (px4_msgs) StdoutLine: {'line': b'-- Up-to-date: /home/stepan/ws_ros2/install/px4_msgs/include/px4_msgs/px4_msgs/msg/detail/actuator_test__rosidl_typesupport_fastrtps_c.h\n'}
[1.586314] (px4_msgs) StdoutLine: {'line': b'-- Up-to-date: /home/stepan/ws_ros2/install/px4_msgs/include/px4_msgs/px4_msgs/msg/detail/position_setpoint__rosidl_typesupport_fastrtps_c.h\n'}
[1.587179] (px4_msgs) StdoutLine: {'line': b'-- Up-to-date: /home/stepan/ws_ros2/install/px4_msgs/include/px4_msgs/px4_msgs/msg/detail/home_position__rosidl_typesupport_fastrtps_c.h\n'}
[1.587239] (px4_msgs) StdoutLine: {'line': b'-- Up-to-date: /home/stepan/ws_ros2/install/px4_msgs/include/px4_msgs/px4_msgs/msg/detail/register_ext_component_request__rosidl_typesupport_fastrtps_c.h\n'}
[1.587296] (px4_msgs) StdoutLine: {'line': b'-- Up-to-date: /home/stepan/ws_ros2/install/px4_msgs/include/px4_msgs/px4_msgs/msg/detail/timesync_status__rosidl_typesupport_fastrtps_c.h\n'}
[1.587351] (px4_msgs) StdoutLine: {'line': b'-- Up-to-date: /home/stepan/ws_ros2/install/px4_msgs/include/px4_msgs/px4_msgs/msg/detail/mavlink_log__rosidl_typesupport_fastrtps_c.h\n'}
[1.587636] (px4_msgs) StdoutLine: {'line': b'-- Up-to-date: /home/stepan/ws_ros2/install/px4_msgs/include/px4_msgs/px4_msgs/msg/detail/iridiumsbd_status__rosidl_typesupport_fastrtps_c.h\n'}
[1.587731] (px4_msgs) StdoutLine: {'line': b'-- Up-to-date: /home/stepan/ws_ros2/install/px4_msgs/include/px4_msgs/px4_msgs/msg/detail/estimator_aid_source3d__rosidl_typesupport_fastrtps_c.h\n'}
[1.587806] (px4_msgs) StdoutLine: {'line': b'-- Up-to-date: /home/stepan/ws_ros2/install/px4_msgs/include/px4_msgs/px4_msgs/msg/detail/tiltrotor_extra_controls__rosidl_typesupport_fastrtps_c.h\n'}
[1.587872] (px4_msgs) StdoutLine: {'line': b'-- Up-to-date: /home/stepan/ws_ros2/install/px4_msgs/include/px4_msgs/px4_msgs/msg/detail/yaw_estimator_status__rosidl_typesupport_fastrtps_c.h\n'}
[1.587950] (px4_msgs) StdoutLine: {'line': b'-- Up-to-date: /home/stepan/ws_ros2/install/px4_msgs/include/px4_msgs/px4_msgs/msg/detail/internal_combustion_engine_control__rosidl_typesupport_fastrtps_c.h\n'}
[1.588042] (px4_msgs) StdoutLine: {'line': b'-- Up-to-date: /home/stepan/ws_ros2/install/px4_msgs/include/px4_msgs/px4_msgs/msg/detail/vehicle_constraints__rosidl_typesupport_fastrtps_c.h\n'}
[1.588134] (px4_msgs) StdoutLine: {'line': b'-- Up-to-date: /home/stepan/ws_ros2/install/px4_msgs/include/px4_msgs/px4_msgs/msg/detail/vehicle_attitude__rosidl_typesupport_fastrtps_c.h\n'}
[1.588236] (px4_msgs) StdoutLine: {'line': b'-- Up-to-date: /home/stepan/ws_ros2/install/px4_msgs/include/px4_msgs/px4_msgs/msg/detail/vehicle_thrust_setpoint__rosidl_typesupport_fastrtps_c.h\n'}
[1.588337] (px4_msgs) StdoutLine: {'line': b'-- Up-to-date: /home/stepan/ws_ros2/install/px4_msgs/include/px4_msgs/px4_msgs/msg/detail/magnetometer_bias_estimate__rosidl_typesupport_fastrtps_c.h\n'}
[1.588429] (px4_msgs) StdoutLine: {'line': b'-- Up-to-date: /home/stepan/ws_ros2/install/px4_msgs/include/px4_msgs/px4_msgs/msg/detail/geofence_status__rosidl_typesupport_fastrtps_c.h\n'}
[1.588489] (px4_msgs) StdoutLine: {'line': b'-- Up-to-date: /home/stepan/ws_ros2/install/px4_msgs/include/px4_msgs/px4_msgs/msg/detail/flight_phase_estimation__rosidl_typesupport_fastrtps_c.h\n'}
[1.588545] (px4_msgs) StdoutLine: {'line': b'-- Up-to-date: /home/stepan/ws_ros2/install/px4_msgs/include/px4_msgs/px4_msgs/msg/detail/px4io_status__rosidl_typesupport_fastrtps_c.h\n'}
[1.588601] (px4_msgs) StdoutLine: {'line': b'-- Up-to-date: /home/stepan/ws_ros2/install/px4_msgs/include/px4_msgs/px4_msgs/msg/detail/control_allocator_status__rosidl_typesupport_fastrtps_c.h\n'}
[1.588655] (px4_msgs) StdoutLine: {'line': b'-- Up-to-date: /home/stepan/ws_ros2/install/px4_msgs/include/px4_msgs/px4_msgs/msg/detail/sensor_optical_flow__rosidl_typesupport_fastrtps_c.h\n'}
[1.588709] (px4_msgs) StdoutLine: {'line': b'-- Up-to-date: /home/stepan/ws_ros2/install/px4_msgs/include/px4_msgs/px4_msgs/msg/detail/actuator_servos_trim__rosidl_typesupport_fastrtps_c.h\n'}
[1.588764] (px4_msgs) StdoutLine: {'line': b'-- Up-to-date: /home/stepan/ws_ros2/install/px4_msgs/include/px4_msgs/px4_msgs/msg/detail/log_message__rosidl_typesupport_fastrtps_c.h\n'}
[1.588819] (px4_msgs) StdoutLine: {'line': b'-- Up-to-date: /home/stepan/ws_ros2/install/px4_msgs/include/px4_msgs/px4_msgs/msg/detail/estimator_bias3d__rosidl_typesupport_fastrtps_c.h\n'}
[1.588912] (px4_msgs) StdoutLine: {'line': b'-- Up-to-date: /home/stepan/ws_ros2/install/px4_msgs/include/px4_msgs/px4_msgs/msg/detail/estimator_innovations__rosidl_typesupport_fastrtps_c.h\n'}
[1.588968] (px4_msgs) StdoutLine: {'line': b'-- Up-to-date: /home/stepan/ws_ros2/install/px4_msgs/include/px4_msgs/px4_msgs/msg/detail/led_control__rosidl_typesupport_fastrtps_c.h\n'}
[1.589023] (px4_msgs) StdoutLine: {'line': b'-- Up-to-date: /home/stepan/ws_ros2/install/px4_msgs/include/px4_msgs/px4_msgs/msg/detail/manual_control_setpoint__rosidl_typesupport_fastrtps_c.h\n'}
[1.589077] (px4_msgs) StdoutLine: {'line': b'-- Up-to-date: /home/stepan/ws_ros2/install/px4_msgs/include/px4_msgs/px4_msgs/msg/detail/estimator_aid_source2d__rosidl_typesupport_fastrtps_c.h\n'}
[1.589132] (px4_msgs) StdoutLine: {'line': b'-- Up-to-date: /home/stepan/ws_ros2/install/px4_msgs/include/px4_msgs/px4_msgs/msg/detail/gimbal_manager_set_attitude__rosidl_typesupport_fastrtps_c.h\n'}
[1.589186] (px4_msgs) StdoutLine: {'line': b'-- Up-to-date: /home/stepan/ws_ros2/install/px4_msgs/include/px4_msgs/px4_msgs/msg/detail/gpio_out__rosidl_typesupport_fastrtps_c.h\n'}
[1.589382] (px4_msgs) StdoutLine: {'line': b'-- Up-to-date: /home/stepan/ws_ros2/install/px4_msgs/include/px4_msgs/px4_msgs/msg/detail/sensor_accel__rosidl_typesupport_fastrtps_c.h\n'}
[1.589650] (px4_msgs) StdoutLine: {'line': b'-- Up-to-date: /home/stepan/ws_ros2/install/px4_msgs/include/px4_msgs/px4_msgs/msg/detail/fuel_tank_status__rosidl_typesupport_fastrtps_c.h\n'}
[1.589708] (px4_msgs) StdoutLine: {'line': b'-- Up-to-date: /home/stepan/ws_ros2/install/px4_msgs/include/px4_msgs/px4_msgs/msg/detail/vehicle_optical_flow_vel__rosidl_typesupport_fastrtps_c.h\n'}
[1.589763] (px4_msgs) StdoutLine: {'line': b'-- Up-to-date: /home/stepan/ws_ros2/install/px4_msgs/include/px4_msgs/px4_msgs/msg/detail/parameter_update__rosidl_typesupport_fastrtps_c.h\n'}
[1.589820] (px4_msgs) StdoutLine: {'line': b'-- Up-to-date: /home/stepan/ws_ros2/install/px4_msgs/include/px4_msgs/px4_msgs/msg/detail/logger_status__rosidl_typesupport_fastrtps_c.h\n'}
[1.589875] (px4_msgs) StdoutLine: {'line': b'-- Up-to-date: /home/stepan/ws_ros2/install/px4_msgs/include/px4_msgs/px4_msgs/msg/detail/battery_status__rosidl_typesupport_fastrtps_c.h\n'}
[1.589931] (px4_msgs) StdoutLine: {'line': b'-- Up-to-date: /home/stepan/ws_ros2/install/px4_msgs/include/px4_msgs/px4_msgs/msg/detail/ackermann_velocity_setpoint__rosidl_typesupport_fastrtps_c.h\n'}
[1.589986] (px4_msgs) StdoutLine: {'line': b'-- Up-to-date: /home/stepan/ws_ros2/install/px4_msgs/include/px4_msgs/px4_msgs/msg/detail/parameter_set_value_response__rosidl_typesupport_fastrtps_c.h\n'}
[1.590041] (px4_msgs) StdoutLine: {'line': b'-- Up-to-date: /home/stepan/ws_ros2/install/px4_msgs/include/px4_msgs/px4_msgs/msg/detail/gpio_request__rosidl_typesupport_fastrtps_c.h\n'}
[1.590095] (px4_msgs) StdoutLine: {'line': b'-- Up-to-date: /home/stepan/ws_ros2/install/px4_msgs/include/px4_msgs/px4_msgs/msg/detail/figure_eight_status__rosidl_typesupport_fastrtps_c.h\n'}
[1.590170] (px4_msgs) StdoutLine: {'line': b'-- Up-to-date: /home/stepan/ws_ros2/install/px4_msgs/include/px4_msgs/px4_msgs/msg/detail/position_controller_landing_status__rosidl_typesupport_fastrtps_c.h\n'}
[1.590229] (px4_msgs) StdoutLine: {'line': b'-- Up-to-date: /home/stepan/ws_ros2/install/px4_msgs/include/px4_msgs/px4_msgs/msg/detail/actuator_controls_status__rosidl_typesupport_fastrtps_c.h\n'}
[1.590284] (px4_msgs) StdoutLine: {'line': b'-- Up-to-date: /home/stepan/ws_ros2/install/px4_msgs/include/px4_msgs/px4_msgs/msg/detail/vehicle_angular_velocity__rosidl_typesupport_fastrtps_c.h\n'}
[1.590367] (px4_msgs) StdoutLine: {'line': b'-- Up-to-date: /home/stepan/ws_ros2/install/px4_msgs/include/px4_msgs/px4_msgs/msg/detail/debug_value__rosidl_typesupport_fastrtps_c.h\n'}
[1.590749] (px4_msgs) StdoutLine: {'line': b'-- Up-to-date: /home/stepan/ws_ros2/install/px4_msgs/include/px4_msgs/px4_msgs/msg/detail/takeoff_status__rosidl_typesupport_fastrtps_c.h\n'}
[1.590847] (px4_msgs) StdoutLine: {'line': b'-- Up-to-date: /home/stepan/ws_ros2/install/px4_msgs/include/px4_msgs/px4_msgs/msg/detail/gps_dump__rosidl_typesupport_fastrtps_c.h\n'}
[1.591053] (px4_msgs) StdoutLine: {'line': b'-- Up-to-date: /home/stepan/ws_ros2/install/px4_msgs/include/px4_msgs/px4_msgs/msg/detail/ping__rosidl_typesupport_fastrtps_c.h\n'}
[1.591159] (px4_msgs) StdoutLine: {'line': b'-- Up-to-date: /home/stepan/ws_ros2/install/px4_msgs/include/px4_msgs/px4_msgs/msg/detail/vehicle_acceleration__rosidl_typesupport_fastrtps_c.h\n'}
[1.591255] (px4_msgs) StdoutLine: {'line': b'-- Up-to-date: /home/stepan/ws_ros2/install/px4_msgs/include/px4_msgs/px4_msgs/msg/detail/rover_position_setpoint__rosidl_typesupport_fastrtps_c.h\n'}
[1.591344] (px4_msgs) StdoutLine: {'line': b'-- Up-to-date: /home/stepan/ws_ros2/install/px4_msgs/include/px4_msgs/px4_msgs/msg/detail/gimbal_device_attitude_status__rosidl_typesupport_fastrtps_c.h\n'}
[1.591441] (px4_msgs) StdoutLine: {'line': b'-- Up-to-date: /home/stepan/ws_ros2/install/px4_msgs/include/px4_msgs/px4_msgs/msg/detail/vehicle_odometry__rosidl_typesupport_fastrtps_c.h\n'}
[1.591533] (px4_msgs) StdoutLine: {'line': b'-- Up-to-date: /home/stepan/ws_ros2/install/px4_msgs/include/px4_msgs/px4_msgs/msg/detail/parameter_set_used_request__rosidl_typesupport_fastrtps_c.h\n'}
[1.591620] (px4_msgs) StdoutLine: {'line': b'-- Up-to-date: /home/stepan/ws_ros2/install/px4_msgs/include/px4_msgs/px4_msgs/msg/detail/rover_rate_setpoint__rosidl_typesupport_fastrtps_c.h\n'}
[1.591693] (px4_msgs) StdoutLine: {'line': b'-- Up-to-date: /home/stepan/ws_ros2/install/px4_msgs/include/px4_msgs/px4_msgs/msg/detail/actuator_armed__rosidl_typesupport_fastrtps_c.h\n'}
[1.591766] (px4_msgs) StdoutLine: {'line': b'-- Up-to-date: /home/stepan/ws_ros2/install/px4_msgs/include/px4_msgs/px4_msgs/msg/detail/vehicle_local_position__rosidl_typesupport_fastrtps_c.h\n'}
[1.591838] (px4_msgs) StdoutLine: {'line': b'-- Up-to-date: /home/stepan/ws_ros2/install/px4_msgs/include/px4_msgs/px4_msgs/msg/detail/rc_parameter_map__rosidl_typesupport_fastrtps_c.h\n'}
[1.591909] (px4_msgs) StdoutLine: {'line': b'-- Up-to-date: /home/stepan/ws_ros2/install/px4_msgs/include/px4_msgs/px4_msgs/msg/detail/tune_control__rosidl_typesupport_fastrtps_c.h\n'}
[1.592031] (px4_msgs) StdoutLine: {'line': b'-- Up-to-date: /home/stepan/ws_ros2/install/px4_msgs/include/px4_msgs/px4_msgs/msg/detail/airspeed_validated__rosidl_typesupport_fastrtps_c.h\n'}
[1.592167] (px4_msgs) StdoutLine: {'line': b'-- Up-to-date: /home/stepan/ws_ros2/install/px4_msgs/include/px4_msgs/px4_msgs/msg/detail/rc_channels__rosidl_typesupport_fastrtps_c.h\n'}
[1.592243] (px4_msgs) StdoutLine: {'line': b'-- Up-to-date: /home/stepan/ws_ros2/install/px4_msgs/include/px4_msgs/px4_msgs/msg/detail/vehicle_rates_setpoint__rosidl_typesupport_fastrtps_c.h\n'}
[1.592542] (px4_msgs) StdoutLine: {'line': b'-- Up-to-date: /home/stepan/ws_ros2/install/px4_msgs/include/px4_msgs/px4_msgs/msg/detail/distance_sensor__rosidl_typesupport_fastrtps_c.h\n'}
[1.592653] (px4_msgs) StdoutLine: {'line': b'-- Up-to-date: /home/stepan/ws_ros2/install/px4_msgs/include/px4_msgs/px4_msgs/msg/detail/estimator_status__rosidl_typesupport_fastrtps_c.h\n'}
[1.592730] (px4_msgs) StdoutLine: {'line': b'-- Up-to-date: /home/stepan/ws_ros2/install/px4_msgs/include/px4_msgs/px4_msgs/msg/detail/input_rc__rosidl_typesupport_fastrtps_c.h\n'}
[1.592801] (px4_msgs) StdoutLine: {'line': b'-- Up-to-date: /home/stepan/ws_ros2/install/px4_msgs/include/px4_msgs/px4_msgs/msg/detail/sensor_selection__rosidl_typesupport_fastrtps_c.h\n'}
[1.592869] (px4_msgs) StdoutLine: {'line': b'-- Up-to-date: /home/stepan/ws_ros2/install/px4_msgs/include/px4_msgs/px4_msgs/msg/detail/ekf2_timestamps__rosidl_typesupport_fastrtps_c.h\n'}
[1.592936] (px4_msgs) StdoutLine: {'line': b'-- Up-to-date: /home/stepan/ws_ros2/install/px4_msgs/include/px4_msgs/px4_msgs/msg/detail/sensors_status__rosidl_typesupport_fastrtps_c.h\n'}
[1.593004] (px4_msgs) StdoutLine: {'line': b'-- Up-to-date: /home/stepan/ws_ros2/install/px4_msgs/include/px4_msgs/px4_msgs/msg/detail/vehicle_imu_status__rosidl_typesupport_fastrtps_c.h\n'}
[1.593094] (px4_msgs) StdoutLine: {'line': b'-- Up-to-date: /home/stepan/ws_ros2/install/px4_msgs/include/px4_msgs/px4_msgs/msg/detail/qshell_retval__rosidl_typesupport_fastrtps_c.h\n'}
[1.593159] (px4_msgs) StdoutLine: {'line': b'-- Up-to-date: /home/stepan/ws_ros2/install/px4_msgs/include/px4_msgs/px4_msgs/msg/detail/vehicle_command_ack__rosidl_typesupport_fastrtps_c.h\n'}
[1.593226] (px4_msgs) StdoutLine: {'line': b'-- Up-to-date: /home/stepan/ws_ros2/install/px4_msgs/include/px4_msgs/px4_msgs/msg/detail/arming_check_request__rosidl_typesupport_fastrtps_c.h\n'}
[1.593289] (px4_msgs) StdoutLine: {'line': b'-- Up-to-date: /home/stepan/ws_ros2/install/px4_msgs/include/px4_msgs/px4_msgs/msg/detail/rover_throttle_setpoint__rosidl_typesupport_fastrtps_c.h\n'}
[1.593352] (px4_msgs) StdoutLine: {'line': b'-- Up-to-date: /home/stepan/ws_ros2/install/px4_msgs/include/px4_msgs/px4_msgs/msg/detail/button_event__rosidl_typesupport_fastrtps_c.h\n'}
[1.593519] (px4_msgs) StdoutLine: {'line': b'-- Up-to-date: /home/stepan/ws_ros2/install/px4_msgs/include/px4_msgs/px4_msgs/msg/detail/rover_velocity_status__rosidl_typesupport_fastrtps_c.h\n'}
[1.593605] (px4_msgs) StdoutLine: {'line': b'-- Up-to-date: /home/stepan/ws_ros2/install/px4_msgs/include/px4_msgs/px4_msgs/msg/detail/rover_attitude_setpoint__rosidl_typesupport_fastrtps_c.h\n'}
[1.593662] (px4_msgs) StdoutLine: {'line': b'-- Up-to-date: /home/stepan/ws_ros2/install/px4_msgs/include/px4_msgs/px4_msgs/msg/detail/vehicle_torque_setpoint__rosidl_typesupport_fastrtps_c.h\n'}
[1.593719] (px4_msgs) StdoutLine: {'line': b'-- Up-to-date: /home/stepan/ws_ros2/install/px4_msgs/include/px4_msgs/px4_msgs/msg/detail/actuator_servos__rosidl_typesupport_fastrtps_c.h\n'}
[1.593775] (px4_msgs) StdoutLine: {'line': b'-- Up-to-date: /home/stepan/ws_ros2/install/px4_msgs/include/px4_msgs/px4_msgs/msg/detail/mag_worker_data__rosidl_typesupport_fastrtps_c.h\n'}
[1.593831] (px4_msgs) StdoutLine: {'line': b'-- Up-to-date: /home/stepan/ws_ros2/install/px4_msgs/include/px4_msgs/px4_msgs/msg/detail/esc_report__rosidl_typesupport_fastrtps_c.h\n'}
[1.593886] (px4_msgs) StdoutLine: {'line': b'-- Up-to-date: /home/stepan/ws_ros2/install/px4_msgs/include/px4_msgs/px4_msgs/msg/detail/obstacle_distance__rosidl_typesupport_fastrtps_c.h\n'}
[1.593941] (px4_msgs) StdoutLine: {'line': b'-- Up-to-date: /home/stepan/ws_ros2/install/px4_msgs/include/px4_msgs/px4_msgs/msg/detail/follow_target_status__rosidl_typesupport_fastrtps_c.h\n'}
[1.593996] (px4_msgs) StdoutLine: {'line': b'-- Up-to-date: /home/stepan/ws_ros2/install/px4_msgs/include/px4_msgs/px4_msgs/msg/detail/actuator_motors__rosidl_typesupport_fastrtps_c.h\n'}
[1.594051] (px4_msgs) StdoutLine: {'line': b'-- Up-to-date: /home/stepan/ws_ros2/install/px4_msgs/include/px4_msgs/px4_msgs/msg/detail/distance_sensor_mode_change_request__rosidl_typesupport_fastrtps_c.h\n'}
[1.594108] (px4_msgs) StdoutLine: {'line': b'-- Up-to-date: /home/stepan/ws_ros2/install/px4_msgs/include/px4_msgs/px4_msgs/msg/detail/vehicle_local_position_setpoint__rosidl_typesupport_fastrtps_c.h\n'}
[1.594165] (px4_msgs) StdoutLine: {'line': b'-- Up-to-date: /home/stepan/ws_ros2/install/px4_msgs/include/px4_msgs/px4_msgs/msg/detail/open_drone_id_operator_id__rosidl_typesupport_fastrtps_c.h\n'}
[1.594244] (px4_msgs) StdoutLine: {'line': b'-- Up-to-date: /home/stepan/ws_ros2/install/px4_msgs/include/px4_msgs/px4_msgs/msg/detail/orb_test_medium__rosidl_typesupport_fastrtps_c.h\n'}
[1.594298] (px4_msgs) StdoutLine: {'line': b'-- Up-to-date: /home/stepan/ws_ros2/install/px4_msgs/include/px4_msgs/px4_msgs/msg/detail/actuator_outputs__rosidl_typesupport_fastrtps_c.h\n'}
[1.594350] (px4_msgs) StdoutLine: {'line': b'-- Up-to-date: /home/stepan/ws_ros2/install/px4_msgs/include/px4_msgs/px4_msgs/msg/detail/mode_completed__rosidl_typesupport_fastrtps_c.h\n'}
[1.594413] (px4_msgs) StdoutLine: {'line': b'-- Up-to-date: /home/stepan/ws_ros2/install/px4_msgs/include/px4_msgs/px4_msgs/msg/detail/rover_rate_status__rosidl_typesupport_fastrtps_c.h\n'}
[1.594475] (px4_msgs) StdoutLine: {'line': b'-- Up-to-date: /home/stepan/ws_ros2/install/px4_msgs/include/px4_msgs/px4_msgs/msg/detail/normalized_unsigned_setpoint__rosidl_typesupport_fastrtps_c.h\n'}
[1.594530] (px4_msgs) StdoutLine: {'line': b'-- Up-to-date: /home/stepan/ws_ros2/install/px4_msgs/include/px4_msgs/px4_msgs/msg/detail/health_report__rosidl_typesupport_fastrtps_c.h\n'}
[1.594580] (px4_msgs) StdoutLine: {'line': b'-- Up-to-date: /home/stepan/ws_ros2/install/px4_msgs/include/px4_msgs/px4_msgs/msg/detail/power_button_state__rosidl_typesupport_fastrtps_c.h\n'}
[1.594630] (px4_msgs) StdoutLine: {'line': b'-- Up-to-date: /home/stepan/ws_ros2/install/px4_msgs/include/px4_msgs/px4_msgs/msg/detail/can_interface_status__rosidl_typesupport_fastrtps_c.h\n'}
[1.594680] (px4_msgs) StdoutLine: {'line': b'-- Up-to-date: /home/stepan/ws_ros2/install/px4_msgs/include/px4_msgs/px4_msgs/msg/detail/estimator_aid_source1d__rosidl_typesupport_fastrtps_c.h\n'}
[1.594730] (px4_msgs) StdoutLine: {'line': b'-- Up-to-date: /home/stepan/ws_ros2/install/px4_msgs/include/px4_msgs/px4_msgs/msg/detail/npfg_status__rosidl_typesupport_fastrtps_c.h\n'}
[1.594780] (px4_msgs) StdoutLine: {'line': b'-- Up-to-date: /home/stepan/ws_ros2/install/px4_msgs/include/px4_msgs/px4_msgs/msg/detail/vehicle_attitude_setpoint__rosidl_typesupport_fastrtps_c.h\n'}
[1.594830] (px4_msgs) StdoutLine: {'line': b'-- Up-to-date: /home/stepan/ws_ros2/install/px4_msgs/include/px4_msgs/px4_msgs/msg/detail/landing_target_pose__rosidl_typesupport_fastrtps_c.h\n'}
[1.594881] (px4_msgs) StdoutLine: {'line': b'-- Up-to-date: /home/stepan/ws_ros2/install/px4_msgs/include/px4_msgs/px4_msgs/msg/detail/wind__rosidl_typesupport_fastrtps_c.h\n'}
[1.594932] (px4_msgs) StdoutLine: {'line': b'-- Up-to-date: /home/stepan/ws_ros2/install/px4_msgs/include/px4_msgs/px4_msgs/msg/detail/collision_constraints__rosidl_typesupport_fastrtps_c.h\n'}
[1.594983] (px4_msgs) StdoutLine: {'line': b'-- Up-to-date: /home/stepan/ws_ros2/install/px4_msgs/include/px4_msgs/px4_msgs/msg/detail/message_format_request__rosidl_typesupport_fastrtps_c.h\n'}
[1.595035] (px4_msgs) StdoutLine: {'line': b'-- Up-to-date: /home/stepan/ws_ros2/install/px4_msgs/include/px4_msgs/px4_msgs/msg/detail/rover_steering_setpoint__rosidl_typesupport_fastrtps_c.h\n'}
[1.595086] (px4_msgs) StdoutLine: {'line': b'-- Up-to-date: /home/stepan/ws_ros2/install/px4_msgs/include/px4_msgs/px4_msgs/msg/detail/gpio_config__rosidl_typesupport_fastrtps_c.h\n'}
[1.595136] (px4_msgs) StdoutLine: {'line': b'-- Up-to-date: /home/stepan/ws_ros2/install/px4_msgs/include/px4_msgs/px4_msgs/msg/detail/velocity_limits__rosidl_typesupport_fastrtps_c.h\n'}
[1.595187] (px4_msgs) StdoutLine: {'line': b'-- Up-to-date: /home/stepan/ws_ros2/install/px4_msgs/include/px4_msgs/px4_msgs/msg/detail/sensor_combined__rosidl_typesupport_fastrtps_c.h\n'}
[1.595247] (px4_msgs) StdoutLine: {'line': b'-- Up-to-date: /home/stepan/ws_ros2/install/px4_msgs/include/px4_msgs/px4_msgs/msg/detail/action_request__rosidl_typesupport_fastrtps_c.h\n'}
[1.595319] (px4_msgs) StdoutLine: {'line': b'-- Up-to-date: /home/stepan/ws_ros2/install/px4_msgs/include/px4_msgs/px4_msgs/msg/detail/task_stack_info__rosidl_typesupport_fastrtps_c.h\n'}
[1.595408] (px4_msgs) StdoutLine: {'line': b'-- Up-to-date: /home/stepan/ws_ros2/install/px4_msgs/include/px4_msgs/px4_msgs/msg/detail/message_format_response__rosidl_typesupport_fastrtps_c.h\n'}
[1.595491] (px4_msgs) StdoutLine: {'line': b'-- Up-to-date: /home/stepan/ws_ros2/install/px4_msgs/include/px4_msgs/px4_msgs/msg/detail/trajectory_setpoint6dof__rosidl_typesupport_fastrtps_c.h\n'}
[1.595569] (px4_msgs) StdoutLine: {'line': b'-- Up-to-date: /home/stepan/ws_ros2/install/px4_msgs/include/px4_msgs/px4_msgs/msg/detail/open_drone_id_system__rosidl_typesupport_fastrtps_c.h\n'}
[1.595643] (px4_msgs) StdoutLine: {'line': b'-- Up-to-date: /home/stepan/ws_ros2/install/px4_msgs/include/px4_msgs/px4_msgs/msg/detail/rover_attitude_status__rosidl_typesupport_fastrtps_c.h\n'}
[1.595724] (px4_msgs) StdoutLine: {'line': b'-- Up-to-date: /home/stepan/ws_ros2/install/px4_msgs/include/px4_msgs/px4_msgs/msg/detail/rtl_status__rosidl_typesupport_fastrtps_c.h\n'}
[1.595815] (px4_msgs) StdoutLine: {'line': b'-- Up-to-date: /home/stepan/ws_ros2/install/px4_msgs/include/px4_msgs/px4_msgs/msg/detail/sensors_status_imu__rosidl_typesupport_fastrtps_c.h\n'}
[1.595892] (px4_msgs) StdoutLine: {'line': b'-- Up-to-date: /home/stepan/ws_ros2/install/px4_msgs/include/px4_msgs/px4_msgs/msg/detail/gpio_in__rosidl_typesupport_fastrtps_c.h\n'}
[1.596020] (px4_msgs) StdoutLine: {'line': b'-- Up-to-date: /home/stepan/ws_ros2/install/px4_msgs/include/px4_msgs/px4_msgs/msg/detail/vehicle_land_detected__rosidl_typesupport_fastrtps_c.h\n'}
[1.596105] (px4_msgs) StdoutLine: {'line': b'-- Up-to-date: /home/stepan/ws_ros2/install/px4_msgs/include/px4_msgs/px4_msgs/msg/detail/sensor_gyro__rosidl_typesupport_fastrtps_c.h\n'}
[1.596189] (px4_msgs) StdoutLine: {'line': b'-- Up-to-date: /home/stepan/ws_ros2/install/px4_msgs/include/px4_msgs/px4_msgs/msg/rosidl_typesupport_fastrtps_c__visibility_control.h\n'}
[1.596268] (px4_msgs) StdoutLine: {'line': b'-- Up-to-date: /home/stepan/ws_ros2/install/px4_msgs/include/px4_msgs/px4_msgs/srv\n'}
[1.596343] (px4_msgs) StdoutLine: {'line': b'-- Up-to-date: /home/stepan/ws_ros2/install/px4_msgs/include/px4_msgs/px4_msgs/srv/detail\n'}
[1.596444] (px4_msgs) StdoutLine: {'line': b'-- Up-to-date: /home/stepan/ws_ros2/install/px4_msgs/include/px4_msgs/px4_msgs/srv/detail/vehicle_command__rosidl_typesupport_fastrtps_c.h\n'}
[1.596538] (px4_msgs) StdoutLine: {'line': b'-- Up-to-date: /home/stepan/ws_ros2/install/px4_msgs/lib/libpx4_msgs__rosidl_typesupport_fastrtps_c.so\n'}
[1.596621] (px4_msgs) StdoutLine: {'line': b'-- Up-to-date: /home/stepan/ws_ros2/install/px4_msgs/include/px4_msgs/px4_msgs\n'}
[1.596703] (px4_msgs) StdoutLine: {'line': b'-- Up-to-date: /home/stepan/ws_ros2/install/px4_msgs/include/px4_msgs/px4_msgs/msg\n'}
[1.596786] (px4_msgs) StdoutLine: {'line': b'-- Up-to-date: /home/stepan/ws_ros2/install/px4_msgs/include/px4_msgs/px4_msgs/msg/rover_rate_setpoint.hpp\n'}
[1.596865] (px4_msgs) StdoutLine: {'line': b'-- Up-to-date: /home/stepan/ws_ros2/install/px4_msgs/include/px4_msgs/px4_msgs/msg/rc_channels.hpp\n'}
[1.596947] (px4_msgs) StdoutLine: {'line': b'-- Up-to-date: /home/stepan/ws_ros2/install/px4_msgs/include/px4_msgs/px4_msgs/msg/sensor_optical_flow.hpp\n'}
[1.597024] (px4_msgs) StdoutLine: {'line': b'-- Up-to-date: /home/stepan/ws_ros2/install/px4_msgs/include/px4_msgs/px4_msgs/msg/actuator_outputs.hpp\n'}
[1.597107] (px4_msgs) StdoutLine: {'line': b'-- Up-to-date: /home/stepan/ws_ros2/install/px4_msgs/include/px4_msgs/px4_msgs/msg/transponder_report.hpp\n'}
[1.597189] (px4_msgs) StdoutLine: {'line': b'-- Up-to-date: /home/stepan/ws_ros2/install/px4_msgs/include/px4_msgs/px4_msgs/msg/ulog_stream.hpp\n'}
[1.597270] (px4_msgs) StdoutLine: {'line': b'-- Up-to-date: /home/stepan/ws_ros2/install/px4_msgs/include/px4_msgs/px4_msgs/msg/estimator_sensor_bias.hpp\n'}
[1.597353] (px4_msgs) StdoutLine: {'line': b'-- Up-to-date: /home/stepan/ws_ros2/install/px4_msgs/include/px4_msgs/px4_msgs/msg/navigator_mission_item.hpp\n'}
[1.597452] (px4_msgs) StdoutLine: {'line': b'-- Up-to-date: /home/stepan/ws_ros2/install/px4_msgs/include/px4_msgs/px4_msgs/msg/iridiumsbd_status.hpp\n'}
[1.597535] (px4_msgs) StdoutLine: {'line': b'-- Up-to-date: /home/stepan/ws_ros2/install/px4_msgs/include/px4_msgs/px4_msgs/msg/follow_target_estimator.hpp\n'}
[1.597618] (px4_msgs) StdoutLine: {'line': b'-- Up-to-date: /home/stepan/ws_ros2/install/px4_msgs/include/px4_msgs/px4_msgs/msg/power_button_state.hpp\n'}
[1.597699] (px4_msgs) StdoutLine: {'line': b'-- Up-to-date: /home/stepan/ws_ros2/install/px4_msgs/include/px4_msgs/px4_msgs/msg/navigator_status.hpp\n'}
[1.597780] (px4_msgs) StdoutLine: {'line': b'-- Up-to-date: /home/stepan/ws_ros2/install/px4_msgs/include/px4_msgs/px4_msgs/msg/vehicle_imu.hpp\n'}
[1.597863] (px4_msgs) StdoutLine: {'line': b'-- Up-to-date: /home/stepan/ws_ros2/install/px4_msgs/include/px4_msgs/px4_msgs/msg/button_event.hpp\n'}
[1.597946] (px4_msgs) StdoutLine: {'line': b'-- Up-to-date: /home/stepan/ws_ros2/install/px4_msgs/include/px4_msgs/px4_msgs/msg/internal_combustion_engine_status.hpp\n'}
[1.598037] (px4_msgs) StdoutLine: {'line': b'-- Up-to-date: /home/stepan/ws_ros2/install/px4_msgs/include/px4_msgs/px4_msgs/msg/sensors_status.hpp\n'}
[1.598121] (px4_msgs) StdoutLine: {'line': b'-- Up-to-date: /home/stepan/ws_ros2/install/px4_msgs/include/px4_msgs/px4_msgs/msg/message_format_request.hpp\n'}
[1.598205] (px4_msgs) StdoutLine: {'line': b'-- Up-to-date: /home/stepan/ws_ros2/install/px4_msgs/include/px4_msgs/px4_msgs/msg/arming_check_request.hpp\n'}
[1.598288] (px4_msgs) StdoutLine: {'line': b'-- Up-to-date: /home/stepan/ws_ros2/install/px4_msgs/include/px4_msgs/px4_msgs/msg/gimbal_manager_information.hpp\n'}
[1.598375] (px4_msgs) StdoutLine: {'line': b'-- Up-to-date: /home/stepan/ws_ros2/install/px4_msgs/include/px4_msgs/px4_msgs/msg/estimator_bias.hpp\n'}
[1.598465] (px4_msgs) StdoutLine: {'line': b'-- Up-to-date: /home/stepan/ws_ros2/install/px4_msgs/include/px4_msgs/px4_msgs/msg/esc_report.hpp\n'}
[1.598548] (px4_msgs) StdoutLine: {'line': b'-- Up-to-date: /home/stepan/ws_ros2/install/px4_msgs/include/px4_msgs/px4_msgs/msg/sensor_hygrometer.hpp\n'}
[1.598631] (px4_msgs) StdoutLine: {'line': b'-- Up-to-date: /home/stepan/ws_ros2/install/px4_msgs/include/px4_msgs/px4_msgs/msg/adc_report.hpp\n'}
[1.598715] (px4_msgs) StdoutLine: {'line': b'-- Up-to-date: /home/stepan/ws_ros2/install/px4_msgs/include/px4_msgs/px4_msgs/msg/estimator_aid_source2d.hpp\n'}
[1.598798] (px4_msgs) StdoutLine: {'line': b'-- Up-to-date: /home/stepan/ws_ros2/install/px4_msgs/include/px4_msgs/px4_msgs/msg/led_control.hpp\n'}
[1.598881] (px4_msgs) StdoutLine: {'line': b'-- Up-to-date: /home/stepan/ws_ros2/install/px4_msgs/include/px4_msgs/px4_msgs/msg/sensor_baro.hpp\n'}
[1.598971] (px4_msgs) StdoutLine: {'line': b'-- Up-to-date: /home/stepan/ws_ros2/install/px4_msgs/include/px4_msgs/px4_msgs/msg/vehicle_constraints.hpp\n'}
[1.599055] (px4_msgs) StdoutLine: {'line': b'-- Up-to-date: /home/stepan/ws_ros2/install/px4_msgs/include/px4_msgs/px4_msgs/msg/vehicle_attitude.hpp\n'}
[1.599138] (px4_msgs) StdoutLine: {'line': b'-- Up-to-date: /home/stepan/ws_ros2/install/px4_msgs/include/px4_msgs/px4_msgs/msg/vehicle_air_data.hpp\n'}
[1.599220] (px4_msgs) StdoutLine: {'line': b'-- Up-to-date: /home/stepan/ws_ros2/install/px4_msgs/include/px4_msgs/px4_msgs/msg/tecs_status.hpp\n'}
[1.599303] (px4_msgs) StdoutLine: {'line': b'-- Up-to-date: /home/stepan/ws_ros2/install/px4_msgs/include/px4_msgs/px4_msgs/msg/parameter_reset_request.hpp\n'}
[1.599393] (px4_msgs) StdoutLine: {'line': b'-- Up-to-date: /home/stepan/ws_ros2/install/px4_msgs/include/px4_msgs/px4_msgs/msg/trajectory_setpoint.hpp\n'}
[1.599481] (px4_msgs) StdoutLine: {'line': b'-- Up-to-date: /home/stepan/ws_ros2/install/px4_msgs/include/px4_msgs/px4_msgs/msg/rc_parameter_map.hpp\n'}
[1.599563] (px4_msgs) StdoutLine: {'line': b'-- Up-to-date: /home/stepan/ws_ros2/install/px4_msgs/include/px4_msgs/px4_msgs/msg/open_drone_id_system.hpp\n'}
[1.599645] (px4_msgs) StdoutLine: {'line': b'-- Up-to-date: /home/stepan/ws_ros2/install/px4_msgs/include/px4_msgs/px4_msgs/msg/goto_setpoint.hpp\n'}
[1.599729] (px4_msgs) StdoutLine: {'line': b'-- Up-to-date: /home/stepan/ws_ros2/install/px4_msgs/include/px4_msgs/px4_msgs/msg/vehicle_magnetometer.hpp\n'}
[1.599811] (px4_msgs) StdoutLine: {'line': b'-- Up-to-date: /home/stepan/ws_ros2/install/px4_msgs/include/px4_msgs/px4_msgs/msg/gimbal_manager_status.hpp\n'}
[1.599910] (px4_msgs) StdoutLine: {'line': b'-- Up-to-date: /home/stepan/ws_ros2/install/px4_msgs/include/px4_msgs/px4_msgs/msg/estimator_states.hpp\n'}
[1.599992] (px4_msgs) StdoutLine: {'line': b'-- Up-to-date: /home/stepan/ws_ros2/install/px4_msgs/include/px4_msgs/px4_msgs/msg/rover_velocity_status.hpp\n'}
[1.600074] (px4_msgs) StdoutLine: {'line': b'-- Up-to-date: /home/stepan/ws_ros2/install/px4_msgs/include/px4_msgs/px4_msgs/msg/wheel_encoders.hpp\n'}
[1.600156] (px4_msgs) StdoutLine: {'line': b'-- Up-to-date: /home/stepan/ws_ros2/install/px4_msgs/include/px4_msgs/px4_msgs/msg/can_interface_status.hpp\n'}
[1.600244] (px4_msgs) StdoutLine: {'line': b'-- Up-to-date: /home/stepan/ws_ros2/install/px4_msgs/include/px4_msgs/px4_msgs/msg/vehicle_global_position.hpp\n'}
[1.600326] (px4_msgs) StdoutLine: {'line': b'-- Up-to-date: /home/stepan/ws_ros2/install/px4_msgs/include/px4_msgs/px4_msgs/msg/actuator_test.hpp\n'}
[1.600424] (px4_msgs) StdoutLine: {'line': b'-- Up-to-date: /home/stepan/ws_ros2/install/px4_msgs/include/px4_msgs/px4_msgs/msg/gpio_out.hpp\n'}
[1.600511] (px4_msgs) StdoutLine: {'line': b'-- Up-to-date: /home/stepan/ws_ros2/install/px4_msgs/include/px4_msgs/px4_msgs/msg/vehicle_angular_velocity.hpp\n'}
[1.600594] (px4_msgs) StdoutLine: {'line': b'-- Up-to-date: /home/stepan/ws_ros2/install/px4_msgs/include/px4_msgs/px4_msgs/msg/mavlink_tunnel.hpp\n'}
[1.600676] (px4_msgs) StdoutLine: {'line': b'-- Up-to-date: /home/stepan/ws_ros2/install/px4_msgs/include/px4_msgs/px4_msgs/msg/vehicle_optical_flow_vel.hpp\n'}
[1.600759] (px4_msgs) StdoutLine: {'line': b'-- Up-to-date: /home/stepan/ws_ros2/install/px4_msgs/include/px4_msgs/px4_msgs/msg/parameter_set_value_response.hpp\n'}
[1.600842] (px4_msgs) StdoutLine: {'line': b'-- Up-to-date: /home/stepan/ws_ros2/install/px4_msgs/include/px4_msgs/px4_msgs/msg/actuator_servos.hpp\n'}
[1.600924] (px4_msgs) StdoutLine: {'line': b'-- Up-to-date: /home/stepan/ws_ros2/install/px4_msgs/include/px4_msgs/px4_msgs/msg/unregister_ext_component.hpp\n'}
[1.601006] (px4_msgs) StdoutLine: {'line': b'-- Up-to-date: /home/stepan/ws_ros2/install/px4_msgs/include/px4_msgs/px4_msgs/msg/manual_control_switches.hpp\n'}
[1.601089] (px4_msgs) StdoutLine: {'line': b'-- Up-to-date: /home/stepan/ws_ros2/install/px4_msgs/include/px4_msgs/px4_msgs/msg/gpio_in.hpp\n'}
[1.601170] (px4_msgs) StdoutLine: {'line': b'-- Up-to-date: /home/stepan/ws_ros2/install/px4_msgs/include/px4_msgs/px4_msgs/msg/differential_pressure.hpp\n'}
[1.601252] (px4_msgs) StdoutLine: {'line': b'-- Up-to-date: /home/stepan/ws_ros2/install/px4_msgs/include/px4_msgs/px4_msgs/msg/vehicle_acceleration.hpp\n'}
[1.601334] (px4_msgs) StdoutLine: {'line': b'-- Up-to-date: /home/stepan/ws_ros2/install/px4_msgs/include/px4_msgs/px4_msgs/msg/log_message.hpp\n'}
[1.601432] (px4_msgs) StdoutLine: {'line': b'-- Up-to-date: /home/stepan/ws_ros2/install/px4_msgs/include/px4_msgs/px4_msgs/msg/px4io_status.hpp\n'}
[1.601517] (px4_msgs) StdoutLine: {'line': b'-- Up-to-date: /home/stepan/ws_ros2/install/px4_msgs/include/px4_msgs/px4_msgs/msg/vehicle_command_ack.hpp\n'}
[1.601598] (px4_msgs) StdoutLine: {'line': b'-- Up-to-date: /home/stepan/ws_ros2/install/px4_msgs/include/px4_msgs/px4_msgs/msg/estimator_selector_status.hpp\n'}
[1.601681] (px4_msgs) StdoutLine: {'line': b'-- Up-to-date: /home/stepan/ws_ros2/install/px4_msgs/include/px4_msgs/px4_msgs/msg/obstacle_distance.hpp\n'}
[1.601762] (px4_msgs) StdoutLine: {'line': b'-- Up-to-date: /home/stepan/ws_ros2/install/px4_msgs/include/px4_msgs/px4_msgs/msg/telemetry_status.hpp\n'}
[1.601845] (px4_msgs) StdoutLine: {'line': b'-- Up-to-date: /home/stepan/ws_ros2/install/px4_msgs/include/px4_msgs/px4_msgs/msg/qshell_retval.hpp\n'}
[1.601928] (px4_msgs) StdoutLine: {'line': b'-- Up-to-date: /home/stepan/ws_ros2/install/px4_msgs/include/px4_msgs/px4_msgs/msg/magnetometer_bias_estimate.hpp\n'}
[1.602019] (px4_msgs) StdoutLine: {'line': b'-- Up-to-date: /home/stepan/ws_ros2/install/px4_msgs/include/px4_msgs/px4_msgs/msg/collision_constraints.hpp\n'}
[1.602103] (px4_msgs) StdoutLine: {'line': b'-- Up-to-date: /home/stepan/ws_ros2/install/px4_msgs/include/px4_msgs/px4_msgs/msg/sensor_correction.hpp\n'}
[1.602186] (px4_msgs) StdoutLine: {'line': b'-- Up-to-date: /home/stepan/ws_ros2/install/px4_msgs/include/px4_msgs/px4_msgs/msg/actuator_armed.hpp\n'}
[1.602268] (px4_msgs) StdoutLine: {'line': b'-- Up-to-date: /home/stepan/ws_ros2/install/px4_msgs/include/px4_msgs/px4_msgs/msg/distance_sensor_mode_change_request.hpp\n'}
[1.602351] (px4_msgs) StdoutLine: {'line': b'-- Up-to-date: /home/stepan/ws_ros2/install/px4_msgs/include/px4_msgs/px4_msgs/msg/sensor_gyro_fifo.hpp\n'}
[1.602447] (px4_msgs) StdoutLine: {'line': b'-- Up-to-date: /home/stepan/ws_ros2/install/px4_msgs/include/px4_msgs/px4_msgs/msg/open_drone_id_operator_id.hpp\n'}
[1.602538] (px4_msgs) StdoutLine: {'line': b'-- Up-to-date: /home/stepan/ws_ros2/install/px4_msgs/include/px4_msgs/px4_msgs/msg/tiltrotor_extra_controls.hpp\n'}
[1.602623] (px4_msgs) StdoutLine: {'line': b'-- Up-to-date: /home/stepan/ws_ros2/install/px4_msgs/include/px4_msgs/px4_msgs/msg/sensor_combined.hpp\n'}
[1.602707] (px4_msgs) StdoutLine: {'line': b'-- Up-to-date: /home/stepan/ws_ros2/install/px4_msgs/include/px4_msgs/px4_msgs/msg/ekf2_timestamps.hpp\n'}
[1.602784] (-) TimerEvent: {}
[1.602900] (px4_msgs) StdoutLine: {'line': b'-- Up-to-date: /home/stepan/ws_ros2/install/px4_msgs/include/px4_msgs/px4_msgs/msg/rover_attitude_setpoint.hpp\n'}
[1.602996] (px4_msgs) StdoutLine: {'line': b'-- Up-to-date: /home/stepan/ws_ros2/install/px4_msgs/include/px4_msgs/px4_msgs/msg/vehicle_optical_flow.hpp\n'}
[1.603081] (px4_msgs) StdoutLine: {'line': b'-- Up-to-date: /home/stepan/ws_ros2/install/px4_msgs/include/px4_msgs/px4_msgs/msg/actuator_motors.hpp\n'}
[1.603165] (px4_msgs) StdoutLine: {'line': b'-- Up-to-date: /home/stepan/ws_ros2/install/px4_msgs/include/px4_msgs/px4_msgs/msg/arming_check_reply.hpp\n'}
[1.603258] (px4_msgs) StdoutLine: {'line': b'-- Up-to-date: /home/stepan/ws_ros2/install/px4_msgs/include/px4_msgs/px4_msgs/msg/gpio_config.hpp\n'}
[1.603340] (px4_msgs) StdoutLine: {'line': b'-- Up-to-date: /home/stepan/ws_ros2/install/px4_msgs/include/px4_msgs/px4_msgs/msg/vehicle_thrust_setpoint.hpp\n'}
[1.603431] (px4_msgs) StdoutLine: {'line': b'-- Up-to-date: /home/stepan/ws_ros2/install/px4_msgs/include/px4_msgs/px4_msgs/msg/vehicle_rates_setpoint.hpp\n'}
[1.603513] (px4_msgs) StdoutLine: {'line': b'-- Up-to-date: /home/stepan/ws_ros2/install/px4_msgs/include/px4_msgs/px4_msgs/msg/mode_completed.hpp\n'}
[1.603591] (px4_msgs) StdoutLine: {'line': b'-- Up-to-date: /home/stepan/ws_ros2/install/px4_msgs/include/px4_msgs/px4_msgs/msg/message_format_response.hpp\n'}
[1.603669] (px4_msgs) StdoutLine: {'line': b'-- Up-to-date: /home/stepan/ws_ros2/install/px4_msgs/include/px4_msgs/px4_msgs/msg/gps_dump.hpp\n'}
[1.603746] (px4_msgs) StdoutLine: {'line': b'-- Up-to-date: /home/stepan/ws_ros2/install/px4_msgs/include/px4_msgs/px4_msgs/msg/camera_status.hpp\n'}
[1.603823] (px4_msgs) StdoutLine: {'line': b'-- Up-to-date: /home/stepan/ws_ros2/install/px4_msgs/include/px4_msgs/px4_msgs/msg/geofence_result.hpp\n'}
[1.603902] (px4_msgs) StdoutLine: {'line': b'-- Up-to-date: /home/stepan/ws_ros2/install/px4_msgs/include/px4_msgs/px4_msgs/msg/rpm.hpp\n'}
[1.603979] (px4_msgs) StdoutLine: {'line': b'-- Up-to-date: /home/stepan/ws_ros2/install/px4_msgs/include/px4_msgs/px4_msgs/msg/flight_phase_estimation.hpp\n'}
[1.604055] (px4_msgs) StdoutLine: {'line': b'-- Up-to-date: /home/stepan/ws_ros2/install/px4_msgs/include/px4_msgs/px4_msgs/msg/estimator_aid_source3d.hpp\n'}
[1.604134] (px4_msgs) StdoutLine: {'line': b'-- Up-to-date: /home/stepan/ws_ros2/install/px4_msgs/include/px4_msgs/px4_msgs/msg/home_position.hpp\n'}
[1.604214] (px4_msgs) StdoutLine: {'line': b'-- Up-to-date: /home/stepan/ws_ros2/install/px4_msgs/include/px4_msgs/px4_msgs/msg/position_setpoint.hpp\n'}
[1.604294] (px4_msgs) StdoutLine: {'line': b'-- Up-to-date: /home/stepan/ws_ros2/install/px4_msgs/include/px4_msgs/px4_msgs/msg/position_controller_status.hpp\n'}
[1.604389] (px4_msgs) StdoutLine: {'line': b'-- Up-to-date: /home/stepan/ws_ros2/install/px4_msgs/include/px4_msgs/px4_msgs/msg/sensor_gyro_fft.hpp\n'}
[1.604481] (px4_msgs) StdoutLine: {'line': b'-- Up-to-date: /home/stepan/ws_ros2/install/px4_msgs/include/px4_msgs/px4_msgs/msg/rtl_status.hpp\n'}
[1.604562] (px4_msgs) StdoutLine: {'line': b'-- Up-to-date: /home/stepan/ws_ros2/install/px4_msgs/include/px4_msgs/px4_msgs/msg/position_setpoint_triplet.hpp\n'}
[1.604644] (px4_msgs) StdoutLine: {'line': b'-- Up-to-date: /home/stepan/ws_ros2/install/px4_msgs/include/px4_msgs/px4_msgs/msg/npfg_status.hpp\n'}
[1.604722] (px4_msgs) StdoutLine: {'line': b'-- Up-to-date: /home/stepan/ws_ros2/install/px4_msgs/include/px4_msgs/px4_msgs/msg/rover_throttle_setpoint.hpp\n'}
[1.604812] (px4_msgs) StdoutLine: {'line': b'-- Up-to-date: /home/stepan/ws_ros2/install/px4_msgs/include/px4_msgs/px4_msgs/msg/action_request.hpp\n'}
[1.604890] (px4_msgs) StdoutLine: {'line': b'-- Up-to-date: /home/stepan/ws_ros2/install/px4_msgs/include/px4_msgs/px4_msgs/msg/velocity_limits.hpp\n'}
[1.604967] (px4_msgs) StdoutLine: {'line': b'-- Up-to-date: /home/stepan/ws_ros2/install/px4_msgs/include/px4_msgs/px4_msgs/msg/event.hpp\n'}
[1.605050] (px4_msgs) StdoutLine: {'line': b'-- Up-to-date: /home/stepan/ws_ros2/install/px4_msgs/include/px4_msgs/px4_msgs/msg/actuator_controls_status.hpp\n'}
[1.605131] (px4_msgs) StdoutLine: {'line': b'-- Up-to-date: /home/stepan/ws_ros2/install/px4_msgs/include/px4_msgs/px4_msgs/msg/mission_result.hpp\n'}
[1.605208] (px4_msgs) StdoutLine: {'line': b'-- Up-to-date: /home/stepan/ws_ros2/install/px4_msgs/include/px4_msgs/px4_msgs/msg/launch_detection_status.hpp\n'}
[1.605285] (px4_msgs) StdoutLine: {'line': b'-- Up-to-date: /home/stepan/ws_ros2/install/px4_msgs/include/px4_msgs/px4_msgs/msg/camera_trigger.hpp\n'}
[1.605368] (px4_msgs) StdoutLine: {'line': b'-- Up-to-date: /home/stepan/ws_ros2/install/px4_msgs/include/px4_msgs/px4_msgs/msg/radio_status.hpp\n'}
[1.605458] (px4_msgs) StdoutLine: {'line': b'-- Up-to-date: /home/stepan/ws_ros2/install/px4_msgs/include/px4_msgs/px4_msgs/msg/debug_value.hpp\n'}
[1.605537] (px4_msgs) StdoutLine: {'line': b'-- Up-to-date: /home/stepan/ws_ros2/install/px4_msgs/include/px4_msgs/px4_msgs/msg/rate_ctrl_status.hpp\n'}
[1.605615] (px4_msgs) StdoutLine: {'line': b'-- Up-to-date: /home/stepan/ws_ros2/install/px4_msgs/include/px4_msgs/px4_msgs/msg/landing_target_innovations.hpp\n'}
[1.605692] (px4_msgs) StdoutLine: {'line': b'-- Up-to-date: /home/stepan/ws_ros2/install/px4_msgs/include/px4_msgs/px4_msgs/msg/vehicle_command.hpp\n'}
[1.605769] (px4_msgs) StdoutLine: {'line': b'-- Up-to-date: /home/stepan/ws_ros2/install/px4_msgs/include/px4_msgs/px4_msgs/msg/offboard_control_mode.hpp\n'}
[1.605848] (px4_msgs) StdoutLine: {'line': b'-- Up-to-date: /home/stepan/ws_ros2/install/px4_msgs/include/px4_msgs/px4_msgs/msg/rover_attitude_status.hpp\n'}
[1.605927] (px4_msgs) StdoutLine: {'line': b'-- Up-to-date: /home/stepan/ws_ros2/install/px4_msgs/include/px4_msgs/px4_msgs/msg/manual_control_setpoint.hpp\n'}
[1.606006] (px4_msgs) StdoutLine: {'line': b'-- Up-to-date: /home/stepan/ws_ros2/install/px4_msgs/include/px4_msgs/px4_msgs/msg/sensor_preflight_mag.hpp\n'}
[1.606086] (px4_msgs) StdoutLine: {'line': b'-- Up-to-date: /home/stepan/ws_ros2/install/px4_msgs/include/px4_msgs/px4_msgs/msg/detail\n'}
[1.606166] (px4_msgs) StdoutLine: {'line': b'-- Up-to-date: /home/stepan/ws_ros2/install/px4_msgs/include/px4_msgs/px4_msgs/msg/detail/gpio_out__struct.hpp\n'}
[1.606244] (px4_msgs) StdoutLine: {'line': b'-- Up-to-date: /home/stepan/ws_ros2/install/px4_msgs/include/px4_msgs/px4_msgs/msg/detail/logger_status__struct.hpp\n'}
[1.606321] (px4_msgs) StdoutLine: {'line': b'-- Up-to-date: /home/stepan/ws_ros2/install/px4_msgs/include/px4_msgs/px4_msgs/msg/detail/mavlink_log__struct.hpp\n'}
[1.606422] (px4_msgs) StdoutLine: {'line': b'-- Up-to-date: /home/stepan/ws_ros2/install/px4_msgs/include/px4_msgs/px4_msgs/msg/detail/estimator_bias__builder.hpp\n'}
[1.606504] (px4_msgs) StdoutLine: {'line': b'-- Up-to-date: /home/stepan/ws_ros2/install/px4_msgs/include/px4_msgs/px4_msgs/msg/detail/qshell_req__builder.hpp\n'}
[1.606581] (px4_msgs) StdoutLine: {'line': b'-- Up-to-date: /home/stepan/ws_ros2/install/px4_msgs/include/px4_msgs/px4_msgs/msg/detail/position_setpoint__builder.hpp\n'}
[1.606656] (px4_msgs) StdoutLine: {'line': b'-- Up-to-date: /home/stepan/ws_ros2/install/px4_msgs/include/px4_msgs/px4_msgs/msg/detail/gimbal_manager_status__traits.hpp\n'}
[1.606735] (px4_msgs) StdoutLine: {'line': b'-- Up-to-date: /home/stepan/ws_ros2/install/px4_msgs/include/px4_msgs/px4_msgs/msg/detail/rc_parameter_map__struct.hpp\n'}
[1.606813] (px4_msgs) StdoutLine: {'line': b'-- Up-to-date: /home/stepan/ws_ros2/install/px4_msgs/include/px4_msgs/px4_msgs/msg/detail/vehicle_roi__traits.hpp\n'}
[1.606900] (px4_msgs) StdoutLine: {'line': b'-- Up-to-date: /home/stepan/ws_ros2/install/px4_msgs/include/px4_msgs/px4_msgs/msg/detail/autotune_attitude_control_status__traits.hpp\n'}
[1.606981] (px4_msgs) StdoutLine: {'line': b'-- Up-to-date: /home/stepan/ws_ros2/install/px4_msgs/include/px4_msgs/px4_msgs/msg/detail/estimator_selector_status__builder.hpp\n'}
[1.607059] (px4_msgs) StdoutLine: {'line': b'-- Up-to-date: /home/stepan/ws_ros2/install/px4_msgs/include/px4_msgs/px4_msgs/msg/detail/fuel_tank_status__type_support.hpp\n'}
[1.607143] (px4_msgs) StdoutLine: {'line': b'-- Up-to-date: /home/stepan/ws_ros2/install/px4_msgs/include/px4_msgs/px4_msgs/msg/detail/mavlink_log__type_support.hpp\n'}
[1.607230] (px4_msgs) StdoutLine: {'line': b'-- Up-to-date: /home/stepan/ws_ros2/install/px4_msgs/include/px4_msgs/px4_msgs/msg/detail/position_controller_status__type_support.hpp\n'}
[1.607318] (px4_msgs) StdoutLine: {'line': b'-- Up-to-date: /home/stepan/ws_ros2/install/px4_msgs/include/px4_msgs/px4_msgs/msg/detail/task_stack_info__struct.hpp\n'}
[1.607417] (px4_msgs) StdoutLine: {'line': b'-- Up-to-date: /home/stepan/ws_ros2/install/px4_msgs/include/px4_msgs/px4_msgs/msg/detail/position_setpoint_triplet__traits.hpp\n'}
[1.607504] (px4_msgs) StdoutLine: {'line': b'-- Up-to-date: /home/stepan/ws_ros2/install/px4_msgs/include/px4_msgs/px4_msgs/msg/detail/distance_sensor_mode_change_request__traits.hpp\n'}
[1.607584] (px4_msgs) StdoutLine: {'line': b'-- Up-to-date: /home/stepan/ws_ros2/install/px4_msgs/include/px4_msgs/px4_msgs/msg/detail/gpio_config__type_support.hpp\n'}
[1.607646] (px4_msgs) StdoutLine: {'line': b'-- Up-to-date: /home/stepan/ws_ros2/install/px4_msgs/include/px4_msgs/px4_msgs/msg/detail/irlock_report__traits.hpp\n'}
[1.607726] (px4_msgs) StdoutLine: {'line': b'-- Up-to-date: /home/stepan/ws_ros2/install/px4_msgs/include/px4_msgs/px4_msgs/msg/detail/ekf2_timestamps__struct.hpp\n'}
[1.607788] (px4_msgs) StdoutLine: {'line': b'-- Up-to-date: /home/stepan/ws_ros2/install/px4_msgs/include/px4_msgs/px4_msgs/msg/detail/sensor_optical_flow__builder.hpp\n'}
[1.607841] (px4_msgs) StdoutLine: {'line': b'-- Up-to-date: /home/stepan/ws_ros2/install/px4_msgs/include/px4_msgs/px4_msgs/msg/detail/iridiumsbd_status__traits.hpp\n'}
[1.607902] (px4_msgs) StdoutLine: {'line': b'-- Up-to-date: /home/stepan/ws_ros2/install/px4_msgs/include/px4_msgs/px4_msgs/msg/detail/goto_setpoint__builder.hpp\n'}
[1.607964] (px4_msgs) StdoutLine: {'line': b'-- Up-to-date: /home/stepan/ws_ros2/install/px4_msgs/include/px4_msgs/px4_msgs/msg/detail/adc_report__struct.hpp\n'}
[1.608037] (px4_msgs) StdoutLine: {'line': b'-- Up-to-date: /home/stepan/ws_ros2/install/px4_msgs/include/px4_msgs/px4_msgs/msg/detail/message_format_response__builder.hpp\n'}
[1.608122] (px4_msgs) StdoutLine: {'line': b'-- Up-to-date: /home/stepan/ws_ros2/install/px4_msgs/include/px4_msgs/px4_msgs/msg/detail/cpuload__traits.hpp\n'}
[1.608216] (px4_msgs) StdoutLine: {'line': b'-- Up-to-date: /home/stepan/ws_ros2/install/px4_msgs/include/px4_msgs/px4_msgs/msg/detail/estimator_bias__traits.hpp\n'}
[1.608308] (px4_msgs) StdoutLine: {'line': b'-- Up-to-date: /home/stepan/ws_ros2/install/px4_msgs/include/px4_msgs/px4_msgs/msg/detail/sensor_accel__struct.hpp\n'}
[1.608413] (px4_msgs) StdoutLine: {'line': b'-- Up-to-date: /home/stepan/ws_ros2/install/px4_msgs/include/px4_msgs/px4_msgs/msg/detail/distance_sensor__builder.hpp\n'}
[1.608486] (px4_msgs) StdoutLine: {'line': b'-- Up-to-date: /home/stepan/ws_ros2/install/px4_msgs/include/px4_msgs/px4_msgs/msg/detail/action_request__struct.hpp\n'}
[1.608539] (px4_msgs) StdoutLine: {'line': b'-- Up-to-date: /home/stepan/ws_ros2/install/px4_msgs/include/px4_msgs/px4_msgs/msg/detail/geofence_result__builder.hpp\n'}
[1.608590] (px4_msgs) StdoutLine: {'line': b'-- Up-to-date: /home/stepan/ws_ros2/install/px4_msgs/include/px4_msgs/px4_msgs/msg/detail/register_ext_component_reply__builder.hpp\n'}
[1.608643] (px4_msgs) StdoutLine: {'line': b'-- Up-to-date: /home/stepan/ws_ros2/install/px4_msgs/include/px4_msgs/px4_msgs/msg/detail/rover_attitude_setpoint__struct.hpp\n'}
[1.608703] (px4_msgs) StdoutLine: {'line': b'-- Up-to-date: /home/stepan/ws_ros2/install/px4_msgs/include/px4_msgs/px4_msgs/msg/detail/wind__builder.hpp\n'}
[1.608755] (px4_msgs) StdoutLine: {'line': b'-- Up-to-date: /home/stepan/ws_ros2/install/px4_msgs/include/px4_msgs/px4_msgs/msg/detail/input_rc__type_support.hpp\n'}
[1.608807] (px4_msgs) StdoutLine: {'line': b'-- Up-to-date: /home/stepan/ws_ros2/install/px4_msgs/include/px4_msgs/px4_msgs/msg/detail/cellular_status__builder.hpp\n'}
[1.608858] (px4_msgs) StdoutLine: {'line': b'-- Up-to-date: /home/stepan/ws_ros2/install/px4_msgs/include/px4_msgs/px4_msgs/msg/detail/vehicle_roi__type_support.hpp\n'}
[1.608921] (px4_msgs) StdoutLine: {'line': b'-- Up-to-date: /home/stepan/ws_ros2/install/px4_msgs/include/px4_msgs/px4_msgs/msg/detail/estimator_aid_source1d__traits.hpp\n'}
[1.608973] (px4_msgs) StdoutLine: {'line': b'-- Up-to-date: /home/stepan/ws_ros2/install/px4_msgs/include/px4_msgs/px4_msgs/msg/detail/estimator_gps_status__traits.hpp\n'}
[1.609024] (px4_msgs) StdoutLine: {'line': b'-- Up-to-date: /home/stepan/ws_ros2/install/px4_msgs/include/px4_msgs/px4_msgs/msg/detail/differential_pressure__traits.hpp\n'}
[1.609076] (px4_msgs) StdoutLine: {'line': b'-- Up-to-date: /home/stepan/ws_ros2/install/px4_msgs/include/px4_msgs/px4_msgs/msg/detail/sensors_status_imu__builder.hpp\n'}
[1.609127] (px4_msgs) StdoutLine: {'line': b'-- Up-to-date: /home/stepan/ws_ros2/install/px4_msgs/include/px4_msgs/px4_msgs/msg/detail/sensor_accel_fifo__type_support.hpp\n'}
[1.609178] (px4_msgs) StdoutLine: {'line': b'-- Up-to-date: /home/stepan/ws_ros2/install/px4_msgs/include/px4_msgs/px4_msgs/msg/detail/gripper__builder.hpp\n'}
[1.609238] (px4_msgs) StdoutLine: {'line': b'-- Up-to-date: /home/stepan/ws_ros2/install/px4_msgs/include/px4_msgs/px4_msgs/msg/detail/rover_rate_status__struct.hpp\n'}
[1.609296] (px4_msgs) StdoutLine: {'line': b'-- Up-to-date: /home/stepan/ws_ros2/install/px4_msgs/include/px4_msgs/px4_msgs/msg/detail/camera_capture__struct.hpp\n'}
[1.609354] (px4_msgs) StdoutLine: {'line': b'-- Up-to-date: /home/stepan/ws_ros2/install/px4_msgs/include/px4_msgs/px4_msgs/msg/detail/orbit_status__struct.hpp\n'}
[1.609425] (px4_msgs) StdoutLine: {'line': b'-- Up-to-date: /home/stepan/ws_ros2/install/px4_msgs/include/px4_msgs/px4_msgs/msg/detail/radio_status__type_support.hpp\n'}
[1.609479] (px4_msgs) StdoutLine: {'line': b'-- Up-to-date: /home/stepan/ws_ros2/install/px4_msgs/include/px4_msgs/px4_msgs/msg/detail/autotune_attitude_control_status__type_support.hpp\n'}
[1.609531] (px4_msgs) StdoutLine: {'line': b'-- Up-to-date: /home/stepan/ws_ros2/install/px4_msgs/include/px4_msgs/px4_msgs/msg/detail/vehicle_local_position__traits.hpp\n'}
[1.609582] (px4_msgs) StdoutLine: {'line': b'-- Up-to-date: /home/stepan/ws_ros2/install/px4_msgs/include/px4_msgs/px4_msgs/msg/detail/tune_control__builder.hpp\n'}
[1.609634] (px4_msgs) StdoutLine: {'line': b'-- Up-to-date: /home/stepan/ws_ros2/install/px4_msgs/include/px4_msgs/px4_msgs/msg/detail/estimator_innovations__traits.hpp\n'}
[1.609690] (px4_msgs) StdoutLine: {'line': b'-- Up-to-date: /home/stepan/ws_ros2/install/px4_msgs/include/px4_msgs/px4_msgs/msg/detail/rover_attitude_setpoint__traits.hpp\n'}
[1.609742] (px4_msgs) StdoutLine: {'line': b'-- Up-to-date: /home/stepan/ws_ros2/install/px4_msgs/include/px4_msgs/px4_msgs/msg/detail/dataman_response__traits.hpp\n'}
[1.609793] (px4_msgs) StdoutLine: {'line': b'-- Up-to-date: /home/stepan/ws_ros2/install/px4_msgs/include/px4_msgs/px4_msgs/msg/detail/esc_status__traits.hpp\n'}
[1.609850] (px4_msgs) StdoutLine: {'line': b'-- Up-to-date: /home/stepan/ws_ros2/install/px4_msgs/include/px4_msgs/px4_msgs/msg/detail/estimator_innovations__type_support.hpp\n'}
[1.609907] (px4_msgs) StdoutLine: {'line': b'-- Up-to-date: /home/stepan/ws_ros2/install/px4_msgs/include/px4_msgs/px4_msgs/msg/detail/actuator_controls_status__struct.hpp\n'}
[1.609964] (px4_msgs) StdoutLine: {'line': b'-- Up-to-date: /home/stepan/ws_ros2/install/px4_msgs/include/px4_msgs/px4_msgs/msg/detail/sensor_mag__builder.hpp\n'}
[1.610023] (px4_msgs) StdoutLine: {'line': b'-- Up-to-date: /home/stepan/ws_ros2/install/px4_msgs/include/px4_msgs/px4_msgs/msg/detail/vehicle_command__type_support.hpp\n'}
[1.610079] (px4_msgs) StdoutLine: {'line': b'-- Up-to-date: /home/stepan/ws_ros2/install/px4_msgs/include/px4_msgs/px4_msgs/msg/detail/vehicle_magnetometer__type_support.hpp\n'}
[1.610136] (px4_msgs) StdoutLine: {'line': b'-- Up-to-date: /home/stepan/ws_ros2/install/px4_msgs/include/px4_msgs/px4_msgs/msg/detail/actuator_test__struct.hpp\n'}
[1.610191] (px4_msgs) StdoutLine: {'line': b'-- Up-to-date: /home/stepan/ws_ros2/install/px4_msgs/include/px4_msgs/px4_msgs/msg/detail/vehicle_optical_flow_vel__builder.hpp\n'}
[1.610246] (px4_msgs) StdoutLine: {'line': b'-- Up-to-date: /home/stepan/ws_ros2/install/px4_msgs/include/px4_msgs/px4_msgs/msg/detail/yaw_estimator_status__struct.hpp\n'}
[1.610302] (px4_msgs) StdoutLine: {'line': b'-- Up-to-date: /home/stepan/ws_ros2/install/px4_msgs/include/px4_msgs/px4_msgs/msg/detail/landing_target_pose__traits.hpp\n'}
[1.610357] (px4_msgs) StdoutLine: {'line': b'-- Up-to-date: /home/stepan/ws_ros2/install/px4_msgs/include/px4_msgs/px4_msgs/msg/detail/uavcan_parameter_request__traits.hpp\n'}
[1.610424] (px4_msgs) StdoutLine: {'line': b'-- Up-to-date: /home/stepan/ws_ros2/install/px4_msgs/include/px4_msgs/px4_msgs/msg/detail/generator_status__type_support.hpp\n'}
[1.610477] (px4_msgs) StdoutLine: {'line': b'-- Up-to-date: /home/stepan/ws_ros2/install/px4_msgs/include/px4_msgs/px4_msgs/msg/detail/battery_status__struct.hpp\n'}
[1.610528] (px4_msgs) StdoutLine: {'line': b'-- Up-to-date: /home/stepan/ws_ros2/install/px4_msgs/include/px4_msgs/px4_msgs/msg/detail/control_allocator_status__traits.hpp\n'}
[1.610579] (px4_msgs) StdoutLine: {'line': b'-- Up-to-date: /home/stepan/ws_ros2/install/px4_msgs/include/px4_msgs/px4_msgs/msg/detail/sensor_mag__type_support.hpp\n'}
[1.610635] (px4_msgs) StdoutLine: {'line': b'-- Up-to-date: /home/stepan/ws_ros2/install/px4_msgs/include/px4_msgs/px4_msgs/msg/detail/rate_ctrl_status__builder.hpp\n'}
[1.610690] (px4_msgs) StdoutLine: {'line': b'-- Up-to-date: /home/stepan/ws_ros2/install/px4_msgs/include/px4_msgs/px4_msgs/msg/detail/follow_target_status__struct.hpp\n'}
[1.610754] (px4_msgs) StdoutLine: {'line': b'-- Up-to-date: /home/stepan/ws_ros2/install/px4_msgs/include/px4_msgs/px4_msgs/msg/detail/actuator_outputs__struct.hpp\n'}
[1.610810] (px4_msgs) StdoutLine: {'line': b'-- Up-to-date: /home/stepan/ws_ros2/install/px4_msgs/include/px4_msgs/px4_msgs/msg/detail/vehicle_rates_setpoint__builder.hpp\n'}
[1.610865] (px4_msgs) StdoutLine: {'line': b'-- Up-to-date: /home/stepan/ws_ros2/install/px4_msgs/include/px4_msgs/px4_msgs/msg/detail/vehicle_global_position__type_support.hpp\n'}
[1.610921] (px4_msgs) StdoutLine: {'line': b'-- Up-to-date: /home/stepan/ws_ros2/install/px4_msgs/include/px4_msgs/px4_msgs/msg/detail/sensor_uwb__type_support.hpp\n'}
[1.610976] (px4_msgs) StdoutLine: {'line': b'-- Up-to-date: /home/stepan/ws_ros2/install/px4_msgs/include/px4_msgs/px4_msgs/msg/detail/takeoff_status__struct.hpp\n'}
[1.611032] (px4_msgs) StdoutLine: {'line': b'-- Up-to-date: /home/stepan/ws_ros2/install/px4_msgs/include/px4_msgs/px4_msgs/msg/detail/vehicle_status__type_support.hpp\n'}
[1.611086] (px4_msgs) StdoutLine: {'line': b'-- Up-to-date: /home/stepan/ws_ros2/install/px4_msgs/include/px4_msgs/px4_msgs/msg/detail/sensor_gyro_fft__traits.hpp\n'}
[1.611142] (px4_msgs) StdoutLine: {'line': b'-- Up-to-date: /home/stepan/ws_ros2/install/px4_msgs/include/px4_msgs/px4_msgs/msg/detail/obstacle_distance__type_support.hpp\n'}
[1.611199] (px4_msgs) StdoutLine: {'line': b'-- Up-to-date: /home/stepan/ws_ros2/install/px4_msgs/include/px4_msgs/px4_msgs/msg/detail/gimbal_manager_set_attitude__traits.hpp\n'}
[1.611256] (px4_msgs) StdoutLine: {'line': b'-- Up-to-date: /home/stepan/ws_ros2/install/px4_msgs/include/px4_msgs/px4_msgs/msg/detail/failure_detector_status__struct.hpp\n'}
[1.611311] (px4_msgs) StdoutLine: {'line': b'-- Up-to-date: /home/stepan/ws_ros2/install/px4_msgs/include/px4_msgs/px4_msgs/msg/detail/estimator_status_flags__struct.hpp\n'}
[1.611376] (px4_msgs) StdoutLine: {'line': b'-- Up-to-date: /home/stepan/ws_ros2/install/px4_msgs/include/px4_msgs/px4_msgs/msg/detail/control_allocator_status__struct.hpp\n'}
[1.611439] (px4_msgs) StdoutLine: {'line': b'-- Up-to-date: /home/stepan/ws_ros2/install/px4_msgs/include/px4_msgs/px4_msgs/msg/detail/vehicle_angular_acceleration_setpoint__builder.hpp\n'}
[1.611492] (px4_msgs) StdoutLine: {'line': b'-- Up-to-date: /home/stepan/ws_ros2/install/px4_msgs/include/px4_msgs/px4_msgs/msg/detail/open_drone_id_self_id__traits.hpp\n'}
[1.611543] (px4_msgs) StdoutLine: {'line': b'-- Up-to-date: /home/stepan/ws_ros2/install/px4_msgs/include/px4_msgs/px4_msgs/msg/detail/offboard_control_mode__struct.hpp\n'}
[1.611598] (px4_msgs) StdoutLine: {'line': b'-- Up-to-date: /home/stepan/ws_ros2/install/px4_msgs/include/px4_msgs/px4_msgs/msg/detail/vehicle_magnetometer__struct.hpp\n'}
[1.611659] (px4_msgs) StdoutLine: {'line': b'-- Up-to-date: /home/stepan/ws_ros2/install/px4_msgs/include/px4_msgs/px4_msgs/msg/detail/actuator_motors__type_support.hpp\n'}
[1.611721] (px4_msgs) StdoutLine: {'line': b'-- Up-to-date: /home/stepan/ws_ros2/install/px4_msgs/include/px4_msgs/px4_msgs/msg/detail/mission__traits.hpp\n'}
[1.611773] (px4_msgs) StdoutLine: {'line': b'-- Up-to-date: /home/stepan/ws_ros2/install/px4_msgs/include/px4_msgs/px4_msgs/msg/detail/debug_array__traits.hpp\n'}
[1.611828] (px4_msgs) StdoutLine: {'line': b'-- Up-to-date: /home/stepan/ws_ros2/install/px4_msgs/include/px4_msgs/px4_msgs/msg/detail/vehicle_local_position_setpoint__struct.hpp\n'}
[1.611884] (px4_msgs) StdoutLine: {'line': b'-- Up-to-date: /home/stepan/ws_ros2/install/px4_msgs/include/px4_msgs/px4_msgs/msg/detail/estimator_status_flags__traits.hpp\n'}
[1.611956] (px4_msgs) StdoutLine: {'line': b'-- Up-to-date: /home/stepan/ws_ros2/install/px4_msgs/include/px4_msgs/px4_msgs/msg/detail/estimator_states__traits.hpp\n'}
[1.612042] (px4_msgs) StdoutLine: {'line': b'-- Up-to-date: /home/stepan/ws_ros2/install/px4_msgs/include/px4_msgs/px4_msgs/msg/detail/fuel_tank_status__traits.hpp\n'}
[1.612098] (px4_msgs) StdoutLine: {'line': b'-- Up-to-date: /home/stepan/ws_ros2/install/px4_msgs/include/px4_msgs/px4_msgs/msg/detail/esc_report__type_support.hpp\n'}
[1.612171] (px4_msgs) StdoutLine: {'line': b'-- Up-to-date: /home/stepan/ws_ros2/install/px4_msgs/include/px4_msgs/px4_msgs/msg/detail/airspeed__builder.hpp\n'}
[1.612259] (px4_msgs) StdoutLine: {'line': b'-- Up-to-date: /home/stepan/ws_ros2/install/px4_msgs/include/px4_msgs/px4_msgs/msg/detail/velocity_limits__builder.hpp\n'}
[1.612345] (px4_msgs) StdoutLine: {'line': b'-- Up-to-date: /home/stepan/ws_ros2/install/px4_msgs/include/px4_msgs/px4_msgs/msg/detail/orb_test__type_support.hpp\n'}
[1.612418] (px4_msgs) StdoutLine: {'line': b'-- Up-to-date: /home/stepan/ws_ros2/install/px4_msgs/include/px4_msgs/px4_msgs/msg/detail/actuator_test__builder.hpp\n'}
[1.612472] (px4_msgs) StdoutLine: {'line': b'-- Up-to-date: /home/stepan/ws_ros2/install/px4_msgs/include/px4_msgs/px4_msgs/msg/detail/orb_test_large__traits.hpp\n'}
[1.612530] (px4_msgs) StdoutLine: {'line': b'-- Up-to-date: /home/stepan/ws_ros2/install/px4_msgs/include/px4_msgs/px4_msgs/msg/detail/orb_test__struct.hpp\n'}
[1.612586] (px4_msgs) StdoutLine: {'line': b'-- Up-to-date: /home/stepan/ws_ros2/install/px4_msgs/include/px4_msgs/px4_msgs/msg/detail/hover_thrust_estimate__type_support.hpp\n'}
[1.612643] (px4_msgs) StdoutLine: {'line': b'-- Up-to-date: /home/stepan/ws_ros2/install/px4_msgs/include/px4_msgs/px4_msgs/msg/detail/camera_trigger__builder.hpp\n'}
[1.612698] (px4_msgs) StdoutLine: {'line': b'-- Up-to-date: /home/stepan/ws_ros2/install/px4_msgs/include/px4_msgs/px4_msgs/msg/detail/parameter_set_used_request__type_support.hpp\n'}
[1.612754] (px4_msgs) StdoutLine: {'line': b'-- Up-to-date: /home/stepan/ws_ros2/install/px4_msgs/include/px4_msgs/px4_msgs/msg/detail/gripper__type_support.hpp\n'}
[1.612819] (px4_msgs) StdoutLine: {'line': b'-- Up-to-date: /home/stepan/ws_ros2/install/px4_msgs/include/px4_msgs/px4_msgs/msg/detail/manual_control_switches__type_support.hpp\n'}
[1.612878] (px4_msgs) StdoutLine: {'line': b'-- Up-to-date: /home/stepan/ws_ros2/install/px4_msgs/include/px4_msgs/px4_msgs/msg/detail/vehicle_rates_setpoint__struct.hpp\n'}
[1.612932] (px4_msgs) StdoutLine: {'line': b'-- Up-to-date: /home/stepan/ws_ros2/install/px4_msgs/include/px4_msgs/px4_msgs/msg/detail/vehicle_status__struct.hpp\n'}
[1.612988] (px4_msgs) StdoutLine: {'line': b'-- Up-to-date: /home/stepan/ws_ros2/install/px4_msgs/include/px4_msgs/px4_msgs/msg/detail/mission_result__type_support.hpp\n'}
[1.613043] (px4_msgs) StdoutLine: {'line': b'-- Up-to-date: /home/stepan/ws_ros2/install/px4_msgs/include/px4_msgs/px4_msgs/msg/detail/sensor_preflight_mag__traits.hpp\n'}
[1.613099] (px4_msgs) StdoutLine: {'line': b'-- Up-to-date: /home/stepan/ws_ros2/install/px4_msgs/include/px4_msgs/px4_msgs/msg/detail/actuator_controls_status__builder.hpp\n'}
[1.613155] (px4_msgs) StdoutLine: {'line': b'-- Up-to-date: /home/stepan/ws_ros2/install/px4_msgs/include/px4_msgs/px4_msgs/msg/detail/transponder_report__traits.hpp\n'}
[1.613210] (px4_msgs) StdoutLine: {'line': b'-- Up-to-date: /home/stepan/ws_ros2/install/px4_msgs/include/px4_msgs/px4_msgs/msg/detail/failure_detector_status__type_support.hpp\n'}
[1.613265] (px4_msgs) StdoutLine: {'line': b'-- Up-to-date: /home/stepan/ws_ros2/install/px4_msgs/include/px4_msgs/px4_msgs/msg/detail/trajectory_setpoint__traits.hpp\n'}
[1.613327] (px4_msgs) StdoutLine: {'line': b'-- Up-to-date: /home/stepan/ws_ros2/install/px4_msgs/include/px4_msgs/px4_msgs/msg/detail/estimator_bias3d__traits.hpp\n'}
[1.613395] (px4_msgs) StdoutLine: {'line': b'-- Up-to-date: /home/stepan/ws_ros2/install/px4_msgs/include/px4_msgs/px4_msgs/msg/detail/input_rc__builder.hpp\n'}
[1.613451] (px4_msgs) StdoutLine: {'line': b'-- Up-to-date: /home/stepan/ws_ros2/install/px4_msgs/include/px4_msgs/px4_msgs/msg/detail/estimator_gps_status__struct.hpp\n'}
[1.613503] (px4_msgs) StdoutLine: {'line': b'-- Up-to-date: /home/stepan/ws_ros2/install/px4_msgs/include/px4_msgs/px4_msgs/msg/detail/sensor_gyro_fifo__builder.hpp\n'}
[1.613555] (px4_msgs) StdoutLine: {'line': b'-- Up-to-date: /home/stepan/ws_ros2/install/px4_msgs/include/px4_msgs/px4_msgs/msg/detail/rate_ctrl_status__type_support.hpp\n'}
[1.613610] (px4_msgs) StdoutLine: {'line': b'-- Up-to-date: /home/stepan/ws_ros2/install/px4_msgs/include/px4_msgs/px4_msgs/msg/detail/health_report__struct.hpp\n'}
[1.613666] (px4_msgs) StdoutLine: {'line': b'-- Up-to-date: /home/stepan/ws_ros2/install/px4_msgs/include/px4_msgs/px4_msgs/msg/detail/vehicle_roi__struct.hpp\n'}
[1.613721] (px4_msgs) StdoutLine: {'line': b'-- Up-to-date: /home/stepan/ws_ros2/install/px4_msgs/include/px4_msgs/px4_msgs/msg/detail/satellite_info__type_support.hpp\n'}
[1.613776] (px4_msgs) StdoutLine: {'line': b'-- Up-to-date: /home/stepan/ws_ros2/install/px4_msgs/include/px4_msgs/px4_msgs/msg/detail/yaw_estimator_status__type_support.hpp\n'}
[1.613831] (px4_msgs) StdoutLine: {'line': b'-- Up-to-date: /home/stepan/ws_ros2/install/px4_msgs/include/px4_msgs/px4_msgs/msg/detail/sensor_uwb__struct.hpp\n'}
[1.613887] (px4_msgs) StdoutLine: {'line': b'-- Up-to-date: /home/stepan/ws_ros2/install/px4_msgs/include/px4_msgs/px4_msgs/msg/detail/landing_gear_wheel__builder.hpp\n'}
[1.613942] (px4_msgs) StdoutLine: {'line': b'-- Up-to-date: /home/stepan/ws_ros2/install/px4_msgs/include/px4_msgs/px4_msgs/msg/detail/sensor_gnss_relative__type_support.hpp\n'}
[1.613998] (px4_msgs) StdoutLine: {'line': b'-- Up-to-date: /home/stepan/ws_ros2/install/px4_msgs/include/px4_msgs/px4_msgs/msg/detail/velocity_limits__type_support.hpp\n'}
[1.614052] (px4_msgs) StdoutLine: {'line': b'-- Up-to-date: /home/stepan/ws_ros2/install/px4_msgs/include/px4_msgs/px4_msgs/msg/detail/actuator_controls_status__type_support.hpp\n'}
[1.614107] (px4_msgs) StdoutLine: {'line': b'-- Up-to-date: /home/stepan/ws_ros2/install/px4_msgs/include/px4_msgs/px4_msgs/msg/detail/gimbal_device_information__type_support.hpp\n'}
[1.614162] (px4_msgs) StdoutLine: {'line': b'-- Up-to-date: /home/stepan/ws_ros2/install/px4_msgs/include/px4_msgs/px4_msgs/msg/detail/mount_orientation__traits.hpp\n'}
[1.614222] (px4_msgs) StdoutLine: {'line': b'-- Up-to-date: /home/stepan/ws_ros2/install/px4_msgs/include/px4_msgs/px4_msgs/msg/detail/debug_key_value__builder.hpp\n'}
[1.614277] (px4_msgs) StdoutLine: {'line': b'-- Up-to-date: /home/stepan/ws_ros2/install/px4_msgs/include/px4_msgs/px4_msgs/msg/detail/geofence_result__traits.hpp\n'}
[1.614332] (px4_msgs) StdoutLine: {'line': b'-- Up-to-date: /home/stepan/ws_ros2/install/px4_msgs/include/px4_msgs/px4_msgs/msg/detail/estimator_states__builder.hpp\n'}
[1.614397] (px4_msgs) StdoutLine: {'line': b'-- Up-to-date: /home/stepan/ws_ros2/install/px4_msgs/include/px4_msgs/px4_msgs/msg/detail/message_format_response__traits.hpp\n'}
[1.614453] (px4_msgs) StdoutLine: {'line': b'-- Up-to-date: /home/stepan/ws_ros2/install/px4_msgs/include/px4_msgs/px4_msgs/msg/detail/rover_throttle_setpoint__builder.hpp\n'}
[1.614505] (px4_msgs) StdoutLine: {'line': b'-- Up-to-date: /home/stepan/ws_ros2/install/px4_msgs/include/px4_msgs/px4_msgs/msg/detail/tecs_status__traits.hpp\n'}
[1.614560] (px4_msgs) StdoutLine: {'line': b'-- Up-to-date: /home/stepan/ws_ros2/install/px4_msgs/include/px4_msgs/px4_msgs/msg/detail/pps_capture__type_support.hpp\n'}
[1.614614] (px4_msgs) StdoutLine: {'line': b'-- Up-to-date: /home/stepan/ws_ros2/install/px4_msgs/include/px4_msgs/px4_msgs/msg/detail/esc_report__traits.hpp\n'}
[1.614677] (px4_msgs) StdoutLine: {'line': b'-- Up-to-date: /home/stepan/ws_ros2/install/px4_msgs/include/px4_msgs/px4_msgs/msg/detail/mount_orientation__builder.hpp\n'}
[1.614732] (px4_msgs) StdoutLine: {'line': b'-- Up-to-date: /home/stepan/ws_ros2/install/px4_msgs/include/px4_msgs/px4_msgs/msg/detail/telemetry_status__type_support.hpp\n'}
[1.614787] (px4_msgs) StdoutLine: {'line': b'-- Up-to-date: /home/stepan/ws_ros2/install/px4_msgs/include/px4_msgs/px4_msgs/msg/detail/dataman_request__struct.hpp\n'}
[1.614842] (px4_msgs) StdoutLine: {'line': b'-- Up-to-date: /home/stepan/ws_ros2/install/px4_msgs/include/px4_msgs/px4_msgs/msg/detail/trajectory_setpoint6dof__traits.hpp\n'}
[1.614897] (px4_msgs) StdoutLine: {'line': b'-- Up-to-date: /home/stepan/ws_ros2/install/px4_msgs/include/px4_msgs/px4_msgs/msg/detail/gripper__traits.hpp\n'}
[1.614952] (px4_msgs) StdoutLine: {'line': b'-- Up-to-date: /home/stepan/ws_ros2/install/px4_msgs/include/px4_msgs/px4_msgs/msg/detail/sensor_gnss_relative__struct.hpp\n'}
[1.615007] (px4_msgs) StdoutLine: {'line': b'-- Up-to-date: /home/stepan/ws_ros2/install/px4_msgs/include/px4_msgs/px4_msgs/msg/detail/gimbal_manager_status__type_support.hpp\n'}
[1.615062] (px4_msgs) StdoutLine: {'line': b'-- Up-to-date: /home/stepan/ws_ros2/install/px4_msgs/include/px4_msgs/px4_msgs/msg/detail/wind__traits.hpp\n'}
[1.615122] (px4_msgs) StdoutLine: {'line': b'-- Up-to-date: /home/stepan/ws_ros2/install/px4_msgs/include/px4_msgs/px4_msgs/msg/detail/debug_key_value__struct.hpp\n'}
[1.615178] (px4_msgs) StdoutLine: {'line': b'-- Up-to-date: /home/stepan/ws_ros2/install/px4_msgs/include/px4_msgs/px4_msgs/msg/detail/system_power__type_support.hpp\n'}
[1.615233] (px4_msgs) StdoutLine: {'line': b'-- Up-to-date: /home/stepan/ws_ros2/install/px4_msgs/include/px4_msgs/px4_msgs/msg/detail/rpm__struct.hpp\n'}
[1.615288] (px4_msgs) StdoutLine: {'line': b'-- Up-to-date: /home/stepan/ws_ros2/install/px4_msgs/include/px4_msgs/px4_msgs/msg/detail/failure_detector_status__builder.hpp\n'}
[1.615343] (px4_msgs) StdoutLine: {'line': b'-- Up-to-date: /home/stepan/ws_ros2/install/px4_msgs/include/px4_msgs/px4_msgs/msg/detail/can_interface_status__type_support.hpp\n'}
[1.615408] (px4_msgs) StdoutLine: {'line': b'-- Up-to-date: /home/stepan/ws_ros2/install/px4_msgs/include/px4_msgs/px4_msgs/msg/detail/estimator_selector_status__type_support.hpp\n'}
[1.615463] (px4_msgs) StdoutLine: {'line': b'-- Up-to-date: /home/stepan/ws_ros2/install/px4_msgs/include/px4_msgs/px4_msgs/msg/detail/vehicle_global_position__traits.hpp\n'}
[1.615515] (px4_msgs) StdoutLine: {'line': b'-- Up-to-date: /home/stepan/ws_ros2/install/px4_msgs/include/px4_msgs/px4_msgs/msg/detail/can_interface_status__builder.hpp\n'}
[1.615572] (px4_msgs) StdoutLine: {'line': b'-- Up-to-date: /home/stepan/ws_ros2/install/px4_msgs/include/px4_msgs/px4_msgs/msg/detail/sensor_combined__struct.hpp\n'}
[1.615642] (px4_msgs) StdoutLine: {'line': b'-- Up-to-date: /home/stepan/ws_ros2/install/px4_msgs/include/px4_msgs/px4_msgs/msg/detail/failsafe_flags__builder.hpp\n'}
[1.615730] (px4_msgs) StdoutLine: {'line': b'-- Up-to-date: /home/stepan/ws_ros2/install/px4_msgs/include/px4_msgs/px4_msgs/msg/detail/sensor_gyro_fft__type_support.hpp\n'}
[1.615787] (px4_msgs) StdoutLine: {'line': b'-- Up-to-date: /home/stepan/ws_ros2/install/px4_msgs/include/px4_msgs/px4_msgs/msg/detail/message_format_request__builder.hpp\n'}
[1.615837] (px4_msgs) StdoutLine: {'line': b'-- Up-to-date: /home/stepan/ws_ros2/install/px4_msgs/include/px4_msgs/px4_msgs/msg/detail/uavcan_parameter_request__struct.hpp\n'}
[1.615888] (px4_msgs) StdoutLine: {'line': b'-- Up-to-date: /home/stepan/ws_ros2/install/px4_msgs/include/px4_msgs/px4_msgs/msg/detail/orb_test_large__struct.hpp\n'}
[1.615944] (px4_msgs) StdoutLine: {'line': b'-- Up-to-date: /home/stepan/ws_ros2/install/px4_msgs/include/px4_msgs/px4_msgs/msg/detail/button_event__type_support.hpp\n'}
[1.616025] (px4_msgs) StdoutLine: {'line': b'-- Up-to-date: /home/stepan/ws_ros2/install/px4_msgs/include/px4_msgs/px4_msgs/msg/detail/estimator_selector_status__struct.hpp\n'}
[1.616109] (px4_msgs) StdoutLine: {'line': b'-- Up-to-date: /home/stepan/ws_ros2/install/px4_msgs/include/px4_msgs/px4_msgs/msg/detail/mission__struct.hpp\n'}
[1.616206] (px4_msgs) StdoutLine: {'line': b'-- Up-to-date: /home/stepan/ws_ros2/install/px4_msgs/include/px4_msgs/px4_msgs/msg/detail/estimator_aid_source3d__traits.hpp\n'}
[1.616280] (px4_msgs) StdoutLine: {'line': b'-- Up-to-date: /home/stepan/ws_ros2/install/px4_msgs/include/px4_msgs/px4_msgs/msg/detail/orb_test_medium__struct.hpp\n'}
[1.616347] (px4_msgs) StdoutLine: {'line': b'-- Up-to-date: /home/stepan/ws_ros2/install/px4_msgs/include/px4_msgs/px4_msgs/msg/detail/px4io_status__type_support.hpp\n'}
[1.616414] (px4_msgs) StdoutLine: {'line': b'-- Up-to-date: /home/stepan/ws_ros2/install/px4_msgs/include/px4_msgs/px4_msgs/msg/detail/control_allocator_status__type_support.hpp\n'}
[1.616468] (px4_msgs) StdoutLine: {'line': b'-- Up-to-date: /home/stepan/ws_ros2/install/px4_msgs/include/px4_msgs/px4_msgs/msg/detail/landing_gear__traits.hpp\n'}
[1.616521] (px4_msgs) StdoutLine: {'line': b'-- Up-to-date: /home/stepan/ws_ros2/install/px4_msgs/include/px4_msgs/px4_msgs/msg/detail/normalized_unsigned_setpoint__traits.hpp\n'}
[1.616579] (px4_msgs) StdoutLine: {'line': b'-- Up-to-date: /home/stepan/ws_ros2/install/px4_msgs/include/px4_msgs/px4_msgs/msg/detail/parameter_reset_request__struct.hpp\n'}
[1.616635] (px4_msgs) StdoutLine: {'line': b'-- Up-to-date: /home/stepan/ws_ros2/install/px4_msgs/include/px4_msgs/px4_msgs/msg/detail/rover_position_setpoint__builder.hpp\n'}
[1.616690] (px4_msgs) StdoutLine: {'line': b'-- Up-to-date: /home/stepan/ws_ros2/install/px4_msgs/include/px4_msgs/px4_msgs/msg/detail/actuator_servos_trim__traits.hpp\n'}
[1.616756] (px4_msgs) StdoutLine: {'line': b'-- Up-to-date: /home/stepan/ws_ros2/install/px4_msgs/include/px4_msgs/px4_msgs/msg/detail/gimbal_controls__traits.hpp\n'}
[1.616812] (px4_msgs) StdoutLine: {'line': b'-- Up-to-date: /home/stepan/ws_ros2/install/px4_msgs/include/px4_msgs/px4_msgs/msg/detail/actuator_test__traits.hpp\n'}
[1.616870] (px4_msgs) StdoutLine: {'line': b'-- Up-to-date: /home/stepan/ws_ros2/install/px4_msgs/include/px4_msgs/px4_msgs/msg/detail/sensor_airflow__struct.hpp\n'}
[1.616925] (px4_msgs) StdoutLine: {'line': b'-- Up-to-date: /home/stepan/ws_ros2/install/px4_msgs/include/px4_msgs/px4_msgs/msg/detail/wheel_encoders__traits.hpp\n'}
[1.616980] (px4_msgs) StdoutLine: {'line': b'-- Up-to-date: /home/stepan/ws_ros2/install/px4_msgs/include/px4_msgs/px4_msgs/msg/detail/vehicle_optical_flow_vel__traits.hpp\n'}
[1.617040] (px4_msgs) StdoutLine: {'line': b'-- Up-to-date: /home/stepan/ws_ros2/install/px4_msgs/include/px4_msgs/px4_msgs/msg/detail/button_event__struct.hpp\n'}
[1.617098] (px4_msgs) StdoutLine: {'line': b'-- Up-to-date: /home/stepan/ws_ros2/install/px4_msgs/include/px4_msgs/px4_msgs/msg/detail/pps_capture__struct.hpp\n'}
[1.617153] (px4_msgs) StdoutLine: {'line': b'-- Up-to-date: /home/stepan/ws_ros2/install/px4_msgs/include/px4_msgs/px4_msgs/msg/detail/position_controller_status__builder.hpp\n'}
[1.617208] (px4_msgs) StdoutLine: {'line': b'-- Up-to-date: /home/stepan/ws_ros2/install/px4_msgs/include/px4_msgs/px4_msgs/msg/detail/vehicle_land_detected__traits.hpp\n'}
[1.617263] (px4_msgs) StdoutLine: {'line': b'-- Up-to-date: /home/stepan/ws_ros2/install/px4_msgs/include/px4_msgs/px4_msgs/msg/detail/pwm_input__builder.hpp\n'}
[1.617318] (px4_msgs) StdoutLine: {'line': b'-- Up-to-date: /home/stepan/ws_ros2/install/px4_msgs/include/px4_msgs/px4_msgs/msg/detail/gps_dump__struct.hpp\n'}
[1.617381] (px4_msgs) StdoutLine: {'line': b'-- Up-to-date: /home/stepan/ws_ros2/install/px4_msgs/include/px4_msgs/px4_msgs/msg/detail/position_controller_status__struct.hpp\n'}
[1.617442] (px4_msgs) StdoutLine: {'line': b'-- Up-to-date: /home/stepan/ws_ros2/install/px4_msgs/include/px4_msgs/px4_msgs/msg/detail/sensor_hygrometer__struct.hpp\n'}
[1.617494] (px4_msgs) StdoutLine: {'line': b'-- Up-to-date: /home/stepan/ws_ros2/install/px4_msgs/include/px4_msgs/px4_msgs/msg/detail/vehicle_angular_velocity__struct.hpp\n'}
[1.617550] (px4_msgs) StdoutLine: {'line': b'-- Up-to-date: /home/stepan/ws_ros2/install/px4_msgs/include/px4_msgs/px4_msgs/msg/detail/estimator_status_flags__type_support.hpp\n'}
[1.617606] (px4_msgs) StdoutLine: {'line': b'-- Up-to-date: /home/stepan/ws_ros2/install/px4_msgs/include/px4_msgs/px4_msgs/msg/detail/gimbal_device_information__traits.hpp\n'}
[1.617661] (px4_msgs) StdoutLine: {'line': b'-- Up-to-date: /home/stepan/ws_ros2/install/px4_msgs/include/px4_msgs/px4_msgs/msg/detail/rover_velocity_status__type_support.hpp\n'}
[1.617716] (px4_msgs) StdoutLine: {'line': b'-- Up-to-date: /home/stepan/ws_ros2/install/px4_msgs/include/px4_msgs/px4_msgs/msg/detail/rover_rate_setpoint__type_support.hpp\n'}
[1.617771] (px4_msgs) StdoutLine: {'line': b'-- Up-to-date: /home/stepan/ws_ros2/install/px4_msgs/include/px4_msgs/px4_msgs/msg/detail/sensor_correction__struct.hpp\n'}
[1.617826] (px4_msgs) StdoutLine: {'line': b'-- Up-to-date: /home/stepan/ws_ros2/install/px4_msgs/include/px4_msgs/px4_msgs/msg/detail/position_controller_landing_status__builder.hpp\n'}
[1.617881] (px4_msgs) StdoutLine: {'line': b'-- Up-to-date: /home/stepan/ws_ros2/install/px4_msgs/include/px4_msgs/px4_msgs/msg/detail/arming_check_request__traits.hpp\n'}
[1.617936] (px4_msgs) StdoutLine: {'line': b'-- Up-to-date: /home/stepan/ws_ros2/install/px4_msgs/include/px4_msgs/px4_msgs/msg/detail/mag_worker_data__traits.hpp\n'}
[1.617992] (px4_msgs) StdoutLine: {'line': b'-- Up-to-date: /home/stepan/ws_ros2/install/px4_msgs/include/px4_msgs/px4_msgs/msg/detail/register_ext_component_request__traits.hpp\n'}
[1.618047] (px4_msgs) StdoutLine: {'line': b'-- Up-to-date: /home/stepan/ws_ros2/install/px4_msgs/include/px4_msgs/px4_msgs/msg/detail/system_power__builder.hpp\n'}
[1.618103] (px4_msgs) StdoutLine: {'line': b'-- Up-to-date: /home/stepan/ws_ros2/install/px4_msgs/include/px4_msgs/px4_msgs/msg/detail/gimbal_manager_status__struct.hpp\n'}
[1.618157] (px4_msgs) StdoutLine: {'line': b'-- Up-to-date: /home/stepan/ws_ros2/install/px4_msgs/include/px4_msgs/px4_msgs/msg/detail/orb_test_large__type_support.hpp\n'}
[1.618212] (px4_msgs) StdoutLine: {'line': b'-- Up-to-date: /home/stepan/ws_ros2/install/px4_msgs/include/px4_msgs/px4_msgs/msg/detail/task_stack_info__traits.hpp\n'}
[1.618266] (px4_msgs) StdoutLine: {'line': b'-- Up-to-date: /home/stepan/ws_ros2/install/px4_msgs/include/px4_msgs/px4_msgs/msg/detail/arming_check_reply__struct.hpp\n'}
[1.618321] (px4_msgs) StdoutLine: {'line': b'-- Up-to-date: /home/stepan/ws_ros2/install/px4_msgs/include/px4_msgs/px4_msgs/msg/detail/estimator_states__struct.hpp\n'}
[1.618389] (px4_msgs) StdoutLine: {'line': b'-- Up-to-date: /home/stepan/ws_ros2/install/px4_msgs/include/px4_msgs/px4_msgs/msg/detail/rpm__traits.hpp\n'}
[1.618446] (px4_msgs) StdoutLine: {'line': b'-- Up-to-date: /home/stepan/ws_ros2/install/px4_msgs/include/px4_msgs/px4_msgs/msg/detail/register_ext_component_reply__struct.hpp\n'}
[1.618498] (px4_msgs) StdoutLine: {'line': b'-- Up-to-date: /home/stepan/ws_ros2/install/px4_msgs/include/px4_msgs/px4_msgs/msg/detail/cpuload__builder.hpp\n'}
[1.618551] (px4_msgs) StdoutLine: {'line': b'-- Up-to-date: /home/stepan/ws_ros2/install/px4_msgs/include/px4_msgs/px4_msgs/msg/detail/vehicle_magnetometer__traits.hpp\n'}
[1.618613] (px4_msgs) StdoutLine: {'line': b'-- Up-to-date: /home/stepan/ws_ros2/install/px4_msgs/include/px4_msgs/px4_msgs/msg/detail/log_message__type_support.hpp\n'}
[1.618669] (px4_msgs) StdoutLine: {'line': b'-- Up-to-date: /home/stepan/ws_ros2/install/px4_msgs/include/px4_msgs/px4_msgs/msg/detail/vehicle_attitude__traits.hpp\n'}
[1.618724] (px4_msgs) StdoutLine: {'line': b'-- Up-to-date: /home/stepan/ws_ros2/install/px4_msgs/include/px4_msgs/px4_msgs/msg/detail/wind__struct.hpp\n'}
[1.618780] (px4_msgs) StdoutLine: {'line': b'-- Up-to-date: /home/stepan/ws_ros2/install/px4_msgs/include/px4_msgs/px4_msgs/msg/detail/gps_dump__builder.hpp\n'}
[1.618839] (px4_msgs) StdoutLine: {'line': b'-- Up-to-date: /home/stepan/ws_ros2/install/px4_msgs/include/px4_msgs/px4_msgs/msg/detail/estimator_gps_status__builder.hpp\n'}
[1.618896] (px4_msgs) StdoutLine: {'line': b'-- Up-to-date: /home/stepan/ws_ros2/install/px4_msgs/include/px4_msgs/px4_msgs/msg/detail/landing_target_innovations__struct.hpp\n'}
[1.618950] (px4_msgs) StdoutLine: {'line': b'-- Up-to-date: /home/stepan/ws_ros2/install/px4_msgs/include/px4_msgs/px4_msgs/msg/detail/tecs_status__struct.hpp\n'}
[1.619006] (px4_msgs) StdoutLine: {'line': b'-- Up-to-date: /home/stepan/ws_ros2/install/px4_msgs/include/px4_msgs/px4_msgs/msg/detail/uavcan_parameter_value__struct.hpp\n'}
[1.619061] (px4_msgs) StdoutLine: {'line': b'-- Up-to-date: /home/stepan/ws_ros2/install/px4_msgs/include/px4_msgs/px4_msgs/msg/detail/vehicle_acceleration__traits.hpp\n'}
[1.619115] (px4_msgs) StdoutLine: {'line': b'-- Up-to-date: /home/stepan/ws_ros2/install/px4_msgs/include/px4_msgs/px4_msgs/msg/detail/sensors_status_imu__traits.hpp\n'}
[1.619170] (px4_msgs) StdoutLine: {'line': b'-- Up-to-date: /home/stepan/ws_ros2/install/px4_msgs/include/px4_msgs/px4_msgs/msg/detail/gripper__struct.hpp\n'}
[1.619224] (px4_msgs) StdoutLine: {'line': b'-- Up-to-date: /home/stepan/ws_ros2/install/px4_msgs/include/px4_msgs/px4_msgs/msg/detail/rtl_time_estimate__struct.hpp\n'}
[1.619279] (px4_msgs) StdoutLine: {'line': b'-- Up-to-date: /home/stepan/ws_ros2/install/px4_msgs/include/px4_msgs/px4_msgs/msg/detail/config_overrides__traits.hpp\n'}
[1.619334] (px4_msgs) StdoutLine: {'line': b'-- Up-to-date: /home/stepan/ws_ros2/install/px4_msgs/include/px4_msgs/px4_msgs/msg/detail/ekf2_timestamps__type_support.hpp\n'}
[1.619402] (px4_msgs) StdoutLine: {'line': b'-- Up-to-date: /home/stepan/ws_ros2/install/px4_msgs/include/px4_msgs/px4_msgs/msg/detail/mode_completed__builder.hpp\n'}
[1.619456] (px4_msgs) StdoutLine: {'line': b'-- Up-to-date: /home/stepan/ws_ros2/install/px4_msgs/include/px4_msgs/px4_msgs/msg/detail/follow_target_estimator__builder.hpp\n'}
[1.619507] (px4_msgs) StdoutLine: {'line': b'-- Up-to-date: /home/stepan/ws_ros2/install/px4_msgs/include/px4_msgs/px4_msgs/msg/detail/rpm__type_support.hpp\n'}
[1.619562] (px4_msgs) StdoutLine: {'line': b'-- Up-to-date: /home/stepan/ws_ros2/install/px4_msgs/include/px4_msgs/px4_msgs/msg/detail/ping__traits.hpp\n'}
[1.619616] (px4_msgs) StdoutLine: {'line': b'-- Up-to-date: /home/stepan/ws_ros2/install/px4_msgs/include/px4_msgs/px4_msgs/msg/detail/vehicle_imu__traits.hpp\n'}
[1.619682] (px4_msgs) StdoutLine: {'line': b'-- Up-to-date: /home/stepan/ws_ros2/install/px4_msgs/include/px4_msgs/px4_msgs/msg/detail/dataman_request__type_support.hpp\n'}
[1.619736] (px4_msgs) StdoutLine: {'line': b'-- Up-to-date: /home/stepan/ws_ros2/install/px4_msgs/include/px4_msgs/px4_msgs/msg/detail/gimbal_controls__struct.hpp\n'}
[1.619793] (px4_msgs) StdoutLine: {'line': b'-- Up-to-date: /home/stepan/ws_ros2/install/px4_msgs/include/px4_msgs/px4_msgs/msg/detail/mission_result__struct.hpp\n'}
[1.619844] (px4_msgs) StdoutLine: {'line': b'-- Up-to-date: /home/stepan/ws_ros2/install/px4_msgs/include/px4_msgs/px4_msgs/msg/detail/vehicle_local_position__builder.hpp\n'}
[1.619894] (px4_msgs) StdoutLine: {'line': b'-- Up-to-date: /home/stepan/ws_ros2/install/px4_msgs/include/px4_msgs/px4_msgs/msg/detail/parameter_set_value_response__traits.hpp\n'}
[1.619972] (px4_msgs) StdoutLine: {'line': b'-- Up-to-date: /home/stepan/ws_ros2/install/px4_msgs/include/px4_msgs/px4_msgs/msg/detail/task_stack_info__type_support.hpp\n'}
[1.620047] (px4_msgs) StdoutLine: {'line': b'-- Up-to-date: /home/stepan/ws_ros2/install/px4_msgs/include/px4_msgs/px4_msgs/msg/detail/unregister_ext_component__builder.hpp\n'}
[1.620120] (px4_msgs) StdoutLine: {'line': b'-- Up-to-date: /home/stepan/ws_ros2/install/px4_msgs/include/px4_msgs/px4_msgs/msg/detail/open_drone_id_operator_id__type_support.hpp\n'}
[1.620202] (px4_msgs) StdoutLine: {'line': b'-- Up-to-date: /home/stepan/ws_ros2/install/px4_msgs/include/px4_msgs/px4_msgs/msg/detail/vehicle_imu__type_support.hpp\n'}
[1.620290] (px4_msgs) StdoutLine: {'line': b'-- Up-to-date: /home/stepan/ws_ros2/install/px4_msgs/include/px4_msgs/px4_msgs/msg/detail/actuator_controls_status__traits.hpp\n'}
[1.620366] (px4_msgs) StdoutLine: {'line': b'-- Up-to-date: /home/stepan/ws_ros2/install/px4_msgs/include/px4_msgs/px4_msgs/msg/detail/navigator_mission_item__struct.hpp\n'}
[1.620428] (px4_msgs) StdoutLine: {'line': b'-- Up-to-date: /home/stepan/ws_ros2/install/px4_msgs/include/px4_msgs/px4_msgs/msg/detail/button_event__builder.hpp\n'}
[1.620480] (px4_msgs) StdoutLine: {'line': b'-- Up-to-date: /home/stepan/ws_ros2/install/px4_msgs/include/px4_msgs/px4_msgs/msg/detail/vtol_vehicle_status__type_support.hpp\n'}
[1.620530] (px4_msgs) StdoutLine: {'line': b'-- Up-to-date: /home/stepan/ws_ros2/install/px4_msgs/include/px4_msgs/px4_msgs/msg/detail/rover_velocity_status__builder.hpp\n'}
[1.620580] (px4_msgs) StdoutLine: {'line': b'-- Up-to-date: /home/stepan/ws_ros2/install/px4_msgs/include/px4_msgs/px4_msgs/msg/detail/offboard_control_mode__type_support.hpp\n'}
[1.620640] (px4_msgs) StdoutLine: {'line': b'-- Up-to-date: /home/stepan/ws_ros2/install/px4_msgs/include/px4_msgs/px4_msgs/msg/detail/sensor_optical_flow__type_support.hpp\n'}
[1.620693] (px4_msgs) StdoutLine: {'line': b'-- Up-to-date: /home/stepan/ws_ros2/install/px4_msgs/include/px4_msgs/px4_msgs/msg/detail/flight_phase_estimation__struct.hpp\n'}
[1.620745] (px4_msgs) StdoutLine: {'line': b'-- Up-to-date: /home/stepan/ws_ros2/install/px4_msgs/include/px4_msgs/px4_msgs/msg/detail/parameter_set_value_response__type_support.hpp\n'}
[1.620800] (px4_msgs) StdoutLine: {'line': b'-- Up-to-date: /home/stepan/ws_ros2/install/px4_msgs/include/px4_msgs/px4_msgs/msg/detail/vehicle_angular_velocity__traits.hpp\n'}
[1.620855] (px4_msgs) StdoutLine: {'line': b'-- Up-to-date: /home/stepan/ws_ros2/install/px4_msgs/include/px4_msgs/px4_msgs/msg/detail/follow_target__type_support.hpp\n'}
[1.620910] (px4_msgs) StdoutLine: {'line': b'-- Up-to-date: /home/stepan/ws_ros2/install/px4_msgs/include/px4_msgs/px4_msgs/msg/detail/sensor_combined__traits.hpp\n'}
[1.620965] (px4_msgs) StdoutLine: {'line': b'-- Up-to-date: /home/stepan/ws_ros2/install/px4_msgs/include/px4_msgs/px4_msgs/msg/detail/mag_worker_data__struct.hpp\n'}
[1.621020] (px4_msgs) StdoutLine: {'line': b'-- Up-to-date: /home/stepan/ws_ros2/install/px4_msgs/include/px4_msgs/px4_msgs/msg/detail/camera_status__struct.hpp\n'}
[1.621075] (px4_msgs) StdoutLine: {'line': b'-- Up-to-date: /home/stepan/ws_ros2/install/px4_msgs/include/px4_msgs/px4_msgs/msg/detail/message_format_request__struct.hpp\n'}
[1.621130] (px4_msgs) StdoutLine: {'line': b'-- Up-to-date: /home/stepan/ws_ros2/install/px4_msgs/include/px4_msgs/px4_msgs/msg/detail/rover_attitude_status__type_support.hpp\n'}
[1.621189] (px4_msgs) StdoutLine: {'line': b'-- Up-to-date: /home/stepan/ws_ros2/install/px4_msgs/include/px4_msgs/px4_msgs/msg/detail/open_drone_id_arm_status__struct.hpp\n'}
[1.621245] (px4_msgs) StdoutLine: {'line': b'-- Up-to-date: /home/stepan/ws_ros2/install/px4_msgs/include/px4_msgs/px4_msgs/msg/detail/message_format_request__traits.hpp\n'}
[1.621301] (px4_msgs) StdoutLine: {'line': b'-- Up-to-date: /home/stepan/ws_ros2/install/px4_msgs/include/px4_msgs/px4_msgs/msg/detail/wheel_encoders__struct.hpp\n'}
[1.621357] (px4_msgs) StdoutLine: {'line': b'-- Up-to-date: /home/stepan/ws_ros2/install/px4_msgs/include/px4_msgs/px4_msgs/msg/detail/vtol_vehicle_status__traits.hpp\n'}
[1.621426] (px4_msgs) StdoutLine: {'line': b'-- Up-to-date: /home/stepan/ws_ros2/install/px4_msgs/include/px4_msgs/px4_msgs/msg/detail/gpio_request__struct.hpp\n'}
[1.621479] (px4_msgs) StdoutLine: {'line': b'-- Up-to-date: /home/stepan/ws_ros2/install/px4_msgs/include/px4_msgs/px4_msgs/msg/detail/event__builder.hpp\n'}
[1.621529] (px4_msgs) StdoutLine: {'line': b'-- Up-to-date: /home/stepan/ws_ros2/install/px4_msgs/include/px4_msgs/px4_msgs/msg/detail/normalized_unsigned_setpoint__type_support.hpp\n'}
[1.621579] (px4_msgs) StdoutLine: {'line': b'-- Up-to-date: /home/stepan/ws_ros2/install/px4_msgs/include/px4_msgs/px4_msgs/msg/detail/can_interface_status__traits.hpp\n'}
[1.621629] (px4_msgs) StdoutLine: {'line': b'-- Up-to-date: /home/stepan/ws_ros2/install/px4_msgs/include/px4_msgs/px4_msgs/msg/detail/power_button_state__builder.hpp\n'}
[1.621679] (px4_msgs) StdoutLine: {'line': b'-- Up-to-date: /home/stepan/ws_ros2/install/px4_msgs/include/px4_msgs/px4_msgs/msg/detail/input_rc__traits.hpp\n'}
[1.621729] (px4_msgs) StdoutLine: {'line': b'-- Up-to-date: /home/stepan/ws_ros2/install/px4_msgs/include/px4_msgs/px4_msgs/msg/detail/parameter_update__builder.hpp\n'}
[1.621779] (px4_msgs) StdoutLine: {'line': b'-- Up-to-date: /home/stepan/ws_ros2/install/px4_msgs/include/px4_msgs/px4_msgs/msg/detail/rtl_time_estimate__builder.hpp\n'}
[1.621829] (px4_msgs) StdoutLine: {'line': b'-- Up-to-date: /home/stepan/ws_ros2/install/px4_msgs/include/px4_msgs/px4_msgs/msg/detail/gps_inject_data__type_support.hpp\n'}
[1.621878] (px4_msgs) StdoutLine: {'line': b'-- Up-to-date: /home/stepan/ws_ros2/install/px4_msgs/include/px4_msgs/px4_msgs/msg/detail/open_drone_id_system__builder.hpp\n'}
[1.621928] (px4_msgs) StdoutLine: {'line': b'-- Up-to-date: /home/stepan/ws_ros2/install/px4_msgs/include/px4_msgs/px4_msgs/msg/detail/gpio_config__struct.hpp\n'}
[1.621977] (px4_msgs) StdoutLine: {'line': b'-- Up-to-date: /home/stepan/ws_ros2/install/px4_msgs/include/px4_msgs/px4_msgs/msg/detail/collision_constraints__type_support.hpp\n'}
[1.622027] (px4_msgs) StdoutLine: {'line': b'-- Up-to-date: /home/stepan/ws_ros2/install/px4_msgs/include/px4_msgs/px4_msgs/msg/detail/qshell_req__traits.hpp\n'}
[1.622077] (px4_msgs) StdoutLine: {'line': b'-- Up-to-date: /home/stepan/ws_ros2/install/px4_msgs/include/px4_msgs/px4_msgs/msg/detail/register_ext_component_request__builder.hpp\n'}
[1.622127] (px4_msgs) StdoutLine: {'line': b'-- Up-to-date: /home/stepan/ws_ros2/install/px4_msgs/include/px4_msgs/px4_msgs/msg/detail/mission__type_support.hpp\n'}
[1.622178] (px4_msgs) StdoutLine: {'line': b'-- Up-to-date: /home/stepan/ws_ros2/install/px4_msgs/include/px4_msgs/px4_msgs/msg/detail/estimator_status__struct.hpp\n'}
[1.622232] (px4_msgs) StdoutLine: {'line': b'-- Up-to-date: /home/stepan/ws_ros2/install/px4_msgs/include/px4_msgs/px4_msgs/msg/detail/estimator_aid_source2d__struct.hpp\n'}
[1.622287] (px4_msgs) StdoutLine: {'line': b'-- Up-to-date: /home/stepan/ws_ros2/install/px4_msgs/include/px4_msgs/px4_msgs/msg/detail/navigator_mission_item__type_support.hpp\n'}
[1.622346] (px4_msgs) StdoutLine: {'line': b'-- Up-to-date: /home/stepan/ws_ros2/install/px4_msgs/include/px4_msgs/px4_msgs/msg/detail/gimbal_manager_status__builder.hpp\n'}
[1.622409] (px4_msgs) StdoutLine: {'line': b'-- Up-to-date: /home/stepan/ws_ros2/install/px4_msgs/include/px4_msgs/px4_msgs/msg/detail/internal_combustion_engine_control__builder.hpp\n'}
[1.622482] (px4_msgs) StdoutLine: {'line': b'-- Up-to-date: /home/stepan/ws_ros2/install/px4_msgs/include/px4_msgs/px4_msgs/msg/detail/button_event__traits.hpp\n'}
[1.622538] (px4_msgs) StdoutLine: {'line': b'-- Up-to-date: /home/stepan/ws_ros2/install/px4_msgs/include/px4_msgs/px4_msgs/msg/detail/gimbal_manager_set_manual_control__type_support.hpp\n'}
[1.622594] (px4_msgs) StdoutLine: {'line': b'-- Up-to-date: /home/stepan/ws_ros2/install/px4_msgs/include/px4_msgs/px4_msgs/msg/detail/rtl_status__type_support.hpp\n'}
[1.622648] (px4_msgs) StdoutLine: {'line': b'-- Up-to-date: /home/stepan/ws_ros2/install/px4_msgs/include/px4_msgs/px4_msgs/msg/detail/manual_control_switches__builder.hpp\n'}
[1.622702] (px4_msgs) StdoutLine: {'line': b'-- Up-to-date: /home/stepan/ws_ros2/install/px4_msgs/include/px4_msgs/px4_msgs/msg/detail/estimator_status__builder.hpp\n'}
[1.622757] (px4_msgs) StdoutLine: {'line': b'-- Up-to-date: /home/stepan/ws_ros2/install/px4_msgs/include/px4_msgs/px4_msgs/msg/detail/unregister_ext_component__struct.hpp\n'}
[1.622812] (px4_msgs) StdoutLine: {'line': b'-- Up-to-date: /home/stepan/ws_ros2/install/px4_msgs/include/px4_msgs/px4_msgs/msg/detail/pure_pursuit_status__struct.hpp\n'}
[1.622866] (px4_msgs) StdoutLine: {'line': b'-- Up-to-date: /home/stepan/ws_ros2/install/px4_msgs/include/px4_msgs/px4_msgs/msg/detail/estimator_aid_source2d__type_support.hpp\n'}
[1.622921] (px4_msgs) StdoutLine: {'line': b'-- Up-to-date: /home/stepan/ws_ros2/install/px4_msgs/include/px4_msgs/px4_msgs/msg/detail/gimbal_controls__type_support.hpp\n'}
[1.622976] (px4_msgs) StdoutLine: {'line': b'-- Up-to-date: /home/stepan/ws_ros2/install/px4_msgs/include/px4_msgs/px4_msgs/msg/detail/debug_vect__traits.hpp\n'}
[1.623030] (px4_msgs) StdoutLine: {'line': b'-- Up-to-date: /home/stepan/ws_ros2/install/px4_msgs/include/px4_msgs/px4_msgs/msg/detail/airspeed__struct.hpp\n'}
[1.623085] (px4_msgs) StdoutLine: {'line': b'-- Up-to-date: /home/stepan/ws_ros2/install/px4_msgs/include/px4_msgs/px4_msgs/msg/detail/parameter_set_used_request__struct.hpp\n'}
[1.623140] (px4_msgs) StdoutLine: {'line': b'-- Up-to-date: /home/stepan/ws_ros2/install/px4_msgs/include/px4_msgs/px4_msgs/msg/detail/vehicle_status__traits.hpp\n'}
[1.623195] (px4_msgs) StdoutLine: {'line': b'-- Up-to-date: /home/stepan/ws_ros2/install/px4_msgs/include/px4_msgs/px4_msgs/msg/detail/vehicle_optical_flow__type_support.hpp\n'}
[1.623249] (px4_msgs) StdoutLine: {'line': b'-- Up-to-date: /home/stepan/ws_ros2/install/px4_msgs/include/px4_msgs/px4_msgs/msg/detail/magnetometer_bias_estimate__struct.hpp\n'}
[1.623304] (px4_msgs) StdoutLine: {'line': b'-- Up-to-date: /home/stepan/ws_ros2/install/px4_msgs/include/px4_msgs/px4_msgs/msg/detail/vehicle_thrust_setpoint__struct.hpp\n'}
[1.623364] (px4_msgs) StdoutLine: {'line': b'-- Up-to-date: /home/stepan/ws_ros2/install/px4_msgs/include/px4_msgs/px4_msgs/msg/detail/internal_combustion_engine_control__traits.hpp\n'}
[1.623426] (px4_msgs) StdoutLine: {'line': b'-- Up-to-date: /home/stepan/ws_ros2/install/px4_msgs/include/px4_msgs/px4_msgs/msg/detail/sensor_hygrometer__type_support.hpp\n'}
[1.623478] (px4_msgs) StdoutLine: {'line': b'-- Up-to-date: /home/stepan/ws_ros2/install/px4_msgs/include/px4_msgs/px4_msgs/msg/detail/parameter_set_value_request__type_support.hpp\n'}
[1.623531] (px4_msgs) StdoutLine: {'line': b'-- Up-to-date: /home/stepan/ws_ros2/install/px4_msgs/include/px4_msgs/px4_msgs/msg/detail/follow_target_status__traits.hpp\n'}
[1.623587] (px4_msgs) StdoutLine: {'line': b'-- Up-to-date: /home/stepan/ws_ros2/install/px4_msgs/include/px4_msgs/px4_msgs/msg/detail/trajectory_setpoint__struct.hpp\n'}
[1.623642] (px4_msgs) StdoutLine: {'line': b'-- Up-to-date: /home/stepan/ws_ros2/install/px4_msgs/include/px4_msgs/px4_msgs/msg/detail/follow_target_status__builder.hpp\n'}
[1.623706] (px4_msgs) StdoutLine: {'line': b'-- Up-to-date: /home/stepan/ws_ros2/install/px4_msgs/include/px4_msgs/px4_msgs/msg/detail/airspeed_validated__traits.hpp\n'}
[1.623770] (px4_msgs) StdoutLine: {'line': b'-- Up-to-date: /home/stepan/ws_ros2/install/px4_msgs/include/px4_msgs/px4_msgs/msg/detail/uavcan_parameter_value__builder.hpp\n'}
[1.623828] (px4_msgs) StdoutLine: {'line': b'-- Up-to-date: /home/stepan/ws_ros2/install/px4_msgs/include/px4_msgs/px4_msgs/msg/detail/distance_sensor__traits.hpp\n'}
[1.623880] (px4_msgs) StdoutLine: {'line': b'-- Up-to-date: /home/stepan/ws_ros2/install/px4_msgs/include/px4_msgs/px4_msgs/msg/detail/mavlink_tunnel__type_support.hpp\n'}
[1.623935] (px4_msgs) StdoutLine: {'line': b'-- Up-to-date: /home/stepan/ws_ros2/install/px4_msgs/include/px4_msgs/px4_msgs/msg/detail/rover_rate_status__builder.hpp\n'}
[1.624017] (px4_msgs) StdoutLine: {'line': b'-- Up-to-date: /home/stepan/ws_ros2/install/px4_msgs/include/px4_msgs/px4_msgs/msg/detail/position_controller_landing_status__traits.hpp\n'}
[1.624096] (px4_msgs) StdoutLine: {'line': b'-- Up-to-date: /home/stepan/ws_ros2/install/px4_msgs/include/px4_msgs/px4_msgs/msg/detail/sensor_gyro_fft__struct.hpp\n'}
[1.624153] (px4_msgs) StdoutLine: {'line': b'-- Up-to-date: /home/stepan/ws_ros2/install/px4_msgs/include/px4_msgs/px4_msgs/msg/detail/vehicle_air_data__type_support.hpp\n'}
[1.624223] (px4_msgs) StdoutLine: {'line': b'-- Up-to-date: /home/stepan/ws_ros2/install/px4_msgs/include/px4_msgs/px4_msgs/msg/detail/rate_ctrl_status__traits.hpp\n'}
[1.624310] (px4_msgs) StdoutLine: {'line': b'-- Up-to-date: /home/stepan/ws_ros2/install/px4_msgs/include/px4_msgs/px4_msgs/msg/detail/follow_target_estimator__struct.hpp\n'}
[1.624395] (px4_msgs) StdoutLine: {'line': b'-- Up-to-date: /home/stepan/ws_ros2/install/px4_msgs/include/px4_msgs/px4_msgs/msg/detail/failsafe_flags__type_support.hpp\n'}
[1.624453] (px4_msgs) StdoutLine: {'line': b'-- Up-to-date: /home/stepan/ws_ros2/install/px4_msgs/include/px4_msgs/px4_msgs/msg/detail/fuel_tank_status__builder.hpp\n'}
[1.624504] (px4_msgs) StdoutLine: {'line': b'-- Up-to-date: /home/stepan/ws_ros2/install/px4_msgs/include/px4_msgs/px4_msgs/msg/detail/ackermann_velocity_setpoint__traits.hpp\n'}
[1.624555] (px4_msgs) StdoutLine: {'line': b'-- Up-to-date: /home/stepan/ws_ros2/install/px4_msgs/include/px4_msgs/px4_msgs/msg/detail/sensor_selection__type_support.hpp\n'}
[1.624605] (px4_msgs) StdoutLine: {'line': b'-- Up-to-date: /home/stepan/ws_ros2/install/px4_msgs/include/px4_msgs/px4_msgs/msg/detail/gimbal_manager_information__traits.hpp\n'}
[1.624657] (px4_msgs) StdoutLine: {'line': b'-- Up-to-date: /home/stepan/ws_ros2/install/px4_msgs/include/px4_msgs/px4_msgs/msg/detail/open_drone_id_self_id__type_support.hpp\n'}
[1.624713] (px4_msgs) StdoutLine: {'line': b'-- Up-to-date: /home/stepan/ws_ros2/install/px4_msgs/include/px4_msgs/px4_msgs/msg/detail/vtol_vehicle_status__builder.hpp\n'}
[1.624768] (px4_msgs) StdoutLine: {'line': b'-- Up-to-date: /home/stepan/ws_ros2/install/px4_msgs/include/px4_msgs/px4_msgs/msg/detail/actuator_servos__type_support.hpp\n'}
[1.624823] (px4_msgs) StdoutLine: {'line': b'-- Up-to-date: /home/stepan/ws_ros2/install/px4_msgs/include/px4_msgs/px4_msgs/msg/detail/geofence_status__builder.hpp\n'}
[1.624878] (px4_msgs) StdoutLine: {'line': b'-- Up-to-date: /home/stepan/ws_ros2/install/px4_msgs/include/px4_msgs/px4_msgs/msg/detail/obstacle_distance__struct.hpp\n'}
[1.624932] (px4_msgs) StdoutLine: {'line': b'-- Up-to-date: /home/stepan/ws_ros2/install/px4_msgs/include/px4_msgs/px4_msgs/msg/detail/vehicle_attitude__struct.hpp\n'}
[1.624988] (px4_msgs) StdoutLine: {'line': b'-- Up-to-date: /home/stepan/ws_ros2/install/px4_msgs/include/px4_msgs/px4_msgs/msg/detail/offboard_control_mode__traits.hpp\n'}
[1.625043] (px4_msgs) StdoutLine: {'line': b'-- Up-to-date: /home/stepan/ws_ros2/install/px4_msgs/include/px4_msgs/px4_msgs/msg/detail/sensor_accel_fifo__traits.hpp\n'}
[1.625097] (px4_msgs) StdoutLine: {'line': b'-- Up-to-date: /home/stepan/ws_ros2/install/px4_msgs/include/px4_msgs/px4_msgs/msg/detail/rtl_status__struct.hpp\n'}
[1.625152] (px4_msgs) StdoutLine: {'line': b'-- Up-to-date: /home/stepan/ws_ros2/install/px4_msgs/include/px4_msgs/px4_msgs/msg/detail/airspeed_wind__struct.hpp\n'}
[1.625206] (px4_msgs) StdoutLine: {'line': b'-- Up-to-date: /home/stepan/ws_ros2/install/px4_msgs/include/px4_msgs/px4_msgs/msg/detail/power_monitor__traits.hpp\n'}
[1.625266] (px4_msgs) StdoutLine: {'line': b'-- Up-to-date: /home/stepan/ws_ros2/install/px4_msgs/include/px4_msgs/px4_msgs/msg/detail/landing_target_pose__type_support.hpp\n'}
[1.625321] (px4_msgs) StdoutLine: {'line': b'-- Up-to-date: /home/stepan/ws_ros2/install/px4_msgs/include/px4_msgs/px4_msgs/msg/detail/estimator_bias3d__builder.hpp\n'}
[1.625383] (px4_msgs) StdoutLine: {'line': b'-- Up-to-date: /home/stepan/ws_ros2/install/px4_msgs/include/px4_msgs/px4_msgs/msg/detail/parameter_set_value_request__builder.hpp\n'}
[1.625441] (px4_msgs) StdoutLine: {'line': b'-- Up-to-date: /home/stepan/ws_ros2/install/px4_msgs/include/px4_msgs/px4_msgs/msg/detail/gps_inject_data__struct.hpp\n'}
[1.625494] (px4_msgs) StdoutLine: {'line': b'-- Up-to-date: /home/stepan/ws_ros2/install/px4_msgs/include/px4_msgs/px4_msgs/msg/detail/position_setpoint__type_support.hpp\n'}
[1.625544] (px4_msgs) StdoutLine: {'line': b'-- Up-to-date: /home/stepan/ws_ros2/install/px4_msgs/include/px4_msgs/px4_msgs/msg/detail/estimator_aid_source1d__builder.hpp\n'}
[1.625595] (px4_msgs) StdoutLine: {'line': b'-- Up-to-date: /home/stepan/ws_ros2/install/px4_msgs/include/px4_msgs/px4_msgs/msg/detail/failure_detector_status__traits.hpp\n'}
[1.625646] (px4_msgs) StdoutLine: {'line': b'-- Up-to-date: /home/stepan/ws_ros2/install/px4_msgs/include/px4_msgs/px4_msgs/msg/detail/home_position__builder.hpp\n'}
[1.625697] (px4_msgs) StdoutLine: {'line': b'-- Up-to-date: /home/stepan/ws_ros2/install/px4_msgs/include/px4_msgs/px4_msgs/msg/detail/position_setpoint_triplet__struct.hpp\n'}
[1.625752] (px4_msgs) StdoutLine: {'line': b'-- Up-to-date: /home/stepan/ws_ros2/install/px4_msgs/include/px4_msgs/px4_msgs/msg/detail/landing_target_innovations__type_support.hpp\n'}
[1.625807] (px4_msgs) StdoutLine: {'line': b'-- Up-to-date: /home/stepan/ws_ros2/install/px4_msgs/include/px4_msgs/px4_msgs/msg/detail/ulog_stream_ack__traits.hpp\n'}
[1.625862] (px4_msgs) StdoutLine: {'line': b'-- Up-to-date: /home/stepan/ws_ros2/install/px4_msgs/include/px4_msgs/px4_msgs/msg/detail/register_ext_component_reply__type_support.hpp\n'}
[1.625920] (px4_msgs) StdoutLine: {'line': b'-- Up-to-date: /home/stepan/ws_ros2/install/px4_msgs/include/px4_msgs/px4_msgs/msg/detail/trajectory_setpoint6dof__struct.hpp\n'}
[1.625974] (px4_msgs) StdoutLine: {'line': b'-- Up-to-date: /home/stepan/ws_ros2/install/px4_msgs/include/px4_msgs/px4_msgs/msg/detail/position_setpoint__struct.hpp\n'}
[1.626028] (px4_msgs) StdoutLine: {'line': b'-- Up-to-date: /home/stepan/ws_ros2/install/px4_msgs/include/px4_msgs/px4_msgs/msg/detail/qshell_req__struct.hpp\n'}
[1.626083] (px4_msgs) StdoutLine: {'line': b'-- Up-to-date: /home/stepan/ws_ros2/install/px4_msgs/include/px4_msgs/px4_msgs/msg/detail/rc_channels__type_support.hpp\n'}
[1.626137] (px4_msgs) StdoutLine: {'line': b'-- Up-to-date: /home/stepan/ws_ros2/install/px4_msgs/include/px4_msgs/px4_msgs/msg/detail/estimator_aid_source3d__builder.hpp\n'}
[1.626192] (px4_msgs) StdoutLine: {'line': b'-- Up-to-date: /home/stepan/ws_ros2/install/px4_msgs/include/px4_msgs/px4_msgs/msg/detail/logger_status__traits.hpp\n'}
[1.626254] (px4_msgs) StdoutLine: {'line': b'-- Up-to-date: /home/stepan/ws_ros2/install/px4_msgs/include/px4_msgs/px4_msgs/msg/detail/pwm_input__type_support.hpp\n'}
[1.626308] (px4_msgs) StdoutLine: {'line': b'-- Up-to-date: /home/stepan/ws_ros2/install/px4_msgs/include/px4_msgs/px4_msgs/msg/detail/position_controller_status__traits.hpp\n'}
[1.626370] (px4_msgs) StdoutLine: {'line': b'-- Up-to-date: /home/stepan/ws_ros2/install/px4_msgs/include/px4_msgs/px4_msgs/msg/detail/dataman_response__type_support.hpp\n'}
[1.626430] (px4_msgs) StdoutLine: {'line': b'-- Up-to-date: /home/stepan/ws_ros2/install/px4_msgs/include/px4_msgs/px4_msgs/msg/detail/sensor_gyro__type_support.hpp\n'}
[1.626483] (px4_msgs) StdoutLine: {'line': b'-- Up-to-date: /home/stepan/ws_ros2/install/px4_msgs/include/px4_msgs/px4_msgs/msg/detail/ulog_stream__type_support.hpp\n'}
[1.626542] (px4_msgs) StdoutLine: {'line': b'-- Up-to-date: /home/stepan/ws_ros2/install/px4_msgs/include/px4_msgs/px4_msgs/msg/detail/airspeed_wind__type_support.hpp\n'}
[1.626597] (px4_msgs) StdoutLine: {'line': b'-- Up-to-date: /home/stepan/ws_ros2/install/px4_msgs/include/px4_msgs/px4_msgs/msg/detail/arming_check_reply__builder.hpp\n'}
[1.626651] (px4_msgs) StdoutLine: {'line': b'-- Up-to-date: /home/stepan/ws_ros2/install/px4_msgs/include/px4_msgs/px4_msgs/msg/detail/airspeed_validated__struct.hpp\n'}
[1.626705] (px4_msgs) StdoutLine: {'line': b'-- Up-to-date: /home/stepan/ws_ros2/install/px4_msgs/include/px4_msgs/px4_msgs/msg/detail/position_setpoint_triplet__builder.hpp\n'}
[1.626759] (px4_msgs) StdoutLine: {'line': b'-- Up-to-date: /home/stepan/ws_ros2/install/px4_msgs/include/px4_msgs/px4_msgs/msg/detail/task_stack_info__builder.hpp\n'}
[1.626815] (px4_msgs) StdoutLine: {'line': b'-- Up-to-date: /home/stepan/ws_ros2/install/px4_msgs/include/px4_msgs/px4_msgs/msg/detail/estimator_innovations__builder.hpp\n'}
[1.626869] (px4_msgs) StdoutLine: {'line': b'-- Up-to-date: /home/stepan/ws_ros2/install/px4_msgs/include/px4_msgs/px4_msgs/msg/detail/satellite_info__struct.hpp\n'}
[1.626923] (px4_msgs) StdoutLine: {'line': b'-- Up-to-date: /home/stepan/ws_ros2/install/px4_msgs/include/px4_msgs/px4_msgs/msg/detail/rover_rate_status__traits.hpp\n'}
[1.626978] (px4_msgs) StdoutLine: {'line': b'-- Up-to-date: /home/stepan/ws_ros2/install/px4_msgs/include/px4_msgs/px4_msgs/msg/detail/follow_target_status__type_support.hpp\n'}
[1.627032] (px4_msgs) StdoutLine: {'line': b'-- Up-to-date: /home/stepan/ws_ros2/install/px4_msgs/include/px4_msgs/px4_msgs/msg/detail/navigator_mission_item__builder.hpp\n'}
[1.627087] (px4_msgs) StdoutLine: {'line': b'-- Up-to-date: /home/stepan/ws_ros2/install/px4_msgs/include/px4_msgs/px4_msgs/msg/detail/actuator_motors__builder.hpp\n'}
[1.627141] (px4_msgs) StdoutLine: {'line': b'-- Up-to-date: /home/stepan/ws_ros2/install/px4_msgs/include/px4_msgs/px4_msgs/msg/detail/vehicle_odometry__builder.hpp\n'}
[1.627196] (px4_msgs) StdoutLine: {'line': b'-- Up-to-date: /home/stepan/ws_ros2/install/px4_msgs/include/px4_msgs/px4_msgs/msg/detail/gimbal_manager_set_manual_control__traits.hpp\n'}
[1.627251] (px4_msgs) StdoutLine: {'line': b'-- Up-to-date: /home/stepan/ws_ros2/install/px4_msgs/include/px4_msgs/px4_msgs/msg/detail/rover_position_setpoint__struct.hpp\n'}
[1.627305] (px4_msgs) StdoutLine: {'line': b'-- Up-to-date: /home/stepan/ws_ros2/install/px4_msgs/include/px4_msgs/px4_msgs/msg/detail/airspeed__type_support.hpp\n'}
[1.627364] (px4_msgs) StdoutLine: {'line': b'-- Up-to-date: /home/stepan/ws_ros2/install/px4_msgs/include/px4_msgs/px4_msgs/msg/detail/health_report__traits.hpp\n'}
[1.627426] (px4_msgs) StdoutLine: {'line': b'-- Up-to-date: /home/stepan/ws_ros2/install/px4_msgs/include/px4_msgs/px4_msgs/msg/detail/estimator_sensor_bias__type_support.hpp\n'}
[1.627477] (px4_msgs) StdoutLine: {'line': b'-- Up-to-date: /home/stepan/ws_ros2/install/px4_msgs/include/px4_msgs/px4_msgs/msg/detail/gimbal_manager_set_attitude__builder.hpp\n'}
[1.627528] (px4_msgs) StdoutLine: {'line': b'-- Up-to-date: /home/stepan/ws_ros2/install/px4_msgs/include/px4_msgs/px4_msgs/msg/detail/vehicle_roi__builder.hpp\n'}
[1.627578] (px4_msgs) StdoutLine: {'line': b'-- Up-to-date: /home/stepan/ws_ros2/install/px4_msgs/include/px4_msgs/px4_msgs/msg/detail/estimator_aid_source3d__type_support.hpp\n'}
[1.627633] (px4_msgs) StdoutLine: {'line': b'-- Up-to-date: /home/stepan/ws_ros2/install/px4_msgs/include/px4_msgs/px4_msgs/msg/detail/wind__type_support.hpp\n'}
[1.627684] (px4_msgs) StdoutLine: {'line': b'-- Up-to-date: /home/stepan/ws_ros2/install/px4_msgs/include/px4_msgs/px4_msgs/msg/detail/sensor_gyro_fifo__traits.hpp\n'}
[1.627745] (px4_msgs) StdoutLine: {'line': b'-- Up-to-date: /home/stepan/ws_ros2/install/px4_msgs/include/px4_msgs/px4_msgs/msg/detail/uavcan_parameter_value__traits.hpp\n'}
[1.627820] (px4_msgs) StdoutLine: {'line': b'-- Up-to-date: /home/stepan/ws_ros2/install/px4_msgs/include/px4_msgs/px4_msgs/msg/detail/manual_control_switches__struct.hpp\n'}
[1.627889] (px4_msgs) StdoutLine: {'line': b'-- Up-to-date: /home/stepan/ws_ros2/install/px4_msgs/include/px4_msgs/px4_msgs/msg/detail/landing_gear__type_support.hpp\n'}
[1.627940] (px4_msgs) StdoutLine: {'line': b'-- Up-to-date: /home/stepan/ws_ros2/install/px4_msgs/include/px4_msgs/px4_msgs/msg/detail/actuator_servos__builder.hpp\n'}
[1.628003] (px4_msgs) StdoutLine: {'line': b'-- Up-to-date: /home/stepan/ws_ros2/install/px4_msgs/include/px4_msgs/px4_msgs/msg/detail/telemetry_status__traits.hpp\n'}
[1.628078] (px4_msgs) StdoutLine: {'line': b'-- Up-to-date: /home/stepan/ws_ros2/install/px4_msgs/include/px4_msgs/px4_msgs/msg/detail/estimator_bias3d__struct.hpp\n'}
[1.628152] (px4_msgs) StdoutLine: {'line': b'-- Up-to-date: /home/stepan/ws_ros2/install/px4_msgs/include/px4_msgs/px4_msgs/msg/detail/vehicle_angular_acceleration_setpoint__struct.hpp\n'}
[1.628223] (px4_msgs) StdoutLine: {'line': b'-- Up-to-date: /home/stepan/ws_ros2/install/px4_msgs/include/px4_msgs/px4_msgs/msg/detail/sensor_preflight_mag__struct.hpp\n'}
[1.628294] (px4_msgs) StdoutLine: {'line': b'-- Up-to-date: /home/stepan/ws_ros2/install/px4_msgs/include/px4_msgs/px4_msgs/msg/detail/landing_gear_wheel__type_support.hpp\n'}
[1.628384] (px4_msgs) StdoutLine: {'line': b'-- Up-to-date: /home/stepan/ws_ros2/install/px4_msgs/include/px4_msgs/px4_msgs/msg/detail/can_interface_status__struct.hpp\n'}
[1.628461] (px4_msgs) StdoutLine: {'line': b'-- Up-to-date: /home/stepan/ws_ros2/install/px4_msgs/include/px4_msgs/px4_msgs/msg/detail/parameter_reset_request__builder.hpp\n'}
[1.628515] (px4_msgs) StdoutLine: {'line': b'-- Up-to-date: /home/stepan/ws_ros2/install/px4_msgs/include/px4_msgs/px4_msgs/msg/detail/adc_report__builder.hpp\n'}
[1.628568] (px4_msgs) StdoutLine: {'line': b'-- Up-to-date: /home/stepan/ws_ros2/install/px4_msgs/include/px4_msgs/px4_msgs/msg/detail/radio_status__traits.hpp\n'}
[1.628620] (px4_msgs) StdoutLine: {'line': b'-- Up-to-date: /home/stepan/ws_ros2/install/px4_msgs/include/px4_msgs/px4_msgs/msg/detail/vehicle_rates_setpoint__traits.hpp\n'}
[1.628673] (px4_msgs) StdoutLine: {'line': b'-- Up-to-date: /home/stepan/ws_ros2/install/px4_msgs/include/px4_msgs/px4_msgs/msg/detail/rtl_time_estimate__traits.hpp\n'}
[1.628727] (px4_msgs) StdoutLine: {'line': b'-- Up-to-date: /home/stepan/ws_ros2/install/px4_msgs/include/px4_msgs/px4_msgs/msg/detail/power_monitor__type_support.hpp\n'}
[1.628785] (px4_msgs) StdoutLine: {'line': b'-- Up-to-date: /home/stepan/ws_ros2/install/px4_msgs/include/px4_msgs/px4_msgs/msg/detail/estimator_event_flags__traits.hpp\n'}
[1.628841] (px4_msgs) StdoutLine: {'line': b'-- Up-to-date: /home/stepan/ws_ros2/install/px4_msgs/include/px4_msgs/px4_msgs/msg/detail/rover_attitude_status__traits.hpp\n'}
[1.628897] (px4_msgs) StdoutLine: {'line': b'-- Up-to-date: /home/stepan/ws_ros2/install/px4_msgs/include/px4_msgs/px4_msgs/msg/detail/gpio_config__builder.hpp\n'}
[1.628952] (px4_msgs) StdoutLine: {'line': b'-- Up-to-date: /home/stepan/ws_ros2/install/px4_msgs/include/px4_msgs/px4_msgs/msg/detail/led_control__type_support.hpp\n'}
[1.629008] (px4_msgs) StdoutLine: {'line': b'-- Up-to-date: /home/stepan/ws_ros2/install/px4_msgs/include/px4_msgs/px4_msgs/msg/detail/battery_status__traits.hpp\n'}
[1.629064] (px4_msgs) StdoutLine: {'line': b'-- Up-to-date: /home/stepan/ws_ros2/install/px4_msgs/include/px4_msgs/px4_msgs/msg/detail/actuator_servos_trim__builder.hpp\n'}
[1.629120] (px4_msgs) StdoutLine: {'line': b'-- Up-to-date: /home/stepan/ws_ros2/install/px4_msgs/include/px4_msgs/px4_msgs/msg/detail/open_drone_id_system__traits.hpp\n'}
[1.629174] (px4_msgs) StdoutLine: {'line': b'-- Up-to-date: /home/stepan/ws_ros2/install/px4_msgs/include/px4_msgs/px4_msgs/msg/detail/gimbal_manager_information__builder.hpp\n'}
[1.629230] (px4_msgs) StdoutLine: {'line': b'-- Up-to-date: /home/stepan/ws_ros2/install/px4_msgs/include/px4_msgs/px4_msgs/msg/detail/landing_target_pose__struct.hpp\n'}
[1.629286] (px4_msgs) StdoutLine: {'line': b'-- Up-to-date: /home/stepan/ws_ros2/install/px4_msgs/include/px4_msgs/px4_msgs/msg/detail/vehicle_acceleration__builder.hpp\n'}
[1.629354] (px4_msgs) StdoutLine: {'line': b'-- Up-to-date: /home/stepan/ws_ros2/install/px4_msgs/include/px4_msgs/px4_msgs/msg/detail/gimbal_device_attitude_status__type_support.hpp\n'}
[1.629425] (px4_msgs) StdoutLine: {'line': b'-- Up-to-date: /home/stepan/ws_ros2/install/px4_msgs/include/px4_msgs/px4_msgs/msg/detail/sensor_selection__traits.hpp\n'}
[1.629480] (px4_msgs) StdoutLine: {'line': b'-- Up-to-date: /home/stepan/ws_ros2/install/px4_msgs/include/px4_msgs/px4_msgs/msg/detail/parameter_update__type_support.hpp\n'}
[1.629537] (px4_msgs) StdoutLine: {'line': b'-- Up-to-date: /home/stepan/ws_ros2/install/px4_msgs/include/px4_msgs/px4_msgs/msg/detail/vehicle_global_position__struct.hpp\n'}
[1.629594] (px4_msgs) StdoutLine: {'line': b'-- Up-to-date: /home/stepan/ws_ros2/install/px4_msgs/include/px4_msgs/px4_msgs/msg/detail/sensor_hygrometer__traits.hpp\n'}
[1.629649] (px4_msgs) StdoutLine: {'line': b'-- Up-to-date: /home/stepan/ws_ros2/install/px4_msgs/include/px4_msgs/px4_msgs/msg/detail/differential_pressure__struct.hpp\n'}
[1.629704] (px4_msgs) StdoutLine: {'line': b'-- Up-to-date: /home/stepan/ws_ros2/install/px4_msgs/include/px4_msgs/px4_msgs/msg/detail/actuator_outputs__traits.hpp\n'}
[1.629760] (px4_msgs) StdoutLine: {'line': b'-- Up-to-date: /home/stepan/ws_ros2/install/px4_msgs/include/px4_msgs/px4_msgs/msg/detail/airspeed_wind__builder.hpp\n'}
[1.629815] (px4_msgs) StdoutLine: {'line': b'-- Up-to-date: /home/stepan/ws_ros2/install/px4_msgs/include/px4_msgs/px4_msgs/msg/detail/actuator_servos_trim__struct.hpp\n'}
[1.629871] (px4_msgs) StdoutLine: {'line': b'-- Up-to-date: /home/stepan/ws_ros2/install/px4_msgs/include/px4_msgs/px4_msgs/msg/detail/home_position__traits.hpp\n'}
[1.629927] (px4_msgs) StdoutLine: {'line': b'-- Up-to-date: /home/stepan/ws_ros2/install/px4_msgs/include/px4_msgs/px4_msgs/msg/detail/vehicle_local_position_setpoint__traits.hpp\n'}
[1.629982] (px4_msgs) StdoutLine: {'line': b'-- Up-to-date: /home/stepan/ws_ros2/install/px4_msgs/include/px4_msgs/px4_msgs/msg/detail/gps_dump__type_support.hpp\n'}
[1.630037] (px4_msgs) StdoutLine: {'line': b'-- Up-to-date: /home/stepan/ws_ros2/install/px4_msgs/include/px4_msgs/px4_msgs/msg/detail/vehicle_angular_acceleration_setpoint__type_support.hpp\n'}
[1.630102] (px4_msgs) StdoutLine: {'line': b'-- Up-to-date: /home/stepan/ws_ros2/install/px4_msgs/include/px4_msgs/px4_msgs/msg/detail/vehicle_land_detected__builder.hpp\n'}
[1.630158] (px4_msgs) StdoutLine: {'line': b'-- Up-to-date: /home/stepan/ws_ros2/install/px4_msgs/include/px4_msgs/px4_msgs/msg/detail/debug_value__builder.hpp\n'}
[1.630213] (px4_msgs) StdoutLine: {'line': b'-- Up-to-date: /home/stepan/ws_ros2/install/px4_msgs/include/px4_msgs/px4_msgs/msg/detail/gpio_out__traits.hpp\n'}
[1.630268] (px4_msgs) StdoutLine: {'line': b'-- Up-to-date: /home/stepan/ws_ros2/install/px4_msgs/include/px4_msgs/px4_msgs/msg/detail/health_report__builder.hpp\n'}
[1.630322] (px4_msgs) StdoutLine: {'line': b'-- Up-to-date: /home/stepan/ws_ros2/install/px4_msgs/include/px4_msgs/px4_msgs/msg/detail/yaw_estimator_status__builder.hpp\n'}
[1.630384] (px4_msgs) StdoutLine: {'line': b'-- Up-to-date: /home/stepan/ws_ros2/install/px4_msgs/include/px4_msgs/px4_msgs/msg/detail/mission_result__builder.hpp\n'}
[1.630442] (px4_msgs) StdoutLine: {'line': b'-- Up-to-date: /home/stepan/ws_ros2/install/px4_msgs/include/px4_msgs/px4_msgs/msg/detail/generator_status__traits.hpp\n'}
[1.630494] (px4_msgs) StdoutLine: {'line': b'-- Up-to-date: /home/stepan/ws_ros2/install/px4_msgs/include/px4_msgs/px4_msgs/msg/detail/vehicle_thrust_setpoint__traits.hpp\n'}
[1.630545] (px4_msgs) StdoutLine: {'line': b'-- Up-to-date: /home/stepan/ws_ros2/install/px4_msgs/include/px4_msgs/px4_msgs/msg/detail/ulog_stream_ack__struct.hpp\n'}
[1.630596] (px4_msgs) StdoutLine: {'line': b'-- Up-to-date: /home/stepan/ws_ros2/install/px4_msgs/include/px4_msgs/px4_msgs/msg/detail/gimbal_manager_set_attitude__struct.hpp\n'}
[1.630647] (px4_msgs) StdoutLine: {'line': b'-- Up-to-date: /home/stepan/ws_ros2/install/px4_msgs/include/px4_msgs/px4_msgs/msg/detail/gimbal_controls__builder.hpp\n'}
[1.630701] (px4_msgs) StdoutLine: {'line': b'-- Up-to-date: /home/stepan/ws_ros2/install/px4_msgs/include/px4_msgs/px4_msgs/msg/detail/takeoff_status__builder.hpp\n'}
[1.630752] (px4_msgs) StdoutLine: {'line': b'-- Up-to-date: /home/stepan/ws_ros2/install/px4_msgs/include/px4_msgs/px4_msgs/msg/detail/vehicle_local_position__struct.hpp\n'}
[1.630802] (px4_msgs) StdoutLine: {'line': b'-- Up-to-date: /home/stepan/ws_ros2/install/px4_msgs/include/px4_msgs/px4_msgs/msg/detail/sensor_selection__struct.hpp\n'}
[1.630853] (px4_msgs) StdoutLine: {'line': b'-- Up-to-date: /home/stepan/ws_ros2/install/px4_msgs/include/px4_msgs/px4_msgs/msg/detail/internal_combustion_engine_status__traits.hpp\n'}
[1.630904] (px4_msgs) StdoutLine: {'line': b'-- Up-to-date: /home/stepan/ws_ros2/install/px4_msgs/include/px4_msgs/px4_msgs/msg/detail/vehicle_local_position_setpoint__type_support.hpp\n'}
[1.630956] (px4_msgs) StdoutLine: {'line': b'-- Up-to-date: /home/stepan/ws_ros2/install/px4_msgs/include/px4_msgs/px4_msgs/msg/detail/register_ext_component_request__type_support.hpp\n'}
[1.631006] (px4_msgs) StdoutLine: {'line': b'-- Up-to-date: /home/stepan/ws_ros2/install/px4_msgs/include/px4_msgs/px4_msgs/msg/detail/rover_throttle_setpoint__struct.hpp\n'}
[1.631057] (px4_msgs) StdoutLine: {'line': b'-- Up-to-date: /home/stepan/ws_ros2/install/px4_msgs/include/px4_msgs/px4_msgs/msg/detail/gpio_in__traits.hpp\n'}
[1.631107] (px4_msgs) StdoutLine: {'line': b'-- Up-to-date: /home/stepan/ws_ros2/install/px4_msgs/include/px4_msgs/px4_msgs/msg/detail/estimator_aid_source1d__struct.hpp\n'}
[1.631157] (px4_msgs) StdoutLine: {'line': b'-- Up-to-date: /home/stepan/ws_ros2/install/px4_msgs/include/px4_msgs/px4_msgs/msg/detail/rover_throttle_setpoint__traits.hpp\n'}
[1.631212] (px4_msgs) StdoutLine: {'line': b'-- Up-to-date: /home/stepan/ws_ros2/install/px4_msgs/include/px4_msgs/px4_msgs/msg/detail/vehicle_attitude_setpoint__struct.hpp\n'}
[1.631269] (px4_msgs) StdoutLine: {'line': b'-- Up-to-date: /home/stepan/ws_ros2/install/px4_msgs/include/px4_msgs/px4_msgs/msg/detail/register_ext_component_request__struct.hpp\n'}
[1.631324] (px4_msgs) StdoutLine: {'line': b'-- Up-to-date: /home/stepan/ws_ros2/install/px4_msgs/include/px4_msgs/px4_msgs/msg/detail/sensor_correction__traits.hpp\n'}
[1.631387] (px4_msgs) StdoutLine: {'line': b'-- Up-to-date: /home/stepan/ws_ros2/install/px4_msgs/include/px4_msgs/px4_msgs/msg/detail/internal_combustion_engine_status__struct.hpp\n'}
[1.631445] (px4_msgs) StdoutLine: {'line': b'-- Up-to-date: /home/stepan/ws_ros2/install/px4_msgs/include/px4_msgs/px4_msgs/msg/detail/timesync_status__builder.hpp\n'}
[1.631496] (px4_msgs) StdoutLine: {'line': b'-- Up-to-date: /home/stepan/ws_ros2/install/px4_msgs/include/px4_msgs/px4_msgs/msg/detail/sensor_airflow__type_support.hpp\n'}
[1.631547] (px4_msgs) StdoutLine: {'line': b'-- Up-to-date: /home/stepan/ws_ros2/install/px4_msgs/include/px4_msgs/px4_msgs/msg/detail/esc_report__builder.hpp\n'}
[1.631597] (px4_msgs) StdoutLine: {'line': b'-- Up-to-date: /home/stepan/ws_ros2/install/px4_msgs/include/px4_msgs/px4_msgs/msg/detail/message_format_response__type_support.hpp\n'}
[1.631647] (px4_msgs) StdoutLine: {'line': b'-- Up-to-date: /home/stepan/ws_ros2/install/px4_msgs/include/px4_msgs/px4_msgs/msg/detail/mavlink_tunnel__builder.hpp\n'}
[1.631721] (px4_msgs) StdoutLine: {'line': b'-- Up-to-date: /home/stepan/ws_ros2/install/px4_msgs/include/px4_msgs/px4_msgs/msg/detail/mount_orientation__struct.hpp\n'}
[1.631785] (px4_msgs) StdoutLine: {'line': b'-- Up-to-date: /home/stepan/ws_ros2/install/px4_msgs/include/px4_msgs/px4_msgs/msg/detail/adc_report__traits.hpp\n'}
[1.631837] (px4_msgs) StdoutLine: {'line': b'-- Up-to-date: /home/stepan/ws_ros2/install/px4_msgs/include/px4_msgs/px4_msgs/msg/detail/log_message__builder.hpp\n'}
[1.631887] (px4_msgs) StdoutLine: {'line': b'-- Up-to-date: /home/stepan/ws_ros2/install/px4_msgs/include/px4_msgs/px4_msgs/msg/detail/arming_check_reply__traits.hpp\n'}
[1.631946] (px4_msgs) StdoutLine: {'line': b'-- Up-to-date: /home/stepan/ws_ros2/install/px4_msgs/include/px4_msgs/px4_msgs/msg/detail/sensor_uwb__builder.hpp\n'}
[1.632000] (px4_msgs) StdoutLine: {'line': b'-- Up-to-date: /home/stepan/ws_ros2/install/px4_msgs/include/px4_msgs/px4_msgs/msg/detail/sensor_accel_fifo__builder.hpp\n'}
[1.632051] (px4_msgs) StdoutLine: {'line': b'-- Up-to-date: /home/stepan/ws_ros2/install/px4_msgs/include/px4_msgs/px4_msgs/msg/detail/sensor_preflight_mag__builder.hpp\n'}
[1.632113] (px4_msgs) StdoutLine: {'line': b'-- Up-to-date: /home/stepan/ws_ros2/install/px4_msgs/include/px4_msgs/px4_msgs/msg/detail/irlock_report__type_support.hpp\n'}
[1.632176] (px4_msgs) StdoutLine: {'line': b'-- Up-to-date: /home/stepan/ws_ros2/install/px4_msgs/include/px4_msgs/px4_msgs/msg/detail/pure_pursuit_status__traits.hpp\n'}
[1.632249] (px4_msgs) StdoutLine: {'line': b'-- Up-to-date: /home/stepan/ws_ros2/install/px4_msgs/include/px4_msgs/px4_msgs/msg/detail/dataman_request__builder.hpp\n'}
[1.632301] (px4_msgs) StdoutLine: {'line': b'-- Up-to-date: /home/stepan/ws_ros2/install/px4_msgs/include/px4_msgs/px4_msgs/msg/detail/ulog_stream__builder.hpp\n'}
[1.632375] (px4_msgs) StdoutLine: {'line': b'-- Up-to-date: /home/stepan/ws_ros2/install/px4_msgs/include/px4_msgs/px4_msgs/msg/detail/ping__struct.hpp\n'}
[1.632454] (px4_msgs) StdoutLine: {'line': b'-- Up-to-date: /home/stepan/ws_ros2/install/px4_msgs/include/px4_msgs/px4_msgs/msg/detail/control_allocator_status__builder.hpp\n'}
[1.632543] (px4_msgs) StdoutLine: {'line': b'-- Up-to-date: /home/stepan/ws_ros2/install/px4_msgs/include/px4_msgs/px4_msgs/msg/detail/trajectory_setpoint__builder.hpp\n'}
[1.632598] (px4_msgs) StdoutLine: {'line': b'-- Up-to-date: /home/stepan/ws_ros2/install/px4_msgs/include/px4_msgs/px4_msgs/msg/detail/actuator_motors__struct.hpp\n'}
[1.632649] (px4_msgs) StdoutLine: {'line': b'-- Up-to-date: /home/stepan/ws_ros2/install/px4_msgs/include/px4_msgs/px4_msgs/msg/detail/actuator_servos_trim__type_support.hpp\n'}
[1.632700] (px4_msgs) StdoutLine: {'line': b'-- Up-to-date: /home/stepan/ws_ros2/install/px4_msgs/include/px4_msgs/px4_msgs/msg/detail/ulog_stream_ack__builder.hpp\n'}
[1.632752] (px4_msgs) StdoutLine: {'line': b'-- Up-to-date: /home/stepan/ws_ros2/install/px4_msgs/include/px4_msgs/px4_msgs/msg/detail/debug_array__builder.hpp\n'}
[1.632804] (px4_msgs) StdoutLine: {'line': b'-- Up-to-date: /home/stepan/ws_ros2/install/px4_msgs/include/px4_msgs/px4_msgs/msg/detail/gps_inject_data__traits.hpp\n'}
[1.632865] (px4_msgs) StdoutLine: {'line': b'-- Up-to-date: /home/stepan/ws_ros2/install/px4_msgs/include/px4_msgs/px4_msgs/msg/detail/normalized_unsigned_setpoint__builder.hpp\n'}
[1.632917] (px4_msgs) StdoutLine: {'line': b'-- Up-to-date: /home/stepan/ws_ros2/install/px4_msgs/include/px4_msgs/px4_msgs/msg/detail/vehicle_attitude__builder.hpp\n'}
[1.632968] (px4_msgs) StdoutLine: {'line': b'-- Up-to-date: /home/stepan/ws_ros2/install/px4_msgs/include/px4_msgs/px4_msgs/msg/detail/camera_trigger__type_support.hpp\n'}
[1.633027] (px4_msgs) StdoutLine: {'line': b'-- Up-to-date: /home/stepan/ws_ros2/install/px4_msgs/include/px4_msgs/px4_msgs/msg/detail/vehicle_air_data__traits.hpp\n'}
[1.633078] (px4_msgs) StdoutLine: {'line': b'-- Up-to-date: /home/stepan/ws_ros2/install/px4_msgs/include/px4_msgs/px4_msgs/msg/detail/gps_dump__traits.hpp\n'}
[1.633128] (px4_msgs) StdoutLine: {'line': b'-- Up-to-date: /home/stepan/ws_ros2/install/px4_msgs/include/px4_msgs/px4_msgs/msg/detail/logger_status__type_support.hpp\n'}
[1.633179] (px4_msgs) StdoutLine: {'line': b'-- Up-to-date: /home/stepan/ws_ros2/install/px4_msgs/include/px4_msgs/px4_msgs/msg/detail/estimator_event_flags__struct.hpp\n'}
[1.633230] (px4_msgs) StdoutLine: {'line': b'-- Up-to-date: /home/stepan/ws_ros2/install/px4_msgs/include/px4_msgs/px4_msgs/msg/detail/gpio_in__type_support.hpp\n'}
[1.633282] (px4_msgs) StdoutLine: {'line': b'-- Up-to-date: /home/stepan/ws_ros2/install/px4_msgs/include/px4_msgs/px4_msgs/msg/detail/flight_phase_estimation__traits.hpp\n'}
[1.633332] (px4_msgs) StdoutLine: {'line': b'-- Up-to-date: /home/stepan/ws_ros2/install/px4_msgs/include/px4_msgs/px4_msgs/msg/detail/parameter_reset_request__type_support.hpp\n'}
[1.633411] (px4_msgs) StdoutLine: {'line': b'-- Up-to-date: /home/stepan/ws_ros2/install/px4_msgs/include/px4_msgs/px4_msgs/msg/detail/vehicle_command_ack__type_support.hpp\n'}
[1.633465] (px4_msgs) StdoutLine: {'line': b'-- Up-to-date: /home/stepan/ws_ros2/install/px4_msgs/include/px4_msgs/px4_msgs/msg/detail/timesync_status__struct.hpp\n'}
[1.633516] (px4_msgs) StdoutLine: {'line': b'-- Up-to-date: /home/stepan/ws_ros2/install/px4_msgs/include/px4_msgs/px4_msgs/msg/detail/normalized_unsigned_setpoint__struct.hpp\n'}
[1.633572] (px4_msgs) StdoutLine: {'line': b'-- Up-to-date: /home/stepan/ws_ros2/install/px4_msgs/include/px4_msgs/px4_msgs/msg/detail/orb_test_medium__builder.hpp\n'}
[1.633629] (px4_msgs) StdoutLine: {'line': b'-- Up-to-date: /home/stepan/ws_ros2/install/px4_msgs/include/px4_msgs/px4_msgs/msg/detail/ping__type_support.hpp\n'}
[1.633685] (px4_msgs) StdoutLine: {'line': b'-- Up-to-date: /home/stepan/ws_ros2/install/px4_msgs/include/px4_msgs/px4_msgs/msg/detail/ackermann_velocity_setpoint__struct.hpp\n'}
[1.633741] (px4_msgs) StdoutLine: {'line': b'-- Up-to-date: /home/stepan/ws_ros2/install/px4_msgs/include/px4_msgs/px4_msgs/msg/detail/pwm_input__traits.hpp\n'}
[1.633796] (px4_msgs) StdoutLine: {'line': b'-- Up-to-date: /home/stepan/ws_ros2/install/px4_msgs/include/px4_msgs/px4_msgs/msg/detail/esc_status__builder.hpp\n'}
[1.633860] (px4_msgs) StdoutLine: {'line': b'-- Up-to-date: /home/stepan/ws_ros2/install/px4_msgs/include/px4_msgs/px4_msgs/msg/detail/unregister_ext_component__type_support.hpp\n'}
[1.633915] (px4_msgs) StdoutLine: {'line': b'-- Up-to-date: /home/stepan/ws_ros2/install/px4_msgs/include/px4_msgs/px4_msgs/msg/detail/action_request__type_support.hpp\n'}
[1.633971] (px4_msgs) StdoutLine: {'line': b'-- Up-to-date: /home/stepan/ws_ros2/install/px4_msgs/include/px4_msgs/px4_msgs/msg/detail/cellular_status__type_support.hpp\n'}
[1.634027] (px4_msgs) StdoutLine: {'line': b'-- Up-to-date: /home/stepan/ws_ros2/install/px4_msgs/include/px4_msgs/px4_msgs/msg/detail/rover_rate_setpoint__traits.hpp\n'}
[1.634082] (px4_msgs) StdoutLine: {'line': b'-- Up-to-date: /home/stepan/ws_ros2/install/px4_msgs/include/px4_msgs/px4_msgs/msg/detail/pure_pursuit_status__type_support.hpp\n'}
[1.634137] (px4_msgs) StdoutLine: {'line': b'-- Up-to-date: /home/stepan/ws_ros2/install/px4_msgs/include/px4_msgs/px4_msgs/msg/detail/navigator_status__type_support.hpp\n'}
[1.634192] (px4_msgs) StdoutLine: {'line': b'-- Up-to-date: /home/stepan/ws_ros2/install/px4_msgs/include/px4_msgs/px4_msgs/msg/detail/offboard_control_mode__builder.hpp\n'}
[1.634247] (px4_msgs) StdoutLine: {'line': b'-- Up-to-date: /home/stepan/ws_ros2/install/px4_msgs/include/px4_msgs/px4_msgs/msg/detail/irlock_report__struct.hpp\n'}
[1.634301] (px4_msgs) StdoutLine: {'line': b'-- Up-to-date: /home/stepan/ws_ros2/install/px4_msgs/include/px4_msgs/px4_msgs/msg/detail/orb_test_large__builder.hpp\n'}
[1.634355] (px4_msgs) StdoutLine: {'line': b'-- Up-to-date: /home/stepan/ws_ros2/install/px4_msgs/include/px4_msgs/px4_msgs/msg/detail/rover_position_setpoint__traits.hpp\n'}
[1.634418] (px4_msgs) StdoutLine: {'line': b'-- Up-to-date: /home/stepan/ws_ros2/install/px4_msgs/include/px4_msgs/px4_msgs/msg/detail/rtl_time_estimate__type_support.hpp\n'}
[1.634476] (px4_msgs) StdoutLine: {'line': b'-- Up-to-date: /home/stepan/ws_ros2/install/px4_msgs/include/px4_msgs/px4_msgs/msg/detail/vehicle_command__traits.hpp\n'}
[1.634531] (px4_msgs) StdoutLine: {'line': b'-- Up-to-date: /home/stepan/ws_ros2/install/px4_msgs/include/px4_msgs/px4_msgs/msg/detail/landing_gear_wheel__struct.hpp\n'}
[1.634586] (px4_msgs) StdoutLine: {'line': b'-- Up-to-date: /home/stepan/ws_ros2/install/px4_msgs/include/px4_msgs/px4_msgs/msg/detail/autotune_attitude_control_status__builder.hpp\n'}
[1.634641] (px4_msgs) StdoutLine: {'line': b'-- Up-to-date: /home/stepan/ws_ros2/install/px4_msgs/include/px4_msgs/px4_msgs/msg/detail/navigator_status__traits.hpp\n'}
[1.634696] (px4_msgs) StdoutLine: {'line': b'-- Up-to-date: /home/stepan/ws_ros2/install/px4_msgs/include/px4_msgs/px4_msgs/msg/detail/gimbal_device_attitude_status__builder.hpp\n'}
[1.634761] (px4_msgs) StdoutLine: {'line': b'-- Up-to-date: /home/stepan/ws_ros2/install/px4_msgs/include/px4_msgs/px4_msgs/msg/detail/heater_status__builder.hpp\n'}
[1.634817] (px4_msgs) StdoutLine: {'line': b'-- Up-to-date: /home/stepan/ws_ros2/install/px4_msgs/include/px4_msgs/px4_msgs/msg/detail/parameter_set_value_request__traits.hpp\n'}
[1.634872] (px4_msgs) StdoutLine: {'line': b'-- Up-to-date: /home/stepan/ws_ros2/install/px4_msgs/include/px4_msgs/px4_msgs/msg/detail/figure_eight_status__builder.hpp\n'}
[1.634927] (px4_msgs) StdoutLine: {'line': b'-- Up-to-date: /home/stepan/ws_ros2/install/px4_msgs/include/px4_msgs/px4_msgs/msg/detail/actuator_servos__struct.hpp\n'}
[1.634983] (px4_msgs) StdoutLine: {'line': b'-- Up-to-date: /home/stepan/ws_ros2/install/px4_msgs/include/px4_msgs/px4_msgs/msg/detail/ekf2_timestamps__traits.hpp\n'}
[1.635038] (px4_msgs) StdoutLine: {'line': b'-- Up-to-date: /home/stepan/ws_ros2/install/px4_msgs/include/px4_msgs/px4_msgs/msg/detail/gimbal_manager_information__struct.hpp\n'}
[1.635093] (px4_msgs) StdoutLine: {'line': b'-- Up-to-date: /home/stepan/ws_ros2/install/px4_msgs/include/px4_msgs/px4_msgs/msg/detail/internal_combustion_engine_control__type_support.hpp\n'}
[1.635148] (px4_msgs) StdoutLine: {'line': b'-- Up-to-date: /home/stepan/ws_ros2/install/px4_msgs/include/px4_msgs/px4_msgs/msg/detail/distance_sensor_mode_change_request__type_support.hpp\n'}
[1.635203] (px4_msgs) StdoutLine: {'line': b'-- Up-to-date: /home/stepan/ws_ros2/install/px4_msgs/include/px4_msgs/px4_msgs/msg/detail/message_format_response__struct.hpp\n'}
[1.635258] (px4_msgs) StdoutLine: {'line': b'-- Up-to-date: /home/stepan/ws_ros2/install/px4_msgs/include/px4_msgs/px4_msgs/msg/detail/sensor_selection__builder.hpp\n'}
[1.635311] (px4_msgs) StdoutLine: {'line': b'-- Up-to-date: /home/stepan/ws_ros2/install/px4_msgs/include/px4_msgs/px4_msgs/msg/detail/sensor_correction__builder.hpp\n'}
[1.635370] (px4_msgs) StdoutLine: {'line': b'-- Up-to-date: /home/stepan/ws_ros2/install/px4_msgs/include/px4_msgs/px4_msgs/msg/detail/sensor_gyro__traits.hpp\n'}
[1.635429] (px4_msgs) StdoutLine: {'line': b'-- Up-to-date: /home/stepan/ws_ros2/install/px4_msgs/include/px4_msgs/px4_msgs/msg/detail/follow_target__struct.hpp\n'}
[1.635485] (px4_msgs) StdoutLine: {'line': b'-- Up-to-date: /home/stepan/ws_ros2/install/px4_msgs/include/px4_msgs/px4_msgs/msg/detail/vehicle_optical_flow__builder.hpp\n'}
[1.635540] (px4_msgs) StdoutLine: {'line': b'-- Up-to-date: /home/stepan/ws_ros2/install/px4_msgs/include/px4_msgs/px4_msgs/msg/detail/vehicle_command_ack__struct.hpp\n'}
[1.635595] (px4_msgs) StdoutLine: {'line': b'-- Up-to-date: /home/stepan/ws_ros2/install/px4_msgs/include/px4_msgs/px4_msgs/msg/detail/rate_ctrl_status__struct.hpp\n'}
[1.635666] (px4_msgs) StdoutLine: {'line': b'-- Up-to-date: /home/stepan/ws_ros2/install/px4_msgs/include/px4_msgs/px4_msgs/msg/detail/vehicle_local_position_setpoint__builder.hpp\n'}
[1.635734] (px4_msgs) StdoutLine: {'line': b'-- Up-to-date: /home/stepan/ws_ros2/install/px4_msgs/include/px4_msgs/px4_msgs/msg/detail/generator_status__struct.hpp\n'}
[1.635793] (px4_msgs) StdoutLine: {'line': b'-- Up-to-date: /home/stepan/ws_ros2/install/px4_msgs/include/px4_msgs/px4_msgs/msg/detail/sensor_gps__type_support.hpp\n'}
[1.635874] (px4_msgs) StdoutLine: {'line': b'-- Up-to-date: /home/stepan/ws_ros2/install/px4_msgs/include/px4_msgs/px4_msgs/msg/detail/tiltrotor_extra_controls__type_support.hpp\n'}
[1.635940] (px4_msgs) StdoutLine: {'line': b'-- Up-to-date: /home/stepan/ws_ros2/install/px4_msgs/include/px4_msgs/px4_msgs/msg/detail/vehicle_magnetometer__builder.hpp\n'}
[1.635992] (px4_msgs) StdoutLine: {'line': b'-- Up-to-date: /home/stepan/ws_ros2/install/px4_msgs/include/px4_msgs/px4_msgs/msg/detail/vehicle_imu_status__traits.hpp\n'}
[1.636044] (px4_msgs) StdoutLine: {'line': b'-- Up-to-date: /home/stepan/ws_ros2/install/px4_msgs/include/px4_msgs/px4_msgs/msg/detail/iridiumsbd_status__builder.hpp\n'}
[1.636101] (px4_msgs) StdoutLine: {'line': b'-- Up-to-date: /home/stepan/ws_ros2/install/px4_msgs/include/px4_msgs/px4_msgs/msg/detail/tecs_status__type_support.hpp\n'}
[1.636165] (px4_msgs) StdoutLine: {'line': b'-- Up-to-date: /home/stepan/ws_ros2/install/px4_msgs/include/px4_msgs/px4_msgs/msg/detail/rc_parameter_map__builder.hpp\n'}
[1.636245] (px4_msgs) StdoutLine: {'line': b'-- Up-to-date: /home/stepan/ws_ros2/install/px4_msgs/include/px4_msgs/px4_msgs/msg/detail/home_position__struct.hpp\n'}
[1.636318] (px4_msgs) StdoutLine: {'line': b'-- Up-to-date: /home/stepan/ws_ros2/install/px4_msgs/include/px4_msgs/px4_msgs/msg/detail/magnetometer_bias_estimate__builder.hpp\n'}
[1.636406] (px4_msgs) StdoutLine: {'line': b'-- Up-to-date: /home/stepan/ws_ros2/install/px4_msgs/include/px4_msgs/px4_msgs/msg/detail/mag_worker_data__builder.hpp\n'}
[1.636492] (px4_msgs) StdoutLine: {'line': b'-- Up-to-date: /home/stepan/ws_ros2/install/px4_msgs/include/px4_msgs/px4_msgs/msg/detail/vehicle_angular_velocity__builder.hpp\n'}
[1.636578] (px4_msgs) StdoutLine: {'line': b'-- Up-to-date: /home/stepan/ws_ros2/install/px4_msgs/include/px4_msgs/px4_msgs/msg/detail/estimator_event_flags__type_support.hpp\n'}
[1.636639] (px4_msgs) StdoutLine: {'line': b'-- Up-to-date: /home/stepan/ws_ros2/install/px4_msgs/include/px4_msgs/px4_msgs/msg/detail/parameter_update__traits.hpp\n'}
[1.636702] (px4_msgs) StdoutLine: {'line': b'-- Up-to-date: /home/stepan/ws_ros2/install/px4_msgs/include/px4_msgs/px4_msgs/msg/detail/debug_array__struct.hpp\n'}
[1.636755] (px4_msgs) StdoutLine: {'line': b'-- Up-to-date: /home/stepan/ws_ros2/install/px4_msgs/include/px4_msgs/px4_msgs/msg/detail/esc_status__struct.hpp\n'}
[1.636806] (px4_msgs) StdoutLine: {'line': b'-- Up-to-date: /home/stepan/ws_ros2/install/px4_msgs/include/px4_msgs/px4_msgs/msg/detail/mode_completed__traits.hpp\n'}
[1.636857] (px4_msgs) StdoutLine: {'line': b'-- Up-to-date: /home/stepan/ws_ros2/install/px4_msgs/include/px4_msgs/px4_msgs/msg/detail/mode_completed__type_support.hpp\n'}
[1.636908] (px4_msgs) StdoutLine: {'line': b'-- Up-to-date: /home/stepan/ws_ros2/install/px4_msgs/include/px4_msgs/px4_msgs/msg/detail/adc_report__type_support.hpp\n'}
[1.636958] (px4_msgs) StdoutLine: {'line': b'-- Up-to-date: /home/stepan/ws_ros2/install/px4_msgs/include/px4_msgs/px4_msgs/msg/detail/ulog_stream__struct.hpp\n'}
[1.637010] (px4_msgs) StdoutLine: {'line': b'-- Up-to-date: /home/stepan/ws_ros2/install/px4_msgs/include/px4_msgs/px4_msgs/msg/detail/hover_thrust_estimate__struct.hpp\n'}
[1.637061] (px4_msgs) StdoutLine: {'line': b'-- Up-to-date: /home/stepan/ws_ros2/install/px4_msgs/include/px4_msgs/px4_msgs/msg/detail/landing_gear_wheel__traits.hpp\n'}
[1.637112] (px4_msgs) StdoutLine: {'line': b'-- Up-to-date: /home/stepan/ws_ros2/install/px4_msgs/include/px4_msgs/px4_msgs/msg/detail/debug_value__type_support.hpp\n'}
[1.637164] (px4_msgs) StdoutLine: {'line': b'-- Up-to-date: /home/stepan/ws_ros2/install/px4_msgs/include/px4_msgs/px4_msgs/msg/detail/sensors_status_imu__struct.hpp\n'}
[1.637215] (px4_msgs) StdoutLine: {'line': b'-- Up-to-date: /home/stepan/ws_ros2/install/px4_msgs/include/px4_msgs/px4_msgs/msg/detail/differential_pressure__builder.hpp\n'}
[1.637265] (px4_msgs) StdoutLine: {'line': b'-- Up-to-date: /home/stepan/ws_ros2/install/px4_msgs/include/px4_msgs/px4_msgs/msg/detail/geofence_result__struct.hpp\n'}
[1.637315] (px4_msgs) StdoutLine: {'line': b'-- Up-to-date: /home/stepan/ws_ros2/install/px4_msgs/include/px4_msgs/px4_msgs/msg/detail/mission__builder.hpp\n'}
[1.637379] (px4_msgs) StdoutLine: {'line': b'-- Up-to-date: /home/stepan/ws_ros2/install/px4_msgs/include/px4_msgs/px4_msgs/msg/detail/health_report__type_support.hpp\n'}
[1.637439] (px4_msgs) StdoutLine: {'line': b'-- Up-to-date: /home/stepan/ws_ros2/install/px4_msgs/include/px4_msgs/px4_msgs/msg/detail/onboard_computer_status__traits.hpp\n'}
[1.637491] (px4_msgs) StdoutLine: {'line': b'-- Up-to-date: /home/stepan/ws_ros2/install/px4_msgs/include/px4_msgs/px4_msgs/msg/detail/estimator_event_flags__builder.hpp\n'}
[1.637547] (px4_msgs) StdoutLine: {'line': b'-- Up-to-date: /home/stepan/ws_ros2/install/px4_msgs/include/px4_msgs/px4_msgs/msg/detail/sensor_gps__struct.hpp\n'}
[1.637597] (px4_msgs) StdoutLine: {'line': b'-- Up-to-date: /home/stepan/ws_ros2/install/px4_msgs/include/px4_msgs/px4_msgs/msg/detail/follow_target__traits.hpp\n'}
[1.637648] (px4_msgs) StdoutLine: {'line': b'-- Up-to-date: /home/stepan/ws_ros2/install/px4_msgs/include/px4_msgs/px4_msgs/msg/detail/sensor_gnss_relative__traits.hpp\n'}
[1.637697] (px4_msgs) StdoutLine: {'line': b'-- Up-to-date: /home/stepan/ws_ros2/install/px4_msgs/include/px4_msgs/px4_msgs/msg/detail/gpio_out__type_support.hpp\n'}
[1.637754] (px4_msgs) StdoutLine: {'line': b'-- Up-to-date: /home/stepan/ws_ros2/install/px4_msgs/include/px4_msgs/px4_msgs/msg/detail/sensor_accel_fifo__struct.hpp\n'}
[1.637805] (px4_msgs) StdoutLine: {'line': b'-- Up-to-date: /home/stepan/ws_ros2/install/px4_msgs/include/px4_msgs/px4_msgs/msg/detail/open_drone_id_system__type_support.hpp\n'}
[1.637862] (px4_msgs) StdoutLine: {'line': b'-- Up-to-date: /home/stepan/ws_ros2/install/px4_msgs/include/px4_msgs/px4_msgs/msg/detail/gimbal_device_set_attitude__struct.hpp\n'}
[1.637918] (px4_msgs) StdoutLine: {'line': b'-- Up-to-date: /home/stepan/ws_ros2/install/px4_msgs/include/px4_msgs/px4_msgs/msg/detail/action_request__builder.hpp\n'}
[1.637973] (px4_msgs) StdoutLine: {'line': b'-- Up-to-date: /home/stepan/ws_ros2/install/px4_msgs/include/px4_msgs/px4_msgs/msg/detail/vehicle_torque_setpoint__type_support.hpp\n'}
[1.638029] (px4_msgs) StdoutLine: {'line': b'-- Up-to-date: /home/stepan/ws_ros2/install/px4_msgs/include/px4_msgs/px4_msgs/msg/detail/magnetometer_bias_estimate__traits.hpp\n'}
[1.638084] (px4_msgs) StdoutLine: {'line': b'-- Up-to-date: /home/stepan/ws_ros2/install/px4_msgs/include/px4_msgs/px4_msgs/msg/detail/uavcan_parameter_request__type_support.hpp\n'}
[1.638139] (px4_msgs) StdoutLine: {'line': b'-- Up-to-date: /home/stepan/ws_ros2/install/px4_msgs/include/px4_msgs/px4_msgs/msg/detail/actuator_motors__traits.hpp\n'}
[1.638195] (px4_msgs) StdoutLine: {'line': b'-- Up-to-date: /home/stepan/ws_ros2/install/px4_msgs/include/px4_msgs/px4_msgs/msg/detail/rtl_status__traits.hpp\n'}
[1.638250] (px4_msgs) StdoutLine: {'line': b'-- Up-to-date: /home/stepan/ws_ros2/install/px4_msgs/include/px4_msgs/px4_msgs/msg/detail/trajectory_setpoint6dof__builder.hpp\n'}
[1.638305] (px4_msgs) StdoutLine: {'line': b'-- Up-to-date: /home/stepan/ws_ros2/install/px4_msgs/include/px4_msgs/px4_msgs/msg/detail/rover_attitude_status__builder.hpp\n'}
[1.638371] (px4_msgs) StdoutLine: {'line': b'-- Up-to-date: /home/stepan/ws_ros2/install/px4_msgs/include/px4_msgs/px4_msgs/msg/detail/gpio_config__traits.hpp\n'}
[1.638432] (px4_msgs) StdoutLine: {'line': b'-- Up-to-date: /home/stepan/ws_ros2/install/px4_msgs/include/px4_msgs/px4_msgs/msg/detail/tiltrotor_extra_controls__traits.hpp\n'}
[1.638488] (px4_msgs) StdoutLine: {'line': b'-- Up-to-date: /home/stepan/ws_ros2/install/px4_msgs/include/px4_msgs/px4_msgs/msg/detail/mavlink_log__builder.hpp\n'}
[1.638543] (px4_msgs) StdoutLine: {'line': b'-- Up-to-date: /home/stepan/ws_ros2/install/px4_msgs/include/px4_msgs/px4_msgs/msg/detail/vehicle_control_mode__traits.hpp\n'}
[1.638597] (px4_msgs) StdoutLine: {'line': b'-- Up-to-date: /home/stepan/ws_ros2/install/px4_msgs/include/px4_msgs/px4_msgs/msg/detail/vehicle_rates_setpoint__type_support.hpp\n'}
[1.638652] (px4_msgs) StdoutLine: {'line': b'-- Up-to-date: /home/stepan/ws_ros2/install/px4_msgs/include/px4_msgs/px4_msgs/msg/detail/gpio_in__struct.hpp\n'}
[1.638706] (px4_msgs) StdoutLine: {'line': b'-- Up-to-date: /home/stepan/ws_ros2/install/px4_msgs/include/px4_msgs/px4_msgs/msg/detail/vehicle_constraints__builder.hpp\n'}
[1.638761] (px4_msgs) StdoutLine: {'line': b'-- Up-to-date: /home/stepan/ws_ros2/install/px4_msgs/include/px4_msgs/px4_msgs/msg/detail/estimator_bias3d__type_support.hpp\n'}
[1.638815] (px4_msgs) StdoutLine: {'line': b'-- Up-to-date: /home/stepan/ws_ros2/install/px4_msgs/include/px4_msgs/px4_msgs/msg/detail/vehicle_angular_velocity__type_support.hpp\n'}
[1.638875] (px4_msgs) StdoutLine: {'line': b'-- Up-to-date: /home/stepan/ws_ros2/install/px4_msgs/include/px4_msgs/px4_msgs/msg/detail/led_control__traits.hpp\n'}
[1.638929] (px4_msgs) StdoutLine: {'line': b'-- Up-to-date: /home/stepan/ws_ros2/install/px4_msgs/include/px4_msgs/px4_msgs/msg/detail/vehicle_attitude_setpoint__traits.hpp\n'}
[1.638986] (px4_msgs) StdoutLine: {'line': b'-- Up-to-date: /home/stepan/ws_ros2/install/px4_msgs/include/px4_msgs/px4_msgs/msg/detail/sensor_combined__type_support.hpp\n'}
[1.639081] (px4_msgs) StdoutLine: {'line': b'-- Up-to-date: /home/stepan/ws_ros2/install/px4_msgs/include/px4_msgs/px4_msgs/msg/detail/gimbal_device_set_attitude__builder.hpp\n'}
[1.639134] (px4_msgs) StdoutLine: {'line': b'-- Up-to-date: /home/stepan/ws_ros2/install/px4_msgs/include/px4_msgs/px4_msgs/msg/detail/geofence_result__type_support.hpp\n'}
[1.639186] (px4_msgs) StdoutLine: {'line': b'-- Up-to-date: /home/stepan/ws_ros2/install/px4_msgs/include/px4_msgs/px4_msgs/msg/detail/airspeed_wind__traits.hpp\n'}
[1.639236] (px4_msgs) StdoutLine: {'line': b'-- Up-to-date: /home/stepan/ws_ros2/install/px4_msgs/include/px4_msgs/px4_msgs/msg/detail/debug_vect__type_support.hpp\n'}
[1.639287] (px4_msgs) StdoutLine: {'line': b'-- Up-to-date: /home/stepan/ws_ros2/install/px4_msgs/include/px4_msgs/px4_msgs/msg/detail/estimator_status__traits.hpp\n'}
[1.639343] (px4_msgs) StdoutLine: {'line': b'-- Up-to-date: /home/stepan/ws_ros2/install/px4_msgs/include/px4_msgs/px4_msgs/msg/detail/gimbal_device_information__struct.hpp\n'}
[1.639409] (px4_msgs) StdoutLine: {'line': b'-- Up-to-date: /home/stepan/ws_ros2/install/px4_msgs/include/px4_msgs/px4_msgs/msg/detail/cellular_status__struct.hpp\n'}
[1.639465] (px4_msgs) StdoutLine: {'line': b'-- Up-to-date: /home/stepan/ws_ros2/install/px4_msgs/include/px4_msgs/px4_msgs/msg/detail/collision_constraints__builder.hpp\n'}
[1.639516] (px4_msgs) StdoutLine: {'line': b'-- Up-to-date: /home/stepan/ws_ros2/install/px4_msgs/include/px4_msgs/px4_msgs/msg/detail/log_message__traits.hpp\n'}
[1.639567] (px4_msgs) StdoutLine: {'line': b'-- Up-to-date: /home/stepan/ws_ros2/install/px4_msgs/include/px4_msgs/px4_msgs/msg/detail/camera_capture__type_support.hpp\n'}
[1.639625] (px4_msgs) StdoutLine: {'line': b'-- Up-to-date: /home/stepan/ws_ros2/install/px4_msgs/include/px4_msgs/px4_msgs/msg/detail/takeoff_status__type_support.hpp\n'}
[1.639713] (px4_msgs) StdoutLine: {'line': b'-- Up-to-date: /home/stepan/ws_ros2/install/px4_msgs/include/px4_msgs/px4_msgs/msg/detail/camera_capture__traits.hpp\n'}
[1.639792] (px4_msgs) StdoutLine: {'line': b'-- Up-to-date: /home/stepan/ws_ros2/install/px4_msgs/include/px4_msgs/px4_msgs/msg/detail/rc_parameter_map__traits.hpp\n'}
[1.639873] (px4_msgs) StdoutLine: {'line': b'-- Up-to-date: /home/stepan/ws_ros2/install/px4_msgs/include/px4_msgs/px4_msgs/msg/detail/ping__builder.hpp\n'}
[1.639957] (px4_msgs) StdoutLine: {'line': b'-- Up-to-date: /home/stepan/ws_ros2/install/px4_msgs/include/px4_msgs/px4_msgs/msg/detail/orbit_status__builder.hpp\n'}
[1.640045] (px4_msgs) StdoutLine: {'line': b'-- Up-to-date: /home/stepan/ws_ros2/install/px4_msgs/include/px4_msgs/px4_msgs/msg/detail/npfg_status__builder.hpp\n'}
[1.640134] (px4_msgs) StdoutLine: {'line': b'-- Up-to-date: /home/stepan/ws_ros2/install/px4_msgs/include/px4_msgs/px4_msgs/msg/detail/sensor_gps__builder.hpp\n'}
[1.640219] (px4_msgs) StdoutLine: {'line': b'-- Up-to-date: /home/stepan/ws_ros2/install/px4_msgs/include/px4_msgs/px4_msgs/msg/detail/vehicle_constraints__struct.hpp\n'}
[1.640290] (px4_msgs) StdoutLine: {'line': b'-- Up-to-date: /home/stepan/ws_ros2/install/px4_msgs/include/px4_msgs/px4_msgs/msg/detail/open_drone_id_system__struct.hpp\n'}
[1.640383] (px4_msgs) StdoutLine: {'line': b'-- Up-to-date: /home/stepan/ws_ros2/install/px4_msgs/include/px4_msgs/px4_msgs/msg/detail/navigator_status__struct.hpp\n'}
[1.640498] (px4_msgs) StdoutLine: {'line': b'-- Up-to-date: /home/stepan/ws_ros2/install/px4_msgs/include/px4_msgs/px4_msgs/msg/detail/debug_value__struct.hpp\n'}
[1.640595] (px4_msgs) StdoutLine: {'line': b'-- Up-to-date: /home/stepan/ws_ros2/install/px4_msgs/include/px4_msgs/px4_msgs/msg/detail/sensor_preflight_mag__type_support.hpp\n'}
[1.640673] (px4_msgs) StdoutLine: {'line': b'-- Up-to-date: /home/stepan/ws_ros2/install/px4_msgs/include/px4_msgs/px4_msgs/msg/detail/irlock_report__builder.hpp\n'}
[1.640733] (px4_msgs) StdoutLine: {'line': b'-- Up-to-date: /home/stepan/ws_ros2/install/px4_msgs/include/px4_msgs/px4_msgs/msg/detail/gpio_request__builder.hpp\n'}
[1.640785] (px4_msgs) StdoutLine: {'line': b'-- Up-to-date: /home/stepan/ws_ros2/install/px4_msgs/include/px4_msgs/px4_msgs/msg/detail/sensor_gyro_fft__builder.hpp\n'}
[1.640835] (px4_msgs) StdoutLine: {'line': b'-- Up-to-date: /home/stepan/ws_ros2/install/px4_msgs/include/px4_msgs/px4_msgs/msg/detail/rover_steering_setpoint__struct.hpp\n'}
[1.640894] (px4_msgs) StdoutLine: {'line': b'-- Up-to-date: /home/stepan/ws_ros2/install/px4_msgs/include/px4_msgs/px4_msgs/msg/detail/radio_status__struct.hpp\n'}
[1.640950] (px4_msgs) StdoutLine: {'line': b'-- Up-to-date: /home/stepan/ws_ros2/install/px4_msgs/include/px4_msgs/px4_msgs/msg/detail/estimator_aid_source2d__traits.hpp\n'}
[1.641007] (px4_msgs) StdoutLine: {'line': b'-- Up-to-date: /home/stepan/ws_ros2/install/px4_msgs/include/px4_msgs/px4_msgs/msg/detail/sensor_gyro_fifo__struct.hpp\n'}
[1.641062] (px4_msgs) StdoutLine: {'line': b'-- Up-to-date: /home/stepan/ws_ros2/install/px4_msgs/include/px4_msgs/px4_msgs/msg/detail/gimbal_device_attitude_status__traits.hpp\n'}
[1.641118] (px4_msgs) StdoutLine: {'line': b'-- Up-to-date: /home/stepan/ws_ros2/install/px4_msgs/include/px4_msgs/px4_msgs/msg/detail/open_drone_id_arm_status__type_support.hpp\n'}
[1.641173] (px4_msgs) StdoutLine: {'line': b'-- Up-to-date: /home/stepan/ws_ros2/install/px4_msgs/include/px4_msgs/px4_msgs/msg/detail/gimbal_manager_information__type_support.hpp\n'}
[1.641229] (px4_msgs) StdoutLine: {'line': b'-- Up-to-date: /home/stepan/ws_ros2/install/px4_msgs/include/px4_msgs/px4_msgs/msg/detail/camera_status__type_support.hpp\n'}
[1.641283] (px4_msgs) StdoutLine: {'line': b'-- Up-to-date: /home/stepan/ws_ros2/install/px4_msgs/include/px4_msgs/px4_msgs/msg/detail/gpio_in__builder.hpp\n'}
[1.641339] (px4_msgs) StdoutLine: {'line': b'-- Up-to-date: /home/stepan/ws_ros2/install/px4_msgs/include/px4_msgs/px4_msgs/msg/detail/transponder_report__struct.hpp\n'}
[1.641410] (px4_msgs) StdoutLine: {'line': b'-- Up-to-date: /home/stepan/ws_ros2/install/px4_msgs/include/px4_msgs/px4_msgs/msg/detail/gps_inject_data__builder.hpp\n'}
[1.641466] (px4_msgs) StdoutLine: {'line': b'-- Up-to-date: /home/stepan/ws_ros2/install/px4_msgs/include/px4_msgs/px4_msgs/msg/detail/sensor_accel__builder.hpp\n'}
[1.641518] (px4_msgs) StdoutLine: {'line': b'-- Up-to-date: /home/stepan/ws_ros2/install/px4_msgs/include/px4_msgs/px4_msgs/msg/detail/airspeed__traits.hpp\n'}
[1.641569] (px4_msgs) StdoutLine: {'line': b'-- Up-to-date: /home/stepan/ws_ros2/install/px4_msgs/include/px4_msgs/px4_msgs/msg/detail/input_rc__struct.hpp\n'}
[1.641620] (px4_msgs) StdoutLine: {'line': b'-- Up-to-date: /home/stepan/ws_ros2/install/px4_msgs/include/px4_msgs/px4_msgs/msg/detail/orb_test_medium__type_support.hpp\n'}
[1.641671] (px4_msgs) StdoutLine: {'line': b'-- Up-to-date: /home/stepan/ws_ros2/install/px4_msgs/include/px4_msgs/px4_msgs/msg/detail/sensor_optical_flow__traits.hpp\n'}
[1.641722] (px4_msgs) StdoutLine: {'line': b'-- Up-to-date: /home/stepan/ws_ros2/install/px4_msgs/include/px4_msgs/px4_msgs/msg/detail/takeoff_status__traits.hpp\n'}
[1.641773] (px4_msgs) StdoutLine: {'line': b'-- Up-to-date: /home/stepan/ws_ros2/install/px4_msgs/include/px4_msgs/px4_msgs/msg/detail/open_drone_id_operator_id__builder.hpp\n'}
[1.641824] (px4_msgs) StdoutLine: {'line': b'-- Up-to-date: /home/stepan/ws_ros2/install/px4_msgs/include/px4_msgs/px4_msgs/msg/detail/vehicle_angular_acceleration_setpoint__traits.hpp\n'}
[1.641874] (px4_msgs) StdoutLine: {'line': b'-- Up-to-date: /home/stepan/ws_ros2/install/px4_msgs/include/px4_msgs/px4_msgs/msg/detail/distance_sensor_mode_change_request__builder.hpp\n'}
[1.641952] (px4_msgs) StdoutLine: {'line': b'-- Up-to-date: /home/stepan/ws_ros2/install/px4_msgs/include/px4_msgs/px4_msgs/msg/detail/vehicle_constraints__type_support.hpp\n'}
[1.642003] (px4_msgs) StdoutLine: {'line': b'-- Up-to-date: /home/stepan/ws_ros2/install/px4_msgs/include/px4_msgs/px4_msgs/msg/detail/camera_trigger__struct.hpp\n'}
[1.642053] (px4_msgs) StdoutLine: {'line': b'-- Up-to-date: /home/stepan/ws_ros2/install/px4_msgs/include/px4_msgs/px4_msgs/msg/detail/npfg_status__traits.hpp\n'}
[1.642104] (px4_msgs) StdoutLine: {'line': b'-- Up-to-date: /home/stepan/ws_ros2/install/px4_msgs/include/px4_msgs/px4_msgs/msg/detail/home_position__type_support.hpp\n'}
[1.642160] (px4_msgs) StdoutLine: {'line': b'-- Up-to-date: /home/stepan/ws_ros2/install/px4_msgs/include/px4_msgs/px4_msgs/msg/detail/vehicle_control_mode__builder.hpp\n'}
[1.642217] (px4_msgs) StdoutLine: {'line': b'-- Up-to-date: /home/stepan/ws_ros2/install/px4_msgs/include/px4_msgs/px4_msgs/msg/detail/launch_detection_status__traits.hpp\n'}
[1.642277] (px4_msgs) StdoutLine: {'line': b'-- Up-to-date: /home/stepan/ws_ros2/install/px4_msgs/include/px4_msgs/px4_msgs/msg/detail/onboard_computer_status__builder.hpp\n'}
[1.642332] (px4_msgs) StdoutLine: {'line': b'-- Up-to-date: /home/stepan/ws_ros2/install/px4_msgs/include/px4_msgs/px4_msgs/msg/detail/estimator_bias__type_support.hpp\n'}
[1.642403] (px4_msgs) StdoutLine: {'line': b'-- Up-to-date: /home/stepan/ws_ros2/install/px4_msgs/include/px4_msgs/px4_msgs/msg/detail/vehicle_optical_flow_vel__struct.hpp\n'}
[1.642458] (px4_msgs) StdoutLine: {'line': b'-- Up-to-date: /home/stepan/ws_ros2/install/px4_msgs/include/px4_msgs/px4_msgs/msg/detail/sensor_uwb__traits.hpp\n'}
[1.642515] (px4_msgs) StdoutLine: {'line': b'-- Up-to-date: /home/stepan/ws_ros2/install/px4_msgs/include/px4_msgs/px4_msgs/msg/detail/gimbal_manager_set_attitude__type_support.hpp\n'}
[1.642572] (px4_msgs) StdoutLine: {'line': b'-- Up-to-date: /home/stepan/ws_ros2/install/px4_msgs/include/px4_msgs/px4_msgs/msg/detail/open_drone_id_arm_status__traits.hpp\n'}
[1.642628] (px4_msgs) StdoutLine: {'line': b'-- Up-to-date: /home/stepan/ws_ros2/install/px4_msgs/include/px4_msgs/px4_msgs/msg/detail/sensor_baro__type_support.hpp\n'}
[1.642684] (px4_msgs) StdoutLine: {'line': b'-- Up-to-date: /home/stepan/ws_ros2/install/px4_msgs/include/px4_msgs/px4_msgs/msg/detail/timesync_status__traits.hpp\n'}
[1.642740] (px4_msgs) StdoutLine: {'line': b'-- Up-to-date: /home/stepan/ws_ros2/install/px4_msgs/include/px4_msgs/px4_msgs/msg/detail/estimator_gps_status__type_support.hpp\n'}
[1.642796] (px4_msgs) StdoutLine: {'line': b'-- Up-to-date: /home/stepan/ws_ros2/install/px4_msgs/include/px4_msgs/px4_msgs/msg/detail/figure_eight_status__type_support.hpp\n'}
[1.642851] (px4_msgs) StdoutLine: {'line': b'-- Up-to-date: /home/stepan/ws_ros2/install/px4_msgs/include/px4_msgs/px4_msgs/msg/detail/battery_status__type_support.hpp\n'}
[1.642906] (px4_msgs) StdoutLine: {'line': b'-- Up-to-date: /home/stepan/ws_ros2/install/px4_msgs/include/px4_msgs/px4_msgs/msg/detail/gimbal_device_set_attitude__traits.hpp\n'}
[1.642961] (px4_msgs) StdoutLine: {'line': b'-- Up-to-date: /home/stepan/ws_ros2/install/px4_msgs/include/px4_msgs/px4_msgs/msg/detail/onboard_computer_status__type_support.hpp\n'}
[1.643016] (px4_msgs) StdoutLine: {'line': b'-- Up-to-date: /home/stepan/ws_ros2/install/px4_msgs/include/px4_msgs/px4_msgs/msg/detail/actuator_outputs__type_support.hpp\n'}
[1.643071] (px4_msgs) StdoutLine: {'line': b'-- Up-to-date: /home/stepan/ws_ros2/install/px4_msgs/include/px4_msgs/px4_msgs/msg/detail/vehicle_imu_status__struct.hpp\n'}
[1.643126] (px4_msgs) StdoutLine: {'line': b'-- Up-to-date: /home/stepan/ws_ros2/install/px4_msgs/include/px4_msgs/px4_msgs/msg/detail/launch_detection_status__type_support.hpp\n'}
[1.643181] (px4_msgs) StdoutLine: {'line': b'-- Up-to-date: /home/stepan/ws_ros2/install/px4_msgs/include/px4_msgs/px4_msgs/msg/detail/landing_target_pose__builder.hpp\n'}
[1.643235] (px4_msgs) StdoutLine: {'line': b'-- Up-to-date: /home/stepan/ws_ros2/install/px4_msgs/include/px4_msgs/px4_msgs/msg/detail/qshell_retval__struct.hpp\n'}
[1.643295] (px4_msgs) StdoutLine: {'line': b'-- Up-to-date: /home/stepan/ws_ros2/install/px4_msgs/include/px4_msgs/px4_msgs/msg/detail/cellular_status__traits.hpp\n'}
[1.643349] (px4_msgs) StdoutLine: {'line': b'-- Up-to-date: /home/stepan/ws_ros2/install/px4_msgs/include/px4_msgs/px4_msgs/msg/detail/debug_key_value__traits.hpp\n'}
[1.643414] (px4_msgs) StdoutLine: {'line': b'-- Up-to-date: /home/stepan/ws_ros2/install/px4_msgs/include/px4_msgs/px4_msgs/msg/detail/open_drone_id_self_id__builder.hpp\n'}
[1.643468] (px4_msgs) StdoutLine: {'line': b'-- Up-to-date: /home/stepan/ws_ros2/install/px4_msgs/include/px4_msgs/px4_msgs/msg/detail/qshell_req__type_support.hpp\n'}
[1.643523] (px4_msgs) StdoutLine: {'line': b'-- Up-to-date: /home/stepan/ws_ros2/install/px4_msgs/include/px4_msgs/px4_msgs/msg/detail/geofence_status__type_support.hpp\n'}
[1.643578] (px4_msgs) StdoutLine: {'line': b'-- Up-to-date: /home/stepan/ws_ros2/install/px4_msgs/include/px4_msgs/px4_msgs/msg/detail/rover_steering_setpoint__traits.hpp\n'}
[1.643632] (px4_msgs) StdoutLine: {'line': b'-- Up-to-date: /home/stepan/ws_ros2/install/px4_msgs/include/px4_msgs/px4_msgs/msg/detail/rover_attitude_status__struct.hpp\n'}
[1.643687] (px4_msgs) StdoutLine: {'line': b'-- Up-to-date: /home/stepan/ws_ros2/install/px4_msgs/include/px4_msgs/px4_msgs/msg/detail/gimbal_device_attitude_status__struct.hpp\n'}
[1.643744] (px4_msgs) StdoutLine: {'line': b'-- Up-to-date: /home/stepan/ws_ros2/install/px4_msgs/include/px4_msgs/px4_msgs/msg/detail/qshell_retval__type_support.hpp\n'}
[1.643813] (px4_msgs) StdoutLine: {'line': b'-- Up-to-date: /home/stepan/ws_ros2/install/px4_msgs/include/px4_msgs/px4_msgs/msg/detail/pps_capture__builder.hpp\n'}
[1.643895] (px4_msgs) StdoutLine: {'line': b'-- Up-to-date: /home/stepan/ws_ros2/install/px4_msgs/include/px4_msgs/px4_msgs/msg/detail/camera_status__builder.hpp\n'}
[1.643956] (px4_msgs) StdoutLine: {'line': b'-- Up-to-date: /home/stepan/ws_ros2/install/px4_msgs/include/px4_msgs/px4_msgs/msg/detail/vehicle_attitude_setpoint__builder.hpp\n'}
[1.644008] (px4_msgs) StdoutLine: {'line': b'-- Up-to-date: /home/stepan/ws_ros2/install/px4_msgs/include/px4_msgs/px4_msgs/msg/detail/power_button_state__type_support.hpp\n'}
[1.644065] (px4_msgs) StdoutLine: {'line': b'-- Up-to-date: /home/stepan/ws_ros2/install/px4_msgs/include/px4_msgs/px4_msgs/msg/detail/failsafe_flags__struct.hpp\n'}
[1.644118] (px4_msgs) StdoutLine: {'line': b'-- Up-to-date: /home/stepan/ws_ros2/install/px4_msgs/include/px4_msgs/px4_msgs/msg/detail/dataman_request__traits.hpp\n'}
[1.644189] (px4_msgs) StdoutLine: {'line': b'-- Up-to-date: /home/stepan/ws_ros2/install/px4_msgs/include/px4_msgs/px4_msgs/msg/detail/uavcan_parameter_value__type_support.hpp\n'}
[1.644271] (px4_msgs) StdoutLine: {'line': b'-- Up-to-date: /home/stepan/ws_ros2/install/px4_msgs/include/px4_msgs/px4_msgs/msg/detail/debug_vect__builder.hpp\n'}
[1.644372] (px4_msgs) StdoutLine: {'line': b'-- Up-to-date: /home/stepan/ws_ros2/install/px4_msgs/include/px4_msgs/px4_msgs/msg/detail/vehicle_optical_flow__traits.hpp\n'}
[1.644477] (px4_msgs) StdoutLine: {'line': b'-- Up-to-date: /home/stepan/ws_ros2/install/px4_msgs/include/px4_msgs/px4_msgs/msg/detail/goto_setpoint__type_support.hpp\n'}
[1.644559] (px4_msgs) StdoutLine: {'line': b'-- Up-to-date: /home/stepan/ws_ros2/install/px4_msgs/include/px4_msgs/px4_msgs/msg/detail/rover_rate_setpoint__struct.hpp\n'}
[1.644611] (px4_msgs) StdoutLine: {'line': b'-- Up-to-date: /home/stepan/ws_ros2/install/px4_msgs/include/px4_msgs/px4_msgs/msg/detail/orbit_status__traits.hpp\n'}
[1.644662] (px4_msgs) StdoutLine: {'line': b'-- Up-to-date: /home/stepan/ws_ros2/install/px4_msgs/include/px4_msgs/px4_msgs/msg/detail/open_drone_id_self_id__struct.hpp\n'}
[1.644712] (px4_msgs) StdoutLine: {'line': b'-- Up-to-date: /home/stepan/ws_ros2/install/px4_msgs/include/px4_msgs/px4_msgs/msg/detail/sensor_gyro_fifo__type_support.hpp\n'}
[1.644770] (px4_msgs) StdoutLine: {'line': b'-- Up-to-date: /home/stepan/ws_ros2/install/px4_msgs/include/px4_msgs/px4_msgs/msg/detail/rover_position_setpoint__type_support.hpp\n'}
[1.644840] (px4_msgs) StdoutLine: {'line': b'-- Up-to-date: /home/stepan/ws_ros2/install/px4_msgs/include/px4_msgs/px4_msgs/msg/detail/gimbal_manager_set_manual_control__builder.hpp\n'}
[1.644900] (px4_msgs) StdoutLine: {'line': b'-- Up-to-date: /home/stepan/ws_ros2/install/px4_msgs/include/px4_msgs/px4_msgs/msg/detail/vehicle_thrust_setpoint__type_support.hpp\n'}
[1.644961] (px4_msgs) StdoutLine: {'line': b'-- Up-to-date: /home/stepan/ws_ros2/install/px4_msgs/include/px4_msgs/px4_msgs/msg/detail/actuator_armed__struct.hpp\n'}
[1.645021] (px4_msgs) StdoutLine: {'line': b'-- Up-to-date: /home/stepan/ws_ros2/install/px4_msgs/include/px4_msgs/px4_msgs/msg/detail/sensors_status__type_support.hpp\n'}
[1.645080] (px4_msgs) StdoutLine: {'line': b'-- Up-to-date: /home/stepan/ws_ros2/install/px4_msgs/include/px4_msgs/px4_msgs/msg/detail/power_button_state__struct.hpp\n'}
[1.645140] (px4_msgs) StdoutLine: {'line': b'-- Up-to-date: /home/stepan/ws_ros2/install/px4_msgs/include/px4_msgs/px4_msgs/msg/detail/figure_eight_status__traits.hpp\n'}
[1.645199] (px4_msgs) StdoutLine: {'line': b'-- Up-to-date: /home/stepan/ws_ros2/install/px4_msgs/include/px4_msgs/px4_msgs/msg/detail/orb_test__traits.hpp\n'}
[1.645259] (px4_msgs) StdoutLine: {'line': b'-- Up-to-date: /home/stepan/ws_ros2/install/px4_msgs/include/px4_msgs/px4_msgs/msg/detail/system_power__traits.hpp\n'}
[1.645318] (px4_msgs) StdoutLine: {'line': b'-- Up-to-date: /home/stepan/ws_ros2/install/px4_msgs/include/px4_msgs/px4_msgs/msg/detail/register_ext_component_reply__traits.hpp\n'}
[1.645390] (px4_msgs) StdoutLine: {'line': b'-- Up-to-date: /home/stepan/ws_ros2/install/px4_msgs/include/px4_msgs/px4_msgs/msg/detail/sensor_mag__traits.hpp\n'}
[1.645489] (px4_msgs) StdoutLine: {'line': b'-- Up-to-date: /home/stepan/ws_ros2/install/px4_msgs/include/px4_msgs/px4_msgs/msg/detail/sensor_hygrometer__builder.hpp\n'}
[1.645542] (px4_msgs) StdoutLine: {'line': b'-- Up-to-date: /home/stepan/ws_ros2/install/px4_msgs/include/px4_msgs/px4_msgs/msg/detail/sensor_gyro__builder.hpp\n'}
[1.645593] (px4_msgs) StdoutLine: {'line': b'-- Up-to-date: /home/stepan/ws_ros2/install/px4_msgs/include/px4_msgs/px4_msgs/msg/detail/position_controller_landing_status__struct.hpp\n'}
[1.645649] (px4_msgs) StdoutLine: {'line': b'-- Up-to-date: /home/stepan/ws_ros2/install/px4_msgs/include/px4_msgs/px4_msgs/msg/detail/rover_attitude_setpoint__type_support.hpp\n'}
[1.645705] (px4_msgs) StdoutLine: {'line': b'-- Up-to-date: /home/stepan/ws_ros2/install/px4_msgs/include/px4_msgs/px4_msgs/msg/detail/vehicle_command_ack__builder.hpp\n'}
[1.645761] (px4_msgs) StdoutLine: {'line': b'-- Up-to-date: /home/stepan/ws_ros2/install/px4_msgs/include/px4_msgs/px4_msgs/msg/detail/obstacle_distance__traits.hpp\n'}
[1.645820] (px4_msgs) StdoutLine: {'line': b'-- Up-to-date: /home/stepan/ws_ros2/install/px4_msgs/include/px4_msgs/px4_msgs/msg/detail/iridiumsbd_status__type_support.hpp\n'}
[1.645879] (px4_msgs) StdoutLine: {'line': b'-- Up-to-date: /home/stepan/ws_ros2/install/px4_msgs/include/px4_msgs/px4_msgs/msg/detail/flight_phase_estimation__builder.hpp\n'}
[1.645962] (px4_msgs) StdoutLine: {'line': b'-- Up-to-date: /home/stepan/ws_ros2/install/px4_msgs/include/px4_msgs/px4_msgs/msg/detail/estimator_status__type_support.hpp\n'}
[1.646015] (px4_msgs) StdoutLine: {'line': b'-- Up-to-date: /home/stepan/ws_ros2/install/px4_msgs/include/px4_msgs/px4_msgs/msg/detail/px4io_status__builder.hpp\n'}
[1.646069] (px4_msgs) StdoutLine: {'line': b'-- Up-to-date: /home/stepan/ws_ros2/install/px4_msgs/include/px4_msgs/px4_msgs/msg/detail/arming_check_reply__type_support.hpp\n'}
[1.646121] (px4_msgs) StdoutLine: {'line': b'-- Up-to-date: /home/stepan/ws_ros2/install/px4_msgs/include/px4_msgs/px4_msgs/msg/detail/open_drone_id_operator_id__traits.hpp\n'}
[1.646177] (px4_msgs) StdoutLine: {'line': b'-- Up-to-date: /home/stepan/ws_ros2/install/px4_msgs/include/px4_msgs/px4_msgs/msg/detail/actuator_outputs__builder.hpp\n'}
[1.646232] (px4_msgs) StdoutLine: {'line': b'-- Up-to-date: /home/stepan/ws_ros2/install/px4_msgs/include/px4_msgs/px4_msgs/msg/detail/vehicle_attitude__type_support.hpp\n'}
[1.646291] (px4_msgs) StdoutLine: {'line': b'-- Up-to-date: /home/stepan/ws_ros2/install/px4_msgs/include/px4_msgs/px4_msgs/msg/detail/orb_test__builder.hpp\n'}
[1.646350] (px4_msgs) StdoutLine: {'line': b'-- Up-to-date: /home/stepan/ws_ros2/install/px4_msgs/include/px4_msgs/px4_msgs/msg/detail/tune_control__struct.hpp\n'}
[1.646439] (px4_msgs) StdoutLine: {'line': b'-- Up-to-date: /home/stepan/ws_ros2/install/px4_msgs/include/px4_msgs/px4_msgs/msg/detail/esc_status__type_support.hpp\n'}
[1.646494] (px4_msgs) StdoutLine: {'line': b'-- Up-to-date: /home/stepan/ws_ros2/install/px4_msgs/include/px4_msgs/px4_msgs/msg/detail/arming_check_request__struct.hpp\n'}
[1.646545] (px4_msgs) StdoutLine: {'line': b'-- Up-to-date: /home/stepan/ws_ros2/install/px4_msgs/include/px4_msgs/px4_msgs/msg/detail/led_control__struct.hpp\n'}
[1.646597] (px4_msgs) StdoutLine: {'line': b'-- Up-to-date: /home/stepan/ws_ros2/install/px4_msgs/include/px4_msgs/px4_msgs/msg/detail/vehicle_status__builder.hpp\n'}
[1.646647] (px4_msgs) StdoutLine: {'line': b'-- Up-to-date: /home/stepan/ws_ros2/install/px4_msgs/include/px4_msgs/px4_msgs/msg/detail/manual_control_setpoint__struct.hpp\n'}
[1.646703] (px4_msgs) StdoutLine: {'line': b'-- Up-to-date: /home/stepan/ws_ros2/install/px4_msgs/include/px4_msgs/px4_msgs/msg/detail/estimator_sensor_bias__struct.hpp\n'}
[1.646756] (px4_msgs) StdoutLine: {'line': b'-- Up-to-date: /home/stepan/ws_ros2/install/px4_msgs/include/px4_msgs/px4_msgs/msg/detail/sensor_mag__struct.hpp\n'}
[1.646812] (px4_msgs) StdoutLine: {'line': b'-- Up-to-date: /home/stepan/ws_ros2/install/px4_msgs/include/px4_msgs/px4_msgs/msg/detail/vehicle_optical_flow__struct.hpp\n'}
[1.646868] (px4_msgs) StdoutLine: {'line': b'-- Up-to-date: /home/stepan/ws_ros2/install/px4_msgs/include/px4_msgs/px4_msgs/msg/detail/power_button_state__traits.hpp\n'}
[1.646927] (px4_msgs) StdoutLine: {'line': b'-- Up-to-date: /home/stepan/ws_ros2/install/px4_msgs/include/px4_msgs/px4_msgs/msg/detail/vehicle_command_ack__traits.hpp\n'}
[1.646985] (px4_msgs) StdoutLine: {'line': b'-- Up-to-date: /home/stepan/ws_ros2/install/px4_msgs/include/px4_msgs/px4_msgs/msg/detail/px4io_status__struct.hpp\n'}
[1.647044] (px4_msgs) StdoutLine: {'line': b'-- Up-to-date: /home/stepan/ws_ros2/install/px4_msgs/include/px4_msgs/px4_msgs/msg/detail/vehicle_command__struct.hpp\n'}
[1.647102] (px4_msgs) StdoutLine: {'line': b'-- Up-to-date: /home/stepan/ws_ros2/install/px4_msgs/include/px4_msgs/px4_msgs/msg/detail/gimbal_device_set_attitude__type_support.hpp\n'}
[1.647160] (px4_msgs) StdoutLine: {'line': b'-- Up-to-date: /home/stepan/ws_ros2/install/px4_msgs/include/px4_msgs/px4_msgs/msg/detail/sensor_baro__builder.hpp\n'}
[1.647217] (px4_msgs) StdoutLine: {'line': b'-- Up-to-date: /home/stepan/ws_ros2/install/px4_msgs/include/px4_msgs/px4_msgs/msg/detail/navigator_status__builder.hpp\n'}
[1.647275] (px4_msgs) StdoutLine: {'line': b'-- Up-to-date: /home/stepan/ws_ros2/install/px4_msgs/include/px4_msgs/px4_msgs/msg/detail/tiltrotor_extra_controls__builder.hpp\n'}
[1.647333] (px4_msgs) StdoutLine: {'line': b'-- Up-to-date: /home/stepan/ws_ros2/install/px4_msgs/include/px4_msgs/px4_msgs/msg/detail/ulog_stream_ack__type_support.hpp\n'}
[1.647427] (px4_msgs) StdoutLine: {'line': b'-- Up-to-date: /home/stepan/ws_ros2/install/px4_msgs/include/px4_msgs/px4_msgs/msg/detail/ackermann_velocity_setpoint__builder.hpp\n'}
[1.647483] (px4_msgs) StdoutLine: {'line': b'-- Up-to-date: /home/stepan/ws_ros2/install/px4_msgs/include/px4_msgs/px4_msgs/msg/detail/gimbal_device_information__builder.hpp\n'}
[1.647534] (px4_msgs) StdoutLine: {'line': b'-- Up-to-date: /home/stepan/ws_ros2/install/px4_msgs/include/px4_msgs/px4_msgs/msg/detail/estimator_selector_status__traits.hpp\n'}
[1.647586] (px4_msgs) StdoutLine: {'line': b'-- Up-to-date: /home/stepan/ws_ros2/install/px4_msgs/include/px4_msgs/px4_msgs/msg/detail/led_control__builder.hpp\n'}
[1.647636] (px4_msgs) StdoutLine: {'line': b'-- Up-to-date: /home/stepan/ws_ros2/install/px4_msgs/include/px4_msgs/px4_msgs/msg/detail/collision_constraints__traits.hpp\n'}
[1.647709] (px4_msgs) StdoutLine: {'line': b'-- Up-to-date: /home/stepan/ws_ros2/install/px4_msgs/include/px4_msgs/px4_msgs/msg/detail/orb_test_medium__traits.hpp\n'}
[1.647762] (px4_msgs) StdoutLine: {'line': b'-- Up-to-date: /home/stepan/ws_ros2/install/px4_msgs/include/px4_msgs/px4_msgs/msg/detail/system_power__struct.hpp\n'}
[1.647819] (px4_msgs) StdoutLine: {'line': b'-- Up-to-date: /home/stepan/ws_ros2/install/px4_msgs/include/px4_msgs/px4_msgs/msg/detail/gpio_request__traits.hpp\n'}
[1.647916] (px4_msgs) StdoutLine: {'line': b'-- Up-to-date: /home/stepan/ws_ros2/install/px4_msgs/include/px4_msgs/px4_msgs/msg/detail/rover_throttle_setpoint__type_support.hpp\n'}
[1.647986] (px4_msgs) StdoutLine: {'line': b'-- Up-to-date: /home/stepan/ws_ros2/install/px4_msgs/include/px4_msgs/px4_msgs/msg/detail/follow_target__builder.hpp\n'}
[1.648040] (px4_msgs) StdoutLine: {'line': b'-- Up-to-date: /home/stepan/ws_ros2/install/px4_msgs/include/px4_msgs/px4_msgs/msg/detail/failsafe_flags__traits.hpp\n'}
[1.648092] (px4_msgs) StdoutLine: {'line': b'-- Up-to-date: /home/stepan/ws_ros2/install/px4_msgs/include/px4_msgs/px4_msgs/msg/detail/mode_completed__struct.hpp\n'}
[1.648145] (px4_msgs) StdoutLine: {'line': b'-- Up-to-date: /home/stepan/ws_ros2/install/px4_msgs/include/px4_msgs/px4_msgs/msg/detail/vehicle_thrust_setpoint__builder.hpp\n'}
[1.648226] (px4_msgs) StdoutLine: {'line': b'-- Up-to-date: /home/stepan/ws_ros2/install/px4_msgs/include/px4_msgs/px4_msgs/msg/detail/hover_thrust_estimate__traits.hpp\n'}
[1.648336] (px4_msgs) StdoutLine: {'line': b'-- Up-to-date: /home/stepan/ws_ros2/install/px4_msgs/include/px4_msgs/px4_msgs/msg/detail/vehicle_odometry__struct.hpp\n'}
[1.648477] (px4_msgs) StdoutLine: {'line': b'-- Up-to-date: /home/stepan/ws_ros2/install/px4_msgs/include/px4_msgs/px4_msgs/msg/detail/navigator_mission_item__traits.hpp\n'}
[1.648583] (px4_msgs) StdoutLine: {'line': b'-- Up-to-date: /home/stepan/ws_ros2/install/px4_msgs/include/px4_msgs/px4_msgs/msg/detail/config_overrides__builder.hpp\n'}
[1.648675] (px4_msgs) StdoutLine: {'line': b'-- Up-to-date: /home/stepan/ws_ros2/install/px4_msgs/include/px4_msgs/px4_msgs/msg/detail/obstacle_distance__builder.hpp\n'}
[1.648772] (px4_msgs) StdoutLine: {'line': b'-- Up-to-date: /home/stepan/ws_ros2/install/px4_msgs/include/px4_msgs/px4_msgs/msg/detail/dataman_response__struct.hpp\n'}
[1.648861] (px4_msgs) StdoutLine: {'line': b'-- Up-to-date: /home/stepan/ws_ros2/install/px4_msgs/include/px4_msgs/px4_msgs/msg/detail/goto_setpoint__struct.hpp\n'}
[1.649027] (px4_msgs) StdoutLine: {'line': b'-- Up-to-date: /home/stepan/ws_ros2/install/px4_msgs/include/px4_msgs/px4_msgs/msg/detail/onboard_computer_status__struct.hpp\n'}
[1.649115] (px4_msgs) StdoutLine: {'line': b'-- Up-to-date: /home/stepan/ws_ros2/install/px4_msgs/include/px4_msgs/px4_msgs/msg/detail/vehicle_torque_setpoint__struct.hpp\n'}
[1.649186] (px4_msgs) StdoutLine: {'line': b'-- Up-to-date: /home/stepan/ws_ros2/install/px4_msgs/include/px4_msgs/px4_msgs/msg/detail/rc_parameter_map__type_support.hpp\n'}
[1.649238] (px4_msgs) StdoutLine: {'line': b'-- Up-to-date: /home/stepan/ws_ros2/install/px4_msgs/include/px4_msgs/px4_msgs/msg/detail/estimator_sensor_bias__builder.hpp\n'}
[1.649315] (px4_msgs) StdoutLine: {'line': b'-- Up-to-date: /home/stepan/ws_ros2/install/px4_msgs/include/px4_msgs/px4_msgs/msg/detail/sensor_airflow__builder.hpp\n'}
[1.649449] (px4_msgs) StdoutLine: {'line': b'-- Up-to-date: /home/stepan/ws_ros2/install/px4_msgs/include/px4_msgs/px4_msgs/msg/detail/airspeed_validated__type_support.hpp\n'}
[1.649540] (px4_msgs) StdoutLine: {'line': b'-- Up-to-date: /home/stepan/ws_ros2/install/px4_msgs/include/px4_msgs/px4_msgs/msg/detail/mavlink_tunnel__traits.hpp\n'}
[1.649628] (px4_msgs) StdoutLine: {'line': b'-- Up-to-date: /home/stepan/ws_ros2/install/px4_msgs/include/px4_msgs/px4_msgs/msg/detail/arming_check_request__builder.hpp\n'}
[1.649712] (px4_msgs) StdoutLine: {'line': b'-- Up-to-date: /home/stepan/ws_ros2/install/px4_msgs/include/px4_msgs/px4_msgs/msg/detail/actuator_armed__builder.hpp\n'}
[1.649806] (px4_msgs) StdoutLine: {'line': b'-- Up-to-date: /home/stepan/ws_ros2/install/px4_msgs/include/px4_msgs/px4_msgs/msg/detail/sensor_combined__builder.hpp\n'}
[1.649912] (px4_msgs) StdoutLine: {'line': b'-- Up-to-date: /home/stepan/ws_ros2/install/px4_msgs/include/px4_msgs/px4_msgs/msg/detail/rtl_status__builder.hpp\n'}
[1.650006] (px4_msgs) StdoutLine: {'line': b'-- Up-to-date: /home/stepan/ws_ros2/install/px4_msgs/include/px4_msgs/px4_msgs/msg/detail/unregister_ext_component__traits.hpp\n'}
[1.650095] (px4_msgs) StdoutLine: {'line': b'-- Up-to-date: /home/stepan/ws_ros2/install/px4_msgs/include/px4_msgs/px4_msgs/msg/detail/estimator_aid_source1d__type_support.hpp\n'}
[1.650193] (px4_msgs) StdoutLine: {'line': b'-- Up-to-date: /home/stepan/ws_ros2/install/px4_msgs/include/px4_msgs/px4_msgs/msg/detail/sensor_gyro__struct.hpp\n'}
[1.650297] (px4_msgs) StdoutLine: {'line': b'-- Up-to-date: /home/stepan/ws_ros2/install/px4_msgs/include/px4_msgs/px4_msgs/msg/detail/gpio_request__type_support.hpp\n'}
[1.650428] (px4_msgs) StdoutLine: {'line': b'-- Up-to-date: /home/stepan/ws_ros2/install/px4_msgs/include/px4_msgs/px4_msgs/msg/detail/distance_sensor_mode_change_request__struct.hpp\n'}
[1.650531] (px4_msgs) StdoutLine: {'line': b'-- Up-to-date: /home/stepan/ws_ros2/install/px4_msgs/include/px4_msgs/px4_msgs/msg/detail/dataman_response__builder.hpp\n'}
[1.650651] (px4_msgs) StdoutLine: {'line': b'-- Up-to-date: /home/stepan/ws_ros2/install/px4_msgs/include/px4_msgs/px4_msgs/msg/detail/vehicle_odometry__traits.hpp\n'}
[1.650737] (px4_msgs) StdoutLine: {'line': b'-- Up-to-date: /home/stepan/ws_ros2/install/px4_msgs/include/px4_msgs/px4_msgs/msg/detail/sensor_accel__traits.hpp\n'}
[1.650822] (px4_msgs) StdoutLine: {'line': b'-- Up-to-date: /home/stepan/ws_ros2/install/px4_msgs/include/px4_msgs/px4_msgs/msg/detail/vehicle_acceleration__type_support.hpp\n'}
[1.650920] (px4_msgs) StdoutLine: {'line': b'-- Up-to-date: /home/stepan/ws_ros2/install/px4_msgs/include/px4_msgs/px4_msgs/msg/detail/vehicle_imu__struct.hpp\n'}
[1.651005] (px4_msgs) StdoutLine: {'line': b'-- Up-to-date: /home/stepan/ws_ros2/install/px4_msgs/include/px4_msgs/px4_msgs/msg/detail/estimator_innovations__struct.hpp\n'}
[1.651074] (px4_msgs) StdoutLine: {'line': b'-- Up-to-date: /home/stepan/ws_ros2/install/px4_msgs/include/px4_msgs/px4_msgs/msg/detail/manual_control_setpoint__builder.hpp\n'}
[1.651164] (px4_msgs) StdoutLine: {'line': b'-- Up-to-date: /home/stepan/ws_ros2/install/px4_msgs/include/px4_msgs/px4_msgs/msg/detail/goto_setpoint__traits.hpp\n'}
[1.651254] (px4_msgs) StdoutLine: {'line': b'-- Up-to-date: /home/stepan/ws_ros2/install/px4_msgs/include/px4_msgs/px4_msgs/msg/detail/flight_phase_estimation__type_support.hpp\n'}
[1.651343] (px4_msgs) StdoutLine: {'line': b'-- Up-to-date: /home/stepan/ws_ros2/install/px4_msgs/include/px4_msgs/px4_msgs/msg/detail/vehicle_control_mode__type_support.hpp\n'}
[1.651470] (px4_msgs) StdoutLine: {'line': b'-- Up-to-date: /home/stepan/ws_ros2/install/px4_msgs/include/px4_msgs/px4_msgs/msg/detail/cpuload__struct.hpp\n'}
[1.651559] (px4_msgs) StdoutLine: {'line': b'-- Up-to-date: /home/stepan/ws_ros2/install/px4_msgs/include/px4_msgs/px4_msgs/msg/detail/internal_combustion_engine_status__type_support.hpp\n'}
[1.651656] (px4_msgs) StdoutLine: {'line': b'-- Up-to-date: /home/stepan/ws_ros2/install/px4_msgs/include/px4_msgs/px4_msgs/msg/detail/rc_channels__traits.hpp\n'}
[1.651766] (px4_msgs) StdoutLine: {'line': b'-- Up-to-date: /home/stepan/ws_ros2/install/px4_msgs/include/px4_msgs/px4_msgs/msg/detail/rover_rate_status__type_support.hpp\n'}
[1.651853] (px4_msgs) StdoutLine: {'line': b'-- Up-to-date: /home/stepan/ws_ros2/install/px4_msgs/include/px4_msgs/px4_msgs/msg/detail/actuator_armed__type_support.hpp\n'}
[1.651939] (px4_msgs) StdoutLine: {'line': b'-- Up-to-date: /home/stepan/ws_ros2/install/px4_msgs/include/px4_msgs/px4_msgs/msg/detail/launch_detection_status__builder.hpp\n'}
[1.652042] (px4_msgs) StdoutLine: {'line': b'-- Up-to-date: /home/stepan/ws_ros2/install/px4_msgs/include/px4_msgs/px4_msgs/msg/detail/pps_capture__traits.hpp\n'}
[1.652168] (px4_msgs) StdoutLine: {'line': b'-- Up-to-date: /home/stepan/ws_ros2/install/px4_msgs/include/px4_msgs/px4_msgs/msg/detail/rc_channels__builder.hpp\n'}
[1.652266] (px4_msgs) StdoutLine: {'line': b'-- Up-to-date: /home/stepan/ws_ros2/install/px4_msgs/include/px4_msgs/px4_msgs/msg/detail/event__type_support.hpp\n'}
[1.652358] (px4_msgs) StdoutLine: {'line': b'-- Up-to-date: /home/stepan/ws_ros2/install/px4_msgs/include/px4_msgs/px4_msgs/msg/detail/sensor_optical_flow__struct.hpp\n'}
[1.652495] (px4_msgs) StdoutLine: {'line': b'-- Up-to-date: /home/stepan/ws_ros2/install/px4_msgs/include/px4_msgs/px4_msgs/msg/detail/landing_target_innovations__builder.hpp\n'}
[1.652594] (px4_msgs) StdoutLine: {'line': b'-- Up-to-date: /home/stepan/ws_ros2/install/px4_msgs/include/px4_msgs/px4_msgs/msg/detail/px4io_status__traits.hpp\n'}
[1.652682] (px4_msgs) StdoutLine: {'line': b'-- Up-to-date: /home/stepan/ws_ros2/install/px4_msgs/include/px4_msgs/px4_msgs/msg/detail/landing_gear__struct.hpp\n'}
[1.652778] (px4_msgs) StdoutLine: {'line': b'-- Up-to-date: /home/stepan/ws_ros2/install/px4_msgs/include/px4_msgs/px4_msgs/msg/detail/debug_key_value__type_support.hpp\n'}
[1.652869] (px4_msgs) StdoutLine: {'line': b'-- Up-to-date: /home/stepan/ws_ros2/install/px4_msgs/include/px4_msgs/px4_msgs/msg/detail/velocity_limits__traits.hpp\n'}
[1.652961] (px4_msgs) StdoutLine: {'line': b'-- Up-to-date: /home/stepan/ws_ros2/install/px4_msgs/include/px4_msgs/px4_msgs/msg/detail/pwm_input__struct.hpp\n'}
[1.653053] (px4_msgs) StdoutLine: {'line': b'-- Up-to-date: /home/stepan/ws_ros2/install/px4_msgs/include/px4_msgs/px4_msgs/msg/detail/rover_steering_setpoint__type_support.hpp\n'}
[1.653143] (px4_msgs) StdoutLine: {'line': b'-- Up-to-date: /home/stepan/ws_ros2/install/px4_msgs/include/px4_msgs/px4_msgs/msg/detail/velocity_limits__struct.hpp\n'}
[1.653233] (px4_msgs) StdoutLine: {'line': b'-- Up-to-date: /home/stepan/ws_ros2/install/px4_msgs/include/px4_msgs/px4_msgs/msg/detail/parameter_reset_request__traits.hpp\n'}
[1.653386] (px4_msgs) StdoutLine: {'line': b'-- Up-to-date: /home/stepan/ws_ros2/install/px4_msgs/include/px4_msgs/px4_msgs/msg/detail/figure_eight_status__struct.hpp\n'}
[1.653500] (px4_msgs) StdoutLine: {'line': b'-- Up-to-date: /home/stepan/ws_ros2/install/px4_msgs/include/px4_msgs/px4_msgs/msg/detail/vtol_vehicle_status__struct.hpp\n'}
[1.653600] (px4_msgs) StdoutLine: {'line': b'-- Up-to-date: /home/stepan/ws_ros2/install/px4_msgs/include/px4_msgs/px4_msgs/msg/detail/vehicle_land_detected__type_support.hpp\n'}
[1.653692] (px4_msgs) StdoutLine: {'line': b'-- Up-to-date: /home/stepan/ws_ros2/install/px4_msgs/include/px4_msgs/px4_msgs/msg/detail/vehicle_control_mode__struct.hpp\n'}
[1.653790] (px4_msgs) StdoutLine: {'line': b'-- Up-to-date: /home/stepan/ws_ros2/install/px4_msgs/include/px4_msgs/px4_msgs/msg/detail/manual_control_setpoint__traits.hpp\n'}
[1.653911] (px4_msgs) StdoutLine: {'line': b'-- Up-to-date: /home/stepan/ws_ros2/install/px4_msgs/include/px4_msgs/px4_msgs/msg/detail/generator_status__builder.hpp\n'}
[1.654007] (px4_msgs) StdoutLine: {'line': b'-- Up-to-date: /home/stepan/ws_ros2/install/px4_msgs/include/px4_msgs/px4_msgs/msg/detail/rover_steering_setpoint__builder.hpp\n'}
[1.654093] (px4_msgs) StdoutLine: {'line': b'-- Up-to-date: /home/stepan/ws_ros2/install/px4_msgs/include/px4_msgs/px4_msgs/msg/detail/rpm__builder.hpp\n'}
[1.654221] (px4_msgs) StdoutLine: {'line': b'-- Up-to-date: /home/stepan/ws_ros2/install/px4_msgs/include/px4_msgs/px4_msgs/msg/detail/sensor_baro__traits.hpp\n'}
[1.654310] (px4_msgs) StdoutLine: {'line': b'-- Up-to-date: /home/stepan/ws_ros2/install/px4_msgs/include/px4_msgs/px4_msgs/msg/detail/parameter_update__struct.hpp\n'}
[1.654409] (px4_msgs) StdoutLine: {'line': b'-- Up-to-date: /home/stepan/ws_ros2/install/px4_msgs/include/px4_msgs/px4_msgs/msg/detail/actuator_servos__traits.hpp\n'}
[1.654517] (px4_msgs) StdoutLine: {'line': b'-- Up-to-date: /home/stepan/ws_ros2/install/px4_msgs/include/px4_msgs/px4_msgs/msg/detail/rover_velocity_status__struct.hpp\n'}
[1.654608] (px4_msgs) StdoutLine: {'line': b'-- Up-to-date: /home/stepan/ws_ros2/install/px4_msgs/include/px4_msgs/px4_msgs/msg/detail/open_drone_id_arm_status__builder.hpp\n'}
[1.654702] (px4_msgs) StdoutLine: {'line': b'-- Up-to-date: /home/stepan/ws_ros2/install/px4_msgs/include/px4_msgs/px4_msgs/msg/detail/rover_rate_setpoint__builder.hpp\n'}
[1.654792] (px4_msgs) StdoutLine: {'line': b'-- Up-to-date: /home/stepan/ws_ros2/install/px4_msgs/include/px4_msgs/px4_msgs/msg/detail/airspeed_validated__builder.hpp\n'}
[1.654884] (px4_msgs) StdoutLine: {'line': b'-- Up-to-date: /home/stepan/ws_ros2/install/px4_msgs/include/px4_msgs/px4_msgs/msg/detail/action_request__traits.hpp\n'}
[1.654974] (px4_msgs) StdoutLine: {'line': b'-- Up-to-date: /home/stepan/ws_ros2/install/px4_msgs/include/px4_msgs/px4_msgs/msg/detail/vehicle_imu_status__type_support.hpp\n'}
[1.655062] (px4_msgs) StdoutLine: {'line': b'-- Up-to-date: /home/stepan/ws_ros2/install/px4_msgs/include/px4_msgs/px4_msgs/msg/detail/vehicle_air_data__struct.hpp\n'}
[1.655189] (px4_msgs) StdoutLine: {'line': b'-- Up-to-date: /home/stepan/ws_ros2/install/px4_msgs/include/px4_msgs/px4_msgs/msg/detail/wheel_encoders__builder.hpp\n'}
[1.655284] (px4_msgs) StdoutLine: {'line': b'-- Up-to-date: /home/stepan/ws_ros2/install/px4_msgs/include/px4_msgs/px4_msgs/msg/detail/radio_status__builder.hpp\n'}
[1.655384] (px4_msgs) StdoutLine: {'line': b'-- Up-to-date: /home/stepan/ws_ros2/install/px4_msgs/include/px4_msgs/px4_msgs/msg/detail/transponder_report__type_support.hpp\n'}
[1.655528] (px4_msgs) StdoutLine: {'line': b'-- Up-to-date: /home/stepan/ws_ros2/install/px4_msgs/include/px4_msgs/px4_msgs/msg/detail/sensor_airflow__traits.hpp\n'}
[1.655628] (px4_msgs) StdoutLine: {'line': b'-- Up-to-date: /home/stepan/ws_ros2/install/px4_msgs/include/px4_msgs/px4_msgs/msg/detail/parameter_set_value_response__builder.hpp\n'}
[1.655720] (px4_msgs) StdoutLine: {'line': b'-- Up-to-date: /home/stepan/ws_ros2/install/px4_msgs/include/px4_msgs/px4_msgs/msg/detail/vehicle_acceleration__struct.hpp\n'}
[1.655820] (px4_msgs) StdoutLine: {'line': b'-- Up-to-date: /home/stepan/ws_ros2/install/px4_msgs/include/px4_msgs/px4_msgs/msg/detail/open_drone_id_operator_id__struct.hpp\n'}
[1.655962] (px4_msgs) StdoutLine: {'line': b'-- Up-to-date: /home/stepan/ws_ros2/install/px4_msgs/include/px4_msgs/px4_msgs/msg/detail/sensor_correction__type_support.hpp\n'}
[1.656051] (px4_msgs) StdoutLine: {'line': b'-- Up-to-date: /home/stepan/ws_ros2/install/px4_msgs/include/px4_msgs/px4_msgs/msg/detail/estimator_status_flags__builder.hpp\n'}
[1.656140] (px4_msgs) StdoutLine: {'line': b'-- Up-to-date: /home/stepan/ws_ros2/install/px4_msgs/include/px4_msgs/px4_msgs/msg/detail/autotune_attitude_control_status__struct.hpp\n'}
[1.656233] (px4_msgs) StdoutLine: {'line': b'-- Up-to-date: /home/stepan/ws_ros2/install/px4_msgs/include/px4_msgs/px4_msgs/msg/detail/estimator_aid_source2d__builder.hpp\n'}
[1.656331] (px4_msgs) StdoutLine: {'line': b'-- Up-to-date: /home/stepan/ws_ros2/install/px4_msgs/include/px4_msgs/px4_msgs/msg/detail/sensors_status__builder.hpp\n'}
[1.656437] (px4_msgs) StdoutLine: {'line': b'-- Up-to-date: /home/stepan/ws_ros2/install/px4_msgs/include/px4_msgs/px4_msgs/msg/detail/sensor_accel__type_support.hpp\n'}
[1.656533] (px4_msgs) StdoutLine: {'line': b'-- Up-to-date: /home/stepan/ws_ros2/install/px4_msgs/include/px4_msgs/px4_msgs/msg/detail/wheel_encoders__type_support.hpp\n'}
[1.656622] (px4_msgs) StdoutLine: {'line': b'-- Up-to-date: /home/stepan/ws_ros2/install/px4_msgs/include/px4_msgs/px4_msgs/msg/detail/config_overrides__type_support.hpp\n'}
[1.656724] (px4_msgs) StdoutLine: {'line': b'-- Up-to-date: /home/stepan/ws_ros2/install/px4_msgs/include/px4_msgs/px4_msgs/msg/detail/heater_status__traits.hpp\n'}
[1.656815] (px4_msgs) StdoutLine: {'line': b'-- Up-to-date: /home/stepan/ws_ros2/install/px4_msgs/include/px4_msgs/px4_msgs/msg/detail/ekf2_timestamps__builder.hpp\n'}
[1.656910] (px4_msgs) StdoutLine: {'line': b'-- Up-to-date: /home/stepan/ws_ros2/install/px4_msgs/include/px4_msgs/px4_msgs/msg/detail/sensor_baro__struct.hpp\n'}
[1.657047] (px4_msgs) StdoutLine: {'line': b'-- Up-to-date: /home/stepan/ws_ros2/install/px4_msgs/include/px4_msgs/px4_msgs/msg/detail/orbit_status__type_support.hpp\n'}
[1.657157] (px4_msgs) StdoutLine: {'line': b'-- Up-to-date: /home/stepan/ws_ros2/install/px4_msgs/include/px4_msgs/px4_msgs/msg/detail/camera_status__traits.hpp\n'}
[1.657244] (px4_msgs) StdoutLine: {'line': b'-- Up-to-date: /home/stepan/ws_ros2/install/px4_msgs/include/px4_msgs/px4_msgs/msg/detail/telemetry_status__builder.hpp\n'}
[1.657331] (px4_msgs) StdoutLine: {'line': b'-- Up-to-date: /home/stepan/ws_ros2/install/px4_msgs/include/px4_msgs/px4_msgs/msg/detail/position_setpoint_triplet__type_support.hpp\n'}
[1.657431] (px4_msgs) StdoutLine: {'line': b'-- Up-to-date: /home/stepan/ws_ros2/install/px4_msgs/include/px4_msgs/px4_msgs/msg/detail/qshell_retval__builder.hpp\n'}
[1.657518] (px4_msgs) StdoutLine: {'line': b'-- Up-to-date: /home/stepan/ws_ros2/install/px4_msgs/include/px4_msgs/px4_msgs/msg/detail/parameter_set_value_request__struct.hpp\n'}
[1.657616] (px4_msgs) StdoutLine: {'line': b'-- Up-to-date: /home/stepan/ws_ros2/install/px4_msgs/include/px4_msgs/px4_msgs/msg/detail/parameter_set_value_response__struct.hpp\n'}
[1.657730] (px4_msgs) StdoutLine: {'line': b'-- Up-to-date: /home/stepan/ws_ros2/install/px4_msgs/include/px4_msgs/px4_msgs/msg/detail/parameter_set_used_request__builder.hpp\n'}
[1.657858] (px4_msgs) StdoutLine: {'line': b'-- Up-to-date: /home/stepan/ws_ros2/install/px4_msgs/include/px4_msgs/px4_msgs/msg/detail/parameter_set_used_request__traits.hpp\n'}
[1.657948] (px4_msgs) StdoutLine: {'line': b'-- Up-to-date: /home/stepan/ws_ros2/install/px4_msgs/include/px4_msgs/px4_msgs/msg/detail/rover_attitude_setpoint__builder.hpp\n'}
[1.658041] (px4_msgs) StdoutLine: {'line': b'-- Up-to-date: /home/stepan/ws_ros2/install/px4_msgs/include/px4_msgs/px4_msgs/msg/detail/debug_vect__struct.hpp\n'}
[1.658127] (px4_msgs) StdoutLine: {'line': b'-- Up-to-date: /home/stepan/ws_ros2/install/px4_msgs/include/px4_msgs/px4_msgs/msg/detail/yaw_estimator_status__traits.hpp\n'}
[1.658210] (px4_msgs) StdoutLine: {'line': b'-- Up-to-date: /home/stepan/ws_ros2/install/px4_msgs/include/px4_msgs/px4_msgs/msg/detail/tune_control__traits.hpp\n'}
[1.658302] (px4_msgs) StdoutLine: {'line': b'-- Up-to-date: /home/stepan/ws_ros2/install/px4_msgs/include/px4_msgs/px4_msgs/msg/detail/vehicle_torque_setpoint__traits.hpp\n'}
[1.658396] (px4_msgs) StdoutLine: {'line': b'-- Up-to-date: /home/stepan/ws_ros2/install/px4_msgs/include/px4_msgs/px4_msgs/msg/detail/sensors_status__traits.hpp\n'}
[1.658514] (px4_msgs) StdoutLine: {'line': b'-- Up-to-date: /home/stepan/ws_ros2/install/px4_msgs/include/px4_msgs/px4_msgs/msg/detail/trajectory_setpoint6dof__type_support.hpp\n'}
[1.658605] (px4_msgs) StdoutLine: {'line': b'-- Up-to-date: /home/stepan/ws_ros2/install/px4_msgs/include/px4_msgs/px4_msgs/msg/detail/vehicle_global_position__builder.hpp\n'}
[1.658691] (px4_msgs) StdoutLine: {'line': b'-- Up-to-date: /home/stepan/ws_ros2/install/px4_msgs/include/px4_msgs/px4_msgs/msg/detail/collision_constraints__struct.hpp\n'}
[1.658775] (px4_msgs) StdoutLine: {'line': b'-- Up-to-date: /home/stepan/ws_ros2/install/px4_msgs/include/px4_msgs/px4_msgs/msg/detail/rc_channels__struct.hpp\n'}
[1.658859] (px4_msgs) StdoutLine: {'line': b'-- Up-to-date: /home/stepan/ws_ros2/install/px4_msgs/include/px4_msgs/px4_msgs/msg/detail/position_controller_landing_status__type_support.hpp\n'}
[1.658959] (px4_msgs) StdoutLine: {'line': b'-- Up-to-date: /home/stepan/ws_ros2/install/px4_msgs/include/px4_msgs/px4_msgs/msg/detail/follow_target_estimator__traits.hpp\n'}
[1.659071] (px4_msgs) StdoutLine: {'line': b'-- Up-to-date: /home/stepan/ws_ros2/install/px4_msgs/include/px4_msgs/px4_msgs/msg/detail/actuator_test__type_support.hpp\n'}
[1.659157] (px4_msgs) StdoutLine: {'line': b'-- Up-to-date: /home/stepan/ws_ros2/install/px4_msgs/include/px4_msgs/px4_msgs/msg/detail/event__traits.hpp\n'}
[1.659258] (px4_msgs) StdoutLine: {'line': b'-- Up-to-date: /home/stepan/ws_ros2/install/px4_msgs/include/px4_msgs/px4_msgs/msg/detail/timesync_status__type_support.hpp\n'}
[1.659384] (px4_msgs) StdoutLine: {'line': b'-- Up-to-date: /home/stepan/ws_ros2/install/px4_msgs/include/px4_msgs/px4_msgs/msg/detail/estimator_sensor_bias__traits.hpp\n'}
[1.659482] (px4_msgs) StdoutLine: {'line': b'-- Up-to-date: /home/stepan/ws_ros2/install/px4_msgs/include/px4_msgs/px4_msgs/msg/detail/mag_worker_data__type_support.hpp\n'}
[1.659568] (px4_msgs) StdoutLine: {'line': b'-- Up-to-date: /home/stepan/ws_ros2/install/px4_msgs/include/px4_msgs/px4_msgs/msg/detail/mission_result__traits.hpp\n'}
[1.659678] (px4_msgs) StdoutLine: {'line': b'-- Up-to-date: /home/stepan/ws_ros2/install/px4_msgs/include/px4_msgs/px4_msgs/msg/detail/distance_sensor__type_support.hpp\n'}
[1.659774] (px4_msgs) StdoutLine: {'line': b'-- Up-to-date: /home/stepan/ws_ros2/install/px4_msgs/include/px4_msgs/px4_msgs/msg/detail/sensors_status_imu__type_support.hpp\n'}
[1.659869] (px4_msgs) StdoutLine: {'line': b'-- Up-to-date: /home/stepan/ws_ros2/install/px4_msgs/include/px4_msgs/px4_msgs/msg/detail/estimator_bias__struct.hpp\n'}
[1.659970] (px4_msgs) StdoutLine: {'line': b'-- Up-to-date: /home/stepan/ws_ros2/install/px4_msgs/include/px4_msgs/px4_msgs/msg/detail/geofence_status__struct.hpp\n'}
[1.660061] (px4_msgs) StdoutLine: {'line': b'-- Up-to-date: /home/stepan/ws_ros2/install/px4_msgs/include/px4_msgs/px4_msgs/msg/detail/mount_orientation__type_support.hpp\n'}
[1.660197] (px4_msgs) StdoutLine: {'line': b'-- Up-to-date: /home/stepan/ws_ros2/install/px4_msgs/include/px4_msgs/px4_msgs/msg/detail/internal_combustion_engine_status__builder.hpp\n'}
[1.660290] (px4_msgs) StdoutLine: {'line': b'-- Up-to-date: /home/stepan/ws_ros2/install/px4_msgs/include/px4_msgs/px4_msgs/msg/detail/rover_velocity_status__traits.hpp\n'}
[1.660386] (px4_msgs) StdoutLine: {'line': b'-- Up-to-date: /home/stepan/ws_ros2/install/px4_msgs/include/px4_msgs/px4_msgs/msg/detail/pure_pursuit_status__builder.hpp\n'}
[1.660480] (px4_msgs) StdoutLine: {'line': b'-- Up-to-date: /home/stepan/ws_ros2/install/px4_msgs/include/px4_msgs/px4_msgs/msg/detail/estimator_aid_source3d__struct.hpp\n'}
[1.660566] (px4_msgs) StdoutLine: {'line': b'-- Up-to-date: /home/stepan/ws_ros2/install/px4_msgs/include/px4_msgs/px4_msgs/msg/detail/vehicle_odometry__type_support.hpp\n'}
[1.660659] (px4_msgs) StdoutLine: {'line': b'-- Up-to-date: /home/stepan/ws_ros2/install/px4_msgs/include/px4_msgs/px4_msgs/msg/detail/geofence_status__traits.hpp\n'}
[1.660758] (px4_msgs) StdoutLine: {'line': b'-- Up-to-date: /home/stepan/ws_ros2/install/px4_msgs/include/px4_msgs/px4_msgs/msg/detail/arming_check_request__type_support.hpp\n'}
[1.660852] (px4_msgs) StdoutLine: {'line': b'-- Up-to-date: /home/stepan/ws_ros2/install/px4_msgs/include/px4_msgs/px4_msgs/msg/detail/trajectory_setpoint__type_support.hpp\n'}
[1.660942] (px4_msgs) StdoutLine: {'line': b'-- Up-to-date: /home/stepan/ws_ros2/install/px4_msgs/include/px4_msgs/px4_msgs/msg/detail/vehicle_command__builder.hpp\n'}
[1.661081] (px4_msgs) StdoutLine: {'line': b'-- Up-to-date: /home/stepan/ws_ros2/install/px4_msgs/include/px4_msgs/px4_msgs/msg/detail/satellite_info__builder.hpp\n'}
[1.661195] (px4_msgs) StdoutLine: {'line': b'-- Up-to-date: /home/stepan/ws_ros2/install/px4_msgs/include/px4_msgs/px4_msgs/msg/detail/npfg_status__struct.hpp\n'}
[1.661284] (px4_msgs) StdoutLine: {'line': b'-- Up-to-date: /home/stepan/ws_ros2/install/px4_msgs/include/px4_msgs/px4_msgs/msg/detail/debug_value__traits.hpp\n'}
[1.661385] (px4_msgs) StdoutLine: {'line': b'-- Up-to-date: /home/stepan/ws_ros2/install/px4_msgs/include/px4_msgs/px4_msgs/msg/detail/qshell_retval__traits.hpp\n'}
[1.661523] (px4_msgs) StdoutLine: {'line': b'-- Up-to-date: /home/stepan/ws_ros2/install/px4_msgs/include/px4_msgs/px4_msgs/msg/detail/logger_status__builder.hpp\n'}
[1.661610] (px4_msgs) StdoutLine: {'line': b'-- Up-to-date: /home/stepan/ws_ros2/install/px4_msgs/include/px4_msgs/px4_msgs/msg/detail/sensor_gps__traits.hpp\n'}
[1.661704] (px4_msgs) StdoutLine: {'line': b'-- Up-to-date: /home/stepan/ws_ros2/install/px4_msgs/include/px4_msgs/px4_msgs/msg/detail/power_monitor__struct.hpp\n'}
[1.661792] (px4_msgs) StdoutLine: {'line': b'-- Up-to-date: /home/stepan/ws_ros2/install/px4_msgs/include/px4_msgs/px4_msgs/msg/detail/message_format_request__type_support.hpp\n'}
[1.661877] (px4_msgs) StdoutLine: {'line': b'-- Up-to-date: /home/stepan/ws_ros2/install/px4_msgs/include/px4_msgs/px4_msgs/msg/detail/vehicle_attitude_setpoint__type_support.hpp\n'}
[1.661981] (px4_msgs) StdoutLine: {'line': b'-- Up-to-date: /home/stepan/ws_ros2/install/px4_msgs/include/px4_msgs/px4_msgs/msg/detail/heater_status__type_support.hpp\n'}
[1.662067] (px4_msgs) StdoutLine: {'line': b'-- Up-to-date: /home/stepan/ws_ros2/install/px4_msgs/include/px4_msgs/px4_msgs/msg/detail/debug_array__type_support.hpp\n'}
[1.662154] (px4_msgs) StdoutLine: {'line': b'-- Up-to-date: /home/stepan/ws_ros2/install/px4_msgs/include/px4_msgs/px4_msgs/msg/detail/vehicle_land_detected__struct.hpp\n'}
[1.662238] (px4_msgs) StdoutLine: {'line': b'-- Up-to-date: /home/stepan/ws_ros2/install/px4_msgs/include/px4_msgs/px4_msgs/msg/detail/landing_gear__builder.hpp\n'}
[1.662321] (px4_msgs) StdoutLine: {'line': b'-- Up-to-date: /home/stepan/ws_ros2/install/px4_msgs/include/px4_msgs/px4_msgs/msg/detail/vehicle_imu__builder.hpp\n'}
[1.662436] (px4_msgs) StdoutLine: {'line': b'-- Up-to-date: /home/stepan/ws_ros2/install/px4_msgs/include/px4_msgs/px4_msgs/msg/detail/camera_trigger__traits.hpp\n'}
[1.662551] (px4_msgs) StdoutLine: {'line': b'-- Up-to-date: /home/stepan/ws_ros2/install/px4_msgs/include/px4_msgs/px4_msgs/msg/detail/fuel_tank_status__struct.hpp\n'}
[1.662638] (px4_msgs) StdoutLine: {'line': b'-- Up-to-date: /home/stepan/ws_ros2/install/px4_msgs/include/px4_msgs/px4_msgs/msg/detail/internal_combustion_engine_control__struct.hpp\n'}
[1.662730] (px4_msgs) StdoutLine: {'line': b'-- Up-to-date: /home/stepan/ws_ros2/install/px4_msgs/include/px4_msgs/px4_msgs/msg/detail/log_message__struct.hpp\n'}
[1.662834] (px4_msgs) StdoutLine: {'line': b'-- Up-to-date: /home/stepan/ws_ros2/install/px4_msgs/include/px4_msgs/px4_msgs/msg/detail/config_overrides__struct.hpp\n'}
[1.662926] (px4_msgs) StdoutLine: {'line': b'-- Up-to-date: /home/stepan/ws_ros2/install/px4_msgs/include/px4_msgs/px4_msgs/msg/detail/iridiumsbd_status__struct.hpp\n'}
[1.663016] (px4_msgs) StdoutLine: {'line': b'-- Up-to-date: /home/stepan/ws_ros2/install/px4_msgs/include/px4_msgs/px4_msgs/msg/detail/launch_detection_status__struct.hpp\n'}
[1.663119] (px4_msgs) StdoutLine: {'line': b'-- Up-to-date: /home/stepan/ws_ros2/install/px4_msgs/include/px4_msgs/px4_msgs/msg/detail/differential_pressure__type_support.hpp\n'}
[1.663243] (px4_msgs) StdoutLine: {'line': b'-- Up-to-date: /home/stepan/ws_ros2/install/px4_msgs/include/px4_msgs/px4_msgs/msg/detail/vehicle_local_position__type_support.hpp\n'}
[1.663331] (px4_msgs) StdoutLine: {'line': b'-- Up-to-date: /home/stepan/ws_ros2/install/px4_msgs/include/px4_msgs/px4_msgs/msg/detail/vehicle_constraints__traits.hpp\n'}
[1.663438] (px4_msgs) StdoutLine: {'line': b'-- Up-to-date: /home/stepan/ws_ros2/install/px4_msgs/include/px4_msgs/px4_msgs/msg/detail/npfg_status__type_support.hpp\n'}
[1.663527] (px4_msgs) StdoutLine: {'line': b'-- Up-to-date: /home/stepan/ws_ros2/install/px4_msgs/include/px4_msgs/px4_msgs/msg/detail/ackermann_velocity_setpoint__type_support.hpp\n'}
[1.663621] (px4_msgs) StdoutLine: {'line': b'-- Up-to-date: /home/stepan/ws_ros2/install/px4_msgs/include/px4_msgs/px4_msgs/msg/detail/cpuload__type_support.hpp\n'}
[1.663712] (px4_msgs) StdoutLine: {'line': b'-- Up-to-date: /home/stepan/ws_ros2/install/px4_msgs/include/px4_msgs/px4_msgs/msg/detail/gimbal_manager_set_manual_control__struct.hpp\n'}
[1.663804] (px4_msgs) StdoutLine: {'line': b'-- Up-to-date: /home/stepan/ws_ros2/install/px4_msgs/include/px4_msgs/px4_msgs/msg/detail/distance_sensor__struct.hpp\n'}
[1.663900] (px4_msgs) StdoutLine: {'line': b'-- Up-to-date: /home/stepan/ws_ros2/install/px4_msgs/include/px4_msgs/px4_msgs/msg/detail/power_monitor__builder.hpp\n'}
[1.664028] (px4_msgs) StdoutLine: {'line': b'-- Up-to-date: /home/stepan/ws_ros2/install/px4_msgs/include/px4_msgs/px4_msgs/msg/detail/vehicle_optical_flow_vel__type_support.hpp\n'}
[1.664131] (px4_msgs) StdoutLine: {'line': b'-- Up-to-date: /home/stepan/ws_ros2/install/px4_msgs/include/px4_msgs/px4_msgs/msg/detail/tecs_status__builder.hpp\n'}
[1.664241] (px4_msgs) StdoutLine: {'line': b'-- Up-to-date: /home/stepan/ws_ros2/install/px4_msgs/include/px4_msgs/px4_msgs/msg/detail/tune_control__type_support.hpp\n'}
[1.664337] (px4_msgs) StdoutLine: {'line': b'-- Up-to-date: /home/stepan/ws_ros2/install/px4_msgs/include/px4_msgs/px4_msgs/msg/detail/battery_status__builder.hpp\n'}
[1.664515] (px4_msgs) StdoutLine: {'line': b'-- Up-to-date: /home/stepan/ws_ros2/install/px4_msgs/include/px4_msgs/px4_msgs/msg/detail/manual_control_switches__traits.hpp\n'}
[1.664630] (px4_msgs) StdoutLine: {'line': b'-- Up-to-date: /home/stepan/ws_ros2/install/px4_msgs/include/px4_msgs/px4_msgs/msg/detail/transponder_report__builder.hpp\n'}
[1.664732] (px4_msgs) StdoutLine: {'line': b'-- Up-to-date: /home/stepan/ws_ros2/install/px4_msgs/include/px4_msgs/px4_msgs/msg/detail/esc_report__struct.hpp\n'}
[1.664823] (px4_msgs) StdoutLine: {'line': b'-- Up-to-date: /home/stepan/ws_ros2/install/px4_msgs/include/px4_msgs/px4_msgs/msg/detail/gpio_out__builder.hpp\n'}
[1.664923] (px4_msgs) StdoutLine: {'line': b'-- Up-to-date: /home/stepan/ws_ros2/install/px4_msgs/include/px4_msgs/px4_msgs/msg/detail/tiltrotor_extra_controls__struct.hpp\n'}
[1.665050] (px4_msgs) StdoutLine: {'line': b'-- Up-to-date: /home/stepan/ws_ros2/install/px4_msgs/include/px4_msgs/px4_msgs/msg/detail/estimator_states__type_support.hpp\n'}
[1.665136] (px4_msgs) StdoutLine: {'line': b'-- Up-to-date: /home/stepan/ws_ros2/install/px4_msgs/include/px4_msgs/px4_msgs/msg/detail/vehicle_torque_setpoint__builder.hpp\n'}
[1.665226] (px4_msgs) StdoutLine: {'line': b'-- Up-to-date: /home/stepan/ws_ros2/install/px4_msgs/include/px4_msgs/px4_msgs/msg/detail/position_setpoint__traits.hpp\n'}
[1.665313] (px4_msgs) StdoutLine: {'line': b'-- Up-to-date: /home/stepan/ws_ros2/install/px4_msgs/include/px4_msgs/px4_msgs/msg/detail/sensor_gnss_relative__builder.hpp\n'}
[1.665417] (px4_msgs) StdoutLine: {'line': b'-- Up-to-date: /home/stepan/ws_ros2/install/px4_msgs/include/px4_msgs/px4_msgs/msg/detail/actuator_armed__traits.hpp\n'}
[1.665532] (px4_msgs) StdoutLine: {'line': b'-- Up-to-date: /home/stepan/ws_ros2/install/px4_msgs/include/px4_msgs/px4_msgs/msg/detail/mavlink_tunnel__struct.hpp\n'}
[1.665625] (px4_msgs) StdoutLine: {'line': b'-- Up-to-date: /home/stepan/ws_ros2/install/px4_msgs/include/px4_msgs/px4_msgs/msg/detail/heater_status__struct.hpp\n'}
[1.665711] (px4_msgs) StdoutLine: {'line': b'-- Up-to-date: /home/stepan/ws_ros2/install/px4_msgs/include/px4_msgs/px4_msgs/msg/detail/ulog_stream__traits.hpp\n'}
[1.665796] (px4_msgs) StdoutLine: {'line': b'-- Up-to-date: /home/stepan/ws_ros2/install/px4_msgs/include/px4_msgs/px4_msgs/msg/detail/hover_thrust_estimate__builder.hpp\n'}
[1.665880] (px4_msgs) StdoutLine: {'line': b'-- Up-to-date: /home/stepan/ws_ros2/install/px4_msgs/include/px4_msgs/px4_msgs/msg/detail/magnetometer_bias_estimate__type_support.hpp\n'}
[1.665988] (px4_msgs) StdoutLine: {'line': b'-- Up-to-date: /home/stepan/ws_ros2/install/px4_msgs/include/px4_msgs/px4_msgs/msg/detail/vehicle_imu_status__builder.hpp\n'}
[1.666082] (px4_msgs) StdoutLine: {'line': b'-- Up-to-date: /home/stepan/ws_ros2/install/px4_msgs/include/px4_msgs/px4_msgs/msg/detail/sensors_status__struct.hpp\n'}
[1.666171] (px4_msgs) StdoutLine: {'line': b'-- Up-to-date: /home/stepan/ws_ros2/install/px4_msgs/include/px4_msgs/px4_msgs/msg/detail/telemetry_status__struct.hpp\n'}
[1.666271] (px4_msgs) StdoutLine: {'line': b'-- Up-to-date: /home/stepan/ws_ros2/install/px4_msgs/include/px4_msgs/px4_msgs/msg/detail/mavlink_log__traits.hpp\n'}
[1.666381] (px4_msgs) StdoutLine: {'line': b'-- Up-to-date: /home/stepan/ws_ros2/install/px4_msgs/include/px4_msgs/px4_msgs/msg/detail/landing_target_innovations__traits.hpp\n'}
[1.666519] (px4_msgs) StdoutLine: {'line': b'-- Up-to-date: /home/stepan/ws_ros2/install/px4_msgs/include/px4_msgs/px4_msgs/msg/detail/camera_capture__builder.hpp\n'}
[1.666614] (px4_msgs) StdoutLine: {'line': b'-- Up-to-date: /home/stepan/ws_ros2/install/px4_msgs/include/px4_msgs/px4_msgs/msg/detail/satellite_info__traits.hpp\n'}
[1.666725] (px4_msgs) StdoutLine: {'line': b'-- Up-to-date: /home/stepan/ws_ros2/install/px4_msgs/include/px4_msgs/px4_msgs/msg/detail/event__struct.hpp\n'}
[1.666816] (px4_msgs) StdoutLine: {'line': b'-- Up-to-date: /home/stepan/ws_ros2/install/px4_msgs/include/px4_msgs/px4_msgs/msg/detail/uavcan_parameter_request__builder.hpp\n'}
[1.666911] (px4_msgs) StdoutLine: {'line': b'-- Up-to-date: /home/stepan/ws_ros2/install/px4_msgs/include/px4_msgs/px4_msgs/msg/detail/manual_control_setpoint__type_support.hpp\n'}
[1.667002] (px4_msgs) StdoutLine: {'line': b'-- Up-to-date: /home/stepan/ws_ros2/install/px4_msgs/include/px4_msgs/px4_msgs/msg/detail/follow_target_estimator__type_support.hpp\n'}
[1.667095] (px4_msgs) StdoutLine: {'line': b'-- Up-to-date: /home/stepan/ws_ros2/install/px4_msgs/include/px4_msgs/px4_msgs/msg/detail/vehicle_air_data__builder.hpp\n'}
[1.667188] (px4_msgs) StdoutLine: {'line': b'-- Up-to-date: /home/stepan/ws_ros2/install/px4_msgs/include/px4_msgs/px4_msgs/msg/ulog_stream_ack.hpp\n'}
[1.667276] (px4_msgs) StdoutLine: {'line': b'-- Up-to-date: /home/stepan/ws_ros2/install/px4_msgs/include/px4_msgs/px4_msgs/msg/irlock_report.hpp\n'}
[1.667382] (px4_msgs) StdoutLine: {'line': b'-- Up-to-date: /home/stepan/ws_ros2/install/px4_msgs/include/px4_msgs/px4_msgs/msg/mag_worker_data.hpp\n'}
[1.667498] (px4_msgs) StdoutLine: {'line': b'-- Up-to-date: /home/stepan/ws_ros2/install/px4_msgs/include/px4_msgs/px4_msgs/msg/estimator_status.hpp\n'}
[1.667584] (px4_msgs) StdoutLine: {'line': b'-- Up-to-date: /home/stepan/ws_ros2/install/px4_msgs/include/px4_msgs/px4_msgs/msg/gimbal_manager_set_manual_control.hpp\n'}
[1.667672] (px4_msgs) StdoutLine: {'line': b'-- Up-to-date: /home/stepan/ws_ros2/install/px4_msgs/include/px4_msgs/px4_msgs/msg/debug_vect.hpp\n'}
[1.667765] (px4_msgs) StdoutLine: {'line': b'-- Up-to-date: /home/stepan/ws_ros2/install/px4_msgs/include/px4_msgs/px4_msgs/msg/sensor_uwb.hpp\n'}
[1.667854] (px4_msgs) StdoutLine: {'line': b'-- Up-to-date: /home/stepan/ws_ros2/install/px4_msgs/include/px4_msgs/px4_msgs/msg/power_monitor.hpp\n'}
[1.667955] (px4_msgs) StdoutLine: {'line': b'-- Up-to-date: /home/stepan/ws_ros2/install/px4_msgs/include/px4_msgs/px4_msgs/msg/open_drone_id_self_id.hpp\n'}
[1.668047] (px4_msgs) StdoutLine: {'line': b'-- Up-to-date: /home/stepan/ws_ros2/install/px4_msgs/include/px4_msgs/px4_msgs/msg/vehicle_imu_status.hpp\n'}
[1.668136] (px4_msgs) StdoutLine: {'line': b'-- Up-to-date: /home/stepan/ws_ros2/install/px4_msgs/include/px4_msgs/px4_msgs/msg/hover_thrust_estimate.hpp\n'}
[1.668245] (px4_msgs) StdoutLine: {'line': b'-- Up-to-date: /home/stepan/ws_ros2/install/px4_msgs/include/px4_msgs/px4_msgs/msg/vehicle_local_position_setpoint.hpp\n'}
[1.668374] (px4_msgs) StdoutLine: {'line': b'-- Up-to-date: /home/stepan/ws_ros2/install/px4_msgs/include/px4_msgs/px4_msgs/msg/register_ext_component_reply.hpp\n'}
[1.668540] (px4_msgs) StdoutLine: {'line': b'-- Up-to-date: /home/stepan/ws_ros2/install/px4_msgs/include/px4_msgs/px4_msgs/msg/rtl_time_estimate.hpp\n'}
[1.668642] (px4_msgs) StdoutLine: {'line': b'-- Up-to-date: /home/stepan/ws_ros2/install/px4_msgs/include/px4_msgs/px4_msgs/msg/sensor_mag.hpp\n'}
[1.668742] (px4_msgs) StdoutLine: {'line': b'-- Up-to-date: /home/stepan/ws_ros2/install/px4_msgs/include/px4_msgs/px4_msgs/msg/gps_inject_data.hpp\n'}
[1.668829] (px4_msgs) StdoutLine: {'line': b'-- Up-to-date: /home/stepan/ws_ros2/install/px4_msgs/include/px4_msgs/px4_msgs/msg/failure_detector_status.hpp\n'}
[1.668919] (px4_msgs) StdoutLine: {'line': b'-- Up-to-date: /home/stepan/ws_ros2/install/px4_msgs/include/px4_msgs/px4_msgs/msg/mission.hpp\n'}
[1.669035] (px4_msgs) StdoutLine: {'line': b'-- Up-to-date: /home/stepan/ws_ros2/install/px4_msgs/include/px4_msgs/px4_msgs/msg/rover_position_setpoint.hpp\n'}
[1.669131] (px4_msgs) StdoutLine: {'line': b'-- Up-to-date: /home/stepan/ws_ros2/install/px4_msgs/include/px4_msgs/px4_msgs/msg/vehicle_local_position.hpp\n'}
[1.669225] (px4_msgs) StdoutLine: {'line': b'-- Up-to-date: /home/stepan/ws_ros2/install/px4_msgs/include/px4_msgs/px4_msgs/msg/normalized_unsigned_setpoint.hpp\n'}
[1.669316] (px4_msgs) StdoutLine: {'line': b'-- Up-to-date: /home/stepan/ws_ros2/install/px4_msgs/include/px4_msgs/px4_msgs/msg/autotune_attitude_control_status.hpp\n'}
[1.669441] (px4_msgs) StdoutLine: {'line': b'-- Up-to-date: /home/stepan/ws_ros2/install/px4_msgs/include/px4_msgs/px4_msgs/msg/vtol_vehicle_status.hpp\n'}
[1.669532] (px4_msgs) StdoutLine: {'line': b'-- Up-to-date: /home/stepan/ws_ros2/install/px4_msgs/include/px4_msgs/px4_msgs/msg/pps_capture.hpp\n'}
[1.669616] (px4_msgs) StdoutLine: {'line': b'-- Up-to-date: /home/stepan/ws_ros2/install/px4_msgs/include/px4_msgs/px4_msgs/msg/takeoff_status.hpp\n'}
[1.669712] (px4_msgs) StdoutLine: {'line': b'-- Up-to-date: /home/stepan/ws_ros2/install/px4_msgs/include/px4_msgs/px4_msgs/msg/system_power.hpp\n'}
[1.669821] (px4_msgs) StdoutLine: {'line': b'-- Up-to-date: /home/stepan/ws_ros2/install/px4_msgs/include/px4_msgs/px4_msgs/msg/gpio_request.hpp\n'}
[1.669913] (px4_msgs) StdoutLine: {'line': b'-- Up-to-date: /home/stepan/ws_ros2/install/px4_msgs/include/px4_msgs/px4_msgs/msg/sensor_accel_fifo.hpp\n'}
[1.670002] (px4_msgs) StdoutLine: {'line': b'-- Up-to-date: /home/stepan/ws_ros2/install/px4_msgs/include/px4_msgs/px4_msgs/msg/parameter_set_used_request.hpp\n'}
[1.670108] (px4_msgs) StdoutLine: {'line': b'-- Up-to-date: /home/stepan/ws_ros2/install/px4_msgs/include/px4_msgs/px4_msgs/msg/gimbal_device_set_attitude.hpp\n'}
[1.670202] (px4_msgs) StdoutLine: {'line': b'-- Up-to-date: /home/stepan/ws_ros2/install/px4_msgs/include/px4_msgs/px4_msgs/msg/debug_key_value.hpp\n'}
[1.670294] (px4_msgs) StdoutLine: {'line': b'-- Up-to-date: /home/stepan/ws_ros2/install/px4_msgs/include/px4_msgs/px4_msgs/msg/figure_eight_status.hpp\n'}
[1.670432] (px4_msgs) StdoutLine: {'line': b'-- Up-to-date: /home/stepan/ws_ros2/install/px4_msgs/include/px4_msgs/px4_msgs/msg/vehicle_land_detected.hpp\n'}
[1.670549] (px4_msgs) StdoutLine: {'line': b'-- Up-to-date: /home/stepan/ws_ros2/install/px4_msgs/include/px4_msgs/px4_msgs/msg/pure_pursuit_status.hpp\n'}
[1.670636] (px4_msgs) StdoutLine: {'line': b'-- Up-to-date: /home/stepan/ws_ros2/install/px4_msgs/include/px4_msgs/px4_msgs/msg/sensor_selection.hpp\n'}
[1.670728] (px4_msgs) StdoutLine: {'line': b'-- Up-to-date: /home/stepan/ws_ros2/install/px4_msgs/include/px4_msgs/px4_msgs/msg/mavlink_log.hpp\n'}
[1.670814] (px4_msgs) StdoutLine: {'line': b'-- Up-to-date: /home/stepan/ws_ros2/install/px4_msgs/include/px4_msgs/px4_msgs/msg/input_rc.hpp\n'}
[1.670906] (px4_msgs) StdoutLine: {'line': b'-- Up-to-date: /home/stepan/ws_ros2/install/px4_msgs/include/px4_msgs/px4_msgs/msg/estimator_gps_status.hpp\n'}
[1.670996] (px4_msgs) StdoutLine: {'line': b'-- Up-to-date: /home/stepan/ws_ros2/install/px4_msgs/include/px4_msgs/px4_msgs/msg/parameter_update.hpp\n'}
[1.671087] (px4_msgs) StdoutLine: {'line': b'-- Up-to-date: /home/stepan/ws_ros2/install/px4_msgs/include/px4_msgs/px4_msgs/msg/uavcan_parameter_request.hpp\n'}
[1.671177] (px4_msgs) StdoutLine: {'line': b'-- Up-to-date: /home/stepan/ws_ros2/install/px4_msgs/include/px4_msgs/px4_msgs/msg/vehicle_status.hpp\n'}
[1.671265] (px4_msgs) StdoutLine: {'line': b'-- Up-to-date: /home/stepan/ws_ros2/install/px4_msgs/include/px4_msgs/px4_msgs/msg/gripper.hpp\n'}
[1.671372] (px4_msgs) StdoutLine: {'line': b'-- Up-to-date: /home/stepan/ws_ros2/install/px4_msgs/include/px4_msgs/px4_msgs/msg/tune_control.hpp\n'}
[1.671495] (px4_msgs) StdoutLine: {'line': b'-- Up-to-date: /home/stepan/ws_ros2/install/px4_msgs/include/px4_msgs/px4_msgs/msg/follow_target_status.hpp\n'}
[1.671582] (px4_msgs) StdoutLine: {'line': b'-- Up-to-date: /home/stepan/ws_ros2/install/px4_msgs/include/px4_msgs/px4_msgs/msg/orb_test_medium.hpp\n'}
[1.671683] (px4_msgs) StdoutLine: {'line': b'-- Up-to-date: /home/stepan/ws_ros2/install/px4_msgs/include/px4_msgs/px4_msgs/msg/fuel_tank_status.hpp\n'}
[1.671788] (px4_msgs) StdoutLine: {'line': b'-- Up-to-date: /home/stepan/ws_ros2/install/px4_msgs/include/px4_msgs/px4_msgs/msg/vehicle_odometry.hpp\n'}
[1.671916] (px4_msgs) StdoutLine: {'line': b'-- Up-to-date: /home/stepan/ws_ros2/install/px4_msgs/include/px4_msgs/px4_msgs/msg/camera_capture.hpp\n'}
[1.672009] (px4_msgs) StdoutLine: {'line': b'-- Up-to-date: /home/stepan/ws_ros2/install/px4_msgs/include/px4_msgs/px4_msgs/msg/sensor_gps.hpp\n'}
[1.672135] (px4_msgs) StdoutLine: {'line': b'-- Up-to-date: /home/stepan/ws_ros2/install/px4_msgs/include/px4_msgs/px4_msgs/msg/cellular_status.hpp\n'}
[1.672222] (px4_msgs) StdoutLine: {'line': b'-- Up-to-date: /home/stepan/ws_ros2/install/px4_msgs/include/px4_msgs/px4_msgs/msg/estimator_aid_source1d.hpp\n'}
[1.672308] (px4_msgs) StdoutLine: {'line': b'-- Up-to-date: /home/stepan/ws_ros2/install/px4_msgs/include/px4_msgs/px4_msgs/msg/orbit_status.hpp\n'}
[1.672417] (px4_msgs) StdoutLine: {'line': b'-- Up-to-date: /home/stepan/ws_ros2/install/px4_msgs/include/px4_msgs/px4_msgs/msg/trajectory_setpoint6dof.hpp\n'}
[1.672510] (px4_msgs) StdoutLine: {'line': b'-- Up-to-date: /home/stepan/ws_ros2/install/px4_msgs/include/px4_msgs/px4_msgs/msg/gimbal_device_attitude_status.hpp\n'}
[1.672599] (px4_msgs) StdoutLine: {'line': b'-- Up-to-date: /home/stepan/ws_ros2/install/px4_msgs/include/px4_msgs/px4_msgs/msg/logger_status.hpp\n'}
[1.672723] (px4_msgs) StdoutLine: {'line': b'-- Up-to-date: /home/stepan/ws_ros2/install/px4_msgs/include/px4_msgs/px4_msgs/msg/heater_status.hpp\n'}
[1.672809] (px4_msgs) StdoutLine: {'line': b'-- Up-to-date: /home/stepan/ws_ros2/install/px4_msgs/include/px4_msgs/px4_msgs/msg/yaw_estimator_status.hpp\n'}
[1.672898] (px4_msgs) StdoutLine: {'line': b'-- Up-to-date: /home/stepan/ws_ros2/install/px4_msgs/include/px4_msgs/px4_msgs/msg/pwm_input.hpp\n'}
[1.672984] (px4_msgs) StdoutLine: {'line': b'-- Up-to-date: /home/stepan/ws_ros2/install/px4_msgs/include/px4_msgs/px4_msgs/msg/sensor_gnss_relative.hpp\n'}
[1.673068] (px4_msgs) StdoutLine: {'line': b'-- Up-to-date: /home/stepan/ws_ros2/install/px4_msgs/include/px4_msgs/px4_msgs/msg/orb_test_large.hpp\n'}
[1.673175] (px4_msgs) StdoutLine: {'line': b'-- Up-to-date: /home/stepan/ws_ros2/install/px4_msgs/include/px4_msgs/px4_msgs/msg/vehicle_torque_setpoint.hpp\n'}
[1.673271] (px4_msgs) StdoutLine: {'line': b'-- Up-to-date: /home/stepan/ws_ros2/install/px4_msgs/include/px4_msgs/px4_msgs/msg/task_stack_info.hpp\n'}
[1.673369] (px4_msgs) StdoutLine: {'line': b'-- Up-to-date: /home/stepan/ws_ros2/install/px4_msgs/include/px4_msgs/px4_msgs/msg/sensor_airflow.hpp\n'}
[1.673510] (px4_msgs) StdoutLine: {'line': b'-- Up-to-date: /home/stepan/ws_ros2/install/px4_msgs/include/px4_msgs/px4_msgs/msg/satellite_info.hpp\n'}
[1.673625] (px4_msgs) StdoutLine: {'line': b'-- Up-to-date: /home/stepan/ws_ros2/install/px4_msgs/include/px4_msgs/px4_msgs/msg/esc_status.hpp\n'}
[1.673711] (px4_msgs) StdoutLine: {'line': b'-- Up-to-date: /home/stepan/ws_ros2/install/px4_msgs/include/px4_msgs/px4_msgs/msg/timesync_status.hpp\n'}
[1.673802] (px4_msgs) StdoutLine: {'line': b'-- Up-to-date: /home/stepan/ws_ros2/install/px4_msgs/include/px4_msgs/px4_msgs/msg/uavcan_parameter_value.hpp\n'}
[1.673912] (px4_msgs) StdoutLine: {'line': b'-- Up-to-date: /home/stepan/ws_ros2/install/px4_msgs/include/px4_msgs/px4_msgs/msg/sensor_accel.hpp\n'}
[1.674003] (px4_msgs) StdoutLine: {'line': b'-- Up-to-date: /home/stepan/ws_ros2/install/px4_msgs/include/px4_msgs/px4_msgs/msg/vehicle_roi.hpp\n'}
[1.674096] (px4_msgs) StdoutLine: {'line': b'-- Up-to-date: /home/stepan/ws_ros2/install/px4_msgs/include/px4_msgs/px4_msgs/msg/register_ext_component_request.hpp\n'}
[1.674191] (px4_msgs) StdoutLine: {'line': b'-- Up-to-date: /home/stepan/ws_ros2/install/px4_msgs/include/px4_msgs/px4_msgs/msg/estimator_bias3d.hpp\n'}
[1.674284] (px4_msgs) StdoutLine: {'line': b'-- Up-to-date: /home/stepan/ws_ros2/install/px4_msgs/include/px4_msgs/px4_msgs/msg/estimator_innovations.hpp\n'}
[1.674407] (px4_msgs) StdoutLine: {'line': b'-- Up-to-date: /home/stepan/ws_ros2/install/px4_msgs/include/px4_msgs/px4_msgs/msg/qshell_req.hpp\n'}
[1.674499] (px4_msgs) StdoutLine: {'line': b'-- Up-to-date: /home/stepan/ws_ros2/install/px4_msgs/include/px4_msgs/px4_msgs/msg/gimbal_controls.hpp\n'}
[1.674587] (px4_msgs) StdoutLine: {'line': b'-- Up-to-date: /home/stepan/ws_ros2/install/px4_msgs/include/px4_msgs/px4_msgs/msg/distance_sensor.hpp\n'}
[1.674672] (px4_msgs) StdoutLine: {'line': b'-- Up-to-date: /home/stepan/ws_ros2/install/px4_msgs/include/px4_msgs/px4_msgs/msg/gimbal_manager_set_attitude.hpp\n'}
[1.674758] (px4_msgs) StdoutLine: {'line': b'-- Up-to-date: /home/stepan/ws_ros2/install/px4_msgs/include/px4_msgs/px4_msgs/msg/vehicle_control_mode.hpp\n'}
[1.674865] (px4_msgs) StdoutLine: {'line': b'-- Up-to-date: /home/stepan/ws_ros2/install/px4_msgs/include/px4_msgs/px4_msgs/msg/landing_target_pose.hpp\n'}
[1.674960] (px4_msgs) StdoutLine: {'line': b'-- Up-to-date: /home/stepan/ws_ros2/install/px4_msgs/include/px4_msgs/px4_msgs/msg/airspeed_validated.hpp\n'}
[1.675049] (px4_msgs) StdoutLine: {'line': b'-- Up-to-date: /home/stepan/ws_ros2/install/px4_msgs/include/px4_msgs/px4_msgs/msg/sensors_status_imu.hpp\n'}
[1.675149] (px4_msgs) StdoutLine: {'line': b'-- Up-to-date: /home/stepan/ws_ros2/install/px4_msgs/include/px4_msgs/px4_msgs/msg/landing_gear_wheel.hpp\n'}
[1.675251] (px4_msgs) StdoutLine: {'line': b'-- Up-to-date: /home/stepan/ws_ros2/install/px4_msgs/include/px4_msgs/px4_msgs/msg/orb_test.hpp\n'}
[1.675342] (px4_msgs) StdoutLine: {'line': b'-- Up-to-date: /home/stepan/ws_ros2/install/px4_msgs/include/px4_msgs/px4_msgs/msg/vehicle_attitude_setpoint.hpp\n'}
[1.675472] (px4_msgs) StdoutLine: {'line': b'-- Up-to-date: /home/stepan/ws_ros2/install/px4_msgs/include/px4_msgs/px4_msgs/msg/dataman_response.hpp\n'}
[1.675599] (px4_msgs) StdoutLine: {'line': b'-- Up-to-date: /home/stepan/ws_ros2/install/px4_msgs/include/px4_msgs/px4_msgs/msg/landing_gear.hpp\n'}
[1.675688] (px4_msgs) StdoutLine: {'line': b'-- Up-to-date: /home/stepan/ws_ros2/install/px4_msgs/include/px4_msgs/px4_msgs/msg/airspeed.hpp\n'}
[1.675789] (px4_msgs) StdoutLine: {'line': b'-- Up-to-date: /home/stepan/ws_ros2/install/px4_msgs/include/px4_msgs/px4_msgs/msg/internal_combustion_engine_control.hpp\n'}
[1.675876] (px4_msgs) StdoutLine: {'line': b'-- Up-to-date: /home/stepan/ws_ros2/install/px4_msgs/include/px4_msgs/px4_msgs/msg/config_overrides.hpp\n'}
[1.675966] (px4_msgs) StdoutLine: {'line': b'-- Up-to-date: /home/stepan/ws_ros2/install/px4_msgs/include/px4_msgs/px4_msgs/msg/rosidl_generator_cpp__visibility_control.hpp\n'}
[1.676061] (px4_msgs) StdoutLine: {'line': b'-- Up-to-date: /home/stepan/ws_ros2/install/px4_msgs/include/px4_msgs/px4_msgs/msg/ackermann_velocity_setpoint.hpp\n'}
[1.676152] (px4_msgs) StdoutLine: {'line': b'-- Up-to-date: /home/stepan/ws_ros2/install/px4_msgs/include/px4_msgs/px4_msgs/msg/control_allocator_status.hpp\n'}
[1.676244] (px4_msgs) StdoutLine: {'line': b'-- Up-to-date: /home/stepan/ws_ros2/install/px4_msgs/include/px4_msgs/px4_msgs/msg/vehicle_angular_acceleration_setpoint.hpp\n'}
[1.676338] (px4_msgs) StdoutLine: {'line': b'-- Up-to-date: /home/stepan/ws_ros2/install/px4_msgs/include/px4_msgs/px4_msgs/msg/cpuload.hpp\n'}
[1.676451] (px4_msgs) StdoutLine: {'line': b'-- Up-to-date: /home/stepan/ws_ros2/install/px4_msgs/include/px4_msgs/px4_msgs/msg/ping.hpp\n'}
[1.676567] (px4_msgs) StdoutLine: {'line': b'-- Up-to-date: /home/stepan/ws_ros2/install/px4_msgs/include/px4_msgs/px4_msgs/msg/health_report.hpp\n'}
[1.676682] (px4_msgs) StdoutLine: {'line': b'-- Up-to-date: /home/stepan/ws_ros2/install/px4_msgs/include/px4_msgs/px4_msgs/msg/wind.hpp\n'}
[1.676775] (px4_msgs) StdoutLine: {'line': b'-- Up-to-date: /home/stepan/ws_ros2/install/px4_msgs/include/px4_msgs/px4_msgs/msg/onboard_computer_status.hpp\n'}
[1.676865] (px4_msgs) StdoutLine: {'line': b'-- Up-to-date: /home/stepan/ws_ros2/install/px4_msgs/include/px4_msgs/px4_msgs/msg/airspeed_wind.hpp\n'}
[1.677017] (px4_msgs) StdoutLine: {'line': b'-- Up-to-date: /home/stepan/ws_ros2/install/px4_msgs/include/px4_msgs/px4_msgs/msg/rover_rate_status.hpp\n'}
[1.677137] (px4_msgs) StdoutLine: {'line': b'-- Up-to-date: /home/stepan/ws_ros2/install/px4_msgs/include/px4_msgs/px4_msgs/msg/position_controller_landing_status.hpp\n'}
[1.677227] (px4_msgs) StdoutLine: {'line': b'-- Up-to-date: /home/stepan/ws_ros2/install/px4_msgs/include/px4_msgs/px4_msgs/msg/rover_steering_setpoint.hpp\n'}
[1.677329] (px4_msgs) StdoutLine: {'line': b'-- Up-to-date: /home/stepan/ws_ros2/install/px4_msgs/include/px4_msgs/px4_msgs/msg/parameter_set_value_request.hpp\n'}
[1.677459] (px4_msgs) StdoutLine: {'line': b'-- Up-to-date: /home/stepan/ws_ros2/install/px4_msgs/include/px4_msgs/px4_msgs/msg/open_drone_id_arm_status.hpp\n'}
[1.677547] (px4_msgs) StdoutLine: {'line': b'-- Up-to-date: /home/stepan/ws_ros2/install/px4_msgs/include/px4_msgs/px4_msgs/msg/generator_status.hpp\n'}
[1.677639] (px4_msgs) StdoutLine: {'line': b'-- Up-to-date: /home/stepan/ws_ros2/install/px4_msgs/include/px4_msgs/px4_msgs/msg/geofence_status.hpp\n'}
[1.677725] (px4_msgs) StdoutLine: {'line': b'-- Up-to-date: /home/stepan/ws_ros2/install/px4_msgs/include/px4_msgs/px4_msgs/msg/gimbal_device_information.hpp\n'}
[1.677816] (px4_msgs) StdoutLine: {'line': b'-- Up-to-date: /home/stepan/ws_ros2/install/px4_msgs/include/px4_msgs/px4_msgs/msg/estimator_event_flags.hpp\n'}
[1.677907] (px4_msgs) StdoutLine: {'line': b'-- Up-to-date: /home/stepan/ws_ros2/install/px4_msgs/include/px4_msgs/px4_msgs/msg/debug_array.hpp\n'}
[1.677997] (px4_msgs) StdoutLine: {'line': b'-- Up-to-date: /home/stepan/ws_ros2/install/px4_msgs/include/px4_msgs/px4_msgs/msg/follow_target.hpp\n'}
[1.678088] (px4_msgs) StdoutLine: {'line': b'-- Up-to-date: /home/stepan/ws_ros2/install/px4_msgs/include/px4_msgs/px4_msgs/msg/dataman_request.hpp\n'}
[1.678177] (px4_msgs) StdoutLine: {'line': b'-- Up-to-date: /home/stepan/ws_ros2/install/px4_msgs/include/px4_msgs/px4_msgs/msg/actuator_servos_trim.hpp\n'}
[1.678269] (px4_msgs) StdoutLine: {'line': b'-- Up-to-date: /home/stepan/ws_ros2/install/px4_msgs/include/px4_msgs/px4_msgs/msg/battery_status.hpp\n'}
[1.678381] (px4_msgs) StdoutLine: {'line': b'-- Up-to-date: /home/stepan/ws_ros2/install/px4_msgs/include/px4_msgs/px4_msgs/msg/sensor_gyro.hpp\n'}
[1.678500] (px4_msgs) StdoutLine: {'line': b'-- Up-to-date: /home/stepan/ws_ros2/install/px4_msgs/include/px4_msgs/px4_msgs/msg/failsafe_flags.hpp\n'}
[1.678587] (px4_msgs) StdoutLine: {'line': b'-- Up-to-date: /home/stepan/ws_ros2/install/px4_msgs/include/px4_msgs/px4_msgs/msg/mount_orientation.hpp\n'}
[1.678704] (px4_msgs) StdoutLine: {'line': b'-- Up-to-date: /home/stepan/ws_ros2/install/px4_msgs/include/px4_msgs/px4_msgs/msg/estimator_status_flags.hpp\n'}
[1.678796] (px4_msgs) StdoutLine: {'line': b'-- Up-to-date: /home/stepan/ws_ros2/install/px4_msgs/include/px4_msgs/px4_msgs/srv\n'}
[1.678882] (px4_msgs) StdoutLine: {'line': b'-- Up-to-date: /home/stepan/ws_ros2/install/px4_msgs/include/px4_msgs/px4_msgs/srv/vehicle_command.hpp\n'}
[1.678977] (px4_msgs) StdoutLine: {'line': b'-- Up-to-date: /home/stepan/ws_ros2/install/px4_msgs/include/px4_msgs/px4_msgs/srv/detail\n'}
[1.679087] (px4_msgs) StdoutLine: {'line': b'-- Up-to-date: /home/stepan/ws_ros2/install/px4_msgs/include/px4_msgs/px4_msgs/srv/detail/vehicle_command__type_support.hpp\n'}
[1.679178] (px4_msgs) StdoutLine: {'line': b'-- Up-to-date: /home/stepan/ws_ros2/install/px4_msgs/include/px4_msgs/px4_msgs/srv/detail/vehicle_command__traits.hpp\n'}
[1.679274] (px4_msgs) StdoutLine: {'line': b'-- Up-to-date: /home/stepan/ws_ros2/install/px4_msgs/include/px4_msgs/px4_msgs/srv/detail/vehicle_command__struct.hpp\n'}
[1.679387] (px4_msgs) StdoutLine: {'line': b'-- Up-to-date: /home/stepan/ws_ros2/install/px4_msgs/include/px4_msgs/px4_msgs/srv/detail/vehicle_command__builder.hpp\n'}
[1.679517] (px4_msgs) StdoutLine: {'line': b'-- Up-to-date: /home/stepan/ws_ros2/install/px4_msgs/include/px4_msgs/px4_msgs\n'}
[1.679615] (px4_msgs) StdoutLine: {'line': b'-- Up-to-date: /home/stepan/ws_ros2/install/px4_msgs/include/px4_msgs/px4_msgs/msg\n'}
[1.679713] (px4_msgs) StdoutLine: {'line': b'-- Up-to-date: /home/stepan/ws_ros2/install/px4_msgs/include/px4_msgs/px4_msgs/msg/detail\n'}
[1.679803] (px4_msgs) StdoutLine: {'line': b'-- Up-to-date: /home/stepan/ws_ros2/install/px4_msgs/include/px4_msgs/px4_msgs/msg/detail/ackermann_velocity_setpoint__rosidl_typesupport_fastrtps_cpp.hpp\n'}
[1.679892] (px4_msgs) StdoutLine: {'line': b'-- Up-to-date: /home/stepan/ws_ros2/install/px4_msgs/include/px4_msgs/px4_msgs/msg/detail/manual_control_setpoint__rosidl_typesupport_fastrtps_cpp.hpp\n'}
[1.679980] (px4_msgs) StdoutLine: {'line': b'-- Up-to-date: /home/stepan/ws_ros2/install/px4_msgs/include/px4_msgs/px4_msgs/msg/detail/distance_sensor_mode_change_request__rosidl_typesupport_fastrtps_cpp.hpp\n'}
[1.680071] (px4_msgs) StdoutLine: {'line': b'-- Up-to-date: /home/stepan/ws_ros2/install/px4_msgs/include/px4_msgs/px4_msgs/msg/detail/sensor_correction__rosidl_typesupport_fastrtps_cpp.hpp\n'}
[1.680163] (px4_msgs) StdoutLine: {'line': b'-- Up-to-date: /home/stepan/ws_ros2/install/px4_msgs/include/px4_msgs/px4_msgs/msg/detail/dds_fastrtps\n'}
[1.680256] (px4_msgs) StdoutLine: {'line': b'-- Up-to-date: /home/stepan/ws_ros2/install/px4_msgs/include/px4_msgs/px4_msgs/msg/detail/offboard_control_mode__rosidl_typesupport_fastrtps_cpp.hpp\n'}
[1.680357] (px4_msgs) StdoutLine: {'line': b'-- Up-to-date: /home/stepan/ws_ros2/install/px4_msgs/include/px4_msgs/px4_msgs/msg/detail/open_drone_id_operator_id__rosidl_typesupport_fastrtps_cpp.hpp\n'}
[1.680512] (px4_msgs) StdoutLine: {'line': b'-- Up-to-date: /home/stepan/ws_ros2/install/px4_msgs/include/px4_msgs/px4_msgs/msg/detail/sensor_baro__rosidl_typesupport_fastrtps_cpp.hpp\n'}
[1.680617] (px4_msgs) StdoutLine: {'line': b'-- Up-to-date: /home/stepan/ws_ros2/install/px4_msgs/include/px4_msgs/px4_msgs/msg/detail/gpio_request__rosidl_typesupport_fastrtps_cpp.hpp\n'}
[1.680737] (px4_msgs) StdoutLine: {'line': b'-- Up-to-date: /home/stepan/ws_ros2/install/px4_msgs/include/px4_msgs/px4_msgs/msg/detail/iridiumsbd_status__rosidl_typesupport_fastrtps_cpp.hpp\n'}
[1.680866] (px4_msgs) StdoutLine: {'line': b'-- Up-to-date: /home/stepan/ws_ros2/install/px4_msgs/include/px4_msgs/px4_msgs/msg/detail/gimbal_manager_set_manual_control__rosidl_typesupport_fastrtps_cpp.hpp\n'}
[1.680959] (px4_msgs) StdoutLine: {'line': b'-- Up-to-date: /home/stepan/ws_ros2/install/px4_msgs/include/px4_msgs/px4_msgs/msg/detail/rpm__rosidl_typesupport_fastrtps_cpp.hpp\n'}
[1.681056] (px4_msgs) StdoutLine: {'line': b'-- Up-to-date: /home/stepan/ws_ros2/install/px4_msgs/include/px4_msgs/px4_msgs/msg/detail/adc_report__rosidl_typesupport_fastrtps_cpp.hpp\n'}
[1.681144] (px4_msgs) StdoutLine: {'line': b'-- Up-to-date: /home/stepan/ws_ros2/install/px4_msgs/include/px4_msgs/px4_msgs/msg/detail/takeoff_status__rosidl_typesupport_fastrtps_cpp.hpp\n'}
[1.681233] (px4_msgs) StdoutLine: {'line': b'-- Up-to-date: /home/stepan/ws_ros2/install/px4_msgs/include/px4_msgs/px4_msgs/msg/detail/failure_detector_status__rosidl_typesupport_fastrtps_cpp.hpp\n'}
[1.681330] (px4_msgs) StdoutLine: {'line': b'-- Up-to-date: /home/stepan/ws_ros2/install/px4_msgs/include/px4_msgs/px4_msgs/msg/detail/rover_attitude_setpoint__rosidl_typesupport_fastrtps_cpp.hpp\n'}
[1.681455] (px4_msgs) StdoutLine: {'line': b'-- Up-to-date: /home/stepan/ws_ros2/install/px4_msgs/include/px4_msgs/px4_msgs/msg/detail/vehicle_optical_flow_vel__rosidl_typesupport_fastrtps_cpp.hpp\n'}
[1.681564] (px4_msgs) StdoutLine: {'line': b'-- Up-to-date: /home/stepan/ws_ros2/install/px4_msgs/include/px4_msgs/px4_msgs/msg/detail/open_drone_id_system__rosidl_typesupport_fastrtps_cpp.hpp\n'}
[1.681650] (px4_msgs) StdoutLine: {'line': b'-- Up-to-date: /home/stepan/ws_ros2/install/px4_msgs/include/px4_msgs/px4_msgs/msg/detail/vehicle_thrust_setpoint__rosidl_typesupport_fastrtps_cpp.hpp\n'}
[1.681737] (px4_msgs) StdoutLine: {'line': b'-- Up-to-date: /home/stepan/ws_ros2/install/px4_msgs/include/px4_msgs/px4_msgs/msg/detail/led_control__rosidl_typesupport_fastrtps_cpp.hpp\n'}
[1.681821] (px4_msgs) StdoutLine: {'line': b'-- Up-to-date: /home/stepan/ws_ros2/install/px4_msgs/include/px4_msgs/px4_msgs/msg/detail/tune_control__rosidl_typesupport_fastrtps_cpp.hpp\n'}
[1.681912] (px4_msgs) StdoutLine: {'line': b'-- Up-to-date: /home/stepan/ws_ros2/install/px4_msgs/include/px4_msgs/px4_msgs/msg/detail/action_request__rosidl_typesupport_fastrtps_cpp.hpp\n'}
[1.682013] (px4_msgs) StdoutLine: {'line': b'-- Up-to-date: /home/stepan/ws_ros2/install/px4_msgs/include/px4_msgs/px4_msgs/msg/detail/heater_status__rosidl_typesupport_fastrtps_cpp.hpp\n'}
[1.682113] (px4_msgs) StdoutLine: {'line': b'-- Up-to-date: /home/stepan/ws_ros2/install/px4_msgs/include/px4_msgs/px4_msgs/msg/detail/generator_status__rosidl_typesupport_fastrtps_cpp.hpp\n'}
[1.682204] (px4_msgs) StdoutLine: {'line': b'-- Up-to-date: /home/stepan/ws_ros2/install/px4_msgs/include/px4_msgs/px4_msgs/msg/detail/vehicle_global_position__rosidl_typesupport_fastrtps_cpp.hpp\n'}
[1.682301] (px4_msgs) StdoutLine: {'line': b'-- Up-to-date: /home/stepan/ws_ros2/install/px4_msgs/include/px4_msgs/px4_msgs/msg/detail/esc_report__rosidl_typesupport_fastrtps_cpp.hpp\n'}
[1.682435] (px4_msgs) StdoutLine: {'line': b'-- Up-to-date: /home/stepan/ws_ros2/install/px4_msgs/include/px4_msgs/px4_msgs/msg/detail/vehicle_command__rosidl_typesupport_fastrtps_cpp.hpp\n'}
[1.682537] (px4_msgs) StdoutLine: {'line': b'-- Up-to-date: /home/stepan/ws_ros2/install/px4_msgs/include/px4_msgs/px4_msgs/msg/detail/camera_trigger__rosidl_typesupport_fastrtps_cpp.hpp\n'}
[1.682624] (px4_msgs) StdoutLine: {'line': b'-- Up-to-date: /home/stepan/ws_ros2/install/px4_msgs/include/px4_msgs/px4_msgs/msg/detail/differential_pressure__rosidl_typesupport_fastrtps_cpp.hpp\n'}
[1.682748] (px4_msgs) StdoutLine: {'line': b'-- Up-to-date: /home/stepan/ws_ros2/install/px4_msgs/include/px4_msgs/px4_msgs/msg/detail/landing_target_pose__rosidl_typesupport_fastrtps_cpp.hpp\n'}
[1.682838] (px4_msgs) StdoutLine: {'line': b'-- Up-to-date: /home/stepan/ws_ros2/install/px4_msgs/include/px4_msgs/px4_msgs/msg/detail/airspeed_wind__rosidl_typesupport_fastrtps_cpp.hpp\n'}
[1.682922] (px4_msgs) StdoutLine: {'line': b'-- Up-to-date: /home/stepan/ws_ros2/install/px4_msgs/include/px4_msgs/px4_msgs/msg/detail/vehicle_land_detected__rosidl_typesupport_fastrtps_cpp.hpp\n'}
[1.683014] (px4_msgs) StdoutLine: {'line': b'-- Up-to-date: /home/stepan/ws_ros2/install/px4_msgs/include/px4_msgs/px4_msgs/msg/detail/gimbal_manager_set_attitude__rosidl_typesupport_fastrtps_cpp.hpp\n'}
[1.683108] (px4_msgs) StdoutLine: {'line': b'-- Up-to-date: /home/stepan/ws_ros2/install/px4_msgs/include/px4_msgs/px4_msgs/msg/detail/debug_array__rosidl_typesupport_fastrtps_cpp.hpp\n'}
[1.683202] (px4_msgs) StdoutLine: {'line': b'-- Up-to-date: /home/stepan/ws_ros2/install/px4_msgs/include/px4_msgs/px4_msgs/msg/detail/gps_inject_data__rosidl_typesupport_fastrtps_cpp.hpp\n'}
[1.683293] (px4_msgs) StdoutLine: {'line': b'-- Up-to-date: /home/stepan/ws_ros2/install/px4_msgs/include/px4_msgs/px4_msgs/msg/detail/orbit_status__rosidl_typesupport_fastrtps_cpp.hpp\n'}
[1.683412] (px4_msgs) StdoutLine: {'line': b'-- Up-to-date: /home/stepan/ws_ros2/install/px4_msgs/include/px4_msgs/px4_msgs/msg/detail/debug_value__rosidl_typesupport_fastrtps_cpp.hpp\n'}
[1.683505] (px4_msgs) StdoutLine: {'line': b'-- Up-to-date: /home/stepan/ws_ros2/install/px4_msgs/include/px4_msgs/px4_msgs/msg/detail/battery_status__rosidl_typesupport_fastrtps_cpp.hpp\n'}
[1.683590] (px4_msgs) StdoutLine: {'line': b'-- Up-to-date: /home/stepan/ws_ros2/install/px4_msgs/include/px4_msgs/px4_msgs/msg/detail/vehicle_attitude_setpoint__rosidl_typesupport_fastrtps_cpp.hpp\n'}
[1.683694] (px4_msgs) StdoutLine: {'line': b'-- Up-to-date: /home/stepan/ws_ros2/install/px4_msgs/include/px4_msgs/px4_msgs/msg/detail/gimbal_device_information__rosidl_typesupport_fastrtps_cpp.hpp\n'}
[1.683791] (px4_msgs) StdoutLine: {'line': b'-- Up-to-date: /home/stepan/ws_ros2/install/px4_msgs/include/px4_msgs/px4_msgs/msg/detail/gimbal_manager_status__rosidl_typesupport_fastrtps_cpp.hpp\n'}
[1.683884] (px4_msgs) StdoutLine: {'line': b'-- Up-to-date: /home/stepan/ws_ros2/install/px4_msgs/include/px4_msgs/px4_msgs/msg/detail/flight_phase_estimation__rosidl_typesupport_fastrtps_cpp.hpp\n'}
[1.684008] (px4_msgs) StdoutLine: {'line': b'-- Up-to-date: /home/stepan/ws_ros2/install/px4_msgs/include/px4_msgs/px4_msgs/msg/detail/register_ext_component_request__rosidl_typesupport_fastrtps_cpp.hpp\n'}
[1.684113] (px4_msgs) StdoutLine: {'line': b'-- Up-to-date: /home/stepan/ws_ros2/install/px4_msgs/include/px4_msgs/px4_msgs/msg/detail/vehicle_local_position__rosidl_typesupport_fastrtps_cpp.hpp\n'}
[1.684204] (px4_msgs) StdoutLine: {'line': b'-- Up-to-date: /home/stepan/ws_ros2/install/px4_msgs/include/px4_msgs/px4_msgs/msg/detail/rover_rate_status__rosidl_typesupport_fastrtps_cpp.hpp\n'}
[1.684299] (px4_msgs) StdoutLine: {'line': b'-- Up-to-date: /home/stepan/ws_ros2/install/px4_msgs/include/px4_msgs/px4_msgs/msg/detail/debug_key_value__rosidl_typesupport_fastrtps_cpp.hpp\n'}
[1.684473] (px4_msgs) StdoutLine: {'line': b'-- Up-to-date: /home/stepan/ws_ros2/install/px4_msgs/include/px4_msgs/px4_msgs/msg/detail/vehicle_control_mode__rosidl_typesupport_fastrtps_cpp.hpp\n'}
[1.684569] (px4_msgs) StdoutLine: {'line': b'-- Up-to-date: /home/stepan/ws_ros2/install/px4_msgs/include/px4_msgs/px4_msgs/msg/detail/estimator_aid_source1d__rosidl_typesupport_fastrtps_cpp.hpp\n'}
[1.684653] (px4_msgs) StdoutLine: {'line': b'-- Up-to-date: /home/stepan/ws_ros2/install/px4_msgs/include/px4_msgs/px4_msgs/msg/detail/mission__rosidl_typesupport_fastrtps_cpp.hpp\n'}
[1.684748] (px4_msgs) StdoutLine: {'line': b'-- Up-to-date: /home/stepan/ws_ros2/install/px4_msgs/include/px4_msgs/px4_msgs/msg/detail/orb_test_medium__rosidl_typesupport_fastrtps_cpp.hpp\n'}
[1.684834] (px4_msgs) StdoutLine: {'line': b'-- Up-to-date: /home/stepan/ws_ros2/install/px4_msgs/include/px4_msgs/px4_msgs/msg/detail/sensor_mag__rosidl_typesupport_fastrtps_cpp.hpp\n'}
[1.684924] (px4_msgs) StdoutLine: {'line': b'-- Up-to-date: /home/stepan/ws_ros2/install/px4_msgs/include/px4_msgs/px4_msgs/msg/detail/estimator_status_flags__rosidl_typesupport_fastrtps_cpp.hpp\n'}
[1.685015] (px4_msgs) StdoutLine: {'line': b'-- Up-to-date: /home/stepan/ws_ros2/install/px4_msgs/include/px4_msgs/px4_msgs/msg/detail/rate_ctrl_status__rosidl_typesupport_fastrtps_cpp.hpp\n'}
[1.685106] (px4_msgs) StdoutLine: {'line': b'-- Up-to-date: /home/stepan/ws_ros2/install/px4_msgs/include/px4_msgs/px4_msgs/msg/detail/estimator_selector_status__rosidl_typesupport_fastrtps_cpp.hpp\n'}
[1.685198] (px4_msgs) StdoutLine: {'line': b'-- Up-to-date: /home/stepan/ws_ros2/install/px4_msgs/include/px4_msgs/px4_msgs/msg/detail/home_position__rosidl_typesupport_fastrtps_cpp.hpp\n'}
[1.685319] (px4_msgs) StdoutLine: {'line': b'-- Up-to-date: /home/stepan/ws_ros2/install/px4_msgs/include/px4_msgs/px4_msgs/msg/detail/log_message__rosidl_typesupport_fastrtps_cpp.hpp\n'}
[1.685431] (px4_msgs) StdoutLine: {'line': b'-- Up-to-date: /home/stepan/ws_ros2/install/px4_msgs/include/px4_msgs/px4_msgs/msg/detail/landing_target_innovations__rosidl_typesupport_fastrtps_cpp.hpp\n'}
[1.685564] (px4_msgs) StdoutLine: {'line': b'-- Up-to-date: /home/stepan/ws_ros2/install/px4_msgs/include/px4_msgs/px4_msgs/msg/detail/rover_attitude_status__rosidl_typesupport_fastrtps_cpp.hpp\n'}
[1.685652] (px4_msgs) StdoutLine: {'line': b'-- Up-to-date: /home/stepan/ws_ros2/install/px4_msgs/include/px4_msgs/px4_msgs/msg/detail/gimbal_device_set_attitude__rosidl_typesupport_fastrtps_cpp.hpp\n'}
[1.685740] (px4_msgs) StdoutLine: {'line': b'-- Up-to-date: /home/stepan/ws_ros2/install/px4_msgs/include/px4_msgs/px4_msgs/msg/detail/task_stack_info__rosidl_typesupport_fastrtps_cpp.hpp\n'}
[1.685859] (px4_msgs) StdoutLine: {'line': b'-- Up-to-date: /home/stepan/ws_ros2/install/px4_msgs/include/px4_msgs/px4_msgs/msg/detail/sensor_optical_flow__rosidl_typesupport_fastrtps_cpp.hpp\n'}
[1.685950] (px4_msgs) StdoutLine: {'line': b'-- Up-to-date: /home/stepan/ws_ros2/install/px4_msgs/include/px4_msgs/px4_msgs/msg/detail/normalized_unsigned_setpoint__rosidl_typesupport_fastrtps_cpp.hpp\n'}
[1.686037] (px4_msgs) StdoutLine: {'line': b'-- Up-to-date: /home/stepan/ws_ros2/install/px4_msgs/include/px4_msgs/px4_msgs/msg/detail/failsafe_flags__rosidl_typesupport_fastrtps_cpp.hpp\n'}
[1.686141] (px4_msgs) StdoutLine: {'line': b'-- Up-to-date: /home/stepan/ws_ros2/install/px4_msgs/include/px4_msgs/px4_msgs/msg/detail/sensor_gyro_fft__rosidl_typesupport_fastrtps_cpp.hpp\n'}
[1.686248] (px4_msgs) StdoutLine: {'line': b'-- Up-to-date: /home/stepan/ws_ros2/install/px4_msgs/include/px4_msgs/px4_msgs/msg/detail/obstacle_distance__rosidl_typesupport_fastrtps_cpp.hpp\n'}
[1.686339] (px4_msgs) StdoutLine: {'line': b'-- Up-to-date: /home/stepan/ws_ros2/install/px4_msgs/include/px4_msgs/px4_msgs/msg/detail/vehicle_roi__rosidl_typesupport_fastrtps_cpp.hpp\n'}
[1.686473] (px4_msgs) StdoutLine: {'line': b'-- Up-to-date: /home/stepan/ws_ros2/install/px4_msgs/include/px4_msgs/px4_msgs/msg/detail/message_format_response__rosidl_typesupport_fastrtps_cpp.hpp\n'}
[1.686564] (px4_msgs) StdoutLine: {'line': b'-- Up-to-date: /home/stepan/ws_ros2/install/px4_msgs/include/px4_msgs/px4_msgs/msg/detail/trajectory_setpoint__rosidl_typesupport_fastrtps_cpp.hpp\n'}
[1.686657] (px4_msgs) StdoutLine: {'line': b'-- Up-to-date: /home/stepan/ws_ros2/install/px4_msgs/include/px4_msgs/px4_msgs/msg/detail/estimator_states__rosidl_typesupport_fastrtps_cpp.hpp\n'}
[1.686747] (px4_msgs) StdoutLine: {'line': b'-- Up-to-date: /home/stepan/ws_ros2/install/px4_msgs/include/px4_msgs/px4_msgs/msg/detail/dataman_request__rosidl_typesupport_fastrtps_cpp.hpp\n'}
[1.686839] (px4_msgs) StdoutLine: {'line': b'-- Up-to-date: /home/stepan/ws_ros2/install/px4_msgs/include/px4_msgs/px4_msgs/msg/detail/sensor_gyro__rosidl_typesupport_fastrtps_cpp.hpp\n'}
[1.686929] (px4_msgs) StdoutLine: {'line': b'-- Up-to-date: /home/stepan/ws_ros2/install/px4_msgs/include/px4_msgs/px4_msgs/msg/detail/sensor_gps__rosidl_typesupport_fastrtps_cpp.hpp\n'}
[1.687018] (px4_msgs) StdoutLine: {'line': b'-- Up-to-date: /home/stepan/ws_ros2/install/px4_msgs/include/px4_msgs/px4_msgs/msg/detail/open_drone_id_self_id__rosidl_typesupport_fastrtps_cpp.hpp\n'}
[1.687120] (px4_msgs) StdoutLine: {'line': b'-- Up-to-date: /home/stepan/ws_ros2/install/px4_msgs/include/px4_msgs/px4_msgs/msg/detail/unregister_ext_component__rosidl_typesupport_fastrtps_cpp.hpp\n'}
[1.687221] (px4_msgs) StdoutLine: {'line': b'-- Up-to-date: /home/stepan/ws_ros2/install/px4_msgs/include/px4_msgs/px4_msgs/msg/detail/geofence_result__rosidl_typesupport_fastrtps_cpp.hpp\n'}
[1.687311] (px4_msgs) StdoutLine: {'line': b'-- Up-to-date: /home/stepan/ws_ros2/install/px4_msgs/include/px4_msgs/px4_msgs/msg/detail/rc_parameter_map__rosidl_typesupport_fastrtps_cpp.hpp\n'}
[1.687448] (px4_msgs) StdoutLine: {'line': b'-- Up-to-date: /home/stepan/ws_ros2/install/px4_msgs/include/px4_msgs/px4_msgs/msg/detail/sensor_airflow__rosidl_typesupport_fastrtps_cpp.hpp\n'}
[1.687569] (px4_msgs) StdoutLine: {'line': b'-- Up-to-date: /home/stepan/ws_ros2/install/px4_msgs/include/px4_msgs/px4_msgs/msg/detail/vtol_vehicle_status__rosidl_typesupport_fastrtps_cpp.hpp\n'}
[1.687658] (px4_msgs) StdoutLine: {'line': b'-- Up-to-date: /home/stepan/ws_ros2/install/px4_msgs/include/px4_msgs/px4_msgs/msg/detail/collision_constraints__rosidl_typesupport_fastrtps_cpp.hpp\n'}
[1.687748] (px4_msgs) StdoutLine: {'line': b'-- Up-to-date: /home/stepan/ws_ros2/install/px4_msgs/include/px4_msgs/px4_msgs/msg/detail/sensors_status__rosidl_typesupport_fastrtps_cpp.hpp\n'}
[1.687854] (px4_msgs) StdoutLine: {'line': b'-- Up-to-date: /home/stepan/ws_ros2/install/px4_msgs/include/px4_msgs/px4_msgs/msg/detail/estimator_sensor_bias__rosidl_typesupport_fastrtps_cpp.hpp\n'}
[1.687949] (px4_msgs) StdoutLine: {'line': b'-- Up-to-date: /home/stepan/ws_ros2/install/px4_msgs/include/px4_msgs/px4_msgs/msg/detail/health_report__rosidl_typesupport_fastrtps_cpp.hpp\n'}
[1.688046] (px4_msgs) StdoutLine: {'line': b'-- Up-to-date: /home/stepan/ws_ros2/install/px4_msgs/include/px4_msgs/px4_msgs/msg/detail/onboard_computer_status__rosidl_typesupport_fastrtps_cpp.hpp\n'}
[1.688183] (px4_msgs) StdoutLine: {'line': b'-- Up-to-date: /home/stepan/ws_ros2/install/px4_msgs/include/px4_msgs/px4_msgs/msg/detail/gimbal_manager_information__rosidl_typesupport_fastrtps_cpp.hpp\n'}
[1.688276] (px4_msgs) StdoutLine: {'line': b'-- Up-to-date: /home/stepan/ws_ros2/install/px4_msgs/include/px4_msgs/px4_msgs/msg/detail/dataman_response__rosidl_typesupport_fastrtps_cpp.hpp\n'}
[1.688388] (px4_msgs) StdoutLine: {'line': b'-- Up-to-date: /home/stepan/ws_ros2/install/px4_msgs/include/px4_msgs/px4_msgs/msg/detail/orb_test__rosidl_typesupport_fastrtps_cpp.hpp\n'}
[1.688527] (px4_msgs) StdoutLine: {'line': b'-- Up-to-date: /home/stepan/ws_ros2/install/px4_msgs/include/px4_msgs/px4_msgs/msg/detail/vehicle_constraints__rosidl_typesupport_fastrtps_cpp.hpp\n'}
[1.688616] (px4_msgs) StdoutLine: {'line': b'-- Up-to-date: /home/stepan/ws_ros2/install/px4_msgs/include/px4_msgs/px4_msgs/msg/detail/navigator_mission_item__rosidl_typesupport_fastrtps_cpp.hpp\n'}
[1.688702] (px4_msgs) StdoutLine: {'line': b'-- Up-to-date: /home/stepan/ws_ros2/install/px4_msgs/include/px4_msgs/px4_msgs/msg/detail/yaw_estimator_status__rosidl_typesupport_fastrtps_cpp.hpp\n'}
[1.688785] (px4_msgs) StdoutLine: {'line': b'-- Up-to-date: /home/stepan/ws_ros2/install/px4_msgs/include/px4_msgs/px4_msgs/msg/detail/rc_channels__rosidl_typesupport_fastrtps_cpp.hpp\n'}
[1.688882] (px4_msgs) StdoutLine: {'line': b'-- Up-to-date: /home/stepan/ws_ros2/install/px4_msgs/include/px4_msgs/px4_msgs/msg/detail/gpio_config__rosidl_typesupport_fastrtps_cpp.hpp\n'}
[1.688986] (px4_msgs) StdoutLine: {'line': b'-- Up-to-date: /home/stepan/ws_ros2/install/px4_msgs/include/px4_msgs/px4_msgs/msg/detail/hover_thrust_estimate__rosidl_typesupport_fastrtps_cpp.hpp\n'}
[1.689078] (px4_msgs) StdoutLine: {'line': b'-- Up-to-date: /home/stepan/ws_ros2/install/px4_msgs/include/px4_msgs/px4_msgs/msg/detail/goto_setpoint__rosidl_typesupport_fastrtps_cpp.hpp\n'}
[1.689169] (px4_msgs) StdoutLine: {'line': b'-- Up-to-date: /home/stepan/ws_ros2/install/px4_msgs/include/px4_msgs/px4_msgs/msg/detail/sensor_gyro_fifo__rosidl_typesupport_fastrtps_cpp.hpp\n'}
[1.689279] (px4_msgs) StdoutLine: {'line': b'-- Up-to-date: /home/stepan/ws_ros2/install/px4_msgs/include/px4_msgs/px4_msgs/msg/detail/gpio_in__rosidl_typesupport_fastrtps_cpp.hpp\n'}
[1.689383] (px4_msgs) StdoutLine: {'line': b'-- Up-to-date: /home/stepan/ws_ros2/install/px4_msgs/include/px4_msgs/px4_msgs/msg/detail/config_overrides__rosidl_typesupport_fastrtps_cpp.hpp\n'}
[1.689512] (px4_msgs) StdoutLine: {'line': b'-- Up-to-date: /home/stepan/ws_ros2/install/px4_msgs/include/px4_msgs/px4_msgs/msg/detail/vehicle_angular_velocity__rosidl_typesupport_fastrtps_cpp.hpp\n'}
[1.689614] (px4_msgs) StdoutLine: {'line': b'-- Up-to-date: /home/stepan/ws_ros2/install/px4_msgs/include/px4_msgs/px4_msgs/msg/detail/arming_check_request__rosidl_typesupport_fastrtps_cpp.hpp\n'}
[1.689729] (px4_msgs) StdoutLine: {'line': b'-- Up-to-date: /home/stepan/ws_ros2/install/px4_msgs/include/px4_msgs/px4_msgs/msg/detail/qshell_req__rosidl_typesupport_fastrtps_cpp.hpp\n'}
[1.689814] (px4_msgs) StdoutLine: {'line': b'-- Up-to-date: /home/stepan/ws_ros2/install/px4_msgs/include/px4_msgs/px4_msgs/msg/detail/control_allocator_status__rosidl_typesupport_fastrtps_cpp.hpp\n'}
[1.689904] (px4_msgs) StdoutLine: {'line': b'-- Up-to-date: /home/stepan/ws_ros2/install/px4_msgs/include/px4_msgs/px4_msgs/msg/detail/estimator_bias__rosidl_typesupport_fastrtps_cpp.hpp\n'}
[1.689990] (px4_msgs) StdoutLine: {'line': b'-- Up-to-date: /home/stepan/ws_ros2/install/px4_msgs/include/px4_msgs/px4_msgs/msg/detail/camera_capture__rosidl_typesupport_fastrtps_cpp.hpp\n'}
[1.690077] (px4_msgs) StdoutLine: {'line': b'-- Up-to-date: /home/stepan/ws_ros2/install/px4_msgs/include/px4_msgs/px4_msgs/msg/detail/magnetometer_bias_estimate__rosidl_typesupport_fastrtps_cpp.hpp\n'}
[1.690170] (px4_msgs) StdoutLine: {'line': b'-- Up-to-date: /home/stepan/ws_ros2/install/px4_msgs/include/px4_msgs/px4_msgs/msg/detail/position_controller_status__rosidl_typesupport_fastrtps_cpp.hpp\n'}
[1.690260] (px4_msgs) StdoutLine: {'line': b'-- Up-to-date: /home/stepan/ws_ros2/install/px4_msgs/include/px4_msgs/px4_msgs/msg/detail/mount_orientation__rosidl_typesupport_fastrtps_cpp.hpp\n'}
[1.690375] (px4_msgs) StdoutLine: {'line': b'-- Up-to-date: /home/stepan/ws_ros2/install/px4_msgs/include/px4_msgs/px4_msgs/msg/detail/trajectory_setpoint6dof__rosidl_typesupport_fastrtps_cpp.hpp\n'}
[1.690476] (px4_msgs) StdoutLine: {'line': b'-- Up-to-date: /home/stepan/ws_ros2/install/px4_msgs/include/px4_msgs/px4_msgs/msg/detail/irlock_report__rosidl_typesupport_fastrtps_cpp.hpp\n'}
[1.690563] (px4_msgs) StdoutLine: {'line': b'-- Up-to-date: /home/stepan/ws_ros2/install/px4_msgs/include/px4_msgs/px4_msgs/msg/detail/actuator_servos__rosidl_typesupport_fastrtps_cpp.hpp\n'}
[1.690649] (px4_msgs) StdoutLine: {'line': b'-- Up-to-date: /home/stepan/ws_ros2/install/px4_msgs/include/px4_msgs/px4_msgs/msg/detail/sensor_accel__rosidl_typesupport_fastrtps_cpp.hpp\n'}
[1.690743] (px4_msgs) StdoutLine: {'line': b'-- Up-to-date: /home/stepan/ws_ros2/install/px4_msgs/include/px4_msgs/px4_msgs/msg/detail/figure_eight_status__rosidl_typesupport_fastrtps_cpp.hpp\n'}
[1.690833] (px4_msgs) StdoutLine: {'line': b'-- Up-to-date: /home/stepan/ws_ros2/install/px4_msgs/include/px4_msgs/px4_msgs/msg/detail/navigator_status__rosidl_typesupport_fastrtps_cpp.hpp\n'}
[1.690925] (px4_msgs) StdoutLine: {'line': b'-- Up-to-date: /home/stepan/ws_ros2/install/px4_msgs/include/px4_msgs/px4_msgs/msg/detail/power_monitor__rosidl_typesupport_fastrtps_cpp.hpp\n'}
[1.691038] (px4_msgs) StdoutLine: {'line': b'-- Up-to-date: /home/stepan/ws_ros2/install/px4_msgs/include/px4_msgs/px4_msgs/msg/detail/mode_completed__rosidl_typesupport_fastrtps_cpp.hpp\n'}
[1.691131] (px4_msgs) StdoutLine: {'line': b'-- Up-to-date: /home/stepan/ws_ros2/install/px4_msgs/include/px4_msgs/px4_msgs/msg/detail/geofence_status__rosidl_typesupport_fastrtps_cpp.hpp\n'}
[1.691241] (px4_msgs) StdoutLine: {'line': b'-- Up-to-date: /home/stepan/ws_ros2/install/px4_msgs/include/px4_msgs/px4_msgs/msg/detail/npfg_status__rosidl_typesupport_fastrtps_cpp.hpp\n'}
[1.691348] (px4_msgs) StdoutLine: {'line': b'-- Up-to-date: /home/stepan/ws_ros2/install/px4_msgs/include/px4_msgs/px4_msgs/msg/detail/actuator_test__rosidl_typesupport_fastrtps_cpp.hpp\n'}
[1.691472] (px4_msgs) StdoutLine: {'line': b'-- Up-to-date: /home/stepan/ws_ros2/install/px4_msgs/include/px4_msgs/px4_msgs/msg/detail/estimator_aid_source3d__rosidl_typesupport_fastrtps_cpp.hpp\n'}
[1.691563] (px4_msgs) StdoutLine: {'line': b'-- Up-to-date: /home/stepan/ws_ros2/install/px4_msgs/include/px4_msgs/px4_msgs/msg/detail/gpio_out__rosidl_typesupport_fastrtps_cpp.hpp\n'}
[1.691654] (px4_msgs) StdoutLine: {'line': b'-- Up-to-date: /home/stepan/ws_ros2/install/px4_msgs/include/px4_msgs/px4_msgs/msg/detail/vehicle_command_ack__rosidl_typesupport_fastrtps_cpp.hpp\n'}
[1.691739] (px4_msgs) StdoutLine: {'line': b'-- Up-to-date: /home/stepan/ws_ros2/install/px4_msgs/include/px4_msgs/px4_msgs/msg/detail/pwm_input__rosidl_typesupport_fastrtps_cpp.hpp\n'}
[1.691831] (px4_msgs) StdoutLine: {'line': b'-- Up-to-date: /home/stepan/ws_ros2/install/px4_msgs/include/px4_msgs/px4_msgs/msg/detail/rover_throttle_setpoint__rosidl_typesupport_fastrtps_cpp.hpp\n'}
[1.691918] (px4_msgs) StdoutLine: {'line': b'-- Up-to-date: /home/stepan/ws_ros2/install/px4_msgs/include/px4_msgs/px4_msgs/msg/detail/orb_test_large__rosidl_typesupport_fastrtps_cpp.hpp\n'}
[1.692007] (px4_msgs) StdoutLine: {'line': b'-- Up-to-date: /home/stepan/ws_ros2/install/px4_msgs/include/px4_msgs/px4_msgs/msg/detail/wheel_encoders__rosidl_typesupport_fastrtps_cpp.hpp\n'}
[1.692100] (px4_msgs) StdoutLine: {'line': b'-- Up-to-date: /home/stepan/ws_ros2/install/px4_msgs/include/px4_msgs/px4_msgs/msg/detail/pure_pursuit_status__rosidl_typesupport_fastrtps_cpp.hpp\n'}
[1.692191] (px4_msgs) StdoutLine: {'line': b'-- Up-to-date: /home/stepan/ws_ros2/install/px4_msgs/include/px4_msgs/px4_msgs/msg/detail/mavlink_log__rosidl_typesupport_fastrtps_cpp.hpp\n'}
[1.692284] (px4_msgs) StdoutLine: {'line': b'-- Up-to-date: /home/stepan/ws_ros2/install/px4_msgs/include/px4_msgs/px4_msgs/msg/detail/cpuload__rosidl_typesupport_fastrtps_cpp.hpp\n'}
[1.692515] (px4_msgs) StdoutLine: {'line': b'-- Up-to-date: /home/stepan/ws_ros2/install/px4_msgs/include/px4_msgs/px4_msgs/msg/detail/mag_worker_data__rosidl_typesupport_fastrtps_cpp.hpp\n'}
[1.692625] (px4_msgs) StdoutLine: {'line': b'-- Up-to-date: /home/stepan/ws_ros2/install/px4_msgs/include/px4_msgs/px4_msgs/msg/detail/mavlink_tunnel__rosidl_typesupport_fastrtps_cpp.hpp\n'}
[1.692726] (px4_msgs) StdoutLine: {'line': b'-- Up-to-date: /home/stepan/ws_ros2/install/px4_msgs/include/px4_msgs/px4_msgs/msg/detail/gimbal_device_attitude_status__rosidl_typesupport_fastrtps_cpp.hpp\n'}
[1.692818] (px4_msgs) StdoutLine: {'line': b'-- Up-to-date: /home/stepan/ws_ros2/install/px4_msgs/include/px4_msgs/px4_msgs/msg/detail/satellite_info__rosidl_typesupport_fastrtps_cpp.hpp\n'}
[1.692911] (px4_msgs) StdoutLine: {'line': b'-- Up-to-date: /home/stepan/ws_ros2/install/px4_msgs/include/px4_msgs/px4_msgs/msg/detail/camera_status__rosidl_typesupport_fastrtps_cpp.hpp\n'}
[1.693072] (px4_msgs) StdoutLine: {'line': b'-- Up-to-date: /home/stepan/ws_ros2/install/px4_msgs/include/px4_msgs/px4_msgs/msg/detail/ulog_stream_ack__rosidl_typesupport_fastrtps_cpp.hpp\n'}
[1.693161] (px4_msgs) StdoutLine: {'line': b'-- Up-to-date: /home/stepan/ws_ros2/install/px4_msgs/include/px4_msgs/px4_msgs/msg/detail/logger_status__rosidl_typesupport_fastrtps_cpp.hpp\n'}
[1.693246] (px4_msgs) StdoutLine: {'line': b'-- Up-to-date: /home/stepan/ws_ros2/install/px4_msgs/include/px4_msgs/px4_msgs/msg/detail/message_format_request__rosidl_typesupport_fastrtps_cpp.hpp\n'}
[1.693355] (px4_msgs) StdoutLine: {'line': b'-- Up-to-date: /home/stepan/ws_ros2/install/px4_msgs/include/px4_msgs/px4_msgs/msg/detail/estimator_status__rosidl_typesupport_fastrtps_cpp.hpp\n'}
[1.693483] (px4_msgs) StdoutLine: {'line': b'-- Up-to-date: /home/stepan/ws_ros2/install/px4_msgs/include/px4_msgs/px4_msgs/msg/detail/sensor_selection__rosidl_typesupport_fastrtps_cpp.hpp\n'}
[1.693569] (px4_msgs) StdoutLine: {'line': b'-- Up-to-date: /home/stepan/ws_ros2/install/px4_msgs/include/px4_msgs/px4_msgs/msg/detail/internal_combustion_engine_status__rosidl_typesupport_fastrtps_cpp.hpp\n'}
[1.693663] (px4_msgs) StdoutLine: {'line': b'-- Up-to-date: /home/stepan/ws_ros2/install/px4_msgs/include/px4_msgs/px4_msgs/msg/detail/position_controller_landing_status__rosidl_typesupport_fastrtps_cpp.hpp\n'}
[1.693749] (px4_msgs) StdoutLine: {'line': b'-- Up-to-date: /home/stepan/ws_ros2/install/px4_msgs/include/px4_msgs/px4_msgs/msg/detail/position_setpoint_triplet__rosidl_typesupport_fastrtps_cpp.hpp\n'}
[1.693855] (px4_msgs) StdoutLine: {'line': b'-- Up-to-date: /home/stepan/ws_ros2/install/px4_msgs/include/px4_msgs/px4_msgs/msg/detail/power_button_state__rosidl_typesupport_fastrtps_cpp.hpp\n'}
[1.693951] (px4_msgs) StdoutLine: {'line': b'-- Up-to-date: /home/stepan/ws_ros2/install/px4_msgs/include/px4_msgs/px4_msgs/msg/detail/vehicle_imu_status__rosidl_typesupport_fastrtps_cpp.hpp\n'}
[1.694038] (px4_msgs) StdoutLine: {'line': b'-- Up-to-date: /home/stepan/ws_ros2/install/px4_msgs/include/px4_msgs/px4_msgs/msg/detail/landing_gear_wheel__rosidl_typesupport_fastrtps_cpp.hpp\n'}
[1.694123] (px4_msgs) StdoutLine: {'line': b'-- Up-to-date: /home/stepan/ws_ros2/install/px4_msgs/include/px4_msgs/px4_msgs/msg/detail/open_drone_id_arm_status__rosidl_typesupport_fastrtps_cpp.hpp\n'}
[1.694208] (px4_msgs) StdoutLine: {'line': b'-- Up-to-date: /home/stepan/ws_ros2/install/px4_msgs/include/px4_msgs/px4_msgs/msg/detail/actuator_servos_trim__rosidl_typesupport_fastrtps_cpp.hpp\n'}
[1.694301] (px4_msgs) StdoutLine: {'line': b'-- Up-to-date: /home/stepan/ws_ros2/install/px4_msgs/include/px4_msgs/px4_msgs/msg/detail/vehicle_imu__rosidl_typesupport_fastrtps_cpp.hpp\n'}
[1.694436] (px4_msgs) StdoutLine: {'line': b'-- Up-to-date: /home/stepan/ws_ros2/install/px4_msgs/include/px4_msgs/px4_msgs/msg/detail/position_setpoint__rosidl_typesupport_fastrtps_cpp.hpp\n'}
[1.694528] (px4_msgs) StdoutLine: {'line': b'-- Up-to-date: /home/stepan/ws_ros2/install/px4_msgs/include/px4_msgs/px4_msgs/msg/detail/vehicle_optical_flow__rosidl_typesupport_fastrtps_cpp.hpp\n'}
[1.694629] (px4_msgs) StdoutLine: {'line': b'-- Up-to-date: /home/stepan/ws_ros2/install/px4_msgs/include/px4_msgs/px4_msgs/msg/detail/telemetry_status__rosidl_typesupport_fastrtps_cpp.hpp\n'}
[1.694735] (px4_msgs) StdoutLine: {'line': b'-- Up-to-date: /home/stepan/ws_ros2/install/px4_msgs/include/px4_msgs/px4_msgs/msg/detail/sensor_gnss_relative__rosidl_typesupport_fastrtps_cpp.hpp\n'}
[1.694828] (px4_msgs) StdoutLine: {'line': b'-- Up-to-date: /home/stepan/ws_ros2/install/px4_msgs/include/px4_msgs/px4_msgs/msg/detail/actuator_motors__rosidl_typesupport_fastrtps_cpp.hpp\n'}
[1.694919] (px4_msgs) StdoutLine: {'line': b'-- Up-to-date: /home/stepan/ws_ros2/install/px4_msgs/include/px4_msgs/px4_msgs/msg/detail/parameter_update__rosidl_typesupport_fastrtps_cpp.hpp\n'}
[1.695026] (px4_msgs) StdoutLine: {'line': b'-- Up-to-date: /home/stepan/ws_ros2/install/px4_msgs/include/px4_msgs/px4_msgs/msg/detail/sensor_combined__rosidl_typesupport_fastrtps_cpp.hpp\n'}
[1.695143] (px4_msgs) StdoutLine: {'line': b'-- Up-to-date: /home/stepan/ws_ros2/install/px4_msgs/include/px4_msgs/px4_msgs/msg/detail/rtl_status__rosidl_typesupport_fastrtps_cpp.hpp\n'}
[1.695230] (px4_msgs) StdoutLine: {'line': b'-- Up-to-date: /home/stepan/ws_ros2/install/px4_msgs/include/px4_msgs/px4_msgs/msg/detail/distance_sensor__rosidl_typesupport_fastrtps_cpp.hpp\n'}
[1.695325] (px4_msgs) StdoutLine: {'line': b'-- Up-to-date: /home/stepan/ws_ros2/install/px4_msgs/include/px4_msgs/px4_msgs/msg/detail/button_event__rosidl_typesupport_fastrtps_cpp.hpp\n'}
[1.695426] (px4_msgs) StdoutLine: {'line': b'-- Up-to-date: /home/stepan/ws_ros2/install/px4_msgs/include/px4_msgs/px4_msgs/msg/detail/sensor_preflight_mag__rosidl_typesupport_fastrtps_cpp.hpp\n'}
[1.695523] (px4_msgs) StdoutLine: {'line': b'-- Up-to-date: /home/stepan/ws_ros2/install/px4_msgs/include/px4_msgs/px4_msgs/msg/detail/can_interface_status__rosidl_typesupport_fastrtps_cpp.hpp\n'}
[1.695614] (px4_msgs) StdoutLine: {'line': b'-- Up-to-date: /home/stepan/ws_ros2/install/px4_msgs/include/px4_msgs/px4_msgs/msg/detail/timesync_status__rosidl_typesupport_fastrtps_cpp.hpp\n'}
[1.695703] (px4_msgs) StdoutLine: {'line': b'-- Up-to-date: /home/stepan/ws_ros2/install/px4_msgs/include/px4_msgs/px4_msgs/msg/detail/sensor_uwb__rosidl_typesupport_fastrtps_cpp.hpp\n'}
[1.695793] (px4_msgs) StdoutLine: {'line': b'-- Up-to-date: /home/stepan/ws_ros2/install/px4_msgs/include/px4_msgs/px4_msgs/msg/detail/radio_status__rosidl_typesupport_fastrtps_cpp.hpp\n'}
[1.695881] (px4_msgs) StdoutLine: {'line': b'-- Up-to-date: /home/stepan/ws_ros2/install/px4_msgs/include/px4_msgs/px4_msgs/msg/detail/vehicle_attitude__rosidl_typesupport_fastrtps_cpp.hpp\n'}
[1.695979] (px4_msgs) StdoutLine: {'line': b'-- Up-to-date: /home/stepan/ws_ros2/install/px4_msgs/include/px4_msgs/px4_msgs/msg/detail/wind__rosidl_typesupport_fastrtps_cpp.hpp\n'}
[1.696135] (px4_msgs) StdoutLine: {'line': b'-- Up-to-date: /home/stepan/ws_ros2/install/px4_msgs/include/px4_msgs/px4_msgs/msg/detail/mission_result__rosidl_typesupport_fastrtps_cpp.hpp\n'}
[1.696224] (px4_msgs) StdoutLine: {'line': b'-- Up-to-date: /home/stepan/ws_ros2/install/px4_msgs/include/px4_msgs/px4_msgs/msg/detail/sensors_status_imu__rosidl_typesupport_fastrtps_cpp.hpp\n'}
[1.696313] (px4_msgs) StdoutLine: {'line': b'-- Up-to-date: /home/stepan/ws_ros2/install/px4_msgs/include/px4_msgs/px4_msgs/msg/detail/debug_vect__rosidl_typesupport_fastrtps_cpp.hpp\n'}
[1.696434] (px4_msgs) StdoutLine: {'line': b'-- Up-to-date: /home/stepan/ws_ros2/install/px4_msgs/include/px4_msgs/px4_msgs/msg/detail/estimator_event_flags__rosidl_typesupport_fastrtps_cpp.hpp\n'}
[1.696578] (px4_msgs) StdoutLine: {'line': b'-- Up-to-date: /home/stepan/ws_ros2/install/px4_msgs/include/px4_msgs/px4_msgs/msg/detail/internal_combustion_engine_control__rosidl_typesupport_fastrtps_cpp.hpp\n'}
[1.696670] (px4_msgs) StdoutLine: {'line': b'-- Up-to-date: /home/stepan/ws_ros2/install/px4_msgs/include/px4_msgs/px4_msgs/msg/detail/arming_check_reply__rosidl_typesupport_fastrtps_cpp.hpp\n'}
[1.696785] (px4_msgs) StdoutLine: {'line': b'-- Up-to-date: /home/stepan/ws_ros2/install/px4_msgs/include/px4_msgs/px4_msgs/msg/detail/parameter_reset_request__rosidl_typesupport_fastrtps_cpp.hpp\n'}
[1.696895] (px4_msgs) StdoutLine: {'line': b'-- Up-to-date: /home/stepan/ws_ros2/install/px4_msgs/include/px4_msgs/px4_msgs/msg/detail/cellular_status__rosidl_typesupport_fastrtps_cpp.hpp\n'}
[1.696984] (px4_msgs) StdoutLine: {'line': b'-- Up-to-date: /home/stepan/ws_ros2/install/px4_msgs/include/px4_msgs/px4_msgs/msg/detail/fuel_tank_status__rosidl_typesupport_fastrtps_cpp.hpp\n'}
[1.697076] (px4_msgs) StdoutLine: {'line': b'-- Up-to-date: /home/stepan/ws_ros2/install/px4_msgs/include/px4_msgs/px4_msgs/msg/detail/uavcan_parameter_value__rosidl_typesupport_fastrtps_cpp.hpp\n'}
[1.697170] (px4_msgs) StdoutLine: {'line': b'-- Up-to-date: /home/stepan/ws_ros2/install/px4_msgs/include/px4_msgs/px4_msgs/msg/detail/input_rc__rosidl_typesupport_fastrtps_cpp.hpp\n'}
[1.697260] (px4_msgs) StdoutLine: {'line': b'-- Up-to-date: /home/stepan/ws_ros2/install/px4_msgs/include/px4_msgs/px4_msgs/msg/detail/rover_rate_setpoint__rosidl_typesupport_fastrtps_cpp.hpp\n'}
[1.697355] (px4_msgs) StdoutLine: {'line': b'-- Up-to-date: /home/stepan/ws_ros2/install/px4_msgs/include/px4_msgs/px4_msgs/msg/detail/rover_position_setpoint__rosidl_typesupport_fastrtps_cpp.hpp\n'}
[1.697501] (px4_msgs) StdoutLine: {'line': b'-- Up-to-date: /home/stepan/ws_ros2/install/px4_msgs/include/px4_msgs/px4_msgs/msg/detail/gps_dump__rosidl_typesupport_fastrtps_cpp.hpp\n'}
[1.697590] (px4_msgs) StdoutLine: {'line': b'-- Up-to-date: /home/stepan/ws_ros2/install/px4_msgs/include/px4_msgs/px4_msgs/msg/detail/vehicle_local_position_setpoint__rosidl_typesupport_fastrtps_cpp.hpp\n'}
[1.697676] (px4_msgs) StdoutLine: {'line': b'-- Up-to-date: /home/stepan/ws_ros2/install/px4_msgs/include/px4_msgs/px4_msgs/msg/detail/landing_gear__rosidl_typesupport_fastrtps_cpp.hpp\n'}
[1.697763] (px4_msgs) StdoutLine: {'line': b'-- Up-to-date: /home/stepan/ws_ros2/install/px4_msgs/include/px4_msgs/px4_msgs/msg/detail/ulog_stream__rosidl_typesupport_fastrtps_cpp.hpp\n'}
[1.697868] (px4_msgs) StdoutLine: {'line': b'-- Up-to-date: /home/stepan/ws_ros2/install/px4_msgs/include/px4_msgs/px4_msgs/msg/detail/tiltrotor_extra_controls__rosidl_typesupport_fastrtps_cpp.hpp\n'}
[1.697963] (px4_msgs) StdoutLine: {'line': b'-- Up-to-date: /home/stepan/ws_ros2/install/px4_msgs/include/px4_msgs/px4_msgs/msg/detail/actuator_outputs__rosidl_typesupport_fastrtps_cpp.hpp\n'}
[1.698054] (px4_msgs) StdoutLine: {'line': b'-- Up-to-date: /home/stepan/ws_ros2/install/px4_msgs/include/px4_msgs/px4_msgs/msg/detail/rtl_time_estimate__rosidl_typesupport_fastrtps_cpp.hpp\n'}
[1.698156] (px4_msgs) StdoutLine: {'line': b'-- Up-to-date: /home/stepan/ws_ros2/install/px4_msgs/include/px4_msgs/px4_msgs/msg/detail/vehicle_torque_setpoint__rosidl_typesupport_fastrtps_cpp.hpp\n'}
[1.698260] (px4_msgs) StdoutLine: {'line': b'-- Up-to-date: /home/stepan/ws_ros2/install/px4_msgs/include/px4_msgs/px4_msgs/msg/detail/system_power__rosidl_typesupport_fastrtps_cpp.hpp\n'}
[1.698352] (px4_msgs) StdoutLine: {'line': b'-- Up-to-date: /home/stepan/ws_ros2/install/px4_msgs/include/px4_msgs/px4_msgs/msg/detail/estimator_aid_source2d__rosidl_typesupport_fastrtps_cpp.hpp\n'}
[1.698487] (px4_msgs) StdoutLine: {'line': b'-- Up-to-date: /home/stepan/ws_ros2/install/px4_msgs/include/px4_msgs/px4_msgs/msg/detail/tecs_status__rosidl_typesupport_fastrtps_cpp.hpp\n'}
[1.698601] (px4_msgs) StdoutLine: {'line': b'-- Up-to-date: /home/stepan/ws_ros2/install/px4_msgs/include/px4_msgs/px4_msgs/msg/detail/esc_status__rosidl_typesupport_fastrtps_cpp.hpp\n'}
[1.698691] (px4_msgs) StdoutLine: {'line': b'-- Up-to-date: /home/stepan/ws_ros2/install/px4_msgs/include/px4_msgs/px4_msgs/msg/detail/vehicle_status__rosidl_typesupport_fastrtps_cpp.hpp\n'}
[1.698785] (px4_msgs) StdoutLine: {'line': b'-- Up-to-date: /home/stepan/ws_ros2/install/px4_msgs/include/px4_msgs/px4_msgs/msg/detail/gripper__rosidl_typesupport_fastrtps_cpp.hpp\n'}
[1.698894] (px4_msgs) StdoutLine: {'line': b'-- Up-to-date: /home/stepan/ws_ros2/install/px4_msgs/include/px4_msgs/px4_msgs/msg/detail/follow_target__rosidl_typesupport_fastrtps_cpp.hpp\n'}
[1.698984] (px4_msgs) StdoutLine: {'line': b'-- Up-to-date: /home/stepan/ws_ros2/install/px4_msgs/include/px4_msgs/px4_msgs/msg/detail/vehicle_angular_acceleration_setpoint__rosidl_typesupport_fastrtps_cpp.hpp\n'}
[1.699076] (px4_msgs) StdoutLine: {'line': b'-- Up-to-date: /home/stepan/ws_ros2/install/px4_msgs/include/px4_msgs/px4_msgs/msg/detail/manual_control_switches__rosidl_typesupport_fastrtps_cpp.hpp\n'}
[1.699166] (px4_msgs) StdoutLine: {'line': b'-- Up-to-date: /home/stepan/ws_ros2/install/px4_msgs/include/px4_msgs/px4_msgs/msg/detail/vehicle_rates_setpoint__rosidl_typesupport_fastrtps_cpp.hpp\n'}
[1.699275] (px4_msgs) StdoutLine: {'line': b'-- Up-to-date: /home/stepan/ws_ros2/install/px4_msgs/include/px4_msgs/px4_msgs/msg/detail/estimator_innovations__rosidl_typesupport_fastrtps_cpp.hpp\n'}
[1.699370] (px4_msgs) StdoutLine: {'line': b'-- Up-to-date: /home/stepan/ws_ros2/install/px4_msgs/include/px4_msgs/px4_msgs/msg/detail/ping__rosidl_typesupport_fastrtps_cpp.hpp\n'}
[1.699477] (px4_msgs) StdoutLine: {'line': b'-- Up-to-date: /home/stepan/ws_ros2/install/px4_msgs/include/px4_msgs/px4_msgs/msg/detail/pps_capture__rosidl_typesupport_fastrtps_cpp.hpp\n'}
[1.699580] (px4_msgs) StdoutLine: {'line': b'-- Up-to-date: /home/stepan/ws_ros2/install/px4_msgs/include/px4_msgs/px4_msgs/msg/detail/parameter_set_value_request__rosidl_typesupport_fastrtps_cpp.hpp\n'}
[1.699693] (px4_msgs) StdoutLine: {'line': b'-- Up-to-date: /home/stepan/ws_ros2/install/px4_msgs/include/px4_msgs/px4_msgs/msg/detail/follow_target_status__rosidl_typesupport_fastrtps_cpp.hpp\n'}
[1.699787] (px4_msgs) StdoutLine: {'line': b'-- Up-to-date: /home/stepan/ws_ros2/install/px4_msgs/include/px4_msgs/px4_msgs/msg/detail/vehicle_air_data__rosidl_typesupport_fastrtps_cpp.hpp\n'}
[1.699891] (px4_msgs) StdoutLine: {'line': b'-- Up-to-date: /home/stepan/ws_ros2/install/px4_msgs/include/px4_msgs/px4_msgs/msg/detail/register_ext_component_reply__rosidl_typesupport_fastrtps_cpp.hpp\n'}
[1.699985] (px4_msgs) StdoutLine: {'line': b'-- Up-to-date: /home/stepan/ws_ros2/install/px4_msgs/include/px4_msgs/px4_msgs/msg/detail/qshell_retval__rosidl_typesupport_fastrtps_cpp.hpp\n'}
[1.700075] (px4_msgs) StdoutLine: {'line': b'-- Up-to-date: /home/stepan/ws_ros2/install/px4_msgs/include/px4_msgs/px4_msgs/msg/detail/uavcan_parameter_request__rosidl_typesupport_fastrtps_cpp.hpp\n'}
[1.700176] (px4_msgs) StdoutLine: {'line': b'-- Up-to-date: /home/stepan/ws_ros2/install/px4_msgs/include/px4_msgs/px4_msgs/msg/detail/launch_detection_status__rosidl_typesupport_fastrtps_cpp.hpp\n'}
[1.700286] (px4_msgs) StdoutLine: {'line': b'-- Up-to-date: /home/stepan/ws_ros2/install/px4_msgs/include/px4_msgs/px4_msgs/msg/detail/vehicle_magnetometer__rosidl_typesupport_fastrtps_cpp.hpp\n'}
[1.700395] (px4_msgs) StdoutLine: {'line': b'-- Up-to-date: /home/stepan/ws_ros2/install/px4_msgs/include/px4_msgs/px4_msgs/msg/detail/estimator_gps_status__rosidl_typesupport_fastrtps_cpp.hpp\n'}
[1.700500] (px4_msgs) StdoutLine: {'line': b'-- Up-to-date: /home/stepan/ws_ros2/install/px4_msgs/include/px4_msgs/px4_msgs/msg/detail/ekf2_timestamps__rosidl_typesupport_fastrtps_cpp.hpp\n'}
[1.700600] (px4_msgs) StdoutLine: {'line': b'-- Up-to-date: /home/stepan/ws_ros2/install/px4_msgs/include/px4_msgs/px4_msgs/msg/detail/vehicle_acceleration__rosidl_typesupport_fastrtps_cpp.hpp\n'}
[1.700693] (px4_msgs) StdoutLine: {'line': b'-- Up-to-date: /home/stepan/ws_ros2/install/px4_msgs/include/px4_msgs/px4_msgs/msg/detail/velocity_limits__rosidl_typesupport_fastrtps_cpp.hpp\n'}
[1.700787] (px4_msgs) StdoutLine: {'line': b'-- Up-to-date: /home/stepan/ws_ros2/install/px4_msgs/include/px4_msgs/px4_msgs/msg/detail/airspeed__rosidl_typesupport_fastrtps_cpp.hpp\n'}
[1.700879] (px4_msgs) StdoutLine: {'line': b'-- Up-to-date: /home/stepan/ws_ros2/install/px4_msgs/include/px4_msgs/px4_msgs/msg/detail/follow_target_estimator__rosidl_typesupport_fastrtps_cpp.hpp\n'}
[1.701017] (px4_msgs) StdoutLine: {'line': b'-- Up-to-date: /home/stepan/ws_ros2/install/px4_msgs/include/px4_msgs/px4_msgs/msg/detail/sensor_accel_fifo__rosidl_typesupport_fastrtps_cpp.hpp\n'}
[1.701104] (px4_msgs) StdoutLine: {'line': b'-- Up-to-date: /home/stepan/ws_ros2/install/px4_msgs/include/px4_msgs/px4_msgs/msg/detail/actuator_armed__rosidl_typesupport_fastrtps_cpp.hpp\n'}
[1.701191] (px4_msgs) StdoutLine: {'line': b'-- Up-to-date: /home/stepan/ws_ros2/install/px4_msgs/include/px4_msgs/px4_msgs/msg/detail/px4io_status__rosidl_typesupport_fastrtps_cpp.hpp\n'}
[1.701294] (px4_msgs) StdoutLine: {'line': b'-- Up-to-date: /home/stepan/ws_ros2/install/px4_msgs/include/px4_msgs/px4_msgs/msg/detail/parameter_set_used_request__rosidl_typesupport_fastrtps_cpp.hpp\n'}
[1.701421] (px4_msgs) StdoutLine: {'line': b'-- Up-to-date: /home/stepan/ws_ros2/install/px4_msgs/include/px4_msgs/px4_msgs/msg/detail/estimator_bias3d__rosidl_typesupport_fastrtps_cpp.hpp\n'}
[1.701515] (px4_msgs) StdoutLine: {'line': b'-- Up-to-date: /home/stepan/ws_ros2/install/px4_msgs/include/px4_msgs/px4_msgs/msg/detail/sensor_hygrometer__rosidl_typesupport_fastrtps_cpp.hpp\n'}
[1.701611] (px4_msgs) StdoutLine: {'line': b'-- Up-to-date: /home/stepan/ws_ros2/install/px4_msgs/include/px4_msgs/px4_msgs/msg/detail/event__rosidl_typesupport_fastrtps_cpp.hpp\n'}
[1.701722] (px4_msgs) StdoutLine: {'line': b'-- Up-to-date: /home/stepan/ws_ros2/install/px4_msgs/include/px4_msgs/px4_msgs/msg/detail/vehicle_odometry__rosidl_typesupport_fastrtps_cpp.hpp\n'}
[1.701809] (px4_msgs) StdoutLine: {'line': b'-- Up-to-date: /home/stepan/ws_ros2/install/px4_msgs/include/px4_msgs/px4_msgs/msg/detail/rover_velocity_status__rosidl_typesupport_fastrtps_cpp.hpp\n'}
[1.701904] (px4_msgs) StdoutLine: {'line': b'-- Up-to-date: /home/stepan/ws_ros2/install/px4_msgs/include/px4_msgs/px4_msgs/msg/detail/rover_steering_setpoint__rosidl_typesupport_fastrtps_cpp.hpp\n'}
[1.702016] (px4_msgs) StdoutLine: {'line': b'-- Up-to-date: /home/stepan/ws_ros2/install/px4_msgs/include/px4_msgs/px4_msgs/msg/detail/parameter_set_value_response__rosidl_typesupport_fastrtps_cpp.hpp\n'}
[1.702109] (px4_msgs) StdoutLine: {'line': b'-- Up-to-date: /home/stepan/ws_ros2/install/px4_msgs/include/px4_msgs/px4_msgs/msg/detail/airspeed_validated__rosidl_typesupport_fastrtps_cpp.hpp\n'}
[1.702198] (px4_msgs) StdoutLine: {'line': b'-- Up-to-date: /home/stepan/ws_ros2/install/px4_msgs/include/px4_msgs/px4_msgs/msg/detail/autotune_attitude_control_status__rosidl_typesupport_fastrtps_cpp.hpp\n'}
[1.702298] (px4_msgs) StdoutLine: {'line': b'-- Up-to-date: /home/stepan/ws_ros2/install/px4_msgs/include/px4_msgs/px4_msgs/msg/detail/transponder_report__rosidl_typesupport_fastrtps_cpp.hpp\n'}
[1.702430] (px4_msgs) StdoutLine: {'line': b'-- Up-to-date: /home/stepan/ws_ros2/install/px4_msgs/include/px4_msgs/px4_msgs/msg/detail/actuator_controls_status__rosidl_typesupport_fastrtps_cpp.hpp\n'}
[1.702544] (px4_msgs) StdoutLine: {'line': b'-- Up-to-date: /home/stepan/ws_ros2/install/px4_msgs/include/px4_msgs/px4_msgs/msg/detail/gimbal_controls__rosidl_typesupport_fastrtps_cpp.hpp\n'}
[1.702630] (px4_msgs) StdoutLine: {'line': b'-- Up-to-date: /home/stepan/ws_ros2/install/px4_msgs/include/px4_msgs/px4_msgs/msg/rosidl_typesupport_fastrtps_cpp__visibility_control.h\n'}
[1.702722] (px4_msgs) StdoutLine: {'line': b'-- Up-to-date: /home/stepan/ws_ros2/install/px4_msgs/include/px4_msgs/px4_msgs/srv\n'}
[1.702807] (-) TimerEvent: {}
[1.702917] (px4_msgs) StdoutLine: {'line': b'-- Up-to-date: /home/stepan/ws_ros2/install/px4_msgs/include/px4_msgs/px4_msgs/srv/detail\n'}
[1.703014] (px4_msgs) StdoutLine: {'line': b'-- Up-to-date: /home/stepan/ws_ros2/install/px4_msgs/include/px4_msgs/px4_msgs/srv/detail/dds_fastrtps\n'}
[1.703109] (px4_msgs) StdoutLine: {'line': b'-- Up-to-date: /home/stepan/ws_ros2/install/px4_msgs/include/px4_msgs/px4_msgs/srv/detail/vehicle_command__rosidl_typesupport_fastrtps_cpp.hpp\n'}
[1.703198] (px4_msgs) StdoutLine: {'line': b'-- Up-to-date: /home/stepan/ws_ros2/install/px4_msgs/lib/libpx4_msgs__rosidl_typesupport_fastrtps_cpp.so\n'}
[1.703299] (px4_msgs) StdoutLine: {'line': b'-- Up-to-date: /home/stepan/ws_ros2/install/px4_msgs/include/px4_msgs/px4_msgs\n'}
[1.703396] (px4_msgs) StdoutLine: {'line': b'-- Up-to-date: /home/stepan/ws_ros2/install/px4_msgs/include/px4_msgs/px4_msgs/msg\n'}
[1.703495] (px4_msgs) StdoutLine: {'line': b'-- Up-to-date: /home/stepan/ws_ros2/install/px4_msgs/include/px4_msgs/px4_msgs/msg/detail\n'}
[1.703607] (px4_msgs) StdoutLine: {'line': b'-- Up-to-date: /home/stepan/ws_ros2/install/px4_msgs/include/px4_msgs/px4_msgs/msg/detail/debug_key_value__rosidl_typesupport_introspection_c.h\n'}
[1.703713] (px4_msgs) StdoutLine: {'line': b'-- Up-to-date: /home/stepan/ws_ros2/install/px4_msgs/include/px4_msgs/px4_msgs/msg/detail/vehicle_command_ack__type_support.c\n'}
[1.703806] (px4_msgs) StdoutLine: {'line': b'-- Up-to-date: /home/stepan/ws_ros2/install/px4_msgs/include/px4_msgs/px4_msgs/msg/detail/estimator_states__rosidl_typesupport_introspection_c.h\n'}
[1.703897] (px4_msgs) StdoutLine: {'line': b'-- Up-to-date: /home/stepan/ws_ros2/install/px4_msgs/include/px4_msgs/px4_msgs/msg/detail/autotune_attitude_control_status__rosidl_typesupport_introspection_c.h\n'}
[1.703998] (px4_msgs) StdoutLine: {'line': b'-- Up-to-date: /home/stepan/ws_ros2/install/px4_msgs/include/px4_msgs/px4_msgs/msg/detail/sensor_gyro_fft__rosidl_typesupport_introspection_c.h\n'}
[1.704089] (px4_msgs) StdoutLine: {'line': b'-- Up-to-date: /home/stepan/ws_ros2/install/px4_msgs/include/px4_msgs/px4_msgs/msg/detail/follow_target__type_support.c\n'}
[1.704185] (px4_msgs) StdoutLine: {'line': b'-- Up-to-date: /home/stepan/ws_ros2/install/px4_msgs/include/px4_msgs/px4_msgs/msg/detail/can_interface_status__rosidl_typesupport_introspection_c.h\n'}
[1.704277] (px4_msgs) StdoutLine: {'line': b'-- Up-to-date: /home/stepan/ws_ros2/install/px4_msgs/include/px4_msgs/px4_msgs/msg/detail/estimator_aid_source2d__type_support.c\n'}
[1.704387] (px4_msgs) StdoutLine: {'line': b'-- Up-to-date: /home/stepan/ws_ros2/install/px4_msgs/include/px4_msgs/px4_msgs/msg/detail/sensor_uwb__rosidl_typesupport_introspection_c.h\n'}
[1.704849] (px4_msgs) StdoutLine: {'line': b'-- Up-to-date: /home/stepan/ws_ros2/install/px4_msgs/include/px4_msgs/px4_msgs/msg/detail/gimbal_manager_status__rosidl_typesupport_introspection_c.h\n'}
[1.704963] (px4_msgs) StdoutLine: {'line': b'-- Up-to-date: /home/stepan/ws_ros2/install/px4_msgs/include/px4_msgs/px4_msgs/msg/detail/sensor_gyro__type_support.c\n'}
[1.705065] (px4_msgs) StdoutLine: {'line': b'-- Up-to-date: /home/stepan/ws_ros2/install/px4_msgs/include/px4_msgs/px4_msgs/msg/detail/follow_target_estimator__rosidl_typesupport_introspection_c.h\n'}
[1.705157] (px4_msgs) StdoutLine: {'line': b'-- Up-to-date: /home/stepan/ws_ros2/install/px4_msgs/include/px4_msgs/px4_msgs/msg/detail/rtl_status__rosidl_typesupport_introspection_c.h\n'}
[1.705250] (px4_msgs) StdoutLine: {'line': b'-- Up-to-date: /home/stepan/ws_ros2/install/px4_msgs/include/px4_msgs/px4_msgs/msg/detail/debug_value__type_support.c\n'}
[1.705425] (px4_msgs) StdoutLine: {'line': b'-- Up-to-date: /home/stepan/ws_ros2/install/px4_msgs/include/px4_msgs/px4_msgs/msg/detail/onboard_computer_status__type_support.c\n'}
[1.705522] (px4_msgs) StdoutLine: {'line': b'-- Up-to-date: /home/stepan/ws_ros2/install/px4_msgs/include/px4_msgs/px4_msgs/msg/detail/gpio_in__rosidl_typesupport_introspection_c.h\n'}
[1.705615] (px4_msgs) StdoutLine: {'line': b'-- Up-to-date: /home/stepan/ws_ros2/install/px4_msgs/include/px4_msgs/px4_msgs/msg/detail/generator_status__rosidl_typesupport_introspection_c.h\n'}
[1.705744] (px4_msgs) StdoutLine: {'line': b'-- Up-to-date: /home/stepan/ws_ros2/install/px4_msgs/include/px4_msgs/px4_msgs/msg/detail/launch_detection_status__type_support.c\n'}
[1.705831] (px4_msgs) StdoutLine: {'line': b'-- Up-to-date: /home/stepan/ws_ros2/install/px4_msgs/include/px4_msgs/px4_msgs/msg/detail/camera_status__rosidl_typesupport_introspection_c.h\n'}
[1.705920] (px4_msgs) StdoutLine: {'line': b'-- Up-to-date: /home/stepan/ws_ros2/install/px4_msgs/include/px4_msgs/px4_msgs/msg/detail/sensor_uwb__type_support.c\n'}
[1.706017] (px4_msgs) StdoutLine: {'line': b'-- Up-to-date: /home/stepan/ws_ros2/install/px4_msgs/include/px4_msgs/px4_msgs/msg/detail/ulog_stream__type_support.c\n'}
[1.706104] (px4_msgs) StdoutLine: {'line': b'-- Up-to-date: /home/stepan/ws_ros2/install/px4_msgs/include/px4_msgs/px4_msgs/msg/detail/gimbal_device_information__type_support.c\n'}
[1.706220] (px4_msgs) StdoutLine: {'line': b'-- Up-to-date: /home/stepan/ws_ros2/install/px4_msgs/include/px4_msgs/px4_msgs/msg/detail/sensor_baro__rosidl_typesupport_introspection_c.h\n'}
[1.706306] (px4_msgs) StdoutLine: {'line': b'-- Up-to-date: /home/stepan/ws_ros2/install/px4_msgs/include/px4_msgs/px4_msgs/msg/detail/distance_sensor__type_support.c\n'}
[1.706404] (px4_msgs) StdoutLine: {'line': b'-- Up-to-date: /home/stepan/ws_ros2/install/px4_msgs/include/px4_msgs/px4_msgs/msg/detail/pure_pursuit_status__type_support.c\n'}
[1.706495] (px4_msgs) StdoutLine: {'line': b'-- Up-to-date: /home/stepan/ws_ros2/install/px4_msgs/include/px4_msgs/px4_msgs/msg/detail/power_monitor__rosidl_typesupport_introspection_c.h\n'}
[1.706579] (px4_msgs) StdoutLine: {'line': b'-- Up-to-date: /home/stepan/ws_ros2/install/px4_msgs/include/px4_msgs/px4_msgs/msg/detail/home_position__type_support.c\n'}
[1.706684] (px4_msgs) StdoutLine: {'line': b'-- Up-to-date: /home/stepan/ws_ros2/install/px4_msgs/include/px4_msgs/px4_msgs/msg/detail/mavlink_log__type_support.c\n'}
[1.706778] (px4_msgs) StdoutLine: {'line': b'-- Up-to-date: /home/stepan/ws_ros2/install/px4_msgs/include/px4_msgs/px4_msgs/msg/detail/position_setpoint__rosidl_typesupport_introspection_c.h\n'}
[1.706868] (px4_msgs) StdoutLine: {'line': b'-- Up-to-date: /home/stepan/ws_ros2/install/px4_msgs/include/px4_msgs/px4_msgs/msg/detail/position_setpoint_triplet__rosidl_typesupport_introspection_c.h\n'}
[1.706966] (px4_msgs) StdoutLine: {'line': b'-- Up-to-date: /home/stepan/ws_ros2/install/px4_msgs/include/px4_msgs/px4_msgs/msg/detail/gimbal_manager_set_attitude__type_support.c\n'}
[1.707072] (px4_msgs) StdoutLine: {'line': b'-- Up-to-date: /home/stepan/ws_ros2/install/px4_msgs/include/px4_msgs/px4_msgs/msg/detail/gpio_config__rosidl_typesupport_introspection_c.h\n'}
[1.707164] (px4_msgs) StdoutLine: {'line': b'-- Up-to-date: /home/stepan/ws_ros2/install/px4_msgs/include/px4_msgs/px4_msgs/msg/detail/dataman_response__rosidl_typesupport_introspection_c.h\n'}
[1.707255] (px4_msgs) StdoutLine: {'line': b'-- Up-to-date: /home/stepan/ws_ros2/install/px4_msgs/include/px4_msgs/px4_msgs/msg/detail/gps_inject_data__rosidl_typesupport_introspection_c.h\n'}
[1.707375] (px4_msgs) StdoutLine: {'line': b'-- Up-to-date: /home/stepan/ws_ros2/install/px4_msgs/include/px4_msgs/px4_msgs/msg/detail/qshell_retval__rosidl_typesupport_introspection_c.h\n'}
[1.707503] (px4_msgs) StdoutLine: {'line': b'-- Up-to-date: /home/stepan/ws_ros2/install/px4_msgs/include/px4_msgs/px4_msgs/msg/detail/estimator_innovations__rosidl_typesupport_introspection_c.h\n'}
[1.707592] (px4_msgs) StdoutLine: {'line': b'-- Up-to-date: /home/stepan/ws_ros2/install/px4_msgs/include/px4_msgs/px4_msgs/msg/detail/parameter_set_value_response__type_support.c\n'}
[1.707680] (px4_msgs) StdoutLine: {'line': b'-- Up-to-date: /home/stepan/ws_ros2/install/px4_msgs/include/px4_msgs/px4_msgs/msg/detail/estimator_gps_status__rosidl_typesupport_introspection_c.h\n'}
[1.707766] (px4_msgs) StdoutLine: {'line': b'-- Up-to-date: /home/stepan/ws_ros2/install/px4_msgs/include/px4_msgs/px4_msgs/msg/detail/gpio_in__type_support.c\n'}
[1.707861] (px4_msgs) StdoutLine: {'line': b'-- Up-to-date: /home/stepan/ws_ros2/install/px4_msgs/include/px4_msgs/px4_msgs/msg/detail/wind__rosidl_typesupport_introspection_c.h\n'}
[1.707950] (px4_msgs) StdoutLine: {'line': b'-- Up-to-date: /home/stepan/ws_ros2/install/px4_msgs/include/px4_msgs/px4_msgs/msg/detail/estimator_bias__rosidl_typesupport_introspection_c.h\n'}
[1.708068] (px4_msgs) StdoutLine: {'line': b'-- Up-to-date: /home/stepan/ws_ros2/install/px4_msgs/include/px4_msgs/px4_msgs/msg/detail/takeoff_status__rosidl_typesupport_introspection_c.h\n'}
[1.708173] (px4_msgs) StdoutLine: {'line': b'-- Up-to-date: /home/stepan/ws_ros2/install/px4_msgs/include/px4_msgs/px4_msgs/msg/detail/follow_target_estimator__type_support.c\n'}
[1.708258] (px4_msgs) StdoutLine: {'line': b'-- Up-to-date: /home/stepan/ws_ros2/install/px4_msgs/include/px4_msgs/px4_msgs/msg/detail/manual_control_switches__rosidl_typesupport_introspection_c.h\n'}
[1.708369] (px4_msgs) StdoutLine: {'line': b'-- Up-to-date: /home/stepan/ws_ros2/install/px4_msgs/include/px4_msgs/px4_msgs/msg/detail/orb_test_medium__rosidl_typesupport_introspection_c.h\n'}
[1.708587] (px4_msgs) StdoutLine: {'line': b'-- Up-to-date: /home/stepan/ws_ros2/install/px4_msgs/include/px4_msgs/px4_msgs/msg/detail/launch_detection_status__rosidl_typesupport_introspection_c.h\n'}
[1.708682] (px4_msgs) StdoutLine: {'line': b'-- Up-to-date: /home/stepan/ws_ros2/install/px4_msgs/include/px4_msgs/px4_msgs/msg/detail/estimator_aid_source3d__rosidl_typesupport_introspection_c.h\n'}
[1.708790] (px4_msgs) StdoutLine: {'line': b'-- Up-to-date: /home/stepan/ws_ros2/install/px4_msgs/include/px4_msgs/px4_msgs/msg/detail/open_drone_id_system__rosidl_typesupport_introspection_c.h\n'}
[1.708887] (px4_msgs) StdoutLine: {'line': b'-- Up-to-date: /home/stepan/ws_ros2/install/px4_msgs/include/px4_msgs/px4_msgs/msg/detail/rover_attitude_setpoint__type_support.c\n'}
[1.708980] (px4_msgs) StdoutLine: {'line': b'-- Up-to-date: /home/stepan/ws_ros2/install/px4_msgs/include/px4_msgs/px4_msgs/msg/detail/event__type_support.c\n'}
[1.709079] (px4_msgs) StdoutLine: {'line': b'-- Up-to-date: /home/stepan/ws_ros2/install/px4_msgs/include/px4_msgs/px4_msgs/msg/detail/sensor_selection__rosidl_typesupport_introspection_c.h\n'}
[1.709222] (px4_msgs) StdoutLine: {'line': b'-- Up-to-date: /home/stepan/ws_ros2/install/px4_msgs/include/px4_msgs/px4_msgs/msg/detail/trajectory_setpoint6dof__type_support.c\n'}
[1.709306] (px4_msgs) StdoutLine: {'line': b'-- Up-to-date: /home/stepan/ws_ros2/install/px4_msgs/include/px4_msgs/px4_msgs/msg/detail/internal_combustion_engine_control__type_support.c\n'}
[1.709409] (px4_msgs) StdoutLine: {'line': b'-- Up-to-date: /home/stepan/ws_ros2/install/px4_msgs/include/px4_msgs/px4_msgs/msg/detail/esc_report__type_support.c\n'}
[1.709507] (px4_msgs) StdoutLine: {'line': b'-- Up-to-date: /home/stepan/ws_ros2/install/px4_msgs/include/px4_msgs/px4_msgs/msg/detail/debug_value__rosidl_typesupport_introspection_c.h\n'}
[1.709595] (px4_msgs) StdoutLine: {'line': b'-- Up-to-date: /home/stepan/ws_ros2/install/px4_msgs/include/px4_msgs/px4_msgs/msg/detail/estimator_aid_source1d__type_support.c\n'}
[1.709689] (px4_msgs) StdoutLine: {'line': b'-- Up-to-date: /home/stepan/ws_ros2/install/px4_msgs/include/px4_msgs/px4_msgs/msg/detail/sensor_gyro_fifo__type_support.c\n'}
[1.709780] (px4_msgs) StdoutLine: {'line': b'-- Up-to-date: /home/stepan/ws_ros2/install/px4_msgs/include/px4_msgs/px4_msgs/msg/detail/heater_status__type_support.c\n'}
[1.709872] (px4_msgs) StdoutLine: {'line': b'-- Up-to-date: /home/stepan/ws_ros2/install/px4_msgs/include/px4_msgs/px4_msgs/msg/detail/sensors_status_imu__rosidl_typesupport_introspection_c.h\n'}
[1.709962] (px4_msgs) StdoutLine: {'line': b'-- Up-to-date: /home/stepan/ws_ros2/install/px4_msgs/include/px4_msgs/px4_msgs/msg/detail/vehicle_local_position__type_support.c\n'}
[1.710051] (px4_msgs) StdoutLine: {'line': b'-- Up-to-date: /home/stepan/ws_ros2/install/px4_msgs/include/px4_msgs/px4_msgs/msg/detail/sensors_status__rosidl_typesupport_introspection_c.h\n'}
[1.710155] (px4_msgs) StdoutLine: {'line': b'-- Up-to-date: /home/stepan/ws_ros2/install/px4_msgs/include/px4_msgs/px4_msgs/msg/detail/goto_setpoint__type_support.c\n'}
[1.710270] (px4_msgs) StdoutLine: {'line': b'-- Up-to-date: /home/stepan/ws_ros2/install/px4_msgs/include/px4_msgs/px4_msgs/msg/detail/gpio_config__type_support.c\n'}
[1.710355] (px4_msgs) StdoutLine: {'line': b'-- Up-to-date: /home/stepan/ws_ros2/install/px4_msgs/include/px4_msgs/px4_msgs/msg/detail/pwm_input__type_support.c\n'}
[1.710467] (px4_msgs) StdoutLine: {'line': b'-- Up-to-date: /home/stepan/ws_ros2/install/px4_msgs/include/px4_msgs/px4_msgs/msg/detail/parameter_reset_request__type_support.c\n'}
[1.710579] (px4_msgs) StdoutLine: {'line': b'-- Up-to-date: /home/stepan/ws_ros2/install/px4_msgs/include/px4_msgs/px4_msgs/msg/detail/differential_pressure__rosidl_typesupport_introspection_c.h\n'}
[1.710670] (px4_msgs) StdoutLine: {'line': b'-- Up-to-date: /home/stepan/ws_ros2/install/px4_msgs/include/px4_msgs/px4_msgs/msg/detail/vehicle_optical_flow_vel__type_support.c\n'}
[1.710760] (px4_msgs) StdoutLine: {'line': b'-- Up-to-date: /home/stepan/ws_ros2/install/px4_msgs/include/px4_msgs/px4_msgs/msg/detail/ackermann_velocity_setpoint__type_support.c\n'}
[1.710871] (px4_msgs) StdoutLine: {'line': b'-- Up-to-date: /home/stepan/ws_ros2/install/px4_msgs/include/px4_msgs/px4_msgs/msg/detail/actuator_servos_trim__type_support.c\n'}
[1.710971] (px4_msgs) StdoutLine: {'line': b'-- Up-to-date: /home/stepan/ws_ros2/install/px4_msgs/include/px4_msgs/px4_msgs/msg/detail/sensors_status_imu__type_support.c\n'}
[1.711062] (px4_msgs) StdoutLine: {'line': b'-- Up-to-date: /home/stepan/ws_ros2/install/px4_msgs/include/px4_msgs/px4_msgs/msg/detail/vehicle_optical_flow_vel__rosidl_typesupport_introspection_c.h\n'}
[1.711178] (px4_msgs) StdoutLine: {'line': b'-- Up-to-date: /home/stepan/ws_ros2/install/px4_msgs/include/px4_msgs/px4_msgs/msg/detail/vehicle_attitude_setpoint__rosidl_typesupport_introspection_c.h\n'}
[1.711266] (px4_msgs) StdoutLine: {'line': b'-- Up-to-date: /home/stepan/ws_ros2/install/px4_msgs/include/px4_msgs/px4_msgs/msg/detail/satellite_info__rosidl_typesupport_introspection_c.h\n'}
[1.711367] (px4_msgs) StdoutLine: {'line': b'-- Up-to-date: /home/stepan/ws_ros2/install/px4_msgs/include/px4_msgs/px4_msgs/msg/detail/heater_status__rosidl_typesupport_introspection_c.h\n'}
[1.711479] (px4_msgs) StdoutLine: {'line': b'-- Up-to-date: /home/stepan/ws_ros2/install/px4_msgs/include/px4_msgs/px4_msgs/msg/detail/position_controller_status__rosidl_typesupport_introspection_c.h\n'}
[1.711566] (px4_msgs) StdoutLine: {'line': b'-- Up-to-date: /home/stepan/ws_ros2/install/px4_msgs/include/px4_msgs/px4_msgs/msg/detail/sensor_accel__rosidl_typesupport_introspection_c.h\n'}
[1.711650] (px4_msgs) StdoutLine: {'line': b'-- Up-to-date: /home/stepan/ws_ros2/install/px4_msgs/include/px4_msgs/px4_msgs/msg/detail/figure_eight_status__type_support.c\n'}
[1.711733] (px4_msgs) StdoutLine: {'line': b'-- Up-to-date: /home/stepan/ws_ros2/install/px4_msgs/include/px4_msgs/px4_msgs/msg/detail/hover_thrust_estimate__rosidl_typesupport_introspection_c.h\n'}
[1.711831] (px4_msgs) StdoutLine: {'line': b'-- Up-to-date: /home/stepan/ws_ros2/install/px4_msgs/include/px4_msgs/px4_msgs/msg/detail/camera_trigger__type_support.c\n'}
[1.711941] (px4_msgs) StdoutLine: {'line': b'-- Up-to-date: /home/stepan/ws_ros2/install/px4_msgs/include/px4_msgs/px4_msgs/msg/detail/mode_completed__rosidl_typesupport_introspection_c.h\n'}
[1.712027] (px4_msgs) StdoutLine: {'line': b'-- Up-to-date: /home/stepan/ws_ros2/install/px4_msgs/include/px4_msgs/px4_msgs/msg/detail/vehicle_torque_setpoint__rosidl_typesupport_introspection_c.h\n'}
[1.712115] (px4_msgs) StdoutLine: {'line': b'-- Up-to-date: /home/stepan/ws_ros2/install/px4_msgs/include/px4_msgs/px4_msgs/msg/detail/sensor_hygrometer__type_support.c\n'}
[1.712231] (px4_msgs) StdoutLine: {'line': b'-- Up-to-date: /home/stepan/ws_ros2/install/px4_msgs/include/px4_msgs/px4_msgs/msg/detail/iridiumsbd_status__rosidl_typesupport_introspection_c.h\n'}
[1.712326] (px4_msgs) StdoutLine: {'line': b'-- Up-to-date: /home/stepan/ws_ros2/install/px4_msgs/include/px4_msgs/px4_msgs/msg/detail/vehicle_thrust_setpoint__rosidl_typesupport_introspection_c.h\n'}
[1.712516] (px4_msgs) StdoutLine: {'line': b'-- Up-to-date: /home/stepan/ws_ros2/install/px4_msgs/include/px4_msgs/px4_msgs/msg/detail/rover_velocity_status__rosidl_typesupport_introspection_c.h\n'}
[1.712658] (px4_msgs) StdoutLine: {'line': b'-- Up-to-date: /home/stepan/ws_ros2/install/px4_msgs/include/px4_msgs/px4_msgs/msg/detail/event__rosidl_typesupport_introspection_c.h\n'}
[1.712780] (px4_msgs) StdoutLine: {'line': b'-- Up-to-date: /home/stepan/ws_ros2/install/px4_msgs/include/px4_msgs/px4_msgs/msg/detail/tecs_status__rosidl_typesupport_introspection_c.h\n'}
[1.712845] (px4_msgs) StdoutLine: {'line': b'-- Up-to-date: /home/stepan/ws_ros2/install/px4_msgs/include/px4_msgs/px4_msgs/msg/detail/gps_inject_data__type_support.c\n'}
[1.712904] (px4_msgs) StdoutLine: {'line': b'-- Up-to-date: /home/stepan/ws_ros2/install/px4_msgs/include/px4_msgs/px4_msgs/msg/detail/wheel_encoders__rosidl_typesupport_introspection_c.h\n'}
[1.712960] (px4_msgs) StdoutLine: {'line': b'-- Up-to-date: /home/stepan/ws_ros2/install/px4_msgs/include/px4_msgs/px4_msgs/msg/detail/normalized_unsigned_setpoint__rosidl_typesupport_introspection_c.h\n'}
[1.713016] (px4_msgs) StdoutLine: {'line': b'-- Up-to-date: /home/stepan/ws_ros2/install/px4_msgs/include/px4_msgs/px4_msgs/msg/detail/config_overrides__type_support.c\n'}
[1.713070] (px4_msgs) StdoutLine: {'line': b'-- Up-to-date: /home/stepan/ws_ros2/install/px4_msgs/include/px4_msgs/px4_msgs/msg/detail/irlock_report__rosidl_typesupport_introspection_c.h\n'}
[1.713125] (px4_msgs) StdoutLine: {'line': b'-- Up-to-date: /home/stepan/ws_ros2/install/px4_msgs/include/px4_msgs/px4_msgs/msg/detail/gimbal_manager_status__type_support.c\n'}
[1.713181] (px4_msgs) StdoutLine: {'line': b'-- Up-to-date: /home/stepan/ws_ros2/install/px4_msgs/include/px4_msgs/px4_msgs/msg/detail/position_controller_status__type_support.c\n'}
[1.713235] (px4_msgs) StdoutLine: {'line': b'-- Up-to-date: /home/stepan/ws_ros2/install/px4_msgs/include/px4_msgs/px4_msgs/msg/detail/vehicle_air_data__type_support.c\n'}
[1.713290] (px4_msgs) StdoutLine: {'line': b'-- Up-to-date: /home/stepan/ws_ros2/install/px4_msgs/include/px4_msgs/px4_msgs/msg/detail/airspeed_validated__type_support.c\n'}
[1.713346] (px4_msgs) StdoutLine: {'line': b'-- Up-to-date: /home/stepan/ws_ros2/install/px4_msgs/include/px4_msgs/px4_msgs/msg/detail/action_request__type_support.c\n'}
[1.713464] (px4_msgs) StdoutLine: {'line': b'-- Up-to-date: /home/stepan/ws_ros2/install/px4_msgs/include/px4_msgs/px4_msgs/msg/detail/open_drone_id_self_id__type_support.c\n'}
[1.713518] (px4_msgs) StdoutLine: {'line': b'-- Up-to-date: /home/stepan/ws_ros2/install/px4_msgs/include/px4_msgs/px4_msgs/msg/detail/gimbal_device_attitude_status__rosidl_typesupport_introspection_c.h\n'}
[1.713576] (px4_msgs) StdoutLine: {'line': b'-- Up-to-date: /home/stepan/ws_ros2/install/px4_msgs/include/px4_msgs/px4_msgs/msg/detail/rate_ctrl_status__type_support.c\n'}
[1.713629] (px4_msgs) StdoutLine: {'line': b'-- Up-to-date: /home/stepan/ws_ros2/install/px4_msgs/include/px4_msgs/px4_msgs/msg/detail/landing_gear__rosidl_typesupport_introspection_c.h\n'}
[1.713684] (px4_msgs) StdoutLine: {'line': b'-- Up-to-date: /home/stepan/ws_ros2/install/px4_msgs/include/px4_msgs/px4_msgs/msg/detail/landing_gear_wheel__rosidl_typesupport_introspection_c.h\n'}
[1.713741] (px4_msgs) StdoutLine: {'line': b'-- Up-to-date: /home/stepan/ws_ros2/install/px4_msgs/include/px4_msgs/px4_msgs/msg/detail/flight_phase_estimation__rosidl_typesupport_introspection_c.h\n'}
[1.713796] (px4_msgs) StdoutLine: {'line': b'-- Up-to-date: /home/stepan/ws_ros2/install/px4_msgs/include/px4_msgs/px4_msgs/msg/detail/rtl_time_estimate__rosidl_typesupport_introspection_c.h\n'}
[1.713852] (px4_msgs) StdoutLine: {'line': b'-- Up-to-date: /home/stepan/ws_ros2/install/px4_msgs/include/px4_msgs/px4_msgs/msg/detail/vehicle_attitude__type_support.c\n'}
[1.713907] (px4_msgs) StdoutLine: {'line': b'-- Up-to-date: /home/stepan/ws_ros2/install/px4_msgs/include/px4_msgs/px4_msgs/msg/detail/qshell_req__rosidl_typesupport_introspection_c.h\n'}
[1.713962] (px4_msgs) StdoutLine: {'line': b'-- Up-to-date: /home/stepan/ws_ros2/install/px4_msgs/include/px4_msgs/px4_msgs/msg/detail/logger_status__rosidl_typesupport_introspection_c.h\n'}
[1.714017] (px4_msgs) StdoutLine: {'line': b'-- Up-to-date: /home/stepan/ws_ros2/install/px4_msgs/include/px4_msgs/px4_msgs/msg/detail/geofence_result__type_support.c\n'}
[1.714095] (px4_msgs) StdoutLine: {'line': b'-- Up-to-date: /home/stepan/ws_ros2/install/px4_msgs/include/px4_msgs/px4_msgs/msg/detail/vehicle_imu_status__rosidl_typesupport_introspection_c.h\n'}
[1.714146] (px4_msgs) StdoutLine: {'line': b'-- Up-to-date: /home/stepan/ws_ros2/install/px4_msgs/include/px4_msgs/px4_msgs/msg/detail/tiltrotor_extra_controls__type_support.c\n'}
[1.714199] (px4_msgs) StdoutLine: {'line': b'-- Up-to-date: /home/stepan/ws_ros2/install/px4_msgs/include/px4_msgs/px4_msgs/msg/detail/geofence_result__rosidl_typesupport_introspection_c.h\n'}
[1.714254] (px4_msgs) StdoutLine: {'line': b'-- Up-to-date: /home/stepan/ws_ros2/install/px4_msgs/include/px4_msgs/px4_msgs/msg/detail/landing_target_innovations__rosidl_typesupport_introspection_c.h\n'}
[1.714333] (px4_msgs) StdoutLine: {'line': b'-- Up-to-date: /home/stepan/ws_ros2/install/px4_msgs/include/px4_msgs/px4_msgs/msg/detail/estimator_status_flags__type_support.c\n'}
[1.714399] (px4_msgs) StdoutLine: {'line': b'-- Up-to-date: /home/stepan/ws_ros2/install/px4_msgs/include/px4_msgs/px4_msgs/msg/detail/sensor_gnss_relative__type_support.c\n'}
[1.714454] (px4_msgs) StdoutLine: {'line': b'-- Up-to-date: /home/stepan/ws_ros2/install/px4_msgs/include/px4_msgs/px4_msgs/msg/detail/iridiumsbd_status__type_support.c\n'}
[1.714504] (px4_msgs) StdoutLine: {'line': b'-- Up-to-date: /home/stepan/ws_ros2/install/px4_msgs/include/px4_msgs/px4_msgs/msg/detail/ping__type_support.c\n'}
[1.714554] (px4_msgs) StdoutLine: {'line': b'-- Up-to-date: /home/stepan/ws_ros2/install/px4_msgs/include/px4_msgs/px4_msgs/msg/detail/rover_rate_status__rosidl_typesupport_introspection_c.h\n'}
[1.714622] (px4_msgs) StdoutLine: {'line': b'-- Up-to-date: /home/stepan/ws_ros2/install/px4_msgs/include/px4_msgs/px4_msgs/msg/detail/airspeed_validated__rosidl_typesupport_introspection_c.h\n'}
[1.714674] (px4_msgs) StdoutLine: {'line': b'-- Up-to-date: /home/stepan/ws_ros2/install/px4_msgs/include/px4_msgs/px4_msgs/msg/detail/yaw_estimator_status__type_support.c\n'}
[1.714725] (px4_msgs) StdoutLine: {'line': b'-- Up-to-date: /home/stepan/ws_ros2/install/px4_msgs/include/px4_msgs/px4_msgs/msg/detail/system_power__rosidl_typesupport_introspection_c.h\n'}
[1.714776] (px4_msgs) StdoutLine: {'line': b'-- Up-to-date: /home/stepan/ws_ros2/install/px4_msgs/include/px4_msgs/px4_msgs/msg/detail/logger_status__type_support.c\n'}
[1.714826] (px4_msgs) StdoutLine: {'line': b'-- Up-to-date: /home/stepan/ws_ros2/install/px4_msgs/include/px4_msgs/px4_msgs/msg/detail/rover_rate_setpoint__rosidl_typesupport_introspection_c.h\n'}
[1.714877] (px4_msgs) StdoutLine: {'line': b'-- Up-to-date: /home/stepan/ws_ros2/install/px4_msgs/include/px4_msgs/px4_msgs/msg/detail/sensor_airflow__rosidl_typesupport_introspection_c.h\n'}
[1.714928] (px4_msgs) StdoutLine: {'line': b'-- Up-to-date: /home/stepan/ws_ros2/install/px4_msgs/include/px4_msgs/px4_msgs/msg/detail/transponder_report__rosidl_typesupport_introspection_c.h\n'}
[1.714985] (px4_msgs) StdoutLine: {'line': b'-- Up-to-date: /home/stepan/ws_ros2/install/px4_msgs/include/px4_msgs/px4_msgs/msg/detail/estimator_event_flags__rosidl_typesupport_introspection_c.h\n'}
[1.715040] (px4_msgs) StdoutLine: {'line': b'-- Up-to-date: /home/stepan/ws_ros2/install/px4_msgs/include/px4_msgs/px4_msgs/msg/detail/px4io_status__type_support.c\n'}
[1.715095] (px4_msgs) StdoutLine: {'line': b'-- Up-to-date: /home/stepan/ws_ros2/install/px4_msgs/include/px4_msgs/px4_msgs/msg/detail/power_button_state__rosidl_typesupport_introspection_c.h\n'}
[1.715162] (px4_msgs) StdoutLine: {'line': b'-- Up-to-date: /home/stepan/ws_ros2/install/px4_msgs/include/px4_msgs/px4_msgs/msg/detail/gimbal_controls__rosidl_typesupport_introspection_c.h\n'}
[1.715219] (px4_msgs) StdoutLine: {'line': b'-- Up-to-date: /home/stepan/ws_ros2/install/px4_msgs/include/px4_msgs/px4_msgs/msg/detail/health_report__rosidl_typesupport_introspection_c.h\n'}
[1.715273] (px4_msgs) StdoutLine: {'line': b'-- Up-to-date: /home/stepan/ws_ros2/install/px4_msgs/include/px4_msgs/px4_msgs/msg/detail/internal_combustion_engine_control__rosidl_typesupport_introspection_c.h\n'}
[1.715342] (px4_msgs) StdoutLine: {'line': b'-- Up-to-date: /home/stepan/ws_ros2/install/px4_msgs/include/px4_msgs/px4_msgs/msg/detail/qshell_retval__type_support.c\n'}
[1.715409] (px4_msgs) StdoutLine: {'line': b'-- Up-to-date: /home/stepan/ws_ros2/install/px4_msgs/include/px4_msgs/px4_msgs/msg/detail/mission__rosidl_typesupport_introspection_c.h\n'}
[1.715463] (px4_msgs) StdoutLine: {'line': b'-- Up-to-date: /home/stepan/ws_ros2/install/px4_msgs/include/px4_msgs/px4_msgs/msg/detail/estimator_event_flags__type_support.c\n'}
[1.715517] (px4_msgs) StdoutLine: {'line': b'-- Up-to-date: /home/stepan/ws_ros2/install/px4_msgs/include/px4_msgs/px4_msgs/msg/detail/debug_key_value__type_support.c\n'}
[1.715571] (px4_msgs) StdoutLine: {'line': b'-- Up-to-date: /home/stepan/ws_ros2/install/px4_msgs/include/px4_msgs/px4_msgs/msg/detail/open_drone_id_arm_status__rosidl_typesupport_introspection_c.h\n'}
[1.715626] (px4_msgs) StdoutLine: {'line': b'-- Up-to-date: /home/stepan/ws_ros2/install/px4_msgs/include/px4_msgs/px4_msgs/msg/detail/mag_worker_data__rosidl_typesupport_introspection_c.h\n'}
[1.715680] (px4_msgs) StdoutLine: {'line': b'-- Up-to-date: /home/stepan/ws_ros2/install/px4_msgs/include/px4_msgs/px4_msgs/msg/detail/estimator_status__rosidl_typesupport_introspection_c.h\n'}
[1.715734] (px4_msgs) StdoutLine: {'line': b'-- Up-to-date: /home/stepan/ws_ros2/install/px4_msgs/include/px4_msgs/px4_msgs/msg/detail/failsafe_flags__type_support.c\n'}
[1.715788] (px4_msgs) StdoutLine: {'line': b'-- Up-to-date: /home/stepan/ws_ros2/install/px4_msgs/include/px4_msgs/px4_msgs/msg/detail/sensors_status__type_support.c\n'}
[1.715842] (px4_msgs) StdoutLine: {'line': b'-- Up-to-date: /home/stepan/ws_ros2/install/px4_msgs/include/px4_msgs/px4_msgs/msg/detail/rc_parameter_map__type_support.c\n'}
[1.715896] (px4_msgs) StdoutLine: {'line': b'-- Up-to-date: /home/stepan/ws_ros2/install/px4_msgs/include/px4_msgs/px4_msgs/msg/detail/velocity_limits__type_support.c\n'}
[1.715957] (px4_msgs) StdoutLine: {'line': b'-- Up-to-date: /home/stepan/ws_ros2/install/px4_msgs/include/px4_msgs/px4_msgs/msg/detail/px4io_status__rosidl_typesupport_introspection_c.h\n'}
[1.716076] (px4_msgs) StdoutLine: {'line': b'-- Up-to-date: /home/stepan/ws_ros2/install/px4_msgs/include/px4_msgs/px4_msgs/msg/detail/geofence_status__type_support.c\n'}
[1.716162] (px4_msgs) StdoutLine: {'line': b'-- Up-to-date: /home/stepan/ws_ros2/install/px4_msgs/include/px4_msgs/px4_msgs/msg/detail/ackermann_velocity_setpoint__rosidl_typesupport_introspection_c.h\n'}
[1.716254] (px4_msgs) StdoutLine: {'line': b'-- Up-to-date: /home/stepan/ws_ros2/install/px4_msgs/include/px4_msgs/px4_msgs/msg/detail/parameter_set_value_request__rosidl_typesupport_introspection_c.h\n'}
[1.716308] (px4_msgs) StdoutLine: {'line': b'-- Up-to-date: /home/stepan/ws_ros2/install/px4_msgs/include/px4_msgs/px4_msgs/msg/detail/gimbal_manager_set_attitude__rosidl_typesupport_introspection_c.h\n'}
[1.716373] (px4_msgs) StdoutLine: {'line': b'-- Up-to-date: /home/stepan/ws_ros2/install/px4_msgs/include/px4_msgs/px4_msgs/msg/detail/sensor_gyro_fft__type_support.c\n'}
[1.716469] (px4_msgs) StdoutLine: {'line': b'-- Up-to-date: /home/stepan/ws_ros2/install/px4_msgs/include/px4_msgs/px4_msgs/msg/detail/gpio_out__type_support.c\n'}
[1.716557] (px4_msgs) StdoutLine: {'line': b'-- Up-to-date: /home/stepan/ws_ros2/install/px4_msgs/include/px4_msgs/px4_msgs/msg/detail/vtol_vehicle_status__type_support.c\n'}
[1.716636] (px4_msgs) StdoutLine: {'line': b'-- Up-to-date: /home/stepan/ws_ros2/install/px4_msgs/include/px4_msgs/px4_msgs/msg/detail/sensor_hygrometer__rosidl_typesupport_introspection_c.h\n'}
[1.716720] (px4_msgs) StdoutLine: {'line': b'-- Up-to-date: /home/stepan/ws_ros2/install/px4_msgs/include/px4_msgs/px4_msgs/msg/detail/navigator_mission_item__type_support.c\n'}
[1.716788] (px4_msgs) StdoutLine: {'line': b'-- Up-to-date: /home/stepan/ws_ros2/install/px4_msgs/include/px4_msgs/px4_msgs/msg/detail/sensor_preflight_mag__rosidl_typesupport_introspection_c.h\n'}
[1.716874] (px4_msgs) StdoutLine: {'line': b'-- Up-to-date: /home/stepan/ws_ros2/install/px4_msgs/include/px4_msgs/px4_msgs/msg/detail/flight_phase_estimation__type_support.c\n'}
[1.717014] (px4_msgs) StdoutLine: {'line': b'-- Up-to-date: /home/stepan/ws_ros2/install/px4_msgs/include/px4_msgs/px4_msgs/msg/detail/open_drone_id_operator_id__type_support.c\n'}
[1.717078] (px4_msgs) StdoutLine: {'line': b'-- Up-to-date: /home/stepan/ws_ros2/install/px4_msgs/include/px4_msgs/px4_msgs/msg/detail/vehicle_constraints__rosidl_typesupport_introspection_c.h\n'}
[1.717142] (px4_msgs) StdoutLine: {'line': b'-- Up-to-date: /home/stepan/ws_ros2/install/px4_msgs/include/px4_msgs/px4_msgs/msg/detail/vehicle_roi__type_support.c\n'}
[1.717197] (px4_msgs) StdoutLine: {'line': b'-- Up-to-date: /home/stepan/ws_ros2/install/px4_msgs/include/px4_msgs/px4_msgs/msg/detail/register_ext_component_request__rosidl_typesupport_introspection_c.h\n'}
[1.717250] (px4_msgs) StdoutLine: {'line': b'-- Up-to-date: /home/stepan/ws_ros2/install/px4_msgs/include/px4_msgs/px4_msgs/msg/detail/collision_constraints__rosidl_typesupport_introspection_c.h\n'}
[1.717302] (px4_msgs) StdoutLine: {'line': b'-- Up-to-date: /home/stepan/ws_ros2/install/px4_msgs/include/px4_msgs/px4_msgs/msg/detail/offboard_control_mode__type_support.c\n'}
[1.717354] (px4_msgs) StdoutLine: {'line': b'-- Up-to-date: /home/stepan/ws_ros2/install/px4_msgs/include/px4_msgs/px4_msgs/msg/detail/system_power__type_support.c\n'}
[1.717449] (px4_msgs) StdoutLine: {'line': b'-- Up-to-date: /home/stepan/ws_ros2/install/px4_msgs/include/px4_msgs/px4_msgs/msg/detail/distance_sensor__rosidl_typesupport_introspection_c.h\n'}
[1.717503] (px4_msgs) StdoutLine: {'line': b'-- Up-to-date: /home/stepan/ws_ros2/install/px4_msgs/include/px4_msgs/px4_msgs/msg/detail/sensor_mag__rosidl_typesupport_introspection_c.h\n'}
[1.717554] (px4_msgs) StdoutLine: {'line': b'-- Up-to-date: /home/stepan/ws_ros2/install/px4_msgs/include/px4_msgs/px4_msgs/msg/detail/cpuload__type_support.c\n'}
[1.717606] (px4_msgs) StdoutLine: {'line': b'-- Up-to-date: /home/stepan/ws_ros2/install/px4_msgs/include/px4_msgs/px4_msgs/msg/detail/sensor_gps__type_support.c\n'}
[1.717659] (px4_msgs) StdoutLine: {'line': b'-- Up-to-date: /home/stepan/ws_ros2/install/px4_msgs/include/px4_msgs/px4_msgs/msg/detail/esc_status__rosidl_typesupport_introspection_c.h\n'}
[1.717715] (px4_msgs) StdoutLine: {'line': b'-- Up-to-date: /home/stepan/ws_ros2/install/px4_msgs/include/px4_msgs/px4_msgs/msg/detail/vehicle_imu_status__type_support.c\n'}
[1.717769] (px4_msgs) StdoutLine: {'line': b'-- Up-to-date: /home/stepan/ws_ros2/install/px4_msgs/include/px4_msgs/px4_msgs/msg/detail/estimator_gps_status__type_support.c\n'}
[1.717823] (px4_msgs) StdoutLine: {'line': b'-- Up-to-date: /home/stepan/ws_ros2/install/px4_msgs/include/px4_msgs/px4_msgs/msg/detail/position_controller_landing_status__type_support.c\n'}
[1.717878] (px4_msgs) StdoutLine: {'line': b'-- Up-to-date: /home/stepan/ws_ros2/install/px4_msgs/include/px4_msgs/px4_msgs/msg/detail/rpm__rosidl_typesupport_introspection_c.h\n'}
[1.717933] (px4_msgs) StdoutLine: {'line': b'-- Up-to-date: /home/stepan/ws_ros2/install/px4_msgs/include/px4_msgs/px4_msgs/msg/detail/rover_steering_setpoint__type_support.c\n'}
[1.717987] (px4_msgs) StdoutLine: {'line': b'-- Up-to-date: /home/stepan/ws_ros2/install/px4_msgs/include/px4_msgs/px4_msgs/msg/detail/cpuload__rosidl_typesupport_introspection_c.h\n'}
[1.718054] (px4_msgs) StdoutLine: {'line': b'-- Up-to-date: /home/stepan/ws_ros2/install/px4_msgs/include/px4_msgs/px4_msgs/msg/detail/landing_target_innovations__type_support.c\n'}
[1.718133] (px4_msgs) StdoutLine: {'line': b'-- Up-to-date: /home/stepan/ws_ros2/install/px4_msgs/include/px4_msgs/px4_msgs/msg/detail/vehicle_angular_velocity__type_support.c\n'}
[1.718187] (px4_msgs) StdoutLine: {'line': b'-- Up-to-date: /home/stepan/ws_ros2/install/px4_msgs/include/px4_msgs/px4_msgs/msg/detail/telemetry_status__rosidl_typesupport_introspection_c.h\n'}
[1.718242] (px4_msgs) StdoutLine: {'line': b'-- Up-to-date: /home/stepan/ws_ros2/install/px4_msgs/include/px4_msgs/px4_msgs/msg/detail/rover_rate_setpoint__type_support.c\n'}
[1.718310] (px4_msgs) StdoutLine: {'line': b'-- Up-to-date: /home/stepan/ws_ros2/install/px4_msgs/include/px4_msgs/px4_msgs/msg/detail/input_rc__rosidl_typesupport_introspection_c.h\n'}
[1.718373] (px4_msgs) StdoutLine: {'line': b'-- Up-to-date: /home/stepan/ws_ros2/install/px4_msgs/include/px4_msgs/px4_msgs/msg/detail/actuator_servos__type_support.c\n'}
[1.718437] (px4_msgs) StdoutLine: {'line': b'-- Up-to-date: /home/stepan/ws_ros2/install/px4_msgs/include/px4_msgs/px4_msgs/msg/detail/landing_gear_wheel__type_support.c\n'}
[1.718517] (px4_msgs) StdoutLine: {'line': b'-- Up-to-date: /home/stepan/ws_ros2/install/px4_msgs/include/px4_msgs/px4_msgs/msg/detail/estimator_selector_status__rosidl_typesupport_introspection_c.h\n'}
[1.718572] (px4_msgs) StdoutLine: {'line': b'-- Up-to-date: /home/stepan/ws_ros2/install/px4_msgs/include/px4_msgs/px4_msgs/msg/detail/pps_capture__type_support.c\n'}
[1.718628] (px4_msgs) StdoutLine: {'line': b'-- Up-to-date: /home/stepan/ws_ros2/install/px4_msgs/include/px4_msgs/px4_msgs/msg/detail/vehicle_angular_velocity__rosidl_typesupport_introspection_c.h\n'}
[1.718683] (px4_msgs) StdoutLine: {'line': b'-- Up-to-date: /home/stepan/ws_ros2/install/px4_msgs/include/px4_msgs/px4_msgs/msg/detail/vehicle_global_position__type_support.c\n'}
[1.718738] (px4_msgs) StdoutLine: {'line': b'-- Up-to-date: /home/stepan/ws_ros2/install/px4_msgs/include/px4_msgs/px4_msgs/msg/detail/sensor_gyro__rosidl_typesupport_introspection_c.h\n'}
[1.718794] (px4_msgs) StdoutLine: {'line': b'-- Up-to-date: /home/stepan/ws_ros2/install/px4_msgs/include/px4_msgs/px4_msgs/msg/detail/orb_test__rosidl_typesupport_introspection_c.h\n'}
[1.718880] (px4_msgs) StdoutLine: {'line': b'-- Up-to-date: /home/stepan/ws_ros2/install/px4_msgs/include/px4_msgs/px4_msgs/msg/detail/navigator_mission_item__rosidl_typesupport_introspection_c.h\n'}
[1.718934] (px4_msgs) StdoutLine: {'line': b'-- Up-to-date: /home/stepan/ws_ros2/install/px4_msgs/include/px4_msgs/px4_msgs/msg/detail/uavcan_parameter_value__rosidl_typesupport_introspection_c.h\n'}
[1.718985] (px4_msgs) StdoutLine: {'line': b'-- Up-to-date: /home/stepan/ws_ros2/install/px4_msgs/include/px4_msgs/px4_msgs/msg/detail/vehicle_thrust_setpoint__type_support.c\n'}
[1.719038] (px4_msgs) StdoutLine: {'line': b'-- Up-to-date: /home/stepan/ws_ros2/install/px4_msgs/include/px4_msgs/px4_msgs/msg/detail/generator_status__type_support.c\n'}
[1.719093] (px4_msgs) StdoutLine: {'line': b'-- Up-to-date: /home/stepan/ws_ros2/install/px4_msgs/include/px4_msgs/px4_msgs/msg/detail/sensor_gyro_fifo__rosidl_typesupport_introspection_c.h\n'}
[1.719147] (px4_msgs) StdoutLine: {'line': b'-- Up-to-date: /home/stepan/ws_ros2/install/px4_msgs/include/px4_msgs/px4_msgs/msg/detail/unregister_ext_component__rosidl_typesupport_introspection_c.h\n'}
[1.719201] (px4_msgs) StdoutLine: {'line': b'-- Up-to-date: /home/stepan/ws_ros2/install/px4_msgs/include/px4_msgs/px4_msgs/msg/detail/dataman_request__rosidl_typesupport_introspection_c.h\n'}
[1.719254] (px4_msgs) StdoutLine: {'line': b'-- Up-to-date: /home/stepan/ws_ros2/install/px4_msgs/include/px4_msgs/px4_msgs/msg/detail/rover_attitude_status__type_support.c\n'}
[1.719308] (px4_msgs) StdoutLine: {'line': b'-- Up-to-date: /home/stepan/ws_ros2/install/px4_msgs/include/px4_msgs/px4_msgs/msg/detail/actuator_armed__rosidl_typesupport_introspection_c.h\n'}
[1.719372] (px4_msgs) StdoutLine: {'line': b'-- Up-to-date: /home/stepan/ws_ros2/install/px4_msgs/include/px4_msgs/px4_msgs/msg/detail/hover_thrust_estimate__type_support.c\n'}
[1.719451] (px4_msgs) StdoutLine: {'line': b'-- Up-to-date: /home/stepan/ws_ros2/install/px4_msgs/include/px4_msgs/px4_msgs/msg/detail/message_format_request__type_support.c\n'}
[1.719503] (px4_msgs) StdoutLine: {'line': b'-- Up-to-date: /home/stepan/ws_ros2/install/px4_msgs/include/px4_msgs/px4_msgs/msg/detail/action_request__rosidl_typesupport_introspection_c.h\n'}
[1.719553] (px4_msgs) StdoutLine: {'line': b'-- Up-to-date: /home/stepan/ws_ros2/install/px4_msgs/include/px4_msgs/px4_msgs/msg/detail/task_stack_info__rosidl_typesupport_introspection_c.h\n'}
[1.719610] (px4_msgs) StdoutLine: {'line': b'-- Up-to-date: /home/stepan/ws_ros2/install/px4_msgs/include/px4_msgs/px4_msgs/msg/detail/sensor_correction__type_support.c\n'}
[1.719662] (px4_msgs) StdoutLine: {'line': b'-- Up-to-date: /home/stepan/ws_ros2/install/px4_msgs/include/px4_msgs/px4_msgs/msg/detail/vehicle_angular_acceleration_setpoint__rosidl_typesupport_introspection_c.h\n'}
[1.719717] (px4_msgs) StdoutLine: {'line': b'-- Up-to-date: /home/stepan/ws_ros2/install/px4_msgs/include/px4_msgs/px4_msgs/msg/detail/radio_status__rosidl_typesupport_introspection_c.h\n'}
[1.719771] (px4_msgs) StdoutLine: {'line': b'-- Up-to-date: /home/stepan/ws_ros2/install/px4_msgs/include/px4_msgs/px4_msgs/msg/detail/sensor_airflow__type_support.c\n'}
[1.719826] (px4_msgs) StdoutLine: {'line': b'-- Up-to-date: /home/stepan/ws_ros2/install/px4_msgs/include/px4_msgs/px4_msgs/msg/detail/sensor_accel__type_support.c\n'}
[1.719900] (px4_msgs) StdoutLine: {'line': b'-- Up-to-date: /home/stepan/ws_ros2/install/px4_msgs/include/px4_msgs/px4_msgs/msg/detail/debug_array__type_support.c\n'}
[1.719966] (px4_msgs) StdoutLine: {'line': b'-- Up-to-date: /home/stepan/ws_ros2/install/px4_msgs/include/px4_msgs/px4_msgs/msg/detail/orb_test_large__type_support.c\n'}
[1.720044] (px4_msgs) StdoutLine: {'line': b'-- Up-to-date: /home/stepan/ws_ros2/install/px4_msgs/include/px4_msgs/px4_msgs/msg/detail/vehicle_command_ack__rosidl_typesupport_introspection_c.h\n'}
[1.720126] (px4_msgs) StdoutLine: {'line': b'-- Up-to-date: /home/stepan/ws_ros2/install/px4_msgs/include/px4_msgs/px4_msgs/msg/detail/mission_result__rosidl_typesupport_introspection_c.h\n'}
[1.720182] (px4_msgs) StdoutLine: {'line': b'-- Up-to-date: /home/stepan/ws_ros2/install/px4_msgs/include/px4_msgs/px4_msgs/msg/detail/vehicle_status__rosidl_typesupport_introspection_c.h\n'}
[1.720238] (px4_msgs) StdoutLine: {'line': b'-- Up-to-date: /home/stepan/ws_ros2/install/px4_msgs/include/px4_msgs/px4_msgs/msg/detail/actuator_controls_status__rosidl_typesupport_introspection_c.h\n'}
[1.720293] (px4_msgs) StdoutLine: {'line': b'-- Up-to-date: /home/stepan/ws_ros2/install/px4_msgs/include/px4_msgs/px4_msgs/msg/detail/navigator_status__rosidl_typesupport_introspection_c.h\n'}
[1.720348] (px4_msgs) StdoutLine: {'line': b'-- Up-to-date: /home/stepan/ws_ros2/install/px4_msgs/include/px4_msgs/px4_msgs/msg/detail/follow_target__rosidl_typesupport_introspection_c.h\n'}
[1.720514] (px4_msgs) StdoutLine: {'line': b'-- Up-to-date: /home/stepan/ws_ros2/install/px4_msgs/include/px4_msgs/px4_msgs/msg/detail/parameter_set_used_request__rosidl_typesupport_introspection_c.h\n'}
[1.720672] (px4_msgs) StdoutLine: {'line': b'-- Up-to-date: /home/stepan/ws_ros2/install/px4_msgs/include/px4_msgs/px4_msgs/msg/detail/manual_control_switches__type_support.c\n'}
[1.720781] (px4_msgs) StdoutLine: {'line': b'-- Up-to-date: /home/stepan/ws_ros2/install/px4_msgs/include/px4_msgs/px4_msgs/msg/detail/open_drone_id_self_id__rosidl_typesupport_introspection_c.h\n'}
[1.720877] (px4_msgs) StdoutLine: {'line': b'-- Up-to-date: /home/stepan/ws_ros2/install/px4_msgs/include/px4_msgs/px4_msgs/msg/detail/vehicle_imu__rosidl_typesupport_introspection_c.h\n'}
[1.720936] (px4_msgs) StdoutLine: {'line': b'-- Up-to-date: /home/stepan/ws_ros2/install/px4_msgs/include/px4_msgs/px4_msgs/msg/detail/follow_target_status__rosidl_typesupport_introspection_c.h\n'}
[1.720989] (px4_msgs) StdoutLine: {'line': b'-- Up-to-date: /home/stepan/ws_ros2/install/px4_msgs/include/px4_msgs/px4_msgs/msg/detail/led_control__rosidl_typesupport_introspection_c.h\n'}
[1.721042] (px4_msgs) StdoutLine: {'line': b'-- Up-to-date: /home/stepan/ws_ros2/install/px4_msgs/include/px4_msgs/px4_msgs/msg/detail/gimbal_device_set_attitude__rosidl_typesupport_introspection_c.h\n'}
[1.721095] (px4_msgs) StdoutLine: {'line': b'-- Up-to-date: /home/stepan/ws_ros2/install/px4_msgs/include/px4_msgs/px4_msgs/msg/detail/camera_trigger__rosidl_typesupport_introspection_c.h\n'}
[1.721151] (px4_msgs) StdoutLine: {'line': b'-- Up-to-date: /home/stepan/ws_ros2/install/px4_msgs/include/px4_msgs/px4_msgs/msg/detail/orb_test_medium__type_support.c\n'}
[1.721233] (px4_msgs) StdoutLine: {'line': b'-- Up-to-date: /home/stepan/ws_ros2/install/px4_msgs/include/px4_msgs/px4_msgs/msg/detail/rover_throttle_setpoint__rosidl_typesupport_introspection_c.h\n'}
[1.721284] (px4_msgs) StdoutLine: {'line': b'-- Up-to-date: /home/stepan/ws_ros2/install/px4_msgs/include/px4_msgs/px4_msgs/msg/detail/vehicle_land_detected__type_support.c\n'}
[1.721336] (px4_msgs) StdoutLine: {'line': b'-- Up-to-date: /home/stepan/ws_ros2/install/px4_msgs/include/px4_msgs/px4_msgs/msg/detail/landing_target_pose__rosidl_typesupport_introspection_c.h\n'}
[1.721429] (px4_msgs) StdoutLine: {'line': b'-- Up-to-date: /home/stepan/ws_ros2/install/px4_msgs/include/px4_msgs/px4_msgs/msg/detail/parameter_set_value_request__type_support.c\n'}
[1.721484] (px4_msgs) StdoutLine: {'line': b'-- Up-to-date: /home/stepan/ws_ros2/install/px4_msgs/include/px4_msgs/px4_msgs/msg/detail/sensor_gnss_relative__rosidl_typesupport_introspection_c.h\n'}
[1.721537] (px4_msgs) StdoutLine: {'line': b'-- Up-to-date: /home/stepan/ws_ros2/install/px4_msgs/include/px4_msgs/px4_msgs/msg/detail/tune_control__rosidl_typesupport_introspection_c.h\n'}
[1.721588] (px4_msgs) StdoutLine: {'line': b'-- Up-to-date: /home/stepan/ws_ros2/install/px4_msgs/include/px4_msgs/px4_msgs/msg/detail/actuator_motors__rosidl_typesupport_introspection_c.h\n'}
[1.721644] (px4_msgs) StdoutLine: {'line': b'-- Up-to-date: /home/stepan/ws_ros2/install/px4_msgs/include/px4_msgs/px4_msgs/msg/detail/debug_array__rosidl_typesupport_introspection_c.h\n'}
[1.721701] (px4_msgs) StdoutLine: {'line': b'-- Up-to-date: /home/stepan/ws_ros2/install/px4_msgs/include/px4_msgs/px4_msgs/msg/detail/geofence_status__rosidl_typesupport_introspection_c.h\n'}
[1.721757] (px4_msgs) StdoutLine: {'line': b'-- Up-to-date: /home/stepan/ws_ros2/install/px4_msgs/include/px4_msgs/px4_msgs/msg/detail/actuator_motors__type_support.c\n'}
[1.721813] (px4_msgs) StdoutLine: {'line': b'-- Up-to-date: /home/stepan/ws_ros2/install/px4_msgs/include/px4_msgs/px4_msgs/msg/detail/vehicle_imu__type_support.c\n'}
[1.721868] (px4_msgs) StdoutLine: {'line': b'-- Up-to-date: /home/stepan/ws_ros2/install/px4_msgs/include/px4_msgs/px4_msgs/msg/detail/estimator_innovations__type_support.c\n'}
[1.721922] (px4_msgs) StdoutLine: {'line': b'-- Up-to-date: /home/stepan/ws_ros2/install/px4_msgs/include/px4_msgs/px4_msgs/msg/detail/trajectory_setpoint__rosidl_typesupport_introspection_c.h\n'}
[1.722001] (px4_msgs) StdoutLine: {'line': b'-- Up-to-date: /home/stepan/ws_ros2/install/px4_msgs/include/px4_msgs/px4_msgs/msg/detail/pps_capture__rosidl_typesupport_introspection_c.h\n'}
[1.722052] (px4_msgs) StdoutLine: {'line': b'-- Up-to-date: /home/stepan/ws_ros2/install/px4_msgs/include/px4_msgs/px4_msgs/msg/detail/log_message__rosidl_typesupport_introspection_c.h\n'}
[1.722103] (px4_msgs) StdoutLine: {'line': b'-- Up-to-date: /home/stepan/ws_ros2/install/px4_msgs/include/px4_msgs/px4_msgs/msg/detail/estimator_sensor_bias__rosidl_typesupport_introspection_c.h\n'}
[1.722153] (px4_msgs) StdoutLine: {'line': b'-- Up-to-date: /home/stepan/ws_ros2/install/px4_msgs/include/px4_msgs/px4_msgs/msg/detail/trajectory_setpoint__type_support.c\n'}
[1.722204] (px4_msgs) StdoutLine: {'line': b'-- Up-to-date: /home/stepan/ws_ros2/install/px4_msgs/include/px4_msgs/px4_msgs/msg/detail/position_setpoint_triplet__type_support.c\n'}
[1.722255] (px4_msgs) StdoutLine: {'line': b'-- Up-to-date: /home/stepan/ws_ros2/install/px4_msgs/include/px4_msgs/px4_msgs/msg/detail/gimbal_manager_set_manual_control__rosidl_typesupport_introspection_c.h\n'}
[1.722306] (px4_msgs) StdoutLine: {'line': b'-- Up-to-date: /home/stepan/ws_ros2/install/px4_msgs/include/px4_msgs/px4_msgs/msg/detail/actuator_armed__type_support.c\n'}
[1.722384] (px4_msgs) StdoutLine: {'line': b'-- Up-to-date: /home/stepan/ws_ros2/install/px4_msgs/include/px4_msgs/px4_msgs/msg/detail/battery_status__type_support.c\n'}
[1.722445] (px4_msgs) StdoutLine: {'line': b'-- Up-to-date: /home/stepan/ws_ros2/install/px4_msgs/include/px4_msgs/px4_msgs/msg/detail/airspeed__rosidl_typesupport_introspection_c.h\n'}
[1.722502] (px4_msgs) StdoutLine: {'line': b'-- Up-to-date: /home/stepan/ws_ros2/install/px4_msgs/include/px4_msgs/px4_msgs/msg/detail/vehicle_magnetometer__rosidl_typesupport_introspection_c.h\n'}
[1.722554] (px4_msgs) StdoutLine: {'line': b'-- Up-to-date: /home/stepan/ws_ros2/install/px4_msgs/include/px4_msgs/px4_msgs/msg/detail/rover_velocity_status__type_support.c\n'}
[1.722606] (px4_msgs) StdoutLine: {'line': b'-- Up-to-date: /home/stepan/ws_ros2/install/px4_msgs/include/px4_msgs/px4_msgs/msg/detail/gimbal_device_attitude_status__type_support.c\n'}
[1.722657] (px4_msgs) StdoutLine: {'line': b'-- Up-to-date: /home/stepan/ws_ros2/install/px4_msgs/include/px4_msgs/px4_msgs/msg/detail/vehicle_command__type_support.c\n'}
[1.722723] (px4_msgs) StdoutLine: {'line': b'-- Up-to-date: /home/stepan/ws_ros2/install/px4_msgs/include/px4_msgs/px4_msgs/msg/detail/vehicle_air_data__rosidl_typesupport_introspection_c.h\n'}
[1.722776] (px4_msgs) StdoutLine: {'line': b'-- Up-to-date: /home/stepan/ws_ros2/install/px4_msgs/include/px4_msgs/px4_msgs/msg/detail/npfg_status__type_support.c\n'}
[1.722831] (px4_msgs) StdoutLine: {'line': b'-- Up-to-date: /home/stepan/ws_ros2/install/px4_msgs/include/px4_msgs/px4_msgs/msg/detail/unregister_ext_component__type_support.c\n'}
[1.722886] (px4_msgs) StdoutLine: {'line': b'-- Up-to-date: /home/stepan/ws_ros2/install/px4_msgs/include/px4_msgs/px4_msgs/msg/detail/sensor_optical_flow__rosidl_typesupport_introspection_c.h\n'}
[1.722940] (px4_msgs) StdoutLine: {'line': b'-- Up-to-date: /home/stepan/ws_ros2/install/px4_msgs/include/px4_msgs/px4_msgs/msg/detail/actuator_servos__rosidl_typesupport_introspection_c.h\n'}
[1.722995] (px4_msgs) StdoutLine: {'line': b'-- Up-to-date: /home/stepan/ws_ros2/install/px4_msgs/include/px4_msgs/px4_msgs/msg/detail/wheel_encoders__type_support.c\n'}
[1.723049] (px4_msgs) StdoutLine: {'line': b'-- Up-to-date: /home/stepan/ws_ros2/install/px4_msgs/include/px4_msgs/px4_msgs/msg/detail/vehicle_acceleration__rosidl_typesupport_introspection_c.h\n'}
[1.723103] (px4_msgs) StdoutLine: {'line': b'-- Up-to-date: /home/stepan/ws_ros2/install/px4_msgs/include/px4_msgs/px4_msgs/msg/detail/gpio_request__rosidl_typesupport_introspection_c.h\n'}
[1.723158] (px4_msgs) StdoutLine: {'line': b'-- Up-to-date: /home/stepan/ws_ros2/install/px4_msgs/include/px4_msgs/px4_msgs/msg/detail/control_allocator_status__type_support.c\n'}
[1.723212] (px4_msgs) StdoutLine: {'line': b'-- Up-to-date: /home/stepan/ws_ros2/install/px4_msgs/include/px4_msgs/px4_msgs/msg/detail/obstacle_distance__type_support.c\n'}
[1.723266] (px4_msgs) StdoutLine: {'line': b'-- Up-to-date: /home/stepan/ws_ros2/install/px4_msgs/include/px4_msgs/px4_msgs/msg/detail/mount_orientation__type_support.c\n'}
[1.723321] (px4_msgs) StdoutLine: {'line': b'-- Up-to-date: /home/stepan/ws_ros2/install/px4_msgs/include/px4_msgs/px4_msgs/msg/detail/timesync_status__type_support.c\n'}
[1.723404] (px4_msgs) StdoutLine: {'line': b'-- Up-to-date: /home/stepan/ws_ros2/install/px4_msgs/include/px4_msgs/px4_msgs/msg/detail/rtl_time_estimate__type_support.c\n'}
[1.723462] (px4_msgs) StdoutLine: {'line': b'-- Up-to-date: /home/stepan/ws_ros2/install/px4_msgs/include/px4_msgs/px4_msgs/msg/detail/dataman_request__type_support.c\n'}
[1.723514] (px4_msgs) StdoutLine: {'line': b'-- Up-to-date: /home/stepan/ws_ros2/install/px4_msgs/include/px4_msgs/px4_msgs/msg/detail/gimbal_manager_set_manual_control__type_support.c\n'}
[1.723565] (px4_msgs) StdoutLine: {'line': b'-- Up-to-date: /home/stepan/ws_ros2/install/px4_msgs/include/px4_msgs/px4_msgs/msg/detail/camera_status__type_support.c\n'}
[1.723617] (px4_msgs) StdoutLine: {'line': b'-- Up-to-date: /home/stepan/ws_ros2/install/px4_msgs/include/px4_msgs/px4_msgs/msg/detail/uavcan_parameter_request__rosidl_typesupport_introspection_c.h\n'}
[1.723690] (px4_msgs) StdoutLine: {'line': b'-- Up-to-date: /home/stepan/ws_ros2/install/px4_msgs/include/px4_msgs/px4_msgs/msg/detail/orbit_status__type_support.c\n'}
[1.723746] (px4_msgs) StdoutLine: {'line': b'-- Up-to-date: /home/stepan/ws_ros2/install/px4_msgs/include/px4_msgs/px4_msgs/msg/detail/differential_pressure__type_support.c\n'}
[1.723797] (px4_msgs) StdoutLine: {'line': b'-- Up-to-date: /home/stepan/ws_ros2/install/px4_msgs/include/px4_msgs/px4_msgs/msg/detail/distance_sensor_mode_change_request__type_support.c\n'}
[1.723850] (px4_msgs) StdoutLine: {'line': b'-- Up-to-date: /home/stepan/ws_ros2/install/px4_msgs/include/px4_msgs/px4_msgs/msg/detail/orb_test__type_support.c\n'}
[1.723905] (px4_msgs) StdoutLine: {'line': b'-- Up-to-date: /home/stepan/ws_ros2/install/px4_msgs/include/px4_msgs/px4_msgs/msg/detail/ekf2_timestamps__rosidl_typesupport_introspection_c.h\n'}
[1.723960] (px4_msgs) StdoutLine: {'line': b'-- Up-to-date: /home/stepan/ws_ros2/install/px4_msgs/include/px4_msgs/px4_msgs/msg/detail/mount_orientation__rosidl_typesupport_introspection_c.h\n'}
[1.724020] (px4_msgs) StdoutLine: {'line': b'-- Up-to-date: /home/stepan/ws_ros2/install/px4_msgs/include/px4_msgs/px4_msgs/msg/detail/obstacle_distance__rosidl_typesupport_introspection_c.h\n'}
[1.724077] (px4_msgs) StdoutLine: {'line': b'-- Up-to-date: /home/stepan/ws_ros2/install/px4_msgs/include/px4_msgs/px4_msgs/msg/detail/mag_worker_data__type_support.c\n'}
[1.724157] (px4_msgs) StdoutLine: {'line': b'-- Up-to-date: /home/stepan/ws_ros2/install/px4_msgs/include/px4_msgs/px4_msgs/msg/detail/airspeed_wind__rosidl_typesupport_introspection_c.h\n'}
[1.724214] (px4_msgs) StdoutLine: {'line': b'-- Up-to-date: /home/stepan/ws_ros2/install/px4_msgs/include/px4_msgs/px4_msgs/msg/detail/arming_check_reply__type_support.c\n'}
[1.724269] (px4_msgs) StdoutLine: {'line': b'-- Up-to-date: /home/stepan/ws_ros2/install/px4_msgs/include/px4_msgs/px4_msgs/msg/detail/velocity_limits__rosidl_typesupport_introspection_c.h\n'}
[1.724325] (px4_msgs) StdoutLine: {'line': b'-- Up-to-date: /home/stepan/ws_ros2/install/px4_msgs/include/px4_msgs/px4_msgs/msg/detail/autotune_attitude_control_status__type_support.c\n'}
[1.724398] (px4_msgs) StdoutLine: {'line': b'-- Up-to-date: /home/stepan/ws_ros2/install/px4_msgs/include/px4_msgs/px4_msgs/msg/detail/rover_steering_setpoint__rosidl_typesupport_introspection_c.h\n'}
[1.724476] (px4_msgs) StdoutLine: {'line': b'-- Up-to-date: /home/stepan/ws_ros2/install/px4_msgs/include/px4_msgs/px4_msgs/msg/detail/sensor_optical_flow__type_support.c\n'}
[1.724563] (px4_msgs) StdoutLine: {'line': b'-- Up-to-date: /home/stepan/ws_ros2/install/px4_msgs/include/px4_msgs/px4_msgs/msg/detail/uavcan_parameter_request__type_support.c\n'}
[1.724657] (px4_msgs) StdoutLine: {'line': b'-- Up-to-date: /home/stepan/ws_ros2/install/px4_msgs/include/px4_msgs/px4_msgs/msg/detail/led_control__type_support.c\n'}
[1.724762] (px4_msgs) StdoutLine: {'line': b'-- Up-to-date: /home/stepan/ws_ros2/install/px4_msgs/include/px4_msgs/px4_msgs/msg/detail/parameter_update__type_support.c\n'}
[1.724858] (px4_msgs) StdoutLine: {'line': b'-- Up-to-date: /home/stepan/ws_ros2/install/px4_msgs/include/px4_msgs/px4_msgs/msg/detail/vehicle_control_mode__type_support.c\n'}
[1.724921] (px4_msgs) StdoutLine: {'line': b'-- Up-to-date: /home/stepan/ws_ros2/install/px4_msgs/include/px4_msgs/px4_msgs/msg/detail/message_format_response__rosidl_typesupport_introspection_c.h\n'}
[1.724979] (px4_msgs) StdoutLine: {'line': b'-- Up-to-date: /home/stepan/ws_ros2/install/px4_msgs/include/px4_msgs/px4_msgs/msg/detail/ulog_stream__rosidl_typesupport_introspection_c.h\n'}
[1.725036] (px4_msgs) StdoutLine: {'line': b'-- Up-to-date: /home/stepan/ws_ros2/install/px4_msgs/include/px4_msgs/px4_msgs/msg/detail/internal_combustion_engine_status__rosidl_typesupport_introspection_c.h\n'}
[1.725093] (px4_msgs) StdoutLine: {'line': b'-- Up-to-date: /home/stepan/ws_ros2/install/px4_msgs/include/px4_msgs/px4_msgs/msg/detail/ekf2_timestamps__type_support.c\n'}
[1.725148] (px4_msgs) StdoutLine: {'line': b'-- Up-to-date: /home/stepan/ws_ros2/install/px4_msgs/include/px4_msgs/px4_msgs/msg/detail/config_overrides__rosidl_typesupport_introspection_c.h\n'}
[1.725205] (px4_msgs) StdoutLine: {'line': b'-- Up-to-date: /home/stepan/ws_ros2/install/px4_msgs/include/px4_msgs/px4_msgs/msg/detail/vehicle_angular_acceleration_setpoint__type_support.c\n'}
[1.725309] (px4_msgs) StdoutLine: {'line': b'-- Up-to-date: /home/stepan/ws_ros2/install/px4_msgs/include/px4_msgs/px4_msgs/msg/detail/adc_report__type_support.c\n'}
[1.725380] (px4_msgs) StdoutLine: {'line': b'-- Up-to-date: /home/stepan/ws_ros2/install/px4_msgs/include/px4_msgs/px4_msgs/msg/detail/arming_check_reply__rosidl_typesupport_introspection_c.h\n'}
[1.725457] (px4_msgs) StdoutLine: {'line': b'-- Up-to-date: /home/stepan/ws_ros2/install/px4_msgs/include/px4_msgs/px4_msgs/msg/detail/manual_control_setpoint__rosidl_typesupport_introspection_c.h\n'}
[1.725509] (px4_msgs) StdoutLine: {'line': b'-- Up-to-date: /home/stepan/ws_ros2/install/px4_msgs/include/px4_msgs/px4_msgs/msg/detail/vehicle_local_position_setpoint__rosidl_typesupport_introspection_c.h\n'}
[1.725564] (px4_msgs) StdoutLine: {'line': b'-- Up-to-date: /home/stepan/ws_ros2/install/px4_msgs/include/px4_msgs/px4_msgs/msg/detail/gpio_out__rosidl_typesupport_introspection_c.h\n'}
[1.725619] (px4_msgs) StdoutLine: {'line': b'-- Up-to-date: /home/stepan/ws_ros2/install/px4_msgs/include/px4_msgs/px4_msgs/msg/detail/takeoff_status__type_support.c\n'}
[1.725693] (px4_msgs) StdoutLine: {'line': b'-- Up-to-date: /home/stepan/ws_ros2/install/px4_msgs/include/px4_msgs/px4_msgs/msg/detail/failsafe_flags__rosidl_typesupport_introspection_c.h\n'}
[1.725745] (px4_msgs) StdoutLine: {'line': b'-- Up-to-date: /home/stepan/ws_ros2/install/px4_msgs/include/px4_msgs/px4_msgs/msg/detail/actuator_controls_status__type_support.c\n'}
[1.725795] (px4_msgs) StdoutLine: {'line': b'-- Up-to-date: /home/stepan/ws_ros2/install/px4_msgs/include/px4_msgs/px4_msgs/msg/detail/arming_check_request__rosidl_typesupport_introspection_c.h\n'}
[1.725847] (px4_msgs) StdoutLine: {'line': b'-- Up-to-date: /home/stepan/ws_ros2/install/px4_msgs/include/px4_msgs/px4_msgs/msg/detail/distance_sensor_mode_change_request__rosidl_typesupport_introspection_c.h\n'}
[1.725913] (px4_msgs) StdoutLine: {'line': b'-- Up-to-date: /home/stepan/ws_ros2/install/px4_msgs/include/px4_msgs/px4_msgs/msg/detail/manual_control_setpoint__type_support.c\n'}
[1.725966] (px4_msgs) StdoutLine: {'line': b'-- Up-to-date: /home/stepan/ws_ros2/install/px4_msgs/include/px4_msgs/px4_msgs/msg/detail/gps_dump__type_support.c\n'}
[1.726017] (px4_msgs) StdoutLine: {'line': b'-- Up-to-date: /home/stepan/ws_ros2/install/px4_msgs/include/px4_msgs/px4_msgs/msg/detail/fuel_tank_status__type_support.c\n'}
[1.726068] (px4_msgs) StdoutLine: {'line': b'-- Up-to-date: /home/stepan/ws_ros2/install/px4_msgs/include/px4_msgs/px4_msgs/msg/detail/airspeed__type_support.c\n'}
[1.726118] (px4_msgs) StdoutLine: {'line': b'-- Up-to-date: /home/stepan/ws_ros2/install/px4_msgs/include/px4_msgs/px4_msgs/msg/detail/estimator_states__type_support.c\n'}
[1.726170] (px4_msgs) StdoutLine: {'line': b'-- Up-to-date: /home/stepan/ws_ros2/install/px4_msgs/include/px4_msgs/px4_msgs/msg/detail/vehicle_land_detected__rosidl_typesupport_introspection_c.h\n'}
[1.726223] (px4_msgs) StdoutLine: {'line': b'-- Up-to-date: /home/stepan/ws_ros2/install/px4_msgs/include/px4_msgs/px4_msgs/msg/detail/trajectory_setpoint6dof__rosidl_typesupport_introspection_c.h\n'}
[1.726279] (px4_msgs) StdoutLine: {'line': b'-- Up-to-date: /home/stepan/ws_ros2/install/px4_msgs/include/px4_msgs/px4_msgs/msg/detail/open_drone_id_arm_status__type_support.c\n'}
[1.726335] (px4_msgs) StdoutLine: {'line': b'-- Up-to-date: /home/stepan/ws_ros2/install/px4_msgs/include/px4_msgs/px4_msgs/msg/detail/estimator_aid_source3d__type_support.c\n'}
[1.726422] (px4_msgs) StdoutLine: {'line': b'-- Up-to-date: /home/stepan/ws_ros2/install/px4_msgs/include/px4_msgs/px4_msgs/msg/detail/satellite_info__type_support.c\n'}
[1.726490] (px4_msgs) StdoutLine: {'line': b'-- Up-to-date: /home/stepan/ws_ros2/install/px4_msgs/include/px4_msgs/px4_msgs/msg/detail/mavlink_log__rosidl_typesupport_introspection_c.h\n'}
[1.726543] (px4_msgs) StdoutLine: {'line': b'-- Up-to-date: /home/stepan/ws_ros2/install/px4_msgs/include/px4_msgs/px4_msgs/msg/detail/power_button_state__type_support.c\n'}
[1.726600] (px4_msgs) StdoutLine: {'line': b'-- Up-to-date: /home/stepan/ws_ros2/install/px4_msgs/include/px4_msgs/px4_msgs/msg/detail/follow_target_status__type_support.c\n'}
[1.726651] (px4_msgs) StdoutLine: {'line': b'-- Up-to-date: /home/stepan/ws_ros2/install/px4_msgs/include/px4_msgs/px4_msgs/msg/detail/estimator_bias__type_support.c\n'}
[1.726702] (px4_msgs) StdoutLine: {'line': b'-- Up-to-date: /home/stepan/ws_ros2/install/px4_msgs/include/px4_msgs/px4_msgs/msg/detail/sensor_accel_fifo__rosidl_typesupport_introspection_c.h\n'}
[1.726757] (px4_msgs) StdoutLine: {'line': b'-- Up-to-date: /home/stepan/ws_ros2/install/px4_msgs/include/px4_msgs/px4_msgs/msg/detail/control_allocator_status__rosidl_typesupport_introspection_c.h\n'}
[1.726811] (px4_msgs) StdoutLine: {'line': b'-- Up-to-date: /home/stepan/ws_ros2/install/px4_msgs/include/px4_msgs/px4_msgs/msg/detail/sensor_selection__type_support.c\n'}
[1.726866] (px4_msgs) StdoutLine: {'line': b'-- Up-to-date: /home/stepan/ws_ros2/install/px4_msgs/include/px4_msgs/px4_msgs/msg/detail/normalized_unsigned_setpoint__type_support.c\n'}
[1.726920] (px4_msgs) StdoutLine: {'line': b'-- Up-to-date: /home/stepan/ws_ros2/install/px4_msgs/include/px4_msgs/px4_msgs/msg/detail/pwm_input__rosidl_typesupport_introspection_c.h\n'}
[1.726974] (px4_msgs) StdoutLine: {'line': b'-- Up-to-date: /home/stepan/ws_ros2/install/px4_msgs/include/px4_msgs/px4_msgs/msg/detail/gimbal_controls__type_support.c\n'}
[1.727029] (px4_msgs) StdoutLine: {'line': b'-- Up-to-date: /home/stepan/ws_ros2/install/px4_msgs/include/px4_msgs/px4_msgs/msg/detail/vtol_vehicle_status__rosidl_typesupport_introspection_c.h\n'}
[1.727083] (px4_msgs) StdoutLine: {'line': b'-- Up-to-date: /home/stepan/ws_ros2/install/px4_msgs/include/px4_msgs/px4_msgs/msg/detail/sensor_baro__type_support.c\n'}
[1.727137] (px4_msgs) StdoutLine: {'line': b'-- Up-to-date: /home/stepan/ws_ros2/install/px4_msgs/include/px4_msgs/px4_msgs/msg/detail/mission_result__type_support.c\n'}
[1.727191] (px4_msgs) StdoutLine: {'line': b'-- Up-to-date: /home/stepan/ws_ros2/install/px4_msgs/include/px4_msgs/px4_msgs/msg/detail/tecs_status__type_support.c\n'}
[1.727244] (px4_msgs) StdoutLine: {'line': b'-- Up-to-date: /home/stepan/ws_ros2/install/px4_msgs/include/px4_msgs/px4_msgs/msg/detail/rc_channels__rosidl_typesupport_introspection_c.h\n'}
[1.727298] (px4_msgs) StdoutLine: {'line': b'-- Up-to-date: /home/stepan/ws_ros2/install/px4_msgs/include/px4_msgs/px4_msgs/msg/detail/gripper__rosidl_typesupport_introspection_c.h\n'}
[1.727353] (px4_msgs) StdoutLine: {'line': b'-- Up-to-date: /home/stepan/ws_ros2/install/px4_msgs/include/px4_msgs/px4_msgs/msg/detail/actuator_test__type_support.c\n'}
[1.727447] (px4_msgs) StdoutLine: {'line': b'-- Up-to-date: /home/stepan/ws_ros2/install/px4_msgs/include/px4_msgs/px4_msgs/msg/detail/navigator_status__type_support.c\n'}
[1.727500] (px4_msgs) StdoutLine: {'line': b'-- Up-to-date: /home/stepan/ws_ros2/install/px4_msgs/include/px4_msgs/px4_msgs/msg/detail/sensor_accel_fifo__type_support.c\n'}
[1.727554] (px4_msgs) StdoutLine: {'line': b'-- Up-to-date: /home/stepan/ws_ros2/install/px4_msgs/include/px4_msgs/px4_msgs/msg/detail/camera_capture__type_support.c\n'}
[1.727607] (px4_msgs) StdoutLine: {'line': b'-- Up-to-date: /home/stepan/ws_ros2/install/px4_msgs/include/px4_msgs/px4_msgs/msg/detail/vehicle_roi__rosidl_typesupport_introspection_c.h\n'}
[1.727663] (px4_msgs) StdoutLine: {'line': b'-- Up-to-date: /home/stepan/ws_ros2/install/px4_msgs/include/px4_msgs/px4_msgs/msg/detail/npfg_status__rosidl_typesupport_introspection_c.h\n'}
[1.727720] (px4_msgs) StdoutLine: {'line': b'-- Up-to-date: /home/stepan/ws_ros2/install/px4_msgs/include/px4_msgs/px4_msgs/msg/detail/vehicle_control_mode__rosidl_typesupport_introspection_c.h\n'}
[1.727775] (px4_msgs) StdoutLine: {'line': b'-- Up-to-date: /home/stepan/ws_ros2/install/px4_msgs/include/px4_msgs/px4_msgs/msg/detail/vehicle_attitude_setpoint__type_support.c\n'}
[1.727846] (px4_msgs) StdoutLine: {'line': b'-- Up-to-date: /home/stepan/ws_ros2/install/px4_msgs/include/px4_msgs/px4_msgs/msg/detail/parameter_reset_request__rosidl_typesupport_introspection_c.h\n'}
[1.727902] (px4_msgs) StdoutLine: {'line': b'-- Up-to-date: /home/stepan/ws_ros2/install/px4_msgs/include/px4_msgs/px4_msgs/msg/detail/position_setpoint__type_support.c\n'}
[1.727957] (px4_msgs) StdoutLine: {'line': b'-- Up-to-date: /home/stepan/ws_ros2/install/px4_msgs/include/px4_msgs/px4_msgs/msg/detail/estimator_sensor_bias__type_support.c\n'}
[1.728014] (px4_msgs) StdoutLine: {'line': b'-- Up-to-date: /home/stepan/ws_ros2/install/px4_msgs/include/px4_msgs/px4_msgs/msg/detail/vehicle_attitude__rosidl_typesupport_introspection_c.h\n'}
[1.728069] (px4_msgs) StdoutLine: {'line': b'-- Up-to-date: /home/stepan/ws_ros2/install/px4_msgs/include/px4_msgs/px4_msgs/msg/detail/landing_gear__type_support.c\n'}
[1.728160] (px4_msgs) StdoutLine: {'line': b'-- Up-to-date: /home/stepan/ws_ros2/install/px4_msgs/include/px4_msgs/px4_msgs/msg/detail/ulog_stream_ack__rosidl_typesupport_introspection_c.h\n'}
[1.728230] (px4_msgs) StdoutLine: {'line': b'-- Up-to-date: /home/stepan/ws_ros2/install/px4_msgs/include/px4_msgs/px4_msgs/msg/detail/ulog_stream_ack__type_support.c\n'}
[1.728287] (px4_msgs) StdoutLine: {'line': b'-- Up-to-date: /home/stepan/ws_ros2/install/px4_msgs/include/px4_msgs/px4_msgs/msg/detail/mavlink_tunnel__type_support.c\n'}
[1.728342] (px4_msgs) StdoutLine: {'line': b'-- Up-to-date: /home/stepan/ws_ros2/install/px4_msgs/include/px4_msgs/px4_msgs/msg/detail/tune_control__type_support.c\n'}
[1.728516] (px4_msgs) StdoutLine: {'line': b'-- Up-to-date: /home/stepan/ws_ros2/install/px4_msgs/include/px4_msgs/px4_msgs/msg/detail/parameter_set_used_request__type_support.c\n'}
[1.728730] (px4_msgs) StdoutLine: {'line': b'-- Up-to-date: /home/stepan/ws_ros2/install/px4_msgs/include/px4_msgs/px4_msgs/msg/detail/fuel_tank_status__rosidl_typesupport_introspection_c.h\n'}
[1.728817] (px4_msgs) StdoutLine: {'line': b'-- Up-to-date: /home/stepan/ws_ros2/install/px4_msgs/include/px4_msgs/px4_msgs/msg/detail/vehicle_local_position_setpoint__type_support.c\n'}
[1.729014] (px4_msgs) StdoutLine: {'line': b'-- Up-to-date: /home/stepan/ws_ros2/install/px4_msgs/include/px4_msgs/px4_msgs/msg/detail/qshell_req__type_support.c\n'}
[1.729136] (px4_msgs) StdoutLine: {'line': b'-- Up-to-date: /home/stepan/ws_ros2/install/px4_msgs/include/px4_msgs/px4_msgs/msg/detail/rpm__type_support.c\n'}
[1.729254] (px4_msgs) StdoutLine: {'line': b'-- Up-to-date: /home/stepan/ws_ros2/install/px4_msgs/include/px4_msgs/px4_msgs/msg/detail/sensor_combined__rosidl_typesupport_introspection_c.h\n'}
[1.729342] (px4_msgs) StdoutLine: {'line': b'-- Up-to-date: /home/stepan/ws_ros2/install/px4_msgs/include/px4_msgs/px4_msgs/msg/detail/gps_dump__rosidl_typesupport_introspection_c.h\n'}
[1.729502] (px4_msgs) StdoutLine: {'line': b'-- Up-to-date: /home/stepan/ws_ros2/install/px4_msgs/include/px4_msgs/px4_msgs/msg/detail/tiltrotor_extra_controls__rosidl_typesupport_introspection_c.h\n'}
[1.729602] (px4_msgs) StdoutLine: {'line': b'-- Up-to-date: /home/stepan/ws_ros2/install/px4_msgs/include/px4_msgs/px4_msgs/msg/detail/sensor_gps__rosidl_typesupport_introspection_c.h\n'}
[1.729698] (px4_msgs) StdoutLine: {'line': b'-- Up-to-date: /home/stepan/ws_ros2/install/px4_msgs/include/px4_msgs/px4_msgs/msg/detail/mode_completed__type_support.c\n'}
[1.729793] (px4_msgs) StdoutLine: {'line': b'-- Up-to-date: /home/stepan/ws_ros2/install/px4_msgs/include/px4_msgs/px4_msgs/msg/detail/power_monitor__type_support.c\n'}
[1.729880] (px4_msgs) StdoutLine: {'line': b'-- Up-to-date: /home/stepan/ws_ros2/install/px4_msgs/include/px4_msgs/px4_msgs/msg/detail/sensor_combined__type_support.c\n'}
[1.729939] (px4_msgs) StdoutLine: {'line': b'-- Up-to-date: /home/stepan/ws_ros2/install/px4_msgs/include/px4_msgs/px4_msgs/msg/detail/collision_constraints__type_support.c\n'}
[1.729995] (px4_msgs) StdoutLine: {'line': b'-- Up-to-date: /home/stepan/ws_ros2/install/px4_msgs/include/px4_msgs/px4_msgs/msg/detail/button_event__rosidl_typesupport_introspection_c.h\n'}
[1.730116] (px4_msgs) StdoutLine: {'line': b'-- Up-to-date: /home/stepan/ws_ros2/install/px4_msgs/include/px4_msgs/px4_msgs/msg/detail/rover_position_setpoint__type_support.c\n'}
[1.730180] (px4_msgs) StdoutLine: {'line': b'-- Up-to-date: /home/stepan/ws_ros2/install/px4_msgs/include/px4_msgs/px4_msgs/msg/detail/log_message__type_support.c\n'}
[1.730235] (px4_msgs) StdoutLine: {'line': b'-- Up-to-date: /home/stepan/ws_ros2/install/px4_msgs/include/px4_msgs/px4_msgs/msg/detail/vehicle_rates_setpoint__type_support.c\n'}
[1.730294] (px4_msgs) StdoutLine: {'line': b'-- Up-to-date: /home/stepan/ws_ros2/install/px4_msgs/include/px4_msgs/px4_msgs/msg/detail/internal_combustion_engine_status__type_support.c\n'}
[1.730355] (px4_msgs) StdoutLine: {'line': b'-- Up-to-date: /home/stepan/ws_ros2/install/px4_msgs/include/px4_msgs/px4_msgs/msg/detail/rover_attitude_setpoint__rosidl_typesupport_introspection_c.h\n'}
[1.730436] (px4_msgs) StdoutLine: {'line': b'-- Up-to-date: /home/stepan/ws_ros2/install/px4_msgs/include/px4_msgs/px4_msgs/msg/detail/register_ext_component_reply__type_support.c\n'}
[1.730492] (px4_msgs) StdoutLine: {'line': b'-- Up-to-date: /home/stepan/ws_ros2/install/px4_msgs/include/px4_msgs/px4_msgs/msg/detail/rover_attitude_status__rosidl_typesupport_introspection_c.h\n'}
[1.730547] (px4_msgs) StdoutLine: {'line': b'-- Up-to-date: /home/stepan/ws_ros2/install/px4_msgs/include/px4_msgs/px4_msgs/msg/detail/gimbal_device_information__rosidl_typesupport_introspection_c.h\n'}
[1.730603] (px4_msgs) StdoutLine: {'line': b'-- Up-to-date: /home/stepan/ws_ros2/install/px4_msgs/include/px4_msgs/px4_msgs/msg/detail/mission__type_support.c\n'}
[1.730659] (px4_msgs) StdoutLine: {'line': b'-- Up-to-date: /home/stepan/ws_ros2/install/px4_msgs/include/px4_msgs/px4_msgs/msg/detail/vehicle_torque_setpoint__type_support.c\n'}
[1.730717] (px4_msgs) StdoutLine: {'line': b'-- Up-to-date: /home/stepan/ws_ros2/install/px4_msgs/include/px4_msgs/px4_msgs/msg/detail/camera_capture__rosidl_typesupport_introspection_c.h\n'}
[1.730773] (px4_msgs) StdoutLine: {'line': b'-- Up-to-date: /home/stepan/ws_ros2/install/px4_msgs/include/px4_msgs/px4_msgs/msg/detail/offboard_control_mode__rosidl_typesupport_introspection_c.h\n'}
[1.730829] (px4_msgs) StdoutLine: {'line': b'-- Up-to-date: /home/stepan/ws_ros2/install/px4_msgs/include/px4_msgs/px4_msgs/msg/detail/esc_report__rosidl_typesupport_introspection_c.h\n'}
[1.730884] (px4_msgs) StdoutLine: {'line': b'-- Up-to-date: /home/stepan/ws_ros2/install/px4_msgs/include/px4_msgs/px4_msgs/msg/detail/sensor_preflight_mag__type_support.c\n'}
[1.730939] (px4_msgs) StdoutLine: {'line': b'-- Up-to-date: /home/stepan/ws_ros2/install/px4_msgs/include/px4_msgs/px4_msgs/msg/detail/debug_vect__type_support.c\n'}
[1.730994] (px4_msgs) StdoutLine: {'line': b'-- Up-to-date: /home/stepan/ws_ros2/install/px4_msgs/include/px4_msgs/px4_msgs/msg/detail/rover_rate_status__type_support.c\n'}
[1.731049] (px4_msgs) StdoutLine: {'line': b'-- Up-to-date: /home/stepan/ws_ros2/install/px4_msgs/include/px4_msgs/px4_msgs/msg/detail/debug_vect__rosidl_typesupport_introspection_c.h\n'}
[1.731104] (px4_msgs) StdoutLine: {'line': b'-- Up-to-date: /home/stepan/ws_ros2/install/px4_msgs/include/px4_msgs/px4_msgs/msg/detail/vehicle_rates_setpoint__rosidl_typesupport_introspection_c.h\n'}
[1.731158] (px4_msgs) StdoutLine: {'line': b'-- Up-to-date: /home/stepan/ws_ros2/install/px4_msgs/include/px4_msgs/px4_msgs/msg/detail/vehicle_acceleration__type_support.c\n'}
[1.731213] (px4_msgs) StdoutLine: {'line': b'-- Up-to-date: /home/stepan/ws_ros2/install/px4_msgs/include/px4_msgs/px4_msgs/msg/detail/ping__rosidl_typesupport_introspection_c.h\n'}
[1.731268] (px4_msgs) StdoutLine: {'line': b'-- Up-to-date: /home/stepan/ws_ros2/install/px4_msgs/include/px4_msgs/px4_msgs/msg/detail/vehicle_local_position__rosidl_typesupport_introspection_c.h\n'}
[1.731323] (px4_msgs) StdoutLine: {'line': b'-- Up-to-date: /home/stepan/ws_ros2/install/px4_msgs/include/px4_msgs/px4_msgs/msg/detail/register_ext_component_request__type_support.c\n'}
[1.731440] (px4_msgs) StdoutLine: {'line': b'-- Up-to-date: /home/stepan/ws_ros2/install/px4_msgs/include/px4_msgs/px4_msgs/msg/detail/task_stack_info__type_support.c\n'}
[1.731493] (px4_msgs) StdoutLine: {'line': b'-- Up-to-date: /home/stepan/ws_ros2/install/px4_msgs/include/px4_msgs/px4_msgs/msg/detail/cellular_status__rosidl_typesupport_introspection_c.h\n'}
[1.731544] (px4_msgs) StdoutLine: {'line': b'-- Up-to-date: /home/stepan/ws_ros2/install/px4_msgs/include/px4_msgs/px4_msgs/msg/detail/estimator_status_flags__rosidl_typesupport_introspection_c.h\n'}
[1.731595] (px4_msgs) StdoutLine: {'line': b'-- Up-to-date: /home/stepan/ws_ros2/install/px4_msgs/include/px4_msgs/px4_msgs/msg/detail/open_drone_id_system__type_support.c\n'}
[1.731646] (px4_msgs) StdoutLine: {'line': b'-- Up-to-date: /home/stepan/ws_ros2/install/px4_msgs/include/px4_msgs/px4_msgs/msg/detail/goto_setpoint__rosidl_typesupport_introspection_c.h\n'}
[1.731696] (px4_msgs) StdoutLine: {'line': b'-- Up-to-date: /home/stepan/ws_ros2/install/px4_msgs/include/px4_msgs/px4_msgs/msg/detail/home_position__rosidl_typesupport_introspection_c.h\n'}
[1.731746] (px4_msgs) StdoutLine: {'line': b'-- Up-to-date: /home/stepan/ws_ros2/install/px4_msgs/include/px4_msgs/px4_msgs/msg/detail/actuator_test__rosidl_typesupport_introspection_c.h\n'}
[1.731823] (px4_msgs) StdoutLine: {'line': b'-- Up-to-date: /home/stepan/ws_ros2/install/px4_msgs/include/px4_msgs/px4_msgs/msg/detail/vehicle_command__rosidl_typesupport_introspection_c.h\n'}
[1.731877] (px4_msgs) StdoutLine: {'line': b'-- Up-to-date: /home/stepan/ws_ros2/install/px4_msgs/include/px4_msgs/px4_msgs/msg/detail/can_interface_status__type_support.c\n'}
[1.731938] (px4_msgs) StdoutLine: {'line': b'-- Up-to-date: /home/stepan/ws_ros2/install/px4_msgs/include/px4_msgs/px4_msgs/msg/detail/open_drone_id_operator_id__rosidl_typesupport_introspection_c.h\n'}
[1.731990] (px4_msgs) StdoutLine: {'line': b'-- Up-to-date: /home/stepan/ws_ros2/install/px4_msgs/include/px4_msgs/px4_msgs/msg/detail/failure_detector_status__rosidl_typesupport_introspection_c.h\n'}
[1.732042] (px4_msgs) StdoutLine: {'line': b'-- Up-to-date: /home/stepan/ws_ros2/install/px4_msgs/include/px4_msgs/px4_msgs/msg/detail/radio_status__type_support.c\n'}
[1.732094] (px4_msgs) StdoutLine: {'line': b'-- Up-to-date: /home/stepan/ws_ros2/install/px4_msgs/include/px4_msgs/px4_msgs/msg/detail/sensor_correction__rosidl_typesupport_introspection_c.h\n'}
[1.732147] (px4_msgs) StdoutLine: {'line': b'-- Up-to-date: /home/stepan/ws_ros2/install/px4_msgs/include/px4_msgs/px4_msgs/msg/detail/figure_eight_status__rosidl_typesupport_introspection_c.h\n'}
[1.732248] (px4_msgs) StdoutLine: {'line': b'-- Up-to-date: /home/stepan/ws_ros2/install/px4_msgs/include/px4_msgs/px4_msgs/msg/detail/vehicle_magnetometer__type_support.c\n'}
[1.732301] (px4_msgs) StdoutLine: {'line': b'-- Up-to-date: /home/stepan/ws_ros2/install/px4_msgs/include/px4_msgs/px4_msgs/msg/detail/magnetometer_bias_estimate__type_support.c\n'}
[1.732355] (px4_msgs) StdoutLine: {'line': b'-- Up-to-date: /home/stepan/ws_ros2/install/px4_msgs/include/px4_msgs/px4_msgs/msg/detail/arming_check_request__type_support.c\n'}
[1.732430] (px4_msgs) StdoutLine: {'line': b'-- Up-to-date: /home/stepan/ws_ros2/install/px4_msgs/include/px4_msgs/px4_msgs/msg/detail/failure_detector_status__type_support.c\n'}
[1.732485] (px4_msgs) StdoutLine: {'line': b'-- Up-to-date: /home/stepan/ws_ros2/install/px4_msgs/include/px4_msgs/px4_msgs/msg/detail/rc_channels__type_support.c\n'}
[1.732566] (px4_msgs) StdoutLine: {'line': b'-- Up-to-date: /home/stepan/ws_ros2/install/px4_msgs/include/px4_msgs/px4_msgs/msg/detail/onboard_computer_status__rosidl_typesupport_introspection_c.h\n'}
[1.732638] (px4_msgs) StdoutLine: {'line': b'-- Up-to-date: /home/stepan/ws_ros2/install/px4_msgs/include/px4_msgs/px4_msgs/msg/detail/vehicle_constraints__type_support.c\n'}
[1.732716] (px4_msgs) StdoutLine: {'line': b'-- Up-to-date: /home/stepan/ws_ros2/install/px4_msgs/include/px4_msgs/px4_msgs/msg/detail/gimbal_manager_information__type_support.c\n'}
[1.732808] (px4_msgs) StdoutLine: {'line': b'-- Up-to-date: /home/stepan/ws_ros2/install/px4_msgs/include/px4_msgs/px4_msgs/msg/detail/vehicle_odometry__rosidl_typesupport_introspection_c.h\n'}
[1.732902] (px4_msgs) StdoutLine: {'line': b'-- Up-to-date: /home/stepan/ws_ros2/install/px4_msgs/include/px4_msgs/px4_msgs/msg/detail/message_format_request__rosidl_typesupport_introspection_c.h\n'}
[1.732996] (px4_msgs) StdoutLine: {'line': b'-- Up-to-date: /home/stepan/ws_ros2/install/px4_msgs/include/px4_msgs/px4_msgs/msg/detail/timesync_status__rosidl_typesupport_introspection_c.h\n'}
[1.733088] (px4_msgs) StdoutLine: {'line': b'-- Up-to-date: /home/stepan/ws_ros2/install/px4_msgs/include/px4_msgs/px4_msgs/msg/detail/airspeed_wind__type_support.c\n'}
[1.733148] (px4_msgs) StdoutLine: {'line': b'-- Up-to-date: /home/stepan/ws_ros2/install/px4_msgs/include/px4_msgs/px4_msgs/msg/detail/wind__type_support.c\n'}
[1.733204] (px4_msgs) StdoutLine: {'line': b'-- Up-to-date: /home/stepan/ws_ros2/install/px4_msgs/include/px4_msgs/px4_msgs/msg/detail/sensor_mag__type_support.c\n'}
[1.733263] (px4_msgs) StdoutLine: {'line': b'-- Up-to-date: /home/stepan/ws_ros2/install/px4_msgs/include/px4_msgs/px4_msgs/msg/detail/vehicle_optical_flow__rosidl_typesupport_introspection_c.h\n'}
[1.733321] (px4_msgs) StdoutLine: {'line': b'-- Up-to-date: /home/stepan/ws_ros2/install/px4_msgs/include/px4_msgs/px4_msgs/msg/detail/telemetry_status__type_support.c\n'}
[1.733459] (px4_msgs) StdoutLine: {'line': b'-- Up-to-date: /home/stepan/ws_ros2/install/px4_msgs/include/px4_msgs/px4_msgs/msg/detail/actuator_outputs__type_support.c\n'}
[1.733553] (px4_msgs) StdoutLine: {'line': b'-- Up-to-date: /home/stepan/ws_ros2/install/px4_msgs/include/px4_msgs/px4_msgs/msg/detail/transponder_report__type_support.c\n'}
[1.733614] (px4_msgs) StdoutLine: {'line': b'-- Up-to-date: /home/stepan/ws_ros2/install/px4_msgs/include/px4_msgs/px4_msgs/msg/detail/yaw_estimator_status__rosidl_typesupport_introspection_c.h\n'}
[1.733671] (px4_msgs) StdoutLine: {'line': b'-- Up-to-date: /home/stepan/ws_ros2/install/px4_msgs/include/px4_msgs/px4_msgs/msg/detail/parameter_set_value_response__rosidl_typesupport_introspection_c.h\n'}
[1.733728] (px4_msgs) StdoutLine: {'line': b'-- Up-to-date: /home/stepan/ws_ros2/install/px4_msgs/include/px4_msgs/px4_msgs/msg/detail/orb_test_large__rosidl_typesupport_introspection_c.h\n'}
[1.733828] (px4_msgs) StdoutLine: {'line': b'-- Up-to-date: /home/stepan/ws_ros2/install/px4_msgs/include/px4_msgs/px4_msgs/msg/detail/uavcan_parameter_value__type_support.c\n'}
[1.733883] (px4_msgs) StdoutLine: {'line': b'-- Up-to-date: /home/stepan/ws_ros2/install/px4_msgs/include/px4_msgs/px4_msgs/msg/detail/orbit_status__rosidl_typesupport_introspection_c.h\n'}
[1.733934] (px4_msgs) StdoutLine: {'line': b'-- Up-to-date: /home/stepan/ws_ros2/install/px4_msgs/include/px4_msgs/px4_msgs/msg/detail/estimator_aid_source2d__rosidl_typesupport_introspection_c.h\n'}
[1.733997] (px4_msgs) StdoutLine: {'line': b'-- Up-to-date: /home/stepan/ws_ros2/install/px4_msgs/include/px4_msgs/px4_msgs/msg/detail/gpio_request__type_support.c\n'}
[1.734082] (px4_msgs) StdoutLine: {'line': b'-- Up-to-date: /home/stepan/ws_ros2/install/px4_msgs/include/px4_msgs/px4_msgs/msg/detail/vehicle_status__type_support.c\n'}
[1.734134] (px4_msgs) StdoutLine: {'line': b'-- Up-to-date: /home/stepan/ws_ros2/install/px4_msgs/include/px4_msgs/px4_msgs/msg/detail/actuator_servos_trim__rosidl_typesupport_introspection_c.h\n'}
[1.734185] (px4_msgs) StdoutLine: {'line': b'-- Up-to-date: /home/stepan/ws_ros2/install/px4_msgs/include/px4_msgs/px4_msgs/msg/detail/position_controller_landing_status__rosidl_typesupport_introspection_c.h\n'}
[1.734236] (px4_msgs) StdoutLine: {'line': b'-- Up-to-date: /home/stepan/ws_ros2/install/px4_msgs/include/px4_msgs/px4_msgs/msg/detail/estimator_status__type_support.c\n'}
[1.734292] (px4_msgs) StdoutLine: {'line': b'-- Up-to-date: /home/stepan/ws_ros2/install/px4_msgs/include/px4_msgs/px4_msgs/msg/detail/rc_parameter_map__rosidl_typesupport_introspection_c.h\n'}
[1.734387] (px4_msgs) StdoutLine: {'line': b'-- Up-to-date: /home/stepan/ws_ros2/install/px4_msgs/include/px4_msgs/px4_msgs/msg/detail/landing_target_pose__type_support.c\n'}
[1.734447] (px4_msgs) StdoutLine: {'line': b'-- Up-to-date: /home/stepan/ws_ros2/install/px4_msgs/include/px4_msgs/px4_msgs/msg/detail/estimator_bias3d__type_support.c\n'}
[1.734509] (px4_msgs) StdoutLine: {'line': b'-- Up-to-date: /home/stepan/ws_ros2/install/px4_msgs/include/px4_msgs/px4_msgs/msg/detail/estimator_bias3d__rosidl_typesupport_introspection_c.h\n'}
[1.734568] (px4_msgs) StdoutLine: {'line': b'-- Up-to-date: /home/stepan/ws_ros2/install/px4_msgs/include/px4_msgs/px4_msgs/msg/detail/estimator_selector_status__type_support.c\n'}
[1.734629] (px4_msgs) StdoutLine: {'line': b'-- Up-to-date: /home/stepan/ws_ros2/install/px4_msgs/include/px4_msgs/px4_msgs/msg/detail/rover_position_setpoint__rosidl_typesupport_introspection_c.h\n'}
[1.734689] (px4_msgs) StdoutLine: {'line': b'-- Up-to-date: /home/stepan/ws_ros2/install/px4_msgs/include/px4_msgs/px4_msgs/msg/detail/cellular_status__type_support.c\n'}
[1.734749] (px4_msgs) StdoutLine: {'line': b'-- Up-to-date: /home/stepan/ws_ros2/install/px4_msgs/include/px4_msgs/px4_msgs/msg/detail/actuator_outputs__rosidl_typesupport_introspection_c.h\n'}
[1.734809] (px4_msgs) StdoutLine: {'line': b'-- Up-to-date: /home/stepan/ws_ros2/install/px4_msgs/include/px4_msgs/px4_msgs/msg/detail/dataman_response__type_support.c\n'}
[1.734870] (px4_msgs) StdoutLine: {'line': b'-- Up-to-date: /home/stepan/ws_ros2/install/px4_msgs/include/px4_msgs/px4_msgs/msg/detail/vehicle_odometry__type_support.c\n'}
[1.734939] (px4_msgs) StdoutLine: {'line': b'-- Up-to-date: /home/stepan/ws_ros2/install/px4_msgs/include/px4_msgs/px4_msgs/msg/detail/input_rc__type_support.c\n'}
[1.734998] (px4_msgs) StdoutLine: {'line': b'-- Up-to-date: /home/stepan/ws_ros2/install/px4_msgs/include/px4_msgs/px4_msgs/msg/detail/rate_ctrl_status__rosidl_typesupport_introspection_c.h\n'}
[1.735055] (px4_msgs) StdoutLine: {'line': b'-- Up-to-date: /home/stepan/ws_ros2/install/px4_msgs/include/px4_msgs/px4_msgs/msg/detail/gimbal_manager_information__rosidl_typesupport_introspection_c.h\n'}
[1.735110] (px4_msgs) StdoutLine: {'line': b'-- Up-to-date: /home/stepan/ws_ros2/install/px4_msgs/include/px4_msgs/px4_msgs/msg/detail/adc_report__rosidl_typesupport_introspection_c.h\n'}
[1.735165] (px4_msgs) StdoutLine: {'line': b'-- Up-to-date: /home/stepan/ws_ros2/install/px4_msgs/include/px4_msgs/px4_msgs/msg/detail/estimator_aid_source1d__rosidl_typesupport_introspection_c.h\n'}
[1.735220] (px4_msgs) StdoutLine: {'line': b'-- Up-to-date: /home/stepan/ws_ros2/install/px4_msgs/include/px4_msgs/px4_msgs/msg/detail/button_event__type_support.c\n'}
[1.735275] (px4_msgs) StdoutLine: {'line': b'-- Up-to-date: /home/stepan/ws_ros2/install/px4_msgs/include/px4_msgs/px4_msgs/msg/detail/health_report__type_support.c\n'}
[1.735332] (px4_msgs) StdoutLine: {'line': b'-- Up-to-date: /home/stepan/ws_ros2/install/px4_msgs/include/px4_msgs/px4_msgs/msg/detail/gimbal_device_set_attitude__type_support.c\n'}
[1.735400] (px4_msgs) StdoutLine: {'line': b'-- Up-to-date: /home/stepan/ws_ros2/install/px4_msgs/include/px4_msgs/px4_msgs/msg/detail/register_ext_component_reply__rosidl_typesupport_introspection_c.h\n'}
[1.735459] (px4_msgs) StdoutLine: {'line': b'-- Up-to-date: /home/stepan/ws_ros2/install/px4_msgs/include/px4_msgs/px4_msgs/msg/detail/battery_status__rosidl_typesupport_introspection_c.h\n'}
[1.735518] (px4_msgs) StdoutLine: {'line': b'-- Up-to-date: /home/stepan/ws_ros2/install/px4_msgs/include/px4_msgs/px4_msgs/msg/detail/vehicle_optical_flow__type_support.c\n'}
[1.735630] (px4_msgs) StdoutLine: {'line': b'-- Up-to-date: /home/stepan/ws_ros2/install/px4_msgs/include/px4_msgs/px4_msgs/msg/detail/gripper__type_support.c\n'}
[1.735687] (px4_msgs) StdoutLine: {'line': b'-- Up-to-date: /home/stepan/ws_ros2/install/px4_msgs/include/px4_msgs/px4_msgs/msg/detail/mavlink_tunnel__rosidl_typesupport_introspection_c.h\n'}
[1.735741] (px4_msgs) StdoutLine: {'line': b'-- Up-to-date: /home/stepan/ws_ros2/install/px4_msgs/include/px4_msgs/px4_msgs/msg/detail/rtl_status__type_support.c\n'}
[1.735818] (px4_msgs) StdoutLine: {'line': b'-- Up-to-date: /home/stepan/ws_ros2/install/px4_msgs/include/px4_msgs/px4_msgs/msg/detail/esc_status__type_support.c\n'}
[1.735869] (px4_msgs) StdoutLine: {'line': b'-- Up-to-date: /home/stepan/ws_ros2/install/px4_msgs/include/px4_msgs/px4_msgs/msg/detail/parameter_update__rosidl_typesupport_introspection_c.h\n'}
[1.735920] (px4_msgs) StdoutLine: {'line': b'-- Up-to-date: /home/stepan/ws_ros2/install/px4_msgs/include/px4_msgs/px4_msgs/msg/detail/rover_throttle_setpoint__type_support.c\n'}
[1.735977] (px4_msgs) StdoutLine: {'line': b'-- Up-to-date: /home/stepan/ws_ros2/install/px4_msgs/include/px4_msgs/px4_msgs/msg/detail/pure_pursuit_status__rosidl_typesupport_introspection_c.h\n'}
[1.736032] (px4_msgs) StdoutLine: {'line': b'-- Up-to-date: /home/stepan/ws_ros2/install/px4_msgs/include/px4_msgs/px4_msgs/msg/detail/vehicle_global_position__rosidl_typesupport_introspection_c.h\n'}
[1.736095] (px4_msgs) StdoutLine: {'line': b'-- Up-to-date: /home/stepan/ws_ros2/install/px4_msgs/include/px4_msgs/px4_msgs/msg/detail/irlock_report__type_support.c\n'}
[1.736150] (px4_msgs) StdoutLine: {'line': b'-- Up-to-date: /home/stepan/ws_ros2/install/px4_msgs/include/px4_msgs/px4_msgs/msg/detail/magnetometer_bias_estimate__rosidl_typesupport_introspection_c.h\n'}
[1.736232] (px4_msgs) StdoutLine: {'line': b'-- Up-to-date: /home/stepan/ws_ros2/install/px4_msgs/include/px4_msgs/px4_msgs/msg/detail/message_format_response__type_support.c\n'}
[1.736308] (px4_msgs) StdoutLine: {'line': b'-- Up-to-date: /home/stepan/ws_ros2/install/px4_msgs/include/px4_msgs/px4_msgs/msg/rosidl_typesupport_introspection_c__visibility_control.h\n'}
[1.736372] (px4_msgs) StdoutLine: {'line': b'-- Up-to-date: /home/stepan/ws_ros2/install/px4_msgs/include/px4_msgs/px4_msgs/srv\n'}
[1.736444] (px4_msgs) StdoutLine: {'line': b'-- Up-to-date: /home/stepan/ws_ros2/install/px4_msgs/include/px4_msgs/px4_msgs/srv/detail\n'}
[1.736508] (px4_msgs) StdoutLine: {'line': b'-- Up-to-date: /home/stepan/ws_ros2/install/px4_msgs/include/px4_msgs/px4_msgs/srv/detail/vehicle_command__type_support.c\n'}
[1.736583] (px4_msgs) StdoutLine: {'line': b'-- Up-to-date: /home/stepan/ws_ros2/install/px4_msgs/include/px4_msgs/px4_msgs/srv/detail/vehicle_command__rosidl_typesupport_introspection_c.h\n'}
[1.736677] (px4_msgs) StdoutLine: {'line': b'-- Up-to-date: /home/stepan/ws_ros2/install/px4_msgs/lib/libpx4_msgs__rosidl_typesupport_introspection_c.so\n'}
[1.736758] (px4_msgs) StdoutLine: {'line': b'-- Up-to-date: /home/stepan/ws_ros2/install/px4_msgs/lib/libpx4_msgs__rosidl_typesupport_c.so\n'}
[1.736857] (px4_msgs) StdoutLine: {'line': b'-- Up-to-date: /home/stepan/ws_ros2/install/px4_msgs/include/px4_msgs/px4_msgs\n'}
[1.736953] (px4_msgs) StdoutLine: {'line': b'-- Up-to-date: /home/stepan/ws_ros2/install/px4_msgs/include/px4_msgs/px4_msgs/msg\n'}
[1.737047] (px4_msgs) StdoutLine: {'line': b'-- Up-to-date: /home/stepan/ws_ros2/install/px4_msgs/include/px4_msgs/px4_msgs/msg/detail\n'}
[1.737122] (px4_msgs) StdoutLine: {'line': b'-- Up-to-date: /home/stepan/ws_ros2/install/px4_msgs/include/px4_msgs/px4_msgs/msg/detail/cpuload__rosidl_typesupport_introspection_cpp.hpp\n'}
[1.737193] (px4_msgs) StdoutLine: {'line': b'-- Up-to-date: /home/stepan/ws_ros2/install/px4_msgs/include/px4_msgs/px4_msgs/msg/detail/ulog_stream_ack__type_support.cpp\n'}
[1.737265] (px4_msgs) StdoutLine: {'line': b'-- Up-to-date: /home/stepan/ws_ros2/install/px4_msgs/include/px4_msgs/px4_msgs/msg/detail/launch_detection_status__type_support.cpp\n'}
[1.737335] (px4_msgs) StdoutLine: {'line': b'-- Up-to-date: /home/stepan/ws_ros2/install/px4_msgs/include/px4_msgs/px4_msgs/msg/detail/health_report__rosidl_typesupport_introspection_cpp.hpp\n'}
[1.737468] (px4_msgs) StdoutLine: {'line': b'-- Up-to-date: /home/stepan/ws_ros2/install/px4_msgs/include/px4_msgs/px4_msgs/msg/detail/position_setpoint__rosidl_typesupport_introspection_cpp.hpp\n'}
[1.737527] (px4_msgs) StdoutLine: {'line': b'-- Up-to-date: /home/stepan/ws_ros2/install/px4_msgs/include/px4_msgs/px4_msgs/msg/detail/estimator_states__rosidl_typesupport_introspection_cpp.hpp\n'}
[1.737613] (px4_msgs) StdoutLine: {'line': b'-- Up-to-date: /home/stepan/ws_ros2/install/px4_msgs/include/px4_msgs/px4_msgs/msg/detail/figure_eight_status__type_support.cpp\n'}
[1.737684] (px4_msgs) StdoutLine: {'line': b'-- Up-to-date: /home/stepan/ws_ros2/install/px4_msgs/include/px4_msgs/px4_msgs/msg/detail/onboard_computer_status__type_support.cpp\n'}
[1.737753] (px4_msgs) StdoutLine: {'line': b'-- Up-to-date: /home/stepan/ws_ros2/install/px4_msgs/include/px4_msgs/px4_msgs/msg/detail/esc_status__type_support.cpp\n'}
[1.737847] (px4_msgs) StdoutLine: {'line': b'-- Up-to-date: /home/stepan/ws_ros2/install/px4_msgs/include/px4_msgs/px4_msgs/msg/detail/follow_target_estimator__rosidl_typesupport_introspection_cpp.hpp\n'}
[1.737904] (px4_msgs) StdoutLine: {'line': b'-- Up-to-date: /home/stepan/ws_ros2/install/px4_msgs/include/px4_msgs/px4_msgs/msg/detail/normalized_unsigned_setpoint__rosidl_typesupport_introspection_cpp.hpp\n'}
[1.737961] (px4_msgs) StdoutLine: {'line': b'-- Up-to-date: /home/stepan/ws_ros2/install/px4_msgs/include/px4_msgs/px4_msgs/msg/detail/uavcan_parameter_value__rosidl_typesupport_introspection_cpp.hpp\n'}
[1.738031] (px4_msgs) StdoutLine: {'line': b'-- Up-to-date: /home/stepan/ws_ros2/install/px4_msgs/include/px4_msgs/px4_msgs/msg/detail/vehicle_rates_setpoint__rosidl_typesupport_introspection_cpp.hpp\n'}
[1.738101] (px4_msgs) StdoutLine: {'line': b'-- Up-to-date: /home/stepan/ws_ros2/install/px4_msgs/include/px4_msgs/px4_msgs/msg/detail/pps_capture__type_support.cpp\n'}
[1.738170] (px4_msgs) StdoutLine: {'line': b'-- Up-to-date: /home/stepan/ws_ros2/install/px4_msgs/include/px4_msgs/px4_msgs/msg/detail/vehicle_angular_acceleration_setpoint__type_support.cpp\n'}
[1.738242] (px4_msgs) StdoutLine: {'line': b'-- Up-to-date: /home/stepan/ws_ros2/install/px4_msgs/include/px4_msgs/px4_msgs/msg/detail/sensors_status_imu__rosidl_typesupport_introspection_cpp.hpp\n'}
[1.738313] (px4_msgs) StdoutLine: {'line': b'-- Up-to-date: /home/stepan/ws_ros2/install/px4_msgs/include/px4_msgs/px4_msgs/msg/detail/estimator_aid_source1d__rosidl_typesupport_introspection_cpp.hpp\n'}
[1.738440] (px4_msgs) StdoutLine: {'line': b'-- Up-to-date: /home/stepan/ws_ros2/install/px4_msgs/include/px4_msgs/px4_msgs/msg/detail/estimator_selector_status__rosidl_typesupport_introspection_cpp.hpp\n'}
[1.738508] (px4_msgs) StdoutLine: {'line': b'-- Up-to-date: /home/stepan/ws_ros2/install/px4_msgs/include/px4_msgs/px4_msgs/msg/detail/vehicle_imu__type_support.cpp\n'}
[1.738564] (px4_msgs) StdoutLine: {'line': b'-- Up-to-date: /home/stepan/ws_ros2/install/px4_msgs/include/px4_msgs/px4_msgs/msg/detail/cellular_status__rosidl_typesupport_introspection_cpp.hpp\n'}
[1.738619] (px4_msgs) StdoutLine: {'line': b'-- Up-to-date: /home/stepan/ws_ros2/install/px4_msgs/include/px4_msgs/px4_msgs/msg/detail/dataman_response__rosidl_typesupport_introspection_cpp.hpp\n'}
[1.738674] (px4_msgs) StdoutLine: {'line': b'-- Up-to-date: /home/stepan/ws_ros2/install/px4_msgs/include/px4_msgs/px4_msgs/msg/detail/sensor_selection__rosidl_typesupport_introspection_cpp.hpp\n'}
[1.738729] (px4_msgs) StdoutLine: {'line': b'-- Up-to-date: /home/stepan/ws_ros2/install/px4_msgs/include/px4_msgs/px4_msgs/msg/detail/collision_constraints__type_support.cpp\n'}
[1.738788] (px4_msgs) StdoutLine: {'line': b'-- Up-to-date: /home/stepan/ws_ros2/install/px4_msgs/include/px4_msgs/px4_msgs/msg/detail/navigator_status__type_support.cpp\n'}
[1.738844] (px4_msgs) StdoutLine: {'line': b'-- Up-to-date: /home/stepan/ws_ros2/install/px4_msgs/include/px4_msgs/px4_msgs/msg/detail/sensors_status_imu__type_support.cpp\n'}
[1.738899] (px4_msgs) StdoutLine: {'line': b'-- Up-to-date: /home/stepan/ws_ros2/install/px4_msgs/include/px4_msgs/px4_msgs/msg/detail/failsafe_flags__rosidl_typesupport_introspection_cpp.hpp\n'}
[1.738954] (px4_msgs) StdoutLine: {'line': b'-- Up-to-date: /home/stepan/ws_ros2/install/px4_msgs/include/px4_msgs/px4_msgs/msg/detail/control_allocator_status__rosidl_typesupport_introspection_cpp.hpp\n'}
[1.739045] (px4_msgs) StdoutLine: {'line': b'-- Up-to-date: /home/stepan/ws_ros2/install/px4_msgs/include/px4_msgs/px4_msgs/msg/detail/vehicle_global_position__type_support.cpp\n'}
[1.739097] (px4_msgs) StdoutLine: {'line': b'-- Up-to-date: /home/stepan/ws_ros2/install/px4_msgs/include/px4_msgs/px4_msgs/msg/detail/vehicle_torque_setpoint__type_support.cpp\n'}
[1.739155] (px4_msgs) StdoutLine: {'line': b'-- Up-to-date: /home/stepan/ws_ros2/install/px4_msgs/include/px4_msgs/px4_msgs/msg/detail/orbit_status__type_support.cpp\n'}
[1.739211] (px4_msgs) StdoutLine: {'line': b'-- Up-to-date: /home/stepan/ws_ros2/install/px4_msgs/include/px4_msgs/px4_msgs/msg/detail/sensor_gps__type_support.cpp\n'}
[1.739267] (px4_msgs) StdoutLine: {'line': b'-- Up-to-date: /home/stepan/ws_ros2/install/px4_msgs/include/px4_msgs/px4_msgs/msg/detail/follow_target_status__type_support.cpp\n'}
[1.739322] (px4_msgs) StdoutLine: {'line': b'-- Up-to-date: /home/stepan/ws_ros2/install/px4_msgs/include/px4_msgs/px4_msgs/msg/detail/failure_detector_status__rosidl_typesupport_introspection_cpp.hpp\n'}
[1.739403] (px4_msgs) StdoutLine: {'line': b'-- Up-to-date: /home/stepan/ws_ros2/install/px4_msgs/include/px4_msgs/px4_msgs/msg/detail/message_format_request__type_support.cpp\n'}
[1.739462] (px4_msgs) StdoutLine: {'line': b'-- Up-to-date: /home/stepan/ws_ros2/install/px4_msgs/include/px4_msgs/px4_msgs/msg/detail/rover_attitude_setpoint__type_support.cpp\n'}
[1.739518] (px4_msgs) StdoutLine: {'line': b'-- Up-to-date: /home/stepan/ws_ros2/install/px4_msgs/include/px4_msgs/px4_msgs/msg/detail/wheel_encoders__rosidl_typesupport_introspection_cpp.hpp\n'}
[1.739576] (px4_msgs) StdoutLine: {'line': b'-- Up-to-date: /home/stepan/ws_ros2/install/px4_msgs/include/px4_msgs/px4_msgs/msg/detail/manual_control_setpoint__type_support.cpp\n'}
[1.739646] (px4_msgs) StdoutLine: {'line': b'-- Up-to-date: /home/stepan/ws_ros2/install/px4_msgs/include/px4_msgs/px4_msgs/msg/detail/airspeed_validated__rosidl_typesupport_introspection_cpp.hpp\n'}
[1.739701] (px4_msgs) StdoutLine: {'line': b'-- Up-to-date: /home/stepan/ws_ros2/install/px4_msgs/include/px4_msgs/px4_msgs/msg/detail/open_drone_id_arm_status__rosidl_typesupport_introspection_cpp.hpp\n'}
[1.739755] (px4_msgs) StdoutLine: {'line': b'-- Up-to-date: /home/stepan/ws_ros2/install/px4_msgs/include/px4_msgs/px4_msgs/msg/detail/vehicle_rates_setpoint__type_support.cpp\n'}
[1.739812] (px4_msgs) StdoutLine: {'line': b'-- Up-to-date: /home/stepan/ws_ros2/install/px4_msgs/include/px4_msgs/px4_msgs/msg/detail/mission__type_support.cpp\n'}
[1.739867] (px4_msgs) StdoutLine: {'line': b'-- Up-to-date: /home/stepan/ws_ros2/install/px4_msgs/include/px4_msgs/px4_msgs/msg/detail/vehicle_local_position_setpoint__rosidl_typesupport_introspection_cpp.hpp\n'}
[1.739921] (px4_msgs) StdoutLine: {'line': b'-- Up-to-date: /home/stepan/ws_ros2/install/px4_msgs/include/px4_msgs/px4_msgs/msg/detail/adc_report__rosidl_typesupport_introspection_cpp.hpp\n'}
[1.739976] (px4_msgs) StdoutLine: {'line': b'-- Up-to-date: /home/stepan/ws_ros2/install/px4_msgs/include/px4_msgs/px4_msgs/msg/detail/rover_steering_setpoint__rosidl_typesupport_introspection_cpp.hpp\n'}
[1.740030] (px4_msgs) StdoutLine: {'line': b'-- Up-to-date: /home/stepan/ws_ros2/install/px4_msgs/include/px4_msgs/px4_msgs/msg/detail/actuator_motors__type_support.cpp\n'}
[1.740090] (px4_msgs) StdoutLine: {'line': b'-- Up-to-date: /home/stepan/ws_ros2/install/px4_msgs/include/px4_msgs/px4_msgs/msg/detail/goto_setpoint__rosidl_typesupport_introspection_cpp.hpp\n'}
[1.740182] (px4_msgs) StdoutLine: {'line': b'-- Up-to-date: /home/stepan/ws_ros2/install/px4_msgs/include/px4_msgs/px4_msgs/msg/detail/sensor_hygrometer__rosidl_typesupport_introspection_cpp.hpp\n'}
[1.740249] (px4_msgs) StdoutLine: {'line': b'-- Up-to-date: /home/stepan/ws_ros2/install/px4_msgs/include/px4_msgs/px4_msgs/msg/detail/input_rc__rosidl_typesupport_introspection_cpp.hpp\n'}
[1.740303] (px4_msgs) StdoutLine: {'line': b'-- Up-to-date: /home/stepan/ws_ros2/install/px4_msgs/include/px4_msgs/px4_msgs/msg/detail/vehicle_magnetometer__rosidl_typesupport_introspection_cpp.hpp\n'}
[1.740368] (px4_msgs) StdoutLine: {'line': b'-- Up-to-date: /home/stepan/ws_ros2/install/px4_msgs/include/px4_msgs/px4_msgs/msg/detail/qshell_retval__rosidl_typesupport_introspection_cpp.hpp\n'}
[1.740455] (px4_msgs) StdoutLine: {'line': b'-- Up-to-date: /home/stepan/ws_ros2/install/px4_msgs/include/px4_msgs/px4_msgs/msg/detail/rover_rate_setpoint__rosidl_typesupport_introspection_cpp.hpp\n'}
[1.740508] (px4_msgs) StdoutLine: {'line': b'-- Up-to-date: /home/stepan/ws_ros2/install/px4_msgs/include/px4_msgs/px4_msgs/msg/detail/yaw_estimator_status__rosidl_typesupport_introspection_cpp.hpp\n'}
[1.740576] (px4_msgs) StdoutLine: {'line': b'-- Up-to-date: /home/stepan/ws_ros2/install/px4_msgs/include/px4_msgs/px4_msgs/msg/detail/log_message__type_support.cpp\n'}
[1.740662] (px4_msgs) StdoutLine: {'line': b'-- Up-to-date: /home/stepan/ws_ros2/install/px4_msgs/include/px4_msgs/px4_msgs/msg/detail/parameter_set_used_request__type_support.cpp\n'}
[1.740754] (px4_msgs) StdoutLine: {'line': b'-- Up-to-date: /home/stepan/ws_ros2/install/px4_msgs/include/px4_msgs/px4_msgs/msg/detail/gimbal_device_information__type_support.cpp\n'}
[1.740858] (px4_msgs) StdoutLine: {'line': b'-- Up-to-date: /home/stepan/ws_ros2/install/px4_msgs/include/px4_msgs/px4_msgs/msg/detail/power_button_state__type_support.cpp\n'}
[1.740958] (px4_msgs) StdoutLine: {'line': b'-- Up-to-date: /home/stepan/ws_ros2/install/px4_msgs/include/px4_msgs/px4_msgs/msg/detail/tiltrotor_extra_controls__rosidl_typesupport_introspection_cpp.hpp\n'}
[1.741084] (px4_msgs) StdoutLine: {'line': b'-- Up-to-date: /home/stepan/ws_ros2/install/px4_msgs/include/px4_msgs/px4_msgs/msg/detail/geofence_status__type_support.cpp\n'}
[1.741144] (px4_msgs) StdoutLine: {'line': b'-- Up-to-date: /home/stepan/ws_ros2/install/px4_msgs/include/px4_msgs/px4_msgs/msg/detail/mode_completed__rosidl_typesupport_introspection_cpp.hpp\n'}
[1.741200] (px4_msgs) StdoutLine: {'line': b'-- Up-to-date: /home/stepan/ws_ros2/install/px4_msgs/include/px4_msgs/px4_msgs/msg/detail/health_report__type_support.cpp\n'}
[1.741256] (px4_msgs) StdoutLine: {'line': b'-- Up-to-date: /home/stepan/ws_ros2/install/px4_msgs/include/px4_msgs/px4_msgs/msg/detail/parameter_set_value_request__type_support.cpp\n'}
[1.741311] (px4_msgs) StdoutLine: {'line': b'-- Up-to-date: /home/stepan/ws_ros2/install/px4_msgs/include/px4_msgs/px4_msgs/msg/detail/gimbal_manager_set_attitude__type_support.cpp\n'}
[1.741380] (px4_msgs) StdoutLine: {'line': b'-- Up-to-date: /home/stepan/ws_ros2/install/px4_msgs/include/px4_msgs/px4_msgs/msg/detail/estimator_gps_status__rosidl_typesupport_introspection_cpp.hpp\n'}
[1.741464] (px4_msgs) StdoutLine: {'line': b'-- Up-to-date: /home/stepan/ws_ros2/install/px4_msgs/include/px4_msgs/px4_msgs/msg/detail/config_overrides__rosidl_typesupport_introspection_cpp.hpp\n'}
[1.741524] (px4_msgs) StdoutLine: {'line': b'-- Up-to-date: /home/stepan/ws_ros2/install/px4_msgs/include/px4_msgs/px4_msgs/msg/detail/camera_capture__rosidl_typesupport_introspection_cpp.hpp\n'}
[1.741576] (px4_msgs) StdoutLine: {'line': b'-- Up-to-date: /home/stepan/ws_ros2/install/px4_msgs/include/px4_msgs/px4_msgs/msg/detail/ackermann_velocity_setpoint__rosidl_typesupport_introspection_cpp.hpp\n'}
[1.741636] (px4_msgs) StdoutLine: {'line': b'-- Up-to-date: /home/stepan/ws_ros2/install/px4_msgs/include/px4_msgs/px4_msgs/msg/detail/position_setpoint_triplet__rosidl_typesupport_introspection_cpp.hpp\n'}
[1.741690] (px4_msgs) StdoutLine: {'line': b'-- Up-to-date: /home/stepan/ws_ros2/install/px4_msgs/include/px4_msgs/px4_msgs/msg/detail/can_interface_status__type_support.cpp\n'}
[1.741756] (px4_msgs) StdoutLine: {'line': b'-- Up-to-date: /home/stepan/ws_ros2/install/px4_msgs/include/px4_msgs/px4_msgs/msg/detail/vehicle_attitude__rosidl_typesupport_introspection_cpp.hpp\n'}
[1.741809] (px4_msgs) StdoutLine: {'line': b'-- Up-to-date: /home/stepan/ws_ros2/install/px4_msgs/include/px4_msgs/px4_msgs/msg/detail/debug_value__type_support.cpp\n'}
[1.741865] (px4_msgs) StdoutLine: {'line': b'-- Up-to-date: /home/stepan/ws_ros2/install/px4_msgs/include/px4_msgs/px4_msgs/msg/detail/rover_attitude_setpoint__rosidl_typesupport_introspection_cpp.hpp\n'}
[1.741926] (px4_msgs) StdoutLine: {'line': b'-- Up-to-date: /home/stepan/ws_ros2/install/px4_msgs/include/px4_msgs/px4_msgs/msg/detail/vehicle_angular_velocity__type_support.cpp\n'}
[1.741982] (px4_msgs) StdoutLine: {'line': b'-- Up-to-date: /home/stepan/ws_ros2/install/px4_msgs/include/px4_msgs/px4_msgs/msg/detail/actuator_test__type_support.cpp\n'}
[1.742037] (px4_msgs) StdoutLine: {'line': b'-- Up-to-date: /home/stepan/ws_ros2/install/px4_msgs/include/px4_msgs/px4_msgs/msg/detail/actuator_motors__rosidl_typesupport_introspection_cpp.hpp\n'}
[1.742093] (px4_msgs) StdoutLine: {'line': b'-- Up-to-date: /home/stepan/ws_ros2/install/px4_msgs/include/px4_msgs/px4_msgs/msg/detail/sensor_baro__rosidl_typesupport_introspection_cpp.hpp\n'}
[1.742166] (px4_msgs) StdoutLine: {'line': b'-- Up-to-date: /home/stepan/ws_ros2/install/px4_msgs/include/px4_msgs/px4_msgs/msg/detail/sensor_hygrometer__type_support.cpp\n'}
[1.742218] (px4_msgs) StdoutLine: {'line': b'-- Up-to-date: /home/stepan/ws_ros2/install/px4_msgs/include/px4_msgs/px4_msgs/msg/detail/distance_sensor__rosidl_typesupport_introspection_cpp.hpp\n'}
[1.742270] (px4_msgs) StdoutLine: {'line': b'-- Up-to-date: /home/stepan/ws_ros2/install/px4_msgs/include/px4_msgs/px4_msgs/msg/detail/velocity_limits__rosidl_typesupport_introspection_cpp.hpp\n'}
[1.742329] (px4_msgs) StdoutLine: {'line': b'-- Up-to-date: /home/stepan/ws_ros2/install/px4_msgs/include/px4_msgs/px4_msgs/msg/detail/sensor_mag__type_support.cpp\n'}
[1.742415] (px4_msgs) StdoutLine: {'line': b'-- Up-to-date: /home/stepan/ws_ros2/install/px4_msgs/include/px4_msgs/px4_msgs/msg/detail/battery_status__rosidl_typesupport_introspection_cpp.hpp\n'}
[1.742471] (px4_msgs) StdoutLine: {'line': b'-- Up-to-date: /home/stepan/ws_ros2/install/px4_msgs/include/px4_msgs/px4_msgs/msg/detail/sensor_airflow__rosidl_typesupport_introspection_cpp.hpp\n'}
[1.742526] (px4_msgs) StdoutLine: {'line': b'-- Up-to-date: /home/stepan/ws_ros2/install/px4_msgs/include/px4_msgs/px4_msgs/msg/detail/rover_rate_setpoint__type_support.cpp\n'}
[1.742583] (px4_msgs) StdoutLine: {'line': b'-- Up-to-date: /home/stepan/ws_ros2/install/px4_msgs/include/px4_msgs/px4_msgs/msg/detail/estimator_status__rosidl_typesupport_introspection_cpp.hpp\n'}
[1.742638] (px4_msgs) StdoutLine: {'line': b'-- Up-to-date: /home/stepan/ws_ros2/install/px4_msgs/include/px4_msgs/px4_msgs/msg/detail/trajectory_setpoint__rosidl_typesupport_introspection_cpp.hpp\n'}
[1.742692] (px4_msgs) StdoutLine: {'line': b'-- Up-to-date: /home/stepan/ws_ros2/install/px4_msgs/include/px4_msgs/px4_msgs/msg/detail/camera_status__type_support.cpp\n'}
[1.742748] (px4_msgs) StdoutLine: {'line': b'-- Up-to-date: /home/stepan/ws_ros2/install/px4_msgs/include/px4_msgs/px4_msgs/msg/detail/vehicle_land_detected__type_support.cpp\n'}
[1.742806] (px4_msgs) StdoutLine: {'line': b'-- Up-to-date: /home/stepan/ws_ros2/install/px4_msgs/include/px4_msgs/px4_msgs/msg/detail/vehicle_imu_status__rosidl_typesupport_introspection_cpp.hpp\n'}
[1.742861] (px4_msgs) StdoutLine: {'line': b'-- Up-to-date: /home/stepan/ws_ros2/install/px4_msgs/include/px4_msgs/px4_msgs/msg/detail/log_message__rosidl_typesupport_introspection_cpp.hpp\n'}
[1.742915] (px4_msgs) StdoutLine: {'line': b'-- Up-to-date: /home/stepan/ws_ros2/install/px4_msgs/include/px4_msgs/px4_msgs/msg/detail/register_ext_component_reply__type_support.cpp\n'}
[1.742969] (px4_msgs) StdoutLine: {'line': b'-- Up-to-date: /home/stepan/ws_ros2/install/px4_msgs/include/px4_msgs/px4_msgs/msg/detail/vehicle_local_position__rosidl_typesupport_introspection_cpp.hpp\n'}
[1.743023] (px4_msgs) StdoutLine: {'line': b'-- Up-to-date: /home/stepan/ws_ros2/install/px4_msgs/include/px4_msgs/px4_msgs/msg/detail/open_drone_id_operator_id__type_support.cpp\n'}
[1.743104] (px4_msgs) StdoutLine: {'line': b'-- Up-to-date: /home/stepan/ws_ros2/install/px4_msgs/include/px4_msgs/px4_msgs/msg/detail/position_setpoint__type_support.cpp\n'}
[1.743161] (px4_msgs) StdoutLine: {'line': b'-- Up-to-date: /home/stepan/ws_ros2/install/px4_msgs/include/px4_msgs/px4_msgs/msg/detail/uavcan_parameter_request__rosidl_typesupport_introspection_cpp.hpp\n'}
[1.743213] (px4_msgs) StdoutLine: {'line': b'-- Up-to-date: /home/stepan/ws_ros2/install/px4_msgs/include/px4_msgs/px4_msgs/msg/detail/offboard_control_mode__type_support.cpp\n'}
[1.743264] (px4_msgs) StdoutLine: {'line': b'-- Up-to-date: /home/stepan/ws_ros2/install/px4_msgs/include/px4_msgs/px4_msgs/msg/detail/gimbal_device_information__rosidl_typesupport_introspection_cpp.hpp\n'}
[1.743315] (px4_msgs) StdoutLine: {'line': b'-- Up-to-date: /home/stepan/ws_ros2/install/px4_msgs/include/px4_msgs/px4_msgs/msg/detail/unregister_ext_component__rosidl_typesupport_introspection_cpp.hpp\n'}
[1.743378] (px4_msgs) StdoutLine: {'line': b'-- Up-to-date: /home/stepan/ws_ros2/install/px4_msgs/include/px4_msgs/px4_msgs/msg/detail/rate_ctrl_status__rosidl_typesupport_introspection_cpp.hpp\n'}
[1.743444] (px4_msgs) StdoutLine: {'line': b'-- Up-to-date: /home/stepan/ws_ros2/install/px4_msgs/include/px4_msgs/px4_msgs/msg/detail/gimbal_device_attitude_status__rosidl_typesupport_introspection_cpp.hpp\n'}
[1.743501] (px4_msgs) StdoutLine: {'line': b'-- Up-to-date: /home/stepan/ws_ros2/install/px4_msgs/include/px4_msgs/px4_msgs/msg/detail/sensor_preflight_mag__type_support.cpp\n'}
[1.743557] (px4_msgs) StdoutLine: {'line': b'-- Up-to-date: /home/stepan/ws_ros2/install/px4_msgs/include/px4_msgs/px4_msgs/msg/detail/vtol_vehicle_status__rosidl_typesupport_introspection_cpp.hpp\n'}
[1.743613] (px4_msgs) StdoutLine: {'line': b'-- Up-to-date: /home/stepan/ws_ros2/install/px4_msgs/include/px4_msgs/px4_msgs/msg/detail/vehicle_optical_flow__rosidl_typesupport_introspection_cpp.hpp\n'}
[1.743668] (px4_msgs) StdoutLine: {'line': b'-- Up-to-date: /home/stepan/ws_ros2/install/px4_msgs/include/px4_msgs/px4_msgs/msg/detail/gripper__type_support.cpp\n'}
[1.743727] (px4_msgs) StdoutLine: {'line': b'-- Up-to-date: /home/stepan/ws_ros2/install/px4_msgs/include/px4_msgs/px4_msgs/msg/detail/vehicle_optical_flow__type_support.cpp\n'}
[1.743783] (px4_msgs) StdoutLine: {'line': b'-- Up-to-date: /home/stepan/ws_ros2/install/px4_msgs/include/px4_msgs/px4_msgs/msg/detail/fuel_tank_status__rosidl_typesupport_introspection_cpp.hpp\n'}
[1.743865] (px4_msgs) StdoutLine: {'line': b'-- Up-to-date: /home/stepan/ws_ros2/install/px4_msgs/include/px4_msgs/px4_msgs/msg/detail/estimator_status_flags__rosidl_typesupport_introspection_cpp.hpp\n'}
[1.743921] (px4_msgs) StdoutLine: {'line': b'-- Up-to-date: /home/stepan/ws_ros2/install/px4_msgs/include/px4_msgs/px4_msgs/msg/detail/gps_inject_data__rosidl_typesupport_introspection_cpp.hpp\n'}
[1.743978] (px4_msgs) StdoutLine: {'line': b'-- Up-to-date: /home/stepan/ws_ros2/install/px4_msgs/include/px4_msgs/px4_msgs/msg/detail/gimbal_manager_set_attitude__rosidl_typesupport_introspection_cpp.hpp\n'}
[1.744032] (px4_msgs) StdoutLine: {'line': b'-- Up-to-date: /home/stepan/ws_ros2/install/px4_msgs/include/px4_msgs/px4_msgs/msg/detail/failure_detector_status__type_support.cpp\n'}
[1.744087] (px4_msgs) StdoutLine: {'line': b'-- Up-to-date: /home/stepan/ws_ros2/install/px4_msgs/include/px4_msgs/px4_msgs/msg/detail/rover_position_setpoint__rosidl_typesupport_introspection_cpp.hpp\n'}
[1.744179] (px4_msgs) StdoutLine: {'line': b'-- Up-to-date: /home/stepan/ws_ros2/install/px4_msgs/include/px4_msgs/px4_msgs/msg/detail/airspeed_wind__type_support.cpp\n'}
[1.744269] (px4_msgs) StdoutLine: {'line': b'-- Up-to-date: /home/stepan/ws_ros2/install/px4_msgs/include/px4_msgs/px4_msgs/msg/detail/estimator_aid_source2d__type_support.cpp\n'}
[1.744322] (px4_msgs) StdoutLine: {'line': b'-- Up-to-date: /home/stepan/ws_ros2/install/px4_msgs/include/px4_msgs/px4_msgs/msg/detail/event__type_support.cpp\n'}
[1.744387] (px4_msgs) StdoutLine: {'line': b'-- Up-to-date: /home/stepan/ws_ros2/install/px4_msgs/include/px4_msgs/px4_msgs/msg/detail/estimator_aid_source3d__type_support.cpp\n'}
[1.744443] (px4_msgs) StdoutLine: {'line': b'-- Up-to-date: /home/stepan/ws_ros2/install/px4_msgs/include/px4_msgs/px4_msgs/msg/detail/trajectory_setpoint6dof__rosidl_typesupport_introspection_cpp.hpp\n'}
[1.744502] (px4_msgs) StdoutLine: {'line': b'-- Up-to-date: /home/stepan/ws_ros2/install/px4_msgs/include/px4_msgs/px4_msgs/msg/detail/internal_combustion_engine_control__type_support.cpp\n'}
[1.744553] (px4_msgs) StdoutLine: {'line': b'-- Up-to-date: /home/stepan/ws_ros2/install/px4_msgs/include/px4_msgs/px4_msgs/msg/detail/rtl_time_estimate__type_support.cpp\n'}
[1.744623] (px4_msgs) StdoutLine: {'line': b'-- Up-to-date: /home/stepan/ws_ros2/install/px4_msgs/include/px4_msgs/px4_msgs/msg/detail/differential_pressure__type_support.cpp\n'}
[1.744700] (px4_msgs) StdoutLine: {'line': b'-- Up-to-date: /home/stepan/ws_ros2/install/px4_msgs/include/px4_msgs/px4_msgs/msg/detail/sensor_uwb__rosidl_typesupport_introspection_cpp.hpp\n'}
[1.744792] (px4_msgs) StdoutLine: {'line': b'-- Up-to-date: /home/stepan/ws_ros2/install/px4_msgs/include/px4_msgs/px4_msgs/msg/detail/system_power__rosidl_typesupport_introspection_cpp.hpp\n'}
[1.744905] (px4_msgs) StdoutLine: {'line': b'-- Up-to-date: /home/stepan/ws_ros2/install/px4_msgs/include/px4_msgs/px4_msgs/msg/detail/vehicle_global_position__rosidl_typesupport_introspection_cpp.hpp\n'}
[1.745007] (px4_msgs) StdoutLine: {'line': b'-- Up-to-date: /home/stepan/ws_ros2/install/px4_msgs/include/px4_msgs/px4_msgs/msg/detail/vehicle_local_position_setpoint__type_support.cpp\n'}
[1.745076] (px4_msgs) StdoutLine: {'line': b'-- Up-to-date: /home/stepan/ws_ros2/install/px4_msgs/include/px4_msgs/px4_msgs/msg/detail/sensor_gps__rosidl_typesupport_introspection_cpp.hpp\n'}
[1.745133] (px4_msgs) StdoutLine: {'line': b'-- Up-to-date: /home/stepan/ws_ros2/install/px4_msgs/include/px4_msgs/px4_msgs/msg/detail/vehicle_acceleration__type_support.cpp\n'}
[1.745188] (px4_msgs) StdoutLine: {'line': b'-- Up-to-date: /home/stepan/ws_ros2/install/px4_msgs/include/px4_msgs/px4_msgs/msg/detail/ulog_stream__rosidl_typesupport_introspection_cpp.hpp\n'}
[1.745243] (px4_msgs) StdoutLine: {'line': b'-- Up-to-date: /home/stepan/ws_ros2/install/px4_msgs/include/px4_msgs/px4_msgs/msg/detail/estimator_innovations__type_support.cpp\n'}
[1.745297] (px4_msgs) StdoutLine: {'line': b'-- Up-to-date: /home/stepan/ws_ros2/install/px4_msgs/include/px4_msgs/px4_msgs/msg/detail/uavcan_parameter_request__type_support.cpp\n'}
[1.745352] (px4_msgs) StdoutLine: {'line': b'-- Up-to-date: /home/stepan/ws_ros2/install/px4_msgs/include/px4_msgs/px4_msgs/msg/detail/estimator_event_flags__type_support.cpp\n'}
[1.745483] (px4_msgs) StdoutLine: {'line': b'-- Up-to-date: /home/stepan/ws_ros2/install/px4_msgs/include/px4_msgs/px4_msgs/msg/detail/sensor_gnss_relative__type_support.cpp\n'}
[1.745536] (px4_msgs) StdoutLine: {'line': b'-- Up-to-date: /home/stepan/ws_ros2/install/px4_msgs/include/px4_msgs/px4_msgs/msg/detail/open_drone_id_operator_id__rosidl_typesupport_introspection_cpp.hpp\n'}
[1.745587] (px4_msgs) StdoutLine: {'line': b'-- Up-to-date: /home/stepan/ws_ros2/install/px4_msgs/include/px4_msgs/px4_msgs/msg/detail/collision_constraints__rosidl_typesupport_introspection_cpp.hpp\n'}
[1.745640] (px4_msgs) StdoutLine: {'line': b'-- Up-to-date: /home/stepan/ws_ros2/install/px4_msgs/include/px4_msgs/px4_msgs/msg/detail/actuator_armed__rosidl_typesupport_introspection_cpp.hpp\n'}
[1.745694] (px4_msgs) StdoutLine: {'line': b'-- Up-to-date: /home/stepan/ws_ros2/install/px4_msgs/include/px4_msgs/px4_msgs/msg/detail/open_drone_id_self_id__rosidl_typesupport_introspection_cpp.hpp\n'}
[1.745749] (px4_msgs) StdoutLine: {'line': b'-- Up-to-date: /home/stepan/ws_ros2/install/px4_msgs/include/px4_msgs/px4_msgs/msg/detail/landing_target_pose__type_support.cpp\n'}
[1.745824] (px4_msgs) StdoutLine: {'line': b'-- Up-to-date: /home/stepan/ws_ros2/install/px4_msgs/include/px4_msgs/px4_msgs/msg/detail/landing_gear__type_support.cpp\n'}
[1.745876] (px4_msgs) StdoutLine: {'line': b'-- Up-to-date: /home/stepan/ws_ros2/install/px4_msgs/include/px4_msgs/px4_msgs/msg/detail/vehicle_optical_flow_vel__rosidl_typesupport_introspection_cpp.hpp\n'}
[1.745931] (px4_msgs) StdoutLine: {'line': b'-- Up-to-date: /home/stepan/ws_ros2/install/px4_msgs/include/px4_msgs/px4_msgs/msg/detail/generator_status__type_support.cpp\n'}
[1.745982] (px4_msgs) StdoutLine: {'line': b'-- Up-to-date: /home/stepan/ws_ros2/install/px4_msgs/include/px4_msgs/px4_msgs/msg/detail/hover_thrust_estimate__rosidl_typesupport_introspection_cpp.hpp\n'}
[1.746037] (px4_msgs) StdoutLine: {'line': b'-- Up-to-date: /home/stepan/ws_ros2/install/px4_msgs/include/px4_msgs/px4_msgs/msg/detail/actuator_servos_trim__rosidl_typesupport_introspection_cpp.hpp\n'}
[1.746093] (px4_msgs) StdoutLine: {'line': b'-- Up-to-date: /home/stepan/ws_ros2/install/px4_msgs/include/px4_msgs/px4_msgs/msg/detail/mavlink_tunnel__rosidl_typesupport_introspection_cpp.hpp\n'}
[1.746159] (px4_msgs) StdoutLine: {'line': b'-- Up-to-date: /home/stepan/ws_ros2/install/px4_msgs/include/px4_msgs/px4_msgs/msg/detail/orb_test__rosidl_typesupport_introspection_cpp.hpp\n'}
[1.746216] (px4_msgs) StdoutLine: {'line': b'-- Up-to-date: /home/stepan/ws_ros2/install/px4_msgs/include/px4_msgs/px4_msgs/msg/detail/qshell_retval__type_support.cpp\n'}
[1.746272] (px4_msgs) StdoutLine: {'line': b'-- Up-to-date: /home/stepan/ws_ros2/install/px4_msgs/include/px4_msgs/px4_msgs/msg/detail/orbit_status__rosidl_typesupport_introspection_cpp.hpp\n'}
[1.746328] (px4_msgs) StdoutLine: {'line': b'-- Up-to-date: /home/stepan/ws_ros2/install/px4_msgs/include/px4_msgs/px4_msgs/msg/detail/sensor_airflow__type_support.cpp\n'}
[1.746418] (px4_msgs) StdoutLine: {'line': b'-- Up-to-date: /home/stepan/ws_ros2/install/px4_msgs/include/px4_msgs/px4_msgs/msg/detail/vehicle_command_ack__type_support.cpp\n'}
[1.746474] (px4_msgs) StdoutLine: {'line': b'-- Up-to-date: /home/stepan/ws_ros2/install/px4_msgs/include/px4_msgs/px4_msgs/msg/detail/gimbal_manager_set_manual_control__type_support.cpp\n'}
[1.746538] (px4_msgs) StdoutLine: {'line': b'-- Up-to-date: /home/stepan/ws_ros2/install/px4_msgs/include/px4_msgs/px4_msgs/msg/detail/gpio_in__type_support.cpp\n'}
[1.746613] (px4_msgs) StdoutLine: {'line': b'-- Up-to-date: /home/stepan/ws_ros2/install/px4_msgs/include/px4_msgs/px4_msgs/msg/detail/orb_test_medium__rosidl_typesupport_introspection_cpp.hpp\n'}
[1.746667] (px4_msgs) StdoutLine: {'line': b'-- Up-to-date: /home/stepan/ws_ros2/install/px4_msgs/include/px4_msgs/px4_msgs/msg/detail/gpio_request__rosidl_typesupport_introspection_cpp.hpp\n'}
[1.746718] (px4_msgs) StdoutLine: {'line': b'-- Up-to-date: /home/stepan/ws_ros2/install/px4_msgs/include/px4_msgs/px4_msgs/msg/detail/vehicle_status__type_support.cpp\n'}
[1.746769] (px4_msgs) StdoutLine: {'line': b'-- Up-to-date: /home/stepan/ws_ros2/install/px4_msgs/include/px4_msgs/px4_msgs/msg/detail/control_allocator_status__type_support.cpp\n'}
[1.746833] (px4_msgs) StdoutLine: {'line': b'-- Up-to-date: /home/stepan/ws_ros2/install/px4_msgs/include/px4_msgs/px4_msgs/msg/detail/sensors_status__type_support.cpp\n'}
[1.746883] (px4_msgs) StdoutLine: {'line': b'-- Up-to-date: /home/stepan/ws_ros2/install/px4_msgs/include/px4_msgs/px4_msgs/msg/detail/px4io_status__rosidl_typesupport_introspection_cpp.hpp\n'}
[1.746934] (px4_msgs) StdoutLine: {'line': b'-- Up-to-date: /home/stepan/ws_ros2/install/px4_msgs/include/px4_msgs/px4_msgs/msg/detail/parameter_update__rosidl_typesupport_introspection_cpp.hpp\n'}
[1.746984] (px4_msgs) StdoutLine: {'line': b'-- Up-to-date: /home/stepan/ws_ros2/install/px4_msgs/include/px4_msgs/px4_msgs/msg/detail/position_setpoint_triplet__type_support.cpp\n'}
[1.747034] (px4_msgs) StdoutLine: {'line': b'-- Up-to-date: /home/stepan/ws_ros2/install/px4_msgs/include/px4_msgs/px4_msgs/msg/detail/estimator_sensor_bias__type_support.cpp\n'}
[1.747084] (px4_msgs) StdoutLine: {'line': b'-- Up-to-date: /home/stepan/ws_ros2/install/px4_msgs/include/px4_msgs/px4_msgs/msg/detail/normalized_unsigned_setpoint__type_support.cpp\n'}
[1.747135] (px4_msgs) StdoutLine: {'line': b'-- Up-to-date: /home/stepan/ws_ros2/install/px4_msgs/include/px4_msgs/px4_msgs/msg/detail/fuel_tank_status__type_support.cpp\n'}
[1.747190] (px4_msgs) StdoutLine: {'line': b'-- Up-to-date: /home/stepan/ws_ros2/install/px4_msgs/include/px4_msgs/px4_msgs/msg/detail/landing_target_pose__rosidl_typesupport_introspection_cpp.hpp\n'}
[1.747244] (px4_msgs) StdoutLine: {'line': b'-- Up-to-date: /home/stepan/ws_ros2/install/px4_msgs/include/px4_msgs/px4_msgs/msg/detail/estimator_aid_source1d__type_support.cpp\n'}
[1.747299] (px4_msgs) StdoutLine: {'line': b'-- Up-to-date: /home/stepan/ws_ros2/install/px4_msgs/include/px4_msgs/px4_msgs/msg/detail/internal_combustion_engine_control__rosidl_typesupport_introspection_cpp.hpp\n'}
[1.747355] (px4_msgs) StdoutLine: {'line': b'-- Up-to-date: /home/stepan/ws_ros2/install/px4_msgs/include/px4_msgs/px4_msgs/msg/detail/sensor_selection__type_support.cpp\n'}
[1.747439] (px4_msgs) StdoutLine: {'line': b'-- Up-to-date: /home/stepan/ws_ros2/install/px4_msgs/include/px4_msgs/px4_msgs/msg/detail/open_drone_id_arm_status__type_support.cpp\n'}
[1.747495] (px4_msgs) StdoutLine: {'line': b'-- Up-to-date: /home/stepan/ws_ros2/install/px4_msgs/include/px4_msgs/px4_msgs/msg/detail/task_stack_info__rosidl_typesupport_introspection_cpp.hpp\n'}
[1.747568] (px4_msgs) StdoutLine: {'line': b'-- Up-to-date: /home/stepan/ws_ros2/install/px4_msgs/include/px4_msgs/px4_msgs/msg/detail/rtl_time_estimate__rosidl_typesupport_introspection_cpp.hpp\n'}
[1.747620] (px4_msgs) StdoutLine: {'line': b'-- Up-to-date: /home/stepan/ws_ros2/install/px4_msgs/include/px4_msgs/px4_msgs/msg/detail/actuator_armed__type_support.cpp\n'}
[1.747672] (px4_msgs) StdoutLine: {'line': b'-- Up-to-date: /home/stepan/ws_ros2/install/px4_msgs/include/px4_msgs/px4_msgs/msg/detail/tune_control__rosidl_typesupport_introspection_cpp.hpp\n'}
[1.747727] (px4_msgs) StdoutLine: {'line': b'-- Up-to-date: /home/stepan/ws_ros2/install/px4_msgs/include/px4_msgs/px4_msgs/msg/detail/mission_result__type_support.cpp\n'}
[1.747782] (px4_msgs) StdoutLine: {'line': b'-- Up-to-date: /home/stepan/ws_ros2/install/px4_msgs/include/px4_msgs/px4_msgs/msg/detail/vehicle_control_mode__type_support.cpp\n'}
[1.747836] (px4_msgs) StdoutLine: {'line': b'-- Up-to-date: /home/stepan/ws_ros2/install/px4_msgs/include/px4_msgs/px4_msgs/msg/detail/pwm_input__type_support.cpp\n'}
[1.747890] (px4_msgs) StdoutLine: {'line': b'-- Up-to-date: /home/stepan/ws_ros2/install/px4_msgs/include/px4_msgs/px4_msgs/msg/detail/launch_detection_status__rosidl_typesupport_introspection_cpp.hpp\n'}
[1.747944] (px4_msgs) StdoutLine: {'line': b'-- Up-to-date: /home/stepan/ws_ros2/install/px4_msgs/include/px4_msgs/px4_msgs/msg/detail/wheel_encoders__type_support.cpp\n'}
[1.747998] (px4_msgs) StdoutLine: {'line': b'-- Up-to-date: /home/stepan/ws_ros2/install/px4_msgs/include/px4_msgs/px4_msgs/msg/detail/gps_dump__rosidl_typesupport_introspection_cpp.hpp\n'}
[1.748053] (px4_msgs) StdoutLine: {'line': b'-- Up-to-date: /home/stepan/ws_ros2/install/px4_msgs/include/px4_msgs/px4_msgs/msg/detail/actuator_servos_trim__type_support.cpp\n'}
[1.748106] (px4_msgs) StdoutLine: {'line': b'-- Up-to-date: /home/stepan/ws_ros2/install/px4_msgs/include/px4_msgs/px4_msgs/msg/detail/tune_control__type_support.cpp\n'}
[1.748172] (px4_msgs) StdoutLine: {'line': b'-- Up-to-date: /home/stepan/ws_ros2/install/px4_msgs/include/px4_msgs/px4_msgs/msg/detail/rc_parameter_map__rosidl_typesupport_introspection_cpp.hpp\n'}
[1.748259] (px4_msgs) StdoutLine: {'line': b'-- Up-to-date: /home/stepan/ws_ros2/install/px4_msgs/include/px4_msgs/px4_msgs/msg/detail/airspeed__type_support.cpp\n'}
[1.748331] (px4_msgs) StdoutLine: {'line': b'-- Up-to-date: /home/stepan/ws_ros2/install/px4_msgs/include/px4_msgs/px4_msgs/msg/detail/gimbal_device_attitude_status__type_support.cpp\n'}
[1.748443] (px4_msgs) StdoutLine: {'line': b'-- Up-to-date: /home/stepan/ws_ros2/install/px4_msgs/include/px4_msgs/px4_msgs/msg/detail/sensor_correction__type_support.cpp\n'}
[1.748504] (px4_msgs) StdoutLine: {'line': b'-- Up-to-date: /home/stepan/ws_ros2/install/px4_msgs/include/px4_msgs/px4_msgs/msg/detail/vehicle_command__type_support.cpp\n'}
[1.748579] (px4_msgs) StdoutLine: {'line': b'-- Up-to-date: /home/stepan/ws_ros2/install/px4_msgs/include/px4_msgs/px4_msgs/msg/detail/button_event__type_support.cpp\n'}
[1.748738] (px4_msgs) StdoutLine: {'line': b'-- Up-to-date: /home/stepan/ws_ros2/install/px4_msgs/include/px4_msgs/px4_msgs/msg/detail/sensor_gyro__rosidl_typesupport_introspection_cpp.hpp\n'}
[1.748848] (px4_msgs) StdoutLine: {'line': b'-- Up-to-date: /home/stepan/ws_ros2/install/px4_msgs/include/px4_msgs/px4_msgs/msg/detail/pure_pursuit_status__type_support.cpp\n'}
[1.748946] (px4_msgs) StdoutLine: {'line': b'-- Up-to-date: /home/stepan/ws_ros2/install/px4_msgs/include/px4_msgs/px4_msgs/msg/detail/trajectory_setpoint__type_support.cpp\n'}
[1.749005] (px4_msgs) StdoutLine: {'line': b'-- Up-to-date: /home/stepan/ws_ros2/install/px4_msgs/include/px4_msgs/px4_msgs/msg/detail/dataman_request__rosidl_typesupport_introspection_cpp.hpp\n'}
[1.749061] (px4_msgs) StdoutLine: {'line': b'-- Up-to-date: /home/stepan/ws_ros2/install/px4_msgs/include/px4_msgs/px4_msgs/msg/detail/geofence_result__type_support.cpp\n'}
[1.749117] (px4_msgs) StdoutLine: {'line': b'-- Up-to-date: /home/stepan/ws_ros2/install/px4_msgs/include/px4_msgs/px4_msgs/msg/detail/arming_check_request__rosidl_typesupport_introspection_cpp.hpp\n'}
[1.749173] (px4_msgs) StdoutLine: {'line': b'-- Up-to-date: /home/stepan/ws_ros2/install/px4_msgs/include/px4_msgs/px4_msgs/msg/detail/event__rosidl_typesupport_introspection_cpp.hpp\n'}
[1.749229] (px4_msgs) StdoutLine: {'line': b'-- Up-to-date: /home/stepan/ws_ros2/install/px4_msgs/include/px4_msgs/px4_msgs/msg/detail/vehicle_acceleration__rosidl_typesupport_introspection_cpp.hpp\n'}
[1.749284] (px4_msgs) StdoutLine: {'line': b'-- Up-to-date: /home/stepan/ws_ros2/install/px4_msgs/include/px4_msgs/px4_msgs/msg/detail/rover_velocity_status__rosidl_typesupport_introspection_cpp.hpp\n'}
[1.749339] (px4_msgs) StdoutLine: {'line': b'-- Up-to-date: /home/stepan/ws_ros2/install/px4_msgs/include/px4_msgs/px4_msgs/msg/detail/estimator_aid_source3d__rosidl_typesupport_introspection_cpp.hpp\n'}
[1.749449] (px4_msgs) StdoutLine: {'line': b'-- Up-to-date: /home/stepan/ws_ros2/install/px4_msgs/include/px4_msgs/px4_msgs/msg/detail/cpuload__type_support.cpp\n'}
[1.749503] (px4_msgs) StdoutLine: {'line': b'-- Up-to-date: /home/stepan/ws_ros2/install/px4_msgs/include/px4_msgs/px4_msgs/msg/detail/unregister_ext_component__type_support.cpp\n'}
[1.749553] (px4_msgs) StdoutLine: {'line': b'-- Up-to-date: /home/stepan/ws_ros2/install/px4_msgs/include/px4_msgs/px4_msgs/msg/detail/takeoff_status__rosidl_typesupport_introspection_cpp.hpp\n'}
[1.749619] (px4_msgs) StdoutLine: {'line': b'-- Up-to-date: /home/stepan/ws_ros2/install/px4_msgs/include/px4_msgs/px4_msgs/msg/detail/failsafe_flags__type_support.cpp\n'}
[1.749687] (px4_msgs) StdoutLine: {'line': b'-- Up-to-date: /home/stepan/ws_ros2/install/px4_msgs/include/px4_msgs/px4_msgs/msg/detail/can_interface_status__rosidl_typesupport_introspection_cpp.hpp\n'}
[1.749739] (px4_msgs) StdoutLine: {'line': b'-- Up-to-date: /home/stepan/ws_ros2/install/px4_msgs/include/px4_msgs/px4_msgs/msg/detail/vehicle_angular_velocity__rosidl_typesupport_introspection_cpp.hpp\n'}
[1.749789] (px4_msgs) StdoutLine: {'line': b'-- Up-to-date: /home/stepan/ws_ros2/install/px4_msgs/include/px4_msgs/px4_msgs/msg/detail/qshell_req__rosidl_typesupport_introspection_cpp.hpp\n'}
[1.749841] (px4_msgs) StdoutLine: {'line': b'-- Up-to-date: /home/stepan/ws_ros2/install/px4_msgs/include/px4_msgs/px4_msgs/msg/detail/position_controller_landing_status__type_support.cpp\n'}
[1.749891] (px4_msgs) StdoutLine: {'line': b'-- Up-to-date: /home/stepan/ws_ros2/install/px4_msgs/include/px4_msgs/px4_msgs/msg/detail/onboard_computer_status__rosidl_typesupport_introspection_cpp.hpp\n'}
[1.749942] (px4_msgs) StdoutLine: {'line': b'-- Up-to-date: /home/stepan/ws_ros2/install/px4_msgs/include/px4_msgs/px4_msgs/msg/detail/gimbal_manager_information__type_support.cpp\n'}
[1.749992] (px4_msgs) StdoutLine: {'line': b'-- Up-to-date: /home/stepan/ws_ros2/install/px4_msgs/include/px4_msgs/px4_msgs/msg/detail/power_button_state__rosidl_typesupport_introspection_cpp.hpp\n'}
[1.750051] (px4_msgs) StdoutLine: {'line': b'-- Up-to-date: /home/stepan/ws_ros2/install/px4_msgs/include/px4_msgs/px4_msgs/msg/detail/vehicle_constraints__rosidl_typesupport_introspection_cpp.hpp\n'}
[1.750120] (px4_msgs) StdoutLine: {'line': b'-- Up-to-date: /home/stepan/ws_ros2/install/px4_msgs/include/px4_msgs/px4_msgs/msg/detail/actuator_outputs__type_support.cpp\n'}
[1.750173] (px4_msgs) StdoutLine: {'line': b'-- Up-to-date: /home/stepan/ws_ros2/install/px4_msgs/include/px4_msgs/px4_msgs/msg/detail/vehicle_attitude_setpoint__type_support.cpp\n'}
[1.750224] (px4_msgs) StdoutLine: {'line': b'-- Up-to-date: /home/stepan/ws_ros2/install/px4_msgs/include/px4_msgs/px4_msgs/msg/detail/gimbal_device_set_attitude__type_support.cpp\n'}
[1.750277] (px4_msgs) StdoutLine: {'line': b'-- Up-to-date: /home/stepan/ws_ros2/install/px4_msgs/include/px4_msgs/px4_msgs/msg/detail/estimator_bias3d__type_support.cpp\n'}
[1.750332] (px4_msgs) StdoutLine: {'line': b'-- Up-to-date: /home/stepan/ws_ros2/install/px4_msgs/include/px4_msgs/px4_msgs/msg/detail/landing_gear__rosidl_typesupport_introspection_cpp.hpp\n'}
[1.750423] (px4_msgs) StdoutLine: {'line': b'-- Up-to-date: /home/stepan/ws_ros2/install/px4_msgs/include/px4_msgs/px4_msgs/msg/detail/vehicle_command__rosidl_typesupport_introspection_cpp.hpp\n'}
[1.750480] (px4_msgs) StdoutLine: {'line': b'-- Up-to-date: /home/stepan/ws_ros2/install/px4_msgs/include/px4_msgs/px4_msgs/msg/detail/register_ext_component_request__rosidl_typesupport_introspection_cpp.hpp\n'}
[1.750534] (px4_msgs) StdoutLine: {'line': b'-- Up-to-date: /home/stepan/ws_ros2/install/px4_msgs/include/px4_msgs/px4_msgs/msg/detail/parameter_set_used_request__rosidl_typesupport_introspection_cpp.hpp\n'}
[1.750591] (px4_msgs) StdoutLine: {'line': b'-- Up-to-date: /home/stepan/ws_ros2/install/px4_msgs/include/px4_msgs/px4_msgs/msg/detail/follow_target__rosidl_typesupport_introspection_cpp.hpp\n'}
[1.750647] (px4_msgs) StdoutLine: {'line': b'-- Up-to-date: /home/stepan/ws_ros2/install/px4_msgs/include/px4_msgs/px4_msgs/msg/detail/navigator_mission_item__rosidl_typesupport_introspection_cpp.hpp\n'}
[1.750704] (px4_msgs) StdoutLine: {'line': b'-- Up-to-date: /home/stepan/ws_ros2/install/px4_msgs/include/px4_msgs/px4_msgs/msg/detail/rc_channels__rosidl_typesupport_introspection_cpp.hpp\n'}
[1.750759] (px4_msgs) StdoutLine: {'line': b'-- Up-to-date: /home/stepan/ws_ros2/install/px4_msgs/include/px4_msgs/px4_msgs/msg/detail/distance_sensor_mode_change_request__rosidl_typesupport_introspection_cpp.hpp\n'}
[1.750815] (px4_msgs) StdoutLine: {'line': b'-- Up-to-date: /home/stepan/ws_ros2/install/px4_msgs/include/px4_msgs/px4_msgs/msg/detail/button_event__rosidl_typesupport_introspection_cpp.hpp\n'}
[1.750870] (px4_msgs) StdoutLine: {'line': b'-- Up-to-date: /home/stepan/ws_ros2/install/px4_msgs/include/px4_msgs/px4_msgs/msg/detail/logger_status__type_support.cpp\n'}
[1.750925] (px4_msgs) StdoutLine: {'line': b'-- Up-to-date: /home/stepan/ws_ros2/install/px4_msgs/include/px4_msgs/px4_msgs/msg/detail/irlock_report__type_support.cpp\n'}
[1.750980] (px4_msgs) StdoutLine: {'line': b'-- Up-to-date: /home/stepan/ws_ros2/install/px4_msgs/include/px4_msgs/px4_msgs/msg/detail/esc_status__rosidl_typesupport_introspection_cpp.hpp\n'}
[1.751036] (px4_msgs) StdoutLine: {'line': b'-- Up-to-date: /home/stepan/ws_ros2/install/px4_msgs/include/px4_msgs/px4_msgs/msg/detail/pwm_input__rosidl_typesupport_introspection_cpp.hpp\n'}
[1.751090] (px4_msgs) StdoutLine: {'line': b'-- Up-to-date: /home/stepan/ws_ros2/install/px4_msgs/include/px4_msgs/px4_msgs/msg/detail/gimbal_manager_status__type_support.cpp\n'}
[1.751144] (px4_msgs) StdoutLine: {'line': b'-- Up-to-date: /home/stepan/ws_ros2/install/px4_msgs/include/px4_msgs/px4_msgs/msg/detail/manual_control_setpoint__rosidl_typesupport_introspection_cpp.hpp\n'}
[1.751200] (px4_msgs) StdoutLine: {'line': b'-- Up-to-date: /home/stepan/ws_ros2/install/px4_msgs/include/px4_msgs/px4_msgs/msg/detail/vehicle_command_ack__rosidl_typesupport_introspection_cpp.hpp\n'}
[1.751283] (px4_msgs) StdoutLine: {'line': b'-- Up-to-date: /home/stepan/ws_ros2/install/px4_msgs/include/px4_msgs/px4_msgs/msg/detail/vehicle_attitude__type_support.cpp\n'}
[1.751337] (px4_msgs) StdoutLine: {'line': b'-- Up-to-date: /home/stepan/ws_ros2/install/px4_msgs/include/px4_msgs/px4_msgs/msg/detail/parameter_update__type_support.cpp\n'}
[1.751408] (px4_msgs) StdoutLine: {'line': b'-- Up-to-date: /home/stepan/ws_ros2/install/px4_msgs/include/px4_msgs/px4_msgs/msg/detail/sensor_accel_fifo__type_support.cpp\n'}
[1.751465] (px4_msgs) StdoutLine: {'line': b'-- Up-to-date: /home/stepan/ws_ros2/install/px4_msgs/include/px4_msgs/px4_msgs/msg/detail/magnetometer_bias_estimate__type_support.cpp\n'}
[1.751519] (px4_msgs) StdoutLine: {'line': b'-- Up-to-date: /home/stepan/ws_ros2/install/px4_msgs/include/px4_msgs/px4_msgs/msg/detail/mount_orientation__type_support.cpp\n'}
[1.751575] (px4_msgs) StdoutLine: {'line': b'-- Up-to-date: /home/stepan/ws_ros2/install/px4_msgs/include/px4_msgs/px4_msgs/msg/detail/rtl_status__rosidl_typesupport_introspection_cpp.hpp\n'}
[1.751634] (px4_msgs) StdoutLine: {'line': b'-- Up-to-date: /home/stepan/ws_ros2/install/px4_msgs/include/px4_msgs/px4_msgs/msg/detail/vehicle_optical_flow_vel__type_support.cpp\n'}
[1.751691] (px4_msgs) StdoutLine: {'line': b'-- Up-to-date: /home/stepan/ws_ros2/install/px4_msgs/include/px4_msgs/px4_msgs/msg/detail/open_drone_id_system__rosidl_typesupport_introspection_cpp.hpp\n'}
[1.751782] (px4_msgs) StdoutLine: {'line': b'-- Up-to-date: /home/stepan/ws_ros2/install/px4_msgs/include/px4_msgs/px4_msgs/msg/detail/gimbal_controls__type_support.cpp\n'}
[1.751837] (px4_msgs) StdoutLine: {'line': b'-- Up-to-date: /home/stepan/ws_ros2/install/px4_msgs/include/px4_msgs/px4_msgs/msg/detail/vehicle_thrust_setpoint__type_support.cpp\n'}
[1.751889] (px4_msgs) StdoutLine: {'line': b'-- Up-to-date: /home/stepan/ws_ros2/install/px4_msgs/include/px4_msgs/px4_msgs/msg/detail/sensor_optical_flow__type_support.cpp\n'}
[1.751942] (px4_msgs) StdoutLine: {'line': b'-- Up-to-date: /home/stepan/ws_ros2/install/px4_msgs/include/px4_msgs/px4_msgs/msg/detail/offboard_control_mode__rosidl_typesupport_introspection_cpp.hpp\n'}
[1.751996] (px4_msgs) StdoutLine: {'line': b'-- Up-to-date: /home/stepan/ws_ros2/install/px4_msgs/include/px4_msgs/px4_msgs/msg/detail/gimbal_manager_status__rosidl_typesupport_introspection_cpp.hpp\n'}
[1.752050] (px4_msgs) StdoutLine: {'line': b'-- Up-to-date: /home/stepan/ws_ros2/install/px4_msgs/include/px4_msgs/px4_msgs/msg/detail/landing_gear_wheel__rosidl_typesupport_introspection_cpp.hpp\n'}
[1.752105] (px4_msgs) StdoutLine: {'line': b'-- Up-to-date: /home/stepan/ws_ros2/install/px4_msgs/include/px4_msgs/px4_msgs/msg/detail/vehicle_angular_acceleration_setpoint__rosidl_typesupport_introspection_cpp.hpp\n'}
[1.752163] (px4_msgs) StdoutLine: {'line': b'-- Up-to-date: /home/stepan/ws_ros2/install/px4_msgs/include/px4_msgs/px4_msgs/msg/detail/power_monitor__type_support.cpp\n'}
[1.752225] (px4_msgs) StdoutLine: {'line': b'-- Up-to-date: /home/stepan/ws_ros2/install/px4_msgs/include/px4_msgs/px4_msgs/msg/detail/flight_phase_estimation__rosidl_typesupport_introspection_cpp.hpp\n'}
[1.752302] (px4_msgs) StdoutLine: {'line': b'-- Up-to-date: /home/stepan/ws_ros2/install/px4_msgs/include/px4_msgs/px4_msgs/msg/detail/mag_worker_data__rosidl_typesupport_introspection_cpp.hpp\n'}
[1.752384] (px4_msgs) StdoutLine: {'line': b'-- Up-to-date: /home/stepan/ws_ros2/install/px4_msgs/include/px4_msgs/px4_msgs/msg/detail/velocity_limits__type_support.cpp\n'}
[1.752498] (px4_msgs) StdoutLine: {'line': b'-- Up-to-date: /home/stepan/ws_ros2/install/px4_msgs/include/px4_msgs/px4_msgs/msg/detail/dataman_response__type_support.cpp\n'}
[1.752576] (px4_msgs) StdoutLine: {'line': b'-- Up-to-date: /home/stepan/ws_ros2/install/px4_msgs/include/px4_msgs/px4_msgs/msg/detail/wind__rosidl_typesupport_introspection_cpp.hpp\n'}
[1.752657] (px4_msgs) StdoutLine: {'line': b'-- Up-to-date: /home/stepan/ws_ros2/install/px4_msgs/include/px4_msgs/px4_msgs/msg/detail/landing_target_innovations__type_support.cpp\n'}
[1.752811] (px4_msgs) StdoutLine: {'line': b'-- Up-to-date: /home/stepan/ws_ros2/install/px4_msgs/include/px4_msgs/px4_msgs/msg/detail/navigator_status__rosidl_typesupport_introspection_cpp.hpp\n'}
[1.752919] (px4_msgs) StdoutLine: {'line': b'-- Up-to-date: /home/stepan/ws_ros2/install/px4_msgs/include/px4_msgs/px4_msgs/msg/detail/ekf2_timestamps__rosidl_typesupport_introspection_cpp.hpp\n'}
[1.753011] (px4_msgs) StdoutLine: {'line': b'-- Up-to-date: /home/stepan/ws_ros2/install/px4_msgs/include/px4_msgs/px4_msgs/msg/detail/rate_ctrl_status__type_support.cpp\n'}
[1.753086] (px4_msgs) StdoutLine: {'line': b'-- Up-to-date: /home/stepan/ws_ros2/install/px4_msgs/include/px4_msgs/px4_msgs/msg/detail/rc_parameter_map__type_support.cpp\n'}
[1.753158] (px4_msgs) StdoutLine: {'line': b'-- Up-to-date: /home/stepan/ws_ros2/install/px4_msgs/include/px4_msgs/px4_msgs/msg/detail/message_format_response__rosidl_typesupport_introspection_cpp.hpp\n'}
[1.753229] (px4_msgs) StdoutLine: {'line': b'-- Up-to-date: /home/stepan/ws_ros2/install/px4_msgs/include/px4_msgs/px4_msgs/msg/detail/orb_test_medium__type_support.cpp\n'}
[1.753299] (px4_msgs) StdoutLine: {'line': b'-- Up-to-date: /home/stepan/ws_ros2/install/px4_msgs/include/px4_msgs/px4_msgs/msg/detail/vehicle_air_data__rosidl_typesupport_introspection_cpp.hpp\n'}
[1.753427] (px4_msgs) StdoutLine: {'line': b'-- Up-to-date: /home/stepan/ws_ros2/install/px4_msgs/include/px4_msgs/px4_msgs/msg/detail/rover_throttle_setpoint__rosidl_typesupport_introspection_cpp.hpp\n'}
[1.753504] (px4_msgs) StdoutLine: {'line': b'-- Up-to-date: /home/stepan/ws_ros2/install/px4_msgs/include/px4_msgs/px4_msgs/msg/detail/estimator_innovations__rosidl_typesupport_introspection_cpp.hpp\n'}
[1.753575] (px4_msgs) StdoutLine: {'line': b'-- Up-to-date: /home/stepan/ws_ros2/install/px4_msgs/include/px4_msgs/px4_msgs/msg/detail/npfg_status__rosidl_typesupport_introspection_cpp.hpp\n'}
[1.753645] (px4_msgs) StdoutLine: {'line': b'-- Up-to-date: /home/stepan/ws_ros2/install/px4_msgs/include/px4_msgs/px4_msgs/msg/detail/position_controller_landing_status__rosidl_typesupport_introspection_cpp.hpp\n'}
[1.753716] (px4_msgs) StdoutLine: {'line': b'-- Up-to-date: /home/stepan/ws_ros2/install/px4_msgs/include/px4_msgs/px4_msgs/msg/detail/transponder_report__type_support.cpp\n'}
[1.753786] (px4_msgs) StdoutLine: {'line': b'-- Up-to-date: /home/stepan/ws_ros2/install/px4_msgs/include/px4_msgs/px4_msgs/msg/detail/vehicle_torque_setpoint__rosidl_typesupport_introspection_cpp.hpp\n'}
[1.753890] (px4_msgs) StdoutLine: {'line': b'-- Up-to-date: /home/stepan/ws_ros2/install/px4_msgs/include/px4_msgs/px4_msgs/msg/detail/message_format_response__type_support.cpp\n'}
[1.753948] (px4_msgs) StdoutLine: {'line': b'-- Up-to-date: /home/stepan/ws_ros2/install/px4_msgs/include/px4_msgs/px4_msgs/msg/detail/rpm__type_support.cpp\n'}
[1.754000] (px4_msgs) StdoutLine: {'line': b'-- Up-to-date: /home/stepan/ws_ros2/install/px4_msgs/include/px4_msgs/px4_msgs/msg/detail/sensor_accel_fifo__rosidl_typesupport_introspection_cpp.hpp\n'}
[1.754051] (px4_msgs) StdoutLine: {'line': b'-- Up-to-date: /home/stepan/ws_ros2/install/px4_msgs/include/px4_msgs/px4_msgs/msg/detail/message_format_request__rosidl_typesupport_introspection_cpp.hpp\n'}
[1.754122] (px4_msgs) StdoutLine: {'line': b'-- Up-to-date: /home/stepan/ws_ros2/install/px4_msgs/include/px4_msgs/px4_msgs/msg/detail/camera_capture__type_support.cpp\n'}
[1.754193] (px4_msgs) StdoutLine: {'line': b'-- Up-to-date: /home/stepan/ws_ros2/install/px4_msgs/include/px4_msgs/px4_msgs/msg/detail/ulog_stream__type_support.cpp\n'}
[1.754263] (px4_msgs) StdoutLine: {'line': b'-- Up-to-date: /home/stepan/ws_ros2/install/px4_msgs/include/px4_msgs/px4_msgs/msg/detail/parameter_set_value_request__rosidl_typesupport_introspection_cpp.hpp\n'}
[1.754334] (px4_msgs) StdoutLine: {'line': b'-- Up-to-date: /home/stepan/ws_ros2/install/px4_msgs/include/px4_msgs/px4_msgs/msg/detail/mag_worker_data__type_support.cpp\n'}
[1.754445] (px4_msgs) StdoutLine: {'line': b'-- Up-to-date: /home/stepan/ws_ros2/install/px4_msgs/include/px4_msgs/px4_msgs/msg/detail/sensor_combined__type_support.cpp\n'}
[1.754507] (px4_msgs) StdoutLine: {'line': b'-- Up-to-date: /home/stepan/ws_ros2/install/px4_msgs/include/px4_msgs/px4_msgs/msg/detail/rover_position_setpoint__type_support.cpp\n'}
[1.754559] (px4_msgs) StdoutLine: {'line': b'-- Up-to-date: /home/stepan/ws_ros2/install/px4_msgs/include/px4_msgs/px4_msgs/msg/detail/magnetometer_bias_estimate__rosidl_typesupport_introspection_cpp.hpp\n'}
[1.754610] (px4_msgs) StdoutLine: {'line': b'-- Up-to-date: /home/stepan/ws_ros2/install/px4_msgs/include/px4_msgs/px4_msgs/msg/detail/actuator_servos__rosidl_typesupport_introspection_cpp.hpp\n'}
[1.754681] (px4_msgs) StdoutLine: {'line': b'-- Up-to-date: /home/stepan/ws_ros2/install/px4_msgs/include/px4_msgs/px4_msgs/msg/detail/gpio_out__rosidl_typesupport_introspection_cpp.hpp\n'}
[1.754752] (px4_msgs) StdoutLine: {'line': b'-- Up-to-date: /home/stepan/ws_ros2/install/px4_msgs/include/px4_msgs/px4_msgs/msg/detail/manual_control_switches__type_support.cpp\n'}
[1.754823] (px4_msgs) StdoutLine: {'line': b'-- Up-to-date: /home/stepan/ws_ros2/install/px4_msgs/include/px4_msgs/px4_msgs/msg/detail/vtol_vehicle_status__type_support.cpp\n'}
[1.754894] (px4_msgs) StdoutLine: {'line': b'-- Up-to-date: /home/stepan/ws_ros2/install/px4_msgs/include/px4_msgs/px4_msgs/msg/detail/sensor_uwb__type_support.cpp\n'}
[1.754964] (px4_msgs) StdoutLine: {'line': b'-- Up-to-date: /home/stepan/ws_ros2/install/px4_msgs/include/px4_msgs/px4_msgs/msg/detail/ping__rosidl_typesupport_introspection_cpp.hpp\n'}
[1.755035] (px4_msgs) StdoutLine: {'line': b'-- Up-to-date: /home/stepan/ws_ros2/install/px4_msgs/include/px4_msgs/px4_msgs/msg/detail/led_control__rosidl_typesupport_introspection_cpp.hpp\n'}
[1.755105] (px4_msgs) StdoutLine: {'line': b'-- Up-to-date: /home/stepan/ws_ros2/install/px4_msgs/include/px4_msgs/px4_msgs/msg/detail/estimator_states__type_support.cpp\n'}
[1.755176] (px4_msgs) StdoutLine: {'line': b'-- Up-to-date: /home/stepan/ws_ros2/install/px4_msgs/include/px4_msgs/px4_msgs/msg/detail/internal_combustion_engine_status__rosidl_typesupport_introspection_cpp.hpp\n'}
[1.755247] (px4_msgs) StdoutLine: {'line': b'-- Up-to-date: /home/stepan/ws_ros2/install/px4_msgs/include/px4_msgs/px4_msgs/msg/detail/config_overrides__type_support.cpp\n'}
[1.755316] (px4_msgs) StdoutLine: {'line': b'-- Up-to-date: /home/stepan/ws_ros2/install/px4_msgs/include/px4_msgs/px4_msgs/msg/detail/airspeed_validated__type_support.cpp\n'}
[1.755397] (px4_msgs) StdoutLine: {'line': b'-- Up-to-date: /home/stepan/ws_ros2/install/px4_msgs/include/px4_msgs/px4_msgs/msg/detail/obstacle_distance__rosidl_typesupport_introspection_cpp.hpp\n'}
[1.755472] (px4_msgs) StdoutLine: {'line': b'-- Up-to-date: /home/stepan/ws_ros2/install/px4_msgs/include/px4_msgs/px4_msgs/msg/detail/npfg_status__type_support.cpp\n'}
[1.755584] (px4_msgs) StdoutLine: {'line': b'-- Up-to-date: /home/stepan/ws_ros2/install/px4_msgs/include/px4_msgs/px4_msgs/msg/detail/camera_trigger__type_support.cpp\n'}
[1.755639] (px4_msgs) StdoutLine: {'line': b'-- Up-to-date: /home/stepan/ws_ros2/install/px4_msgs/include/px4_msgs/px4_msgs/msg/detail/actuator_test__rosidl_typesupport_introspection_cpp.hpp\n'}
[1.755692] (px4_msgs) StdoutLine: {'line': b'-- Up-to-date: /home/stepan/ws_ros2/install/px4_msgs/include/px4_msgs/px4_msgs/msg/detail/sensor_gyro_fft__rosidl_typesupport_introspection_cpp.hpp\n'}
[1.755743] (px4_msgs) StdoutLine: {'line': b'-- Up-to-date: /home/stepan/ws_ros2/install/px4_msgs/include/px4_msgs/px4_msgs/msg/detail/gimbal_manager_information__rosidl_typesupport_introspection_cpp.hpp\n'}
[1.755821] (px4_msgs) StdoutLine: {'line': b'-- Up-to-date: /home/stepan/ws_ros2/install/px4_msgs/include/px4_msgs/px4_msgs/msg/detail/gpio_config__rosidl_typesupport_introspection_cpp.hpp\n'}
[1.755878] (px4_msgs) StdoutLine: {'line': b'-- Up-to-date: /home/stepan/ws_ros2/install/px4_msgs/include/px4_msgs/px4_msgs/msg/detail/follow_target_status__rosidl_typesupport_introspection_cpp.hpp\n'}
[1.755929] (px4_msgs) StdoutLine: {'line': b'-- Up-to-date: /home/stepan/ws_ros2/install/px4_msgs/include/px4_msgs/px4_msgs/msg/detail/parameter_set_value_response__type_support.cpp\n'}
[1.755987] (px4_msgs) StdoutLine: {'line': b'-- Up-to-date: /home/stepan/ws_ros2/install/px4_msgs/include/px4_msgs/px4_msgs/msg/detail/takeoff_status__type_support.cpp\n'}
[1.756038] (px4_msgs) StdoutLine: {'line': b'-- Up-to-date: /home/stepan/ws_ros2/install/px4_msgs/include/px4_msgs/px4_msgs/msg/detail/radio_status__type_support.cpp\n'}
[1.756089] (px4_msgs) StdoutLine: {'line': b'-- Up-to-date: /home/stepan/ws_ros2/install/px4_msgs/include/px4_msgs/px4_msgs/msg/detail/adc_report__type_support.cpp\n'}
[1.756139] (px4_msgs) StdoutLine: {'line': b'-- Up-to-date: /home/stepan/ws_ros2/install/px4_msgs/include/px4_msgs/px4_msgs/msg/detail/navigator_mission_item__type_support.cpp\n'}
[1.756194] (px4_msgs) StdoutLine: {'line': b'-- Up-to-date: /home/stepan/ws_ros2/install/px4_msgs/include/px4_msgs/px4_msgs/msg/detail/home_position__type_support.cpp\n'}
[1.756283] (px4_msgs) StdoutLine: {'line': b'-- Up-to-date: /home/stepan/ws_ros2/install/px4_msgs/include/px4_msgs/px4_msgs/msg/detail/mount_orientation__rosidl_typesupport_introspection_cpp.hpp\n'}
[1.756356] (px4_msgs) StdoutLine: {'line': b'-- Up-to-date: /home/stepan/ws_ros2/install/px4_msgs/include/px4_msgs/px4_msgs/msg/detail/heater_status__rosidl_typesupport_introspection_cpp.hpp\n'}
[1.756431] (px4_msgs) StdoutLine: {'line': b'-- Up-to-date: /home/stepan/ws_ros2/install/px4_msgs/include/px4_msgs/px4_msgs/msg/detail/irlock_report__rosidl_typesupport_introspection_cpp.hpp\n'}
[1.756486] (px4_msgs) StdoutLine: {'line': b'-- Up-to-date: /home/stepan/ws_ros2/install/px4_msgs/include/px4_msgs/px4_msgs/msg/detail/register_ext_component_request__type_support.cpp\n'}
[1.756540] (px4_msgs) StdoutLine: {'line': b'-- Up-to-date: /home/stepan/ws_ros2/install/px4_msgs/include/px4_msgs/px4_msgs/msg/detail/actuator_controls_status__rosidl_typesupport_introspection_cpp.hpp\n'}
[1.756615] (px4_msgs) StdoutLine: {'line': b'-- Up-to-date: /home/stepan/ws_ros2/install/px4_msgs/include/px4_msgs/px4_msgs/msg/detail/vehicle_thrust_setpoint__rosidl_typesupport_introspection_cpp.hpp\n'}
[1.756686] (px4_msgs) StdoutLine: {'line': b'-- Up-to-date: /home/stepan/ws_ros2/install/px4_msgs/include/px4_msgs/px4_msgs/msg/detail/distance_sensor_mode_change_request__type_support.cpp\n'}
[1.756780] (px4_msgs) StdoutLine: {'line': b'-- Up-to-date: /home/stepan/ws_ros2/install/px4_msgs/include/px4_msgs/px4_msgs/msg/detail/sensor_combined__rosidl_typesupport_introspection_cpp.hpp\n'}
[1.756883] (px4_msgs) StdoutLine: {'line': b'-- Up-to-date: /home/stepan/ws_ros2/install/px4_msgs/include/px4_msgs/px4_msgs/msg/detail/estimator_event_flags__rosidl_typesupport_introspection_cpp.hpp\n'}
[1.756974] (px4_msgs) StdoutLine: {'line': b'-- Up-to-date: /home/stepan/ws_ros2/install/px4_msgs/include/px4_msgs/px4_msgs/msg/detail/rover_attitude_status__rosidl_typesupport_introspection_cpp.hpp\n'}
[1.757078] (px4_msgs) StdoutLine: {'line': b'-- Up-to-date: /home/stepan/ws_ros2/install/px4_msgs/include/px4_msgs/px4_msgs/msg/detail/power_monitor__rosidl_typesupport_introspection_cpp.hpp\n'}
[1.757174] (px4_msgs) StdoutLine: {'line': b'-- Up-to-date: /home/stepan/ws_ros2/install/px4_msgs/include/px4_msgs/px4_msgs/msg/detail/mode_completed__type_support.cpp\n'}
[1.757261] (px4_msgs) StdoutLine: {'line': b'-- Up-to-date: /home/stepan/ws_ros2/install/px4_msgs/include/px4_msgs/px4_msgs/msg/detail/obstacle_distance__type_support.cpp\n'}
[1.757333] (px4_msgs) StdoutLine: {'line': b'-- Up-to-date: /home/stepan/ws_ros2/install/px4_msgs/include/px4_msgs/px4_msgs/msg/detail/mission_result__rosidl_typesupport_introspection_cpp.hpp\n'}
[1.757474] (px4_msgs) StdoutLine: {'line': b'-- Up-to-date: /home/stepan/ws_ros2/install/px4_msgs/include/px4_msgs/px4_msgs/msg/detail/vehicle_imu_status__type_support.cpp\n'}
[1.757532] (px4_msgs) StdoutLine: {'line': b'-- Up-to-date: /home/stepan/ws_ros2/install/px4_msgs/include/px4_msgs/px4_msgs/msg/detail/mavlink_log__rosidl_typesupport_introspection_cpp.hpp\n'}
[1.757585] (px4_msgs) StdoutLine: {'line': b'-- Up-to-date: /home/stepan/ws_ros2/install/px4_msgs/include/px4_msgs/px4_msgs/msg/detail/vehicle_roi__rosidl_typesupport_introspection_cpp.hpp\n'}
[1.757651] (px4_msgs) StdoutLine: {'line': b'-- Up-to-date: /home/stepan/ws_ros2/install/px4_msgs/include/px4_msgs/px4_msgs/msg/detail/rtl_status__type_support.cpp\n'}
[1.757703] (px4_msgs) StdoutLine: {'line': b'-- Up-to-date: /home/stepan/ws_ros2/install/px4_msgs/include/px4_msgs/px4_msgs/msg/detail/vehicle_odometry__type_support.cpp\n'}
[1.757758] (px4_msgs) StdoutLine: {'line': b'-- Up-to-date: /home/stepan/ws_ros2/install/px4_msgs/include/px4_msgs/px4_msgs/msg/detail/debug_key_value__rosidl_typesupport_introspection_cpp.hpp\n'}
[1.757811] (px4_msgs) StdoutLine: {'line': b'-- Up-to-date: /home/stepan/ws_ros2/install/px4_msgs/include/px4_msgs/px4_msgs/msg/detail/arming_check_reply__rosidl_typesupport_introspection_cpp.hpp\n'}
[1.757887] (px4_msgs) StdoutLine: {'line': b'-- Up-to-date: /home/stepan/ws_ros2/install/px4_msgs/include/px4_msgs/px4_msgs/msg/detail/rover_throttle_setpoint__type_support.cpp\n'}
[1.757943] (px4_msgs) StdoutLine: {'line': b'-- Up-to-date: /home/stepan/ws_ros2/install/px4_msgs/include/px4_msgs/px4_msgs/msg/detail/ping__type_support.cpp\n'}
[1.757994] (px4_msgs) StdoutLine: {'line': b'-- Up-to-date: /home/stepan/ws_ros2/install/px4_msgs/include/px4_msgs/px4_msgs/msg/detail/parameter_reset_request__rosidl_typesupport_introspection_cpp.hpp\n'}
[1.758046] (px4_msgs) StdoutLine: {'line': b'-- Up-to-date: /home/stepan/ws_ros2/install/px4_msgs/include/px4_msgs/px4_msgs/msg/detail/actuator_outputs__rosidl_typesupport_introspection_cpp.hpp\n'}
[1.758097] (px4_msgs) StdoutLine: {'line': b'-- Up-to-date: /home/stepan/ws_ros2/install/px4_msgs/include/px4_msgs/px4_msgs/msg/detail/actuator_controls_status__type_support.cpp\n'}
[1.758149] (px4_msgs) StdoutLine: {'line': b'-- Up-to-date: /home/stepan/ws_ros2/install/px4_msgs/include/px4_msgs/px4_msgs/msg/detail/rc_channels__type_support.cpp\n'}
[1.758200] (px4_msgs) StdoutLine: {'line': b'-- Up-to-date: /home/stepan/ws_ros2/install/px4_msgs/include/px4_msgs/px4_msgs/msg/detail/orb_test_large__type_support.cpp\n'}
[1.758260] (px4_msgs) StdoutLine: {'line': b'-- Up-to-date: /home/stepan/ws_ros2/install/px4_msgs/include/px4_msgs/px4_msgs/msg/detail/open_drone_id_self_id__type_support.cpp\n'}
[1.758331] (px4_msgs) StdoutLine: {'line': b'-- Up-to-date: /home/stepan/ws_ros2/install/px4_msgs/include/px4_msgs/px4_msgs/msg/detail/flight_phase_estimation__type_support.cpp\n'}
[1.758445] (px4_msgs) StdoutLine: {'line': b'-- Up-to-date: /home/stepan/ws_ros2/install/px4_msgs/include/px4_msgs/px4_msgs/msg/detail/gpio_out__type_support.cpp\n'}
[1.758500] (px4_msgs) StdoutLine: {'line': b'-- Up-to-date: /home/stepan/ws_ros2/install/px4_msgs/include/px4_msgs/px4_msgs/msg/detail/gripper__rosidl_typesupport_introspection_cpp.hpp\n'}
[1.758552] (px4_msgs) StdoutLine: {'line': b'-- Up-to-date: /home/stepan/ws_ros2/install/px4_msgs/include/px4_msgs/px4_msgs/msg/detail/px4io_status__type_support.cpp\n'}
[1.758617] (px4_msgs) StdoutLine: {'line': b'-- Up-to-date: /home/stepan/ws_ros2/install/px4_msgs/include/px4_msgs/px4_msgs/msg/detail/sensor_gyro_fft__type_support.cpp\n'}
[1.758677] (px4_msgs) StdoutLine: {'line': b'-- Up-to-date: /home/stepan/ws_ros2/install/px4_msgs/include/px4_msgs/px4_msgs/msg/detail/tecs_status__type_support.cpp\n'}
[1.758728] (px4_msgs) StdoutLine: {'line': b'-- Up-to-date: /home/stepan/ws_ros2/install/px4_msgs/include/px4_msgs/px4_msgs/msg/detail/battery_status__type_support.cpp\n'}
[1.758779] (px4_msgs) StdoutLine: {'line': b'-- Up-to-date: /home/stepan/ws_ros2/install/px4_msgs/include/px4_msgs/px4_msgs/msg/detail/ackermann_velocity_setpoint__type_support.cpp\n'}
[1.758850] (px4_msgs) StdoutLine: {'line': b'-- Up-to-date: /home/stepan/ws_ros2/install/px4_msgs/include/px4_msgs/px4_msgs/msg/detail/estimator_aid_source2d__rosidl_typesupport_introspection_cpp.hpp\n'}
[1.758920] (px4_msgs) StdoutLine: {'line': b'-- Up-to-date: /home/stepan/ws_ros2/install/px4_msgs/include/px4_msgs/px4_msgs/msg/detail/follow_target_estimator__type_support.cpp\n'}
[1.759004] (px4_msgs) StdoutLine: {'line': b'-- Up-to-date: /home/stepan/ws_ros2/install/px4_msgs/include/px4_msgs/px4_msgs/msg/detail/tiltrotor_extra_controls__type_support.cpp\n'}
[1.759056] (px4_msgs) StdoutLine: {'line': b'-- Up-to-date: /home/stepan/ws_ros2/install/px4_msgs/include/px4_msgs/px4_msgs/msg/detail/position_controller_status__type_support.cpp\n'}
[1.759107] (px4_msgs) StdoutLine: {'line': b'-- Up-to-date: /home/stepan/ws_ros2/install/px4_msgs/include/px4_msgs/px4_msgs/msg/detail/debug_array__rosidl_typesupport_introspection_cpp.hpp\n'}
[1.759163] (px4_msgs) StdoutLine: {'line': b'-- Up-to-date: /home/stepan/ws_ros2/install/px4_msgs/include/px4_msgs/px4_msgs/msg/detail/vehicle_local_position__type_support.cpp\n'}
[1.759233] (px4_msgs) StdoutLine: {'line': b'-- Up-to-date: /home/stepan/ws_ros2/install/px4_msgs/include/px4_msgs/px4_msgs/msg/detail/autotune_attitude_control_status__rosidl_typesupport_introspection_cpp.hpp\n'}
[1.759302] (px4_msgs) StdoutLine: {'line': b'-- Up-to-date: /home/stepan/ws_ros2/install/px4_msgs/include/px4_msgs/px4_msgs/msg/detail/estimator_bias3d__rosidl_typesupport_introspection_cpp.hpp\n'}
[1.759382] (px4_msgs) StdoutLine: {'line': b'-- Up-to-date: /home/stepan/ws_ros2/install/px4_msgs/include/px4_msgs/px4_msgs/msg/detail/radio_status__rosidl_typesupport_introspection_cpp.hpp\n'}
[1.759461] (px4_msgs) StdoutLine: {'line': b'-- Up-to-date: /home/stepan/ws_ros2/install/px4_msgs/include/px4_msgs/px4_msgs/msg/detail/orb_test__type_support.cpp\n'}
[1.759531] (px4_msgs) StdoutLine: {'line': b'-- Up-to-date: /home/stepan/ws_ros2/install/px4_msgs/include/px4_msgs/px4_msgs/msg/detail/transponder_report__rosidl_typesupport_introspection_cpp.hpp\n'}
[1.759636] (px4_msgs) StdoutLine: {'line': b'-- Up-to-date: /home/stepan/ws_ros2/install/px4_msgs/include/px4_msgs/px4_msgs/msg/detail/sensor_accel__type_support.cpp\n'}
[1.759691] (px4_msgs) StdoutLine: {'line': b'-- Up-to-date: /home/stepan/ws_ros2/install/px4_msgs/include/px4_msgs/px4_msgs/msg/detail/camera_trigger__rosidl_typesupport_introspection_cpp.hpp\n'}
[1.759742] (px4_msgs) StdoutLine: {'line': b'-- Up-to-date: /home/stepan/ws_ros2/install/px4_msgs/include/px4_msgs/px4_msgs/msg/detail/estimator_bias__type_support.cpp\n'}
[1.759792] (px4_msgs) StdoutLine: {'line': b'-- Up-to-date: /home/stepan/ws_ros2/install/px4_msgs/include/px4_msgs/px4_msgs/msg/detail/vehicle_status__rosidl_typesupport_introspection_cpp.hpp\n'}
[1.759852] (px4_msgs) StdoutLine: {'line': b'-- Up-to-date: /home/stepan/ws_ros2/install/px4_msgs/include/px4_msgs/px4_msgs/msg/detail/debug_vect__type_support.cpp\n'}
[1.759908] (px4_msgs) StdoutLine: {'line': b'-- Up-to-date: /home/stepan/ws_ros2/install/px4_msgs/include/px4_msgs/px4_msgs/msg/detail/sensor_accel__rosidl_typesupport_introspection_cpp.hpp\n'}
[1.759962] (px4_msgs) StdoutLine: {'line': b'-- Up-to-date: /home/stepan/ws_ros2/install/px4_msgs/include/px4_msgs/px4_msgs/msg/detail/gimbal_device_set_attitude__rosidl_typesupport_introspection_cpp.hpp\n'}
[1.760017] (px4_msgs) StdoutLine: {'line': b'-- Up-to-date: /home/stepan/ws_ros2/install/px4_msgs/include/px4_msgs/px4_msgs/msg/detail/uavcan_parameter_value__type_support.cpp\n'}
[1.760072] (px4_msgs) StdoutLine: {'line': b'-- Up-to-date: /home/stepan/ws_ros2/install/px4_msgs/include/px4_msgs/px4_msgs/msg/detail/camera_status__rosidl_typesupport_introspection_cpp.hpp\n'}
[1.760130] (px4_msgs) StdoutLine: {'line': b'-- Up-to-date: /home/stepan/ws_ros2/install/px4_msgs/include/px4_msgs/px4_msgs/msg/detail/timesync_status__rosidl_typesupport_introspection_cpp.hpp\n'}
[1.760215] (px4_msgs) StdoutLine: {'line': b'-- Up-to-date: /home/stepan/ws_ros2/install/px4_msgs/include/px4_msgs/px4_msgs/msg/detail/internal_combustion_engine_status__type_support.cpp\n'}
[1.760304] (px4_msgs) StdoutLine: {'line': b'-- Up-to-date: /home/stepan/ws_ros2/install/px4_msgs/include/px4_msgs/px4_msgs/msg/detail/logger_status__rosidl_typesupport_introspection_cpp.hpp\n'}
[1.760488] (px4_msgs) StdoutLine: {'line': b'-- Up-to-date: /home/stepan/ws_ros2/install/px4_msgs/include/px4_msgs/px4_msgs/msg/detail/rover_steering_setpoint__type_support.cpp\n'}
[1.760591] (px4_msgs) StdoutLine: {'line': b'-- Up-to-date: /home/stepan/ws_ros2/install/px4_msgs/include/px4_msgs/px4_msgs/msg/detail/sensor_gyro_fifo__type_support.cpp\n'}
[1.760677] (px4_msgs) StdoutLine: {'line': b'-- Up-to-date: /home/stepan/ws_ros2/install/px4_msgs/include/px4_msgs/px4_msgs/msg/detail/iridiumsbd_status__type_support.cpp\n'}
[1.760775] (px4_msgs) StdoutLine: {'line': b'-- Up-to-date: /home/stepan/ws_ros2/install/px4_msgs/include/px4_msgs/px4_msgs/msg/detail/telemetry_status__type_support.cpp\n'}
[1.760861] (px4_msgs) StdoutLine: {'line': b'-- Up-to-date: /home/stepan/ws_ros2/install/px4_msgs/include/px4_msgs/px4_msgs/msg/detail/sensors_status__rosidl_typesupport_introspection_cpp.hpp\n'}
[1.760920] (px4_msgs) StdoutLine: {'line': b'-- Up-to-date: /home/stepan/ws_ros2/install/px4_msgs/include/px4_msgs/px4_msgs/msg/detail/landing_gear_wheel__type_support.cpp\n'}
[1.760976] (px4_msgs) StdoutLine: {'line': b'-- Up-to-date: /home/stepan/ws_ros2/install/px4_msgs/include/px4_msgs/px4_msgs/msg/detail/sensor_gnss_relative__rosidl_typesupport_introspection_cpp.hpp\n'}
[1.761045] (px4_msgs) StdoutLine: {'line': b'-- Up-to-date: /home/stepan/ws_ros2/install/px4_msgs/include/px4_msgs/px4_msgs/msg/detail/airspeed_wind__rosidl_typesupport_introspection_cpp.hpp\n'}
[1.761129] (px4_msgs) StdoutLine: {'line': b'-- Up-to-date: /home/stepan/ws_ros2/install/px4_msgs/include/px4_msgs/px4_msgs/msg/detail/open_drone_id_system__type_support.cpp\n'}
[1.761226] (px4_msgs) StdoutLine: {'line': b'-- Up-to-date: /home/stepan/ws_ros2/install/px4_msgs/include/px4_msgs/px4_msgs/msg/detail/debug_array__type_support.cpp\n'}
[1.761308] (px4_msgs) StdoutLine: {'line': b'-- Up-to-date: /home/stepan/ws_ros2/install/px4_msgs/include/px4_msgs/px4_msgs/msg/detail/geofence_result__rosidl_typesupport_introspection_cpp.hpp\n'}
[1.761376] (px4_msgs) StdoutLine: {'line': b'-- Up-to-date: /home/stepan/ws_ros2/install/px4_msgs/include/px4_msgs/px4_msgs/msg/detail/vehicle_constraints__type_support.cpp\n'}
[1.761483] (px4_msgs) StdoutLine: {'line': b'-- Up-to-date: /home/stepan/ws_ros2/install/px4_msgs/include/px4_msgs/px4_msgs/msg/detail/manual_control_switches__rosidl_typesupport_introspection_cpp.hpp\n'}
[1.761535] (px4_msgs) StdoutLine: {'line': b'-- Up-to-date: /home/stepan/ws_ros2/install/px4_msgs/include/px4_msgs/px4_msgs/msg/detail/vehicle_attitude_setpoint__rosidl_typesupport_introspection_cpp.hpp\n'}
[1.761587] (px4_msgs) StdoutLine: {'line': b'-- Up-to-date: /home/stepan/ws_ros2/install/px4_msgs/include/px4_msgs/px4_msgs/msg/detail/input_rc__type_support.cpp\n'}
[1.761638] (px4_msgs) StdoutLine: {'line': b'-- Up-to-date: /home/stepan/ws_ros2/install/px4_msgs/include/px4_msgs/px4_msgs/msg/detail/ekf2_timestamps__type_support.cpp\n'}
[1.761696] (px4_msgs) StdoutLine: {'line': b'-- Up-to-date: /home/stepan/ws_ros2/install/px4_msgs/include/px4_msgs/px4_msgs/msg/detail/mavlink_log__type_support.cpp\n'}
[1.761771] (px4_msgs) StdoutLine: {'line': b'-- Up-to-date: /home/stepan/ws_ros2/install/px4_msgs/include/px4_msgs/px4_msgs/msg/detail/gpio_config__type_support.cpp\n'}
[1.761822] (px4_msgs) StdoutLine: {'line': b'-- Up-to-date: /home/stepan/ws_ros2/install/px4_msgs/include/px4_msgs/px4_msgs/msg/detail/vehicle_control_mode__rosidl_typesupport_introspection_cpp.hpp\n'}
[1.761873] (px4_msgs) StdoutLine: {'line': b'-- Up-to-date: /home/stepan/ws_ros2/install/px4_msgs/include/px4_msgs/px4_msgs/msg/detail/vehicle_magnetometer__type_support.cpp\n'}
[1.761924] (px4_msgs) StdoutLine: {'line': b'-- Up-to-date: /home/stepan/ws_ros2/install/px4_msgs/include/px4_msgs/px4_msgs/msg/detail/debug_value__rosidl_typesupport_introspection_cpp.hpp\n'}
[1.761975] (px4_msgs) StdoutLine: {'line': b'-- Up-to-date: /home/stepan/ws_ros2/install/px4_msgs/include/px4_msgs/px4_msgs/msg/detail/action_request__type_support.cpp\n'}
[1.762025] (px4_msgs) StdoutLine: {'line': b'-- Up-to-date: /home/stepan/ws_ros2/install/px4_msgs/include/px4_msgs/px4_msgs/msg/detail/task_stack_info__type_support.cpp\n'}
[1.762082] (px4_msgs) StdoutLine: {'line': b'-- Up-to-date: /home/stepan/ws_ros2/install/px4_msgs/include/px4_msgs/px4_msgs/msg/detail/debug_vect__rosidl_typesupport_introspection_cpp.hpp\n'}
[1.762149] (px4_msgs) StdoutLine: {'line': b'-- Up-to-date: /home/stepan/ws_ros2/install/px4_msgs/include/px4_msgs/px4_msgs/msg/detail/wind__type_support.cpp\n'}
[1.762213] (px4_msgs) StdoutLine: {'line': b'-- Up-to-date: /home/stepan/ws_ros2/install/px4_msgs/include/px4_msgs/px4_msgs/msg/detail/arming_check_reply__type_support.cpp\n'}
[1.762268] (px4_msgs) StdoutLine: {'line': b'-- Up-to-date: /home/stepan/ws_ros2/install/px4_msgs/include/px4_msgs/px4_msgs/msg/detail/gpio_request__type_support.cpp\n'}
[1.762319] (px4_msgs) StdoutLine: {'line': b'-- Up-to-date: /home/stepan/ws_ros2/install/px4_msgs/include/px4_msgs/px4_msgs/msg/detail/arming_check_request__type_support.cpp\n'}
[1.762395] (px4_msgs) StdoutLine: {'line': b'-- Up-to-date: /home/stepan/ws_ros2/install/px4_msgs/include/px4_msgs/px4_msgs/msg/detail/telemetry_status__rosidl_typesupport_introspection_cpp.hpp\n'}
[1.762457] (px4_msgs) StdoutLine: {'line': b'-- Up-to-date: /home/stepan/ws_ros2/install/px4_msgs/include/px4_msgs/px4_msgs/msg/detail/gimbal_controls__rosidl_typesupport_introspection_cpp.hpp\n'}
[1.762509] (px4_msgs) StdoutLine: {'line': b'-- Up-to-date: /home/stepan/ws_ros2/install/px4_msgs/include/px4_msgs/px4_msgs/msg/detail/estimator_selector_status__type_support.cpp\n'}
[1.762560] (px4_msgs) StdoutLine: {'line': b'-- Up-to-date: /home/stepan/ws_ros2/install/px4_msgs/include/px4_msgs/px4_msgs/msg/detail/rover_rate_status__rosidl_typesupport_introspection_cpp.hpp\n'}
[1.762612] (px4_msgs) StdoutLine: {'line': b'-- Up-to-date: /home/stepan/ws_ros2/install/px4_msgs/include/px4_msgs/px4_msgs/msg/detail/esc_report__rosidl_typesupport_introspection_cpp.hpp\n'}
[1.762667] (px4_msgs) StdoutLine: {'line': b'-- Up-to-date: /home/stepan/ws_ros2/install/px4_msgs/include/px4_msgs/px4_msgs/msg/detail/orb_test_large__rosidl_typesupport_introspection_cpp.hpp\n'}
[1.762722] (px4_msgs) StdoutLine: {'line': b'-- Up-to-date: /home/stepan/ws_ros2/install/px4_msgs/include/px4_msgs/px4_msgs/msg/detail/actuator_servos__type_support.cpp\n'}
[1.762776] (px4_msgs) StdoutLine: {'line': b'-- Up-to-date: /home/stepan/ws_ros2/install/px4_msgs/include/px4_msgs/px4_msgs/msg/detail/rover_rate_status__type_support.cpp\n'}
[1.762831] (px4_msgs) StdoutLine: {'line': b'-- Up-to-date: /home/stepan/ws_ros2/install/px4_msgs/include/px4_msgs/px4_msgs/msg/detail/dataman_request__type_support.cpp\n'}
[1.762885] (px4_msgs) StdoutLine: {'line': b'-- Up-to-date: /home/stepan/ws_ros2/install/px4_msgs/include/px4_msgs/px4_msgs/msg/detail/iridiumsbd_status__rosidl_typesupport_introspection_cpp.hpp\n'}
[1.762939] (px4_msgs) StdoutLine: {'line': b'-- Up-to-date: /home/stepan/ws_ros2/install/px4_msgs/include/px4_msgs/px4_msgs/msg/detail/estimator_bias__rosidl_typesupport_introspection_cpp.hpp\n'}
[1.762994] (px4_msgs) StdoutLine: {'line': b'-- Up-to-date: /home/stepan/ws_ros2/install/px4_msgs/include/px4_msgs/px4_msgs/msg/detail/parameter_set_value_response__rosidl_typesupport_introspection_cpp.hpp\n'}
[1.763048] (px4_msgs) StdoutLine: {'line': b'-- Up-to-date: /home/stepan/ws_ros2/install/px4_msgs/include/px4_msgs/px4_msgs/msg/detail/mission__rosidl_typesupport_introspection_cpp.hpp\n'}
[1.763103] (px4_msgs) StdoutLine: {'line': b'-- Up-to-date: /home/stepan/ws_ros2/install/px4_msgs/include/px4_msgs/px4_msgs/msg/detail/sensor_optical_flow__rosidl_typesupport_introspection_cpp.hpp\n'}
[1.763157] (px4_msgs) StdoutLine: {'line': b'-- Up-to-date: /home/stepan/ws_ros2/install/px4_msgs/include/px4_msgs/px4_msgs/msg/detail/mavlink_tunnel__type_support.cpp\n'}
[1.763211] (px4_msgs) StdoutLine: {'line': b'-- Up-to-date: /home/stepan/ws_ros2/install/px4_msgs/include/px4_msgs/px4_msgs/msg/detail/parameter_reset_request__type_support.cpp\n'}
[1.763286] (px4_msgs) StdoutLine: {'line': b'-- Up-to-date: /home/stepan/ws_ros2/install/px4_msgs/include/px4_msgs/px4_msgs/msg/detail/figure_eight_status__rosidl_typesupport_introspection_cpp.hpp\n'}
[1.763354] (px4_msgs) StdoutLine: {'line': b'-- Up-to-date: /home/stepan/ws_ros2/install/px4_msgs/include/px4_msgs/px4_msgs/msg/detail/airspeed__rosidl_typesupport_introspection_cpp.hpp\n'}
[1.763421] (px4_msgs) StdoutLine: {'line': b'-- Up-to-date: /home/stepan/ws_ros2/install/px4_msgs/include/px4_msgs/px4_msgs/msg/detail/follow_target__type_support.cpp\n'}
[1.763474] (px4_msgs) StdoutLine: {'line': b'-- Up-to-date: /home/stepan/ws_ros2/install/px4_msgs/include/px4_msgs/px4_msgs/msg/detail/tecs_status__rosidl_typesupport_introspection_cpp.hpp\n'}
[1.763532] (px4_msgs) StdoutLine: {'line': b'-- Up-to-date: /home/stepan/ws_ros2/install/px4_msgs/include/px4_msgs/px4_msgs/msg/detail/satellite_info__type_support.cpp\n'}
[1.763588] (px4_msgs) StdoutLine: {'line': b'-- Up-to-date: /home/stepan/ws_ros2/install/px4_msgs/include/px4_msgs/px4_msgs/msg/detail/estimator_status__type_support.cpp\n'}
[1.763643] (px4_msgs) StdoutLine: {'line': b'-- Up-to-date: /home/stepan/ws_ros2/install/px4_msgs/include/px4_msgs/px4_msgs/msg/detail/estimator_status_flags__type_support.cpp\n'}
[1.763699] (px4_msgs) StdoutLine: {'line': b'-- Up-to-date: /home/stepan/ws_ros2/install/px4_msgs/include/px4_msgs/px4_msgs/msg/detail/vehicle_air_data__type_support.cpp\n'}
[1.763754] (px4_msgs) StdoutLine: {'line': b'-- Up-to-date: /home/stepan/ws_ros2/install/px4_msgs/include/px4_msgs/px4_msgs/msg/detail/generator_status__rosidl_typesupport_introspection_cpp.hpp\n'}
[1.763809] (px4_msgs) StdoutLine: {'line': b'-- Up-to-date: /home/stepan/ws_ros2/install/px4_msgs/include/px4_msgs/px4_msgs/msg/detail/sensor_gyro_fifo__rosidl_typesupport_introspection_cpp.hpp\n'}
[1.763865] (px4_msgs) StdoutLine: {'line': b'-- Up-to-date: /home/stepan/ws_ros2/install/px4_msgs/include/px4_msgs/px4_msgs/msg/detail/gpio_in__rosidl_typesupport_introspection_cpp.hpp\n'}
[1.763919] (px4_msgs) StdoutLine: {'line': b'-- Up-to-date: /home/stepan/ws_ros2/install/px4_msgs/include/px4_msgs/px4_msgs/msg/detail/goto_setpoint__type_support.cpp\n'}
[1.763973] (px4_msgs) StdoutLine: {'line': b'-- Up-to-date: /home/stepan/ws_ros2/install/px4_msgs/include/px4_msgs/px4_msgs/msg/detail/gps_inject_data__type_support.cpp\n'}
[1.764027] (px4_msgs) StdoutLine: {'line': b'-- Up-to-date: /home/stepan/ws_ros2/install/px4_msgs/include/px4_msgs/px4_msgs/msg/detail/rpm__rosidl_typesupport_introspection_cpp.hpp\n'}
[1.764083] (px4_msgs) StdoutLine: {'line': b'-- Up-to-date: /home/stepan/ws_ros2/install/px4_msgs/include/px4_msgs/px4_msgs/msg/detail/cellular_status__type_support.cpp\n'}
[1.764138] (px4_msgs) StdoutLine: {'line': b'-- Up-to-date: /home/stepan/ws_ros2/install/px4_msgs/include/px4_msgs/px4_msgs/msg/detail/satellite_info__rosidl_typesupport_introspection_cpp.hpp\n'}
[1.764204] (px4_msgs) StdoutLine: {'line': b'-- Up-to-date: /home/stepan/ws_ros2/install/px4_msgs/include/px4_msgs/px4_msgs/msg/detail/qshell_req__type_support.cpp\n'}
[1.764274] (px4_msgs) StdoutLine: {'line': b'-- Up-to-date: /home/stepan/ws_ros2/install/px4_msgs/include/px4_msgs/px4_msgs/msg/detail/heater_status__type_support.cpp\n'}
[1.764354] (px4_msgs) StdoutLine: {'line': b'-- Up-to-date: /home/stepan/ws_ros2/install/px4_msgs/include/px4_msgs/px4_msgs/msg/detail/action_request__rosidl_typesupport_introspection_cpp.hpp\n'}
[1.764464] (px4_msgs) StdoutLine: {'line': b'-- Up-to-date: /home/stepan/ws_ros2/install/px4_msgs/include/px4_msgs/px4_msgs/msg/detail/rover_velocity_status__type_support.cpp\n'}
[1.764519] (px4_msgs) StdoutLine: {'line': b'-- Up-to-date: /home/stepan/ws_ros2/install/px4_msgs/include/px4_msgs/px4_msgs/msg/detail/vehicle_roi__type_support.cpp\n'}
[1.764573] (px4_msgs) StdoutLine: {'line': b'-- Up-to-date: /home/stepan/ws_ros2/install/px4_msgs/include/px4_msgs/px4_msgs/msg/detail/ulog_stream_ack__rosidl_typesupport_introspection_cpp.hpp\n'}
[1.764649] (px4_msgs) StdoutLine: {'line': b'-- Up-to-date: /home/stepan/ws_ros2/install/px4_msgs/include/px4_msgs/px4_msgs/msg/detail/estimator_sensor_bias__rosidl_typesupport_introspection_cpp.hpp\n'}
[1.764735] (px4_msgs) StdoutLine: {'line': b'-- Up-to-date: /home/stepan/ws_ros2/install/px4_msgs/include/px4_msgs/px4_msgs/msg/detail/trajectory_setpoint6dof__type_support.cpp\n'}
[1.764835] (px4_msgs) StdoutLine: {'line': b'-- Up-to-date: /home/stepan/ws_ros2/install/px4_msgs/include/px4_msgs/px4_msgs/msg/detail/gimbal_manager_set_manual_control__rosidl_typesupport_introspection_cpp.hpp\n'}
[1.764969] (px4_msgs) StdoutLine: {'line': b'-- Up-to-date: /home/stepan/ws_ros2/install/px4_msgs/include/px4_msgs/px4_msgs/msg/detail/led_control__type_support.cpp\n'}
[1.765051] (px4_msgs) StdoutLine: {'line': b'-- Up-to-date: /home/stepan/ws_ros2/install/px4_msgs/include/px4_msgs/px4_msgs/msg/detail/yaw_estimator_status__type_support.cpp\n'}
[1.765113] (px4_msgs) StdoutLine: {'line': b'-- Up-to-date: /home/stepan/ws_ros2/install/px4_msgs/include/px4_msgs/px4_msgs/msg/detail/sensor_mag__rosidl_typesupport_introspection_cpp.hpp\n'}
[1.765181] (px4_msgs) StdoutLine: {'line': b'-- Up-to-date: /home/stepan/ws_ros2/install/px4_msgs/include/px4_msgs/px4_msgs/msg/detail/timesync_status__type_support.cpp\n'}
[1.765278] (px4_msgs) StdoutLine: {'line': b'-- Up-to-date: /home/stepan/ws_ros2/install/px4_msgs/include/px4_msgs/px4_msgs/msg/detail/geofence_status__rosidl_typesupport_introspection_cpp.hpp\n'}
[1.765336] (px4_msgs) StdoutLine: {'line': b'-- Up-to-date: /home/stepan/ws_ros2/install/px4_msgs/include/px4_msgs/px4_msgs/msg/detail/gps_dump__type_support.cpp\n'}
[1.765408] (px4_msgs) StdoutLine: {'line': b'-- Up-to-date: /home/stepan/ws_ros2/install/px4_msgs/include/px4_msgs/px4_msgs/msg/detail/sensor_gyro__type_support.cpp\n'}
[1.765462] (px4_msgs) StdoutLine: {'line': b'-- Up-to-date: /home/stepan/ws_ros2/install/px4_msgs/include/px4_msgs/px4_msgs/msg/detail/esc_report__type_support.cpp\n'}
[1.765529] (px4_msgs) StdoutLine: {'line': b'-- Up-to-date: /home/stepan/ws_ros2/install/px4_msgs/include/px4_msgs/px4_msgs/msg/detail/differential_pressure__rosidl_typesupport_introspection_cpp.hpp\n'}
[1.765629] (px4_msgs) StdoutLine: {'line': b'-- Up-to-date: /home/stepan/ws_ros2/install/px4_msgs/include/px4_msgs/px4_msgs/msg/detail/sensor_correction__rosidl_typesupport_introspection_cpp.hpp\n'}
[1.765682] (px4_msgs) StdoutLine: {'line': b'-- Up-to-date: /home/stepan/ws_ros2/install/px4_msgs/include/px4_msgs/px4_msgs/msg/detail/vehicle_odometry__rosidl_typesupport_introspection_cpp.hpp\n'}
[1.765734] (px4_msgs) StdoutLine: {'line': b'-- Up-to-date: /home/stepan/ws_ros2/install/px4_msgs/include/px4_msgs/px4_msgs/msg/detail/vehicle_imu__rosidl_typesupport_introspection_cpp.hpp\n'}
[1.765785] (px4_msgs) StdoutLine: {'line': b'-- Up-to-date: /home/stepan/ws_ros2/install/px4_msgs/include/px4_msgs/px4_msgs/msg/detail/autotune_attitude_control_status__type_support.cpp\n'}
[1.765836] (px4_msgs) StdoutLine: {'line': b'-- Up-to-date: /home/stepan/ws_ros2/install/px4_msgs/include/px4_msgs/px4_msgs/msg/detail/debug_key_value__type_support.cpp\n'}
[1.765890] (px4_msgs) StdoutLine: {'line': b'-- Up-to-date: /home/stepan/ws_ros2/install/px4_msgs/include/px4_msgs/px4_msgs/msg/detail/pps_capture__rosidl_typesupport_introspection_cpp.hpp\n'}
[1.765962] (px4_msgs) StdoutLine: {'line': b'-- Up-to-date: /home/stepan/ws_ros2/install/px4_msgs/include/px4_msgs/px4_msgs/msg/detail/distance_sensor__type_support.cpp\n'}
[1.766033] (px4_msgs) StdoutLine: {'line': b'-- Up-to-date: /home/stepan/ws_ros2/install/px4_msgs/include/px4_msgs/px4_msgs/msg/detail/sensor_baro__type_support.cpp\n'}
[1.766103] (px4_msgs) StdoutLine: {'line': b'-- Up-to-date: /home/stepan/ws_ros2/install/px4_msgs/include/px4_msgs/px4_msgs/msg/detail/position_controller_status__rosidl_typesupport_introspection_cpp.hpp\n'}
[1.766174] (px4_msgs) StdoutLine: {'line': b'-- Up-to-date: /home/stepan/ws_ros2/install/px4_msgs/include/px4_msgs/px4_msgs/msg/detail/register_ext_component_reply__rosidl_typesupport_introspection_cpp.hpp\n'}
[1.766244] (px4_msgs) StdoutLine: {'line': b'-- Up-to-date: /home/stepan/ws_ros2/install/px4_msgs/include/px4_msgs/px4_msgs/msg/detail/estimator_gps_status__type_support.cpp\n'}
[1.766315] (px4_msgs) StdoutLine: {'line': b'-- Up-to-date: /home/stepan/ws_ros2/install/px4_msgs/include/px4_msgs/px4_msgs/msg/detail/vehicle_land_detected__rosidl_typesupport_introspection_cpp.hpp\n'}
[1.766430] (px4_msgs) StdoutLine: {'line': b'-- Up-to-date: /home/stepan/ws_ros2/install/px4_msgs/include/px4_msgs/px4_msgs/msg/detail/pure_pursuit_status__rosidl_typesupport_introspection_cpp.hpp\n'}
[1.766507] (px4_msgs) StdoutLine: {'line': b'-- Up-to-date: /home/stepan/ws_ros2/install/px4_msgs/include/px4_msgs/px4_msgs/msg/detail/home_position__rosidl_typesupport_introspection_cpp.hpp\n'}
[1.766579] (px4_msgs) StdoutLine: {'line': b'-- Up-to-date: /home/stepan/ws_ros2/install/px4_msgs/include/px4_msgs/px4_msgs/msg/detail/landing_target_innovations__rosidl_typesupport_introspection_cpp.hpp\n'}
[1.766651] (px4_msgs) StdoutLine: {'line': b'-- Up-to-date: /home/stepan/ws_ros2/install/px4_msgs/include/px4_msgs/px4_msgs/msg/detail/sensor_preflight_mag__rosidl_typesupport_introspection_cpp.hpp\n'}
[1.766724] (px4_msgs) StdoutLine: {'line': b'-- Up-to-date: /home/stepan/ws_ros2/install/px4_msgs/include/px4_msgs/px4_msgs/msg/detail/system_power__type_support.cpp\n'}
[1.766796] (px4_msgs) StdoutLine: {'line': b'-- Up-to-date: /home/stepan/ws_ros2/install/px4_msgs/include/px4_msgs/px4_msgs/msg/detail/hover_thrust_estimate__type_support.cpp\n'}
[1.766867] (px4_msgs) StdoutLine: {'line': b'-- Up-to-date: /home/stepan/ws_ros2/install/px4_msgs/include/px4_msgs/px4_msgs/msg/detail/rover_attitude_status__type_support.cpp\n'}
[1.766938] (px4_msgs) StdoutLine: {'line': b'-- Up-to-date: /home/stepan/ws_ros2/install/px4_msgs/include/px4_msgs/px4_msgs/srv\n'}
[1.767009] (px4_msgs) StdoutLine: {'line': b'-- Up-to-date: /home/stepan/ws_ros2/install/px4_msgs/include/px4_msgs/px4_msgs/srv/detail\n'}
[1.767080] (px4_msgs) StdoutLine: {'line': b'-- Up-to-date: /home/stepan/ws_ros2/install/px4_msgs/include/px4_msgs/px4_msgs/srv/detail/vehicle_command__type_support.cpp\n'}
[1.767152] (px4_msgs) StdoutLine: {'line': b'-- Up-to-date: /home/stepan/ws_ros2/install/px4_msgs/include/px4_msgs/px4_msgs/srv/detail/vehicle_command__rosidl_typesupport_introspection_cpp.hpp\n'}
[1.767258] (px4_msgs) StdoutLine: {'line': b'-- Up-to-date: /home/stepan/ws_ros2/install/px4_msgs/lib/libpx4_msgs__rosidl_typesupport_introspection_cpp.so\n'}
[1.767338] (px4_msgs) StdoutLine: {'line': b'-- Up-to-date: /home/stepan/ws_ros2/install/px4_msgs/lib/libpx4_msgs__rosidl_typesupport_cpp.so\n'}
[1.767439] (px4_msgs) StdoutLine: {'line': b'-- Up-to-date: /home/stepan/ws_ros2/install/px4_msgs/share/px4_msgs/environment/pythonpath.sh\n'}
[1.767495] (px4_msgs) StdoutLine: {'line': b'-- Up-to-date: /home/stepan/ws_ros2/install/px4_msgs/share/px4_msgs/environment/pythonpath.dsv\n'}
[1.767568] (px4_msgs) StdoutLine: {'line': b'-- Up-to-date: /home/stepan/ws_ros2/install/px4_msgs/local/lib/python3.10/dist-packages/px4_msgs-2.0.1-py3.10.egg-info\n'}
[1.767640] (px4_msgs) StdoutLine: {'line': b'-- Installing: /home/stepan/ws_ros2/install/px4_msgs/local/lib/python3.10/dist-packages/px4_msgs-2.0.1-py3.10.egg-info/top_level.txt\n'}
[1.767712] (px4_msgs) StdoutLine: {'line': b'-- Installing: /home/stepan/ws_ros2/install/px4_msgs/local/lib/python3.10/dist-packages/px4_msgs-2.0.1-py3.10.egg-info/PKG-INFO\n'}
[1.767784] (px4_msgs) StdoutLine: {'line': b'-- Installing: /home/stepan/ws_ros2/install/px4_msgs/local/lib/python3.10/dist-packages/px4_msgs-2.0.1-py3.10.egg-info/dependency_links.txt\n'}
[1.767890] (px4_msgs) StdoutLine: {'line': b'-- Installing: /home/stepan/ws_ros2/install/px4_msgs/local/lib/python3.10/dist-packages/px4_msgs-2.0.1-py3.10.egg-info/SOURCES.txt\n'}
[1.767946] (px4_msgs) StdoutLine: {'line': b'-- Up-to-date: /home/stepan/ws_ros2/install/px4_msgs/local/lib/python3.10/dist-packages/px4_msgs\n'}
[1.767999] (px4_msgs) StdoutLine: {'line': b'-- Up-to-date: /home/stepan/ws_ros2/install/px4_msgs/local/lib/python3.10/dist-packages/px4_msgs/_px4_msgs_s.ep.rosidl_typesupport_c.c\n'}
[1.768055] (px4_msgs) StdoutLine: {'line': b'-- Up-to-date: /home/stepan/ws_ros2/install/px4_msgs/local/lib/python3.10/dist-packages/px4_msgs/_px4_msgs_s.ep.rosidl_typesupport_introspection_c.c\n'}
[1.768140] (px4_msgs) StdoutLine: {'line': b'-- Up-to-date: /home/stepan/ws_ros2/install/px4_msgs/local/lib/python3.10/dist-packages/px4_msgs/px4_msgs_s__rosidl_typesupport_fastrtps_c.cpython-310-x86_64-linux-gnu.so\n'}
[1.768194] (px4_msgs) StdoutLine: {'line': b'-- Up-to-date: /home/stepan/ws_ros2/install/px4_msgs/local/lib/python3.10/dist-packages/px4_msgs/__init__.py\n'}
[1.768272] (px4_msgs) StdoutLine: {'line': b'-- Up-to-date: /home/stepan/ws_ros2/install/px4_msgs/local/lib/python3.10/dist-packages/px4_msgs/msg\n'}
[1.768343] (px4_msgs) StdoutLine: {'line': b'-- Up-to-date: /home/stepan/ws_ros2/install/px4_msgs/local/lib/python3.10/dist-packages/px4_msgs/msg/_logger_status.py\n'}
[1.768435] (px4_msgs) StdoutLine: {'line': b'-- Up-to-date: /home/stepan/ws_ros2/install/px4_msgs/local/lib/python3.10/dist-packages/px4_msgs/msg/_internal_combustion_engine_control.py\n'}
[1.768491] (px4_msgs) StdoutLine: {'line': b'-- Up-to-date: /home/stepan/ws_ros2/install/px4_msgs/local/lib/python3.10/dist-packages/px4_msgs/msg/_differential_pressure.py\n'}
[1.768544] (px4_msgs) StdoutLine: {'line': b'-- Up-to-date: /home/stepan/ws_ros2/install/px4_msgs/local/lib/python3.10/dist-packages/px4_msgs/msg/_vehicle_command.py\n'}
[1.768634] (px4_msgs) StdoutLine: {'line': b'-- Up-to-date: /home/stepan/ws_ros2/install/px4_msgs/local/lib/python3.10/dist-packages/px4_msgs/msg/_system_power.py\n'}
[1.768688] (px4_msgs) StdoutLine: {'line': b'-- Up-to-date: /home/stepan/ws_ros2/install/px4_msgs/local/lib/python3.10/dist-packages/px4_msgs/msg/_vehicle_magnetometer_s.c\n'}
[1.768740] (px4_msgs) StdoutLine: {'line': b'-- Up-to-date: /home/stepan/ws_ros2/install/px4_msgs/local/lib/python3.10/dist-packages/px4_msgs/msg/_landing_gear.py\n'}
[1.768797] (px4_msgs) StdoutLine: {'line': b'-- Up-to-date: /home/stepan/ws_ros2/install/px4_msgs/local/lib/python3.10/dist-packages/px4_msgs/msg/_sensor_optical_flow_s.c\n'}
[1.768883] (px4_msgs) StdoutLine: {'line': b'-- Up-to-date: /home/stepan/ws_ros2/install/px4_msgs/local/lib/python3.10/dist-packages/px4_msgs/msg/_sensor_hygrometer_s.c\n'}
[1.768963] (px4_msgs) StdoutLine: {'line': b'-- Up-to-date: /home/stepan/ws_ros2/install/px4_msgs/local/lib/python3.10/dist-packages/px4_msgs/msg/_rc_channels.py\n'}
[1.769066] (px4_msgs) StdoutLine: {'line': b'-- Up-to-date: /home/stepan/ws_ros2/install/px4_msgs/local/lib/python3.10/dist-packages/px4_msgs/msg/_rc_channels_s.c\n'}
[1.769170] (px4_msgs) StdoutLine: {'line': b'-- Up-to-date: /home/stepan/ws_ros2/install/px4_msgs/local/lib/python3.10/dist-packages/px4_msgs/msg/_estimator_gps_status.py\n'}
[1.769266] (px4_msgs) StdoutLine: {'line': b'-- Up-to-date: /home/stepan/ws_ros2/install/px4_msgs/local/lib/python3.10/dist-packages/px4_msgs/msg/_telemetry_status.py\n'}
[1.769327] (px4_msgs) StdoutLine: {'line': b'-- Up-to-date: /home/stepan/ws_ros2/install/px4_msgs/local/lib/python3.10/dist-packages/px4_msgs/msg/_gimbal_device_attitude_status_s.c\n'}
[1.769404] (px4_msgs) StdoutLine: {'line': b'-- Up-to-date: /home/stepan/ws_ros2/install/px4_msgs/local/lib/python3.10/dist-packages/px4_msgs/msg/_rover_steering_setpoint_s.c\n'}
[1.769464] (px4_msgs) StdoutLine: {'line': b'-- Up-to-date: /home/stepan/ws_ros2/install/px4_msgs/local/lib/python3.10/dist-packages/px4_msgs/msg/_collision_constraints.py\n'}
[1.769572] (px4_msgs) StdoutLine: {'line': b'-- Up-to-date: /home/stepan/ws_ros2/install/px4_msgs/local/lib/python3.10/dist-packages/px4_msgs/msg/_open_drone_id_system.py\n'}
[1.769627] (px4_msgs) StdoutLine: {'line': b'-- Up-to-date: /home/stepan/ws_ros2/install/px4_msgs/local/lib/python3.10/dist-packages/px4_msgs/msg/_ackermann_velocity_setpoint.py\n'}
[1.769678] (px4_msgs) StdoutLine: {'line': b'-- Up-to-date: /home/stepan/ws_ros2/install/px4_msgs/local/lib/python3.10/dist-packages/px4_msgs/msg/_vehicle_attitude_setpoint.py\n'}
[1.769731] (px4_msgs) StdoutLine: {'line': b'-- Up-to-date: /home/stepan/ws_ros2/install/px4_msgs/local/lib/python3.10/dist-packages/px4_msgs/msg/_flight_phase_estimation.py\n'}
[1.769808] (px4_msgs) StdoutLine: {'line': b'-- Up-to-date: /home/stepan/ws_ros2/install/px4_msgs/local/lib/python3.10/dist-packages/px4_msgs/msg/_rover_attitude_setpoint_s.c\n'}
[1.769859] (px4_msgs) StdoutLine: {'line': b'-- Up-to-date: /home/stepan/ws_ros2/install/px4_msgs/local/lib/python3.10/dist-packages/px4_msgs/msg/_vehicle_roi.py\n'}
[1.769911] (px4_msgs) StdoutLine: {'line': b'-- Up-to-date: /home/stepan/ws_ros2/install/px4_msgs/local/lib/python3.10/dist-packages/px4_msgs/msg/_sensor_gyro_fft.py\n'}
[1.769963] (px4_msgs) StdoutLine: {'line': b'-- Up-to-date: /home/stepan/ws_ros2/install/px4_msgs/local/lib/python3.10/dist-packages/px4_msgs/msg/_rpm.py\n'}
[1.770015] (px4_msgs) StdoutLine: {'line': b'-- Up-to-date: /home/stepan/ws_ros2/install/px4_msgs/local/lib/python3.10/dist-packages/px4_msgs/msg/_vehicle_attitude_setpoint_s.c\n'}
[1.770067] (px4_msgs) StdoutLine: {'line': b'-- Up-to-date: /home/stepan/ws_ros2/install/px4_msgs/local/lib/python3.10/dist-packages/px4_msgs/msg/_vehicle_constraints_s.c\n'}
[1.770126] (px4_msgs) StdoutLine: {'line': b'-- Up-to-date: /home/stepan/ws_ros2/install/px4_msgs/local/lib/python3.10/dist-packages/px4_msgs/msg/_event_s.c\n'}
[1.770183] (px4_msgs) StdoutLine: {'line': b'-- Up-to-date: /home/stepan/ws_ros2/install/px4_msgs/local/lib/python3.10/dist-packages/px4_msgs/msg/_landing_target_innovations_s.c\n'}
[1.770238] (px4_msgs) StdoutLine: {'line': b'-- Up-to-date: /home/stepan/ws_ros2/install/px4_msgs/local/lib/python3.10/dist-packages/px4_msgs/msg/_pure_pursuit_status_s.c\n'}
[1.770293] (px4_msgs) StdoutLine: {'line': b'-- Up-to-date: /home/stepan/ws_ros2/install/px4_msgs/local/lib/python3.10/dist-packages/px4_msgs/msg/_debug_array.py\n'}
[1.770348] (px4_msgs) StdoutLine: {'line': b'-- Up-to-date: /home/stepan/ws_ros2/install/px4_msgs/local/lib/python3.10/dist-packages/px4_msgs/msg/_actuator_armed_s.c\n'}
[1.770422] (px4_msgs) StdoutLine: {'line': b'-- Up-to-date: /home/stepan/ws_ros2/install/px4_msgs/local/lib/python3.10/dist-packages/px4_msgs/msg/_ulog_stream_ack.py\n'}
[1.770479] (px4_msgs) StdoutLine: {'line': b'-- Up-to-date: /home/stepan/ws_ros2/install/px4_msgs/local/lib/python3.10/dist-packages/px4_msgs/msg/_gimbal_controls_s.c\n'}
[1.770533] (px4_msgs) StdoutLine: {'line': b'-- Up-to-date: /home/stepan/ws_ros2/install/px4_msgs/local/lib/python3.10/dist-packages/px4_msgs/msg/_vehicle_status.py\n'}
[1.770587] (px4_msgs) StdoutLine: {'line': b'-- Up-to-date: /home/stepan/ws_ros2/install/px4_msgs/local/lib/python3.10/dist-packages/px4_msgs/msg/_actuator_controls_status.py\n'}
[1.770642] (px4_msgs) StdoutLine: {'line': b'-- Up-to-date: /home/stepan/ws_ros2/install/px4_msgs/local/lib/python3.10/dist-packages/px4_msgs/msg/_estimator_status_flags_s.c\n'}
[1.770696] (px4_msgs) StdoutLine: {'line': b'-- Up-to-date: /home/stepan/ws_ros2/install/px4_msgs/local/lib/python3.10/dist-packages/px4_msgs/msg/_mission_result_s.c\n'}
[1.770751] (px4_msgs) StdoutLine: {'line': b'-- Up-to-date: /home/stepan/ws_ros2/install/px4_msgs/local/lib/python3.10/dist-packages/px4_msgs/msg/_vehicle_torque_setpoint_s.c\n'}
[1.770805] (px4_msgs) StdoutLine: {'line': b'-- Up-to-date: /home/stepan/ws_ros2/install/px4_msgs/local/lib/python3.10/dist-packages/px4_msgs/msg/_airspeed_wind_s.c\n'}
[1.770859] (px4_msgs) StdoutLine: {'line': b'-- Up-to-date: /home/stepan/ws_ros2/install/px4_msgs/local/lib/python3.10/dist-packages/px4_msgs/msg/_message_format_request_s.c\n'}
[1.770913] (px4_msgs) StdoutLine: {'line': b'-- Up-to-date: /home/stepan/ws_ros2/install/px4_msgs/local/lib/python3.10/dist-packages/px4_msgs/msg/_mount_orientation_s.c\n'}
[1.770967] (px4_msgs) StdoutLine: {'line': b'-- Up-to-date: /home/stepan/ws_ros2/install/px4_msgs/local/lib/python3.10/dist-packages/px4_msgs/msg/_gimbal_device_set_attitude.py\n'}
[1.771023] (px4_msgs) StdoutLine: {'line': b'-- Up-to-date: /home/stepan/ws_ros2/install/px4_msgs/local/lib/python3.10/dist-packages/px4_msgs/msg/_vehicle_thrust_setpoint_s.c\n'}
[1.771080] (px4_msgs) StdoutLine: {'line': b'-- Up-to-date: /home/stepan/ws_ros2/install/px4_msgs/local/lib/python3.10/dist-packages/px4_msgs/msg/_sensor_selection_s.c\n'}
[1.771184] (px4_msgs) StdoutLine: {'line': b'-- Up-to-date: /home/stepan/ws_ros2/install/px4_msgs/local/lib/python3.10/dist-packages/px4_msgs/msg/_magnetometer_bias_estimate_s.c\n'}
[1.771236] (px4_msgs) StdoutLine: {'line': b'-- Up-to-date: /home/stepan/ws_ros2/install/px4_msgs/local/lib/python3.10/dist-packages/px4_msgs/msg/_position_controller_status_s.c\n'}
[1.771288] (px4_msgs) StdoutLine: {'line': b'-- Up-to-date: /home/stepan/ws_ros2/install/px4_msgs/local/lib/python3.10/dist-packages/px4_msgs/msg/_estimator_bias.py\n'}
[1.771343] (px4_msgs) StdoutLine: {'line': b'-- Up-to-date: /home/stepan/ws_ros2/install/px4_msgs/local/lib/python3.10/dist-packages/px4_msgs/msg/_cpuload.py\n'}
[1.771410] (px4_msgs) StdoutLine: {'line': b'-- Up-to-date: /home/stepan/ws_ros2/install/px4_msgs/local/lib/python3.10/dist-packages/px4_msgs/msg/_gimbal_manager_status_s.c\n'}
[1.771464] (px4_msgs) StdoutLine: {'line': b'-- Up-to-date: /home/stepan/ws_ros2/install/px4_msgs/local/lib/python3.10/dist-packages/px4_msgs/msg/_sensor_uwb.py\n'}
[1.771520] (px4_msgs) StdoutLine: {'line': b'-- Up-to-date: /home/stepan/ws_ros2/install/px4_msgs/local/lib/python3.10/dist-packages/px4_msgs/msg/_sensor_gps_s.c\n'}
[1.771575] (px4_msgs) StdoutLine: {'line': b'-- Up-to-date: /home/stepan/ws_ros2/install/px4_msgs/local/lib/python3.10/dist-packages/px4_msgs/msg/_control_allocator_status.py\n'}
[1.771631] (px4_msgs) StdoutLine: {'line': b'-- Up-to-date: /home/stepan/ws_ros2/install/px4_msgs/local/lib/python3.10/dist-packages/px4_msgs/msg/_camera_status_s.c\n'}
[1.771686] (px4_msgs) StdoutLine: {'line': b'-- Up-to-date: /home/stepan/ws_ros2/install/px4_msgs/local/lib/python3.10/dist-packages/px4_msgs/msg/_gpio_request_s.c\n'}
[1.771744] (px4_msgs) StdoutLine: {'line': b'-- Up-to-date: /home/stepan/ws_ros2/install/px4_msgs/local/lib/python3.10/dist-packages/px4_msgs/msg/_qshell_req.py\n'}
[1.771799] (px4_msgs) StdoutLine: {'line': b'-- Up-to-date: /home/stepan/ws_ros2/install/px4_msgs/local/lib/python3.10/dist-packages/px4_msgs/msg/_mission.py\n'}
[1.771854] (px4_msgs) StdoutLine: {'line': b'-- Up-to-date: /home/stepan/ws_ros2/install/px4_msgs/local/lib/python3.10/dist-packages/px4_msgs/msg/_ulog_stream_s.c\n'}
[1.771908] (px4_msgs) StdoutLine: {'line': b'-- Up-to-date: /home/stepan/ws_ros2/install/px4_msgs/local/lib/python3.10/dist-packages/px4_msgs/msg/_landing_gear_wheel.py\n'}
[1.771962] (px4_msgs) StdoutLine: {'line': b'-- Up-to-date: /home/stepan/ws_ros2/install/px4_msgs/local/lib/python3.10/dist-packages/px4_msgs/msg/_sensor_correction.py\n'}
[1.772024] (px4_msgs) StdoutLine: {'line': b'-- Up-to-date: /home/stepan/ws_ros2/install/px4_msgs/local/lib/python3.10/dist-packages/px4_msgs/msg/_sensor_hygrometer.py\n'}
[1.772081] (px4_msgs) StdoutLine: {'line': b'-- Up-to-date: /home/stepan/ws_ros2/install/px4_msgs/local/lib/python3.10/dist-packages/px4_msgs/msg/_pps_capture_s.c\n'}
[1.772137] (px4_msgs) StdoutLine: {'line': b'-- Up-to-date: /home/stepan/ws_ros2/install/px4_msgs/local/lib/python3.10/dist-packages/px4_msgs/msg/_px4io_status_s.c\n'}
[1.772192] (px4_msgs) StdoutLine: {'line': b'-- Up-to-date: /home/stepan/ws_ros2/install/px4_msgs/local/lib/python3.10/dist-packages/px4_msgs/msg/_sensor_gnss_relative_s.c\n'}
[1.772250] (px4_msgs) StdoutLine: {'line': b'-- Up-to-date: /home/stepan/ws_ros2/install/px4_msgs/local/lib/python3.10/dist-packages/px4_msgs/msg/_npfg_status.py\n'}
[1.772314] (px4_msgs) StdoutLine: {'line': b'-- Up-to-date: /home/stepan/ws_ros2/install/px4_msgs/local/lib/python3.10/dist-packages/px4_msgs/msg/_geofence_result.py\n'}
[1.772426] (px4_msgs) StdoutLine: {'line': b'-- Up-to-date: /home/stepan/ws_ros2/install/px4_msgs/local/lib/python3.10/dist-packages/px4_msgs/msg/_trajectory_setpoint.py\n'}
[1.772491] (px4_msgs) StdoutLine: {'line': b'-- Up-to-date: /home/stepan/ws_ros2/install/px4_msgs/local/lib/python3.10/dist-packages/px4_msgs/msg/_landing_target_pose_s.c\n'}
[1.772546] (px4_msgs) StdoutLine: {'line': b'-- Up-to-date: /home/stepan/ws_ros2/install/px4_msgs/local/lib/python3.10/dist-packages/px4_msgs/msg/_sensor_preflight_mag.py\n'}
[1.772618] (px4_msgs) StdoutLine: {'line': b'-- Up-to-date: /home/stepan/ws_ros2/install/px4_msgs/local/lib/python3.10/dist-packages/px4_msgs/msg/_adc_report.py\n'}
[1.772670] (px4_msgs) StdoutLine: {'line': b'-- Up-to-date: /home/stepan/ws_ros2/install/px4_msgs/local/lib/python3.10/dist-packages/px4_msgs/msg/_mag_worker_data_s.c\n'}
[1.772723] (px4_msgs) StdoutLine: {'line': b'-- Up-to-date: /home/stepan/ws_ros2/install/px4_msgs/local/lib/python3.10/dist-packages/px4_msgs/msg/_timesync_status_s.c\n'}
[1.772798] (px4_msgs) StdoutLine: {'line': b'-- Up-to-date: /home/stepan/ws_ros2/install/px4_msgs/local/lib/python3.10/dist-packages/px4_msgs/msg/_manual_control_switches.py\n'}
[1.772883] (px4_msgs) StdoutLine: {'line': b'-- Up-to-date: /home/stepan/ws_ros2/install/px4_msgs/local/lib/python3.10/dist-packages/px4_msgs/msg/_debug_key_value_s.c\n'}
[1.772975] (px4_msgs) StdoutLine: {'line': b'-- Up-to-date: /home/stepan/ws_ros2/install/px4_msgs/local/lib/python3.10/dist-packages/px4_msgs/msg/_follow_target_estimator.py\n'}
[1.773075] (px4_msgs) StdoutLine: {'line': b'-- Up-to-date: /home/stepan/ws_ros2/install/px4_msgs/local/lib/python3.10/dist-packages/px4_msgs/msg/_vehicle_torque_setpoint.py\n'}
[1.773182] (px4_msgs) StdoutLine: {'line': b'-- Up-to-date: /home/stepan/ws_ros2/install/px4_msgs/local/lib/python3.10/dist-packages/px4_msgs/msg/_config_overrides.py\n'}
[1.773247] (px4_msgs) StdoutLine: {'line': b'-- Up-to-date: /home/stepan/ws_ros2/install/px4_msgs/local/lib/python3.10/dist-packages/px4_msgs/msg/_obstacle_distance.py\n'}
[1.773305] (px4_msgs) StdoutLine: {'line': b'-- Up-to-date: /home/stepan/ws_ros2/install/px4_msgs/local/lib/python3.10/dist-packages/px4_msgs/msg/_vehicle_status_s.c\n'}
[1.773424] (px4_msgs) StdoutLine: {'line': b'-- Up-to-date: /home/stepan/ws_ros2/install/px4_msgs/local/lib/python3.10/dist-packages/px4_msgs/msg/_hover_thrust_estimate_s.c\n'}
[1.773487] (px4_msgs) StdoutLine: {'line': b'-- Up-to-date: /home/stepan/ws_ros2/install/px4_msgs/local/lib/python3.10/dist-packages/px4_msgs/msg/_rate_ctrl_status.py\n'}
[1.773540] (px4_msgs) StdoutLine: {'line': b'-- Up-to-date: /home/stepan/ws_ros2/install/px4_msgs/local/lib/python3.10/dist-packages/px4_msgs/msg/_gpio_config_s.c\n'}
[1.773592] (px4_msgs) StdoutLine: {'line': b'-- Up-to-date: /home/stepan/ws_ros2/install/px4_msgs/local/lib/python3.10/dist-packages/px4_msgs/msg/_arming_check_request.py\n'}
[1.773675] (px4_msgs) StdoutLine: {'line': b'-- Up-to-date: /home/stepan/ws_ros2/install/px4_msgs/local/lib/python3.10/dist-packages/px4_msgs/msg/_camera_trigger_s.c\n'}
[1.773727] (px4_msgs) StdoutLine: {'line': b'-- Up-to-date: /home/stepan/ws_ros2/install/px4_msgs/local/lib/python3.10/dist-packages/px4_msgs/msg/_camera_status.py\n'}
[1.773778] (px4_msgs) StdoutLine: {'line': b'-- Up-to-date: /home/stepan/ws_ros2/install/px4_msgs/local/lib/python3.10/dist-packages/px4_msgs/msg/_satellite_info.py\n'}
[1.773829] (px4_msgs) StdoutLine: {'line': b'-- Up-to-date: /home/stepan/ws_ros2/install/px4_msgs/local/lib/python3.10/dist-packages/px4_msgs/msg/_pure_pursuit_status.py\n'}
[1.773879] (px4_msgs) StdoutLine: {'line': b'-- Up-to-date: /home/stepan/ws_ros2/install/px4_msgs/local/lib/python3.10/dist-packages/px4_msgs/msg/_airspeed_s.c\n'}
[1.773929] (px4_msgs) StdoutLine: {'line': b'-- Up-to-date: /home/stepan/ws_ros2/install/px4_msgs/local/lib/python3.10/dist-packages/px4_msgs/msg/_button_event.py\n'}
[1.773983] (px4_msgs) StdoutLine: {'line': b'-- Up-to-date: /home/stepan/ws_ros2/install/px4_msgs/local/lib/python3.10/dist-packages/px4_msgs/msg/_rover_rate_setpoint.py\n'}
[1.774037] (px4_msgs) StdoutLine: {'line': b'-- Up-to-date: /home/stepan/ws_ros2/install/px4_msgs/local/lib/python3.10/dist-packages/px4_msgs/msg/_power_monitor_s.c\n'}
[1.774092] (px4_msgs) StdoutLine: {'line': b'-- Up-to-date: /home/stepan/ws_ros2/install/px4_msgs/local/lib/python3.10/dist-packages/px4_msgs/msg/_actuator_outputs_s.c\n'}
[1.774147] (px4_msgs) StdoutLine: {'line': b'-- Up-to-date: /home/stepan/ws_ros2/install/px4_msgs/local/lib/python3.10/dist-packages/px4_msgs/msg/_sensor_preflight_mag_s.c\n'}
[1.774230] (px4_msgs) StdoutLine: {'line': b'-- Up-to-date: /home/stepan/ws_ros2/install/px4_msgs/local/lib/python3.10/dist-packages/px4_msgs/msg/_navigator_status_s.c\n'}
[1.774288] (px4_msgs) StdoutLine: {'line': b'-- Up-to-date: /home/stepan/ws_ros2/install/px4_msgs/local/lib/python3.10/dist-packages/px4_msgs/msg/_dataman_response_s.c\n'}
[1.774339] (px4_msgs) StdoutLine: {'line': b'-- Up-to-date: /home/stepan/ws_ros2/install/px4_msgs/local/lib/python3.10/dist-packages/px4_msgs/msg/_position_setpoint_triplet_s.c\n'}
[1.774412] (px4_msgs) StdoutLine: {'line': b'-- Up-to-date: /home/stepan/ws_ros2/install/px4_msgs/local/lib/python3.10/dist-packages/px4_msgs/msg/_sensor_gyro_s.c\n'}
[1.774470] (px4_msgs) StdoutLine: {'line': b'-- Up-to-date: /home/stepan/ws_ros2/install/px4_msgs/local/lib/python3.10/dist-packages/px4_msgs/msg/_parameter_set_used_request.py\n'}
[1.774525] (px4_msgs) StdoutLine: {'line': b'-- Up-to-date: /home/stepan/ws_ros2/install/px4_msgs/local/lib/python3.10/dist-packages/px4_msgs/msg/_parameter_reset_request_s.c\n'}
[1.774580] (px4_msgs) StdoutLine: {'line': b'-- Up-to-date: /home/stepan/ws_ros2/install/px4_msgs/local/lib/python3.10/dist-packages/px4_msgs/msg/_actuator_servos_trim_s.c\n'}
[1.774636] (px4_msgs) StdoutLine: {'line': b'-- Up-to-date: /home/stepan/ws_ros2/install/px4_msgs/local/lib/python3.10/dist-packages/px4_msgs/msg/_cellular_status.py\n'}
[1.774692] (px4_msgs) StdoutLine: {'line': b'-- Up-to-date: /home/stepan/ws_ros2/install/px4_msgs/local/lib/python3.10/dist-packages/px4_msgs/msg/_task_stack_info_s.c\n'}
[1.774748] (px4_msgs) StdoutLine: {'line': b'-- Up-to-date: /home/stepan/ws_ros2/install/px4_msgs/local/lib/python3.10/dist-packages/px4_msgs/msg/_position_setpoint_s.c\n'}
[1.774804] (px4_msgs) StdoutLine: {'line': b'-- Up-to-date: /home/stepan/ws_ros2/install/px4_msgs/local/lib/python3.10/dist-packages/px4_msgs/msg/_follow_target.py\n'}
[1.774860] (px4_msgs) StdoutLine: {'line': b'-- Up-to-date: /home/stepan/ws_ros2/install/px4_msgs/local/lib/python3.10/dist-packages/px4_msgs/msg/_transponder_report.py\n'}
[1.774915] (px4_msgs) StdoutLine: {'line': b'-- Up-to-date: /home/stepan/ws_ros2/install/px4_msgs/local/lib/python3.10/dist-packages/px4_msgs/msg/_takeoff_status_s.c\n'}
[1.774970] (px4_msgs) StdoutLine: {'line': b'-- Up-to-date: /home/stepan/ws_ros2/install/px4_msgs/local/lib/python3.10/dist-packages/px4_msgs/msg/_vehicle_global_position_s.c\n'}
[1.775025] (px4_msgs) StdoutLine: {'line': b'-- Up-to-date: /home/stepan/ws_ros2/install/px4_msgs/local/lib/python3.10/dist-packages/px4_msgs/msg/_vehicle_air_data_s.c\n'}
[1.775080] (px4_msgs) StdoutLine: {'line': b'-- Up-to-date: /home/stepan/ws_ros2/install/px4_msgs/local/lib/python3.10/dist-packages/px4_msgs/msg/_mavlink_log_s.c\n'}
[1.775135] (px4_msgs) StdoutLine: {'line': b'-- Up-to-date: /home/stepan/ws_ros2/install/px4_msgs/local/lib/python3.10/dist-packages/px4_msgs/msg/_arming_check_reply_s.c\n'}
[1.775238] (px4_msgs) StdoutLine: {'line': b'-- Up-to-date: /home/stepan/ws_ros2/install/px4_msgs/local/lib/python3.10/dist-packages/px4_msgs/msg/_manual_control_switches_s.c\n'}
[1.775291] (px4_msgs) StdoutLine: {'line': b'-- Up-to-date: /home/stepan/ws_ros2/install/px4_msgs/local/lib/python3.10/dist-packages/px4_msgs/msg/_geofence_status_s.c\n'}
[1.775342] (px4_msgs) StdoutLine: {'line': b'-- Up-to-date: /home/stepan/ws_ros2/install/px4_msgs/local/lib/python3.10/dist-packages/px4_msgs/msg/_led_control.py\n'}
[1.775417] (px4_msgs) StdoutLine: {'line': b'-- Up-to-date: /home/stepan/ws_ros2/install/px4_msgs/local/lib/python3.10/dist-packages/px4_msgs/msg/_vehicle_acceleration.py\n'}
[1.775473] (px4_msgs) StdoutLine: {'line': b'-- Up-to-date: /home/stepan/ws_ros2/install/px4_msgs/local/lib/python3.10/dist-packages/px4_msgs/msg/_rover_attitude_setpoint.py\n'}
[1.775528] (px4_msgs) StdoutLine: {'line': b'-- Up-to-date: /home/stepan/ws_ros2/install/px4_msgs/local/lib/python3.10/dist-packages/px4_msgs/msg/_gimbal_manager_status.py\n'}
[1.775582] (px4_msgs) StdoutLine: {'line': b'-- Up-to-date: /home/stepan/ws_ros2/install/px4_msgs/local/lib/python3.10/dist-packages/px4_msgs/msg/_sensor_gnss_relative.py\n'}
[1.775661] (px4_msgs) StdoutLine: {'line': b'-- Up-to-date: /home/stepan/ws_ros2/install/px4_msgs/local/lib/python3.10/dist-packages/px4_msgs/msg/_airspeed_validated_s.c\n'}
[1.775713] (px4_msgs) StdoutLine: {'line': b'-- Up-to-date: /home/stepan/ws_ros2/install/px4_msgs/local/lib/python3.10/dist-packages/px4_msgs/msg/_debug_vect.py\n'}
[1.775763] (px4_msgs) StdoutLine: {'line': b'-- Up-to-date: /home/stepan/ws_ros2/install/px4_msgs/local/lib/python3.10/dist-packages/px4_msgs/msg/_sensor_optical_flow.py\n'}
[1.775814] (px4_msgs) StdoutLine: {'line': b'-- Up-to-date: /home/stepan/ws_ros2/install/px4_msgs/local/lib/python3.10/dist-packages/px4_msgs/msg/_esc_report.py\n'}
[1.775868] (px4_msgs) StdoutLine: {'line': b'-- Up-to-date: /home/stepan/ws_ros2/install/px4_msgs/local/lib/python3.10/dist-packages/px4_msgs/msg/_actuator_outputs.py\n'}
[1.775923] (px4_msgs) StdoutLine: {'line': b'-- Up-to-date: /home/stepan/ws_ros2/install/px4_msgs/local/lib/python3.10/dist-packages/px4_msgs/msg/_actuator_test_s.c\n'}
[1.775979] (px4_msgs) StdoutLine: {'line': b'-- Up-to-date: /home/stepan/ws_ros2/install/px4_msgs/local/lib/python3.10/dist-packages/px4_msgs/msg/_sensor_baro_s.c\n'}
[1.776034] (px4_msgs) StdoutLine: {'line': b'-- Up-to-date: /home/stepan/ws_ros2/install/px4_msgs/local/lib/python3.10/dist-packages/px4_msgs/msg/_tune_control_s.c\n'}
[1.776089] (px4_msgs) StdoutLine: {'line': b'-- Up-to-date: /home/stepan/ws_ros2/install/px4_msgs/local/lib/python3.10/dist-packages/px4_msgs/msg/_normalized_unsigned_setpoint.py\n'}
[1.776144] (px4_msgs) StdoutLine: {'line': b'-- Up-to-date: /home/stepan/ws_ros2/install/px4_msgs/local/lib/python3.10/dist-packages/px4_msgs/msg/_mavlink_tunnel_s.c\n'}
[1.776228] (px4_msgs) StdoutLine: {'line': b'-- Up-to-date: /home/stepan/ws_ros2/install/px4_msgs/local/lib/python3.10/dist-packages/px4_msgs/msg/_adc_report_s.c\n'}
[1.776282] (px4_msgs) StdoutLine: {'line': b'-- Up-to-date: /home/stepan/ws_ros2/install/px4_msgs/local/lib/python3.10/dist-packages/px4_msgs/msg/_estimator_bias3d.py\n'}
[1.776427] (px4_msgs) StdoutLine: {'line': b'-- Up-to-date: /home/stepan/ws_ros2/install/px4_msgs/local/lib/python3.10/dist-packages/px4_msgs/msg/_parameter_update.py\n'}
[1.776512] (px4_msgs) StdoutLine: {'line': b'-- Up-to-date: /home/stepan/ws_ros2/install/px4_msgs/local/lib/python3.10/dist-packages/px4_msgs/msg/_position_controller_landing_status_s.c\n'}
[1.776574] (px4_msgs) StdoutLine: {'line': b'-- Up-to-date: /home/stepan/ws_ros2/install/px4_msgs/local/lib/python3.10/dist-packages/px4_msgs/msg/_wind.py\n'}
[1.776631] (px4_msgs) StdoutLine: {'line': b'-- Up-to-date: /home/stepan/ws_ros2/install/px4_msgs/local/lib/python3.10/dist-packages/px4_msgs/msg/_input_rc_s.c\n'}
[1.776687] (px4_msgs) StdoutLine: {'line': b'-- Up-to-date: /home/stepan/ws_ros2/install/px4_msgs/local/lib/python3.10/dist-packages/px4_msgs/msg/_uavcan_parameter_request_s.c\n'}
[1.776744] (px4_msgs) StdoutLine: {'line': b'-- Up-to-date: /home/stepan/ws_ros2/install/px4_msgs/local/lib/python3.10/dist-packages/px4_msgs/msg/_velocity_limits_s.c\n'}
[1.776800] (px4_msgs) StdoutLine: {'line': b'-- Up-to-date: /home/stepan/ws_ros2/install/px4_msgs/local/lib/python3.10/dist-packages/px4_msgs/msg/_gpio_request.py\n'}
[1.776872] (px4_msgs) StdoutLine: {'line': b'-- Up-to-date: /home/stepan/ws_ros2/install/px4_msgs/local/lib/python3.10/dist-packages/px4_msgs/msg/__init__.py\n'}
[1.776968] (px4_msgs) StdoutLine: {'line': b'-- Up-to-date: /home/stepan/ws_ros2/install/px4_msgs/local/lib/python3.10/dist-packages/px4_msgs/msg/_orb_test_medium.py\n'}
[1.777054] (px4_msgs) StdoutLine: {'line': b'-- Up-to-date: /home/stepan/ws_ros2/install/px4_msgs/local/lib/python3.10/dist-packages/px4_msgs/msg/_power_button_state_s.c\n'}
[1.777141] (px4_msgs) StdoutLine: {'line': b'-- Up-to-date: /home/stepan/ws_ros2/install/px4_msgs/local/lib/python3.10/dist-packages/px4_msgs/msg/_sensor_gyro_fft_s.c\n'}
[1.777244] (px4_msgs) StdoutLine: {'line': b'-- Up-to-date: /home/stepan/ws_ros2/install/px4_msgs/local/lib/python3.10/dist-packages/px4_msgs/msg/_gps_dump.py\n'}
[1.777377] (px4_msgs) StdoutLine: {'line': b'-- Up-to-date: /home/stepan/ws_ros2/install/px4_msgs/local/lib/python3.10/dist-packages/px4_msgs/msg/_landing_gear_s.c\n'}
[1.777441] (px4_msgs) StdoutLine: {'line': b'-- Up-to-date: /home/stepan/ws_ros2/install/px4_msgs/local/lib/python3.10/dist-packages/px4_msgs/msg/_led_control_s.c\n'}
[1.777493] (px4_msgs) StdoutLine: {'line': b'-- Up-to-date: /home/stepan/ws_ros2/install/px4_msgs/local/lib/python3.10/dist-packages/px4_msgs/msg/_airspeed_validated.py\n'}
[1.777545] (px4_msgs) StdoutLine: {'line': b'-- Up-to-date: /home/stepan/ws_ros2/install/px4_msgs/local/lib/python3.10/dist-packages/px4_msgs/msg/_gripper_s.c\n'}
[1.777596] (px4_msgs) StdoutLine: {'line': b'-- Up-to-date: /home/stepan/ws_ros2/install/px4_msgs/local/lib/python3.10/dist-packages/px4_msgs/msg/_estimator_status_flags.py\n'}
[1.777648] (px4_msgs) StdoutLine: {'line': b'-- Up-to-date: /home/stepan/ws_ros2/install/px4_msgs/local/lib/python3.10/dist-packages/px4_msgs/msg/_unregister_ext_component.py\n'}
[1.777705] (px4_msgs) StdoutLine: {'line': b'-- Up-to-date: /home/stepan/ws_ros2/install/px4_msgs/local/lib/python3.10/dist-packages/px4_msgs/msg/_vehicle_odometry_s.c\n'}
[1.777761] (px4_msgs) StdoutLine: {'line': b'-- Up-to-date: /home/stepan/ws_ros2/install/px4_msgs/local/lib/python3.10/dist-packages/px4_msgs/msg/_sensor_mag_s.c\n'}
[1.777816] (px4_msgs) StdoutLine: {'line': b'-- Up-to-date: /home/stepan/ws_ros2/install/px4_msgs/local/lib/python3.10/dist-packages/px4_msgs/msg/_parameter_update_s.c\n'}
[1.777871] (px4_msgs) StdoutLine: {'line': b'-- Up-to-date: /home/stepan/ws_ros2/install/px4_msgs/local/lib/python3.10/dist-packages/px4_msgs/msg/_sensors_status_imu_s.c\n'}
[1.777927] (px4_msgs) StdoutLine: {'line': b'-- Up-to-date: /home/stepan/ws_ros2/install/px4_msgs/local/lib/python3.10/dist-packages/px4_msgs/msg/_rtl_time_estimate.py\n'}
[1.777982] (px4_msgs) StdoutLine: {'line': b'-- Up-to-date: /home/stepan/ws_ros2/install/px4_msgs/local/lib/python3.10/dist-packages/px4_msgs/msg/_estimator_event_flags.py\n'}
[1.778038] (px4_msgs) StdoutLine: {'line': b'-- Up-to-date: /home/stepan/ws_ros2/install/px4_msgs/local/lib/python3.10/dist-packages/px4_msgs/msg/_satellite_info_s.c\n'}
[1.778093] (px4_msgs) StdoutLine: {'line': b'-- Up-to-date: /home/stepan/ws_ros2/install/px4_msgs/local/lib/python3.10/dist-packages/px4_msgs/msg/_irlock_report.py\n'}
[1.778149] (px4_msgs) StdoutLine: {'line': b'-- Up-to-date: /home/stepan/ws_ros2/install/px4_msgs/local/lib/python3.10/dist-packages/px4_msgs/msg/_log_message_s.c\n'}
[1.778203] (px4_msgs) StdoutLine: {'line': b'-- Up-to-date: /home/stepan/ws_ros2/install/px4_msgs/local/lib/python3.10/dist-packages/px4_msgs/msg/_health_report.py\n'}
[1.778258] (px4_msgs) StdoutLine: {'line': b'-- Up-to-date: /home/stepan/ws_ros2/install/px4_msgs/local/lib/python3.10/dist-packages/px4_msgs/msg/_sensor_gyro_fifo_s.c\n'}
[1.778313] (px4_msgs) StdoutLine: {'line': b'-- Up-to-date: /home/stepan/ws_ros2/install/px4_msgs/local/lib/python3.10/dist-packages/px4_msgs/msg/_debug_vect_s.c\n'}
[1.778374] (px4_msgs) StdoutLine: {'line': b'-- Up-to-date: /home/stepan/ws_ros2/install/px4_msgs/local/lib/python3.10/dist-packages/px4_msgs/msg/_mode_completed.py\n'}
[1.778436] (px4_msgs) StdoutLine: {'line': b'-- Up-to-date: /home/stepan/ws_ros2/install/px4_msgs/local/lib/python3.10/dist-packages/px4_msgs/msg/_actuator_servos_s.c\n'}
[1.778603] (px4_msgs) StdoutLine: {'line': b'-- Up-to-date: /home/stepan/ws_ros2/install/px4_msgs/local/lib/python3.10/dist-packages/px4_msgs/msg/_sensor_gyro.py\n'}
[1.778674] (px4_msgs) StdoutLine: {'line': b'-- Up-to-date: /home/stepan/ws_ros2/install/px4_msgs/local/lib/python3.10/dist-packages/px4_msgs/msg/_goto_setpoint.py\n'}
[1.778730] (px4_msgs) StdoutLine: {'line': b'-- Up-to-date: /home/stepan/ws_ros2/install/px4_msgs/local/lib/python3.10/dist-packages/px4_msgs/msg/_irlock_report_s.c\n'}
[1.778783] (px4_msgs) StdoutLine: {'line': b'-- Up-to-date: /home/stepan/ws_ros2/install/px4_msgs/local/lib/python3.10/dist-packages/px4_msgs/msg/_obstacle_distance_s.c\n'}
[1.778843] (px4_msgs) StdoutLine: {'line': b'-- Up-to-date: /home/stepan/ws_ros2/install/px4_msgs/local/lib/python3.10/dist-packages/px4_msgs/msg/_wheel_encoders.py\n'}
[1.778901] (px4_msgs) StdoutLine: {'line': b'-- Up-to-date: /home/stepan/ws_ros2/install/px4_msgs/local/lib/python3.10/dist-packages/px4_msgs/msg/_debug_key_value.py\n'}
[1.778957] (px4_msgs) StdoutLine: {'line': b'-- Up-to-date: /home/stepan/ws_ros2/install/px4_msgs/local/lib/python3.10/dist-packages/px4_msgs/msg/_ekf2_timestamps_s.c\n'}
[1.779012] (px4_msgs) StdoutLine: {'line': b'-- Up-to-date: /home/stepan/ws_ros2/install/px4_msgs/local/lib/python3.10/dist-packages/px4_msgs/msg/_navigator_mission_item_s.c\n'}
[1.779067] (px4_msgs) StdoutLine: {'line': b'-- Up-to-date: /home/stepan/ws_ros2/install/px4_msgs/local/lib/python3.10/dist-packages/px4_msgs/msg/_message_format_response.py\n'}
[1.779121] (px4_msgs) StdoutLine: {'line': b'-- Up-to-date: /home/stepan/ws_ros2/install/px4_msgs/local/lib/python3.10/dist-packages/px4_msgs/msg/_battery_status_s.c\n'}
[1.779176] (px4_msgs) StdoutLine: {'line': b'-- Up-to-date: /home/stepan/ws_ros2/install/px4_msgs/local/lib/python3.10/dist-packages/px4_msgs/msg/_estimator_innovations.py\n'}
[1.779231] (px4_msgs) StdoutLine: {'line': b'-- Up-to-date: /home/stepan/ws_ros2/install/px4_msgs/local/lib/python3.10/dist-packages/px4_msgs/msg/_mode_completed_s.c\n'}
[1.779312] (px4_msgs) StdoutLine: {'line': b'-- Up-to-date: /home/stepan/ws_ros2/install/px4_msgs/local/lib/python3.10/dist-packages/px4_msgs/msg/_sensor_airflow.py\n'}
[1.779382] (px4_msgs) StdoutLine: {'line': b'-- Up-to-date: /home/stepan/ws_ros2/install/px4_msgs/local/lib/python3.10/dist-packages/px4_msgs/msg/_vehicle_imu_status.py\n'}
[1.779471] (px4_msgs) StdoutLine: {'line': b'-- Up-to-date: /home/stepan/ws_ros2/install/px4_msgs/local/lib/python3.10/dist-packages/px4_msgs/msg/_actuator_motors_s.c\n'}
[1.779523] (px4_msgs) StdoutLine: {'line': b'-- Up-to-date: /home/stepan/ws_ros2/install/px4_msgs/local/lib/python3.10/dist-packages/px4_msgs/msg/_vehicle_global_position.py\n'}
[1.779574] (px4_msgs) StdoutLine: {'line': b'-- Up-to-date: /home/stepan/ws_ros2/install/px4_msgs/local/lib/python3.10/dist-packages/px4_msgs/msg/_follow_target_s.c\n'}
[1.779624] (px4_msgs) StdoutLine: {'line': b'-- Up-to-date: /home/stepan/ws_ros2/install/px4_msgs/local/lib/python3.10/dist-packages/px4_msgs/msg/_pwm_input_s.c\n'}
[1.779679] (px4_msgs) StdoutLine: {'line': b'-- Up-to-date: /home/stepan/ws_ros2/install/px4_msgs/local/lib/python3.10/dist-packages/px4_msgs/msg/_debug_array_s.c\n'}
[1.779733] (px4_msgs) StdoutLine: {'line': b'-- Up-to-date: /home/stepan/ws_ros2/install/px4_msgs/local/lib/python3.10/dist-packages/px4_msgs/msg/_distance_sensor_s.c\n'}
[1.779789] (px4_msgs) StdoutLine: {'line': b'-- Up-to-date: /home/stepan/ws_ros2/install/px4_msgs/local/lib/python3.10/dist-packages/px4_msgs/msg/_sensor_correction_s.c\n'}
[1.779844] (px4_msgs) StdoutLine: {'line': b'-- Up-to-date: /home/stepan/ws_ros2/install/px4_msgs/local/lib/python3.10/dist-packages/px4_msgs/msg/_failure_detector_status.py\n'}
[1.779898] (px4_msgs) StdoutLine: {'line': b'-- Up-to-date: /home/stepan/ws_ros2/install/px4_msgs/local/lib/python3.10/dist-packages/px4_msgs/msg/_open_drone_id_arm_status_s.c\n'}
[1.779956] (px4_msgs) StdoutLine: {'line': b'-- Up-to-date: /home/stepan/ws_ros2/install/px4_msgs/local/lib/python3.10/dist-packages/px4_msgs/msg/_sensor_baro.py\n'}
[1.780011] (px4_msgs) StdoutLine: {'line': b'-- Up-to-date: /home/stepan/ws_ros2/install/px4_msgs/local/lib/python3.10/dist-packages/px4_msgs/msg/_flight_phase_estimation_s.c\n'}
[1.780066] (px4_msgs) StdoutLine: {'line': b'-- Up-to-date: /home/stepan/ws_ros2/install/px4_msgs/local/lib/python3.10/dist-packages/px4_msgs/msg/_orb_test_large.py\n'}
[1.780121] (px4_msgs) StdoutLine: {'line': b'-- Up-to-date: /home/stepan/ws_ros2/install/px4_msgs/local/lib/python3.10/dist-packages/px4_msgs/msg/_vehicle_command_ack.py\n'}
[1.780209] (px4_msgs) StdoutLine: {'line': b'-- Up-to-date: /home/stepan/ws_ros2/install/px4_msgs/local/lib/python3.10/dist-packages/px4_msgs/msg/_launch_detection_status_s.c\n'}
[1.780275] (px4_msgs) StdoutLine: {'line': b'-- Up-to-date: /home/stepan/ws_ros2/install/px4_msgs/local/lib/python3.10/dist-packages/px4_msgs/msg/_uavcan_parameter_value.py\n'}
[1.780357] (px4_msgs) StdoutLine: {'line': b'-- Up-to-date: /home/stepan/ws_ros2/install/px4_msgs/local/lib/python3.10/dist-packages/px4_msgs/msg/_sensor_selection.py\n'}
[1.780509] (px4_msgs) StdoutLine: {'line': b'-- Up-to-date: /home/stepan/ws_ros2/install/px4_msgs/local/lib/python3.10/dist-packages/px4_msgs/msg/_ulog_stream.py\n'}
[1.780598] (px4_msgs) StdoutLine: {'line': b'-- Up-to-date: /home/stepan/ws_ros2/install/px4_msgs/local/lib/python3.10/dist-packages/px4_msgs/msg/_rover_attitude_status_s.c\n'}
[1.780693] (px4_msgs) StdoutLine: {'line': b'-- Up-to-date: /home/stepan/ws_ros2/install/px4_msgs/local/lib/python3.10/dist-packages/px4_msgs/msg/_log_message.py\n'}
[1.780801] (px4_msgs) StdoutLine: {'line': b'-- Up-to-date: /home/stepan/ws_ros2/install/px4_msgs/local/lib/python3.10/dist-packages/px4_msgs/msg/_px4io_status.py\n'}
[1.780902] (px4_msgs) StdoutLine: {'line': b'-- Up-to-date: /home/stepan/ws_ros2/install/px4_msgs/local/lib/python3.10/dist-packages/px4_msgs/msg/_system_power_s.c\n'}
[1.781037] (px4_msgs) StdoutLine: {'line': b'-- Up-to-date: /home/stepan/ws_ros2/install/px4_msgs/local/lib/python3.10/dist-packages/px4_msgs/msg/_gimbal_device_information_s.c\n'}
[1.781133] (px4_msgs) StdoutLine: {'line': b'-- Up-to-date: /home/stepan/ws_ros2/install/px4_msgs/local/lib/python3.10/dist-packages/px4_msgs/msg/_rover_position_setpoint.py\n'}
[1.781229] (px4_msgs) StdoutLine: {'line': b'-- Up-to-date: /home/stepan/ws_ros2/install/px4_msgs/local/lib/python3.10/dist-packages/px4_msgs/msg/_sensor_accel_s.c\n'}
[1.781318] (px4_msgs) StdoutLine: {'line': b'-- Up-to-date: /home/stepan/ws_ros2/install/px4_msgs/local/lib/python3.10/dist-packages/px4_msgs/msg/_register_ext_component_reply_s.c\n'}
[1.781396] (px4_msgs) StdoutLine: {'line': b'-- Up-to-date: /home/stepan/ws_ros2/install/px4_msgs/local/lib/python3.10/dist-packages/px4_msgs/msg/_failsafe_flags_s.c\n'}
[1.781459] (px4_msgs) StdoutLine: {'line': b'-- Up-to-date: /home/stepan/ws_ros2/install/px4_msgs/local/lib/python3.10/dist-packages/px4_msgs/msg/_estimator_innovations_s.c\n'}
[1.781515] (px4_msgs) StdoutLine: {'line': b'-- Up-to-date: /home/stepan/ws_ros2/install/px4_msgs/local/lib/python3.10/dist-packages/px4_msgs/msg/_position_setpoint.py\n'}
[1.781605] (px4_msgs) StdoutLine: {'line': b'-- Up-to-date: /home/stepan/ws_ros2/install/px4_msgs/local/lib/python3.10/dist-packages/px4_msgs/msg/_follow_target_status_s.c\n'}
[1.781660] (px4_msgs) StdoutLine: {'line': b'-- Up-to-date: /home/stepan/ws_ros2/install/px4_msgs/local/lib/python3.10/dist-packages/px4_msgs/msg/_cellular_status_s.c\n'}
[1.781711] (px4_msgs) StdoutLine: {'line': b'-- Up-to-date: /home/stepan/ws_ros2/install/px4_msgs/local/lib/python3.10/dist-packages/px4_msgs/msg/_estimator_selector_status_s.c\n'}
[1.781766] (px4_msgs) StdoutLine: {'line': b'-- Up-to-date: /home/stepan/ws_ros2/install/px4_msgs/local/lib/python3.10/dist-packages/px4_msgs/msg/_vehicle_command_ack_s.c\n'}
[1.781821] (px4_msgs) StdoutLine: {'line': b'-- Up-to-date: /home/stepan/ws_ros2/install/px4_msgs/local/lib/python3.10/dist-packages/px4_msgs/msg/_gpio_in_s.c\n'}
[1.781876] (px4_msgs) StdoutLine: {'line': b'-- Up-to-date: /home/stepan/ws_ros2/install/px4_msgs/local/lib/python3.10/dist-packages/px4_msgs/msg/_arming_check_reply.py\n'}
[1.781932] (px4_msgs) StdoutLine: {'line': b'-- Up-to-date: /home/stepan/ws_ros2/install/px4_msgs/local/lib/python3.10/dist-packages/px4_msgs/msg/_navigator_mission_item.py\n'}
[1.781987] (px4_msgs) StdoutLine: {'line': b'-- Up-to-date: /home/stepan/ws_ros2/install/px4_msgs/local/lib/python3.10/dist-packages/px4_msgs/msg/_gpio_in.py\n'}
[1.782044] (px4_msgs) StdoutLine: {'line': b'-- Up-to-date: /home/stepan/ws_ros2/install/px4_msgs/local/lib/python3.10/dist-packages/px4_msgs/msg/_takeoff_status.py\n'}
[1.782105] (px4_msgs) StdoutLine: {'line': b'-- Up-to-date: /home/stepan/ws_ros2/install/px4_msgs/local/lib/python3.10/dist-packages/px4_msgs/msg/_tiltrotor_extra_controls.py\n'}
[1.782160] (px4_msgs) StdoutLine: {'line': b'-- Up-to-date: /home/stepan/ws_ros2/install/px4_msgs/local/lib/python3.10/dist-packages/px4_msgs/msg/_vehicle_land_detected_s.c\n'}
[1.782215] (px4_msgs) StdoutLine: {'line': b'-- Up-to-date: /home/stepan/ws_ros2/install/px4_msgs/local/lib/python3.10/dist-packages/px4_msgs/msg/_autotune_attitude_control_status_s.c\n'}
[1.782270] (px4_msgs) StdoutLine: {'line': b'-- Up-to-date: /home/stepan/ws_ros2/install/px4_msgs/local/lib/python3.10/dist-packages/px4_msgs/msg/_rover_rate_setpoint_s.c\n'}
[1.782325] (px4_msgs) StdoutLine: {'line': b'-- Up-to-date: /home/stepan/ws_ros2/install/px4_msgs/local/lib/python3.10/dist-packages/px4_msgs/msg/_esc_report_s.c\n'}
[1.782393] (px4_msgs) StdoutLine: {'line': b'-- Up-to-date: /home/stepan/ws_ros2/install/px4_msgs/local/lib/python3.10/dist-packages/px4_msgs/msg/_qshell_req_s.c\n'}
[1.782452] (px4_msgs) StdoutLine: {'line': b'-- Up-to-date: /home/stepan/ws_ros2/install/px4_msgs/local/lib/python3.10/dist-packages/px4_msgs/msg/_camera_capture_s.c\n'}
[1.782509] (px4_msgs) StdoutLine: {'line': b'-- Up-to-date: /home/stepan/ws_ros2/install/px4_msgs/local/lib/python3.10/dist-packages/px4_msgs/msg/_sensor_accel.py\n'}
[1.782564] (px4_msgs) StdoutLine: {'line': b'-- Up-to-date: /home/stepan/ws_ros2/install/px4_msgs/local/lib/python3.10/dist-packages/px4_msgs/msg/_rover_rate_status_s.c\n'}
[1.782618] (px4_msgs) StdoutLine: {'line': b'-- Up-to-date: /home/stepan/ws_ros2/install/px4_msgs/local/lib/python3.10/dist-packages/px4_msgs/msg/_config_overrides_s.c\n'}
[1.782673] (px4_msgs) StdoutLine: {'line': b'-- Up-to-date: /home/stepan/ws_ros2/install/px4_msgs/local/lib/python3.10/dist-packages/px4_msgs/msg/_orb_test_medium_s.c\n'}
[1.782728] (px4_msgs) StdoutLine: {'line': b'-- Up-to-date: /home/stepan/ws_ros2/install/px4_msgs/local/lib/python3.10/dist-packages/px4_msgs/msg/_rpm_s.c\n'}
[1.782783] (px4_msgs) StdoutLine: {'line': b'-- Up-to-date: /home/stepan/ws_ros2/install/px4_msgs/local/lib/python3.10/dist-packages/px4_msgs/msg/_battery_status.py\n'}
[1.782838] (px4_msgs) StdoutLine: {'line': b'-- Up-to-date: /home/stepan/ws_ros2/install/px4_msgs/local/lib/python3.10/dist-packages/px4_msgs/msg/_internal_combustion_engine_status.py\n'}
[1.782944] (px4_msgs) StdoutLine: {'line': b'-- Up-to-date: /home/stepan/ws_ros2/install/px4_msgs/local/lib/python3.10/dist-packages/px4_msgs/msg/_gimbal_device_attitude_status.py\n'}
[1.783004] (px4_msgs) StdoutLine: {'line': b'-- Up-to-date: /home/stepan/ws_ros2/install/px4_msgs/local/lib/python3.10/dist-packages/px4_msgs/msg/_hover_thrust_estimate.py\n'}
[1.783056] (px4_msgs) StdoutLine: {'line': b'-- Up-to-date: /home/stepan/ws_ros2/install/px4_msgs/local/lib/python3.10/dist-packages/px4_msgs/msg/_actuator_servos_trim.py\n'}
[1.783108] (px4_msgs) StdoutLine: {'line': b'-- Up-to-date: /home/stepan/ws_ros2/install/px4_msgs/local/lib/python3.10/dist-packages/px4_msgs/msg/_trajectory_setpoint_s.c\n'}
[1.783163] (px4_msgs) StdoutLine: {'line': b'-- Up-to-date: /home/stepan/ws_ros2/install/px4_msgs/local/lib/python3.10/dist-packages/px4_msgs/msg/_gimbal_device_information.py\n'}
[1.783218] (px4_msgs) StdoutLine: {'line': b'-- Up-to-date: /home/stepan/ws_ros2/install/px4_msgs/local/lib/python3.10/dist-packages/px4_msgs/msg/_vehicle_imu.py\n'}
[1.783272] (px4_msgs) StdoutLine: {'line': b'-- Up-to-date: /home/stepan/ws_ros2/install/px4_msgs/local/lib/python3.10/dist-packages/px4_msgs/msg/_landing_target_innovations.py\n'}
[1.783329] (px4_msgs) StdoutLine: {'line': b'-- Up-to-date: /home/stepan/ws_ros2/install/px4_msgs/local/lib/python3.10/dist-packages/px4_msgs/msg/_failure_detector_status_s.c\n'}
[1.783426] (px4_msgs) StdoutLine: {'line': b'-- Up-to-date: /home/stepan/ws_ros2/install/px4_msgs/local/lib/python3.10/dist-packages/px4_msgs/msg/_rtl_status.py\n'}
[1.783489] (px4_msgs) StdoutLine: {'line': b'-- Up-to-date: /home/stepan/ws_ros2/install/px4_msgs/local/lib/python3.10/dist-packages/px4_msgs/msg/_failsafe_flags.py\n'}
[1.783568] (px4_msgs) StdoutLine: {'line': b'-- Up-to-date: /home/stepan/ws_ros2/install/px4_msgs/local/lib/python3.10/dist-packages/px4_msgs/msg/_register_ext_component_request.py\n'}
[1.783620] (px4_msgs) StdoutLine: {'line': b'-- Up-to-date: /home/stepan/ws_ros2/install/px4_msgs/local/lib/python3.10/dist-packages/px4_msgs/msg/_register_ext_component_request_s.c\n'}
[1.783671] (px4_msgs) StdoutLine: {'line': b'-- Up-to-date: /home/stepan/ws_ros2/install/px4_msgs/local/lib/python3.10/dist-packages/px4_msgs/msg/_parameter_reset_request.py\n'}
[1.783722] (px4_msgs) StdoutLine: {'line': b'-- Up-to-date: /home/stepan/ws_ros2/install/px4_msgs/local/lib/python3.10/dist-packages/px4_msgs/msg/_vehicle_air_data.py\n'}
[1.783775] (px4_msgs) StdoutLine: {'line': b'-- Up-to-date: /home/stepan/ws_ros2/install/px4_msgs/local/lib/python3.10/dist-packages/px4_msgs/msg/_rover_throttle_setpoint_s.c\n'}
[1.783829] (px4_msgs) StdoutLine: {'line': b'-- Up-to-date: /home/stepan/ws_ros2/install/px4_msgs/local/lib/python3.10/dist-packages/px4_msgs/msg/_onboard_computer_status.py\n'}
[1.783884] (px4_msgs) StdoutLine: {'line': b'-- Up-to-date: /home/stepan/ws_ros2/install/px4_msgs/local/lib/python3.10/dist-packages/px4_msgs/msg/_power_monitor.py\n'}
[1.783939] (px4_msgs) StdoutLine: {'line': b'-- Up-to-date: /home/stepan/ws_ros2/install/px4_msgs/local/lib/python3.10/dist-packages/px4_msgs/msg/_internal_combustion_engine_status_s.c\n'}
[1.783994] (px4_msgs) StdoutLine: {'line': b'-- Up-to-date: /home/stepan/ws_ros2/install/px4_msgs/local/lib/python3.10/dist-packages/px4_msgs/msg/_vehicle_angular_velocity_s.c\n'}
[1.784048] (px4_msgs) StdoutLine: {'line': b'-- Up-to-date: /home/stepan/ws_ros2/install/px4_msgs/local/lib/python3.10/dist-packages/px4_msgs/msg/_gps_dump_s.c\n'}
[1.784103] (px4_msgs) StdoutLine: {'line': b'-- Up-to-date: /home/stepan/ws_ros2/install/px4_msgs/local/lib/python3.10/dist-packages/px4_msgs/msg/_gps_inject_data_s.c\n'}
[1.784158] (px4_msgs) StdoutLine: {'line': b'-- Up-to-date: /home/stepan/ws_ros2/install/px4_msgs/local/lib/python3.10/dist-packages/px4_msgs/msg/_generator_status_s.c\n'}
[1.784213] (px4_msgs) StdoutLine: {'line': b'-- Up-to-date: /home/stepan/ws_ros2/install/px4_msgs/local/lib/python3.10/dist-packages/px4_msgs/msg/_pwm_input.py\n'}
[1.784267] (px4_msgs) StdoutLine: {'line': b'-- Up-to-date: /home/stepan/ws_ros2/install/px4_msgs/local/lib/python3.10/dist-packages/px4_msgs/msg/_tecs_status_s.c\n'}
[1.784322] (px4_msgs) StdoutLine: {'line': b'-- Up-to-date: /home/stepan/ws_ros2/install/px4_msgs/local/lib/python3.10/dist-packages/px4_msgs/msg/_action_request.py\n'}
[1.784391] (px4_msgs) StdoutLine: {'line': b'-- Up-to-date: /home/stepan/ws_ros2/install/px4_msgs/local/lib/python3.10/dist-packages/px4_msgs/msg/_vehicle_constraints.py\n'}
[1.784468] (px4_msgs) StdoutLine: {'line': b'-- Up-to-date: /home/stepan/ws_ros2/install/px4_msgs/local/lib/python3.10/dist-packages/px4_msgs/msg/_mavlink_log.py\n'}
[1.784526] (px4_msgs) StdoutLine: {'line': b'-- Up-to-date: /home/stepan/ws_ros2/install/px4_msgs/local/lib/python3.10/dist-packages/px4_msgs/msg/_magnetometer_bias_estimate.py\n'}
[1.784583] (px4_msgs) StdoutLine: {'line': b'-- Up-to-date: /home/stepan/ws_ros2/install/px4_msgs/local/lib/python3.10/dist-packages/px4_msgs/msg/_open_drone_id_operator_id_s.c\n'}
[1.784639] (px4_msgs) StdoutLine: {'line': b'-- Up-to-date: /home/stepan/ws_ros2/install/px4_msgs/local/lib/python3.10/dist-packages/px4_msgs/msg/_sensor_gps.py\n'}
[1.784695] (px4_msgs) StdoutLine: {'line': b'-- Up-to-date: /home/stepan/ws_ros2/install/px4_msgs/local/lib/python3.10/dist-packages/px4_msgs/msg/_gimbal_device_set_attitude_s.c\n'}
[1.784785] (px4_msgs) StdoutLine: {'line': b'-- Up-to-date: /home/stepan/ws_ros2/install/px4_msgs/local/lib/python3.10/dist-packages/px4_msgs/msg/_sensors_status_imu.py\n'}
[1.784881] (px4_msgs) StdoutLine: {'line': b'-- Up-to-date: /home/stepan/ws_ros2/install/px4_msgs/local/lib/python3.10/dist-packages/px4_msgs/msg/_vehicle_rates_setpoint_s.c\n'}
[1.785026] (px4_msgs) StdoutLine: {'line': b'-- Up-to-date: /home/stepan/ws_ros2/install/px4_msgs/local/lib/python3.10/dist-packages/px4_msgs/msg/_parameter_set_used_request_s.c\n'}
[1.785110] (px4_msgs) StdoutLine: {'line': b'-- Up-to-date: /home/stepan/ws_ros2/install/px4_msgs/local/lib/python3.10/dist-packages/px4_msgs/msg/_open_drone_id_self_id_s.c\n'}
[1.785184] (px4_msgs) StdoutLine: {'line': b'-- Up-to-date: /home/stepan/ws_ros2/install/px4_msgs/local/lib/python3.10/dist-packages/px4_msgs/msg/_unregister_ext_component_s.c\n'}
[1.785237] (px4_msgs) StdoutLine: {'line': b'-- Up-to-date: /home/stepan/ws_ros2/install/px4_msgs/local/lib/python3.10/dist-packages/px4_msgs/msg/_velocity_limits.py\n'}
[1.785289] (px4_msgs) StdoutLine: {'line': b'-- Up-to-date: /home/stepan/ws_ros2/install/px4_msgs/local/lib/python3.10/dist-packages/px4_msgs/msg/_landing_gear_wheel_s.c\n'}
[1.785343] (px4_msgs) StdoutLine: {'line': b'-- Up-to-date: /home/stepan/ws_ros2/install/px4_msgs/local/lib/python3.10/dist-packages/px4_msgs/msg/_estimator_aid_source1d.py\n'}
[1.785414] (px4_msgs) StdoutLine: {'line': b'-- Up-to-date: /home/stepan/ws_ros2/install/px4_msgs/local/lib/python3.10/dist-packages/px4_msgs/msg/_follow_target_status.py\n'}
[1.785469] (px4_msgs) StdoutLine: {'line': b'-- Up-to-date: /home/stepan/ws_ros2/install/px4_msgs/local/lib/python3.10/dist-packages/px4_msgs/msg/_ping.py\n'}
[1.785553] (px4_msgs) StdoutLine: {'line': b'-- Up-to-date: /home/stepan/ws_ros2/install/px4_msgs/local/lib/python3.10/dist-packages/px4_msgs/msg/_button_event_s.c\n'}
[1.785605] (px4_msgs) StdoutLine: {'line': b'-- Up-to-date: /home/stepan/ws_ros2/install/px4_msgs/local/lib/python3.10/dist-packages/px4_msgs/msg/_dataman_response.py\n'}
[1.785657] (px4_msgs) StdoutLine: {'line': b'-- Up-to-date: /home/stepan/ws_ros2/install/px4_msgs/local/lib/python3.10/dist-packages/px4_msgs/msg/_airspeed.py\n'}
[1.785708] (px4_msgs) StdoutLine: {'line': b'-- Up-to-date: /home/stepan/ws_ros2/install/px4_msgs/local/lib/python3.10/dist-packages/px4_msgs/msg/_generator_status.py\n'}
[1.785760] (px4_msgs) StdoutLine: {'line': b'-- Up-to-date: /home/stepan/ws_ros2/install/px4_msgs/local/lib/python3.10/dist-packages/px4_msgs/msg/_sensor_combined_s.c\n'}
[1.785811] (px4_msgs) StdoutLine: {'line': b'-- Up-to-date: /home/stepan/ws_ros2/install/px4_msgs/local/lib/python3.10/dist-packages/px4_msgs/msg/_sensors_status_s.c\n'}
[1.785863] (px4_msgs) StdoutLine: {'line': b'-- Up-to-date: /home/stepan/ws_ros2/install/px4_msgs/local/lib/python3.10/dist-packages/px4_msgs/msg/_vehicle_attitude.py\n'}
[1.785915] (px4_msgs) StdoutLine: {'line': b'-- Up-to-date: /home/stepan/ws_ros2/install/px4_msgs/local/lib/python3.10/dist-packages/px4_msgs/msg/_vehicle_odometry.py\n'}
[1.785970] (px4_msgs) StdoutLine: {'line': b'-- Up-to-date: /home/stepan/ws_ros2/install/px4_msgs/local/lib/python3.10/dist-packages/px4_msgs/msg/_vehicle_local_position_setpoint_s.c\n'}
[1.786026] (px4_msgs) StdoutLine: {'line': b'-- Up-to-date: /home/stepan/ws_ros2/install/px4_msgs/local/lib/python3.10/dist-packages/px4_msgs/msg/_distance_sensor.py\n'}
[1.786080] (px4_msgs) StdoutLine: {'line': b'-- Up-to-date: /home/stepan/ws_ros2/install/px4_msgs/local/lib/python3.10/dist-packages/px4_msgs/msg/_dataman_request.py\n'}
[1.786135] (px4_msgs) StdoutLine: {'line': b'-- Up-to-date: /home/stepan/ws_ros2/install/px4_msgs/local/lib/python3.10/dist-packages/px4_msgs/msg/_iridiumsbd_status.py\n'}
[1.786190] (px4_msgs) StdoutLine: {'line': b'-- Up-to-date: /home/stepan/ws_ros2/install/px4_msgs/local/lib/python3.10/dist-packages/px4_msgs/msg/_vehicle_angular_acceleration_setpoint_s.c\n'}
[1.786246] (px4_msgs) StdoutLine: {'line': b'-- Up-to-date: /home/stepan/ws_ros2/install/px4_msgs/local/lib/python3.10/dist-packages/px4_msgs/msg/_gimbal_manager_set_manual_control_s.c\n'}
[1.786301] (px4_msgs) StdoutLine: {'line': b'-- Up-to-date: /home/stepan/ws_ros2/install/px4_msgs/local/lib/python3.10/dist-packages/px4_msgs/msg/_register_ext_component_reply.py\n'}
[1.786357] (px4_msgs) StdoutLine: {'line': b'-- Up-to-date: /home/stepan/ws_ros2/install/px4_msgs/local/lib/python3.10/dist-packages/px4_msgs/msg/_manual_control_setpoint.py\n'}
[1.786468] (px4_msgs) StdoutLine: {'line': b'-- Up-to-date: /home/stepan/ws_ros2/install/px4_msgs/local/lib/python3.10/dist-packages/px4_msgs/msg/_position_setpoint_triplet.py\n'}
[1.786547] (px4_msgs) StdoutLine: {'line': b'-- Up-to-date: /home/stepan/ws_ros2/install/px4_msgs/local/lib/python3.10/dist-packages/px4_msgs/msg/_vehicle_optical_flow_vel_s.c\n'}
[1.786600] (px4_msgs) StdoutLine: {'line': b'-- Up-to-date: /home/stepan/ws_ros2/install/px4_msgs/local/lib/python3.10/dist-packages/px4_msgs/msg/_rover_rate_status.py\n'}
[1.786651] (px4_msgs) StdoutLine: {'line': b'-- Up-to-date: /home/stepan/ws_ros2/install/px4_msgs/local/lib/python3.10/dist-packages/px4_msgs/msg/_radio_status_s.c\n'}
[1.786702] (px4_msgs) StdoutLine: {'line': b'-- Up-to-date: /home/stepan/ws_ros2/install/px4_msgs/local/lib/python3.10/dist-packages/px4_msgs/msg/_orb_test_large_s.c\n'}
[1.786753] (px4_msgs) StdoutLine: {'line': b'-- Up-to-date: /home/stepan/ws_ros2/install/px4_msgs/local/lib/python3.10/dist-packages/px4_msgs/msg/_trajectory_setpoint6dof_s.c\n'}
[1.786804] (px4_msgs) StdoutLine: {'line': b'-- Up-to-date: /home/stepan/ws_ros2/install/px4_msgs/local/lib/python3.10/dist-packages/px4_msgs/msg/_vehicle_imu_status_s.c\n'}
[1.786862] (px4_msgs) StdoutLine: {'line': b'-- Up-to-date: /home/stepan/ws_ros2/install/px4_msgs/local/lib/python3.10/dist-packages/px4_msgs/msg/_control_allocator_status_s.c\n'}
[1.786918] (px4_msgs) StdoutLine: {'line': b'-- Up-to-date: /home/stepan/ws_ros2/install/px4_msgs/local/lib/python3.10/dist-packages/px4_msgs/msg/_parameter_set_value_request_s.c\n'}
[1.787002] (px4_msgs) StdoutLine: {'line': b'-- Up-to-date: /home/stepan/ws_ros2/install/px4_msgs/local/lib/python3.10/dist-packages/px4_msgs/msg/_gimbal_manager_set_attitude.py\n'}
[1.787055] (px4_msgs) StdoutLine: {'line': b'-- Up-to-date: /home/stepan/ws_ros2/install/px4_msgs/local/lib/python3.10/dist-packages/px4_msgs/msg/_normalized_unsigned_setpoint_s.c\n'}
[1.787107] (px4_msgs) StdoutLine: {'line': b'-- Up-to-date: /home/stepan/ws_ros2/install/px4_msgs/local/lib/python3.10/dist-packages/px4_msgs/msg/_parameter_set_value_response.py\n'}
[1.787164] (px4_msgs) StdoutLine: {'line': b'-- Up-to-date: /home/stepan/ws_ros2/install/px4_msgs/local/lib/python3.10/dist-packages/px4_msgs/msg/_gpio_out_s.c\n'}
[1.787218] (px4_msgs) StdoutLine: {'line': b'-- Up-to-date: /home/stepan/ws_ros2/install/px4_msgs/local/lib/python3.10/dist-packages/px4_msgs/msg/_mavlink_tunnel.py\n'}
[1.787272] (px4_msgs) StdoutLine: {'line': b'-- Up-to-date: /home/stepan/ws_ros2/install/px4_msgs/local/lib/python3.10/dist-packages/px4_msgs/msg/_can_interface_status_s.c\n'}
[1.787327] (px4_msgs) StdoutLine: {'line': b'-- Up-to-date: /home/stepan/ws_ros2/install/px4_msgs/local/lib/python3.10/dist-packages/px4_msgs/msg/_ackermann_velocity_setpoint_s.c\n'}
[1.787395] (px4_msgs) StdoutLine: {'line': b'-- Up-to-date: /home/stepan/ws_ros2/install/px4_msgs/local/lib/python3.10/dist-packages/px4_msgs/msg/_parameter_set_value_request.py\n'}
[1.787455] (px4_msgs) StdoutLine: {'line': b'-- Up-to-date: /home/stepan/ws_ros2/install/px4_msgs/local/lib/python3.10/dist-packages/px4_msgs/msg/_sensor_gyro_fifo.py\n'}
[1.787510] (px4_msgs) StdoutLine: {'line': b'-- Up-to-date: /home/stepan/ws_ros2/install/px4_msgs/local/lib/python3.10/dist-packages/px4_msgs/msg/_ulog_stream_ack_s.c\n'}
[1.787565] (px4_msgs) StdoutLine: {'line': b'-- Up-to-date: /home/stepan/ws_ros2/install/px4_msgs/local/lib/python3.10/dist-packages/px4_msgs/msg/_vehicle_rates_setpoint.py\n'}
[1.787619] (px4_msgs) StdoutLine: {'line': b'-- Up-to-date: /home/stepan/ws_ros2/install/px4_msgs/local/lib/python3.10/dist-packages/px4_msgs/msg/_sensors_status.py\n'}
[1.787673] (px4_msgs) StdoutLine: {'line': b'-- Up-to-date: /home/stepan/ws_ros2/install/px4_msgs/local/lib/python3.10/dist-packages/px4_msgs/msg/_sensor_mag.py\n'}
[1.787727] (px4_msgs) StdoutLine: {'line': b'-- Up-to-date: /home/stepan/ws_ros2/install/px4_msgs/local/lib/python3.10/dist-packages/px4_msgs/msg/_estimator_bias3d_s.c\n'}
[1.787824] (px4_msgs) StdoutLine: {'line': b'-- Up-to-date: /home/stepan/ws_ros2/install/px4_msgs/local/lib/python3.10/dist-packages/px4_msgs/msg/_rover_attitude_status.py\n'}
[1.787879] (px4_msgs) StdoutLine: {'line': b'-- Up-to-date: /home/stepan/ws_ros2/install/px4_msgs/local/lib/python3.10/dist-packages/px4_msgs/msg/_rover_velocity_status_s.c\n'}
[1.787934] (px4_msgs) StdoutLine: {'line': b'-- Up-to-date: /home/stepan/ws_ros2/install/px4_msgs/local/lib/python3.10/dist-packages/px4_msgs/msg/_estimator_aid_source2d_s.c\n'}
[1.787988] (px4_msgs) StdoutLine: {'line': b'-- Up-to-date: /home/stepan/ws_ros2/install/px4_msgs/local/lib/python3.10/dist-packages/px4_msgs/msg/_onboard_computer_status_s.c\n'}
[1.788044] (px4_msgs) StdoutLine: {'line': b'-- Up-to-date: /home/stepan/ws_ros2/install/px4_msgs/local/lib/python3.10/dist-packages/px4_msgs/msg/_autotune_attitude_control_status.py\n'}
[1.788099] (px4_msgs) StdoutLine: {'line': b'-- Up-to-date: /home/stepan/ws_ros2/install/px4_msgs/local/lib/python3.10/dist-packages/px4_msgs/msg/_follow_target_estimator_s.c\n'}
[1.788154] (px4_msgs) StdoutLine: {'line': b'-- Up-to-date: /home/stepan/ws_ros2/install/px4_msgs/local/lib/python3.10/dist-packages/px4_msgs/msg/_message_format_response_s.c\n'}
[1.788209] (px4_msgs) StdoutLine: {'line': b'-- Up-to-date: /home/stepan/ws_ros2/install/px4_msgs/local/lib/python3.10/dist-packages/px4_msgs/msg/_vehicle_control_mode.py\n'}
[1.788264] (px4_msgs) StdoutLine: {'line': b'-- Up-to-date: /home/stepan/ws_ros2/install/px4_msgs/local/lib/python3.10/dist-packages/px4_msgs/msg/_vehicle_angular_acceleration_setpoint.py\n'}
[1.788319] (px4_msgs) StdoutLine: {'line': b'-- Up-to-date: /home/stepan/ws_ros2/install/px4_msgs/local/lib/python3.10/dist-packages/px4_msgs/msg/_orb_test.py\n'}
[1.788399] (px4_msgs) StdoutLine: {'line': b'-- Up-to-date: /home/stepan/ws_ros2/install/px4_msgs/local/lib/python3.10/dist-packages/px4_msgs/msg/_estimator_aid_source1d_s.c\n'}
[1.788494] (px4_msgs) StdoutLine: {'line': b'-- Up-to-date: /home/stepan/ws_ros2/install/px4_msgs/local/lib/python3.10/dist-packages/px4_msgs/msg/_offboard_control_mode.py\n'}
[1.788578] (px4_msgs) StdoutLine: {'line': b'-- Up-to-date: /home/stepan/ws_ros2/install/px4_msgs/local/lib/python3.10/dist-packages/px4_msgs/msg/_gimbal_manager_set_attitude_s.c\n'}
[1.788651] (px4_msgs) StdoutLine: {'line': b'-- Up-to-date: /home/stepan/ws_ros2/install/px4_msgs/local/lib/python3.10/dist-packages/px4_msgs/msg/_rc_parameter_map_s.c\n'}
[1.788723] (px4_msgs) StdoutLine: {'line': b'-- Up-to-date: /home/stepan/ws_ros2/install/px4_msgs/local/lib/python3.10/dist-packages/px4_msgs/msg/_actuator_armed.py\n'}
[1.788799] (px4_msgs) StdoutLine: {'line': b'-- Up-to-date: /home/stepan/ws_ros2/install/px4_msgs/local/lib/python3.10/dist-packages/px4_msgs/msg/_estimator_states.py\n'}
[1.788889] (px4_msgs) StdoutLine: {'line': b'-- Up-to-date: /home/stepan/ws_ros2/install/px4_msgs/local/lib/python3.10/dist-packages/px4_msgs/msg/_dataman_request_s.c\n'}
[1.788982] (px4_msgs) StdoutLine: {'line': b'-- Up-to-date: /home/stepan/ws_ros2/install/px4_msgs/local/lib/python3.10/dist-packages/px4_msgs/msg/_home_position_s.c\n'}
[1.789095] (px4_msgs) StdoutLine: {'line': b'-- Up-to-date: /home/stepan/ws_ros2/install/px4_msgs/local/lib/python3.10/dist-packages/px4_msgs/msg/_estimator_status.py\n'}
[1.789196] (px4_msgs) StdoutLine: {'line': b'-- Up-to-date: /home/stepan/ws_ros2/install/px4_msgs/local/lib/python3.10/dist-packages/px4_msgs/msg/_vehicle_roi_s.c\n'}
[1.789274] (px4_msgs) StdoutLine: {'line': b'-- Up-to-date: /home/stepan/ws_ros2/install/px4_msgs/local/lib/python3.10/dist-packages/px4_msgs/msg/_rtl_time_estimate_s.c\n'}
[1.789346] (px4_msgs) StdoutLine: {'line': b'-- Up-to-date: /home/stepan/ws_ros2/install/px4_msgs/local/lib/python3.10/dist-packages/px4_msgs/msg/_rover_steering_setpoint.py\n'}
[1.789485] (px4_msgs) StdoutLine: {'line': b'-- Up-to-date: /home/stepan/ws_ros2/install/px4_msgs/local/lib/python3.10/dist-packages/px4_msgs/msg/_rover_velocity_status.py\n'}
[1.789551] (px4_msgs) StdoutLine: {'line': b'-- Up-to-date: /home/stepan/ws_ros2/install/px4_msgs/local/lib/python3.10/dist-packages/px4_msgs/msg/_estimator_selector_status.py\n'}
[1.789603] (px4_msgs) StdoutLine: {'line': b'-- Up-to-date: /home/stepan/ws_ros2/install/px4_msgs/local/lib/python3.10/dist-packages/px4_msgs/msg/_vehicle_command_s.c\n'}
[1.789655] (px4_msgs) StdoutLine: {'line': b'-- Up-to-date: /home/stepan/ws_ros2/install/px4_msgs/local/lib/python3.10/dist-packages/px4_msgs/msg/_wheel_encoders_s.c\n'}
[1.789711] (px4_msgs) StdoutLine: {'line': b'-- Up-to-date: /home/stepan/ws_ros2/install/px4_msgs/local/lib/python3.10/dist-packages/px4_msgs/msg/_transponder_report_s.c\n'}
[1.789782] (px4_msgs) StdoutLine: {'line': b'-- Up-to-date: /home/stepan/ws_ros2/install/px4_msgs/local/lib/python3.10/dist-packages/px4_msgs/msg/_geofence_result_s.c\n'}
[1.789852] (px4_msgs) StdoutLine: {'line': b'-- Up-to-date: /home/stepan/ws_ros2/install/px4_msgs/local/lib/python3.10/dist-packages/px4_msgs/msg/_parameter_set_value_response_s.c\n'}
[1.789923] (px4_msgs) StdoutLine: {'line': b'-- Up-to-date: /home/stepan/ws_ros2/install/px4_msgs/local/lib/python3.10/dist-packages/px4_msgs/msg/_rate_ctrl_status_s.c\n'}
[1.789993] (px4_msgs) StdoutLine: {'line': b'-- Up-to-date: /home/stepan/ws_ros2/install/px4_msgs/local/lib/python3.10/dist-packages/px4_msgs/msg/_estimator_sensor_bias.py\n'}
[1.790062] (px4_msgs) StdoutLine: {'line': b'-- Up-to-date: /home/stepan/ws_ros2/install/px4_msgs/local/lib/python3.10/dist-packages/px4_msgs/msg/_fuel_tank_status.py\n'}
[1.790132] (px4_msgs) StdoutLine: {'line': b'-- Up-to-date: /home/stepan/ws_ros2/install/px4_msgs/local/lib/python3.10/dist-packages/px4_msgs/msg/_tune_control.py\n'}
[1.790202] (px4_msgs) StdoutLine: {'line': b'-- Up-to-date: /home/stepan/ws_ros2/install/px4_msgs/local/lib/python3.10/dist-packages/px4_msgs/msg/_input_rc.py\n'}
[1.790272] (px4_msgs) StdoutLine: {'line': b'-- Up-to-date: /home/stepan/ws_ros2/install/px4_msgs/local/lib/python3.10/dist-packages/px4_msgs/msg/_esc_status_s.c\n'}
[1.790342] (px4_msgs) StdoutLine: {'line': b'-- Up-to-date: /home/stepan/ws_ros2/install/px4_msgs/local/lib/python3.10/dist-packages/px4_msgs/msg/_open_drone_id_self_id.py\n'}
[1.790429] (px4_msgs) StdoutLine: {'line': b'-- Up-to-date: /home/stepan/ws_ros2/install/px4_msgs/local/lib/python3.10/dist-packages/px4_msgs/msg/_trajectory_setpoint6dof.py\n'}
[1.790502] (px4_msgs) StdoutLine: {'line': b'-- Up-to-date: /home/stepan/ws_ros2/install/px4_msgs/local/lib/python3.10/dist-packages/px4_msgs/msg/_ekf2_timestamps.py\n'}
[1.790573] (px4_msgs) StdoutLine: {'line': b'-- Up-to-date: /home/stepan/ws_ros2/install/px4_msgs/local/lib/python3.10/dist-packages/px4_msgs/msg/_gps_inject_data.py\n'}
[1.790643] (px4_msgs) StdoutLine: {'line': b'-- Up-to-date: /home/stepan/ws_ros2/install/px4_msgs/local/lib/python3.10/dist-packages/px4_msgs/msg/_debug_value_s.c\n'}
[1.790714] (px4_msgs) StdoutLine: {'line': b'-- Up-to-date: /home/stepan/ws_ros2/install/px4_msgs/local/lib/python3.10/dist-packages/px4_msgs/msg/_rover_position_setpoint_s.c\n'}
[1.790784] (px4_msgs) StdoutLine: {'line': b'-- Up-to-date: /home/stepan/ws_ros2/install/px4_msgs/local/lib/python3.10/dist-packages/px4_msgs/msg/_open_drone_id_system_s.c\n'}
[1.790854] (px4_msgs) StdoutLine: {'line': b'-- Up-to-date: /home/stepan/ws_ros2/install/px4_msgs/local/lib/python3.10/dist-packages/px4_msgs/msg/_vehicle_optical_flow.py\n'}
[1.790934] (px4_msgs) StdoutLine: {'line': b'-- Up-to-date: /home/stepan/ws_ros2/install/px4_msgs/local/lib/python3.10/dist-packages/px4_msgs/msg/_sensor_accel_fifo.py\n'}
[1.791003] (px4_msgs) StdoutLine: {'line': b'-- Up-to-date: /home/stepan/ws_ros2/install/px4_msgs/local/lib/python3.10/dist-packages/px4_msgs/msg/_offboard_control_mode_s.c\n'}
[1.791062] (px4_msgs) StdoutLine: {'line': b'-- Up-to-date: /home/stepan/ws_ros2/install/px4_msgs/local/lib/python3.10/dist-packages/px4_msgs/msg/_launch_detection_status.py\n'}
[1.791118] (px4_msgs) StdoutLine: {'line': b'-- Up-to-date: /home/stepan/ws_ros2/install/px4_msgs/local/lib/python3.10/dist-packages/px4_msgs/msg/_vehicle_attitude_s.c\n'}
[1.791216] (px4_msgs) StdoutLine: {'line': b'-- Up-to-date: /home/stepan/ws_ros2/install/px4_msgs/local/lib/python3.10/dist-packages/px4_msgs/msg/_gimbal_manager_information_s.c\n'}
[1.791273] (px4_msgs) StdoutLine: {'line': b'-- Up-to-date: /home/stepan/ws_ros2/install/px4_msgs/local/lib/python3.10/dist-packages/px4_msgs/msg/_vehicle_control_mode_s.c\n'}
[1.791329] (px4_msgs) StdoutLine: {'line': b'-- Up-to-date: /home/stepan/ws_ros2/install/px4_msgs/local/lib/python3.10/dist-packages/px4_msgs/msg/_mission_s.c\n'}
[1.791455] (px4_msgs) StdoutLine: {'line': b'-- Up-to-date: /home/stepan/ws_ros2/install/px4_msgs/local/lib/python3.10/dist-packages/px4_msgs/msg/_estimator_aid_source3d.py\n'}
[1.791517] (px4_msgs) StdoutLine: {'line': b'-- Up-to-date: /home/stepan/ws_ros2/install/px4_msgs/local/lib/python3.10/dist-packages/px4_msgs/msg/_orbit_status.py\n'}
[1.791574] (px4_msgs) StdoutLine: {'line': b'-- Up-to-date: /home/stepan/ws_ros2/install/px4_msgs/local/lib/python3.10/dist-packages/px4_msgs/msg/_actuator_motors.py\n'}
[1.791630] (px4_msgs) StdoutLine: {'line': b'-- Up-to-date: /home/stepan/ws_ros2/install/px4_msgs/local/lib/python3.10/dist-packages/px4_msgs/msg/_logger_status_s.c\n'}
[1.791685] (px4_msgs) StdoutLine: {'line': b'-- Up-to-date: /home/stepan/ws_ros2/install/px4_msgs/local/lib/python3.10/dist-packages/px4_msgs/msg/_vtol_vehicle_status_s.c\n'}
[1.791740] (px4_msgs) StdoutLine: {'line': b'-- Up-to-date: /home/stepan/ws_ros2/install/px4_msgs/local/lib/python3.10/dist-packages/px4_msgs/msg/_figure_eight_status.py\n'}
[1.791795] (px4_msgs) StdoutLine: {'line': b'-- Up-to-date: /home/stepan/ws_ros2/install/px4_msgs/local/lib/python3.10/dist-packages/px4_msgs/msg/_fuel_tank_status_s.c\n'}
[1.791850] (px4_msgs) StdoutLine: {'line': b'-- Up-to-date: /home/stepan/ws_ros2/install/px4_msgs/local/lib/python3.10/dist-packages/px4_msgs/msg/_ping_s.c\n'}
[1.791905] (px4_msgs) StdoutLine: {'line': b'-- Up-to-date: /home/stepan/ws_ros2/install/px4_msgs/local/lib/python3.10/dist-packages/px4_msgs/msg/_vehicle_acceleration_s.c\n'}
[1.791960] (px4_msgs) StdoutLine: {'line': b'-- Up-to-date: /home/stepan/ws_ros2/install/px4_msgs/local/lib/python3.10/dist-packages/px4_msgs/msg/_vehicle_local_position_s.c\n'}
[1.792016] (px4_msgs) StdoutLine: {'line': b'-- Up-to-date: /home/stepan/ws_ros2/install/px4_msgs/local/lib/python3.10/dist-packages/px4_msgs/msg/_collision_constraints_s.c\n'}
[1.792072] (px4_msgs) StdoutLine: {'line': b'-- Up-to-date: /home/stepan/ws_ros2/install/px4_msgs/local/lib/python3.10/dist-packages/px4_msgs/msg/_gimbal_controls.py\n'}
[1.792127] (px4_msgs) StdoutLine: {'line': b'-- Up-to-date: /home/stepan/ws_ros2/install/px4_msgs/local/lib/python3.10/dist-packages/px4_msgs/msg/_vehicle_imu_s.c\n'}
[1.792181] (px4_msgs) StdoutLine: {'line': b'-- Up-to-date: /home/stepan/ws_ros2/install/px4_msgs/local/lib/python3.10/dist-packages/px4_msgs/msg/_heater_status_s.c\n'}
[1.792236] (px4_msgs) StdoutLine: {'line': b'-- Up-to-date: /home/stepan/ws_ros2/install/px4_msgs/local/lib/python3.10/dist-packages/px4_msgs/msg/_differential_pressure_s.c\n'}
[1.792290] (px4_msgs) StdoutLine: {'line': b'-- Up-to-date: /home/stepan/ws_ros2/install/px4_msgs/local/lib/python3.10/dist-packages/px4_msgs/msg/_geofence_status.py\n'}
[1.792345] (px4_msgs) StdoutLine: {'line': b'-- Up-to-date: /home/stepan/ws_ros2/install/px4_msgs/local/lib/python3.10/dist-packages/px4_msgs/msg/_sensor_airflow_s.c\n'}
[1.792418] (px4_msgs) StdoutLine: {'line': b'-- Up-to-date: /home/stepan/ws_ros2/install/px4_msgs/local/lib/python3.10/dist-packages/px4_msgs/msg/_timesync_status.py\n'}
[1.792576] (px4_msgs) StdoutLine: {'line': b'-- Up-to-date: /home/stepan/ws_ros2/install/px4_msgs/local/lib/python3.10/dist-packages/px4_msgs/msg/_power_button_state.py\n'}
[1.792653] (px4_msgs) StdoutLine: {'line': b'-- Up-to-date: /home/stepan/ws_ros2/install/px4_msgs/local/lib/python3.10/dist-packages/px4_msgs/msg/_uavcan_parameter_value_s.c\n'}
[1.792711] (px4_msgs) StdoutLine: {'line': b'-- Up-to-date: /home/stepan/ws_ros2/install/px4_msgs/local/lib/python3.10/dist-packages/px4_msgs/msg/_orbit_status_s.c\n'}
[1.792780] (px4_msgs) StdoutLine: {'line': b'-- Up-to-date: /home/stepan/ws_ros2/install/px4_msgs/local/lib/python3.10/dist-packages/px4_msgs/msg/_camera_capture.py\n'}
[1.792916] (px4_msgs) StdoutLine: {'line': b'-- Up-to-date: /home/stepan/ws_ros2/install/px4_msgs/local/lib/python3.10/dist-packages/px4_msgs/msg/_cpuload_s.c\n'}
[1.793019] (px4_msgs) StdoutLine: {'line': b'-- Up-to-date: /home/stepan/ws_ros2/install/px4_msgs/local/lib/python3.10/dist-packages/px4_msgs/msg/_open_drone_id_arm_status.py\n'}
[1.793127] (px4_msgs) StdoutLine: {'line': b'-- Up-to-date: /home/stepan/ws_ros2/install/px4_msgs/local/lib/python3.10/dist-packages/px4_msgs/msg/_mount_orientation.py\n'}
[1.793236] (px4_msgs) StdoutLine: {'line': b'-- Up-to-date: /home/stepan/ws_ros2/install/px4_msgs/local/lib/python3.10/dist-packages/px4_msgs/msg/_estimator_aid_source2d.py\n'}
[1.793322] (px4_msgs) StdoutLine: {'line': b'-- Up-to-date: /home/stepan/ws_ros2/install/px4_msgs/local/lib/python3.10/dist-packages/px4_msgs/msg/_vehicle_local_position_setpoint.py\n'}
[1.793440] (px4_msgs) StdoutLine: {'line': b'-- Up-to-date: /home/stepan/ws_ros2/install/px4_msgs/local/lib/python3.10/dist-packages/px4_msgs/msg/_uavcan_parameter_request.py\n'}
[1.793503] (px4_msgs) StdoutLine: {'line': b'-- Up-to-date: /home/stepan/ws_ros2/install/px4_msgs/local/lib/python3.10/dist-packages/px4_msgs/msg/_actuator_controls_status_s.c\n'}
[1.793559] (px4_msgs) StdoutLine: {'line': b'-- Up-to-date: /home/stepan/ws_ros2/install/px4_msgs/local/lib/python3.10/dist-packages/px4_msgs/msg/_wind_s.c\n'}
[1.793616] (px4_msgs) StdoutLine: {'line': b'-- Up-to-date: /home/stepan/ws_ros2/install/px4_msgs/local/lib/python3.10/dist-packages/px4_msgs/msg/_internal_combustion_engine_control_s.c\n'}
[1.793682] (px4_msgs) StdoutLine: {'line': b'-- Up-to-date: /home/stepan/ws_ros2/install/px4_msgs/local/lib/python3.10/dist-packages/px4_msgs/msg/_qshell_retval.py\n'}
[1.793735] (px4_msgs) StdoutLine: {'line': b'-- Up-to-date: /home/stepan/ws_ros2/install/px4_msgs/local/lib/python3.10/dist-packages/px4_msgs/msg/_heater_status.py\n'}
[1.793786] (px4_msgs) StdoutLine: {'line': b'-- Up-to-date: /home/stepan/ws_ros2/install/px4_msgs/local/lib/python3.10/dist-packages/px4_msgs/msg/_sensor_combined.py\n'}
[1.793836] (px4_msgs) StdoutLine: {'line': b'-- Up-to-date: /home/stepan/ws_ros2/install/px4_msgs/local/lib/python3.10/dist-packages/px4_msgs/msg/_open_drone_id_operator_id.py\n'}
[1.793894] (px4_msgs) StdoutLine: {'line': b'-- Up-to-date: /home/stepan/ws_ros2/install/px4_msgs/local/lib/python3.10/dist-packages/px4_msgs/msg/_distance_sensor_mode_change_request_s.c\n'}
[1.793947] (px4_msgs) StdoutLine: {'line': b'-- Up-to-date: /home/stepan/ws_ros2/install/px4_msgs/local/lib/python3.10/dist-packages/px4_msgs/msg/_can_interface_status.py\n'}
[1.794002] (px4_msgs) StdoutLine: {'line': b'-- Up-to-date: /home/stepan/ws_ros2/install/px4_msgs/local/lib/python3.10/dist-packages/px4_msgs/msg/_camera_trigger.py\n'}
[1.794056] (px4_msgs) StdoutLine: {'line': b'-- Up-to-date: /home/stepan/ws_ros2/install/px4_msgs/local/lib/python3.10/dist-packages/px4_msgs/msg/_message_format_request.py\n'}
[1.794111] (px4_msgs) StdoutLine: {'line': b'-- Up-to-date: /home/stepan/ws_ros2/install/px4_msgs/local/lib/python3.10/dist-packages/px4_msgs/msg/_actuator_servos.py\n'}
[1.794165] (px4_msgs) StdoutLine: {'line': b'-- Up-to-date: /home/stepan/ws_ros2/install/px4_msgs/local/lib/python3.10/dist-packages/px4_msgs/msg/_vehicle_magnetometer.py\n'}
[1.794220] (px4_msgs) StdoutLine: {'line': b'-- Up-to-date: /home/stepan/ws_ros2/install/px4_msgs/local/lib/python3.10/dist-packages/px4_msgs/msg/_estimator_aid_source3d_s.c\n'}
[1.794275] (px4_msgs) StdoutLine: {'line': b'-- Up-to-date: /home/stepan/ws_ros2/install/px4_msgs/local/lib/python3.10/dist-packages/px4_msgs/msg/_gpio_out.py\n'}
[1.794331] (px4_msgs) StdoutLine: {'line': b'-- Up-to-date: /home/stepan/ws_ros2/install/px4_msgs/local/lib/python3.10/dist-packages/px4_msgs/msg/_yaw_estimator_status_s.c\n'}
[1.794422] (px4_msgs) StdoutLine: {'line': b'-- Up-to-date: /home/stepan/ws_ros2/install/px4_msgs/local/lib/python3.10/dist-packages/px4_msgs/msg/_vehicle_thrust_setpoint.py\n'}
[1.794480] (px4_msgs) StdoutLine: {'line': b'-- Up-to-date: /home/stepan/ws_ros2/install/px4_msgs/local/lib/python3.10/dist-packages/px4_msgs/msg/_goto_setpoint_s.c\n'}
[1.794535] (px4_msgs) StdoutLine: {'line': b'-- Up-to-date: /home/stepan/ws_ros2/install/px4_msgs/local/lib/python3.10/dist-packages/px4_msgs/msg/_npfg_status_s.c\n'}
[1.794592] (px4_msgs) StdoutLine: {'line': b'-- Up-to-date: /home/stepan/ws_ros2/install/px4_msgs/local/lib/python3.10/dist-packages/px4_msgs/msg/_estimator_bias_s.c\n'}
[1.794647] (px4_msgs) StdoutLine: {'line': b'-- Up-to-date: /home/stepan/ws_ros2/install/px4_msgs/local/lib/python3.10/dist-packages/px4_msgs/msg/_figure_eight_status_s.c\n'}
[1.794702] (px4_msgs) StdoutLine: {'line': b'-- Up-to-date: /home/stepan/ws_ros2/install/px4_msgs/local/lib/python3.10/dist-packages/px4_msgs/msg/_pps_capture.py\n'}
[1.794757] (px4_msgs) StdoutLine: {'line': b'-- Up-to-date: /home/stepan/ws_ros2/install/px4_msgs/local/lib/python3.10/dist-packages/px4_msgs/msg/_airspeed_wind.py\n'}
[1.794812] (px4_msgs) StdoutLine: {'line': b'-- Up-to-date: /home/stepan/ws_ros2/install/px4_msgs/local/lib/python3.10/dist-packages/px4_msgs/msg/_vtol_vehicle_status.py\n'}
[1.794866] (px4_msgs) StdoutLine: {'line': b'-- Up-to-date: /home/stepan/ws_ros2/install/px4_msgs/local/lib/python3.10/dist-packages/px4_msgs/msg/_telemetry_status_s.c\n'}
[1.794921] (px4_msgs) StdoutLine: {'line': b'-- Up-to-date: /home/stepan/ws_ros2/install/px4_msgs/local/lib/python3.10/dist-packages/px4_msgs/msg/_tecs_status.py\n'}
[1.794975] (px4_msgs) StdoutLine: {'line': b'-- Up-to-date: /home/stepan/ws_ros2/install/px4_msgs/local/lib/python3.10/dist-packages/px4_msgs/msg/_vehicle_optical_flow_vel.py\n'}
[1.795030] (px4_msgs) StdoutLine: {'line': b'-- Up-to-date: /home/stepan/ws_ros2/install/px4_msgs/local/lib/python3.10/dist-packages/px4_msgs/msg/_estimator_states_s.c\n'}
[1.795084] (px4_msgs) StdoutLine: {'line': b'-- Up-to-date: /home/stepan/ws_ros2/install/px4_msgs/local/lib/python3.10/dist-packages/px4_msgs/msg/_event.py\n'}
[1.795138] (px4_msgs) StdoutLine: {'line': b'-- Up-to-date: /home/stepan/ws_ros2/install/px4_msgs/local/lib/python3.10/dist-packages/px4_msgs/msg/_estimator_gps_status_s.c\n'}
[1.795193] (px4_msgs) StdoutLine: {'line': b'-- Up-to-date: /home/stepan/ws_ros2/install/px4_msgs/local/lib/python3.10/dist-packages/px4_msgs/msg/_vehicle_optical_flow_s.c\n'}
[1.795248] (px4_msgs) StdoutLine: {'line': b'-- Up-to-date: /home/stepan/ws_ros2/install/px4_msgs/local/lib/python3.10/dist-packages/px4_msgs/msg/_sensor_accel_fifo_s.c\n'}
[1.795302] (px4_msgs) StdoutLine: {'line': b'-- Up-to-date: /home/stepan/ws_ros2/install/px4_msgs/local/lib/python3.10/dist-packages/px4_msgs/msg/_debug_value.py\n'}
[1.795357] (px4_msgs) StdoutLine: {'line': b'-- Up-to-date: /home/stepan/ws_ros2/install/px4_msgs/local/lib/python3.10/dist-packages/px4_msgs/msg/_estimator_status_s.c\n'}
[1.795454] (px4_msgs) StdoutLine: {'line': b'-- Up-to-date: /home/stepan/ws_ros2/install/px4_msgs/local/lib/python3.10/dist-packages/px4_msgs/msg/_gripper.py\n'}
[1.795506] (px4_msgs) StdoutLine: {'line': b'-- Up-to-date: /home/stepan/ws_ros2/install/px4_msgs/local/lib/python3.10/dist-packages/px4_msgs/msg/_qshell_retval_s.c\n'}
[1.795569] (px4_msgs) StdoutLine: {'line': b'-- Up-to-date: /home/stepan/ws_ros2/install/px4_msgs/local/lib/python3.10/dist-packages/px4_msgs/msg/_position_controller_landing_status.py\n'}
[1.795620] (px4_msgs) StdoutLine: {'line': b'-- Up-to-date: /home/stepan/ws_ros2/install/px4_msgs/local/lib/python3.10/dist-packages/px4_msgs/msg/_home_position.py\n'}
[1.795671] (px4_msgs) StdoutLine: {'line': b'-- Up-to-date: /home/stepan/ws_ros2/install/px4_msgs/local/lib/python3.10/dist-packages/px4_msgs/msg/_task_stack_info.py\n'}
[1.795722] (px4_msgs) StdoutLine: {'line': b'-- Up-to-date: /home/stepan/ws_ros2/install/px4_msgs/local/lib/python3.10/dist-packages/px4_msgs/msg/_action_request_s.c\n'}
[1.795801] (px4_msgs) StdoutLine: {'line': b'-- Up-to-date: /home/stepan/ws_ros2/install/px4_msgs/local/lib/python3.10/dist-packages/px4_msgs/msg/_gimbal_manager_information.py\n'}
[1.795854] (px4_msgs) StdoutLine: {'line': b'-- Up-to-date: /home/stepan/ws_ros2/install/px4_msgs/local/lib/python3.10/dist-packages/px4_msgs/msg/_landing_target_pose.py\n'}
[1.795906] (px4_msgs) StdoutLine: {'line': b'-- Up-to-date: /home/stepan/ws_ros2/install/px4_msgs/local/lib/python3.10/dist-packages/px4_msgs/msg/_mag_worker_data.py\n'}
[1.795957] (px4_msgs) StdoutLine: {'line': b'-- Up-to-date: /home/stepan/ws_ros2/install/px4_msgs/local/lib/python3.10/dist-packages/px4_msgs/msg/_orb_test_s.c\n'}
[1.796008] (px4_msgs) StdoutLine: {'line': b'-- Up-to-date: /home/stepan/ws_ros2/install/px4_msgs/local/lib/python3.10/dist-packages/px4_msgs/msg/_rtl_status_s.c\n'}
[1.796059] (px4_msgs) StdoutLine: {'line': b'-- Up-to-date: /home/stepan/ws_ros2/install/px4_msgs/local/lib/python3.10/dist-packages/px4_msgs/msg/_vehicle_local_position.py\n'}
[1.796114] (px4_msgs) StdoutLine: {'line': b'-- Up-to-date: /home/stepan/ws_ros2/install/px4_msgs/local/lib/python3.10/dist-packages/px4_msgs/msg/_health_report_s.c\n'}
[1.796170] (px4_msgs) StdoutLine: {'line': b'-- Up-to-date: /home/stepan/ws_ros2/install/px4_msgs/local/lib/python3.10/dist-packages/px4_msgs/msg/_tiltrotor_extra_controls_s.c\n'}
[1.796224] (px4_msgs) StdoutLine: {'line': b'-- Up-to-date: /home/stepan/ws_ros2/install/px4_msgs/local/lib/python3.10/dist-packages/px4_msgs/msg/_sensor_uwb_s.c\n'}
[1.796278] (px4_msgs) StdoutLine: {'line': b'-- Up-to-date: /home/stepan/ws_ros2/install/px4_msgs/local/lib/python3.10/dist-packages/px4_msgs/msg/_yaw_estimator_status.py\n'}
[1.796333] (px4_msgs) StdoutLine: {'line': b'-- Up-to-date: /home/stepan/ws_ros2/install/px4_msgs/local/lib/python3.10/dist-packages/px4_msgs/msg/_esc_status.py\n'}
[1.796406] (px4_msgs) StdoutLine: {'line': b'-- Up-to-date: /home/stepan/ws_ros2/install/px4_msgs/local/lib/python3.10/dist-packages/px4_msgs/msg/_rover_throttle_setpoint.py\n'}
[1.796517] (px4_msgs) StdoutLine: {'line': b'-- Up-to-date: /home/stepan/ws_ros2/install/px4_msgs/local/lib/python3.10/dist-packages/px4_msgs/msg/_manual_control_setpoint_s.c\n'}
[1.796605] (px4_msgs) StdoutLine: {'line': b'-- Up-to-date: /home/stepan/ws_ros2/install/px4_msgs/local/lib/python3.10/dist-packages/px4_msgs/msg/_radio_status.py\n'}
[1.796664] (px4_msgs) StdoutLine: {'line': b'-- Up-to-date: /home/stepan/ws_ros2/install/px4_msgs/local/lib/python3.10/dist-packages/px4_msgs/msg/_rc_parameter_map.py\n'}
[1.796719] (px4_msgs) StdoutLine: {'line': b'-- Up-to-date: /home/stepan/ws_ros2/install/px4_msgs/local/lib/python3.10/dist-packages/px4_msgs/msg/_distance_sensor_mode_change_request.py\n'}
[1.796775] (px4_msgs) StdoutLine: {'line': b'-- Up-to-date: /home/stepan/ws_ros2/install/px4_msgs/local/lib/python3.10/dist-packages/px4_msgs/msg/_iridiumsbd_status_s.c\n'}
[1.796838] (px4_msgs) StdoutLine: {'line': b'-- Up-to-date: /home/stepan/ws_ros2/install/px4_msgs/local/lib/python3.10/dist-packages/px4_msgs/msg/_gimbal_manager_set_manual_control.py\n'}
[1.796912] (px4_msgs) StdoutLine: {'line': b'-- Up-to-date: /home/stepan/ws_ros2/install/px4_msgs/local/lib/python3.10/dist-packages/px4_msgs/msg/_vehicle_land_detected.py\n'}
[1.797008] (px4_msgs) StdoutLine: {'line': b'-- Up-to-date: /home/stepan/ws_ros2/install/px4_msgs/local/lib/python3.10/dist-packages/px4_msgs/msg/_estimator_sensor_bias_s.c\n'}
[1.797117] (px4_msgs) StdoutLine: {'line': b'-- Up-to-date: /home/stepan/ws_ros2/install/px4_msgs/local/lib/python3.10/dist-packages/px4_msgs/msg/_arming_check_request_s.c\n'}
[1.797218] (px4_msgs) StdoutLine: {'line': b'-- Up-to-date: /home/stepan/ws_ros2/install/px4_msgs/local/lib/python3.10/dist-packages/px4_msgs/msg/_position_controller_status.py\n'}
[1.797305] (px4_msgs) StdoutLine: {'line': b'-- Up-to-date: /home/stepan/ws_ros2/install/px4_msgs/local/lib/python3.10/dist-packages/px4_msgs/msg/_actuator_test.py\n'}
[1.797373] (px4_msgs) StdoutLine: {'line': b'-- Up-to-date: /home/stepan/ws_ros2/install/px4_msgs/local/lib/python3.10/dist-packages/px4_msgs/msg/_gpio_config.py\n'}
[1.797512] (px4_msgs) StdoutLine: {'line': b'-- Up-to-date: /home/stepan/ws_ros2/install/px4_msgs/local/lib/python3.10/dist-packages/px4_msgs/msg/_mission_result.py\n'}
[1.797566] (px4_msgs) StdoutLine: {'line': b'-- Up-to-date: /home/stepan/ws_ros2/install/px4_msgs/local/lib/python3.10/dist-packages/px4_msgs/msg/_estimator_event_flags_s.c\n'}
[1.797620] (px4_msgs) StdoutLine: {'line': b'-- Up-to-date: /home/stepan/ws_ros2/install/px4_msgs/local/lib/python3.10/dist-packages/px4_msgs/msg/_navigator_status.py\n'}
[1.797676] (px4_msgs) StdoutLine: {'line': b'-- Up-to-date: /home/stepan/ws_ros2/install/px4_msgs/local/lib/python3.10/dist-packages/px4_msgs/msg/_vehicle_angular_velocity.py\n'}
[1.797731] (px4_msgs) StdoutLine: {'line': b'-- Up-to-date: /home/stepan/ws_ros2/install/px4_msgs/local/lib/python3.10/dist-packages/px4_msgs/px4_msgs_s__rosidl_typesupport_c.cpython-310-x86_64-linux-gnu.so\n'}
[1.797787] (px4_msgs) StdoutLine: {'line': b'-- Up-to-date: /home/stepan/ws_ros2/install/px4_msgs/local/lib/python3.10/dist-packages/px4_msgs/_px4_msgs_s.ep.rosidl_typesupport_fastrtps_c.c\n'}
[1.797842] (px4_msgs) StdoutLine: {'line': b'-- Up-to-date: /home/stepan/ws_ros2/install/px4_msgs/local/lib/python3.10/dist-packages/px4_msgs/srv\n'}
[1.797897] (px4_msgs) StdoutLine: {'line': b'-- Up-to-date: /home/stepan/ws_ros2/install/px4_msgs/local/lib/python3.10/dist-packages/px4_msgs/srv/_vehicle_command.py\n'}
[1.797982] (px4_msgs) StdoutLine: {'line': b'-- Up-to-date: /home/stepan/ws_ros2/install/px4_msgs/local/lib/python3.10/dist-packages/px4_msgs/srv/__init__.py\n'}
[1.798037] (px4_msgs) StdoutLine: {'line': b'-- Up-to-date: /home/stepan/ws_ros2/install/px4_msgs/local/lib/python3.10/dist-packages/px4_msgs/srv/_vehicle_command_s.c\n'}
[1.798092] (px4_msgs) StdoutLine: {'line': b'-- Up-to-date: /home/stepan/ws_ros2/install/px4_msgs/local/lib/python3.10/dist-packages/px4_msgs/px4_msgs_s__rosidl_typesupport_introspection_c.cpython-310-x86_64-linux-gnu.so\n'}
[1.798147] (px4_msgs) StdoutLine: {'line': b'-- Up-to-date: /home/stepan/ws_ros2/install/px4_msgs/local/lib/python3.10/dist-packages/px4_msgs/libpx4_msgs__rosidl_generator_py.so\n'}
[1.798200] (px4_msgs) StdoutLine: {'line': b"Listing '/home/stepan/ws_ros2/install/px4_msgs/local/lib/python3.10/dist-packages/px4_msgs'...\n"}
[1.798255] (px4_msgs) StdoutLine: {'line': b"Listing '/home/stepan/ws_ros2/install/px4_msgs/local/lib/python3.10/dist-packages/px4_msgs/msg'...\n"}
[1.798312] (px4_msgs) StdoutLine: {'line': b"Listing '/home/stepan/ws_ros2/install/px4_msgs/local/lib/python3.10/dist-packages/px4_msgs/srv'...\n"}
[1.798379] (px4_msgs) StdoutLine: {'line': b'-- Up-to-date: /home/stepan/ws_ros2/install/px4_msgs/local/lib/python3.10/dist-packages/px4_msgs/px4_msgs_s__rosidl_typesupport_fastrtps_c.cpython-310-x86_64-linux-gnu.so\n'}
[1.798463] (px4_msgs) StdoutLine: {'line': b'-- Up-to-date: /home/stepan/ws_ros2/install/px4_msgs/local/lib/python3.10/dist-packages/px4_msgs/px4_msgs_s__rosidl_typesupport_introspection_c.cpython-310-x86_64-linux-gnu.so\n'}
[1.798515] (px4_msgs) StdoutLine: {'line': b'-- Up-to-date: /home/stepan/ws_ros2/install/px4_msgs/local/lib/python3.10/dist-packages/px4_msgs/px4_msgs_s__rosidl_typesupport_c.cpython-310-x86_64-linux-gnu.so\n'}
[1.798571] (px4_msgs) StdoutLine: {'line': b'-- Up-to-date: /home/stepan/ws_ros2/install/px4_msgs/lib/libpx4_msgs__rosidl_generator_py.so\n'}
[1.798625] (px4_msgs) StdoutLine: {'line': b'-- Up-to-date: /home/stepan/ws_ros2/install/px4_msgs/share/px4_msgs/msg/AckermannVelocitySetpoint.idl\n'}
[1.798680] (px4_msgs) StdoutLine: {'line': b'-- Up-to-date: /home/stepan/ws_ros2/install/px4_msgs/share/px4_msgs/msg/ActionRequest.idl\n'}
[1.798736] (px4_msgs) StdoutLine: {'line': b'-- Up-to-date: /home/stepan/ws_ros2/install/px4_msgs/share/px4_msgs/msg/ActuatorArmed.idl\n'}
[1.798792] (px4_msgs) StdoutLine: {'line': b'-- Up-to-date: /home/stepan/ws_ros2/install/px4_msgs/share/px4_msgs/msg/ActuatorControlsStatus.idl\n'}
[1.798864] (px4_msgs) StdoutLine: {'line': b'-- Up-to-date: /home/stepan/ws_ros2/install/px4_msgs/share/px4_msgs/msg/ActuatorMotors.idl\n'}
[1.798919] (px4_msgs) StdoutLine: {'line': b'-- Up-to-date: /home/stepan/ws_ros2/install/px4_msgs/share/px4_msgs/msg/ActuatorOutputs.idl\n'}
[1.798974] (px4_msgs) StdoutLine: {'line': b'-- Up-to-date: /home/stepan/ws_ros2/install/px4_msgs/share/px4_msgs/msg/ActuatorServos.idl\n'}
[1.799028] (px4_msgs) StdoutLine: {'line': b'-- Up-to-date: /home/stepan/ws_ros2/install/px4_msgs/share/px4_msgs/msg/ActuatorServosTrim.idl\n'}
[1.799082] (px4_msgs) StdoutLine: {'line': b'-- Up-to-date: /home/stepan/ws_ros2/install/px4_msgs/share/px4_msgs/msg/ActuatorTest.idl\n'}
[1.799137] (px4_msgs) StdoutLine: {'line': b'-- Up-to-date: /home/stepan/ws_ros2/install/px4_msgs/share/px4_msgs/msg/AdcReport.idl\n'}
[1.799191] (px4_msgs) StdoutLine: {'line': b'-- Up-to-date: /home/stepan/ws_ros2/install/px4_msgs/share/px4_msgs/msg/Airspeed.idl\n'}
[1.799246] (px4_msgs) StdoutLine: {'line': b'-- Up-to-date: /home/stepan/ws_ros2/install/px4_msgs/share/px4_msgs/msg/AirspeedValidated.idl\n'}
[1.799301] (px4_msgs) StdoutLine: {'line': b'-- Up-to-date: /home/stepan/ws_ros2/install/px4_msgs/share/px4_msgs/msg/AirspeedWind.idl\n'}
[1.799355] (px4_msgs) StdoutLine: {'line': b'-- Up-to-date: /home/stepan/ws_ros2/install/px4_msgs/share/px4_msgs/msg/ArmingCheckReply.idl\n'}
[1.799428] (px4_msgs) StdoutLine: {'line': b'-- Up-to-date: /home/stepan/ws_ros2/install/px4_msgs/share/px4_msgs/msg/ArmingCheckRequest.idl\n'}
[1.799512] (px4_msgs) StdoutLine: {'line': b'-- Up-to-date: /home/stepan/ws_ros2/install/px4_msgs/share/px4_msgs/msg/AutotuneAttitudeControlStatus.idl\n'}
[1.799565] (px4_msgs) StdoutLine: {'line': b'-- Up-to-date: /home/stepan/ws_ros2/install/px4_msgs/share/px4_msgs/msg/BatteryStatus.idl\n'}
[1.799616] (px4_msgs) StdoutLine: {'line': b'-- Up-to-date: /home/stepan/ws_ros2/install/px4_msgs/share/px4_msgs/msg/ButtonEvent.idl\n'}
[1.799666] (px4_msgs) StdoutLine: {'line': b'-- Up-to-date: /home/stepan/ws_ros2/install/px4_msgs/share/px4_msgs/msg/CameraCapture.idl\n'}
[1.799718] (px4_msgs) StdoutLine: {'line': b'-- Up-to-date: /home/stepan/ws_ros2/install/px4_msgs/share/px4_msgs/msg/CameraStatus.idl\n'}
[1.799771] (px4_msgs) StdoutLine: {'line': b'-- Up-to-date: /home/stepan/ws_ros2/install/px4_msgs/share/px4_msgs/msg/CameraTrigger.idl\n'}
[1.799825] (px4_msgs) StdoutLine: {'line': b'-- Up-to-date: /home/stepan/ws_ros2/install/px4_msgs/share/px4_msgs/msg/CanInterfaceStatus.idl\n'}
[1.799878] (px4_msgs) StdoutLine: {'line': b'-- Up-to-date: /home/stepan/ws_ros2/install/px4_msgs/share/px4_msgs/msg/CellularStatus.idl\n'}
[1.799932] (px4_msgs) StdoutLine: {'line': b'-- Up-to-date: /home/stepan/ws_ros2/install/px4_msgs/share/px4_msgs/msg/CollisionConstraints.idl\n'}
[1.799986] (px4_msgs) StdoutLine: {'line': b'-- Up-to-date: /home/stepan/ws_ros2/install/px4_msgs/share/px4_msgs/msg/ConfigOverrides.idl\n'}
[1.800039] (px4_msgs) StdoutLine: {'line': b'-- Up-to-date: /home/stepan/ws_ros2/install/px4_msgs/share/px4_msgs/msg/ControlAllocatorStatus.idl\n'}
[1.800093] (px4_msgs) StdoutLine: {'line': b'-- Up-to-date: /home/stepan/ws_ros2/install/px4_msgs/share/px4_msgs/msg/Cpuload.idl\n'}
[1.800147] (px4_msgs) StdoutLine: {'line': b'-- Up-to-date: /home/stepan/ws_ros2/install/px4_msgs/share/px4_msgs/msg/DatamanRequest.idl\n'}
[1.800201] (px4_msgs) StdoutLine: {'line': b'-- Up-to-date: /home/stepan/ws_ros2/install/px4_msgs/share/px4_msgs/msg/DatamanResponse.idl\n'}
[1.800285] (px4_msgs) StdoutLine: {'line': b'-- Up-to-date: /home/stepan/ws_ros2/install/px4_msgs/share/px4_msgs/msg/DebugArray.idl\n'}
[1.800354] (px4_msgs) StdoutLine: {'line': b'-- Up-to-date: /home/stepan/ws_ros2/install/px4_msgs/share/px4_msgs/msg/DebugKeyValue.idl\n'}
[1.800425] (px4_msgs) StdoutLine: {'line': b'-- Up-to-date: /home/stepan/ws_ros2/install/px4_msgs/share/px4_msgs/msg/DebugValue.idl\n'}
[1.800532] (px4_msgs) StdoutLine: {'line': b'-- Up-to-date: /home/stepan/ws_ros2/install/px4_msgs/share/px4_msgs/msg/DebugVect.idl\n'}
[1.800587] (px4_msgs) StdoutLine: {'line': b'-- Up-to-date: /home/stepan/ws_ros2/install/px4_msgs/share/px4_msgs/msg/DifferentialPressure.idl\n'}
[1.800646] (px4_msgs) StdoutLine: {'line': b'-- Up-to-date: /home/stepan/ws_ros2/install/px4_msgs/share/px4_msgs/msg/DistanceSensor.idl\n'}
[1.800701] (px4_msgs) StdoutLine: {'line': b'-- Up-to-date: /home/stepan/ws_ros2/install/px4_msgs/share/px4_msgs/msg/DistanceSensorModeChangeRequest.idl\n'}
[1.800758] (px4_msgs) StdoutLine: {'line': b'-- Up-to-date: /home/stepan/ws_ros2/install/px4_msgs/share/px4_msgs/msg/Ekf2Timestamps.idl\n'}
[1.800821] (px4_msgs) StdoutLine: {'line': b'-- Up-to-date: /home/stepan/ws_ros2/install/px4_msgs/share/px4_msgs/msg/EscReport.idl\n'}
[1.800898] (px4_msgs) StdoutLine: {'line': b'-- Up-to-date: /home/stepan/ws_ros2/install/px4_msgs/share/px4_msgs/msg/EscStatus.idl\n'}
[1.800979] (px4_msgs) StdoutLine: {'line': b'-- Up-to-date: /home/stepan/ws_ros2/install/px4_msgs/share/px4_msgs/msg/EstimatorAidSource1d.idl\n'}
[1.801058] (px4_msgs) StdoutLine: {'line': b'-- Up-to-date: /home/stepan/ws_ros2/install/px4_msgs/share/px4_msgs/msg/EstimatorAidSource2d.idl\n'}
[1.801142] (px4_msgs) StdoutLine: {'line': b'-- Up-to-date: /home/stepan/ws_ros2/install/px4_msgs/share/px4_msgs/msg/EstimatorAidSource3d.idl\n'}
[1.801223] (px4_msgs) StdoutLine: {'line': b'-- Up-to-date: /home/stepan/ws_ros2/install/px4_msgs/share/px4_msgs/msg/EstimatorBias.idl\n'}
[1.801323] (px4_msgs) StdoutLine: {'line': b'-- Up-to-date: /home/stepan/ws_ros2/install/px4_msgs/share/px4_msgs/msg/EstimatorBias3d.idl\n'}
[1.801440] (px4_msgs) StdoutLine: {'line': b'-- Up-to-date: /home/stepan/ws_ros2/install/px4_msgs/share/px4_msgs/msg/EstimatorEventFlags.idl\n'}
[1.801500] (px4_msgs) StdoutLine: {'line': b'-- Up-to-date: /home/stepan/ws_ros2/install/px4_msgs/share/px4_msgs/msg/EstimatorGpsStatus.idl\n'}
[1.801555] (px4_msgs) StdoutLine: {'line': b'-- Up-to-date: /home/stepan/ws_ros2/install/px4_msgs/share/px4_msgs/msg/EstimatorInnovations.idl\n'}
[1.801610] (px4_msgs) StdoutLine: {'line': b'-- Up-to-date: /home/stepan/ws_ros2/install/px4_msgs/share/px4_msgs/msg/EstimatorSelectorStatus.idl\n'}
[1.801664] (px4_msgs) StdoutLine: {'line': b'-- Up-to-date: /home/stepan/ws_ros2/install/px4_msgs/share/px4_msgs/msg/EstimatorSensorBias.idl\n'}
[1.801719] (px4_msgs) StdoutLine: {'line': b'-- Up-to-date: /home/stepan/ws_ros2/install/px4_msgs/share/px4_msgs/msg/EstimatorStates.idl\n'}
[1.801773] (px4_msgs) StdoutLine: {'line': b'-- Up-to-date: /home/stepan/ws_ros2/install/px4_msgs/share/px4_msgs/msg/EstimatorStatus.idl\n'}
[1.801828] (px4_msgs) StdoutLine: {'line': b'-- Up-to-date: /home/stepan/ws_ros2/install/px4_msgs/share/px4_msgs/msg/EstimatorStatusFlags.idl\n'}
[1.801882] (px4_msgs) StdoutLine: {'line': b'-- Up-to-date: /home/stepan/ws_ros2/install/px4_msgs/share/px4_msgs/msg/Event.idl\n'}
[1.801936] (px4_msgs) StdoutLine: {'line': b'-- Up-to-date: /home/stepan/ws_ros2/install/px4_msgs/share/px4_msgs/msg/FailsafeFlags.idl\n'}
[1.801990] (px4_msgs) StdoutLine: {'line': b'-- Up-to-date: /home/stepan/ws_ros2/install/px4_msgs/share/px4_msgs/msg/FailureDetectorStatus.idl\n'}
[1.802088] (px4_msgs) StdoutLine: {'line': b'-- Up-to-date: /home/stepan/ws_ros2/install/px4_msgs/share/px4_msgs/msg/FigureEightStatus.idl\n'}
[1.802142] (px4_msgs) StdoutLine: {'line': b'-- Up-to-date: /home/stepan/ws_ros2/install/px4_msgs/share/px4_msgs/msg/FlightPhaseEstimation.idl\n'}
[1.802193] (px4_msgs) StdoutLine: {'line': b'-- Up-to-date: /home/stepan/ws_ros2/install/px4_msgs/share/px4_msgs/msg/FollowTarget.idl\n'}
[1.802244] (px4_msgs) StdoutLine: {'line': b'-- Up-to-date: /home/stepan/ws_ros2/install/px4_msgs/share/px4_msgs/msg/FollowTargetEstimator.idl\n'}
[1.802299] (px4_msgs) StdoutLine: {'line': b'-- Up-to-date: /home/stepan/ws_ros2/install/px4_msgs/share/px4_msgs/msg/FollowTargetStatus.idl\n'}
[1.802355] (px4_msgs) StdoutLine: {'line': b'-- Up-to-date: /home/stepan/ws_ros2/install/px4_msgs/share/px4_msgs/msg/FuelTankStatus.idl\n'}
[1.802426] (px4_msgs) StdoutLine: {'line': b'-- Up-to-date: /home/stepan/ws_ros2/install/px4_msgs/share/px4_msgs/msg/GeneratorStatus.idl\n'}
[1.802505] (px4_msgs) StdoutLine: {'line': b'-- Up-to-date: /home/stepan/ws_ros2/install/px4_msgs/share/px4_msgs/msg/GeofenceResult.idl\n'}
[1.802578] (px4_msgs) StdoutLine: {'line': b'-- Up-to-date: /home/stepan/ws_ros2/install/px4_msgs/share/px4_msgs/msg/GeofenceStatus.idl\n'}
[1.802630] (px4_msgs) StdoutLine: {'line': b'-- Up-to-date: /home/stepan/ws_ros2/install/px4_msgs/share/px4_msgs/msg/GimbalControls.idl\n'}
[1.802680] (px4_msgs) StdoutLine: {'line': b'-- Up-to-date: /home/stepan/ws_ros2/install/px4_msgs/share/px4_msgs/msg/GimbalDeviceAttitudeStatus.idl\n'}
[1.802731] (px4_msgs) StdoutLine: {'line': b'-- Up-to-date: /home/stepan/ws_ros2/install/px4_msgs/share/px4_msgs/msg/GimbalDeviceInformation.idl\n'}
[1.802780] (px4_msgs) StdoutLine: {'line': b'-- Up-to-date: /home/stepan/ws_ros2/install/px4_msgs/share/px4_msgs/msg/GimbalDeviceSetAttitude.idl\n'}
[1.802828] (-) TimerEvent: {}
[1.802938] (px4_msgs) StdoutLine: {'line': b'-- Up-to-date: /home/stepan/ws_ros2/install/px4_msgs/share/px4_msgs/msg/GimbalManagerInformation.idl\n'}
[1.802998] (px4_msgs) StdoutLine: {'line': b'-- Up-to-date: /home/stepan/ws_ros2/install/px4_msgs/share/px4_msgs/msg/GimbalManagerSetAttitude.idl\n'}
[1.803050] (px4_msgs) StdoutLine: {'line': b'-- Up-to-date: /home/stepan/ws_ros2/install/px4_msgs/share/px4_msgs/msg/GimbalManagerSetManualControl.idl\n'}
[1.803100] (px4_msgs) StdoutLine: {'line': b'-- Up-to-date: /home/stepan/ws_ros2/install/px4_msgs/share/px4_msgs/msg/GimbalManagerStatus.idl\n'}
[1.803159] (px4_msgs) StdoutLine: {'line': b'-- Up-to-date: /home/stepan/ws_ros2/install/px4_msgs/share/px4_msgs/msg/GotoSetpoint.idl\n'}
[1.803210] (px4_msgs) StdoutLine: {'line': b'-- Up-to-date: /home/stepan/ws_ros2/install/px4_msgs/share/px4_msgs/msg/GpioConfig.idl\n'}
[1.803261] (px4_msgs) StdoutLine: {'line': b'-- Up-to-date: /home/stepan/ws_ros2/install/px4_msgs/share/px4_msgs/msg/GpioIn.idl\n'}
[1.803311] (px4_msgs) StdoutLine: {'line': b'-- Up-to-date: /home/stepan/ws_ros2/install/px4_msgs/share/px4_msgs/msg/GpioOut.idl\n'}
[1.803374] (px4_msgs) StdoutLine: {'line': b'-- Up-to-date: /home/stepan/ws_ros2/install/px4_msgs/share/px4_msgs/msg/GpioRequest.idl\n'}
[1.803436] (px4_msgs) StdoutLine: {'line': b'-- Up-to-date: /home/stepan/ws_ros2/install/px4_msgs/share/px4_msgs/msg/GpsDump.idl\n'}
[1.803491] (px4_msgs) StdoutLine: {'line': b'-- Up-to-date: /home/stepan/ws_ros2/install/px4_msgs/share/px4_msgs/msg/GpsInjectData.idl\n'}
[1.803545] (px4_msgs) StdoutLine: {'line': b'-- Up-to-date: /home/stepan/ws_ros2/install/px4_msgs/share/px4_msgs/msg/Gripper.idl\n'}
[1.803598] (px4_msgs) StdoutLine: {'line': b'-- Up-to-date: /home/stepan/ws_ros2/install/px4_msgs/share/px4_msgs/msg/HealthReport.idl\n'}
[1.803651] (px4_msgs) StdoutLine: {'line': b'-- Up-to-date: /home/stepan/ws_ros2/install/px4_msgs/share/px4_msgs/msg/HeaterStatus.idl\n'}
[1.803705] (px4_msgs) StdoutLine: {'line': b'-- Up-to-date: /home/stepan/ws_ros2/install/px4_msgs/share/px4_msgs/msg/HomePosition.idl\n'}
[1.803759] (px4_msgs) StdoutLine: {'line': b'-- Up-to-date: /home/stepan/ws_ros2/install/px4_msgs/share/px4_msgs/msg/HoverThrustEstimate.idl\n'}
[1.803813] (px4_msgs) StdoutLine: {'line': b'-- Up-to-date: /home/stepan/ws_ros2/install/px4_msgs/share/px4_msgs/msg/InputRc.idl\n'}
[1.803869] (px4_msgs) StdoutLine: {'line': b'-- Up-to-date: /home/stepan/ws_ros2/install/px4_msgs/share/px4_msgs/msg/InternalCombustionEngineControl.idl\n'}
[1.803924] (px4_msgs) StdoutLine: {'line': b'-- Up-to-date: /home/stepan/ws_ros2/install/px4_msgs/share/px4_msgs/msg/InternalCombustionEngineStatus.idl\n'}
[1.803978] (px4_msgs) StdoutLine: {'line': b'-- Up-to-date: /home/stepan/ws_ros2/install/px4_msgs/share/px4_msgs/msg/IridiumsbdStatus.idl\n'}
[1.804031] (px4_msgs) StdoutLine: {'line': b'-- Up-to-date: /home/stepan/ws_ros2/install/px4_msgs/share/px4_msgs/msg/IrlockReport.idl\n'}
[1.804086] (px4_msgs) StdoutLine: {'line': b'-- Up-to-date: /home/stepan/ws_ros2/install/px4_msgs/share/px4_msgs/msg/LandingGear.idl\n'}
[1.804140] (px4_msgs) StdoutLine: {'line': b'-- Up-to-date: /home/stepan/ws_ros2/install/px4_msgs/share/px4_msgs/msg/LandingGearWheel.idl\n'}
[1.804235] (px4_msgs) StdoutLine: {'line': b'-- Up-to-date: /home/stepan/ws_ros2/install/px4_msgs/share/px4_msgs/msg/LandingTargetInnovations.idl\n'}
[1.804286] (px4_msgs) StdoutLine: {'line': b'-- Up-to-date: /home/stepan/ws_ros2/install/px4_msgs/share/px4_msgs/msg/LandingTargetPose.idl\n'}
[1.804336] (px4_msgs) StdoutLine: {'line': b'-- Up-to-date: /home/stepan/ws_ros2/install/px4_msgs/share/px4_msgs/msg/LaunchDetectionStatus.idl\n'}
[1.804403] (px4_msgs) StdoutLine: {'line': b'-- Up-to-date: /home/stepan/ws_ros2/install/px4_msgs/share/px4_msgs/msg/LedControl.idl\n'}
[1.804493] (px4_msgs) StdoutLine: {'line': b'-- Up-to-date: /home/stepan/ws_ros2/install/px4_msgs/share/px4_msgs/msg/LogMessage.idl\n'}
[1.804564] (px4_msgs) StdoutLine: {'line': b'-- Up-to-date: /home/stepan/ws_ros2/install/px4_msgs/share/px4_msgs/msg/LoggerStatus.idl\n'}
[1.804617] (px4_msgs) StdoutLine: {'line': b'-- Up-to-date: /home/stepan/ws_ros2/install/px4_msgs/share/px4_msgs/msg/MagWorkerData.idl\n'}
[1.804667] (px4_msgs) StdoutLine: {'line': b'-- Up-to-date: /home/stepan/ws_ros2/install/px4_msgs/share/px4_msgs/msg/MagnetometerBiasEstimate.idl\n'}
[1.804717] (px4_msgs) StdoutLine: {'line': b'-- Up-to-date: /home/stepan/ws_ros2/install/px4_msgs/share/px4_msgs/msg/ManualControlSetpoint.idl\n'}
[1.804768] (px4_msgs) StdoutLine: {'line': b'-- Up-to-date: /home/stepan/ws_ros2/install/px4_msgs/share/px4_msgs/msg/ManualControlSwitches.idl\n'}
[1.804826] (px4_msgs) StdoutLine: {'line': b'-- Up-to-date: /home/stepan/ws_ros2/install/px4_msgs/share/px4_msgs/msg/MavlinkLog.idl\n'}
[1.804901] (px4_msgs) StdoutLine: {'line': b'-- Up-to-date: /home/stepan/ws_ros2/install/px4_msgs/share/px4_msgs/msg/MavlinkTunnel.idl\n'}
[1.804987] (px4_msgs) StdoutLine: {'line': b'-- Up-to-date: /home/stepan/ws_ros2/install/px4_msgs/share/px4_msgs/msg/MessageFormatRequest.idl\n'}
[1.805079] (px4_msgs) StdoutLine: {'line': b'-- Up-to-date: /home/stepan/ws_ros2/install/px4_msgs/share/px4_msgs/msg/MessageFormatResponse.idl\n'}
[1.805173] (px4_msgs) StdoutLine: {'line': b'-- Up-to-date: /home/stepan/ws_ros2/install/px4_msgs/share/px4_msgs/msg/Mission.idl\n'}
[1.805264] (px4_msgs) StdoutLine: {'line': b'-- Up-to-date: /home/stepan/ws_ros2/install/px4_msgs/share/px4_msgs/msg/MissionResult.idl\n'}
[1.805340] (px4_msgs) StdoutLine: {'line': b'-- Up-to-date: /home/stepan/ws_ros2/install/px4_msgs/share/px4_msgs/msg/ModeCompleted.idl\n'}
[1.805465] (px4_msgs) StdoutLine: {'line': b'-- Up-to-date: /home/stepan/ws_ros2/install/px4_msgs/share/px4_msgs/msg/MountOrientation.idl\n'}
[1.805527] (px4_msgs) StdoutLine: {'line': b'-- Up-to-date: /home/stepan/ws_ros2/install/px4_msgs/share/px4_msgs/msg/NavigatorMissionItem.idl\n'}
[1.805598] (px4_msgs) StdoutLine: {'line': b'-- Up-to-date: /home/stepan/ws_ros2/install/px4_msgs/share/px4_msgs/msg/NavigatorStatus.idl\n'}
[1.805668] (px4_msgs) StdoutLine: {'line': b'-- Up-to-date: /home/stepan/ws_ros2/install/px4_msgs/share/px4_msgs/msg/NormalizedUnsignedSetpoint.idl\n'}
[1.805739] (px4_msgs) StdoutLine: {'line': b'-- Up-to-date: /home/stepan/ws_ros2/install/px4_msgs/share/px4_msgs/msg/NpfgStatus.idl\n'}
[1.805809] (px4_msgs) StdoutLine: {'line': b'-- Up-to-date: /home/stepan/ws_ros2/install/px4_msgs/share/px4_msgs/msg/ObstacleDistance.idl\n'}
[1.805877] (px4_msgs) StdoutLine: {'line': b'-- Up-to-date: /home/stepan/ws_ros2/install/px4_msgs/share/px4_msgs/msg/OffboardControlMode.idl\n'}
[1.805948] (px4_msgs) StdoutLine: {'line': b'-- Up-to-date: /home/stepan/ws_ros2/install/px4_msgs/share/px4_msgs/msg/OnboardComputerStatus.idl\n'}
[1.806018] (px4_msgs) StdoutLine: {'line': b'-- Up-to-date: /home/stepan/ws_ros2/install/px4_msgs/share/px4_msgs/msg/OpenDroneIdArmStatus.idl\n'}
[1.806121] (px4_msgs) StdoutLine: {'line': b'-- Up-to-date: /home/stepan/ws_ros2/install/px4_msgs/share/px4_msgs/msg/OpenDroneIdOperatorId.idl\n'}
[1.806176] (px4_msgs) StdoutLine: {'line': b'-- Up-to-date: /home/stepan/ws_ros2/install/px4_msgs/share/px4_msgs/msg/OpenDroneIdSelfId.idl\n'}
[1.806230] (px4_msgs) StdoutLine: {'line': b'-- Up-to-date: /home/stepan/ws_ros2/install/px4_msgs/share/px4_msgs/msg/OpenDroneIdSystem.idl\n'}
[1.806313] (px4_msgs) StdoutLine: {'line': b'-- Up-to-date: /home/stepan/ws_ros2/install/px4_msgs/share/px4_msgs/msg/OrbTest.idl\n'}
[1.806376] (px4_msgs) StdoutLine: {'line': b'-- Up-to-date: /home/stepan/ws_ros2/install/px4_msgs/share/px4_msgs/msg/OrbTestLarge.idl\n'}
[1.806435] (px4_msgs) StdoutLine: {'line': b'-- Up-to-date: /home/stepan/ws_ros2/install/px4_msgs/share/px4_msgs/msg/OrbTestMedium.idl\n'}
[1.806493] (px4_msgs) StdoutLine: {'line': b'-- Up-to-date: /home/stepan/ws_ros2/install/px4_msgs/share/px4_msgs/msg/OrbitStatus.idl\n'}
[1.806565] (px4_msgs) StdoutLine: {'line': b'-- Up-to-date: /home/stepan/ws_ros2/install/px4_msgs/share/px4_msgs/msg/ParameterResetRequest.idl\n'}
[1.806635] (px4_msgs) StdoutLine: {'line': b'-- Up-to-date: /home/stepan/ws_ros2/install/px4_msgs/share/px4_msgs/msg/ParameterSetUsedRequest.idl\n'}
[1.806705] (px4_msgs) StdoutLine: {'line': b'-- Up-to-date: /home/stepan/ws_ros2/install/px4_msgs/share/px4_msgs/msg/ParameterSetValueRequest.idl\n'}
[1.806775] (px4_msgs) StdoutLine: {'line': b'-- Up-to-date: /home/stepan/ws_ros2/install/px4_msgs/share/px4_msgs/msg/ParameterSetValueResponse.idl\n'}
[1.806845] (px4_msgs) StdoutLine: {'line': b'-- Up-to-date: /home/stepan/ws_ros2/install/px4_msgs/share/px4_msgs/msg/ParameterUpdate.idl\n'}
[1.806914] (px4_msgs) StdoutLine: {'line': b'-- Up-to-date: /home/stepan/ws_ros2/install/px4_msgs/share/px4_msgs/msg/Ping.idl\n'}
[1.806983] (px4_msgs) StdoutLine: {'line': b'-- Up-to-date: /home/stepan/ws_ros2/install/px4_msgs/share/px4_msgs/msg/PositionControllerLandingStatus.idl\n'}
[1.807051] (px4_msgs) StdoutLine: {'line': b'-- Up-to-date: /home/stepan/ws_ros2/install/px4_msgs/share/px4_msgs/msg/PositionControllerStatus.idl\n'}
[1.807120] (px4_msgs) StdoutLine: {'line': b'-- Up-to-date: /home/stepan/ws_ros2/install/px4_msgs/share/px4_msgs/msg/PositionSetpoint.idl\n'}
[1.807189] (px4_msgs) StdoutLine: {'line': b'-- Up-to-date: /home/stepan/ws_ros2/install/px4_msgs/share/px4_msgs/msg/PositionSetpointTriplet.idl\n'}
[1.807259] (px4_msgs) StdoutLine: {'line': b'-- Up-to-date: /home/stepan/ws_ros2/install/px4_msgs/share/px4_msgs/msg/PowerButtonState.idl\n'}
[1.807377] (px4_msgs) StdoutLine: {'line': b'-- Up-to-date: /home/stepan/ws_ros2/install/px4_msgs/share/px4_msgs/msg/PowerMonitor.idl\n'}
[1.807457] (px4_msgs) StdoutLine: {'line': b'-- Up-to-date: /home/stepan/ws_ros2/install/px4_msgs/share/px4_msgs/msg/PpsCapture.idl\n'}
[1.807529] (px4_msgs) StdoutLine: {'line': b'-- Up-to-date: /home/stepan/ws_ros2/install/px4_msgs/share/px4_msgs/msg/PurePursuitStatus.idl\n'}
[1.807599] (px4_msgs) StdoutLine: {'line': b'-- Up-to-date: /home/stepan/ws_ros2/install/px4_msgs/share/px4_msgs/msg/PwmInput.idl\n'}
[1.807668] (px4_msgs) StdoutLine: {'line': b'-- Up-to-date: /home/stepan/ws_ros2/install/px4_msgs/share/px4_msgs/msg/Px4ioStatus.idl\n'}
[1.807737] (px4_msgs) StdoutLine: {'line': b'-- Up-to-date: /home/stepan/ws_ros2/install/px4_msgs/share/px4_msgs/msg/QshellReq.idl\n'}
[1.807805] (px4_msgs) StdoutLine: {'line': b'-- Up-to-date: /home/stepan/ws_ros2/install/px4_msgs/share/px4_msgs/msg/QshellRetval.idl\n'}
[1.807874] (px4_msgs) StdoutLine: {'line': b'-- Up-to-date: /home/stepan/ws_ros2/install/px4_msgs/share/px4_msgs/msg/RadioStatus.idl\n'}
[1.807942] (px4_msgs) StdoutLine: {'line': b'-- Up-to-date: /home/stepan/ws_ros2/install/px4_msgs/share/px4_msgs/msg/RateCtrlStatus.idl\n'}
[1.808011] (px4_msgs) StdoutLine: {'line': b'-- Up-to-date: /home/stepan/ws_ros2/install/px4_msgs/share/px4_msgs/msg/RcChannels.idl\n'}
[1.808080] (px4_msgs) StdoutLine: {'line': b'-- Up-to-date: /home/stepan/ws_ros2/install/px4_msgs/share/px4_msgs/msg/RcParameterMap.idl\n'}
[1.808148] (px4_msgs) StdoutLine: {'line': b'-- Up-to-date: /home/stepan/ws_ros2/install/px4_msgs/share/px4_msgs/msg/RegisterExtComponentReply.idl\n'}
[1.808217] (px4_msgs) StdoutLine: {'line': b'-- Up-to-date: /home/stepan/ws_ros2/install/px4_msgs/share/px4_msgs/msg/RegisterExtComponentRequest.idl\n'}
[1.808319] (px4_msgs) StdoutLine: {'line': b'-- Up-to-date: /home/stepan/ws_ros2/install/px4_msgs/share/px4_msgs/msg/RoverAttitudeSetpoint.idl\n'}
[1.808380] (px4_msgs) StdoutLine: {'line': b'-- Up-to-date: /home/stepan/ws_ros2/install/px4_msgs/share/px4_msgs/msg/RoverAttitudeStatus.idl\n'}
[1.808439] (px4_msgs) StdoutLine: {'line': b'-- Up-to-date: /home/stepan/ws_ros2/install/px4_msgs/share/px4_msgs/msg/RoverPositionSetpoint.idl\n'}
[1.808497] (px4_msgs) StdoutLine: {'line': b'-- Up-to-date: /home/stepan/ws_ros2/install/px4_msgs/share/px4_msgs/msg/RoverRateSetpoint.idl\n'}
[1.808572] (px4_msgs) StdoutLine: {'line': b'-- Up-to-date: /home/stepan/ws_ros2/install/px4_msgs/share/px4_msgs/msg/RoverRateStatus.idl\n'}
[1.808630] (px4_msgs) StdoutLine: {'line': b'-- Up-to-date: /home/stepan/ws_ros2/install/px4_msgs/share/px4_msgs/msg/RoverSteeringSetpoint.idl\n'}
[1.808705] (px4_msgs) StdoutLine: {'line': b'-- Up-to-date: /home/stepan/ws_ros2/install/px4_msgs/share/px4_msgs/msg/RoverThrottleSetpoint.idl\n'}
[1.808775] (px4_msgs) StdoutLine: {'line': b'-- Up-to-date: /home/stepan/ws_ros2/install/px4_msgs/share/px4_msgs/msg/RoverVelocityStatus.idl\n'}
[1.808845] (px4_msgs) StdoutLine: {'line': b'-- Up-to-date: /home/stepan/ws_ros2/install/px4_msgs/share/px4_msgs/msg/Rpm.idl\n'}
[1.808928] (px4_msgs) StdoutLine: {'line': b'-- Up-to-date: /home/stepan/ws_ros2/install/px4_msgs/share/px4_msgs/msg/RtlStatus.idl\n'}
[1.809014] (px4_msgs) StdoutLine: {'line': b'-- Up-to-date: /home/stepan/ws_ros2/install/px4_msgs/share/px4_msgs/msg/RtlTimeEstimate.idl\n'}
[1.809099] (px4_msgs) StdoutLine: {'line': b'-- Up-to-date: /home/stepan/ws_ros2/install/px4_msgs/share/px4_msgs/msg/SatelliteInfo.idl\n'}
[1.809191] (px4_msgs) StdoutLine: {'line': b'-- Up-to-date: /home/stepan/ws_ros2/install/px4_msgs/share/px4_msgs/msg/SensorAccel.idl\n'}
[1.809341] (px4_msgs) StdoutLine: {'line': b'-- Up-to-date: /home/stepan/ws_ros2/install/px4_msgs/share/px4_msgs/msg/SensorAccelFifo.idl\n'}
[1.809454] (px4_msgs) StdoutLine: {'line': b'-- Up-to-date: /home/stepan/ws_ros2/install/px4_msgs/share/px4_msgs/msg/SensorAirflow.idl\n'}
[1.809511] (px4_msgs) StdoutLine: {'line': b'-- Up-to-date: /home/stepan/ws_ros2/install/px4_msgs/share/px4_msgs/msg/SensorBaro.idl\n'}
[1.809563] (px4_msgs) StdoutLine: {'line': b'-- Up-to-date: /home/stepan/ws_ros2/install/px4_msgs/share/px4_msgs/msg/SensorCombined.idl\n'}
[1.809614] (px4_msgs) StdoutLine: {'line': b'-- Up-to-date: /home/stepan/ws_ros2/install/px4_msgs/share/px4_msgs/msg/SensorCorrection.idl\n'}
[1.809665] (px4_msgs) StdoutLine: {'line': b'-- Up-to-date: /home/stepan/ws_ros2/install/px4_msgs/share/px4_msgs/msg/SensorGnssRelative.idl\n'}
[1.809719] (px4_msgs) StdoutLine: {'line': b'-- Up-to-date: /home/stepan/ws_ros2/install/px4_msgs/share/px4_msgs/msg/SensorGps.idl\n'}
[1.809793] (px4_msgs) StdoutLine: {'line': b'-- Up-to-date: /home/stepan/ws_ros2/install/px4_msgs/share/px4_msgs/msg/SensorGyro.idl\n'}
[1.809863] (px4_msgs) StdoutLine: {'line': b'-- Up-to-date: /home/stepan/ws_ros2/install/px4_msgs/share/px4_msgs/msg/SensorGyroFft.idl\n'}
[1.809934] (px4_msgs) StdoutLine: {'line': b'-- Up-to-date: /home/stepan/ws_ros2/install/px4_msgs/share/px4_msgs/msg/SensorGyroFifo.idl\n'}
[1.810003] (px4_msgs) StdoutLine: {'line': b'-- Up-to-date: /home/stepan/ws_ros2/install/px4_msgs/share/px4_msgs/msg/SensorHygrometer.idl\n'}
[1.810073] (px4_msgs) StdoutLine: {'line': b'-- Up-to-date: /home/stepan/ws_ros2/install/px4_msgs/share/px4_msgs/msg/SensorMag.idl\n'}
[1.810142] (px4_msgs) StdoutLine: {'line': b'-- Up-to-date: /home/stepan/ws_ros2/install/px4_msgs/share/px4_msgs/msg/SensorOpticalFlow.idl\n'}
[1.810212] (px4_msgs) StdoutLine: {'line': b'-- Up-to-date: /home/stepan/ws_ros2/install/px4_msgs/share/px4_msgs/msg/SensorPreflightMag.idl\n'}
[1.810321] (px4_msgs) StdoutLine: {'line': b'-- Up-to-date: /home/stepan/ws_ros2/install/px4_msgs/share/px4_msgs/msg/SensorSelection.idl\n'}
[1.810419] (px4_msgs) StdoutLine: {'line': b'-- Up-to-date: /home/stepan/ws_ros2/install/px4_msgs/share/px4_msgs/msg/SensorUwb.idl\n'}
[1.810481] (px4_msgs) StdoutLine: {'line': b'-- Up-to-date: /home/stepan/ws_ros2/install/px4_msgs/share/px4_msgs/msg/SensorsStatus.idl\n'}
[1.810538] (px4_msgs) StdoutLine: {'line': b'-- Up-to-date: /home/stepan/ws_ros2/install/px4_msgs/share/px4_msgs/msg/SensorsStatusImu.idl\n'}
[1.810589] (px4_msgs) StdoutLine: {'line': b'-- Up-to-date: /home/stepan/ws_ros2/install/px4_msgs/share/px4_msgs/msg/SystemPower.idl\n'}
[1.810641] (px4_msgs) StdoutLine: {'line': b'-- Up-to-date: /home/stepan/ws_ros2/install/px4_msgs/share/px4_msgs/msg/TakeoffStatus.idl\n'}
[1.810714] (px4_msgs) StdoutLine: {'line': b'-- Up-to-date: /home/stepan/ws_ros2/install/px4_msgs/share/px4_msgs/msg/TaskStackInfo.idl\n'}
[1.810784] (px4_msgs) StdoutLine: {'line': b'-- Up-to-date: /home/stepan/ws_ros2/install/px4_msgs/share/px4_msgs/msg/TecsStatus.idl\n'}
[1.810854] (px4_msgs) StdoutLine: {'line': b'-- Up-to-date: /home/stepan/ws_ros2/install/px4_msgs/share/px4_msgs/msg/TelemetryStatus.idl\n'}
[1.810924] (px4_msgs) StdoutLine: {'line': b'-- Up-to-date: /home/stepan/ws_ros2/install/px4_msgs/share/px4_msgs/msg/TiltrotorExtraControls.idl\n'}
[1.810993] (px4_msgs) StdoutLine: {'line': b'-- Up-to-date: /home/stepan/ws_ros2/install/px4_msgs/share/px4_msgs/msg/TimesyncStatus.idl\n'}
[1.811063] (px4_msgs) StdoutLine: {'line': b'-- Up-to-date: /home/stepan/ws_ros2/install/px4_msgs/share/px4_msgs/msg/TrajectorySetpoint.idl\n'}
[1.811133] (px4_msgs) StdoutLine: {'line': b'-- Up-to-date: /home/stepan/ws_ros2/install/px4_msgs/share/px4_msgs/msg/TrajectorySetpoint6dof.idl\n'}
[1.811202] (px4_msgs) StdoutLine: {'line': b'-- Up-to-date: /home/stepan/ws_ros2/install/px4_msgs/share/px4_msgs/msg/TransponderReport.idl\n'}
[1.811271] (px4_msgs) StdoutLine: {'line': b'-- Up-to-date: /home/stepan/ws_ros2/install/px4_msgs/share/px4_msgs/msg/TuneControl.idl\n'}
[1.811340] (px4_msgs) StdoutLine: {'line': b'-- Up-to-date: /home/stepan/ws_ros2/install/px4_msgs/share/px4_msgs/msg/UavcanParameterRequest.idl\n'}
[1.811425] (px4_msgs) StdoutLine: {'line': b'-- Up-to-date: /home/stepan/ws_ros2/install/px4_msgs/share/px4_msgs/msg/UavcanParameterValue.idl\n'}
[1.811497] (px4_msgs) StdoutLine: {'line': b'-- Up-to-date: /home/stepan/ws_ros2/install/px4_msgs/share/px4_msgs/msg/UlogStream.idl\n'}
[1.811566] (px4_msgs) StdoutLine: {'line': b'-- Up-to-date: /home/stepan/ws_ros2/install/px4_msgs/share/px4_msgs/msg/UlogStreamAck.idl\n'}
[1.811634] (px4_msgs) StdoutLine: {'line': b'-- Up-to-date: /home/stepan/ws_ros2/install/px4_msgs/share/px4_msgs/msg/UnregisterExtComponent.idl\n'}
[1.811703] (px4_msgs) StdoutLine: {'line': b'-- Up-to-date: /home/stepan/ws_ros2/install/px4_msgs/share/px4_msgs/msg/VehicleAcceleration.idl\n'}
[1.811772] (px4_msgs) StdoutLine: {'line': b'-- Up-to-date: /home/stepan/ws_ros2/install/px4_msgs/share/px4_msgs/msg/VehicleAirData.idl\n'}
[1.811842] (px4_msgs) StdoutLine: {'line': b'-- Up-to-date: /home/stepan/ws_ros2/install/px4_msgs/share/px4_msgs/msg/VehicleAngularAccelerationSetpoint.idl\n'}
[1.811911] (px4_msgs) StdoutLine: {'line': b'-- Up-to-date: /home/stepan/ws_ros2/install/px4_msgs/share/px4_msgs/msg/VehicleAngularVelocity.idl\n'}
[1.811979] (px4_msgs) StdoutLine: {'line': b'-- Up-to-date: /home/stepan/ws_ros2/install/px4_msgs/share/px4_msgs/msg/VehicleAttitude.idl\n'}
[1.812047] (px4_msgs) StdoutLine: {'line': b'-- Up-to-date: /home/stepan/ws_ros2/install/px4_msgs/share/px4_msgs/msg/VehicleAttitudeSetpoint.idl\n'}
[1.812115] (px4_msgs) StdoutLine: {'line': b'-- Up-to-date: /home/stepan/ws_ros2/install/px4_msgs/share/px4_msgs/msg/VehicleCommand.idl\n'}
[1.812183] (px4_msgs) StdoutLine: {'line': b'-- Up-to-date: /home/stepan/ws_ros2/install/px4_msgs/share/px4_msgs/msg/VehicleCommandAck.idl\n'}
[1.812250] (px4_msgs) StdoutLine: {'line': b'-- Up-to-date: /home/stepan/ws_ros2/install/px4_msgs/share/px4_msgs/msg/VehicleConstraints.idl\n'}
[1.812318] (px4_msgs) StdoutLine: {'line': b'-- Up-to-date: /home/stepan/ws_ros2/install/px4_msgs/share/px4_msgs/msg/VehicleControlMode.idl\n'}
[1.812449] (px4_msgs) StdoutLine: {'line': b'-- Up-to-date: /home/stepan/ws_ros2/install/px4_msgs/share/px4_msgs/msg/VehicleGlobalPosition.idl\n'}
[1.812517] (px4_msgs) StdoutLine: {'line': b'-- Up-to-date: /home/stepan/ws_ros2/install/px4_msgs/share/px4_msgs/msg/VehicleImu.idl\n'}
[1.812581] (px4_msgs) StdoutLine: {'line': b'-- Up-to-date: /home/stepan/ws_ros2/install/px4_msgs/share/px4_msgs/msg/VehicleImuStatus.idl\n'}
[1.812634] (px4_msgs) StdoutLine: {'line': b'-- Up-to-date: /home/stepan/ws_ros2/install/px4_msgs/share/px4_msgs/msg/VehicleLandDetected.idl\n'}
[1.812685] (px4_msgs) StdoutLine: {'line': b'-- Up-to-date: /home/stepan/ws_ros2/install/px4_msgs/share/px4_msgs/msg/VehicleLocalPosition.idl\n'}
[1.812737] (px4_msgs) StdoutLine: {'line': b'-- Up-to-date: /home/stepan/ws_ros2/install/px4_msgs/share/px4_msgs/msg/VehicleLocalPositionSetpoint.idl\n'}
[1.812814] (px4_msgs) StdoutLine: {'line': b'-- Up-to-date: /home/stepan/ws_ros2/install/px4_msgs/share/px4_msgs/msg/VehicleMagnetometer.idl\n'}
[1.812876] (px4_msgs) StdoutLine: {'line': b'-- Up-to-date: /home/stepan/ws_ros2/install/px4_msgs/share/px4_msgs/msg/VehicleOdometry.idl\n'}
[1.812961] (px4_msgs) StdoutLine: {'line': b'-- Up-to-date: /home/stepan/ws_ros2/install/px4_msgs/share/px4_msgs/msg/VehicleOpticalFlow.idl\n'}
[1.813051] (px4_msgs) StdoutLine: {'line': b'-- Up-to-date: /home/stepan/ws_ros2/install/px4_msgs/share/px4_msgs/msg/VehicleOpticalFlowVel.idl\n'}
[1.813149] (px4_msgs) StdoutLine: {'line': b'-- Up-to-date: /home/stepan/ws_ros2/install/px4_msgs/share/px4_msgs/msg/VehicleRatesSetpoint.idl\n'}
[1.813242] (px4_msgs) StdoutLine: {'line': b'-- Up-to-date: /home/stepan/ws_ros2/install/px4_msgs/share/px4_msgs/msg/VehicleRoi.idl\n'}
[1.813302] (px4_msgs) StdoutLine: {'line': b'-- Up-to-date: /home/stepan/ws_ros2/install/px4_msgs/share/px4_msgs/msg/VehicleStatus.idl\n'}
[1.813380] (px4_msgs) StdoutLine: {'line': b'-- Up-to-date: /home/stepan/ws_ros2/install/px4_msgs/share/px4_msgs/msg/VehicleThrustSetpoint.idl\n'}
[1.813494] (px4_msgs) StdoutLine: {'line': b'-- Up-to-date: /home/stepan/ws_ros2/install/px4_msgs/share/px4_msgs/msg/VehicleTorqueSetpoint.idl\n'}
[1.813564] (px4_msgs) StdoutLine: {'line': b'-- Up-to-date: /home/stepan/ws_ros2/install/px4_msgs/share/px4_msgs/msg/VelocityLimits.idl\n'}
[1.813620] (px4_msgs) StdoutLine: {'line': b'-- Up-to-date: /home/stepan/ws_ros2/install/px4_msgs/share/px4_msgs/msg/VtolVehicleStatus.idl\n'}
[1.813674] (px4_msgs) StdoutLine: {'line': b'-- Up-to-date: /home/stepan/ws_ros2/install/px4_msgs/share/px4_msgs/msg/WheelEncoders.idl\n'}
[1.813728] (px4_msgs) StdoutLine: {'line': b'-- Up-to-date: /home/stepan/ws_ros2/install/px4_msgs/share/px4_msgs/msg/Wind.idl\n'}
[1.813782] (px4_msgs) StdoutLine: {'line': b'-- Up-to-date: /home/stepan/ws_ros2/install/px4_msgs/share/px4_msgs/msg/YawEstimatorStatus.idl\n'}
[1.813838] (px4_msgs) StdoutLine: {'line': b'-- Up-to-date: /home/stepan/ws_ros2/install/px4_msgs/share/px4_msgs/srv/VehicleCommand.idl\n'}
[1.813893] (px4_msgs) StdoutLine: {'line': b'-- Up-to-date: /home/stepan/ws_ros2/install/px4_msgs/share/px4_msgs/msg/AckermannVelocitySetpoint.msg\n'}
[1.813947] (px4_msgs) StdoutLine: {'line': b'-- Up-to-date: /home/stepan/ws_ros2/install/px4_msgs/share/px4_msgs/msg/ActionRequest.msg\n'}
[1.814002] (px4_msgs) StdoutLine: {'line': b'-- Up-to-date: /home/stepan/ws_ros2/install/px4_msgs/share/px4_msgs/msg/ActuatorArmed.msg\n'}
[1.814058] (px4_msgs) StdoutLine: {'line': b'-- Up-to-date: /home/stepan/ws_ros2/install/px4_msgs/share/px4_msgs/msg/ActuatorControlsStatus.msg\n'}
[1.814113] (px4_msgs) StdoutLine: {'line': b'-- Up-to-date: /home/stepan/ws_ros2/install/px4_msgs/share/px4_msgs/msg/ActuatorMotors.msg\n'}
[1.814167] (px4_msgs) StdoutLine: {'line': b'-- Up-to-date: /home/stepan/ws_ros2/install/px4_msgs/share/px4_msgs/msg/ActuatorOutputs.msg\n'}
[1.814222] (px4_msgs) StdoutLine: {'line': b'-- Up-to-date: /home/stepan/ws_ros2/install/px4_msgs/share/px4_msgs/msg/ActuatorServos.msg\n'}
[1.814276] (px4_msgs) StdoutLine: {'line': b'-- Up-to-date: /home/stepan/ws_ros2/install/px4_msgs/share/px4_msgs/msg/ActuatorServosTrim.msg\n'}
[1.814330] (px4_msgs) StdoutLine: {'line': b'-- Up-to-date: /home/stepan/ws_ros2/install/px4_msgs/share/px4_msgs/msg/ActuatorTest.msg\n'}
[1.814453] (px4_msgs) StdoutLine: {'line': b'-- Up-to-date: /home/stepan/ws_ros2/install/px4_msgs/share/px4_msgs/msg/AdcReport.msg\n'}
[1.814506] (px4_msgs) StdoutLine: {'line': b'-- Up-to-date: /home/stepan/ws_ros2/install/px4_msgs/share/px4_msgs/msg/Airspeed.msg\n'}
[1.814559] (px4_msgs) StdoutLine: {'line': b'-- Up-to-date: /home/stepan/ws_ros2/install/px4_msgs/share/px4_msgs/msg/AirspeedValidated.msg\n'}
[1.814613] (px4_msgs) StdoutLine: {'line': b'-- Up-to-date: /home/stepan/ws_ros2/install/px4_msgs/share/px4_msgs/msg/AirspeedWind.msg\n'}
[1.814667] (px4_msgs) StdoutLine: {'line': b'-- Up-to-date: /home/stepan/ws_ros2/install/px4_msgs/share/px4_msgs/msg/ArmingCheckReply.msg\n'}
[1.814722] (px4_msgs) StdoutLine: {'line': b'-- Up-to-date: /home/stepan/ws_ros2/install/px4_msgs/share/px4_msgs/msg/ArmingCheckRequest.msg\n'}
[1.814776] (px4_msgs) StdoutLine: {'line': b'-- Up-to-date: /home/stepan/ws_ros2/install/px4_msgs/share/px4_msgs/msg/AutotuneAttitudeControlStatus.msg\n'}
[1.814831] (px4_msgs) StdoutLine: {'line': b'-- Up-to-date: /home/stepan/ws_ros2/install/px4_msgs/share/px4_msgs/msg/BatteryStatus.msg\n'}
[1.814885] (px4_msgs) StdoutLine: {'line': b'-- Up-to-date: /home/stepan/ws_ros2/install/px4_msgs/share/px4_msgs/msg/ButtonEvent.msg\n'}
[1.814947] (px4_msgs) StdoutLine: {'line': b'-- Up-to-date: /home/stepan/ws_ros2/install/px4_msgs/share/px4_msgs/msg/CameraCapture.msg\n'}
[1.815003] (px4_msgs) StdoutLine: {'line': b'-- Up-to-date: /home/stepan/ws_ros2/install/px4_msgs/share/px4_msgs/msg/CameraStatus.msg\n'}
[1.815057] (px4_msgs) StdoutLine: {'line': b'-- Up-to-date: /home/stepan/ws_ros2/install/px4_msgs/share/px4_msgs/msg/CameraTrigger.msg\n'}
[1.815111] (px4_msgs) StdoutLine: {'line': b'-- Up-to-date: /home/stepan/ws_ros2/install/px4_msgs/share/px4_msgs/msg/CanInterfaceStatus.msg\n'}
[1.815165] (px4_msgs) StdoutLine: {'line': b'-- Up-to-date: /home/stepan/ws_ros2/install/px4_msgs/share/px4_msgs/msg/CellularStatus.msg\n'}
[1.815248] (px4_msgs) StdoutLine: {'line': b'-- Up-to-date: /home/stepan/ws_ros2/install/px4_msgs/share/px4_msgs/msg/CollisionConstraints.msg\n'}
[1.815300] (px4_msgs) StdoutLine: {'line': b'-- Up-to-date: /home/stepan/ws_ros2/install/px4_msgs/share/px4_msgs/msg/ConfigOverrides.msg\n'}
[1.815351] (px4_msgs) StdoutLine: {'line': b'-- Up-to-date: /home/stepan/ws_ros2/install/px4_msgs/share/px4_msgs/msg/ControlAllocatorStatus.msg\n'}
[1.815414] (px4_msgs) StdoutLine: {'line': b'-- Up-to-date: /home/stepan/ws_ros2/install/px4_msgs/share/px4_msgs/msg/Cpuload.msg\n'}
[1.815468] (px4_msgs) StdoutLine: {'line': b'-- Up-to-date: /home/stepan/ws_ros2/install/px4_msgs/share/px4_msgs/msg/DatamanRequest.msg\n'}
[1.815523] (px4_msgs) StdoutLine: {'line': b'-- Up-to-date: /home/stepan/ws_ros2/install/px4_msgs/share/px4_msgs/msg/DatamanResponse.msg\n'}
[1.815578] (px4_msgs) StdoutLine: {'line': b'-- Up-to-date: /home/stepan/ws_ros2/install/px4_msgs/share/px4_msgs/msg/DebugArray.msg\n'}
[1.815648] (px4_msgs) StdoutLine: {'line': b'-- Up-to-date: /home/stepan/ws_ros2/install/px4_msgs/share/px4_msgs/msg/DebugKeyValue.msg\n'}
[1.815701] (px4_msgs) StdoutLine: {'line': b'-- Up-to-date: /home/stepan/ws_ros2/install/px4_msgs/share/px4_msgs/msg/DebugValue.msg\n'}
[1.815755] (px4_msgs) StdoutLine: {'line': b'-- Up-to-date: /home/stepan/ws_ros2/install/px4_msgs/share/px4_msgs/msg/DebugVect.msg\n'}
[1.815809] (px4_msgs) StdoutLine: {'line': b'-- Up-to-date: /home/stepan/ws_ros2/install/px4_msgs/share/px4_msgs/msg/DifferentialPressure.msg\n'}
[1.815863] (px4_msgs) StdoutLine: {'line': b'-- Up-to-date: /home/stepan/ws_ros2/install/px4_msgs/share/px4_msgs/msg/DistanceSensor.msg\n'}
[1.815916] (px4_msgs) StdoutLine: {'line': b'-- Up-to-date: /home/stepan/ws_ros2/install/px4_msgs/share/px4_msgs/msg/DistanceSensorModeChangeRequest.msg\n'}
[1.815970] (px4_msgs) StdoutLine: {'line': b'-- Up-to-date: /home/stepan/ws_ros2/install/px4_msgs/share/px4_msgs/msg/Ekf2Timestamps.msg\n'}
[1.816023] (px4_msgs) StdoutLine: {'line': b'-- Up-to-date: /home/stepan/ws_ros2/install/px4_msgs/share/px4_msgs/msg/EscReport.msg\n'}
[1.816098] (px4_msgs) StdoutLine: {'line': b'-- Up-to-date: /home/stepan/ws_ros2/install/px4_msgs/share/px4_msgs/msg/EscStatus.msg\n'}
[1.816147] (px4_msgs) StdoutLine: {'line': b'-- Up-to-date: /home/stepan/ws_ros2/install/px4_msgs/share/px4_msgs/msg/EstimatorAidSource1d.msg\n'}
[1.816197] (px4_msgs) StdoutLine: {'line': b'-- Up-to-date: /home/stepan/ws_ros2/install/px4_msgs/share/px4_msgs/msg/EstimatorAidSource2d.msg\n'}
[1.816260] (px4_msgs) StdoutLine: {'line': b'-- Up-to-date: /home/stepan/ws_ros2/install/px4_msgs/share/px4_msgs/msg/EstimatorAidSource3d.msg\n'}
[1.816311] (px4_msgs) StdoutLine: {'line': b'-- Up-to-date: /home/stepan/ws_ros2/install/px4_msgs/share/px4_msgs/msg/EstimatorBias.msg\n'}
[1.816370] (px4_msgs) StdoutLine: {'line': b'-- Up-to-date: /home/stepan/ws_ros2/install/px4_msgs/share/px4_msgs/msg/EstimatorBias3d.msg\n'}
[1.816428] (px4_msgs) StdoutLine: {'line': b'-- Up-to-date: /home/stepan/ws_ros2/install/px4_msgs/share/px4_msgs/msg/EstimatorEventFlags.msg\n'}
[1.816495] (px4_msgs) StdoutLine: {'line': b'-- Up-to-date: /home/stepan/ws_ros2/install/px4_msgs/share/px4_msgs/msg/EstimatorGpsStatus.msg\n'}
[1.816575] (px4_msgs) StdoutLine: {'line': b'-- Up-to-date: /home/stepan/ws_ros2/install/px4_msgs/share/px4_msgs/msg/EstimatorInnovations.msg\n'}
[1.816650] (px4_msgs) StdoutLine: {'line': b'-- Up-to-date: /home/stepan/ws_ros2/install/px4_msgs/share/px4_msgs/msg/EstimatorSelectorStatus.msg\n'}
[1.816709] (px4_msgs) StdoutLine: {'line': b'-- Up-to-date: /home/stepan/ws_ros2/install/px4_msgs/share/px4_msgs/msg/EstimatorSensorBias.msg\n'}
[1.816774] (px4_msgs) StdoutLine: {'line': b'-- Up-to-date: /home/stepan/ws_ros2/install/px4_msgs/share/px4_msgs/msg/EstimatorStates.msg\n'}
[1.816829] (px4_msgs) StdoutLine: {'line': b'-- Up-to-date: /home/stepan/ws_ros2/install/px4_msgs/share/px4_msgs/msg/EstimatorStatus.msg\n'}
[1.816884] (px4_msgs) StdoutLine: {'line': b'-- Up-to-date: /home/stepan/ws_ros2/install/px4_msgs/share/px4_msgs/msg/EstimatorStatusFlags.msg\n'}
[1.816966] (px4_msgs) StdoutLine: {'line': b'-- Up-to-date: /home/stepan/ws_ros2/install/px4_msgs/share/px4_msgs/msg/Event.msg\n'}
[1.817064] (px4_msgs) StdoutLine: {'line': b'-- Up-to-date: /home/stepan/ws_ros2/install/px4_msgs/share/px4_msgs/msg/FailsafeFlags.msg\n'}
[1.817150] (px4_msgs) StdoutLine: {'line': b'-- Up-to-date: /home/stepan/ws_ros2/install/px4_msgs/share/px4_msgs/msg/FailureDetectorStatus.msg\n'}
[1.817240] (px4_msgs) StdoutLine: {'line': b'-- Up-to-date: /home/stepan/ws_ros2/install/px4_msgs/share/px4_msgs/msg/FigureEightStatus.msg\n'}
[1.817329] (px4_msgs) StdoutLine: {'line': b'-- Up-to-date: /home/stepan/ws_ros2/install/px4_msgs/share/px4_msgs/msg/FlightPhaseEstimation.msg\n'}
[1.817418] (px4_msgs) StdoutLine: {'line': b'-- Up-to-date: /home/stepan/ws_ros2/install/px4_msgs/share/px4_msgs/msg/FollowTarget.msg\n'}
[1.817477] (px4_msgs) StdoutLine: {'line': b'-- Up-to-date: /home/stepan/ws_ros2/install/px4_msgs/share/px4_msgs/msg/FollowTargetEstimator.msg\n'}
[1.817533] (px4_msgs) StdoutLine: {'line': b'-- Up-to-date: /home/stepan/ws_ros2/install/px4_msgs/share/px4_msgs/msg/FollowTargetStatus.msg\n'}
[1.817588] (px4_msgs) StdoutLine: {'line': b'-- Up-to-date: /home/stepan/ws_ros2/install/px4_msgs/share/px4_msgs/msg/FuelTankStatus.msg\n'}
[1.817643] (px4_msgs) StdoutLine: {'line': b'-- Up-to-date: /home/stepan/ws_ros2/install/px4_msgs/share/px4_msgs/msg/GeneratorStatus.msg\n'}
[1.817698] (px4_msgs) StdoutLine: {'line': b'-- Up-to-date: /home/stepan/ws_ros2/install/px4_msgs/share/px4_msgs/msg/GeofenceResult.msg\n'}
[1.817748] (px4_msgs) StdoutLine: {'line': b'-- Up-to-date: /home/stepan/ws_ros2/install/px4_msgs/share/px4_msgs/msg/GeofenceStatus.msg\n'}
[1.817803] (px4_msgs) StdoutLine: {'line': b'-- Up-to-date: /home/stepan/ws_ros2/install/px4_msgs/share/px4_msgs/msg/GimbalControls.msg\n'}
[1.817857] (px4_msgs) StdoutLine: {'line': b'-- Up-to-date: /home/stepan/ws_ros2/install/px4_msgs/share/px4_msgs/msg/GimbalDeviceAttitudeStatus.msg\n'}
[1.817911] (px4_msgs) StdoutLine: {'line': b'-- Up-to-date: /home/stepan/ws_ros2/install/px4_msgs/share/px4_msgs/msg/GimbalDeviceInformation.msg\n'}
[1.818020] (px4_msgs) StdoutLine: {'line': b'-- Up-to-date: /home/stepan/ws_ros2/install/px4_msgs/share/px4_msgs/msg/GimbalDeviceSetAttitude.msg\n'}
[1.818075] (px4_msgs) StdoutLine: {'line': b'-- Up-to-date: /home/stepan/ws_ros2/install/px4_msgs/share/px4_msgs/msg/GimbalManagerInformation.msg\n'}
[1.818131] (px4_msgs) StdoutLine: {'line': b'-- Up-to-date: /home/stepan/ws_ros2/install/px4_msgs/share/px4_msgs/msg/GimbalManagerSetAttitude.msg\n'}
[1.818183] (px4_msgs) StdoutLine: {'line': b'-- Up-to-date: /home/stepan/ws_ros2/install/px4_msgs/share/px4_msgs/msg/GimbalManagerSetManualControl.msg\n'}
[1.818234] (px4_msgs) StdoutLine: {'line': b'-- Up-to-date: /home/stepan/ws_ros2/install/px4_msgs/share/px4_msgs/msg/GimbalManagerStatus.msg\n'}
[1.818284] (px4_msgs) StdoutLine: {'line': b'-- Up-to-date: /home/stepan/ws_ros2/install/px4_msgs/share/px4_msgs/msg/GotoSetpoint.msg\n'}
[1.818351] (px4_msgs) StdoutLine: {'line': b'-- Up-to-date: /home/stepan/ws_ros2/install/px4_msgs/share/px4_msgs/msg/GpioConfig.msg\n'}
[1.818422] (px4_msgs) StdoutLine: {'line': b'-- Up-to-date: /home/stepan/ws_ros2/install/px4_msgs/share/px4_msgs/msg/GpioIn.msg\n'}
[1.818475] (px4_msgs) StdoutLine: {'line': b'-- Up-to-date: /home/stepan/ws_ros2/install/px4_msgs/share/px4_msgs/msg/GpioOut.msg\n'}
[1.818526] (px4_msgs) StdoutLine: {'line': b'-- Up-to-date: /home/stepan/ws_ros2/install/px4_msgs/share/px4_msgs/msg/GpioRequest.msg\n'}
[1.818577] (px4_msgs) StdoutLine: {'line': b'-- Up-to-date: /home/stepan/ws_ros2/install/px4_msgs/share/px4_msgs/msg/GpsDump.msg\n'}
[1.818632] (px4_msgs) StdoutLine: {'line': b'-- Up-to-date: /home/stepan/ws_ros2/install/px4_msgs/share/px4_msgs/msg/GpsInjectData.msg\n'}
[1.818687] (px4_msgs) StdoutLine: {'line': b'-- Up-to-date: /home/stepan/ws_ros2/install/px4_msgs/share/px4_msgs/msg/Gripper.msg\n'}
[1.818741] (px4_msgs) StdoutLine: {'line': b'-- Up-to-date: /home/stepan/ws_ros2/install/px4_msgs/share/px4_msgs/msg/HealthReport.msg\n'}
[1.818795] (px4_msgs) StdoutLine: {'line': b'-- Up-to-date: /home/stepan/ws_ros2/install/px4_msgs/share/px4_msgs/msg/HeaterStatus.msg\n'}
[1.818850] (px4_msgs) StdoutLine: {'line': b'-- Up-to-date: /home/stepan/ws_ros2/install/px4_msgs/share/px4_msgs/msg/HomePosition.msg\n'}
[1.818904] (px4_msgs) StdoutLine: {'line': b'-- Up-to-date: /home/stepan/ws_ros2/install/px4_msgs/share/px4_msgs/msg/HoverThrustEstimate.msg\n'}
[1.818957] (px4_msgs) StdoutLine: {'line': b'-- Up-to-date: /home/stepan/ws_ros2/install/px4_msgs/share/px4_msgs/msg/InputRc.msg\n'}
[1.819011] (px4_msgs) StdoutLine: {'line': b'-- Up-to-date: /home/stepan/ws_ros2/install/px4_msgs/share/px4_msgs/msg/InternalCombustionEngineControl.msg\n'}
[1.819066] (px4_msgs) StdoutLine: {'line': b'-- Up-to-date: /home/stepan/ws_ros2/install/px4_msgs/share/px4_msgs/msg/InternalCombustionEngineStatus.msg\n'}
[1.819120] (px4_msgs) StdoutLine: {'line': b'-- Up-to-date: /home/stepan/ws_ros2/install/px4_msgs/share/px4_msgs/msg/IridiumsbdStatus.msg\n'}
[1.819174] (px4_msgs) StdoutLine: {'line': b'-- Up-to-date: /home/stepan/ws_ros2/install/px4_msgs/share/px4_msgs/msg/IrlockReport.msg\n'}
[1.819261] (px4_msgs) StdoutLine: {'line': b'-- Up-to-date: /home/stepan/ws_ros2/install/px4_msgs/share/px4_msgs/msg/LandingGear.msg\n'}
[1.819315] (px4_msgs) StdoutLine: {'line': b'-- Up-to-date: /home/stepan/ws_ros2/install/px4_msgs/share/px4_msgs/msg/LandingGearWheel.msg\n'}
[1.819377] (px4_msgs) StdoutLine: {'line': b'-- Up-to-date: /home/stepan/ws_ros2/install/px4_msgs/share/px4_msgs/msg/LandingTargetInnovations.msg\n'}
[1.819454] (px4_msgs) StdoutLine: {'line': b'-- Up-to-date: /home/stepan/ws_ros2/install/px4_msgs/share/px4_msgs/msg/LandingTargetPose.msg\n'}
[1.819506] (px4_msgs) StdoutLine: {'line': b'-- Up-to-date: /home/stepan/ws_ros2/install/px4_msgs/share/px4_msgs/msg/LaunchDetectionStatus.msg\n'}
[1.819558] (px4_msgs) StdoutLine: {'line': b'-- Up-to-date: /home/stepan/ws_ros2/install/px4_msgs/share/px4_msgs/msg/LedControl.msg\n'}
[1.819613] (px4_msgs) StdoutLine: {'line': b'-- Up-to-date: /home/stepan/ws_ros2/install/px4_msgs/share/px4_msgs/msg/LogMessage.msg\n'}
[1.819680] (px4_msgs) StdoutLine: {'line': b'-- Up-to-date: /home/stepan/ws_ros2/install/px4_msgs/share/px4_msgs/msg/LoggerStatus.msg\n'}
[1.819731] (px4_msgs) StdoutLine: {'line': b'-- Up-to-date: /home/stepan/ws_ros2/install/px4_msgs/share/px4_msgs/msg/MagWorkerData.msg\n'}
[1.819795] (px4_msgs) StdoutLine: {'line': b'-- Up-to-date: /home/stepan/ws_ros2/install/px4_msgs/share/px4_msgs/msg/MagnetometerBiasEstimate.msg\n'}
[1.819850] (px4_msgs) StdoutLine: {'line': b'-- Up-to-date: /home/stepan/ws_ros2/install/px4_msgs/share/px4_msgs/msg/ManualControlSetpoint.msg\n'}
[1.819904] (px4_msgs) StdoutLine: {'line': b'-- Up-to-date: /home/stepan/ws_ros2/install/px4_msgs/share/px4_msgs/msg/ManualControlSwitches.msg\n'}
[1.819957] (px4_msgs) StdoutLine: {'line': b'-- Up-to-date: /home/stepan/ws_ros2/install/px4_msgs/share/px4_msgs/msg/MavlinkLog.msg\n'}
[1.820012] (px4_msgs) StdoutLine: {'line': b'-- Up-to-date: /home/stepan/ws_ros2/install/px4_msgs/share/px4_msgs/msg/MavlinkTunnel.msg\n'}
[1.820067] (px4_msgs) StdoutLine: {'line': b'-- Up-to-date: /home/stepan/ws_ros2/install/px4_msgs/share/px4_msgs/msg/MessageFormatRequest.msg\n'}
[1.820120] (px4_msgs) StdoutLine: {'line': b'-- Up-to-date: /home/stepan/ws_ros2/install/px4_msgs/share/px4_msgs/msg/MessageFormatResponse.msg\n'}
[1.820174] (px4_msgs) StdoutLine: {'line': b'-- Up-to-date: /home/stepan/ws_ros2/install/px4_msgs/share/px4_msgs/msg/Mission.msg\n'}
[1.820228] (px4_msgs) StdoutLine: {'line': b'-- Up-to-date: /home/stepan/ws_ros2/install/px4_msgs/share/px4_msgs/msg/MissionResult.msg\n'}
[1.820282] (px4_msgs) StdoutLine: {'line': b'-- Up-to-date: /home/stepan/ws_ros2/install/px4_msgs/share/px4_msgs/msg/ModeCompleted.msg\n'}
[1.820336] (px4_msgs) StdoutLine: {'line': b'-- Up-to-date: /home/stepan/ws_ros2/install/px4_msgs/share/px4_msgs/msg/MountOrientation.msg\n'}
[1.820439] (px4_msgs) StdoutLine: {'line': b'-- Up-to-date: /home/stepan/ws_ros2/install/px4_msgs/share/px4_msgs/msg/NavigatorMissionItem.msg\n'}
[1.820529] (px4_msgs) StdoutLine: {'line': b'-- Up-to-date: /home/stepan/ws_ros2/install/px4_msgs/share/px4_msgs/msg/NavigatorStatus.msg\n'}
[1.820620] (px4_msgs) StdoutLine: {'line': b'-- Up-to-date: /home/stepan/ws_ros2/install/px4_msgs/share/px4_msgs/msg/NormalizedUnsignedSetpoint.msg\n'}
[1.820702] (px4_msgs) StdoutLine: {'line': b'-- Up-to-date: /home/stepan/ws_ros2/install/px4_msgs/share/px4_msgs/msg/NpfgStatus.msg\n'}
[1.820792] (px4_msgs) StdoutLine: {'line': b'-- Up-to-date: /home/stepan/ws_ros2/install/px4_msgs/share/px4_msgs/msg/ObstacleDistance.msg\n'}
[1.820882] (px4_msgs) StdoutLine: {'line': b'-- Up-to-date: /home/stepan/ws_ros2/install/px4_msgs/share/px4_msgs/msg/OffboardControlMode.msg\n'}
[1.820978] (px4_msgs) StdoutLine: {'line': b'-- Up-to-date: /home/stepan/ws_ros2/install/px4_msgs/share/px4_msgs/msg/OnboardComputerStatus.msg\n'}
[1.821064] (px4_msgs) StdoutLine: {'line': b'-- Up-to-date: /home/stepan/ws_ros2/install/px4_msgs/share/px4_msgs/msg/OpenDroneIdArmStatus.msg\n'}
[1.821176] (px4_msgs) StdoutLine: {'line': b'-- Up-to-date: /home/stepan/ws_ros2/install/px4_msgs/share/px4_msgs/msg/OpenDroneIdOperatorId.msg\n'}
[1.821248] (px4_msgs) StdoutLine: {'line': b'-- Up-to-date: /home/stepan/ws_ros2/install/px4_msgs/share/px4_msgs/msg/OpenDroneIdSelfId.msg\n'}
[1.821319] (px4_msgs) StdoutLine: {'line': b'-- Up-to-date: /home/stepan/ws_ros2/install/px4_msgs/share/px4_msgs/msg/OpenDroneIdSystem.msg\n'}
[1.821420] (px4_msgs) StdoutLine: {'line': b'-- Up-to-date: /home/stepan/ws_ros2/install/px4_msgs/share/px4_msgs/msg/OrbTest.msg\n'}
[1.821491] (px4_msgs) StdoutLine: {'line': b'-- Up-to-date: /home/stepan/ws_ros2/install/px4_msgs/share/px4_msgs/msg/OrbTestLarge.msg\n'}
[1.821543] (px4_msgs) StdoutLine: {'line': b'-- Up-to-date: /home/stepan/ws_ros2/install/px4_msgs/share/px4_msgs/msg/OrbTestMedium.msg\n'}
[1.821594] (px4_msgs) StdoutLine: {'line': b'-- Up-to-date: /home/stepan/ws_ros2/install/px4_msgs/share/px4_msgs/msg/OrbitStatus.msg\n'}
[1.821653] (px4_msgs) StdoutLine: {'line': b'-- Up-to-date: /home/stepan/ws_ros2/install/px4_msgs/share/px4_msgs/msg/ParameterResetRequest.msg\n'}
[1.821703] (px4_msgs) StdoutLine: {'line': b'-- Up-to-date: /home/stepan/ws_ros2/install/px4_msgs/share/px4_msgs/msg/ParameterSetUsedRequest.msg\n'}
[1.821753] (px4_msgs) StdoutLine: {'line': b'-- Up-to-date: /home/stepan/ws_ros2/install/px4_msgs/share/px4_msgs/msg/ParameterSetValueRequest.msg\n'}
[1.821802] (px4_msgs) StdoutLine: {'line': b'-- Up-to-date: /home/stepan/ws_ros2/install/px4_msgs/share/px4_msgs/msg/ParameterSetValueResponse.msg\n'}
[1.821852] (px4_msgs) StdoutLine: {'line': b'-- Up-to-date: /home/stepan/ws_ros2/install/px4_msgs/share/px4_msgs/msg/ParameterUpdate.msg\n'}
[1.821902] (px4_msgs) StdoutLine: {'line': b'-- Up-to-date: /home/stepan/ws_ros2/install/px4_msgs/share/px4_msgs/msg/Ping.msg\n'}
[1.821951] (px4_msgs) StdoutLine: {'line': b'-- Up-to-date: /home/stepan/ws_ros2/install/px4_msgs/share/px4_msgs/msg/PositionControllerLandingStatus.msg\n'}
[1.822002] (px4_msgs) StdoutLine: {'line': b'-- Up-to-date: /home/stepan/ws_ros2/install/px4_msgs/share/px4_msgs/msg/PositionControllerStatus.msg\n'}
[1.822056] (px4_msgs) StdoutLine: {'line': b'-- Up-to-date: /home/stepan/ws_ros2/install/px4_msgs/share/px4_msgs/msg/PositionSetpoint.msg\n'}
[1.822109] (px4_msgs) StdoutLine: {'line': b'-- Up-to-date: /home/stepan/ws_ros2/install/px4_msgs/share/px4_msgs/msg/PositionSetpointTriplet.msg\n'}
[1.822163] (px4_msgs) StdoutLine: {'line': b'-- Up-to-date: /home/stepan/ws_ros2/install/px4_msgs/share/px4_msgs/msg/PowerButtonState.msg\n'}
[1.822218] (px4_msgs) StdoutLine: {'line': b'-- Up-to-date: /home/stepan/ws_ros2/install/px4_msgs/share/px4_msgs/msg/PowerMonitor.msg\n'}
[1.822272] (px4_msgs) StdoutLine: {'line': b'-- Up-to-date: /home/stepan/ws_ros2/install/px4_msgs/share/px4_msgs/msg/PpsCapture.msg\n'}
[1.822327] (px4_msgs) StdoutLine: {'line': b'-- Up-to-date: /home/stepan/ws_ros2/install/px4_msgs/share/px4_msgs/msg/PurePursuitStatus.msg\n'}
[1.822395] (px4_msgs) StdoutLine: {'line': b'-- Up-to-date: /home/stepan/ws_ros2/install/px4_msgs/share/px4_msgs/msg/PwmInput.msg\n'}
[1.822453] (px4_msgs) StdoutLine: {'line': b'-- Up-to-date: /home/stepan/ws_ros2/install/px4_msgs/share/px4_msgs/msg/Px4ioStatus.msg\n'}
[1.822509] (px4_msgs) StdoutLine: {'line': b'-- Up-to-date: /home/stepan/ws_ros2/install/px4_msgs/share/px4_msgs/msg/QshellReq.msg\n'}
[1.822565] (px4_msgs) StdoutLine: {'line': b'-- Up-to-date: /home/stepan/ws_ros2/install/px4_msgs/share/px4_msgs/msg/QshellRetval.msg\n'}
[1.822620] (px4_msgs) StdoutLine: {'line': b'-- Up-to-date: /home/stepan/ws_ros2/install/px4_msgs/share/px4_msgs/msg/RadioStatus.msg\n'}
[1.822675] (px4_msgs) StdoutLine: {'line': b'-- Up-to-date: /home/stepan/ws_ros2/install/px4_msgs/share/px4_msgs/msg/RateCtrlStatus.msg\n'}
[1.822730] (px4_msgs) StdoutLine: {'line': b'-- Up-to-date: /home/stepan/ws_ros2/install/px4_msgs/share/px4_msgs/msg/RcChannels.msg\n'}
[1.822785] (px4_msgs) StdoutLine: {'line': b'-- Up-to-date: /home/stepan/ws_ros2/install/px4_msgs/share/px4_msgs/msg/RcParameterMap.msg\n'}
[1.822840] (px4_msgs) StdoutLine: {'line': b'-- Up-to-date: /home/stepan/ws_ros2/install/px4_msgs/share/px4_msgs/msg/RegisterExtComponentReply.msg\n'}
[1.822895] (px4_msgs) StdoutLine: {'line': b'-- Up-to-date: /home/stepan/ws_ros2/install/px4_msgs/share/px4_msgs/msg/RegisterExtComponentRequest.msg\n'}
[1.822950] (px4_msgs) StdoutLine: {'line': b'-- Up-to-date: /home/stepan/ws_ros2/install/px4_msgs/share/px4_msgs/msg/RoverAttitudeSetpoint.msg\n'}
[1.823004] (px4_msgs) StdoutLine: {'line': b'-- Up-to-date: /home/stepan/ws_ros2/install/px4_msgs/share/px4_msgs/msg/RoverAttitudeStatus.msg\n'}
[1.823101] (px4_msgs) StdoutLine: {'line': b'-- Up-to-date: /home/stepan/ws_ros2/install/px4_msgs/share/px4_msgs/msg/RoverPositionSetpoint.msg\n'}
[1.823154] (px4_msgs) StdoutLine: {'line': b'-- Up-to-date: /home/stepan/ws_ros2/install/px4_msgs/share/px4_msgs/msg/RoverRateSetpoint.msg\n'}
[1.823204] (px4_msgs) StdoutLine: {'line': b'-- Up-to-date: /home/stepan/ws_ros2/install/px4_msgs/share/px4_msgs/msg/RoverRateStatus.msg\n'}
[1.823261] (px4_msgs) StdoutLine: {'line': b'-- Up-to-date: /home/stepan/ws_ros2/install/px4_msgs/share/px4_msgs/msg/RoverSteeringSetpoint.msg\n'}
[1.823315] (px4_msgs) StdoutLine: {'line': b'-- Up-to-date: /home/stepan/ws_ros2/install/px4_msgs/share/px4_msgs/msg/RoverThrottleSetpoint.msg\n'}
[1.823403] (px4_msgs) StdoutLine: {'line': b'-- Up-to-date: /home/stepan/ws_ros2/install/px4_msgs/share/px4_msgs/msg/RoverVelocityStatus.msg\n'}
[1.823457] (px4_msgs) StdoutLine: {'line': b'-- Up-to-date: /home/stepan/ws_ros2/install/px4_msgs/share/px4_msgs/msg/Rpm.msg\n'}
[1.823507] (px4_msgs) StdoutLine: {'line': b'-- Up-to-date: /home/stepan/ws_ros2/install/px4_msgs/share/px4_msgs/msg/RtlStatus.msg\n'}
[1.823557] (px4_msgs) StdoutLine: {'line': b'-- Up-to-date: /home/stepan/ws_ros2/install/px4_msgs/share/px4_msgs/msg/RtlTimeEstimate.msg\n'}
[1.823606] (px4_msgs) StdoutLine: {'line': b'-- Up-to-date: /home/stepan/ws_ros2/install/px4_msgs/share/px4_msgs/msg/SatelliteInfo.msg\n'}
[1.823657] (px4_msgs) StdoutLine: {'line': b'-- Up-to-date: /home/stepan/ws_ros2/install/px4_msgs/share/px4_msgs/msg/SensorAccel.msg\n'}
[1.823707] (px4_msgs) StdoutLine: {'line': b'-- Up-to-date: /home/stepan/ws_ros2/install/px4_msgs/share/px4_msgs/msg/SensorAccelFifo.msg\n'}
[1.823757] (px4_msgs) StdoutLine: {'line': b'-- Up-to-date: /home/stepan/ws_ros2/install/px4_msgs/share/px4_msgs/msg/SensorAirflow.msg\n'}
[1.823810] (px4_msgs) StdoutLine: {'line': b'-- Up-to-date: /home/stepan/ws_ros2/install/px4_msgs/share/px4_msgs/msg/SensorBaro.msg\n'}
[1.823864] (px4_msgs) StdoutLine: {'line': b'-- Up-to-date: /home/stepan/ws_ros2/install/px4_msgs/share/px4_msgs/msg/SensorCombined.msg\n'}
[1.823919] (px4_msgs) StdoutLine: {'line': b'-- Up-to-date: /home/stepan/ws_ros2/install/px4_msgs/share/px4_msgs/msg/SensorCorrection.msg\n'}
[1.823973] (px4_msgs) StdoutLine: {'line': b'-- Up-to-date: /home/stepan/ws_ros2/install/px4_msgs/share/px4_msgs/msg/SensorGnssRelative.msg\n'}
[1.824026] (px4_msgs) StdoutLine: {'line': b'-- Up-to-date: /home/stepan/ws_ros2/install/px4_msgs/share/px4_msgs/msg/SensorGps.msg\n'}
[1.824080] (px4_msgs) StdoutLine: {'line': b'-- Up-to-date: /home/stepan/ws_ros2/install/px4_msgs/share/px4_msgs/msg/SensorGyro.msg\n'}
[1.824134] (px4_msgs) StdoutLine: {'line': b'-- Up-to-date: /home/stepan/ws_ros2/install/px4_msgs/share/px4_msgs/msg/SensorGyroFft.msg\n'}
[1.824188] (px4_msgs) StdoutLine: {'line': b'-- Up-to-date: /home/stepan/ws_ros2/install/px4_msgs/share/px4_msgs/msg/SensorGyroFifo.msg\n'}
[1.824242] (px4_msgs) StdoutLine: {'line': b'-- Up-to-date: /home/stepan/ws_ros2/install/px4_msgs/share/px4_msgs/msg/SensorHygrometer.msg\n'}
[1.824296] (px4_msgs) StdoutLine: {'line': b'-- Up-to-date: /home/stepan/ws_ros2/install/px4_msgs/share/px4_msgs/msg/SensorMag.msg\n'}
[1.824349] (px4_msgs) StdoutLine: {'line': b'-- Up-to-date: /home/stepan/ws_ros2/install/px4_msgs/share/px4_msgs/msg/SensorOpticalFlow.msg\n'}
[1.824461] (px4_msgs) StdoutLine: {'line': b'-- Up-to-date: /home/stepan/ws_ros2/install/px4_msgs/share/px4_msgs/msg/SensorPreflightMag.msg\n'}
[1.824591] (px4_msgs) StdoutLine: {'line': b'-- Up-to-date: /home/stepan/ws_ros2/install/px4_msgs/share/px4_msgs/msg/SensorSelection.msg\n'}
[1.824677] (px4_msgs) StdoutLine: {'line': b'-- Up-to-date: /home/stepan/ws_ros2/install/px4_msgs/share/px4_msgs/msg/SensorUwb.msg\n'}
[1.824766] (px4_msgs) StdoutLine: {'line': b'-- Up-to-date: /home/stepan/ws_ros2/install/px4_msgs/share/px4_msgs/msg/SensorsStatus.msg\n'}
[1.824852] (px4_msgs) StdoutLine: {'line': b'-- Up-to-date: /home/stepan/ws_ros2/install/px4_msgs/share/px4_msgs/msg/SensorsStatusImu.msg\n'}
[1.824936] (px4_msgs) StdoutLine: {'line': b'-- Up-to-date: /home/stepan/ws_ros2/install/px4_msgs/share/px4_msgs/msg/SystemPower.msg\n'}
[1.825013] (px4_msgs) StdoutLine: {'line': b'-- Up-to-date: /home/stepan/ws_ros2/install/px4_msgs/share/px4_msgs/msg/TakeoffStatus.msg\n'}
[1.825093] (px4_msgs) StdoutLine: {'line': b'-- Up-to-date: /home/stepan/ws_ros2/install/px4_msgs/share/px4_msgs/msg/TaskStackInfo.msg\n'}
[1.825225] (px4_msgs) StdoutLine: {'line': b'-- Up-to-date: /home/stepan/ws_ros2/install/px4_msgs/share/px4_msgs/msg/TecsStatus.msg\n'}
[1.825319] (px4_msgs) StdoutLine: {'line': b'-- Up-to-date: /home/stepan/ws_ros2/install/px4_msgs/share/px4_msgs/msg/TelemetryStatus.msg\n'}
[1.825413] (px4_msgs) StdoutLine: {'line': b'-- Up-to-date: /home/stepan/ws_ros2/install/px4_msgs/share/px4_msgs/msg/TiltrotorExtraControls.msg\n'}
[1.825469] (px4_msgs) StdoutLine: {'line': b'-- Up-to-date: /home/stepan/ws_ros2/install/px4_msgs/share/px4_msgs/msg/TimesyncStatus.msg\n'}
[1.825521] (px4_msgs) StdoutLine: {'line': b'-- Up-to-date: /home/stepan/ws_ros2/install/px4_msgs/share/px4_msgs/msg/TrajectorySetpoint.msg\n'}
[1.825572] (px4_msgs) StdoutLine: {'line': b'-- Up-to-date: /home/stepan/ws_ros2/install/px4_msgs/share/px4_msgs/msg/TrajectorySetpoint6dof.msg\n'}
[1.825632] (px4_msgs) StdoutLine: {'line': b'-- Up-to-date: /home/stepan/ws_ros2/install/px4_msgs/share/px4_msgs/msg/TransponderReport.msg\n'}
[1.825687] (px4_msgs) StdoutLine: {'line': b'-- Up-to-date: /home/stepan/ws_ros2/install/px4_msgs/share/px4_msgs/msg/TuneControl.msg\n'}
[1.825741] (px4_msgs) StdoutLine: {'line': b'-- Up-to-date: /home/stepan/ws_ros2/install/px4_msgs/share/px4_msgs/msg/UavcanParameterRequest.msg\n'}
[1.825824] (px4_msgs) StdoutLine: {'line': b'-- Up-to-date: /home/stepan/ws_ros2/install/px4_msgs/share/px4_msgs/msg/UavcanParameterValue.msg\n'}
[1.825877] (px4_msgs) StdoutLine: {'line': b'-- Up-to-date: /home/stepan/ws_ros2/install/px4_msgs/share/px4_msgs/msg/UlogStream.msg\n'}
[1.825928] (px4_msgs) StdoutLine: {'line': b'-- Up-to-date: /home/stepan/ws_ros2/install/px4_msgs/share/px4_msgs/msg/UlogStreamAck.msg\n'}
[1.825979] (px4_msgs) StdoutLine: {'line': b'-- Up-to-date: /home/stepan/ws_ros2/install/px4_msgs/share/px4_msgs/msg/UnregisterExtComponent.msg\n'}
[1.826038] (px4_msgs) StdoutLine: {'line': b'-- Up-to-date: /home/stepan/ws_ros2/install/px4_msgs/share/px4_msgs/msg/VehicleAcceleration.msg\n'}
[1.826093] (px4_msgs) StdoutLine: {'line': b'-- Up-to-date: /home/stepan/ws_ros2/install/px4_msgs/share/px4_msgs/msg/VehicleAirData.msg\n'}
[1.826147] (px4_msgs) StdoutLine: {'line': b'-- Up-to-date: /home/stepan/ws_ros2/install/px4_msgs/share/px4_msgs/msg/VehicleAngularAccelerationSetpoint.msg\n'}
[1.826204] (px4_msgs) StdoutLine: {'line': b'-- Up-to-date: /home/stepan/ws_ros2/install/px4_msgs/share/px4_msgs/msg/VehicleAngularVelocity.msg\n'}
[1.826295] (px4_msgs) StdoutLine: {'line': b'-- Up-to-date: /home/stepan/ws_ros2/install/px4_msgs/share/px4_msgs/msg/VehicleAttitude.msg\n'}
[1.826349] (px4_msgs) StdoutLine: {'line': b'-- Up-to-date: /home/stepan/ws_ros2/install/px4_msgs/share/px4_msgs/msg/VehicleAttitudeSetpoint.msg\n'}
[1.826421] (px4_msgs) StdoutLine: {'line': b'-- Up-to-date: /home/stepan/ws_ros2/install/px4_msgs/share/px4_msgs/msg/VehicleCommand.msg\n'}
[1.826473] (px4_msgs) StdoutLine: {'line': b'-- Up-to-date: /home/stepan/ws_ros2/install/px4_msgs/share/px4_msgs/msg/VehicleCommandAck.msg\n'}
[1.826524] (px4_msgs) StdoutLine: {'line': b'-- Up-to-date: /home/stepan/ws_ros2/install/px4_msgs/share/px4_msgs/msg/VehicleConstraints.msg\n'}
[1.826574] (px4_msgs) StdoutLine: {'line': b'-- Up-to-date: /home/stepan/ws_ros2/install/px4_msgs/share/px4_msgs/msg/VehicleControlMode.msg\n'}
[1.826624] (px4_msgs) StdoutLine: {'line': b'-- Up-to-date: /home/stepan/ws_ros2/install/px4_msgs/share/px4_msgs/msg/VehicleGlobalPosition.msg\n'}
[1.826675] (px4_msgs) StdoutLine: {'line': b'-- Up-to-date: /home/stepan/ws_ros2/install/px4_msgs/share/px4_msgs/msg/VehicleImu.msg\n'}
[1.826726] (px4_msgs) StdoutLine: {'line': b'-- Up-to-date: /home/stepan/ws_ros2/install/px4_msgs/share/px4_msgs/msg/VehicleImuStatus.msg\n'}
[1.826779] (px4_msgs) StdoutLine: {'line': b'-- Up-to-date: /home/stepan/ws_ros2/install/px4_msgs/share/px4_msgs/msg/VehicleLandDetected.msg\n'}
[1.826834] (px4_msgs) StdoutLine: {'line': b'-- Up-to-date: /home/stepan/ws_ros2/install/px4_msgs/share/px4_msgs/msg/VehicleLocalPosition.msg\n'}
[1.826887] (px4_msgs) StdoutLine: {'line': b'-- Up-to-date: /home/stepan/ws_ros2/install/px4_msgs/share/px4_msgs/msg/VehicleLocalPositionSetpoint.msg\n'}
[1.826961] (px4_msgs) StdoutLine: {'line': b'-- Up-to-date: /home/stepan/ws_ros2/install/px4_msgs/share/px4_msgs/msg/VehicleMagnetometer.msg\n'}
[1.827012] (px4_msgs) StdoutLine: {'line': b'-- Up-to-date: /home/stepan/ws_ros2/install/px4_msgs/share/px4_msgs/msg/VehicleOdometry.msg\n'}
[1.827062] (px4_msgs) StdoutLine: {'line': b'-- Up-to-date: /home/stepan/ws_ros2/install/px4_msgs/share/px4_msgs/msg/VehicleOpticalFlow.msg\n'}
[1.827112] (px4_msgs) StdoutLine: {'line': b'-- Up-to-date: /home/stepan/ws_ros2/install/px4_msgs/share/px4_msgs/msg/VehicleOpticalFlowVel.msg\n'}
[1.827175] (px4_msgs) StdoutLine: {'line': b'-- Up-to-date: /home/stepan/ws_ros2/install/px4_msgs/share/px4_msgs/msg/VehicleRatesSetpoint.msg\n'}
[1.827233] (px4_msgs) StdoutLine: {'line': b'-- Up-to-date: /home/stepan/ws_ros2/install/px4_msgs/share/px4_msgs/msg/VehicleRoi.msg\n'}
[1.827288] (px4_msgs) StdoutLine: {'line': b'-- Up-to-date: /home/stepan/ws_ros2/install/px4_msgs/share/px4_msgs/msg/VehicleStatus.msg\n'}
[1.827342] (px4_msgs) StdoutLine: {'line': b'-- Up-to-date: /home/stepan/ws_ros2/install/px4_msgs/share/px4_msgs/msg/VehicleThrustSetpoint.msg\n'}
[1.827426] (px4_msgs) StdoutLine: {'line': b'-- Up-to-date: /home/stepan/ws_ros2/install/px4_msgs/share/px4_msgs/msg/VehicleTorqueSetpoint.msg\n'}
[1.827480] (px4_msgs) StdoutLine: {'line': b'-- Up-to-date: /home/stepan/ws_ros2/install/px4_msgs/share/px4_msgs/msg/VelocityLimits.msg\n'}
[1.827532] (px4_msgs) StdoutLine: {'line': b'-- Up-to-date: /home/stepan/ws_ros2/install/px4_msgs/share/px4_msgs/msg/VtolVehicleStatus.msg\n'}
[1.827583] (px4_msgs) StdoutLine: {'line': b'-- Up-to-date: /home/stepan/ws_ros2/install/px4_msgs/share/px4_msgs/msg/WheelEncoders.msg\n'}
[1.827643] (px4_msgs) StdoutLine: {'line': b'-- Up-to-date: /home/stepan/ws_ros2/install/px4_msgs/share/px4_msgs/msg/Wind.msg\n'}
[1.827698] (px4_msgs) StdoutLine: {'line': b'-- Up-to-date: /home/stepan/ws_ros2/install/px4_msgs/share/px4_msgs/msg/YawEstimatorStatus.msg\n'}
[1.827751] (px4_msgs) StdoutLine: {'line': b'-- Up-to-date: /home/stepan/ws_ros2/install/px4_msgs/share/px4_msgs/srv/VehicleCommand.srv\n'}
[1.827805] (px4_msgs) StdoutLine: {'line': b'-- Up-to-date: /home/stepan/ws_ros2/install/px4_msgs/share/px4_msgs/srv/VehicleCommand_Request.msg\n'}
[1.827863] (px4_msgs) StdoutLine: {'line': b'-- Up-to-date: /home/stepan/ws_ros2/install/px4_msgs/share/px4_msgs/srv/VehicleCommand_Response.msg\n'}
[1.827918] (px4_msgs) StdoutLine: {'line': b'-- Up-to-date: /home/stepan/ws_ros2/install/px4_msgs/share/ament_index/resource_index/package_run_dependencies/px4_msgs\n'}
[1.827973] (px4_msgs) StdoutLine: {'line': b'-- Up-to-date: /home/stepan/ws_ros2/install/px4_msgs/share/ament_index/resource_index/parent_prefix_path/px4_msgs\n'}
[1.828048] (px4_msgs) StdoutLine: {'line': b'-- Up-to-date: /home/stepan/ws_ros2/install/px4_msgs/share/px4_msgs/environment/ament_prefix_path.sh\n'}
[1.828101] (px4_msgs) StdoutLine: {'line': b'-- Up-to-date: /home/stepan/ws_ros2/install/px4_msgs/share/px4_msgs/environment/ament_prefix_path.dsv\n'}
[1.828152] (px4_msgs) StdoutLine: {'line': b'-- Up-to-date: /home/stepan/ws_ros2/install/px4_msgs/share/px4_msgs/environment/path.sh\n'}
[1.828202] (px4_msgs) StdoutLine: {'line': b'-- Up-to-date: /home/stepan/ws_ros2/install/px4_msgs/share/px4_msgs/environment/path.dsv\n'}
[1.828252] (px4_msgs) StdoutLine: {'line': b'-- Up-to-date: /home/stepan/ws_ros2/install/px4_msgs/share/px4_msgs/local_setup.bash\n'}
[1.828302] (px4_msgs) StdoutLine: {'line': b'-- Up-to-date: /home/stepan/ws_ros2/install/px4_msgs/share/px4_msgs/local_setup.sh\n'}
[1.828369] (px4_msgs) StdoutLine: {'line': b'-- Up-to-date: /home/stepan/ws_ros2/install/px4_msgs/share/px4_msgs/local_setup.zsh\n'}
[1.828432] (px4_msgs) StdoutLine: {'line': b'-- Up-to-date: /home/stepan/ws_ros2/install/px4_msgs/share/px4_msgs/local_setup.dsv\n'}
[1.828487] (px4_msgs) StdoutLine: {'line': b'-- Installing: /home/stepan/ws_ros2/install/px4_msgs/share/px4_msgs/package.dsv\n'}
[1.828572] (px4_msgs) StdoutLine: {'line': b'-- Up-to-date: /home/stepan/ws_ros2/install/px4_msgs/share/ament_index/resource_index/packages/px4_msgs\n'}
[1.828781] (px4_msgs) StdoutLine: {'line': b'-- Up-to-date: /home/stepan/ws_ros2/install/px4_msgs/share/px4_msgs/cmake/export_px4_msgs__rosidl_generator_cExport.cmake\n'}
[1.828853] (px4_msgs) StdoutLine: {'line': b'-- Up-to-date: /home/stepan/ws_ros2/install/px4_msgs/share/px4_msgs/cmake/export_px4_msgs__rosidl_generator_cExport-noconfig.cmake\n'}
[1.828928] (px4_msgs) StdoutLine: {'line': b'-- Up-to-date: /home/stepan/ws_ros2/install/px4_msgs/share/px4_msgs/cmake/export_px4_msgs__rosidl_typesupport_fastrtps_cExport.cmake\n'}
[1.828983] (px4_msgs) StdoutLine: {'line': b'-- Up-to-date: /home/stepan/ws_ros2/install/px4_msgs/share/px4_msgs/cmake/export_px4_msgs__rosidl_typesupport_fastrtps_cExport-noconfig.cmake\n'}
[1.829038] (px4_msgs) StdoutLine: {'line': b'-- Up-to-date: /home/stepan/ws_ros2/install/px4_msgs/share/px4_msgs/cmake/export_px4_msgs__rosidl_generator_cppExport.cmake\n'}
[1.829115] (px4_msgs) StdoutLine: {'line': b'-- Up-to-date: /home/stepan/ws_ros2/install/px4_msgs/share/px4_msgs/cmake/export_px4_msgs__rosidl_typesupport_fastrtps_cppExport.cmake\n'}
[1.829212] (px4_msgs) StdoutLine: {'line': b'-- Up-to-date: /home/stepan/ws_ros2/install/px4_msgs/share/px4_msgs/cmake/export_px4_msgs__rosidl_typesupport_fastrtps_cppExport-noconfig.cmake\n'}
[1.829305] (px4_msgs) StdoutLine: {'line': b'-- Up-to-date: /home/stepan/ws_ros2/install/px4_msgs/share/px4_msgs/cmake/px4_msgs__rosidl_typesupport_introspection_cExport.cmake\n'}
[1.829455] (px4_msgs) StdoutLine: {'line': b'-- Up-to-date: /home/stepan/ws_ros2/install/px4_msgs/share/px4_msgs/cmake/px4_msgs__rosidl_typesupport_introspection_cExport-noconfig.cmake\n'}
[1.829550] (px4_msgs) StdoutLine: {'line': b'-- Up-to-date: /home/stepan/ws_ros2/install/px4_msgs/share/px4_msgs/cmake/px4_msgs__rosidl_typesupport_cExport.cmake\n'}
[1.829634] (px4_msgs) StdoutLine: {'line': b'-- Up-to-date: /home/stepan/ws_ros2/install/px4_msgs/share/px4_msgs/cmake/px4_msgs__rosidl_typesupport_cExport-noconfig.cmake\n'}
[1.829706] (px4_msgs) StdoutLine: {'line': b'-- Up-to-date: /home/stepan/ws_ros2/install/px4_msgs/share/px4_msgs/cmake/px4_msgs__rosidl_typesupport_introspection_cppExport.cmake\n'}
[1.829778] (px4_msgs) StdoutLine: {'line': b'-- Up-to-date: /home/stepan/ws_ros2/install/px4_msgs/share/px4_msgs/cmake/px4_msgs__rosidl_typesupport_introspection_cppExport-noconfig.cmake\n'}
[1.830057] (px4_msgs) StdoutLine: {'line': b'-- Up-to-date: /home/stepan/ws_ros2/install/px4_msgs/share/px4_msgs/cmake/px4_msgs__rosidl_typesupport_cppExport.cmake\n'}
[1.830199] (px4_msgs) StdoutLine: {'line': b'-- Up-to-date: /home/stepan/ws_ros2/install/px4_msgs/share/px4_msgs/cmake/px4_msgs__rosidl_typesupport_cppExport-noconfig.cmake\n'}
[1.830286] (px4_msgs) StdoutLine: {'line': b'-- Up-to-date: /home/stepan/ws_ros2/install/px4_msgs/share/px4_msgs/cmake/export_px4_msgs__rosidl_generator_pyExport.cmake\n'}
[1.830345] (px4_msgs) StdoutLine: {'line': b'-- Up-to-date: /home/stepan/ws_ros2/install/px4_msgs/share/px4_msgs/cmake/export_px4_msgs__rosidl_generator_pyExport-noconfig.cmake\n'}
[1.830422] (px4_msgs) StdoutLine: {'line': b'-- Up-to-date: /home/stepan/ws_ros2/install/px4_msgs/share/px4_msgs/cmake/rosidl_cmake-extras.cmake\n'}
[1.830497] (px4_msgs) StdoutLine: {'line': b'-- Up-to-date: /home/stepan/ws_ros2/install/px4_msgs/share/px4_msgs/cmake/ament_cmake_export_dependencies-extras.cmake\n'}
[1.830605] (px4_msgs) StdoutLine: {'line': b'-- Up-to-date: /home/stepan/ws_ros2/install/px4_msgs/share/px4_msgs/cmake/ament_cmake_export_include_directories-extras.cmake\n'}
[1.830864] (px4_msgs) StdoutLine: {'line': b'-- Up-to-date: /home/stepan/ws_ros2/install/px4_msgs/share/px4_msgs/cmake/ament_cmake_export_libraries-extras.cmake\n'}
[1.831104] (px4_msgs) StdoutLine: {'line': b'-- Up-to-date: /home/stepan/ws_ros2/install/px4_msgs/share/px4_msgs/cmake/ament_cmake_export_targets-extras.cmake\n'}
[1.831341] (px4_msgs) StdoutLine: {'line': b'-- Up-to-date: /home/stepan/ws_ros2/install/px4_msgs/share/px4_msgs/cmake/rosidl_cmake_export_typesupport_targets-extras.cmake\n'}
[1.831656] (px4_msgs) StdoutLine: {'line': b'-- Up-to-date: /home/stepan/ws_ros2/install/px4_msgs/share/px4_msgs/cmake/rosidl_cmake_export_typesupport_libraries-extras.cmake\n'}
[1.832044] (px4_msgs) StdoutLine: {'line': b'-- Up-to-date: /home/stepan/ws_ros2/install/px4_msgs/share/px4_msgs/cmake/px4_msgsConfig.cmake\n'}
[1.832130] (px4_msgs) StdoutLine: {'line': b'-- Up-to-date: /home/stepan/ws_ros2/install/px4_msgs/share/px4_msgs/cmake/px4_msgsConfig-version.cmake\n'}
[1.832302] (px4_msgs) StdoutLine: {'line': b'-- Up-to-date: /home/stepan/ws_ros2/install/px4_msgs/share/px4_msgs/package.xml\n'}
[1.836299] (px4_msgs) CommandEnded: {'returncode': 0}
[1.868409] (px4_msgs) JobEnded: {'identifier': 'px4_msgs', 'rc': 0}
[1.869608] (offboard) JobStarted: {'identifier': 'offboard'}
[1.873623] (px4_ros_com) JobStarted: {'identifier': 'px4_ros_com'}
[1.902948] (-) TimerEvent: {}
[2.003181] (-) TimerEvent: {}
[2.103428] (-) TimerEvent: {}
[2.123589] (px4_ros_com) JobProgress: {'identifier': 'px4_ros_com', 'progress': 'cmake'}
[2.125096] (px4_ros_com) JobProgress: {'identifier': 'px4_ros_com', 'progress': 'build'}
[2.125594] (px4_ros_com) Command: {'cmd': ['/usr/bin/cmake', '--build', '/home/stepan/ws_ros2/build/px4_ros_com', '--', '-j8', '-l8'], 'cwd': '/home/stepan/ws_ros2/build/px4_ros_com', 'env': OrderedDict([('LESSOPEN', '| /usr/bin/lesspipe %s'), ('USER', 'stepan'), ('LC_TIME', 'cs_CZ.UTF-8'), ('XDG_SESSION_TYPE', 'wayland'), ('SHLVL', '1'), ('LD_LIBRARY_PATH', '/home/stepan/ws_ros2/install/px4_msgs/lib:/home/stepan/ws_ros2/install/px4_ros_com/lib:/opt/ros/humble/opt/rviz_ogre_vendor/lib:/opt/ros/humble/lib/x86_64-linux-gnu:/opt/ros/humble/lib'), ('HOME', '/home/stepan'), ('OLDPWD', '/home/stepan/ws_ros2/src'), ('DESKTOP_SESSION', 'ubuntu'), ('ROS_PYTHON_VERSION', '3'), ('GNOME_SHELL_SESSION_MODE', 'ubuntu'), ('GTK_MODULES', 'gail:atk-bridge'), ('LC_MONETARY', 'cs_CZ.UTF-8'), ('SYSTEMD_EXEC_PID', '1590'), ('DBUS_SESSION_BUS_ADDRESS', 'unix:path=/run/user/1000/bus'), ('COLORTERM', 'truecolor'), ('IM_CONFIG_PHASE', '1'), ('WAYLAND_DISPLAY', 'wayland-0'), ('COLCON_PREFIX_PATH', '/home/stepan/ws_ros2/install'), ('ROS_DISTRO', 'humble'), ('LOGNAME', 'stepan'), ('_', '/usr/bin/colcon'), ('ROS_VERSION', '2'), ('XDG_SESSION_CLASS', 'user'), ('USERNAME', 'stepan'), ('TERM', 'xterm-256color'), ('GNOME_DESKTOP_SESSION_ID', 'this-is-deprecated'), ('ROS_LOCALHOST_ONLY', '0'), ('PATH', '/opt/ros/humble/bin:/home/stepan/.local/bin:/usr/local/sbin:/usr/local/bin:/usr/sbin:/usr/bin:/sbin:/bin:/usr/games:/usr/local/games:/snap/bin:/snap/bin'), ('SESSION_MANAGER', 'local/stepan-Latitude-5410:@/tmp/.ICE-unix/1562,unix/stepan-Latitude-5410:/tmp/.ICE-unix/1562'), ('XDG_MENU_PREFIX', 'gnome-'), ('LC_ADDRESS', 'cs_CZ.UTF-8'), ('GNOME_TERMINAL_SCREEN', '/org/gnome/Terminal/screen/ae9eb505_b0d9_4b0b_8646_9fddcceccd37'), ('GNOME_SETUP_DISPLAY', ':1'), ('XDG_RUNTIME_DIR', '/run/user/1000'), ('DISPLAY', ':0'), ('LANG', 'en_US.UTF-8'), ('XDG_CURRENT_DESKTOP', 'ubuntu:GNOME'), ('LC_TELEPHONE', 'cs_CZ.UTF-8'), ('XMODIFIERS', '@im=ibus'), ('XDG_SESSION_DESKTOP', 'ubuntu'), ('XAUTHORITY', '/run/user/1000/.mutter-Xwaylandauth.TIJ942'), ('LS_COLORS', 'rs=0:di=01;34:ln=01;36:mh=00:pi=40;33:so=01;35:do=01;35:bd=40;33;01:cd=40;33;01:or=40;31;01:mi=00:su=37;41:sg=30;43:ca=30;41:tw=30;42:ow=34;42:st=37;44:ex=01;32:*.tar=01;31:*.tgz=01;31:*.arc=01;31:*.arj=01;31:*.taz=01;31:*.lha=01;31:*.lz4=01;31:*.lzh=01;31:*.lzma=01;31:*.tlz=01;31:*.txz=01;31:*.tzo=01;31:*.t7z=01;31:*.zip=01;31:*.z=01;31:*.dz=01;31:*.gz=01;31:*.lrz=01;31:*.lz=01;31:*.lzo=01;31:*.xz=01;31:*.zst=01;31:*.tzst=01;31:*.bz2=01;31:*.bz=01;31:*.tbz=01;31:*.tbz2=01;31:*.tz=01;31:*.deb=01;31:*.rpm=01;31:*.jar=01;31:*.war=01;31:*.ear=01;31:*.sar=01;31:*.rar=01;31:*.alz=01;31:*.ace=01;31:*.zoo=01;31:*.cpio=01;31:*.7z=01;31:*.rz=01;31:*.cab=01;31:*.wim=01;31:*.swm=01;31:*.dwm=01;31:*.esd=01;31:*.jpg=01;35:*.jpeg=01;35:*.mjpg=01;35:*.mjpeg=01;35:*.gif=01;35:*.bmp=01;35:*.pbm=01;35:*.pgm=01;35:*.ppm=01;35:*.tga=01;35:*.xbm=01;35:*.xpm=01;35:*.tif=01;35:*.tiff=01;35:*.png=01;35:*.svg=01;35:*.svgz=01;35:*.mng=01;35:*.pcx=01;35:*.mov=01;35:*.mpg=01;35:*.mpeg=01;35:*.m2v=01;35:*.mkv=01;35:*.webm=01;35:*.webp=01;35:*.ogm=01;35:*.mp4=01;35:*.m4v=01;35:*.mp4v=01;35:*.vob=01;35:*.qt=01;35:*.nuv=01;35:*.wmv=01;35:*.asf=01;35:*.rm=01;35:*.rmvb=01;35:*.flc=01;35:*.avi=01;35:*.fli=01;35:*.flv=01;35:*.gl=01;35:*.dl=01;35:*.xcf=01;35:*.xwd=01;35:*.yuv=01;35:*.cgm=01;35:*.emf=01;35:*.ogv=01;35:*.ogx=01;35:*.aac=00;36:*.au=00;36:*.flac=00;36:*.m4a=00;36:*.mid=00;36:*.midi=00;36:*.mka=00;36:*.mp3=00;36:*.mpc=00;36:*.ogg=00;36:*.ra=00;36:*.wav=00;36:*.oga=00;36:*.opus=00;36:*.spx=00;36:*.xspf=00;36:'), ('GNOME_TERMINAL_SERVICE', ':1.128'), ('SSH_AGENT_LAUNCHER', 'gnome-keyring'), ('SSH_AUTH_SOCK', '/run/user/1000/keyring/ssh'), ('AMENT_PREFIX_PATH', '/home/stepan/ws_ros2/install/px4_ros_com:/home/stepan/ws_ros2/install/offboard:/home/stepan/ws_ros2/install/px4_msgs:/opt/ros/humble'), ('SHELL', '/bin/bash'), ('LC_NAME', 'cs_CZ.UTF-8'), ('QT_ACCESSIBILITY', '1'), ('GDMSESSION', 'ubuntu'), ('LESSCLOSE', '/usr/bin/lesspipe %s %s'), ('LC_MEASUREMENT', 'cs_CZ.UTF-8'), ('LC_IDENTIFICATION', 'cs_CZ.UTF-8'), ('QT_IM_MODULE', 'ibus'), ('PWD', '/home/stepan/ws_ros2/build/px4_ros_com'), ('LC_ALL', 'en_US.UTF-8'), ('XDG_CONFIG_DIRS', '/etc/xdg/xdg-ubuntu:/etc/xdg'), ('XDG_DATA_DIRS', '/usr/share/ubuntu:/usr/local/share/:/usr/share/:/var/lib/snapd/desktop'), ('PYTHONPATH', '/home/stepan/ws_ros2/install/px4_ros_com/local/lib/python3.10/dist-packages:/home/stepan/ws_ros2/install/px4_msgs/local/lib/python3.10/dist-packages:/opt/ros/humble/lib/python3.10/site-packages:/opt/ros/humble/local/lib/python3.10/dist-packages'), ('LC_NUMERIC', 'cs_CZ.UTF-8'), ('LC_PAPER', 'cs_CZ.UTF-8'), ('COLCON', '1'), ('VTE_VERSION', '6800'), ('CMAKE_PREFIX_PATH', '/home/stepan/ws_ros2/install/px4_msgs:/home/stepan/ws_ros2/install/px4_ros_com:/home/stepan/ws_ros2/install/offboard:/opt/ros/humble')]), 'shell': False}
[2.198321] (px4_ros_com) StdoutLine: {'line': b'[ 16%] Built target sensor_combined_listener\n'}
[2.199508] (px4_ros_com) StdoutLine: {'line': b'[ 33%] Built target offboard_control\n'}
[2.199728] (px4_ros_com) StdoutLine: {'line': b'[ 50%] Built target vehicle_gps_position_listener\n'}
[2.199962] (px4_ros_com) StdoutLine: {'line': b'[ 66%] Built target offboard_control_srv\n'}
[2.203603] (-) TimerEvent: {}
[2.203962] (px4_ros_com) StdoutLine: {'line': b'[ 83%] Built target debug_vect_advertiser\n'}
[2.205003] (px4_ros_com) StdoutLine: {'line': b'[ 83%] Built target ament_cmake_python_copy_px4_ros_com\n'}
[2.205761] (px4_ros_com) StdoutLine: {'line': b'[100%] Built target frame_transforms\n'}
[2.303692] (-) TimerEvent: {}
[2.403971] (-) TimerEvent: {}
[2.452278] (px4_ros_com) StdoutLine: {'line': b'running egg_info\n'}
[2.471793] (px4_ros_com) StdoutLine: {'line': b'writing px4_ros_com.egg-info/PKG-INFO\n'}
[2.472182] (px4_ros_com) StdoutLine: {'line': b'writing dependency_links to px4_ros_com.egg-info/dependency_links.txt\n'}
[2.472479] (px4_ros_com) StdoutLine: {'line': b'writing top-level names to px4_ros_com.egg-info/top_level.txt\n'}
[2.504086] (-) TimerEvent: {}
[2.527584] (px4_ros_com) StdoutLine: {'line': b"reading manifest file 'px4_ros_com.egg-info/SOURCES.txt'\n"}
[2.528966] (px4_ros_com) StdoutLine: {'line': b"writing manifest file 'px4_ros_com.egg-info/SOURCES.txt'\n"}
[2.565565] (px4_ros_com) StdoutLine: {'line': b'[100%] Built target ament_cmake_python_build_px4_ros_com_egg\n'}
[2.579742] (px4_ros_com) CommandEnded: {'returncode': 0}
[2.580786] (px4_ros_com) JobProgress: {'identifier': 'px4_ros_com', 'progress': 'install'}
[2.581573] (px4_ros_com) Command: {'cmd': ['/usr/bin/cmake', '--install', '/home/stepan/ws_ros2/build/px4_ros_com'], 'cwd': '/home/stepan/ws_ros2/build/px4_ros_com', 'env': OrderedDict([('LESSOPEN', '| /usr/bin/lesspipe %s'), ('USER', 'stepan'), ('LC_TIME', 'cs_CZ.UTF-8'), ('XDG_SESSION_TYPE', 'wayland'), ('SHLVL', '1'), ('LD_LIBRARY_PATH', '/home/stepan/ws_ros2/install/px4_msgs/lib:/home/stepan/ws_ros2/install/px4_ros_com/lib:/opt/ros/humble/opt/rviz_ogre_vendor/lib:/opt/ros/humble/lib/x86_64-linux-gnu:/opt/ros/humble/lib'), ('HOME', '/home/stepan'), ('OLDPWD', '/home/stepan/ws_ros2/src'), ('DESKTOP_SESSION', 'ubuntu'), ('ROS_PYTHON_VERSION', '3'), ('GNOME_SHELL_SESSION_MODE', 'ubuntu'), ('GTK_MODULES', 'gail:atk-bridge'), ('LC_MONETARY', 'cs_CZ.UTF-8'), ('SYSTEMD_EXEC_PID', '1590'), ('DBUS_SESSION_BUS_ADDRESS', 'unix:path=/run/user/1000/bus'), ('COLORTERM', 'truecolor'), ('IM_CONFIG_PHASE', '1'), ('WAYLAND_DISPLAY', 'wayland-0'), ('COLCON_PREFIX_PATH', '/home/stepan/ws_ros2/install'), ('ROS_DISTRO', 'humble'), ('LOGNAME', 'stepan'), ('_', '/usr/bin/colcon'), ('ROS_VERSION', '2'), ('XDG_SESSION_CLASS', 'user'), ('USERNAME', 'stepan'), ('TERM', 'xterm-256color'), ('GNOME_DESKTOP_SESSION_ID', 'this-is-deprecated'), ('ROS_LOCALHOST_ONLY', '0'), ('PATH', '/opt/ros/humble/bin:/home/stepan/.local/bin:/usr/local/sbin:/usr/local/bin:/usr/sbin:/usr/bin:/sbin:/bin:/usr/games:/usr/local/games:/snap/bin:/snap/bin'), ('SESSION_MANAGER', 'local/stepan-Latitude-5410:@/tmp/.ICE-unix/1562,unix/stepan-Latitude-5410:/tmp/.ICE-unix/1562'), ('XDG_MENU_PREFIX', 'gnome-'), ('LC_ADDRESS', 'cs_CZ.UTF-8'), ('GNOME_TERMINAL_SCREEN', '/org/gnome/Terminal/screen/ae9eb505_b0d9_4b0b_8646_9fddcceccd37'), ('GNOME_SETUP_DISPLAY', ':1'), ('XDG_RUNTIME_DIR', '/run/user/1000'), ('DISPLAY', ':0'), ('LANG', 'en_US.UTF-8'), ('XDG_CURRENT_DESKTOP', 'ubuntu:GNOME'), ('LC_TELEPHONE', 'cs_CZ.UTF-8'), ('XMODIFIERS', '@im=ibus'), ('XDG_SESSION_DESKTOP', 'ubuntu'), ('XAUTHORITY', '/run/user/1000/.mutter-Xwaylandauth.TIJ942'), ('LS_COLORS', 'rs=0:di=01;34:ln=01;36:mh=00:pi=40;33:so=01;35:do=01;35:bd=40;33;01:cd=40;33;01:or=40;31;01:mi=00:su=37;41:sg=30;43:ca=30;41:tw=30;42:ow=34;42:st=37;44:ex=01;32:*.tar=01;31:*.tgz=01;31:*.arc=01;31:*.arj=01;31:*.taz=01;31:*.lha=01;31:*.lz4=01;31:*.lzh=01;31:*.lzma=01;31:*.tlz=01;31:*.txz=01;31:*.tzo=01;31:*.t7z=01;31:*.zip=01;31:*.z=01;31:*.dz=01;31:*.gz=01;31:*.lrz=01;31:*.lz=01;31:*.lzo=01;31:*.xz=01;31:*.zst=01;31:*.tzst=01;31:*.bz2=01;31:*.bz=01;31:*.tbz=01;31:*.tbz2=01;31:*.tz=01;31:*.deb=01;31:*.rpm=01;31:*.jar=01;31:*.war=01;31:*.ear=01;31:*.sar=01;31:*.rar=01;31:*.alz=01;31:*.ace=01;31:*.zoo=01;31:*.cpio=01;31:*.7z=01;31:*.rz=01;31:*.cab=01;31:*.wim=01;31:*.swm=01;31:*.dwm=01;31:*.esd=01;31:*.jpg=01;35:*.jpeg=01;35:*.mjpg=01;35:*.mjpeg=01;35:*.gif=01;35:*.bmp=01;35:*.pbm=01;35:*.pgm=01;35:*.ppm=01;35:*.tga=01;35:*.xbm=01;35:*.xpm=01;35:*.tif=01;35:*.tiff=01;35:*.png=01;35:*.svg=01;35:*.svgz=01;35:*.mng=01;35:*.pcx=01;35:*.mov=01;35:*.mpg=01;35:*.mpeg=01;35:*.m2v=01;35:*.mkv=01;35:*.webm=01;35:*.webp=01;35:*.ogm=01;35:*.mp4=01;35:*.m4v=01;35:*.mp4v=01;35:*.vob=01;35:*.qt=01;35:*.nuv=01;35:*.wmv=01;35:*.asf=01;35:*.rm=01;35:*.rmvb=01;35:*.flc=01;35:*.avi=01;35:*.fli=01;35:*.flv=01;35:*.gl=01;35:*.dl=01;35:*.xcf=01;35:*.xwd=01;35:*.yuv=01;35:*.cgm=01;35:*.emf=01;35:*.ogv=01;35:*.ogx=01;35:*.aac=00;36:*.au=00;36:*.flac=00;36:*.m4a=00;36:*.mid=00;36:*.midi=00;36:*.mka=00;36:*.mp3=00;36:*.mpc=00;36:*.ogg=00;36:*.ra=00;36:*.wav=00;36:*.oga=00;36:*.opus=00;36:*.spx=00;36:*.xspf=00;36:'), ('GNOME_TERMINAL_SERVICE', ':1.128'), ('SSH_AGENT_LAUNCHER', 'gnome-keyring'), ('SSH_AUTH_SOCK', '/run/user/1000/keyring/ssh'), ('AMENT_PREFIX_PATH', '/home/stepan/ws_ros2/install/px4_ros_com:/home/stepan/ws_ros2/install/offboard:/home/stepan/ws_ros2/install/px4_msgs:/opt/ros/humble'), ('SHELL', '/bin/bash'), ('LC_NAME', 'cs_CZ.UTF-8'), ('QT_ACCESSIBILITY', '1'), ('GDMSESSION', 'ubuntu'), ('LESSCLOSE', '/usr/bin/lesspipe %s %s'), ('LC_MEASUREMENT', 'cs_CZ.UTF-8'), ('LC_IDENTIFICATION', 'cs_CZ.UTF-8'), ('QT_IM_MODULE', 'ibus'), ('PWD', '/home/stepan/ws_ros2/build/px4_ros_com'), ('LC_ALL', 'en_US.UTF-8'), ('XDG_CONFIG_DIRS', '/etc/xdg/xdg-ubuntu:/etc/xdg'), ('XDG_DATA_DIRS', '/usr/share/ubuntu:/usr/local/share/:/usr/share/:/var/lib/snapd/desktop'), ('PYTHONPATH', '/home/stepan/ws_ros2/install/px4_ros_com/local/lib/python3.10/dist-packages:/home/stepan/ws_ros2/install/px4_msgs/local/lib/python3.10/dist-packages:/opt/ros/humble/lib/python3.10/site-packages:/opt/ros/humble/local/lib/python3.10/dist-packages'), ('LC_NUMERIC', 'cs_CZ.UTF-8'), ('LC_PAPER', 'cs_CZ.UTF-8'), ('COLCON', '1'), ('VTE_VERSION', '6800'), ('CMAKE_PREFIX_PATH', '/home/stepan/ws_ros2/install/px4_msgs:/home/stepan/ws_ros2/install/px4_ros_com:/home/stepan/ws_ros2/install/offboard:/opt/ros/humble')]), 'shell': False}
[2.588998] (px4_ros_com) StdoutLine: {'line': b'-- Install configuration: ""\n'}
[2.589757] (px4_ros_com) StdoutLine: {'line': b'-- Up-to-date: /home/stepan/ws_ros2/install/px4_ros_com/lib/px4_ros_com/sensor_combined_listener\n'}
[2.590250] (px4_ros_com) StdoutLine: {'line': b'-- Up-to-date: /home/stepan/ws_ros2/install/px4_ros_com/lib/px4_ros_com/vehicle_gps_position_listener\n'}
[2.590932] (px4_ros_com) StdoutLine: {'line': b'-- Up-to-date: /home/stepan/ws_ros2/install/px4_ros_com/lib/px4_ros_com/debug_vect_advertiser\n'}
[2.591603] (px4_ros_com) StdoutLine: {'line': b'-- Up-to-date: /home/stepan/ws_ros2/install/px4_ros_com/lib/px4_ros_com/offboard_control\n'}
[2.592097] (px4_ros_com) StdoutLine: {'line': b'-- Up-to-date: /home/stepan/ws_ros2/install/px4_ros_com/lib/px4_ros_com/offboard_control_srv\n'}
[2.592284] (px4_ros_com) StdoutLine: {'line': b'-- Up-to-date: /home/stepan/ws_ros2/install/px4_ros_com/share/px4_ros_com/environment/library_path.sh\n'}
[2.592470] (px4_ros_com) StdoutLine: {'line': b'-- Up-to-date: /home/stepan/ws_ros2/install/px4_ros_com/share/px4_ros_com/environment/library_path.dsv\n'}
[2.592592] (px4_ros_com) StdoutLine: {'line': b'-- Up-to-date: /home/stepan/ws_ros2/install/px4_ros_com/include/px4_ros_com\n'}
[2.592735] (px4_ros_com) StdoutLine: {'line': b'-- Up-to-date: /home/stepan/ws_ros2/install/px4_ros_com/include/px4_ros_com/frame_transforms.h\n'}
[2.593006] (px4_ros_com) StdoutLine: {'line': b'-- Up-to-date: /home/stepan/ws_ros2/install/px4_ros_com/lib/libframe_transforms.so\n'}
[2.593199] (px4_ros_com) StdoutLine: {'line': b'-- Up-to-date: /home/stepan/ws_ros2/install/px4_ros_com/share/px4_ros_com//launch\n'}
[2.593372] (px4_ros_com) StdoutLine: {'line': b'-- Up-to-date: /home/stepan/ws_ros2/install/px4_ros_com/share/px4_ros_com//launch/offboard_control_launch.yaml\n'}
[2.593538] (px4_ros_com) StdoutLine: {'line': b'-- Up-to-date: /home/stepan/ws_ros2/install/px4_ros_com/share/px4_ros_com//launch/sensor_combined_listener.launch.py\n'}
[2.593682] (px4_ros_com) StdoutLine: {'line': b'-- Up-to-date: /home/stepan/ws_ros2/install/px4_ros_com/share/px4_ros_com//test\n'}
[2.593788] (px4_ros_com) StdoutLine: {'line': b'-- Up-to-date: /home/stepan/ws_ros2/install/px4_ros_com/share/px4_ros_com//test/pipeline_io_test.py\n'}
[2.593850] (px4_ros_com) StdoutLine: {'line': b'-- Up-to-date: /home/stepan/ws_ros2/install/px4_ros_com/share/px4_ros_com//test/test_output.py\n'}
[2.593908] (px4_ros_com) StdoutLine: {'line': b'-- Up-to-date: /home/stepan/ws_ros2/install/px4_ros_com/share/px4_ros_com//test/__init__.py\n'}
[2.593968] (px4_ros_com) StdoutLine: {'line': b'-- Up-to-date: /home/stepan/ws_ros2/install/px4_ros_com/share/px4_ros_com//test/test_input.py\n'}
[2.594084] (px4_ros_com) StdoutLine: {'line': b'-- Up-to-date: /home/stepan/ws_ros2/install/px4_ros_com/share/px4_ros_com/environment/pythonpath.sh\n'}
[2.594169] (px4_ros_com) StdoutLine: {'line': b'-- Up-to-date: /home/stepan/ws_ros2/install/px4_ros_com/share/px4_ros_com/environment/pythonpath.dsv\n'}
[2.594266] (px4_ros_com) StdoutLine: {'line': b'-- Up-to-date: /home/stepan/ws_ros2/install/px4_ros_com/local/lib/python3.10/dist-packages/px4_ros_com-0.1.0-py3.10.egg-info\n'}
[2.594328] (px4_ros_com) StdoutLine: {'line': b'-- Installing: /home/stepan/ws_ros2/install/px4_ros_com/local/lib/python3.10/dist-packages/px4_ros_com-0.1.0-py3.10.egg-info/top_level.txt\n'}
[2.594404] (px4_ros_com) StdoutLine: {'line': b'-- Installing: /home/stepan/ws_ros2/install/px4_ros_com/local/lib/python3.10/dist-packages/px4_ros_com-0.1.0-py3.10.egg-info/PKG-INFO\n'}
[2.594523] (px4_ros_com) StdoutLine: {'line': b'-- Installing: /home/stepan/ws_ros2/install/px4_ros_com/local/lib/python3.10/dist-packages/px4_ros_com-0.1.0-py3.10.egg-info/dependency_links.txt\n'}
[2.594723] (px4_ros_com) StdoutLine: {'line': b'-- Installing: /home/stepan/ws_ros2/install/px4_ros_com/local/lib/python3.10/dist-packages/px4_ros_com-0.1.0-py3.10.egg-info/SOURCES.txt\n'}
[2.594864] (px4_ros_com) StdoutLine: {'line': b'-- Up-to-date: /home/stepan/ws_ros2/install/px4_ros_com/local/lib/python3.10/dist-packages/px4_ros_com\n'}
[2.594958] (px4_ros_com) StdoutLine: {'line': b'-- Up-to-date: /home/stepan/ws_ros2/install/px4_ros_com/local/lib/python3.10/dist-packages/px4_ros_com/__init__.py\n'}
[2.595093] (px4_ros_com) StdoutLine: {'line': b'-- Up-to-date: /home/stepan/ws_ros2/install/px4_ros_com/local/lib/python3.10/dist-packages/px4_ros_com/module_to_import.py\n'}
[2.604179] (-) TimerEvent: {}
[2.629708] (px4_ros_com) StdoutLine: {'line': b"Listing '/home/stepan/ws_ros2/install/px4_ros_com/local/lib/python3.10/dist-packages/px4_ros_com'...\n"}
[2.635654] (px4_ros_com) StdoutLine: {'line': b'-- Up-to-date: /home/stepan/ws_ros2/install/px4_ros_com/lib/px4_ros_com/offboard_control.py\n'}
[2.635838] (px4_ros_com) StdoutLine: {'line': b'-- Up-to-date: /home/stepan/ws_ros2/install/px4_ros_com/share/ament_index/resource_index/package_run_dependencies/px4_ros_com\n'}
[2.636004] (px4_ros_com) StdoutLine: {'line': b'-- Up-to-date: /home/stepan/ws_ros2/install/px4_ros_com/share/ament_index/resource_index/parent_prefix_path/px4_ros_com\n'}
[2.636132] (px4_ros_com) StdoutLine: {'line': b'-- Up-to-date: /home/stepan/ws_ros2/install/px4_ros_com/share/px4_ros_com/environment/ament_prefix_path.sh\n'}
[2.636274] (px4_ros_com) StdoutLine: {'line': b'-- Up-to-date: /home/stepan/ws_ros2/install/px4_ros_com/share/px4_ros_com/environment/ament_prefix_path.dsv\n'}
[2.636387] (px4_ros_com) StdoutLine: {'line': b'-- Up-to-date: /home/stepan/ws_ros2/install/px4_ros_com/share/px4_ros_com/environment/path.sh\n'}
[2.636514] (px4_ros_com) StdoutLine: {'line': b'-- Up-to-date: /home/stepan/ws_ros2/install/px4_ros_com/share/px4_ros_com/environment/path.dsv\n'}
[2.636618] (px4_ros_com) StdoutLine: {'line': b'-- Up-to-date: /home/stepan/ws_ros2/install/px4_ros_com/share/px4_ros_com/local_setup.bash\n'}
[2.636718] (px4_ros_com) StdoutLine: {'line': b'-- Up-to-date: /home/stepan/ws_ros2/install/px4_ros_com/share/px4_ros_com/local_setup.sh\n'}
[2.636819] (px4_ros_com) StdoutLine: {'line': b'-- Up-to-date: /home/stepan/ws_ros2/install/px4_ros_com/share/px4_ros_com/local_setup.zsh\n'}
[2.636919] (px4_ros_com) StdoutLine: {'line': b'-- Up-to-date: /home/stepan/ws_ros2/install/px4_ros_com/share/px4_ros_com/local_setup.dsv\n'}
[2.637018] (px4_ros_com) StdoutLine: {'line': b'-- Installing: /home/stepan/ws_ros2/install/px4_ros_com/share/px4_ros_com/package.dsv\n'}
[2.637117] (px4_ros_com) StdoutLine: {'line': b'-- Up-to-date: /home/stepan/ws_ros2/install/px4_ros_com/share/ament_index/resource_index/packages/px4_ros_com\n'}
[2.637374] (px4_ros_com) StdoutLine: {'line': b'-- Up-to-date: /home/stepan/ws_ros2/install/px4_ros_com/share/px4_ros_com/cmake/export_frame_transformsExport.cmake\n'}
[2.637531] (px4_ros_com) StdoutLine: {'line': b'-- Up-to-date: /home/stepan/ws_ros2/install/px4_ros_com/share/px4_ros_com/cmake/export_frame_transformsExport-noconfig.cmake\n'}
[2.637642] (px4_ros_com) StdoutLine: {'line': b'-- Up-to-date: /home/stepan/ws_ros2/install/px4_ros_com/share/px4_ros_com/cmake/ament_cmake_export_dependencies-extras.cmake\n'}
[2.637808] (px4_ros_com) StdoutLine: {'line': b'-- Up-to-date: /home/stepan/ws_ros2/install/px4_ros_com/share/px4_ros_com/cmake/ament_cmake_export_targets-extras.cmake\n'}
[2.637920] (px4_ros_com) StdoutLine: {'line': b'-- Up-to-date: /home/stepan/ws_ros2/install/px4_ros_com/share/px4_ros_com/cmake/ament_cmake_export_include_directories-extras.cmake\n'}
[2.638023] (px4_ros_com) StdoutLine: {'line': b'-- Up-to-date: /home/stepan/ws_ros2/install/px4_ros_com/share/px4_ros_com/cmake/ament_cmake_export_libraries-extras.cmake\n'}
[2.638126] (px4_ros_com) StdoutLine: {'line': b'-- Up-to-date: /home/stepan/ws_ros2/install/px4_ros_com/share/px4_ros_com/cmake/px4_ros_comConfig.cmake\n'}
[2.638227] (px4_ros_com) StdoutLine: {'line': b'-- Up-to-date: /home/stepan/ws_ros2/install/px4_ros_com/share/px4_ros_com/cmake/px4_ros_comConfig-version.cmake\n'}
[2.638335] (px4_ros_com) StdoutLine: {'line': b'-- Up-to-date: /home/stepan/ws_ros2/install/px4_ros_com/share/px4_ros_com/package.xml\n'}
[2.639604] (px4_ros_com) CommandEnded: {'returncode': 0}
[2.656713] (px4_ros_com) JobEnded: {'identifier': 'px4_ros_com', 'rc': 0}
[2.704286] (-) TimerEvent: {}
[2.756932] (offboard) Command: {'cmd': ['/usr/bin/python3', '-W', 'ignore:setup.py install is deprecated', '-W', 'ignore:easy_install command is deprecated', 'setup.py', 'egg_info', '--egg-base', '../../build/offboard', 'build', '--build-base', '/home/stepan/ws_ros2/build/offboard/build', 'install', '--record', '/home/stepan/ws_ros2/build/offboard/install.log', '--single-version-externally-managed', 'install_data'], 'cwd': '/home/stepan/ws_ros2/src/offboard', 'env': {'LESSOPEN': '| /usr/bin/lesspipe %s', 'USER': 'stepan', 'LC_TIME': 'cs_CZ.UTF-8', 'XDG_SESSION_TYPE': 'wayland', 'SHLVL': '1', 'LD_LIBRARY_PATH': '/home/stepan/ws_ros2/install/px4_msgs/lib:/home/stepan/ws_ros2/install/px4_ros_com/lib:/opt/ros/humble/opt/rviz_ogre_vendor/lib:/opt/ros/humble/lib/x86_64-linux-gnu:/opt/ros/humble/lib', 'HOME': '/home/stepan', 'OLDPWD': '/home/stepan/ws_ros2/src', 'DESKTOP_SESSION': 'ubuntu', 'ROS_PYTHON_VERSION': '3', 'GNOME_SHELL_SESSION_MODE': 'ubuntu', 'GTK_MODULES': 'gail:atk-bridge', 'LC_MONETARY': 'cs_CZ.UTF-8', 'SYSTEMD_EXEC_PID': '1590', 'DBUS_SESSION_BUS_ADDRESS': 'unix:path=/run/user/1000/bus', 'COLORTERM': 'truecolor', 'IM_CONFIG_PHASE': '1', 'WAYLAND_DISPLAY': 'wayland-0', 'COLCON_PREFIX_PATH': '/home/stepan/ws_ros2/install', 'ROS_DISTRO': 'humble', 'LOGNAME': 'stepan', '_': '/usr/bin/colcon', 'ROS_VERSION': '2', 'XDG_SESSION_CLASS': 'user', 'USERNAME': 'stepan', 'TERM': 'xterm-256color', 'GNOME_DESKTOP_SESSION_ID': 'this-is-deprecated', 'ROS_LOCALHOST_ONLY': '0', 'PATH': '/opt/ros/humble/bin:/home/stepan/.local/bin:/usr/local/sbin:/usr/local/bin:/usr/sbin:/usr/bin:/sbin:/bin:/usr/games:/usr/local/games:/snap/bin:/snap/bin', 'SESSION_MANAGER': 'local/stepan-Latitude-5410:@/tmp/.ICE-unix/1562,unix/stepan-Latitude-5410:/tmp/.ICE-unix/1562', 'XDG_MENU_PREFIX': 'gnome-', 'LC_ADDRESS': 'cs_CZ.UTF-8', 'GNOME_TERMINAL_SCREEN': '/org/gnome/Terminal/screen/ae9eb505_b0d9_4b0b_8646_9fddcceccd37', 'GNOME_SETUP_DISPLAY': ':1', 'XDG_RUNTIME_DIR': '/run/user/1000', 'DISPLAY': ':0', 'LANG': 'en_US.UTF-8', 'XDG_CURRENT_DESKTOP': 'ubuntu:GNOME', 'LC_TELEPHONE': 'cs_CZ.UTF-8', 'XMODIFIERS': '@im=ibus', 'XDG_SESSION_DESKTOP': 'ubuntu', 'XAUTHORITY': '/run/user/1000/.mutter-Xwaylandauth.TIJ942', 'LS_COLORS': 'rs=0:di=01;34:ln=01;36:mh=00:pi=40;33:so=01;35:do=01;35:bd=40;33;01:cd=40;33;01:or=40;31;01:mi=00:su=37;41:sg=30;43:ca=30;41:tw=30;42:ow=34;42:st=37;44:ex=01;32:*.tar=01;31:*.tgz=01;31:*.arc=01;31:*.arj=01;31:*.taz=01;31:*.lha=01;31:*.lz4=01;31:*.lzh=01;31:*.lzma=01;31:*.tlz=01;31:*.txz=01;31:*.tzo=01;31:*.t7z=01;31:*.zip=01;31:*.z=01;31:*.dz=01;31:*.gz=01;31:*.lrz=01;31:*.lz=01;31:*.lzo=01;31:*.xz=01;31:*.zst=01;31:*.tzst=01;31:*.bz2=01;31:*.bz=01;31:*.tbz=01;31:*.tbz2=01;31:*.tz=01;31:*.deb=01;31:*.rpm=01;31:*.jar=01;31:*.war=01;31:*.ear=01;31:*.sar=01;31:*.rar=01;31:*.alz=01;31:*.ace=01;31:*.zoo=01;31:*.cpio=01;31:*.7z=01;31:*.rz=01;31:*.cab=01;31:*.wim=01;31:*.swm=01;31:*.dwm=01;31:*.esd=01;31:*.jpg=01;35:*.jpeg=01;35:*.mjpg=01;35:*.mjpeg=01;35:*.gif=01;35:*.bmp=01;35:*.pbm=01;35:*.pgm=01;35:*.ppm=01;35:*.tga=01;35:*.xbm=01;35:*.xpm=01;35:*.tif=01;35:*.tiff=01;35:*.png=01;35:*.svg=01;35:*.svgz=01;35:*.mng=01;35:*.pcx=01;35:*.mov=01;35:*.mpg=01;35:*.mpeg=01;35:*.m2v=01;35:*.mkv=01;35:*.webm=01;35:*.webp=01;35:*.ogm=01;35:*.mp4=01;35:*.m4v=01;35:*.mp4v=01;35:*.vob=01;35:*.qt=01;35:*.nuv=01;35:*.wmv=01;35:*.asf=01;35:*.rm=01;35:*.rmvb=01;35:*.flc=01;35:*.avi=01;35:*.fli=01;35:*.flv=01;35:*.gl=01;35:*.dl=01;35:*.xcf=01;35:*.xwd=01;35:*.yuv=01;35:*.cgm=01;35:*.emf=01;35:*.ogv=01;35:*.ogx=01;35:*.aac=00;36:*.au=00;36:*.flac=00;36:*.m4a=00;36:*.mid=00;36:*.midi=00;36:*.mka=00;36:*.mp3=00;36:*.mpc=00;36:*.ogg=00;36:*.ra=00;36:*.wav=00;36:*.oga=00;36:*.opus=00;36:*.spx=00;36:*.xspf=00;36:', 'GNOME_TERMINAL_SERVICE': ':1.128', 'SSH_AGENT_LAUNCHER': 'gnome-keyring', 'SSH_AUTH_SOCK': '/run/user/1000/keyring/ssh', 'AMENT_PREFIX_PATH': '/home/stepan/ws_ros2/install/px4_ros_com:/home/stepan/ws_ros2/install/offboard:/home/stepan/ws_ros2/install/px4_msgs:/opt/ros/humble', 'SHELL': '/bin/bash', 'LC_NAME': 'cs_CZ.UTF-8', 'QT_ACCESSIBILITY': '1', 'GDMSESSION': 'ubuntu', 'LESSCLOSE': '/usr/bin/lesspipe %s %s', 'LC_MEASUREMENT': 'cs_CZ.UTF-8', 'LC_IDENTIFICATION': 'cs_CZ.UTF-8', 'QT_IM_MODULE': 'ibus', 'PWD': '/home/stepan/ws_ros2/build/offboard', 'LC_ALL': 'en_US.UTF-8', 'XDG_CONFIG_DIRS': '/etc/xdg/xdg-ubuntu:/etc/xdg', 'XDG_DATA_DIRS': '/usr/share/ubuntu:/usr/local/share/:/usr/share/:/var/lib/snapd/desktop', 'PYTHONPATH': '/home/stepan/ws_ros2/build/offboard/prefix_override:/usr/lib/python3/dist-packages/colcon_core/task/python/colcon_distutils_commands:/home/stepan/ws_ros2/install/offboard/lib/python3.10/site-packages:/home/stepan/ws_ros2/install/px4_ros_com/local/lib/python3.10/dist-packages:/home/stepan/ws_ros2/install/px4_msgs/local/lib/python3.10/dist-packages:/opt/ros/humble/lib/python3.10/site-packages:/opt/ros/humble/local/lib/python3.10/dist-packages', 'LC_NUMERIC': 'cs_CZ.UTF-8', 'LC_PAPER': 'cs_CZ.UTF-8', 'COLCON': '1', 'VTE_VERSION': '6800', 'CMAKE_PREFIX_PATH': '/home/stepan/ws_ros2/install/px4_msgs:/home/stepan/ws_ros2/install/px4_ros_com:/home/stepan/ws_ros2/install/offboard'}, 'shell': False}
[2.804389] (-) TimerEvent: {}
[2.904651] (-) TimerEvent: {}
[2.929852] (offboard) StderrLine: {'line': b"/home/stepan/.local/lib/python3.10/site-packages/setuptools/_distutils/dist.py:289: UserWarning: Unknown distribution option: 'tests_require'\n"}
[2.930020] (offboard) StderrLine: {'line': b'  warnings.warn(msg)\n'}
[3.004733] (-) TimerEvent: {}
[3.041184] (offboard) StdoutLine: {'line': b'running egg_info\n'}
[3.058918] (offboard) StdoutLine: {'line': b'creating ../../build/offboard/offboard.egg-info\n'}
[3.059098] (offboard) StdoutLine: {'line': b'writing ../../build/offboard/offboard.egg-info/PKG-INFO\n'}
[3.059458] (offboard) StdoutLine: {'line': b'writing dependency_links to ../../build/offboard/offboard.egg-info/dependency_links.txt\n'}
[3.059651] (offboard) StdoutLine: {'line': b'writing entry points to ../../build/offboard/offboard.egg-info/entry_points.txt\n'}
[3.059792] (offboard) StdoutLine: {'line': b'writing requirements to ../../build/offboard/offboard.egg-info/requires.txt\n'}
[3.059904] (offboard) StdoutLine: {'line': b'writing top-level names to ../../build/offboard/offboard.egg-info/top_level.txt\n'}
[3.060084] (offboard) StdoutLine: {'line': b"writing manifest file '../../build/offboard/offboard.egg-info/SOURCES.txt'\n"}
[3.097740] (offboard) StdoutLine: {'line': b"reading manifest file '../../build/offboard/offboard.egg-info/SOURCES.txt'\n"}
[3.099098] (offboard) StdoutLine: {'line': b"writing manifest file '../../build/offboard/offboard.egg-info/SOURCES.txt'\n"}
[3.099257] (offboard) StdoutLine: {'line': b'running build\n'}
[3.099319] (offboard) StdoutLine: {'line': b'running build_py\n'}
[3.099471] (offboard) StdoutLine: {'line': b'creating /home/stepan/ws_ros2/build/offboard/build/lib/offboard\n'}
[3.099706] (offboard) StdoutLine: {'line': b'copying offboard/__init__.py -> /home/stepan/ws_ros2/build/offboard/build/lib/offboard\n'}
[3.099829] (offboard) StdoutLine: {'line': b'copying offboard/offboard_mission.py -> /home/stepan/ws_ros2/build/offboard/build/lib/offboard\n'}
[3.100100] (offboard) StdoutLine: {'line': b'running install\n'}
[3.104852] (-) TimerEvent: {}
[3.105073] (offboard) StdoutLine: {'line': b'running install_lib\n'}
[3.123453] (offboard) StdoutLine: {'line': b'creating /home/stepan/ws_ros2/install/offboard/lib/python3.10/site-packages/offboard\n'}
[3.123636] (offboard) StdoutLine: {'line': b'copying /home/stepan/ws_ros2/build/offboard/build/lib/offboard/__init__.py -> /home/stepan/ws_ros2/install/offboard/lib/python3.10/site-packages/offboard\n'}
[3.123701] (offboard) StdoutLine: {'line': b'copying /home/stepan/ws_ros2/build/offboard/build/lib/offboard/offboard_mission.py -> /home/stepan/ws_ros2/install/offboard/lib/python3.10/site-packages/offboard\n'}
[3.124096] (offboard) StdoutLine: {'line': b'byte-compiling /home/stepan/ws_ros2/install/offboard/lib/python3.10/site-packages/offboard/__init__.py to __init__.cpython-310.pyc\n'}
[3.124334] (offboard) StdoutLine: {'line': b'byte-compiling /home/stepan/ws_ros2/install/offboard/lib/python3.10/site-packages/offboard/offboard_mission.py to offboard_mission.cpython-310.pyc\n'}
[3.125226] (offboard) StdoutLine: {'line': b'running install_data\n'}
[3.125555] (offboard) StdoutLine: {'line': b'copying resource/offboard -> /home/stepan/ws_ros2/install/offboard/share/ament_index/resource_index/packages\n'}
[3.125735] (offboard) StdoutLine: {'line': b'copying package.xml -> /home/stepan/ws_ros2/install/offboard/share/offboard\n'}
[3.125918] (offboard) StdoutLine: {'line': b'running install_egg_info\n'}
[3.145082] (offboard) StdoutLine: {'line': b'Copying ../../build/offboard/offboard.egg-info to /home/stepan/ws_ros2/install/offboard/lib/python3.10/site-packages/offboard-0.0.0-py3.10.egg-info\n'}
[3.145958] (offboard) StdoutLine: {'line': b'running install_scripts\n'}
[3.204972] (-) TimerEvent: {}
[3.291257] (offboard) StdoutLine: {'line': b'Installing offboard_mission script to /home/stepan/ws_ros2/install/offboard/lib/offboard\n'}
[3.291755] (offboard) StdoutLine: {'line': b"writing list of installed files to '/home/stepan/ws_ros2/build/offboard/install.log'\n"}
[3.305093] (-) TimerEvent: {}
[3.321527] (offboard) CommandEnded: {'returncode': 0}
[3.333663] (offboard) JobEnded: {'identifier': 'offboard', 'rc': 0}
[3.334437] (-) EventReactorShutdown: {}
