[0.007s] Invoking command in '/home/stepan/ws_ros2/build/px4_msgs': CMAKE_PREFIX_PATH=/opt/ros/humble /usr/bin/cmake /home/stepan/ws_ros2/src/px4_msgs -DCMAKE_INSTALL_PREFIX=/home/stepan/ws_ros2/install/px4_msgs
[0.057s] -- The C compiler identification is GNU 11.4.0
[0.108s] -- The CXX compiler identification is GNU 11.4.0
[0.115s] -- Detecting C compiler ABI info
[0.176s] -- Detecting C compiler ABI info - done
[0.184s] -- Check for working C compiler: /usr/bin/cc - skipped
[0.184s] -- Detecting C compile features
[0.184s] -- Detecting C compile features - done
[0.187s] -- Detecting CXX compiler ABI info
[0.258s] -- Detecting CXX compiler ABI info - done
[0.266s] -- Check for working CXX compiler: /usr/bin/c++ - skipped
[0.266s] -- Detecting CXX compile features
[0.267s] -- Detecting CXX compile features - done
[0.268s] -- Found ament_cmake: 1.3.11 (/opt/ros/humble/share/ament_cmake/cmake)
[0.628s] -- Found Python3: /usr/bin/python3 (found version "3.10.12") found components: Interpreter 
[0.717s] -- Found builtin_interfaces: 1.2.1 (/opt/ros/humble/share/builtin_interfaces/cmake)
[0.747s] -- Found rosidl_generator_c: 3.1.6 (/opt/ros/humble/share/rosidl_generator_c/cmake)
[0.751s] -- Found rosidl_adapter: 3.1.6 (/opt/ros/humble/share/rosidl_adapter/cmake)
[0.758s] -- Found rosidl_generator_cpp: 3.1.6 (/opt/ros/humble/share/rosidl_generator_cpp/cmake)
[0.774s] -- Using all available rosidl_typesupport_c: rosidl_typesupport_fastrtps_c;rosidl_typesupport_introspection_c
[0.788s] -- Using all available rosidl_typesupport_cpp: rosidl_typesupport_fastrtps_cpp;rosidl_typesupport_introspection_cpp
[0.801s] -- Found rosidl_default_generators: 1.2.0 (/opt/ros/humble/share/rosidl_default_generators/cmake)
[2.614s] -- Found ament_cmake_cppcheck: 0.12.12 (/opt/ros/humble/share/ament_cmake_cppcheck/cmake)
[2.616s] -- Found ament_cmake_cpplint: 0.12.12 (/opt/ros/humble/share/ament_cmake_cpplint/cmake)
[2.617s] -- Found ament_cmake_uncrustify: 0.12.12 (/opt/ros/humble/share/ament_cmake_uncrustify/cmake)
[2.619s] -- Found ament_cmake_ros: 0.10.0 (/opt/ros/humble/share/ament_cmake_ros/cmake)
[3.017s] -- Using all available rosidl_typesupport_c: rosidl_typesupport_fastrtps_c;rosidl_typesupport_introspection_c
[3.169s] -- Using all available rosidl_typesupport_cpp: rosidl_typesupport_fastrtps_cpp;rosidl_typesupport_introspection_cpp
[3.203s] -- Found PythonInterp: /usr/bin/python3 (found suitable version "3.10.12", minimum required is "3.6") 
[3.203s] -- Found python_cmake_module: 0.10.0 (/opt/ros/humble/share/python_cmake_module/cmake)
[3.229s] -- Found PythonLibs: /usr/lib/x86_64-linux-gnu/libpython3.10.so (found suitable version "3.10.12", minimum required is "3.5") 
[3.230s] -- Using PYTHON_EXECUTABLE: /usr/bin/python3
[3.230s] -- Using PYTHON_INCLUDE_DIRS: /usr/include/python3.10
[3.230s] -- Using PYTHON_LIBRARIES: /usr/lib/x86_64-linux-gnu/libpython3.10.so
[3.252s] -- Found PythonExtra: .so  
[3.318s] -- Found ament_cmake_flake8: 0.12.12 (/opt/ros/humble/share/ament_cmake_flake8/cmake)
[3.319s] -- Found ament_cmake_pep257: 0.12.12 (/opt/ros/humble/share/ament_cmake_pep257/cmake)
[3.334s] -- Configuring done
[3.724s] -- Generating done
[3.767s] -- Build files have been written to: /home/stepan/ws_ros2/build/px4_msgs
[3.784s] Invoked command in '/home/stepan/ws_ros2/build/px4_msgs' returned '0': CMAKE_PREFIX_PATH=/opt/ros/humble /usr/bin/cmake /home/stepan/ws_ros2/src/px4_msgs -DCMAKE_INSTALL_PREFIX=/home/stepan/ws_ros2/install/px4_msgs
[3.786s] Invoking command in '/home/stepan/ws_ros2/build/px4_msgs': CMAKE_PREFIX_PATH=/opt/ros/humble /usr/bin/cmake --build /home/stepan/ws_ros2/build/px4_msgs -- -j8 -l8
[4.545s] [  0%] [34m[1mGenerating C code for ROS interfaces[0m
[4.549s] [  0%] Built target ament_cmake_python_copy_px4_msgs
[4.572s] [  0%] [34m[1mGenerating C++ code for ROS interfaces[0m
[4.773s] running egg_info
[4.791s] creating px4_msgs.egg-info
[4.791s] writing px4_msgs.egg-info/PKG-INFO
[4.792s] writing dependency_links to px4_msgs.egg-info/dependency_links.txt
[4.792s] writing top-level names to px4_msgs.egg-info/top_level.txt
[4.792s] writing manifest file 'px4_msgs.egg-info/SOURCES.txt'
[4.844s] reading manifest file 'px4_msgs.egg-info/SOURCES.txt'
[4.845s] writing manifest file 'px4_msgs.egg-info/SOURCES.txt'
[4.875s] [  0%] Built target ament_cmake_python_build_px4_msgs_egg
[47.253s] [  0%] Built target px4_msgs__cpp
[47.287s] [  0%] [34m[1mGenerating C++ type support dispatch for ROS interfaces[0m
[47.297s] [  0%] [34m[1mGenerating C++ type support for eProsima Fast-RTPS[0m
[47.301s] [  0%] [34m[1mGenerating C++ introspection for ROS interfaces[0m
[49.428s] [  0%] [32mBuilding C object CMakeFiles/px4_msgs__rosidl_generator_c.dir/rosidl_generator_c/px4_msgs/msg/detail/action_request__functions.c.o[0m
[49.428s] [  0%] [32mBuilding C object CMakeFiles/px4_msgs__rosidl_generator_c.dir/rosidl_generator_c/px4_msgs/msg/detail/actuator_armed__functions.c.o[0m
[49.429s] [  0%] [32mBuilding C object CMakeFiles/px4_msgs__rosidl_generator_c.dir/rosidl_generator_c/px4_msgs/msg/detail/actuator_motors__functions.c.o[0m
[49.429s] [  0%] [32mBuilding C object CMakeFiles/px4_msgs__rosidl_generator_c.dir/rosidl_generator_c/px4_msgs/msg/detail/ackermann_velocity_setpoint__functions.c.o[0m
[49.430s] [  0%] [32mBuilding C object CMakeFiles/px4_msgs__rosidl_generator_c.dir/rosidl_generator_c/px4_msgs/msg/detail/actuator_controls_status__functions.c.o[0m
[49.495s] [  0%] [32mBuilding C object CMakeFiles/px4_msgs__rosidl_generator_c.dir/rosidl_generator_c/px4_msgs/msg/detail/actuator_servos__functions.c.o[0m
[49.495s] [  0%] [32mBuilding C object CMakeFiles/px4_msgs__rosidl_generator_c.dir/rosidl_generator_c/px4_msgs/msg/detail/actuator_outputs__functions.c.o[0m
[49.501s] [  0%] [32mBuilding C object CMakeFiles/px4_msgs__rosidl_generator_c.dir/rosidl_generator_c/px4_msgs/msg/detail/actuator_servos_trim__functions.c.o[0m
[49.504s] [  0%] [32mBuilding C object CMakeFiles/px4_msgs__rosidl_generator_c.dir/rosidl_generator_c/px4_msgs/msg/detail/adc_report__functions.c.o[0m
[49.506s] [  0%] [32mBuilding C object CMakeFiles/px4_msgs__rosidl_generator_c.dir/rosidl_generator_c/px4_msgs/msg/detail/actuator_test__functions.c.o[0m
[49.565s] [  0%] [32mBuilding C object CMakeFiles/px4_msgs__rosidl_generator_c.dir/rosidl_generator_c/px4_msgs/msg/detail/airspeed_validated__functions.c.o[0m
[49.566s] [  0%] [32mBuilding C object CMakeFiles/px4_msgs__rosidl_generator_c.dir/rosidl_generator_c/px4_msgs/msg/detail/airspeed__functions.c.o[0m
[49.576s] [  0%] [32mBuilding C object CMakeFiles/px4_msgs__rosidl_generator_c.dir/rosidl_generator_c/px4_msgs/msg/detail/arming_check_reply__functions.c.o[0m
[49.581s] [  0%] [32mBuilding C object CMakeFiles/px4_msgs__rosidl_generator_c.dir/rosidl_generator_c/px4_msgs/msg/detail/airspeed_wind__functions.c.o[0m
[49.581s] [  0%] [32mBuilding C object CMakeFiles/px4_msgs__rosidl_generator_c.dir/rosidl_generator_c/px4_msgs/msg/detail/arming_check_request__functions.c.o[0m
[49.644s] [  1%] [32mBuilding C object CMakeFiles/px4_msgs__rosidl_generator_c.dir/rosidl_generator_c/px4_msgs/msg/detail/autotune_attitude_control_status__functions.c.o[0m
[49.645s] [  1%] [32mBuilding C object CMakeFiles/px4_msgs__rosidl_generator_c.dir/rosidl_generator_c/px4_msgs/msg/detail/battery_status__functions.c.o[0m
[49.656s] [  1%] [32mBuilding C object CMakeFiles/px4_msgs__rosidl_generator_c.dir/rosidl_generator_c/px4_msgs/msg/detail/camera_capture__functions.c.o[0m
[49.659s] [  1%] [32mBuilding C object CMakeFiles/px4_msgs__rosidl_generator_c.dir/rosidl_generator_c/px4_msgs/msg/detail/button_event__functions.c.o[0m
[49.675s] [  1%] [32mBuilding C object CMakeFiles/px4_msgs__rosidl_generator_c.dir/rosidl_generator_c/px4_msgs/msg/detail/camera_status__functions.c.o[0m
[49.726s] [  1%] [32mBuilding C object CMakeFiles/px4_msgs__rosidl_generator_c.dir/rosidl_generator_c/px4_msgs/msg/detail/camera_trigger__functions.c.o[0m
[49.727s] [  1%] [32mBuilding C object CMakeFiles/px4_msgs__rosidl_generator_c.dir/rosidl_generator_c/px4_msgs/msg/detail/cellular_status__functions.c.o[0m
[49.727s] [  1%] [32mBuilding C object CMakeFiles/px4_msgs__rosidl_generator_c.dir/rosidl_generator_c/px4_msgs/msg/detail/can_interface_status__functions.c.o[0m
[49.744s] [  1%] [32mBuilding C object CMakeFiles/px4_msgs__rosidl_generator_c.dir/rosidl_generator_c/px4_msgs/msg/detail/collision_constraints__functions.c.o[0m
[49.750s] [  1%] [32mBuilding C object CMakeFiles/px4_msgs__rosidl_generator_c.dir/rosidl_generator_c/px4_msgs/msg/detail/config_overrides__functions.c.o[0m
[49.798s] [  1%] [32mBuilding C object CMakeFiles/px4_msgs__rosidl_generator_c.dir/rosidl_generator_c/px4_msgs/msg/detail/control_allocator_status__functions.c.o[0m
[49.799s] [  1%] [32mBuilding C object CMakeFiles/px4_msgs__rosidl_generator_c.dir/rosidl_generator_c/px4_msgs/msg/detail/cpuload__functions.c.o[0m
[49.811s] [  1%] [32mBuilding C object CMakeFiles/px4_msgs__rosidl_generator_c.dir/rosidl_generator_c/px4_msgs/msg/detail/dataman_request__functions.c.o[0m
[49.826s] [  1%] [32mBuilding C object CMakeFiles/px4_msgs__rosidl_generator_c.dir/rosidl_generator_c/px4_msgs/msg/detail/dataman_response__functions.c.o[0m
[49.826s] [  1%] [32mBuilding C object CMakeFiles/px4_msgs__rosidl_generator_c.dir/rosidl_generator_c/px4_msgs/msg/detail/debug_array__functions.c.o[0m
[49.874s] [  1%] [32mBuilding C object CMakeFiles/px4_msgs__rosidl_generator_c.dir/rosidl_generator_c/px4_msgs/msg/detail/debug_key_value__functions.c.o[0m
[49.875s] [  1%] [32mBuilding C object CMakeFiles/px4_msgs__rosidl_generator_c.dir/rosidl_generator_c/px4_msgs/msg/detail/debug_value__functions.c.o[0m
[49.881s] [  1%] [32mBuilding C object CMakeFiles/px4_msgs__rosidl_generator_c.dir/rosidl_generator_c/px4_msgs/msg/detail/debug_vect__functions.c.o[0m
[49.897s] [  2%] [32mBuilding C object CMakeFiles/px4_msgs__rosidl_generator_c.dir/rosidl_generator_c/px4_msgs/msg/detail/differential_pressure__functions.c.o[0m
[49.907s] [  2%] [32mBuilding C object CMakeFiles/px4_msgs__rosidl_generator_c.dir/rosidl_generator_c/px4_msgs/msg/detail/distance_sensor__functions.c.o[0m
[49.942s] [  2%] [32mBuilding C object CMakeFiles/px4_msgs__rosidl_generator_c.dir/rosidl_generator_c/px4_msgs/msg/detail/distance_sensor_mode_change_request__functions.c.o[0m
[49.948s] [  2%] [32mBuilding C object CMakeFiles/px4_msgs__rosidl_generator_c.dir/rosidl_generator_c/px4_msgs/msg/detail/ekf2_timestamps__functions.c.o[0m
[49.951s] [  2%] [32mBuilding C object CMakeFiles/px4_msgs__rosidl_generator_c.dir/rosidl_generator_c/px4_msgs/msg/detail/esc_report__functions.c.o[0m
[49.970s] [  2%] [32mBuilding C object CMakeFiles/px4_msgs__rosidl_generator_c.dir/rosidl_generator_c/px4_msgs/msg/detail/esc_status__functions.c.o[0m
[49.989s] [  2%] [32mBuilding C object CMakeFiles/px4_msgs__rosidl_generator_c.dir/rosidl_generator_c/px4_msgs/msg/detail/estimator_aid_source1d__functions.c.o[0m
[50.008s] [  2%] [32mBuilding C object CMakeFiles/px4_msgs__rosidl_generator_c.dir/rosidl_generator_c/px4_msgs/msg/detail/estimator_aid_source2d__functions.c.o[0m
[50.020s] [  2%] [32mBuilding C object CMakeFiles/px4_msgs__rosidl_generator_c.dir/rosidl_generator_c/px4_msgs/msg/detail/estimator_aid_source3d__functions.c.o[0m
[50.025s] [  2%] [32mBuilding C object CMakeFiles/px4_msgs__rosidl_generator_c.dir/rosidl_generator_c/px4_msgs/msg/detail/estimator_bias__functions.c.o[0m
[50.045s] [  2%] [32mBuilding C object CMakeFiles/px4_msgs__rosidl_generator_c.dir/rosidl_generator_c/px4_msgs/msg/detail/estimator_bias3d__functions.c.o[0m
[50.074s] [  2%] [32mBuilding C object CMakeFiles/px4_msgs__rosidl_generator_c.dir/rosidl_generator_c/px4_msgs/msg/detail/estimator_event_flags__functions.c.o[0m
[50.084s] [  2%] [32mBuilding C object CMakeFiles/px4_msgs__rosidl_generator_c.dir/rosidl_generator_c/px4_msgs/msg/detail/estimator_gps_status__functions.c.o[0m
[50.097s] [  2%] [32mBuilding C object CMakeFiles/px4_msgs__rosidl_generator_c.dir/rosidl_generator_c/px4_msgs/msg/detail/estimator_innovations__functions.c.o[0m
[50.098s] [  2%] [32mBuilding C object CMakeFiles/px4_msgs__rosidl_generator_c.dir/rosidl_generator_c/px4_msgs/msg/detail/estimator_selector_status__functions.c.o[0m
[50.120s] [  2%] [32mBuilding C object CMakeFiles/px4_msgs__rosidl_generator_c.dir/rosidl_generator_c/px4_msgs/msg/detail/estimator_sensor_bias__functions.c.o[0m
[50.154s] [  2%] [32mBuilding C object CMakeFiles/px4_msgs__rosidl_generator_c.dir/rosidl_generator_c/px4_msgs/msg/detail/estimator_states__functions.c.o[0m
[50.158s] [  2%] [32mBuilding C object CMakeFiles/px4_msgs__rosidl_generator_c.dir/rosidl_generator_c/px4_msgs/msg/detail/estimator_status__functions.c.o[0m
[50.180s] [  3%] [32mBuilding C object CMakeFiles/px4_msgs__rosidl_generator_c.dir/rosidl_generator_c/px4_msgs/msg/detail/estimator_status_flags__functions.c.o[0m
[50.196s] [  3%] [32mBuilding C object CMakeFiles/px4_msgs__rosidl_generator_c.dir/rosidl_generator_c/px4_msgs/msg/detail/event__functions.c.o[0m
[50.198s] [  3%] [32mBuilding C object CMakeFiles/px4_msgs__rosidl_generator_c.dir/rosidl_generator_c/px4_msgs/msg/detail/failsafe_flags__functions.c.o[0m
[50.228s] [  3%] [32mBuilding C object CMakeFiles/px4_msgs__rosidl_generator_c.dir/rosidl_generator_c/px4_msgs/msg/detail/failure_detector_status__functions.c.o[0m
[50.252s] [  3%] [32mBuilding C object CMakeFiles/px4_msgs__rosidl_generator_c.dir/rosidl_generator_c/px4_msgs/msg/detail/figure_eight_status__functions.c.o[0m
[50.265s] [  3%] [32mBuilding C object CMakeFiles/px4_msgs__rosidl_generator_c.dir/rosidl_generator_c/px4_msgs/msg/detail/flight_phase_estimation__functions.c.o[0m
[50.273s] [  3%] [32mBuilding C object CMakeFiles/px4_msgs__rosidl_generator_c.dir/rosidl_generator_c/px4_msgs/msg/detail/follow_target__functions.c.o[0m
[50.278s] [  3%] [32mBuilding C object CMakeFiles/px4_msgs__rosidl_generator_c.dir/rosidl_generator_c/px4_msgs/msg/detail/follow_target_estimator__functions.c.o[0m
[50.305s] [  3%] [32mBuilding C object CMakeFiles/px4_msgs__rosidl_generator_c.dir/rosidl_generator_c/px4_msgs/msg/detail/follow_target_status__functions.c.o[0m
[50.331s] [  3%] [32mBuilding C object CMakeFiles/px4_msgs__rosidl_generator_c.dir/rosidl_generator_c/px4_msgs/msg/detail/fuel_tank_status__functions.c.o[0m
[50.341s] [  3%] [32mBuilding C object CMakeFiles/px4_msgs__rosidl_generator_c.dir/rosidl_generator_c/px4_msgs/msg/detail/generator_status__functions.c.o[0m
[50.351s] [  3%] [32mBuilding C object CMakeFiles/px4_msgs__rosidl_generator_c.dir/rosidl_generator_c/px4_msgs/msg/detail/geofence_result__functions.c.o[0m
[50.351s] [  3%] [32mBuilding C object CMakeFiles/px4_msgs__rosidl_generator_c.dir/rosidl_generator_c/px4_msgs/msg/detail/geofence_status__functions.c.o[0m
[50.385s] [  3%] [32mBuilding C object CMakeFiles/px4_msgs__rosidl_generator_c.dir/rosidl_generator_c/px4_msgs/msg/detail/gimbal_controls__functions.c.o[0m
[50.406s] [  3%] [32mBuilding C object CMakeFiles/px4_msgs__rosidl_generator_c.dir/rosidl_generator_c/px4_msgs/msg/detail/gimbal_device_attitude_status__functions.c.o[0m
[50.416s] [  3%] [32mBuilding C object CMakeFiles/px4_msgs__rosidl_generator_c.dir/rosidl_generator_c/px4_msgs/msg/detail/gimbal_device_information__functions.c.o[0m
[50.427s] [  3%] [32mBuilding C object CMakeFiles/px4_msgs__rosidl_generator_c.dir/rosidl_generator_c/px4_msgs/msg/detail/gimbal_device_set_attitude__functions.c.o[0m
[50.441s] [  3%] [32mBuilding C object CMakeFiles/px4_msgs__rosidl_generator_c.dir/rosidl_generator_c/px4_msgs/msg/detail/gimbal_manager_information__functions.c.o[0m
[50.462s] [  3%] [32mBuilding C object CMakeFiles/px4_msgs__rosidl_generator_c.dir/rosidl_generator_c/px4_msgs/msg/detail/gimbal_manager_set_attitude__functions.c.o[0m
[50.481s] [  4%] [32mBuilding C object CMakeFiles/px4_msgs__rosidl_generator_c.dir/rosidl_generator_c/px4_msgs/msg/detail/gimbal_manager_set_manual_control__functions.c.o[0m
[50.493s] [  4%] [32mBuilding C object CMakeFiles/px4_msgs__rosidl_generator_c.dir/rosidl_generator_c/px4_msgs/msg/detail/gimbal_manager_status__functions.c.o[0m
[50.507s] [  4%] [32mBuilding C object CMakeFiles/px4_msgs__rosidl_generator_c.dir/rosidl_generator_c/px4_msgs/msg/detail/goto_setpoint__functions.c.o[0m
[50.511s] [  4%] [32mBuilding C object CMakeFiles/px4_msgs__rosidl_generator_c.dir/rosidl_generator_c/px4_msgs/msg/detail/gpio_config__functions.c.o[0m
[50.542s] [  4%] [32mBuilding C object CMakeFiles/px4_msgs__rosidl_generator_c.dir/rosidl_generator_c/px4_msgs/msg/detail/gpio_in__functions.c.o[0m
[50.562s] [  4%] [32mBuilding C object CMakeFiles/px4_msgs__rosidl_generator_c.dir/rosidl_generator_c/px4_msgs/msg/detail/gpio_out__functions.c.o[0m
[50.566s] [  4%] [32mBuilding C object CMakeFiles/px4_msgs__rosidl_generator_c.dir/rosidl_generator_c/px4_msgs/msg/detail/gpio_request__functions.c.o[0m
[50.582s] [  4%] [32mBuilding C object CMakeFiles/px4_msgs__rosidl_generator_c.dir/rosidl_generator_c/px4_msgs/msg/detail/gps_dump__functions.c.o[0m
[50.583s] [  4%] [32mBuilding C object CMakeFiles/px4_msgs__rosidl_generator_c.dir/rosidl_generator_c/px4_msgs/msg/detail/gps_inject_data__functions.c.o[0m
[50.620s] [  4%] [32mBuilding C object CMakeFiles/px4_msgs__rosidl_generator_c.dir/rosidl_generator_c/px4_msgs/msg/detail/gripper__functions.c.o[0m
[50.639s] [  4%] [32mBuilding C object CMakeFiles/px4_msgs__rosidl_generator_c.dir/rosidl_generator_c/px4_msgs/msg/detail/health_report__functions.c.o[0m
[50.646s] [  4%] [32mBuilding C object CMakeFiles/px4_msgs__rosidl_generator_c.dir/rosidl_generator_c/px4_msgs/msg/detail/heater_status__functions.c.o[0m
[50.651s] [  4%] [32mBuilding C object CMakeFiles/px4_msgs__rosidl_generator_c.dir/rosidl_generator_c/px4_msgs/msg/detail/home_position__functions.c.o[0m
[50.654s] [  4%] [32mBuilding C object CMakeFiles/px4_msgs__rosidl_generator_c.dir/rosidl_generator_c/px4_msgs/msg/detail/hover_thrust_estimate__functions.c.o[0m
[50.691s] [  4%] [32mBuilding C object CMakeFiles/px4_msgs__rosidl_generator_c.dir/rosidl_generator_c/px4_msgs/msg/detail/input_rc__functions.c.o[0m
[50.721s] [  4%] [32mBuilding C object CMakeFiles/px4_msgs__rosidl_generator_c.dir/rosidl_generator_c/px4_msgs/msg/detail/internal_combustion_engine_control__functions.c.o[0m
[50.723s] [  4%] [32mBuilding C object CMakeFiles/px4_msgs__rosidl_generator_c.dir/rosidl_generator_c/px4_msgs/msg/detail/internal_combustion_engine_status__functions.c.o[0m
[50.728s] [  4%] [32mBuilding C object CMakeFiles/px4_msgs__rosidl_generator_c.dir/rosidl_generator_c/px4_msgs/msg/detail/iridiumsbd_status__functions.c.o[0m
[50.732s] [  5%] [32mBuilding C object CMakeFiles/px4_msgs__rosidl_generator_c.dir/rosidl_generator_c/px4_msgs/msg/detail/irlock_report__functions.c.o[0m
[50.768s] [  5%] [32mBuilding C object CMakeFiles/px4_msgs__rosidl_generator_c.dir/rosidl_generator_c/px4_msgs/msg/detail/landing_gear__functions.c.o[0m
[50.799s] [  5%] [32mBuilding C object CMakeFiles/px4_msgs__rosidl_generator_c.dir/rosidl_generator_c/px4_msgs/msg/detail/landing_target_innovations__functions.c.o[0m
[50.799s] [  5%] [32mBuilding C object CMakeFiles/px4_msgs__rosidl_generator_c.dir/rosidl_generator_c/px4_msgs/msg/detail/landing_gear_wheel__functions.c.o[0m
[50.805s] [  5%] [32mBuilding C object CMakeFiles/px4_msgs__rosidl_generator_c.dir/rosidl_generator_c/px4_msgs/msg/detail/landing_target_pose__functions.c.o[0m
[50.807s] [  5%] [32mBuilding C object CMakeFiles/px4_msgs__rosidl_generator_c.dir/rosidl_generator_c/px4_msgs/msg/detail/launch_detection_status__functions.c.o[0m
[50.844s] [  5%] [32mBuilding C object CMakeFiles/px4_msgs__rosidl_generator_c.dir/rosidl_generator_c/px4_msgs/msg/detail/led_control__functions.c.o[0m
[50.868s] [  5%] [32mBuilding C object CMakeFiles/px4_msgs__rosidl_generator_c.dir/rosidl_generator_c/px4_msgs/msg/detail/log_message__functions.c.o[0m
[50.871s] [  5%] [32mBuilding C object CMakeFiles/px4_msgs__rosidl_generator_c.dir/rosidl_generator_c/px4_msgs/msg/detail/logger_status__functions.c.o[0m
[50.880s] [  5%] [32mBuilding C object CMakeFiles/px4_msgs__rosidl_generator_c.dir/rosidl_generator_c/px4_msgs/msg/detail/mag_worker_data__functions.c.o[0m
[50.885s] [  5%] [32mBuilding C object CMakeFiles/px4_msgs__rosidl_generator_c.dir/rosidl_generator_c/px4_msgs/msg/detail/magnetometer_bias_estimate__functions.c.o[0m
[50.920s] [  5%] [32mBuilding C object CMakeFiles/px4_msgs__rosidl_generator_c.dir/rosidl_generator_c/px4_msgs/msg/detail/manual_control_setpoint__functions.c.o[0m
[50.943s] [  5%] [32mBuilding C object CMakeFiles/px4_msgs__rosidl_generator_c.dir/rosidl_generator_c/px4_msgs/msg/detail/manual_control_switches__functions.c.o[0m
[50.946s] [  5%] [32mBuilding C object CMakeFiles/px4_msgs__rosidl_generator_c.dir/rosidl_generator_c/px4_msgs/msg/detail/mavlink_log__functions.c.o[0m
[50.956s] [  5%] [32mBuilding C object CMakeFiles/px4_msgs__rosidl_generator_c.dir/rosidl_generator_c/px4_msgs/msg/detail/mavlink_tunnel__functions.c.o[0m
[50.959s] [  5%] [32mBuilding C object CMakeFiles/px4_msgs__rosidl_generator_c.dir/rosidl_generator_c/px4_msgs/msg/detail/message_format_request__functions.c.o[0m
[51.000s] [  5%] [32mBuilding C object CMakeFiles/px4_msgs__rosidl_generator_c.dir/rosidl_generator_c/px4_msgs/msg/detail/message_format_response__functions.c.o[0m
[51.021s] [  5%] [32mBuilding C object CMakeFiles/px4_msgs__rosidl_generator_c.dir/rosidl_generator_c/px4_msgs/msg/detail/mission__functions.c.o[0m
[51.025s] [  6%] [32mBuilding C object CMakeFiles/px4_msgs__rosidl_generator_c.dir/rosidl_generator_c/px4_msgs/msg/detail/mission_result__functions.c.o[0m
[51.029s] [  6%] [32mBuilding C object CMakeFiles/px4_msgs__rosidl_generator_c.dir/rosidl_generator_c/px4_msgs/msg/detail/mode_completed__functions.c.o[0m
[51.031s] [  6%] [32mBuilding C object CMakeFiles/px4_msgs__rosidl_generator_c.dir/rosidl_generator_c/px4_msgs/msg/detail/mount_orientation__functions.c.o[0m
[51.076s] [  6%] [32mBuilding C object CMakeFiles/px4_msgs__rosidl_generator_c.dir/rosidl_generator_c/px4_msgs/msg/detail/navigator_mission_item__functions.c.o[0m
[51.095s] [  6%] [32mBuilding C object CMakeFiles/px4_msgs__rosidl_generator_c.dir/rosidl_generator_c/px4_msgs/msg/detail/navigator_status__functions.c.o[0m
[51.100s] [  6%] [32mBuilding C object CMakeFiles/px4_msgs__rosidl_generator_c.dir/rosidl_generator_c/px4_msgs/msg/detail/normalized_unsigned_setpoint__functions.c.o[0m
[51.101s] [  6%] [32mBuilding C object CMakeFiles/px4_msgs__rosidl_generator_c.dir/rosidl_generator_c/px4_msgs/msg/detail/npfg_status__functions.c.o[0m
[51.102s] [  6%] [32mBuilding C object CMakeFiles/px4_msgs__rosidl_generator_c.dir/rosidl_generator_c/px4_msgs/msg/detail/obstacle_distance__functions.c.o[0m
[51.154s] [  6%] [32mBuilding C object CMakeFiles/px4_msgs__rosidl_generator_c.dir/rosidl_generator_c/px4_msgs/msg/detail/offboard_control_mode__functions.c.o[0m
[51.162s] [  6%] [32mBuilding C object CMakeFiles/px4_msgs__rosidl_generator_c.dir/rosidl_generator_c/px4_msgs/msg/detail/onboard_computer_status__functions.c.o[0m
[51.171s] [  6%] [32mBuilding C object CMakeFiles/px4_msgs__rosidl_generator_c.dir/rosidl_generator_c/px4_msgs/msg/detail/open_drone_id_arm_status__functions.c.o[0m
[51.174s] [  6%] [32mBuilding C object CMakeFiles/px4_msgs__rosidl_generator_c.dir/rosidl_generator_c/px4_msgs/msg/detail/open_drone_id_operator_id__functions.c.o[0m
[51.180s] [  6%] [32mBuilding C object CMakeFiles/px4_msgs__rosidl_generator_c.dir/rosidl_generator_c/px4_msgs/msg/detail/open_drone_id_self_id__functions.c.o[0m
[51.230s] [  6%] [32mBuilding C object CMakeFiles/px4_msgs__rosidl_generator_c.dir/rosidl_generator_c/px4_msgs/msg/detail/open_drone_id_system__functions.c.o[0m
[51.250s] [  6%] [32mBuilding C object CMakeFiles/px4_msgs__rosidl_generator_c.dir/rosidl_generator_c/px4_msgs/msg/detail/orb_test__functions.c.o[0m
[51.254s] [  6%] [32mBuilding C object CMakeFiles/px4_msgs__rosidl_generator_c.dir/rosidl_generator_c/px4_msgs/msg/detail/orb_test_medium__functions.c.o[0m
[51.255s] [  6%] [32mBuilding C object CMakeFiles/px4_msgs__rosidl_generator_c.dir/rosidl_generator_c/px4_msgs/msg/detail/orb_test_large__functions.c.o[0m
[51.261s] [  6%] [32mBuilding C object CMakeFiles/px4_msgs__rosidl_generator_c.dir/rosidl_generator_c/px4_msgs/msg/detail/orbit_status__functions.c.o[0m
[51.303s] [  6%] [32mBuilding C object CMakeFiles/px4_msgs__rosidl_generator_c.dir/rosidl_generator_c/px4_msgs/msg/detail/parameter_reset_request__functions.c.o[0m
[51.322s] [  7%] [32mBuilding C object CMakeFiles/px4_msgs__rosidl_generator_c.dir/rosidl_generator_c/px4_msgs/msg/detail/parameter_set_used_request__functions.c.o[0m
[51.334s] [  7%] [32mBuilding C object CMakeFiles/px4_msgs__rosidl_generator_c.dir/rosidl_generator_c/px4_msgs/msg/detail/parameter_set_value_request__functions.c.o[0m
[51.336s] [  7%] [32mBuilding C object CMakeFiles/px4_msgs__rosidl_generator_c.dir/rosidl_generator_c/px4_msgs/msg/detail/parameter_set_value_response__functions.c.o[0m
[51.339s] [  7%] [32mBuilding C object CMakeFiles/px4_msgs__rosidl_generator_c.dir/rosidl_generator_c/px4_msgs/msg/detail/parameter_update__functions.c.o[0m
[51.379s] [  7%] [32mBuilding C object CMakeFiles/px4_msgs__rosidl_generator_c.dir/rosidl_generator_c/px4_msgs/msg/detail/ping__functions.c.o[0m
[51.393s] [  7%] [32mBuilding C object CMakeFiles/px4_msgs__rosidl_generator_c.dir/rosidl_generator_c/px4_msgs/msg/detail/position_controller_landing_status__functions.c.o[0m
[51.411s] [  7%] [32mBuilding C object CMakeFiles/px4_msgs__rosidl_generator_c.dir/rosidl_generator_c/px4_msgs/msg/detail/position_controller_status__functions.c.o[0m
[51.412s] [  7%] [32mBuilding C object CMakeFiles/px4_msgs__rosidl_generator_c.dir/rosidl_generator_c/px4_msgs/msg/detail/position_setpoint__functions.c.o[0m
[51.420s] [  7%] [32mBuilding C object CMakeFiles/px4_msgs__rosidl_generator_c.dir/rosidl_generator_c/px4_msgs/msg/detail/position_setpoint_triplet__functions.c.o[0m
[51.450s] [  7%] [32mBuilding C object CMakeFiles/px4_msgs__rosidl_generator_c.dir/rosidl_generator_c/px4_msgs/msg/detail/power_button_state__functions.c.o[0m
[51.466s] [  7%] [32mBuilding C object CMakeFiles/px4_msgs__rosidl_generator_c.dir/rosidl_generator_c/px4_msgs/msg/detail/power_monitor__functions.c.o[0m
[51.483s] [  7%] [32mBuilding C object CMakeFiles/px4_msgs__rosidl_generator_c.dir/rosidl_generator_c/px4_msgs/msg/detail/pps_capture__functions.c.o[0m
[51.488s] [  7%] [32mBuilding C object CMakeFiles/px4_msgs__rosidl_generator_c.dir/rosidl_generator_c/px4_msgs/msg/detail/pure_pursuit_status__functions.c.o[0m
[51.500s] [  7%] [32mBuilding C object CMakeFiles/px4_msgs__rosidl_generator_c.dir/rosidl_generator_c/px4_msgs/msg/detail/pwm_input__functions.c.o[0m
[51.525s] [  7%] [32mBuilding C object CMakeFiles/px4_msgs__rosidl_generator_c.dir/rosidl_generator_c/px4_msgs/msg/detail/px4io_status__functions.c.o[0m
[51.542s] [  7%] [32mBuilding C object CMakeFiles/px4_msgs__rosidl_generator_c.dir/rosidl_generator_c/px4_msgs/msg/detail/qshell_req__functions.c.o[0m
[51.557s] [  7%] [32mBuilding C object CMakeFiles/px4_msgs__rosidl_generator_c.dir/rosidl_generator_c/px4_msgs/msg/detail/qshell_retval__functions.c.o[0m
[51.562s] [  7%] [32mBuilding C object CMakeFiles/px4_msgs__rosidl_generator_c.dir/rosidl_generator_c/px4_msgs/msg/detail/radio_status__functions.c.o[0m
[51.572s] [  8%] [32mBuilding C object CMakeFiles/px4_msgs__rosidl_generator_c.dir/rosidl_generator_c/px4_msgs/msg/detail/rate_ctrl_status__functions.c.o[0m
[51.608s] [  8%] [32mBuilding C object CMakeFiles/px4_msgs__rosidl_generator_c.dir/rosidl_generator_c/px4_msgs/msg/detail/rc_channels__functions.c.o[0m
[51.615s] [  8%] [32mBuilding C object CMakeFiles/px4_msgs__rosidl_generator_c.dir/rosidl_generator_c/px4_msgs/msg/detail/rc_parameter_map__functions.c.o[0m
[51.628s] [  8%] [32mBuilding C object CMakeFiles/px4_msgs__rosidl_generator_c.dir/rosidl_generator_c/px4_msgs/msg/detail/register_ext_component_reply__functions.c.o[0m
[51.633s] [  8%] [32mBuilding C object CMakeFiles/px4_msgs__rosidl_generator_c.dir/rosidl_generator_c/px4_msgs/msg/detail/register_ext_component_request__functions.c.o[0m
[51.650s] [  8%] [32mBuilding C object CMakeFiles/px4_msgs__rosidl_generator_c.dir/rosidl_generator_c/px4_msgs/msg/detail/rover_attitude_setpoint__functions.c.o[0m
[51.686s] [  8%] [32mBuilding C object CMakeFiles/px4_msgs__rosidl_generator_c.dir/rosidl_generator_c/px4_msgs/msg/detail/rover_attitude_status__functions.c.o[0m
[51.690s] [  8%] [32mBuilding C object CMakeFiles/px4_msgs__rosidl_generator_c.dir/rosidl_generator_c/px4_msgs/msg/detail/rover_position_setpoint__functions.c.o[0m
[51.699s] [  8%] [32mBuilding C object CMakeFiles/px4_msgs__rosidl_generator_c.dir/rosidl_generator_c/px4_msgs/msg/detail/rover_rate_setpoint__functions.c.o[0m
[51.708s] [  8%] [32mBuilding C object CMakeFiles/px4_msgs__rosidl_generator_c.dir/rosidl_generator_c/px4_msgs/msg/detail/rover_rate_status__functions.c.o[0m
[51.718s] [  8%] [32mBuilding C object CMakeFiles/px4_msgs__rosidl_generator_c.dir/rosidl_generator_c/px4_msgs/msg/detail/rover_steering_setpoint__functions.c.o[0m
[51.759s] [  8%] [32mBuilding C object CMakeFiles/px4_msgs__rosidl_generator_c.dir/rosidl_generator_c/px4_msgs/msg/detail/rover_throttle_setpoint__functions.c.o[0m
[51.765s] [  8%] [32mBuilding C object CMakeFiles/px4_msgs__rosidl_generator_c.dir/rosidl_generator_c/px4_msgs/msg/detail/rover_velocity_status__functions.c.o[0m
[51.765s] [  8%] [32mBuilding C object CMakeFiles/px4_msgs__rosidl_generator_c.dir/rosidl_generator_c/px4_msgs/msg/detail/rpm__functions.c.o[0m
[51.772s] [  8%] [32mBuilding C object CMakeFiles/px4_msgs__rosidl_generator_c.dir/rosidl_generator_c/px4_msgs/msg/detail/rtl_status__functions.c.o[0m
[51.786s] [  8%] [32mBuilding C object CMakeFiles/px4_msgs__rosidl_generator_c.dir/rosidl_generator_c/px4_msgs/msg/detail/rtl_time_estimate__functions.c.o[0m
[51.831s] [  8%] [32mBuilding C object CMakeFiles/px4_msgs__rosidl_generator_c.dir/rosidl_generator_c/px4_msgs/msg/detail/satellite_info__functions.c.o[0m
[51.840s] [  8%] [32mBuilding C object CMakeFiles/px4_msgs__rosidl_generator_c.dir/rosidl_generator_c/px4_msgs/msg/detail/sensor_accel__functions.c.o[0m
[51.844s] [  8%] [32mBuilding C object CMakeFiles/px4_msgs__rosidl_generator_c.dir/rosidl_generator_c/px4_msgs/msg/detail/sensor_airflow__functions.c.o[0m
[51.857s] [  9%] [32mBuilding C object CMakeFiles/px4_msgs__rosidl_generator_c.dir/rosidl_generator_c/px4_msgs/msg/detail/sensor_accel_fifo__functions.c.o[0m
[51.860s] [  9%] [32mBuilding C object CMakeFiles/px4_msgs__rosidl_generator_c.dir/rosidl_generator_c/px4_msgs/msg/detail/sensor_baro__functions.c.o[0m
[51.915s] [  9%] [32mBuilding C object CMakeFiles/px4_msgs__rosidl_generator_c.dir/rosidl_generator_c/px4_msgs/msg/detail/sensor_combined__functions.c.o[0m
[51.915s] [  9%] [32mBuilding C object CMakeFiles/px4_msgs__rosidl_generator_c.dir/rosidl_generator_c/px4_msgs/msg/detail/sensor_correction__functions.c.o[0m
[51.924s] [  9%] [32mBuilding C object CMakeFiles/px4_msgs__rosidl_generator_c.dir/rosidl_generator_c/px4_msgs/msg/detail/sensor_gnss_relative__functions.c.o[0m
[51.933s] [  9%] [32mBuilding C object CMakeFiles/px4_msgs__rosidl_generator_c.dir/rosidl_generator_c/px4_msgs/msg/detail/sensor_gps__functions.c.o[0m
[51.944s] [  9%] [32mBuilding C object CMakeFiles/px4_msgs__rosidl_generator_c.dir/rosidl_generator_c/px4_msgs/msg/detail/sensor_gyro__functions.c.o[0m
[51.997s] [  9%] [32mBuilding C object CMakeFiles/px4_msgs__rosidl_generator_c.dir/rosidl_generator_c/px4_msgs/msg/detail/sensor_gyro_fft__functions.c.o[0m
[52.003s] [  9%] [32mBuilding C object CMakeFiles/px4_msgs__rosidl_generator_c.dir/rosidl_generator_c/px4_msgs/msg/detail/sensor_hygrometer__functions.c.o[0m
[52.004s] [  9%] [32mBuilding C object CMakeFiles/px4_msgs__rosidl_generator_c.dir/rosidl_generator_c/px4_msgs/msg/detail/sensor_gyro_fifo__functions.c.o[0m
[52.019s] [  9%] [32mBuilding C object CMakeFiles/px4_msgs__rosidl_generator_c.dir/rosidl_generator_c/px4_msgs/msg/detail/sensor_mag__functions.c.o[0m
[52.026s] [  9%] [32mBuilding C object CMakeFiles/px4_msgs__rosidl_generator_c.dir/rosidl_generator_c/px4_msgs/msg/detail/sensor_optical_flow__functions.c.o[0m
[52.077s] [  9%] [32mBuilding C object CMakeFiles/px4_msgs__rosidl_generator_c.dir/rosidl_generator_c/px4_msgs/msg/detail/sensor_preflight_mag__functions.c.o[0m
[52.081s] [  9%] [32mBuilding C object CMakeFiles/px4_msgs__rosidl_generator_c.dir/rosidl_generator_c/px4_msgs/msg/detail/sensor_selection__functions.c.o[0m
[52.089s] [  9%] [32mBuilding C object CMakeFiles/px4_msgs__rosidl_generator_c.dir/rosidl_generator_c/px4_msgs/msg/detail/sensor_uwb__functions.c.o[0m
[52.101s] [  9%] [32mBuilding C object CMakeFiles/px4_msgs__rosidl_generator_c.dir/rosidl_generator_c/px4_msgs/msg/detail/sensors_status__functions.c.o[0m
[52.105s] [  9%] [32mBuilding C object CMakeFiles/px4_msgs__rosidl_generator_c.dir/rosidl_generator_c/px4_msgs/msg/detail/sensors_status_imu__functions.c.o[0m
[52.148s] [  9%] [32mBuilding C object CMakeFiles/px4_msgs__rosidl_generator_c.dir/rosidl_generator_c/px4_msgs/msg/detail/system_power__functions.c.o[0m
[52.151s] [ 10%] [32mBuilding C object CMakeFiles/px4_msgs__rosidl_generator_c.dir/rosidl_generator_c/px4_msgs/msg/detail/takeoff_status__functions.c.o[0m
[52.159s] [ 10%] [32mBuilding C object CMakeFiles/px4_msgs__rosidl_generator_c.dir/rosidl_generator_c/px4_msgs/msg/detail/task_stack_info__functions.c.o[0m
[52.176s] [ 10%] [32mBuilding C object CMakeFiles/px4_msgs__rosidl_generator_c.dir/rosidl_generator_c/px4_msgs/msg/detail/tecs_status__functions.c.o[0m
[52.185s] [ 10%] [32mBuilding C object CMakeFiles/px4_msgs__rosidl_generator_c.dir/rosidl_generator_c/px4_msgs/msg/detail/telemetry_status__functions.c.o[0m
[52.219s] [ 10%] [32mBuilding C object CMakeFiles/px4_msgs__rosidl_generator_c.dir/rosidl_generator_c/px4_msgs/msg/detail/tiltrotor_extra_controls__functions.c.o[0m
[52.220s] [ 10%] [32mBuilding C object CMakeFiles/px4_msgs__rosidl_generator_c.dir/rosidl_generator_c/px4_msgs/msg/detail/timesync_status__functions.c.o[0m
[52.225s] [ 10%] [32mBuilding C object CMakeFiles/px4_msgs__rosidl_generator_c.dir/rosidl_generator_c/px4_msgs/msg/detail/trajectory_setpoint__functions.c.o[0m
[52.252s] [ 10%] [32mBuilding C object CMakeFiles/px4_msgs__rosidl_generator_c.dir/rosidl_generator_c/px4_msgs/msg/detail/trajectory_setpoint6dof__functions.c.o[0m
[52.261s] [ 10%] [32mBuilding C object CMakeFiles/px4_msgs__rosidl_generator_c.dir/rosidl_generator_c/px4_msgs/msg/detail/transponder_report__functions.c.o[0m
[52.291s] [ 10%] [32mBuilding C object CMakeFiles/px4_msgs__rosidl_generator_c.dir/rosidl_generator_c/px4_msgs/msg/detail/tune_control__functions.c.o[0m
[52.297s] [ 10%] [32mBuilding C object CMakeFiles/px4_msgs__rosidl_generator_c.dir/rosidl_generator_c/px4_msgs/msg/detail/uavcan_parameter_value__functions.c.o[0m
[52.297s] [ 10%] [32mBuilding C object CMakeFiles/px4_msgs__rosidl_generator_c.dir/rosidl_generator_c/px4_msgs/msg/detail/uavcan_parameter_request__functions.c.o[0m
[52.325s] [ 10%] [32mBuilding C object CMakeFiles/px4_msgs__rosidl_generator_c.dir/rosidl_generator_c/px4_msgs/msg/detail/ulog_stream__functions.c.o[0m
[52.332s] [ 10%] [32mBuilding C object CMakeFiles/px4_msgs__rosidl_generator_c.dir/rosidl_generator_c/px4_msgs/msg/detail/ulog_stream_ack__functions.c.o[0m
[52.364s] [ 10%] [32mBuilding C object CMakeFiles/px4_msgs__rosidl_generator_c.dir/rosidl_generator_c/px4_msgs/msg/detail/unregister_ext_component__functions.c.o[0m
[52.370s] [ 10%] [32mBuilding C object CMakeFiles/px4_msgs__rosidl_generator_c.dir/rosidl_generator_c/px4_msgs/msg/detail/vehicle_acceleration__functions.c.o[0m
[52.375s] [ 10%] [32mBuilding C object CMakeFiles/px4_msgs__rosidl_generator_c.dir/rosidl_generator_c/px4_msgs/msg/detail/vehicle_air_data__functions.c.o[0m
[52.397s] [ 10%] [32mBuilding C object CMakeFiles/px4_msgs__rosidl_generator_c.dir/rosidl_generator_c/px4_msgs/msg/detail/vehicle_angular_acceleration_setpoint__functions.c.o[0m
[52.408s] [ 11%] [32mBuilding C object CMakeFiles/px4_msgs__rosidl_generator_c.dir/rosidl_generator_c/px4_msgs/msg/detail/vehicle_angular_velocity__functions.c.o[0m
[52.442s] [ 11%] [32mBuilding C object CMakeFiles/px4_msgs__rosidl_generator_c.dir/rosidl_generator_c/px4_msgs/msg/detail/vehicle_attitude__functions.c.o[0m
[52.448s] [ 11%] [32mBuilding C object CMakeFiles/px4_msgs__rosidl_generator_c.dir/rosidl_generator_c/px4_msgs/msg/detail/vehicle_attitude_setpoint__functions.c.o[0m
[52.455s] [ 11%] [32mBuilding C object CMakeFiles/px4_msgs__rosidl_generator_c.dir/rosidl_generator_c/px4_msgs/msg/detail/vehicle_command__functions.c.o[0m
[52.473s] [ 11%] [32mBuilding C object CMakeFiles/px4_msgs__rosidl_generator_c.dir/rosidl_generator_c/px4_msgs/msg/detail/vehicle_command_ack__functions.c.o[0m
[52.492s] [ 11%] [32mBuilding C object CMakeFiles/px4_msgs__rosidl_generator_c.dir/rosidl_generator_c/px4_msgs/msg/detail/vehicle_constraints__functions.c.o[0m
[52.519s] [ 11%] [32mBuilding C object CMakeFiles/px4_msgs__rosidl_generator_c.dir/rosidl_generator_c/px4_msgs/msg/detail/vehicle_control_mode__functions.c.o[0m
[52.527s] [ 11%] [32mBuilding C object CMakeFiles/px4_msgs__rosidl_generator_c.dir/rosidl_generator_c/px4_msgs/msg/detail/vehicle_global_position__functions.c.o[0m
[52.545s] [ 11%] [32mBuilding C object CMakeFiles/px4_msgs__rosidl_generator_c.dir/rosidl_generator_c/px4_msgs/msg/detail/vehicle_imu__functions.c.o[0m
[52.558s] [ 11%] [32mBuilding C object CMakeFiles/px4_msgs__rosidl_generator_c.dir/rosidl_generator_c/px4_msgs/msg/detail/vehicle_imu_status__functions.c.o[0m
[52.577s] [ 11%] [32mBuilding C object CMakeFiles/px4_msgs__rosidl_generator_c.dir/rosidl_generator_c/px4_msgs/msg/detail/vehicle_land_detected__functions.c.o[0m
[52.603s] [ 11%] [32mBuilding C object CMakeFiles/px4_msgs__rosidl_generator_c.dir/rosidl_generator_c/px4_msgs/msg/detail/vehicle_local_position__functions.c.o[0m
[52.613s] [ 11%] [32mBuilding C object CMakeFiles/px4_msgs__rosidl_generator_c.dir/rosidl_generator_c/px4_msgs/msg/detail/vehicle_local_position_setpoint__functions.c.o[0m
[52.623s] [ 11%] [32mBuilding C object CMakeFiles/px4_msgs__rosidl_generator_c.dir/rosidl_generator_c/px4_msgs/msg/detail/vehicle_magnetometer__functions.c.o[0m
[52.634s] [ 11%] [32mBuilding C object CMakeFiles/px4_msgs__rosidl_generator_c.dir/rosidl_generator_c/px4_msgs/msg/detail/vehicle_odometry__functions.c.o[0m
[52.657s] [ 11%] [32mBuilding C object CMakeFiles/px4_msgs__rosidl_generator_c.dir/rosidl_generator_c/px4_msgs/msg/detail/vehicle_optical_flow__functions.c.o[0m
[52.689s] [ 11%] [32mBuilding C object CMakeFiles/px4_msgs__rosidl_generator_c.dir/rosidl_generator_c/px4_msgs/msg/detail/vehicle_optical_flow_vel__functions.c.o[0m
[52.696s] [ 12%] [32mBuilding C object CMakeFiles/px4_msgs__rosidl_generator_c.dir/rosidl_generator_c/px4_msgs/msg/detail/vehicle_roi__functions.c.o[0m
[52.698s] [ 12%] [32mBuilding C object CMakeFiles/px4_msgs__rosidl_generator_c.dir/rosidl_generator_c/px4_msgs/msg/detail/vehicle_rates_setpoint__functions.c.o[0m
[52.727s] [ 12%] [32mBuilding C object CMakeFiles/px4_msgs__rosidl_generator_c.dir/rosidl_generator_c/px4_msgs/msg/detail/vehicle_status__functions.c.o[0m
[52.736s] [ 12%] [32mBuilding C object CMakeFiles/px4_msgs__rosidl_generator_c.dir/rosidl_generator_c/px4_msgs/msg/detail/vehicle_thrust_setpoint__functions.c.o[0m
[52.771s] [ 12%] [32mBuilding C object CMakeFiles/px4_msgs__rosidl_generator_c.dir/rosidl_generator_c/px4_msgs/msg/detail/vtol_vehicle_status__functions.c.o[0m
[52.771s] [ 12%] [32mBuilding C object CMakeFiles/px4_msgs__rosidl_generator_c.dir/rosidl_generator_c/px4_msgs/msg/detail/vehicle_torque_setpoint__functions.c.o[0m
[52.773s] [ 12%] [32mBuilding C object CMakeFiles/px4_msgs__rosidl_generator_c.dir/rosidl_generator_c/px4_msgs/msg/detail/velocity_limits__functions.c.o[0m
[52.807s] [ 12%] [32mBuilding C object CMakeFiles/px4_msgs__rosidl_generator_c.dir/rosidl_generator_c/px4_msgs/msg/detail/wheel_encoders__functions.c.o[0m
[52.810s] [ 12%] [32mBuilding C object CMakeFiles/px4_msgs__rosidl_generator_c.dir/rosidl_generator_c/px4_msgs/msg/detail/wind__functions.c.o[0m
[52.840s] [ 12%] [32mBuilding C object CMakeFiles/px4_msgs__rosidl_generator_c.dir/rosidl_generator_c/px4_msgs/msg/detail/yaw_estimator_status__functions.c.o[0m
[52.841s] [ 12%] [32mBuilding C object CMakeFiles/px4_msgs__rosidl_generator_c.dir/rosidl_generator_c/px4_msgs/srv/detail/vehicle_command__functions.c.o[0m
[52.935s] [ 12%] [32m[1mLinking C shared library libpx4_msgs__rosidl_generator_c.so[0m
[53.028s] [ 12%] Built target px4_msgs__rosidl_generator_c
[53.056s] [ 13%] [34m[1mGenerating C type support dispatch for ROS interfaces[0m
[53.058s] [ 14%] [34m[1mGenerating C introspection for ROS interfaces[0m
[53.060s] [ 15%] [34m[1mGenerating C type support for eProsima Fast-RTPS[0m
[102.101s] [ 15%] [32mBuilding CXX object CMakeFiles/px4_msgs__rosidl_typesupport_introspection_cpp.dir/rosidl_typesupport_introspection_cpp/px4_msgs/msg/detail/ackermann_velocity_setpoint__type_support.cpp.o[0m
[102.102s] [ 15%] [32mBuilding CXX object CMakeFiles/px4_msgs__rosidl_typesupport_introspection_cpp.dir/rosidl_typesupport_introspection_cpp/px4_msgs/msg/detail/action_request__type_support.cpp.o[0m
[102.102s] [ 15%] [32mBuilding CXX object CMakeFiles/px4_msgs__rosidl_typesupport_introspection_cpp.dir/rosidl_typesupport_introspection_cpp/px4_msgs/msg/detail/actuator_armed__type_support.cpp.o[0m
[103.047s] [ 15%] [32mBuilding CXX object CMakeFiles/px4_msgs__rosidl_typesupport_introspection_cpp.dir/rosidl_typesupport_introspection_cpp/px4_msgs/msg/detail/actuator_controls_status__type_support.cpp.o[0m
[103.048s] [ 15%] [32mBuilding CXX object CMakeFiles/px4_msgs__rosidl_typesupport_introspection_cpp.dir/rosidl_typesupport_introspection_cpp/px4_msgs/msg/detail/actuator_motors__type_support.cpp.o[0m
[103.073s] [ 15%] [32mBuilding CXX object CMakeFiles/px4_msgs__rosidl_typesupport_introspection_cpp.dir/rosidl_typesupport_introspection_cpp/px4_msgs/msg/detail/actuator_outputs__type_support.cpp.o[0m
[104.013s] [ 15%] [32mBuilding CXX object CMakeFiles/px4_msgs__rosidl_typesupport_introspection_cpp.dir/rosidl_typesupport_introspection_cpp/px4_msgs/msg/detail/actuator_servos__type_support.cpp.o[0m
[104.021s] [ 16%] [32mBuilding CXX object CMakeFiles/px4_msgs__rosidl_typesupport_introspection_cpp.dir/rosidl_typesupport_introspection_cpp/px4_msgs/msg/detail/actuator_servos_trim__type_support.cpp.o[0m
[104.041s] [ 16%] [32mBuilding CXX object CMakeFiles/px4_msgs__rosidl_typesupport_introspection_cpp.dir/rosidl_typesupport_introspection_cpp/px4_msgs/msg/detail/actuator_test__type_support.cpp.o[0m
[104.959s] [ 16%] [32mBuilding CXX object CMakeFiles/px4_msgs__rosidl_typesupport_introspection_cpp.dir/rosidl_typesupport_introspection_cpp/px4_msgs/msg/detail/adc_report__type_support.cpp.o[0m
[104.964s] [ 16%] [32mBuilding CXX object CMakeFiles/px4_msgs__rosidl_typesupport_introspection_cpp.dir/rosidl_typesupport_introspection_cpp/px4_msgs/msg/detail/airspeed__type_support.cpp.o[0m
[104.981s] [ 16%] [32mBuilding CXX object CMakeFiles/px4_msgs__rosidl_typesupport_introspection_cpp.dir/rosidl_typesupport_introspection_cpp/px4_msgs/msg/detail/airspeed_validated__type_support.cpp.o[0m
[105.884s] [ 16%] [32mBuilding CXX object CMakeFiles/px4_msgs__rosidl_typesupport_introspection_cpp.dir/rosidl_typesupport_introspection_cpp/px4_msgs/msg/detail/airspeed_wind__type_support.cpp.o[0m
[105.905s] [ 16%] [32mBuilding CXX object CMakeFiles/px4_msgs__rosidl_typesupport_introspection_cpp.dir/rosidl_typesupport_introspection_cpp/px4_msgs/msg/detail/arming_check_reply__type_support.cpp.o[0m
[105.951s] [ 16%] [32mBuilding CXX object CMakeFiles/px4_msgs__rosidl_typesupport_introspection_cpp.dir/rosidl_typesupport_introspection_cpp/px4_msgs/msg/detail/arming_check_request__type_support.cpp.o[0m
[106.862s] [ 16%] [32mBuilding CXX object CMakeFiles/px4_msgs__rosidl_typesupport_introspection_cpp.dir/rosidl_typesupport_introspection_cpp/px4_msgs/msg/detail/autotune_attitude_control_status__type_support.cpp.o[0m
[106.880s] [ 16%] [32mBuilding CXX object CMakeFiles/px4_msgs__rosidl_typesupport_introspection_cpp.dir/rosidl_typesupport_introspection_cpp/px4_msgs/msg/detail/battery_status__type_support.cpp.o[0m
[106.897s] [ 16%] [32mBuilding CXX object CMakeFiles/px4_msgs__rosidl_typesupport_introspection_cpp.dir/rosidl_typesupport_introspection_cpp/px4_msgs/msg/detail/button_event__type_support.cpp.o[0m
[107.859s] [ 16%] [32mBuilding CXX object CMakeFiles/px4_msgs__rosidl_typesupport_introspection_cpp.dir/rosidl_typesupport_introspection_cpp/px4_msgs/msg/detail/camera_capture__type_support.cpp.o[0m
[107.904s] [ 16%] [32mBuilding CXX object CMakeFiles/px4_msgs__rosidl_typesupport_introspection_cpp.dir/rosidl_typesupport_introspection_cpp/px4_msgs/msg/detail/camera_status__type_support.cpp.o[0m
[107.941s] [ 16%] [32mBuilding CXX object CMakeFiles/px4_msgs__rosidl_typesupport_introspection_cpp.dir/rosidl_typesupport_introspection_cpp/px4_msgs/msg/detail/camera_trigger__type_support.cpp.o[0m
[108.782s] [ 16%] [32mBuilding CXX object CMakeFiles/px4_msgs__rosidl_typesupport_introspection_cpp.dir/rosidl_typesupport_introspection_cpp/px4_msgs/msg/detail/can_interface_status__type_support.cpp.o[0m
[108.969s] [ 16%] [32mBuilding CXX object CMakeFiles/px4_msgs__rosidl_typesupport_introspection_cpp.dir/rosidl_typesupport_introspection_cpp/px4_msgs/msg/detail/cellular_status__type_support.cpp.o[0m
[109.012s] [ 16%] [32mBuilding CXX object CMakeFiles/px4_msgs__rosidl_typesupport_introspection_cpp.dir/rosidl_typesupport_introspection_cpp/px4_msgs/msg/detail/collision_constraints__type_support.cpp.o[0m
[109.727s] [ 16%] [32mBuilding CXX object CMakeFiles/px4_msgs__rosidl_typesupport_introspection_cpp.dir/rosidl_typesupport_introspection_cpp/px4_msgs/msg/detail/config_overrides__type_support.cpp.o[0m
[109.898s] [ 17%] [32mBuilding CXX object CMakeFiles/px4_msgs__rosidl_typesupport_introspection_cpp.dir/rosidl_typesupport_introspection_cpp/px4_msgs/msg/detail/control_allocator_status__type_support.cpp.o[0m
[109.984s] [ 17%] [32mBuilding CXX object CMakeFiles/px4_msgs__rosidl_typesupport_introspection_cpp.dir/rosidl_typesupport_introspection_cpp/px4_msgs/msg/detail/cpuload__type_support.cpp.o[0m
[110.706s] [ 17%] [32mBuilding CXX object CMakeFiles/px4_msgs__rosidl_typesupport_introspection_cpp.dir/rosidl_typesupport_introspection_cpp/px4_msgs/msg/detail/dataman_request__type_support.cpp.o[0m
[110.895s] [ 17%] [32mBuilding CXX object CMakeFiles/px4_msgs__rosidl_typesupport_introspection_cpp.dir/rosidl_typesupport_introspection_cpp/px4_msgs/msg/detail/dataman_response__type_support.cpp.o[0m
[111.052s] [ 17%] [32mBuilding CXX object CMakeFiles/px4_msgs__rosidl_typesupport_introspection_cpp.dir/rosidl_typesupport_introspection_cpp/px4_msgs/msg/detail/debug_array__type_support.cpp.o[0m
[111.671s] [ 17%] [32mBuilding CXX object CMakeFiles/px4_msgs__rosidl_typesupport_introspection_cpp.dir/rosidl_typesupport_introspection_cpp/px4_msgs/msg/detail/debug_key_value__type_support.cpp.o[0m
[111.948s] [ 17%] [32mBuilding CXX object CMakeFiles/px4_msgs__rosidl_typesupport_introspection_cpp.dir/rosidl_typesupport_introspection_cpp/px4_msgs/msg/detail/debug_value__type_support.cpp.o[0m
[112.024s] [ 17%] [32mBuilding CXX object CMakeFiles/px4_msgs__rosidl_typesupport_introspection_cpp.dir/rosidl_typesupport_introspection_cpp/px4_msgs/msg/detail/debug_vect__type_support.cpp.o[0m
[112.681s] [ 17%] [32mBuilding CXX object CMakeFiles/px4_msgs__rosidl_typesupport_introspection_cpp.dir/rosidl_typesupport_introspection_cpp/px4_msgs/msg/detail/differential_pressure__type_support.cpp.o[0m
[112.914s] [ 17%] [32mBuilding CXX object CMakeFiles/px4_msgs__rosidl_typesupport_introspection_cpp.dir/rosidl_typesupport_introspection_cpp/px4_msgs/msg/detail/distance_sensor__type_support.cpp.o[0m
[113.162s] [ 17%] [32mBuilding CXX object CMakeFiles/px4_msgs__rosidl_typesupport_introspection_cpp.dir/rosidl_typesupport_introspection_cpp/px4_msgs/msg/detail/distance_sensor_mode_change_request__type_support.cpp.o[0m
[113.236s] [ 17%] [32mBuilding C object CMakeFiles/px4_msgs__rosidl_typesupport_introspection_c.dir/rosidl_typesupport_introspection_c/px4_msgs/msg/detail/ackermann_velocity_setpoint__type_support.c.o[0m
[113.309s] [ 17%] [32mBuilding C object CMakeFiles/px4_msgs__rosidl_typesupport_introspection_c.dir/rosidl_typesupport_introspection_c/px4_msgs/msg/detail/action_request__type_support.c.o[0m
[113.380s] [ 17%] [32mBuilding C object CMakeFiles/px4_msgs__rosidl_typesupport_introspection_c.dir/rosidl_typesupport_introspection_c/px4_msgs/msg/detail/actuator_armed__type_support.c.o[0m
[113.453s] [ 17%] [32mBuilding C object CMakeFiles/px4_msgs__rosidl_typesupport_introspection_c.dir/rosidl_typesupport_introspection_c/px4_msgs/msg/detail/actuator_controls_status__type_support.c.o[0m
[113.536s] [ 17%] [32mBuilding C object CMakeFiles/px4_msgs__rosidl_typesupport_introspection_c.dir/rosidl_typesupport_introspection_c/px4_msgs/msg/detail/actuator_motors__type_support.c.o[0m
[113.613s] [ 17%] [32mBuilding C object CMakeFiles/px4_msgs__rosidl_typesupport_introspection_c.dir/rosidl_typesupport_introspection_c/px4_msgs/msg/detail/actuator_outputs__type_support.c.o[0m
[113.692s] [ 17%] [32mBuilding C object CMakeFiles/px4_msgs__rosidl_typesupport_introspection_c.dir/rosidl_typesupport_introspection_c/px4_msgs/msg/detail/actuator_servos__type_support.c.o[0m
[113.706s] [ 17%] [32mBuilding C object CMakeFiles/px4_msgs__rosidl_typesupport_introspection_c.dir/rosidl_typesupport_introspection_c/px4_msgs/msg/detail/actuator_servos_trim__type_support.c.o[0m
[113.770s] [ 17%] [32mBuilding C object CMakeFiles/px4_msgs__rosidl_typesupport_introspection_c.dir/rosidl_typesupport_introspection_c/px4_msgs/msg/detail/actuator_test__type_support.c.o[0m
[113.793s] [ 17%] [32mBuilding C object CMakeFiles/px4_msgs__rosidl_typesupport_introspection_c.dir/rosidl_typesupport_introspection_c/px4_msgs/msg/detail/adc_report__type_support.c.o[0m
[113.844s] [ 17%] [32mBuilding C object CMakeFiles/px4_msgs__rosidl_typesupport_introspection_c.dir/rosidl_typesupport_introspection_c/px4_msgs/msg/detail/airspeed__type_support.c.o[0m
[113.882s] [ 17%] [32mBuilding C object CMakeFiles/px4_msgs__rosidl_typesupport_introspection_c.dir/rosidl_typesupport_introspection_c/px4_msgs/msg/detail/airspeed_validated__type_support.c.o[0m
[113.883s] [ 17%] [32mBuilding C object CMakeFiles/px4_msgs__rosidl_typesupport_introspection_c.dir/rosidl_typesupport_introspection_c/px4_msgs/msg/detail/airspeed_wind__type_support.c.o[0m
[113.915s] [ 17%] [32mBuilding C object CMakeFiles/px4_msgs__rosidl_typesupport_introspection_c.dir/rosidl_typesupport_introspection_c/px4_msgs/msg/detail/arming_check_reply__type_support.c.o[0m
[113.955s] [ 17%] [32mBuilding C object CMakeFiles/px4_msgs__rosidl_typesupport_introspection_c.dir/rosidl_typesupport_introspection_c/px4_msgs/msg/detail/arming_check_request__type_support.c.o[0m
[113.963s] [ 17%] [32mBuilding C object CMakeFiles/px4_msgs__rosidl_typesupport_introspection_c.dir/rosidl_typesupport_introspection_c/px4_msgs/msg/detail/autotune_attitude_control_status__type_support.c.o[0m
[113.997s] [ 17%] [32mBuilding C object CMakeFiles/px4_msgs__rosidl_typesupport_introspection_c.dir/rosidl_typesupport_introspection_c/px4_msgs/msg/detail/battery_status__type_support.c.o[0m
[114.027s] [ 18%] [32mBuilding C object CMakeFiles/px4_msgs__rosidl_typesupport_introspection_c.dir/rosidl_typesupport_introspection_c/px4_msgs/msg/detail/button_event__type_support.c.o[0m
[114.064s] [ 18%] [32mBuilding CXX object CMakeFiles/px4_msgs__rosidl_typesupport_introspection_cpp.dir/rosidl_typesupport_introspection_cpp/px4_msgs/msg/detail/ekf2_timestamps__type_support.cpp.o[0m
[114.084s] [ 18%] [32mBuilding C object CMakeFiles/px4_msgs__rosidl_typesupport_introspection_c.dir/rosidl_typesupport_introspection_c/px4_msgs/msg/detail/camera_capture__type_support.c.o[0m
[114.096s] [ 18%] [32mBuilding CXX object CMakeFiles/px4_msgs__rosidl_typesupport_introspection_cpp.dir/rosidl_typesupport_introspection_cpp/px4_msgs/msg/detail/esc_report__type_support.cpp.o[0m
[114.110s] [ 18%] [32mBuilding C object CMakeFiles/px4_msgs__rosidl_typesupport_introspection_c.dir/rosidl_typesupport_introspection_c/px4_msgs/msg/detail/camera_status__type_support.c.o[0m
[114.189s] [ 18%] [32mBuilding CXX object CMakeFiles/px4_msgs__rosidl_typesupport_introspection_cpp.dir/rosidl_typesupport_introspection_cpp/px4_msgs/msg/detail/esc_status__type_support.cpp.o[0m
[114.203s] [ 18%] [32mBuilding C object CMakeFiles/px4_msgs__rosidl_typesupport_introspection_c.dir/rosidl_typesupport_introspection_c/px4_msgs/msg/detail/camera_trigger__type_support.c.o[0m
[114.281s] [ 18%] [32mBuilding C object CMakeFiles/px4_msgs__rosidl_typesupport_introspection_c.dir/rosidl_typesupport_introspection_c/px4_msgs/msg/detail/can_interface_status__type_support.c.o[0m
[114.358s] [ 18%] [32mBuilding C object CMakeFiles/px4_msgs__rosidl_typesupport_introspection_c.dir/rosidl_typesupport_introspection_c/px4_msgs/msg/detail/cellular_status__type_support.c.o[0m
[114.435s] [ 18%] [32mBuilding C object CMakeFiles/px4_msgs__rosidl_typesupport_introspection_c.dir/rosidl_typesupport_introspection_c/px4_msgs/msg/detail/collision_constraints__type_support.c.o[0m
[114.519s] [ 18%] [32mBuilding C object CMakeFiles/px4_msgs__rosidl_typesupport_introspection_c.dir/rosidl_typesupport_introspection_c/px4_msgs/msg/detail/config_overrides__type_support.c.o[0m
[114.596s] [ 18%] [32mBuilding C object CMakeFiles/px4_msgs__rosidl_typesupport_introspection_c.dir/rosidl_typesupport_introspection_c/px4_msgs/msg/detail/control_allocator_status__type_support.c.o[0m
[114.689s] [ 18%] [32mBuilding C object CMakeFiles/px4_msgs__rosidl_typesupport_introspection_c.dir/rosidl_typesupport_introspection_c/px4_msgs/msg/detail/cpuload__type_support.c.o[0m
[114.765s] [ 18%] [32mBuilding C object CMakeFiles/px4_msgs__rosidl_typesupport_introspection_c.dir/rosidl_typesupport_introspection_c/px4_msgs/msg/detail/dataman_request__type_support.c.o[0m
[114.847s] [ 18%] [32mBuilding C object CMakeFiles/px4_msgs__rosidl_typesupport_introspection_c.dir/rosidl_typesupport_introspection_c/px4_msgs/msg/detail/dataman_response__type_support.c.o[0m
[114.927s] [ 18%] [32mBuilding C object CMakeFiles/px4_msgs__rosidl_typesupport_introspection_c.dir/rosidl_typesupport_introspection_c/px4_msgs/msg/detail/debug_array__type_support.c.o[0m
[115.013s] [ 18%] [32mBuilding C object CMakeFiles/px4_msgs__rosidl_typesupport_introspection_c.dir/rosidl_typesupport_introspection_c/px4_msgs/msg/detail/debug_key_value__type_support.c.o[0m
[115.046s] [ 18%] [32mBuilding C object CMakeFiles/px4_msgs__rosidl_typesupport_introspection_c.dir/rosidl_typesupport_introspection_c/px4_msgs/msg/detail/debug_value__type_support.c.o[0m
[115.070s] [ 18%] [32mBuilding C object CMakeFiles/px4_msgs__rosidl_typesupport_introspection_c.dir/rosidl_typesupport_introspection_c/px4_msgs/msg/detail/debug_vect__type_support.c.o[0m
[115.096s] [ 18%] [32mBuilding CXX object CMakeFiles/px4_msgs__rosidl_typesupport_introspection_cpp.dir/rosidl_typesupport_introspection_cpp/px4_msgs/msg/detail/estimator_aid_source1d__type_support.cpp.o[0m
[115.118s] [ 18%] [32mBuilding CXX object CMakeFiles/px4_msgs__rosidl_typesupport_introspection_cpp.dir/rosidl_typesupport_introspection_cpp/px4_msgs/msg/detail/estimator_aid_source2d__type_support.cpp.o[0m
[115.147s] [ 18%] [32mBuilding C object CMakeFiles/px4_msgs__rosidl_typesupport_introspection_c.dir/rosidl_typesupport_introspection_c/px4_msgs/msg/detail/differential_pressure__type_support.c.o[0m
[115.219s] [ 18%] [32mBuilding C object CMakeFiles/px4_msgs__rosidl_typesupport_introspection_c.dir/rosidl_typesupport_introspection_c/px4_msgs/msg/detail/distance_sensor__type_support.c.o[0m
[115.219s] [ 19%] [32mBuilding C object CMakeFiles/px4_msgs__rosidl_typesupport_introspection_c.dir/rosidl_typesupport_introspection_c/px4_msgs/msg/detail/distance_sensor_mode_change_request__type_support.c.o[0m
[115.291s] [ 19%] [32mBuilding CXX object CMakeFiles/px4_msgs__rosidl_typesupport_introspection_cpp.dir/rosidl_typesupport_introspection_cpp/px4_msgs/msg/detail/estimator_aid_source3d__type_support.cpp.o[0m
[115.298s] [ 19%] [32mBuilding C object CMakeFiles/px4_msgs__rosidl_typesupport_introspection_c.dir/rosidl_typesupport_introspection_c/px4_msgs/msg/detail/ekf2_timestamps__type_support.c.o[0m
[115.376s] [ 19%] [32mBuilding C object CMakeFiles/px4_msgs__rosidl_typesupport_introspection_c.dir/rosidl_typesupport_introspection_c/px4_msgs/msg/detail/esc_report__type_support.c.o[0m
[115.454s] [ 19%] [32mBuilding C object CMakeFiles/px4_msgs__rosidl_typesupport_introspection_c.dir/rosidl_typesupport_introspection_c/px4_msgs/msg/detail/esc_status__type_support.c.o[0m
[115.539s] [ 19%] [32mBuilding C object CMakeFiles/px4_msgs__rosidl_typesupport_introspection_c.dir/rosidl_typesupport_introspection_c/px4_msgs/msg/detail/estimator_aid_source1d__type_support.c.o[0m
[115.618s] [ 19%] [32mBuilding C object CMakeFiles/px4_msgs__rosidl_typesupport_introspection_c.dir/rosidl_typesupport_introspection_c/px4_msgs/msg/detail/estimator_aid_source2d__type_support.c.o[0m
[115.735s] [ 19%] [32mBuilding C object CMakeFiles/px4_msgs__rosidl_typesupport_introspection_c.dir/rosidl_typesupport_introspection_c/px4_msgs/msg/detail/estimator_aid_source3d__type_support.c.o[0m
[115.852s] [ 19%] [32mBuilding C object CMakeFiles/px4_msgs__rosidl_typesupport_introspection_c.dir/rosidl_typesupport_introspection_c/px4_msgs/msg/detail/estimator_bias__type_support.c.o[0m
[115.982s] [ 19%] [32mBuilding C object CMakeFiles/px4_msgs__rosidl_typesupport_introspection_c.dir/rosidl_typesupport_introspection_c/px4_msgs/msg/detail/estimator_bias3d__type_support.c.o[0m
[116.076s] [ 19%] [32mBuilding C object CMakeFiles/px4_msgs__rosidl_typesupport_introspection_c.dir/rosidl_typesupport_introspection_c/px4_msgs/msg/detail/estimator_event_flags__type_support.c.o[0m
[116.083s] [ 19%] [32mBuilding CXX object CMakeFiles/px4_msgs__rosidl_typesupport_introspection_cpp.dir/rosidl_typesupport_introspection_cpp/px4_msgs/msg/detail/estimator_bias__type_support.cpp.o[0m
[116.152s] [ 19%] [32mBuilding C object CMakeFiles/px4_msgs__rosidl_typesupport_introspection_c.dir/rosidl_typesupport_introspection_c/px4_msgs/msg/detail/estimator_gps_status__type_support.c.o[0m
[116.165s] [ 19%] [32mBuilding C object CMakeFiles/px4_msgs__rosidl_typesupport_introspection_c.dir/rosidl_typesupport_introspection_c/px4_msgs/msg/detail/estimator_innovations__type_support.c.o[0m
[116.238s] [ 20%] [32mBuilding CXX object CMakeFiles/px4_msgs__rosidl_typesupport_introspection_cpp.dir/rosidl_typesupport_introspection_cpp/px4_msgs/msg/detail/estimator_bias3d__type_support.cpp.o[0m
[116.285s] [ 20%] [32mBuilding C object CMakeFiles/px4_msgs__rosidl_typesupport_introspection_c.dir/rosidl_typesupport_introspection_c/px4_msgs/msg/detail/estimator_selector_status__type_support.c.o[0m
[116.327s] [ 20%] [32mBuilding C object CMakeFiles/px4_msgs__rosidl_typesupport_introspection_c.dir/rosidl_typesupport_introspection_c/px4_msgs/msg/detail/estimator_sensor_bias__type_support.c.o[0m
[116.380s] [ 20%] [32mBuilding CXX object CMakeFiles/px4_msgs__rosidl_typesupport_introspection_cpp.dir/rosidl_typesupport_introspection_cpp/px4_msgs/msg/detail/estimator_event_flags__type_support.cpp.o[0m
[116.428s] [ 20%] [32mBuilding C object CMakeFiles/px4_msgs__rosidl_typesupport_introspection_c.dir/rosidl_typesupport_introspection_c/px4_msgs/msg/detail/estimator_states__type_support.c.o[0m
[116.515s] [ 20%] [32mBuilding C object CMakeFiles/px4_msgs__rosidl_typesupport_introspection_c.dir/rosidl_typesupport_introspection_c/px4_msgs/msg/detail/estimator_status__type_support.c.o[0m
[116.592s] [ 20%] [32mBuilding C object CMakeFiles/px4_msgs__rosidl_typesupport_introspection_c.dir/rosidl_typesupport_introspection_c/px4_msgs/msg/detail/estimator_status_flags__type_support.c.o[0m
[116.675s] [ 20%] [32mBuilding C object CMakeFiles/px4_msgs__rosidl_typesupport_introspection_c.dir/rosidl_typesupport_introspection_c/px4_msgs/msg/detail/event__type_support.c.o[0m
[116.755s] [ 20%] [32mBuilding C object CMakeFiles/px4_msgs__rosidl_typesupport_introspection_c.dir/rosidl_typesupport_introspection_c/px4_msgs/msg/detail/failsafe_flags__type_support.c.o[0m
[116.835s] [ 21%] [32mBuilding C object CMakeFiles/px4_msgs__rosidl_typesupport_introspection_c.dir/rosidl_typesupport_introspection_c/px4_msgs/msg/detail/failure_detector_status__type_support.c.o[0m
[116.908s] [ 21%] [32mBuilding C object CMakeFiles/px4_msgs__rosidl_typesupport_introspection_c.dir/rosidl_typesupport_introspection_c/px4_msgs/msg/detail/figure_eight_status__type_support.c.o[0m
[116.983s] [ 21%] [32mBuilding C object CMakeFiles/px4_msgs__rosidl_typesupport_introspection_c.dir/rosidl_typesupport_introspection_c/px4_msgs/msg/detail/flight_phase_estimation__type_support.c.o[0m
[117.057s] [ 21%] [32mBuilding C object CMakeFiles/px4_msgs__rosidl_typesupport_introspection_c.dir/rosidl_typesupport_introspection_c/px4_msgs/msg/detail/follow_target__type_support.c.o[0m
[117.109s] [ 21%] [32mBuilding C object CMakeFiles/px4_msgs__rosidl_typesupport_introspection_c.dir/rosidl_typesupport_introspection_c/px4_msgs/msg/detail/follow_target_estimator__type_support.c.o[0m
[117.130s] [ 21%] [32mBuilding C object CMakeFiles/px4_msgs__rosidl_typesupport_introspection_c.dir/rosidl_typesupport_introspection_c/px4_msgs/msg/detail/follow_target_status__type_support.c.o[0m
[117.204s] [ 21%] [32mBuilding C object CMakeFiles/px4_msgs__rosidl_typesupport_introspection_c.dir/rosidl_typesupport_introspection_c/px4_msgs/msg/detail/fuel_tank_status__type_support.c.o[0m
[117.218s] [ 21%] [32mBuilding CXX object CMakeFiles/px4_msgs__rosidl_typesupport_introspection_cpp.dir/rosidl_typesupport_introspection_cpp/px4_msgs/msg/detail/estimator_gps_status__type_support.cpp.o[0m
[117.268s] [ 21%] [32mBuilding C object CMakeFiles/px4_msgs__rosidl_typesupport_introspection_c.dir/rosidl_typesupport_introspection_c/px4_msgs/msg/detail/generator_status__type_support.c.o[0m
[117.285s] [ 21%] [32mBuilding CXX object CMakeFiles/px4_msgs__rosidl_typesupport_introspection_cpp.dir/rosidl_typesupport_introspection_cpp/px4_msgs/msg/detail/estimator_innovations__type_support.cpp.o[0m
[117.328s] [ 21%] [32mBuilding C object CMakeFiles/px4_msgs__rosidl_typesupport_introspection_c.dir/rosidl_typesupport_introspection_c/px4_msgs/msg/detail/geofence_result__type_support.c.o[0m
[117.346s] [ 21%] [32mBuilding CXX object CMakeFiles/px4_msgs__rosidl_typesupport_introspection_cpp.dir/rosidl_typesupport_introspection_cpp/px4_msgs/msg/detail/estimator_selector_status__type_support.cpp.o[0m
[117.402s] [ 21%] [32mBuilding C object CMakeFiles/px4_msgs__rosidl_typesupport_introspection_c.dir/rosidl_typesupport_introspection_c/px4_msgs/msg/detail/geofence_status__type_support.c.o[0m
[117.478s] [ 21%] [32mBuilding C object CMakeFiles/px4_msgs__rosidl_typesupport_introspection_c.dir/rosidl_typesupport_introspection_c/px4_msgs/msg/detail/gimbal_controls__type_support.c.o[0m
[117.562s] [ 21%] [32mBuilding C object CMakeFiles/px4_msgs__rosidl_typesupport_introspection_c.dir/rosidl_typesupport_introspection_c/px4_msgs/msg/detail/gimbal_device_attitude_status__type_support.c.o[0m
[117.642s] [ 21%] [32mBuilding C object CMakeFiles/px4_msgs__rosidl_typesupport_introspection_c.dir/rosidl_typesupport_introspection_c/px4_msgs/msg/detail/gimbal_device_information__type_support.c.o[0m
[117.733s] [ 21%] [32mBuilding C object CMakeFiles/px4_msgs__rosidl_typesupport_introspection_c.dir/rosidl_typesupport_introspection_c/px4_msgs/msg/detail/gimbal_device_set_attitude__type_support.c.o[0m
[117.815s] [ 21%] [32mBuilding C object CMakeFiles/px4_msgs__rosidl_typesupport_introspection_c.dir/rosidl_typesupport_introspection_c/px4_msgs/msg/detail/gimbal_manager_information__type_support.c.o[0m
[117.895s] [ 21%] [32mBuilding C object CMakeFiles/px4_msgs__rosidl_typesupport_introspection_c.dir/rosidl_typesupport_introspection_c/px4_msgs/msg/detail/gimbal_manager_set_attitude__type_support.c.o[0m
[117.975s] [ 21%] [32mBuilding C object CMakeFiles/px4_msgs__rosidl_typesupport_introspection_c.dir/rosidl_typesupport_introspection_c/px4_msgs/msg/detail/gimbal_manager_set_manual_control__type_support.c.o[0m
[118.052s] [ 21%] [32mBuilding C object CMakeFiles/px4_msgs__rosidl_typesupport_introspection_c.dir/rosidl_typesupport_introspection_c/px4_msgs/msg/detail/gimbal_manager_status__type_support.c.o[0m
[118.128s] [ 22%] [32mBuilding C object CMakeFiles/px4_msgs__rosidl_typesupport_introspection_c.dir/rosidl_typesupport_introspection_c/px4_msgs/msg/detail/goto_setpoint__type_support.c.o[0m
[118.192s] [ 22%] [32mBuilding C object CMakeFiles/px4_msgs__rosidl_typesupport_introspection_c.dir/rosidl_typesupport_introspection_c/px4_msgs/msg/detail/gpio_config__type_support.c.o[0m
[118.216s] [ 22%] [32mBuilding CXX object CMakeFiles/px4_msgs__rosidl_typesupport_introspection_cpp.dir/rosidl_typesupport_introspection_cpp/px4_msgs/msg/detail/estimator_sensor_bias__type_support.cpp.o[0m
[118.267s] [ 22%] [32mBuilding C object CMakeFiles/px4_msgs__rosidl_typesupport_introspection_c.dir/rosidl_typesupport_introspection_c/px4_msgs/msg/detail/gpio_in__type_support.c.o[0m
[118.339s] [ 22%] [32mBuilding C object CMakeFiles/px4_msgs__rosidl_typesupport_introspection_c.dir/rosidl_typesupport_introspection_c/px4_msgs/msg/detail/gpio_out__type_support.c.o[0m
[118.356s] [ 22%] [32mBuilding CXX object CMakeFiles/px4_msgs__rosidl_typesupport_introspection_cpp.dir/rosidl_typesupport_introspection_cpp/px4_msgs/msg/detail/estimator_states__type_support.cpp.o[0m
[118.383s] [ 22%] [32mBuilding C object CMakeFiles/px4_msgs__rosidl_typesupport_introspection_c.dir/rosidl_typesupport_introspection_c/px4_msgs/msg/detail/gpio_request__type_support.c.o[0m
[118.415s] [ 22%] [32mBuilding C object CMakeFiles/px4_msgs__rosidl_typesupport_introspection_c.dir/rosidl_typesupport_introspection_c/px4_msgs/msg/detail/gps_dump__type_support.c.o[0m
[118.456s] [ 22%] [32mBuilding CXX object CMakeFiles/px4_msgs__rosidl_typesupport_introspection_cpp.dir/rosidl_typesupport_introspection_cpp/px4_msgs/msg/detail/estimator_status__type_support.cpp.o[0m
[118.498s] [ 22%] [32mBuilding C object CMakeFiles/px4_msgs__rosidl_typesupport_introspection_c.dir/rosidl_typesupport_introspection_c/px4_msgs/msg/detail/gps_inject_data__type_support.c.o[0m
[118.587s] [ 22%] [32mBuilding C object CMakeFiles/px4_msgs__rosidl_typesupport_introspection_c.dir/rosidl_typesupport_introspection_c/px4_msgs/msg/detail/gripper__type_support.c.o[0m
[118.659s] [ 22%] [32mBuilding C object CMakeFiles/px4_msgs__rosidl_typesupport_introspection_c.dir/rosidl_typesupport_introspection_c/px4_msgs/msg/detail/health_report__type_support.c.o[0m
[118.735s] [ 22%] [32mBuilding C object CMakeFiles/px4_msgs__rosidl_typesupport_introspection_c.dir/rosidl_typesupport_introspection_c/px4_msgs/msg/detail/heater_status__type_support.c.o[0m
[118.813s] [ 22%] [32mBuilding C object CMakeFiles/px4_msgs__rosidl_typesupport_introspection_c.dir/rosidl_typesupport_introspection_c/px4_msgs/msg/detail/home_position__type_support.c.o[0m
[118.891s] [ 22%] [32mBuilding C object CMakeFiles/px4_msgs__rosidl_typesupport_introspection_c.dir/rosidl_typesupport_introspection_c/px4_msgs/msg/detail/hover_thrust_estimate__type_support.c.o[0m
[118.967s] [ 22%] [32mBuilding C object CMakeFiles/px4_msgs__rosidl_typesupport_introspection_c.dir/rosidl_typesupport_introspection_c/px4_msgs/msg/detail/input_rc__type_support.c.o[0m
[119.051s] [ 22%] [32mBuilding C object CMakeFiles/px4_msgs__rosidl_typesupport_introspection_c.dir/rosidl_typesupport_introspection_c/px4_msgs/msg/detail/internal_combustion_engine_control__type_support.c.o[0m
[119.126s] [ 22%] [32mBuilding C object CMakeFiles/px4_msgs__rosidl_typesupport_introspection_c.dir/rosidl_typesupport_introspection_c/px4_msgs/msg/detail/internal_combustion_engine_status__type_support.c.o[0m
[119.202s] [ 22%] [32mBuilding C object CMakeFiles/px4_msgs__rosidl_typesupport_introspection_c.dir/rosidl_typesupport_introspection_c/px4_msgs/msg/detail/iridiumsbd_status__type_support.c.o[0m
[119.239s] [ 22%] [32mBuilding C object CMakeFiles/px4_msgs__rosidl_typesupport_introspection_c.dir/rosidl_typesupport_introspection_c/px4_msgs/msg/detail/irlock_report__type_support.c.o[0m
[119.278s] [ 22%] [32mBuilding C object CMakeFiles/px4_msgs__rosidl_typesupport_introspection_c.dir/rosidl_typesupport_introspection_c/px4_msgs/msg/detail/landing_gear__type_support.c.o[0m
[119.315s] [ 23%] [32mBuilding C object CMakeFiles/px4_msgs__rosidl_typesupport_introspection_c.dir/rosidl_typesupport_introspection_c/px4_msgs/msg/detail/landing_gear_wheel__type_support.c.o[0m
[119.325s] [ 23%] [32mBuilding C object CMakeFiles/px4_msgs__rosidl_typesupport_introspection_c.dir/rosidl_typesupport_introspection_c/px4_msgs/msg/detail/landing_target_innovations__type_support.c.o[0m
[119.351s] [ 23%] [32mBuilding CXX object CMakeFiles/px4_msgs__rosidl_typesupport_introspection_cpp.dir/rosidl_typesupport_introspection_cpp/px4_msgs/msg/detail/estimator_status_flags__type_support.cpp.o[0m
[119.388s] [ 23%] [32mBuilding CXX object CMakeFiles/px4_msgs__rosidl_typesupport_introspection_cpp.dir/rosidl_typesupport_introspection_cpp/px4_msgs/msg/detail/event__type_support.cpp.o[0m
[119.397s] [ 23%] [32mBuilding C object CMakeFiles/px4_msgs__rosidl_typesupport_introspection_c.dir/rosidl_typesupport_introspection_c/px4_msgs/msg/detail/landing_target_pose__type_support.c.o[0m
[119.462s] [ 23%] [32mBuilding C object CMakeFiles/px4_msgs__rosidl_typesupport_introspection_c.dir/rosidl_typesupport_introspection_c/px4_msgs/msg/detail/launch_detection_status__type_support.c.o[0m
[119.470s] [ 23%] [32mBuilding C object CMakeFiles/px4_msgs__rosidl_typesupport_introspection_c.dir/rosidl_typesupport_introspection_c/px4_msgs/msg/detail/led_control__type_support.c.o[0m
[119.535s] [ 23%] [32mBuilding C object CMakeFiles/px4_msgs__rosidl_typesupport_introspection_c.dir/rosidl_typesupport_introspection_c/px4_msgs/msg/detail/log_message__type_support.c.o[0m
[119.544s] [ 23%] [32mBuilding C object CMakeFiles/px4_msgs__rosidl_typesupport_introspection_c.dir/rosidl_typesupport_introspection_c/px4_msgs/msg/detail/logger_status__type_support.c.o[0m
[119.613s] [ 23%] [32mBuilding C object CMakeFiles/px4_msgs__rosidl_typesupport_introspection_c.dir/rosidl_typesupport_introspection_c/px4_msgs/msg/detail/mag_worker_data__type_support.c.o[0m
[119.616s] [ 23%] [32mBuilding C object CMakeFiles/px4_msgs__rosidl_typesupport_introspection_c.dir/rosidl_typesupport_introspection_c/px4_msgs/msg/detail/magnetometer_bias_estimate__type_support.c.o[0m
[119.713s] [ 23%] [32mBuilding C object CMakeFiles/px4_msgs__rosidl_typesupport_introspection_c.dir/rosidl_typesupport_introspection_c/px4_msgs/msg/detail/manual_control_setpoint__type_support.c.o[0m
[119.716s] [ 23%] [32mBuilding C object CMakeFiles/px4_msgs__rosidl_typesupport_introspection_c.dir/rosidl_typesupport_introspection_c/px4_msgs/msg/detail/manual_control_switches__type_support.c.o[0m
[119.790s] [ 23%] [32mBuilding C object CMakeFiles/px4_msgs__rosidl_typesupport_introspection_c.dir/rosidl_typesupport_introspection_c/px4_msgs/msg/detail/mavlink_log__type_support.c.o[0m
[119.792s] [ 23%] [32mBuilding C object CMakeFiles/px4_msgs__rosidl_typesupport_introspection_c.dir/rosidl_typesupport_introspection_c/px4_msgs/msg/detail/mavlink_tunnel__type_support.c.o[0m
[119.869s] [ 23%] [32mBuilding C object CMakeFiles/px4_msgs__rosidl_typesupport_introspection_c.dir/rosidl_typesupport_introspection_c/px4_msgs/msg/detail/message_format_request__type_support.c.o[0m
[119.880s] [ 23%] [32mBuilding C object CMakeFiles/px4_msgs__rosidl_typesupport_introspection_c.dir/rosidl_typesupport_introspection_c/px4_msgs/msg/detail/message_format_response__type_support.c.o[0m
[119.945s] [ 23%] [32mBuilding C object CMakeFiles/px4_msgs__rosidl_typesupport_introspection_c.dir/rosidl_typesupport_introspection_c/px4_msgs/msg/detail/mission__type_support.c.o[0m
[119.961s] [ 23%] [32mBuilding C object CMakeFiles/px4_msgs__rosidl_typesupport_introspection_c.dir/rosidl_typesupport_introspection_c/px4_msgs/msg/detail/mission_result__type_support.c.o[0m
[120.020s] [ 23%] [32mBuilding C object CMakeFiles/px4_msgs__rosidl_typesupport_introspection_c.dir/rosidl_typesupport_introspection_c/px4_msgs/msg/detail/mode_completed__type_support.c.o[0m
[120.043s] [ 23%] [32mBuilding C object CMakeFiles/px4_msgs__rosidl_typesupport_introspection_c.dir/rosidl_typesupport_introspection_c/px4_msgs/msg/detail/mount_orientation__type_support.c.o[0m
[120.100s] [ 24%] [32mBuilding C object CMakeFiles/px4_msgs__rosidl_typesupport_introspection_c.dir/rosidl_typesupport_introspection_c/px4_msgs/msg/detail/navigator_mission_item__type_support.c.o[0m
[120.121s] [ 24%] [32mBuilding C object CMakeFiles/px4_msgs__rosidl_typesupport_introspection_c.dir/rosidl_typesupport_introspection_c/px4_msgs/msg/detail/navigator_status__type_support.c.o[0m
[120.179s] [ 24%] [32mBuilding C object CMakeFiles/px4_msgs__rosidl_typesupport_introspection_c.dir/rosidl_typesupport_introspection_c/px4_msgs/msg/detail/normalized_unsigned_setpoint__type_support.c.o[0m
[120.212s] [ 24%] [32mBuilding C object CMakeFiles/px4_msgs__rosidl_typesupport_introspection_c.dir/rosidl_typesupport_introspection_c/px4_msgs/msg/detail/npfg_status__type_support.c.o[0m
[120.274s] [ 24%] [32mBuilding C object CMakeFiles/px4_msgs__rosidl_typesupport_introspection_c.dir/rosidl_typesupport_introspection_c/px4_msgs/msg/detail/obstacle_distance__type_support.c.o[0m
[120.299s] [ 24%] [32mBuilding CXX object CMakeFiles/px4_msgs__rosidl_typesupport_introspection_cpp.dir/rosidl_typesupport_introspection_cpp/px4_msgs/msg/detail/failsafe_flags__type_support.cpp.o[0m
[120.334s] [ 24%] [32mBuilding C object CMakeFiles/px4_msgs__rosidl_typesupport_introspection_c.dir/rosidl_typesupport_introspection_c/px4_msgs/msg/detail/offboard_control_mode__type_support.c.o[0m
[120.368s] [ 24%] [32mBuilding C object CMakeFiles/px4_msgs__rosidl_typesupport_introspection_c.dir/rosidl_typesupport_introspection_c/px4_msgs/msg/detail/onboard_computer_status__type_support.c.o[0m
[120.370s] [ 24%] [32mBuilding CXX object CMakeFiles/px4_msgs__rosidl_typesupport_introspection_cpp.dir/rosidl_typesupport_introspection_cpp/px4_msgs/msg/detail/failure_detector_status__type_support.cpp.o[0m
[120.414s] [ 24%] [32mBuilding CXX object CMakeFiles/px4_msgs__rosidl_typesupport_introspection_cpp.dir/rosidl_typesupport_introspection_cpp/px4_msgs/msg/detail/figure_eight_status__type_support.cpp.o[0m
[120.505s] [ 24%] [32mBuilding C object CMakeFiles/px4_msgs__rosidl_typesupport_introspection_c.dir/rosidl_typesupport_introspection_c/px4_msgs/msg/detail/open_drone_id_arm_status__type_support.c.o[0m
[120.579s] [ 24%] [32mBuilding C object CMakeFiles/px4_msgs__rosidl_typesupport_introspection_c.dir/rosidl_typesupport_introspection_c/px4_msgs/msg/detail/open_drone_id_operator_id__type_support.c.o[0m
[120.659s] [ 24%] [32mBuilding C object CMakeFiles/px4_msgs__rosidl_typesupport_introspection_c.dir/rosidl_typesupport_introspection_c/px4_msgs/msg/detail/open_drone_id_self_id__type_support.c.o[0m
[120.739s] [ 24%] [32mBuilding C object CMakeFiles/px4_msgs__rosidl_typesupport_introspection_c.dir/rosidl_typesupport_introspection_c/px4_msgs/msg/detail/open_drone_id_system__type_support.c.o[0m
[120.817s] [ 24%] [32mBuilding C object CMakeFiles/px4_msgs__rosidl_typesupport_introspection_c.dir/rosidl_typesupport_introspection_c/px4_msgs/msg/detail/orb_test__type_support.c.o[0m
[120.894s] [ 24%] [32mBuilding C object CMakeFiles/px4_msgs__rosidl_typesupport_introspection_c.dir/rosidl_typesupport_introspection_c/px4_msgs/msg/detail/orb_test_large__type_support.c.o[0m
[120.964s] [ 24%] [32mBuilding C object CMakeFiles/px4_msgs__rosidl_typesupport_introspection_c.dir/rosidl_typesupport_introspection_c/px4_msgs/msg/detail/orb_test_medium__type_support.c.o[0m
[121.039s] [ 24%] [32mBuilding C object CMakeFiles/px4_msgs__rosidl_typesupport_introspection_c.dir/rosidl_typesupport_introspection_c/px4_msgs/msg/detail/orbit_status__type_support.c.o[0m
[121.107s] [ 24%] [32mBuilding C object CMakeFiles/px4_msgs__rosidl_typesupport_introspection_c.dir/rosidl_typesupport_introspection_c/px4_msgs/msg/detail/parameter_reset_request__type_support.c.o[0m
[121.178s] [ 24%] [32mBuilding C object CMakeFiles/px4_msgs__rosidl_typesupport_introspection_c.dir/rosidl_typesupport_introspection_c/px4_msgs/msg/detail/parameter_set_used_request__type_support.c.o[0m
[121.249s] [ 24%] [32mBuilding C object CMakeFiles/px4_msgs__rosidl_typesupport_introspection_c.dir/rosidl_typesupport_introspection_c/px4_msgs/msg/detail/parameter_set_value_request__type_support.c.o[0m
[121.319s] [ 25%] [32mBuilding C object CMakeFiles/px4_msgs__rosidl_typesupport_introspection_c.dir/rosidl_typesupport_introspection_c/px4_msgs/msg/detail/parameter_set_value_response__type_support.c.o[0m
[121.320s] [ 25%] [32mBuilding C object CMakeFiles/px4_msgs__rosidl_typesupport_introspection_c.dir/rosidl_typesupport_introspection_c/px4_msgs/msg/detail/parameter_update__type_support.c.o[0m
[121.380s] [ 25%] [32mBuilding C object CMakeFiles/px4_msgs__rosidl_typesupport_introspection_c.dir/rosidl_typesupport_introspection_c/px4_msgs/msg/detail/ping__type_support.c.o[0m
[121.391s] [ 25%] [32mBuilding C object CMakeFiles/px4_msgs__rosidl_typesupport_introspection_c.dir/rosidl_typesupport_introspection_c/px4_msgs/msg/detail/position_controller_landing_status__type_support.c.o[0m
[121.399s] [ 25%] [32mBuilding C object CMakeFiles/px4_msgs__rosidl_typesupport_introspection_c.dir/rosidl_typesupport_introspection_c/px4_msgs/msg/detail/position_controller_status__type_support.c.o[0m
[121.407s] [ 25%] [32mBuilding CXX object CMakeFiles/px4_msgs__rosidl_typesupport_introspection_cpp.dir/rosidl_typesupport_introspection_cpp/px4_msgs/msg/detail/flight_phase_estimation__type_support.cpp.o[0m
[121.461s] [ 25%] [32mBuilding C object CMakeFiles/px4_msgs__rosidl_typesupport_introspection_c.dir/rosidl_typesupport_introspection_c/px4_msgs/msg/detail/position_setpoint__type_support.c.o[0m
[121.473s] [ 25%] [32mBuilding CXX object CMakeFiles/px4_msgs__rosidl_typesupport_introspection_cpp.dir/rosidl_typesupport_introspection_cpp/px4_msgs/msg/detail/follow_target__type_support.cpp.o[0m
[121.473s] [ 25%] [32mBuilding C object CMakeFiles/px4_msgs__rosidl_typesupport_introspection_c.dir/rosidl_typesupport_introspection_c/px4_msgs/msg/detail/position_setpoint_triplet__type_support.c.o[0m
[121.542s] [ 25%] [32mBuilding C object CMakeFiles/px4_msgs__rosidl_typesupport_introspection_c.dir/rosidl_typesupport_introspection_c/px4_msgs/msg/detail/power_button_state__type_support.c.o[0m
[121.553s] [ 25%] [32mBuilding CXX object CMakeFiles/px4_msgs__rosidl_typesupport_introspection_cpp.dir/rosidl_typesupport_introspection_cpp/px4_msgs/msg/detail/follow_target_estimator__type_support.cpp.o[0m
[121.611s] [ 25%] [32mBuilding C object CMakeFiles/px4_msgs__rosidl_typesupport_introspection_c.dir/rosidl_typesupport_introspection_c/px4_msgs/msg/detail/power_monitor__type_support.c.o[0m
[121.682s] [ 25%] [32mBuilding C object CMakeFiles/px4_msgs__rosidl_typesupport_introspection_c.dir/rosidl_typesupport_introspection_c/px4_msgs/msg/detail/pps_capture__type_support.c.o[0m
[121.752s] [ 25%] [32mBuilding C object CMakeFiles/px4_msgs__rosidl_typesupport_introspection_c.dir/rosidl_typesupport_introspection_c/px4_msgs/msg/detail/pure_pursuit_status__type_support.c.o[0m
[121.825s] [ 25%] [32mBuilding C object CMakeFiles/px4_msgs__rosidl_typesupport_introspection_c.dir/rosidl_typesupport_introspection_c/px4_msgs/msg/detail/pwm_input__type_support.c.o[0m
[121.896s] [ 25%] [32mBuilding C object CMakeFiles/px4_msgs__rosidl_typesupport_introspection_c.dir/rosidl_typesupport_introspection_c/px4_msgs/msg/detail/px4io_status__type_support.c.o[0m
[121.994s] [ 25%] [32mBuilding C object CMakeFiles/px4_msgs__rosidl_typesupport_introspection_c.dir/rosidl_typesupport_introspection_c/px4_msgs/msg/detail/qshell_req__type_support.c.o[0m
[122.069s] [ 25%] [32mBuilding C object CMakeFiles/px4_msgs__rosidl_typesupport_introspection_c.dir/rosidl_typesupport_introspection_c/px4_msgs/msg/detail/qshell_retval__type_support.c.o[0m
[122.141s] [ 25%] [32mBuilding C object CMakeFiles/px4_msgs__rosidl_typesupport_introspection_c.dir/rosidl_typesupport_introspection_c/px4_msgs/msg/detail/radio_status__type_support.c.o[0m
[122.212s] [ 25%] [32mBuilding C object CMakeFiles/px4_msgs__rosidl_typesupport_introspection_c.dir/rosidl_typesupport_introspection_c/px4_msgs/msg/detail/rate_ctrl_status__type_support.c.o[0m
[122.281s] [ 25%] [32mBuilding C object CMakeFiles/px4_msgs__rosidl_typesupport_introspection_c.dir/rosidl_typesupport_introspection_c/px4_msgs/msg/detail/rc_channels__type_support.c.o[0m
[122.360s] [ 26%] [32mBuilding C object CMakeFiles/px4_msgs__rosidl_typesupport_introspection_c.dir/rosidl_typesupport_introspection_c/px4_msgs/msg/detail/rc_parameter_map__type_support.c.o[0m
[122.423s] [ 26%] [32mBuilding C object CMakeFiles/px4_msgs__rosidl_typesupport_introspection_c.dir/rosidl_typesupport_introspection_c/px4_msgs/msg/detail/register_ext_component_reply__type_support.c.o[0m
[122.434s] [ 26%] [32mBuilding C object CMakeFiles/px4_msgs__rosidl_typesupport_introspection_c.dir/rosidl_typesupport_introspection_c/px4_msgs/msg/detail/register_ext_component_request__type_support.c.o[0m
[122.513s] [ 26%] [32mBuilding C object CMakeFiles/px4_msgs__rosidl_typesupport_introspection_c.dir/rosidl_typesupport_introspection_c/px4_msgs/msg/detail/rover_attitude_setpoint__type_support.c.o[0m
[122.515s] [ 26%] [32mBuilding CXX object CMakeFiles/px4_msgs__rosidl_typesupport_introspection_cpp.dir/rosidl_typesupport_introspection_cpp/px4_msgs/msg/detail/follow_target_status__type_support.cpp.o[0m
[122.516s] [ 26%] [32mBuilding C object CMakeFiles/px4_msgs__rosidl_typesupport_introspection_c.dir/rosidl_typesupport_introspection_c/px4_msgs/msg/detail/rover_attitude_status__type_support.c.o[0m
[122.588s] [ 26%] [32mBuilding C object CMakeFiles/px4_msgs__rosidl_typesupport_introspection_c.dir/rosidl_typesupport_introspection_c/px4_msgs/msg/detail/rover_position_setpoint__type_support.c.o[0m
[122.590s] [ 26%] [32mBuilding C object CMakeFiles/px4_msgs__rosidl_typesupport_introspection_c.dir/rosidl_typesupport_introspection_c/px4_msgs/msg/detail/rover_rate_setpoint__type_support.c.o[0m
[122.647s] [ 26%] [32mBuilding CXX object CMakeFiles/px4_msgs__rosidl_typesupport_introspection_cpp.dir/rosidl_typesupport_introspection_cpp/px4_msgs/msg/detail/fuel_tank_status__type_support.cpp.o[0m
[122.664s] [ 26%] [32mBuilding CXX object CMakeFiles/px4_msgs__rosidl_typesupport_introspection_cpp.dir/rosidl_typesupport_introspection_cpp/px4_msgs/msg/detail/generator_status__type_support.cpp.o[0m
[122.669s] [ 26%] [32mBuilding C object CMakeFiles/px4_msgs__rosidl_typesupport_introspection_c.dir/rosidl_typesupport_introspection_c/px4_msgs/msg/detail/rover_rate_status__type_support.c.o[0m
[122.740s] [ 26%] [32mBuilding C object CMakeFiles/px4_msgs__rosidl_typesupport_introspection_c.dir/rosidl_typesupport_introspection_c/px4_msgs/msg/detail/rover_steering_setpoint__type_support.c.o[0m
[122.811s] [ 26%] [32mBuilding C object CMakeFiles/px4_msgs__rosidl_typesupport_introspection_c.dir/rosidl_typesupport_introspection_c/px4_msgs/msg/detail/rover_throttle_setpoint__type_support.c.o[0m
[122.884s] [ 26%] [32mBuilding C object CMakeFiles/px4_msgs__rosidl_typesupport_introspection_c.dir/rosidl_typesupport_introspection_c/px4_msgs/msg/detail/rover_velocity_status__type_support.c.o[0m
[122.958s] [ 26%] [32mBuilding C object CMakeFiles/px4_msgs__rosidl_typesupport_introspection_c.dir/rosidl_typesupport_introspection_c/px4_msgs/msg/detail/rpm__type_support.c.o[0m
[123.031s] [ 26%] [32mBuilding C object CMakeFiles/px4_msgs__rosidl_typesupport_introspection_c.dir/rosidl_typesupport_introspection_c/px4_msgs/msg/detail/rtl_status__type_support.c.o[0m
[123.104s] [ 26%] [32mBuilding C object CMakeFiles/px4_msgs__rosidl_typesupport_introspection_c.dir/rosidl_typesupport_introspection_c/px4_msgs/msg/detail/rtl_time_estimate__type_support.c.o[0m
[123.177s] [ 26%] [32mBuilding C object CMakeFiles/px4_msgs__rosidl_typesupport_introspection_c.dir/rosidl_typesupport_introspection_c/px4_msgs/msg/detail/satellite_info__type_support.c.o[0m
[123.279s] [ 26%] [32mBuilding C object CMakeFiles/px4_msgs__rosidl_typesupport_introspection_c.dir/rosidl_typesupport_introspection_c/px4_msgs/msg/detail/sensor_accel__type_support.c.o[0m
[123.369s] [ 26%] [32mBuilding C object CMakeFiles/px4_msgs__rosidl_typesupport_introspection_c.dir/rosidl_typesupport_introspection_c/px4_msgs/msg/detail/sensor_accel_fifo__type_support.c.o[0m
[123.454s] [ 26%] [32mBuilding C object CMakeFiles/px4_msgs__rosidl_typesupport_introspection_c.dir/rosidl_typesupport_introspection_c/px4_msgs/msg/detail/sensor_airflow__type_support.c.o[0m
[123.490s] [ 26%] [32mBuilding C object CMakeFiles/px4_msgs__rosidl_typesupport_introspection_c.dir/rosidl_typesupport_introspection_c/px4_msgs/msg/detail/sensor_baro__type_support.c.o[0m
[123.553s] [ 27%] [32mBuilding CXX object CMakeFiles/px4_msgs__rosidl_typesupport_introspection_cpp.dir/rosidl_typesupport_introspection_cpp/px4_msgs/msg/detail/geofence_result__type_support.cpp.o[0m
[123.560s] [ 28%] [32mBuilding C object CMakeFiles/px4_msgs__rosidl_typesupport_introspection_c.dir/rosidl_typesupport_introspection_c/px4_msgs/msg/detail/sensor_combined__type_support.c.o[0m
[123.640s] [ 28%] [32mBuilding C object CMakeFiles/px4_msgs__rosidl_typesupport_introspection_c.dir/rosidl_typesupport_introspection_c/px4_msgs/msg/detail/sensor_correction__type_support.c.o[0m
[123.645s] [ 28%] [32mBuilding CXX object CMakeFiles/px4_msgs__rosidl_typesupport_introspection_cpp.dir/rosidl_typesupport_introspection_cpp/px4_msgs/msg/detail/geofence_status__type_support.cpp.o[0m
[123.661s] [ 28%] [32mBuilding C object CMakeFiles/px4_msgs__rosidl_typesupport_introspection_c.dir/rosidl_typesupport_introspection_c/px4_msgs/msg/detail/sensor_gnss_relative__type_support.c.o[0m
[123.731s] [ 28%] [32mBuilding CXX object CMakeFiles/px4_msgs__rosidl_typesupport_cpp.dir/rosidl_typesupport_cpp/px4_msgs/msg/ackermann_velocity_setpoint__type_support.cpp.o[0m
[123.746s] [ 28%] [32mBuilding CXX object CMakeFiles/px4_msgs__rosidl_typesupport_introspection_cpp.dir/rosidl_typesupport_introspection_cpp/px4_msgs/msg/detail/gimbal_controls__type_support.cpp.o[0m
[123.808s] [ 28%] [32mBuilding C object CMakeFiles/px4_msgs__rosidl_typesupport_introspection_c.dir/rosidl_typesupport_introspection_c/px4_msgs/msg/detail/sensor_gps__type_support.c.o[0m
[123.887s] [ 28%] [32mBuilding C object CMakeFiles/px4_msgs__rosidl_typesupport_introspection_c.dir/rosidl_typesupport_introspection_c/px4_msgs/msg/detail/sensor_gyro__type_support.c.o[0m
[123.965s] [ 28%] [32mBuilding C object CMakeFiles/px4_msgs__rosidl_typesupport_introspection_c.dir/rosidl_typesupport_introspection_c/px4_msgs/msg/detail/sensor_gyro_fft__type_support.c.o[0m
[124.069s] [ 28%] [32mBuilding C object CMakeFiles/px4_msgs__rosidl_typesupport_introspection_c.dir/rosidl_typesupport_introspection_c/px4_msgs/msg/detail/sensor_gyro_fifo__type_support.c.o[0m
[124.159s] [ 28%] [32mBuilding C object CMakeFiles/px4_msgs__rosidl_typesupport_introspection_c.dir/rosidl_typesupport_introspection_c/px4_msgs/msg/detail/sensor_hygrometer__type_support.c.o[0m
[124.235s] [ 28%] [32mBuilding C object CMakeFiles/px4_msgs__rosidl_typesupport_introspection_c.dir/rosidl_typesupport_introspection_c/px4_msgs/msg/detail/sensor_mag__type_support.c.o[0m
[124.309s] [ 28%] [32mBuilding C object CMakeFiles/px4_msgs__rosidl_typesupport_introspection_c.dir/rosidl_typesupport_introspection_c/px4_msgs/msg/detail/sensor_optical_flow__type_support.c.o[0m
[124.394s] [ 28%] [32mBuilding C object CMakeFiles/px4_msgs__rosidl_typesupport_introspection_c.dir/rosidl_typesupport_introspection_c/px4_msgs/msg/detail/sensor_preflight_mag__type_support.c.o[0m
[124.448s] [ 28%] [32mBuilding CXX object CMakeFiles/px4_msgs__rosidl_typesupport_cpp.dir/rosidl_typesupport_cpp/px4_msgs/msg/action_request__type_support.cpp.o[0m
[124.465s] [ 28%] [32mBuilding C object CMakeFiles/px4_msgs__rosidl_typesupport_introspection_c.dir/rosidl_typesupport_introspection_c/px4_msgs/msg/detail/sensor_selection__type_support.c.o[0m
[124.517s] [ 28%] [32mBuilding CXX object CMakeFiles/px4_msgs__rosidl_typesupport_cpp.dir/rosidl_typesupport_cpp/px4_msgs/msg/actuator_armed__type_support.cpp.o[0m
[124.537s] [ 28%] [32mBuilding C object CMakeFiles/px4_msgs__rosidl_typesupport_introspection_c.dir/rosidl_typesupport_introspection_c/px4_msgs/msg/detail/sensor_uwb__type_support.c.o[0m
[124.616s] [ 28%] [32mBuilding C object CMakeFiles/px4_msgs__rosidl_typesupport_introspection_c.dir/rosidl_typesupport_introspection_c/px4_msgs/msg/detail/sensors_status__type_support.c.o[0m
[124.652s] [ 28%] [32mBuilding C object CMakeFiles/px4_msgs__rosidl_typesupport_introspection_c.dir/rosidl_typesupport_introspection_c/px4_msgs/msg/detail/sensors_status_imu__type_support.c.o[0m
[124.715s] [ 28%] [32mBuilding C object CMakeFiles/px4_msgs__rosidl_typesupport_introspection_c.dir/rosidl_typesupport_introspection_c/px4_msgs/msg/detail/system_power__type_support.c.o[0m
[124.754s] [ 28%] [32mBuilding CXX object CMakeFiles/px4_msgs__rosidl_typesupport_introspection_cpp.dir/rosidl_typesupport_introspection_cpp/px4_msgs/msg/detail/gimbal_device_attitude_status__type_support.cpp.o[0m
[124.771s] [ 28%] [32mBuilding C object CMakeFiles/px4_msgs__rosidl_typesupport_introspection_c.dir/rosidl_typesupport_introspection_c/px4_msgs/msg/detail/takeoff_status__type_support.c.o[0m
[124.796s] [ 28%] [32mBuilding CXX object CMakeFiles/px4_msgs__rosidl_typesupport_introspection_cpp.dir/rosidl_typesupport_introspection_cpp/px4_msgs/msg/detail/gimbal_device_information__type_support.cpp.o[0m
[124.847s] [ 28%] [32mBuilding C object CMakeFiles/px4_msgs__rosidl_typesupport_introspection_c.dir/rosidl_typesupport_introspection_c/px4_msgs/msg/detail/task_stack_info__type_support.c.o[0m
[124.924s] [ 29%] [32mBuilding C object CMakeFiles/px4_msgs__rosidl_typesupport_introspection_c.dir/rosidl_typesupport_introspection_c/px4_msgs/msg/detail/tecs_status__type_support.c.o[0m
[125.003s] [ 29%] [32mBuilding C object CMakeFiles/px4_msgs__rosidl_typesupport_introspection_c.dir/rosidl_typesupport_introspection_c/px4_msgs/msg/detail/telemetry_status__type_support.c.o[0m
[125.081s] [ 29%] [32mBuilding C object CMakeFiles/px4_msgs__rosidl_typesupport_introspection_c.dir/rosidl_typesupport_introspection_c/px4_msgs/msg/detail/tiltrotor_extra_controls__type_support.c.o[0m
[125.130s] [ 29%] [32mBuilding CXX object CMakeFiles/px4_msgs__rosidl_typesupport_introspection_cpp.dir/rosidl_typesupport_introspection_cpp/px4_msgs/msg/detail/gimbal_device_set_attitude__type_support.cpp.o[0m
[125.151s] [ 29%] [32mBuilding C object CMakeFiles/px4_msgs__rosidl_typesupport_introspection_c.dir/rosidl_typesupport_introspection_c/px4_msgs/msg/detail/timesync_status__type_support.c.o[0m
[125.176s] [ 29%] [32mBuilding CXX object CMakeFiles/px4_msgs__rosidl_typesupport_cpp.dir/rosidl_typesupport_cpp/px4_msgs/msg/actuator_controls_status__type_support.cpp.o[0m
[125.223s] [ 29%] [32mBuilding C object CMakeFiles/px4_msgs__rosidl_typesupport_introspection_c.dir/rosidl_typesupport_introspection_c/px4_msgs/msg/detail/trajectory_setpoint__type_support.c.o[0m
[125.318s] [ 29%] [32mBuilding C object CMakeFiles/px4_msgs__rosidl_typesupport_introspection_c.dir/rosidl_typesupport_introspection_c/px4_msgs/msg/detail/trajectory_setpoint6dof__type_support.c.o[0m
[125.426s] [ 29%] [32mBuilding C object CMakeFiles/px4_msgs__rosidl_typesupport_introspection_c.dir/rosidl_typesupport_introspection_c/px4_msgs/msg/detail/transponder_report__type_support.c.o[0m
[125.513s] [ 29%] [32mBuilding C object CMakeFiles/px4_msgs__rosidl_typesupport_introspection_c.dir/rosidl_typesupport_introspection_c/px4_msgs/msg/detail/tune_control__type_support.c.o[0m
[125.591s] [ 29%] [32mBuilding C object CMakeFiles/px4_msgs__rosidl_typesupport_introspection_c.dir/rosidl_typesupport_introspection_c/px4_msgs/msg/detail/uavcan_parameter_request__type_support.c.o[0m
[125.673s] [ 29%] [32mBuilding C object CMakeFiles/px4_msgs__rosidl_typesupport_introspection_c.dir/rosidl_typesupport_introspection_c/px4_msgs/msg/detail/uavcan_parameter_value__type_support.c.o[0m
[125.753s] [ 29%] [32mBuilding C object CMakeFiles/px4_msgs__rosidl_typesupport_introspection_c.dir/rosidl_typesupport_introspection_c/px4_msgs/msg/detail/ulog_stream__type_support.c.o[0m
[125.773s] [ 29%] [32mBuilding CXX object CMakeFiles/px4_msgs__rosidl_typesupport_cpp.dir/rosidl_typesupport_cpp/px4_msgs/msg/actuator_motors__type_support.cpp.o[0m
[125.803s] [ 29%] [32mBuilding C object CMakeFiles/px4_msgs__rosidl_typesupport_introspection_c.dir/rosidl_typesupport_introspection_c/px4_msgs/msg/detail/ulog_stream_ack__type_support.c.o[0m
[125.833s] [ 29%] [32mBuilding CXX object CMakeFiles/px4_msgs__rosidl_typesupport_introspection_cpp.dir/rosidl_typesupport_introspection_cpp/px4_msgs/msg/detail/gimbal_manager_information__type_support.cpp.o[0m
[125.863s] [ 29%] [32mBuilding CXX object CMakeFiles/px4_msgs__rosidl_typesupport_introspection_cpp.dir/rosidl_typesupport_introspection_cpp/px4_msgs/msg/detail/gimbal_manager_set_attitude__type_support.cpp.o[0m
[125.883s] [ 29%] [32mBuilding C object CMakeFiles/px4_msgs__rosidl_typesupport_introspection_c.dir/rosidl_typesupport_introspection_c/px4_msgs/msg/detail/unregister_ext_component__type_support.c.o[0m
[125.964s] [ 29%] [32mBuilding C object CMakeFiles/px4_msgs__rosidl_typesupport_introspection_c.dir/rosidl_typesupport_introspection_c/px4_msgs/msg/detail/vehicle_acceleration__type_support.c.o[0m
[126.048s] [ 29%] [32mBuilding C object CMakeFiles/px4_msgs__rosidl_typesupport_introspection_c.dir/rosidl_typesupport_introspection_c/px4_msgs/msg/detail/vehicle_air_data__type_support.c.o[0m
[126.096s] [ 29%] [32mBuilding CXX object CMakeFiles/px4_msgs__rosidl_typesupport_cpp.dir/rosidl_typesupport_cpp/px4_msgs/msg/actuator_outputs__type_support.cpp.o[0m
[126.129s] [ 29%] [32mBuilding C object CMakeFiles/px4_msgs__rosidl_typesupport_introspection_c.dir/rosidl_typesupport_introspection_c/px4_msgs/msg/detail/vehicle_angular_acceleration_setpoint__type_support.c.o[0m
[126.217s] [ 29%] [32mBuilding C object CMakeFiles/px4_msgs__rosidl_typesupport_introspection_c.dir/rosidl_typesupport_introspection_c/px4_msgs/msg/detail/vehicle_angular_velocity__type_support.c.o[0m
[126.330s] [ 29%] [32mBuilding C object CMakeFiles/px4_msgs__rosidl_typesupport_introspection_c.dir/rosidl_typesupport_introspection_c/px4_msgs/msg/detail/vehicle_attitude__type_support.c.o[0m
[126.419s] [ 30%] [32mBuilding C object CMakeFiles/px4_msgs__rosidl_typesupport_introspection_c.dir/rosidl_typesupport_introspection_c/px4_msgs/msg/detail/vehicle_attitude_setpoint__type_support.c.o[0m
[126.462s] [ 30%] [32mBuilding CXX object CMakeFiles/px4_msgs__rosidl_typesupport_introspection_cpp.dir/rosidl_typesupport_introspection_cpp/px4_msgs/msg/detail/gimbal_manager_set_manual_control__type_support.cpp.o[0m
[126.507s] [ 30%] [32mBuilding C object CMakeFiles/px4_msgs__rosidl_typesupport_introspection_c.dir/rosidl_typesupport_introspection_c/px4_msgs/msg/detail/vehicle_command__type_support.c.o[0m
[126.584s] [ 30%] [32mBuilding C object CMakeFiles/px4_msgs__rosidl_typesupport_introspection_c.dir/rosidl_typesupport_introspection_c/px4_msgs/msg/detail/vehicle_command_ack__type_support.c.o[0m
[126.663s] [ 30%] [32mBuilding C object CMakeFiles/px4_msgs__rosidl_typesupport_introspection_c.dir/rosidl_typesupport_introspection_c/px4_msgs/msg/detail/vehicle_constraints__type_support.c.o[0m
[126.740s] [ 30%] [32mBuilding C object CMakeFiles/px4_msgs__rosidl_typesupport_introspection_c.dir/rosidl_typesupport_introspection_c/px4_msgs/msg/detail/vehicle_control_mode__type_support.c.o[0m
[126.785s] [ 30%] [32mBuilding CXX object CMakeFiles/px4_msgs__rosidl_typesupport_cpp.dir/rosidl_typesupport_cpp/px4_msgs/msg/actuator_servos__type_support.cpp.o[0m
[126.820s] [ 30%] [32mBuilding C object CMakeFiles/px4_msgs__rosidl_typesupport_introspection_c.dir/rosidl_typesupport_introspection_c/px4_msgs/msg/detail/vehicle_global_position__type_support.c.o[0m
[126.827s] [ 31%] [32mBuilding CXX object CMakeFiles/px4_msgs__rosidl_typesupport_cpp.dir/rosidl_typesupport_cpp/px4_msgs/msg/actuator_servos_trim__type_support.cpp.o[0m
[126.873s] [ 31%] [32mBuilding CXX object CMakeFiles/px4_msgs__rosidl_typesupport_cpp.dir/rosidl_typesupport_cpp/px4_msgs/msg/actuator_test__type_support.cpp.o[0m
[126.897s] [ 31%] [32mBuilding C object CMakeFiles/px4_msgs__rosidl_typesupport_introspection_c.dir/rosidl_typesupport_introspection_c/px4_msgs/msg/detail/vehicle_imu__type_support.c.o[0m
[126.986s] [ 31%] [32mBuilding C object CMakeFiles/px4_msgs__rosidl_typesupport_introspection_c.dir/rosidl_typesupport_introspection_c/px4_msgs/msg/detail/vehicle_imu_status__type_support.c.o[0m
[127.093s] [ 31%] [32mBuilding C object CMakeFiles/px4_msgs__rosidl_typesupport_introspection_c.dir/rosidl_typesupport_introspection_c/px4_msgs/msg/detail/vehicle_land_detected__type_support.c.o[0m
[127.167s] [ 31%] [32mBuilding C object CMakeFiles/px4_msgs__rosidl_typesupport_introspection_c.dir/rosidl_typesupport_introspection_c/px4_msgs/msg/detail/vehicle_local_position__type_support.c.o[0m
[127.258s] [ 31%] [32mBuilding C object CMakeFiles/px4_msgs__rosidl_typesupport_introspection_c.dir/rosidl_typesupport_introspection_c/px4_msgs/msg/detail/vehicle_local_position_setpoint__type_support.c.o[0m
[127.339s] [ 31%] [32mBuilding C object CMakeFiles/px4_msgs__rosidl_typesupport_introspection_c.dir/rosidl_typesupport_introspection_c/px4_msgs/msg/detail/vehicle_magnetometer__type_support.c.o[0m
[127.395s] [ 31%] [32mBuilding CXX object CMakeFiles/px4_msgs__rosidl_typesupport_introspection_cpp.dir/rosidl_typesupport_introspection_cpp/px4_msgs/msg/detail/gimbal_manager_status__type_support.cpp.o[0m
[127.418s] [ 31%] [32mBuilding C object CMakeFiles/px4_msgs__rosidl_typesupport_introspection_c.dir/rosidl_typesupport_introspection_c/px4_msgs/msg/detail/vehicle_odometry__type_support.c.o[0m
[127.461s] [ 31%] [32mBuilding CXX object CMakeFiles/px4_msgs__rosidl_typesupport_introspection_cpp.dir/rosidl_typesupport_introspection_cpp/px4_msgs/msg/detail/goto_setpoint__type_support.cpp.o[0m
[127.523s] [ 31%] [32mBuilding CXX object CMakeFiles/px4_msgs__rosidl_typesupport_introspection_cpp.dir/rosidl_typesupport_introspection_cpp/px4_msgs/msg/detail/gpio_config__type_support.cpp.o[0m
[127.528s] [ 31%] [32mBuilding C object CMakeFiles/px4_msgs__rosidl_typesupport_introspection_c.dir/rosidl_typesupport_introspection_c/px4_msgs/msg/detail/vehicle_optical_flow__type_support.c.o[0m
[127.564s] [ 31%] [32mBuilding CXX object CMakeFiles/px4_msgs__rosidl_typesupport_cpp.dir/rosidl_typesupport_cpp/px4_msgs/msg/adc_report__type_support.cpp.o[0m
[127.612s] [ 31%] [32mBuilding C object CMakeFiles/px4_msgs__rosidl_typesupport_introspection_c.dir/rosidl_typesupport_introspection_c/px4_msgs/msg/detail/vehicle_optical_flow_vel__type_support.c.o[0m
[127.733s] [ 31%] [32mBuilding C object CMakeFiles/px4_msgs__rosidl_typesupport_introspection_c.dir/rosidl_typesupport_introspection_c/px4_msgs/msg/detail/vehicle_rates_setpoint__type_support.c.o[0m
[127.816s] [ 31%] [32mBuilding C object CMakeFiles/px4_msgs__rosidl_typesupport_introspection_c.dir/rosidl_typesupport_introspection_c/px4_msgs/msg/detail/vehicle_roi__type_support.c.o[0m
[127.893s] [ 31%] [32mBuilding C object CMakeFiles/px4_msgs__rosidl_typesupport_introspection_c.dir/rosidl_typesupport_introspection_c/px4_msgs/msg/detail/vehicle_status__type_support.c.o[0m
[127.970s] [ 32%] [32mBuilding C object CMakeFiles/px4_msgs__rosidl_typesupport_introspection_c.dir/rosidl_typesupport_introspection_c/px4_msgs/msg/detail/vehicle_thrust_setpoint__type_support.c.o[0m
[128.052s] [ 32%] [32mBuilding C object CMakeFiles/px4_msgs__rosidl_typesupport_introspection_c.dir/rosidl_typesupport_introspection_c/px4_msgs/msg/detail/vehicle_torque_setpoint__type_support.c.o[0m
[128.134s] [ 32%] [32mBuilding C object CMakeFiles/px4_msgs__rosidl_typesupport_introspection_c.dir/rosidl_typesupport_introspection_c/px4_msgs/msg/detail/velocity_limits__type_support.c.o[0m
[128.211s] [ 32%] [32mBuilding C object CMakeFiles/px4_msgs__rosidl_typesupport_introspection_c.dir/rosidl_typesupport_introspection_c/px4_msgs/msg/detail/vtol_vehicle_status__type_support.c.o[0m
[128.233s] [ 32%] [32mBuilding CXX object CMakeFiles/px4_msgs__rosidl_typesupport_cpp.dir/rosidl_typesupport_cpp/px4_msgs/msg/airspeed__type_support.cpp.o[0m
[128.290s] [ 32%] [32mBuilding C object CMakeFiles/px4_msgs__rosidl_typesupport_introspection_c.dir/rosidl_typesupport_introspection_c/px4_msgs/msg/detail/wheel_encoders__type_support.c.o[0m
[128.324s] [ 32%] [32mBuilding CXX object CMakeFiles/px4_msgs__rosidl_typesupport_cpp.dir/rosidl_typesupport_cpp/px4_msgs/msg/airspeed_validated__type_support.cpp.o[0m
[128.372s] [ 32%] [32mBuilding C object CMakeFiles/px4_msgs__rosidl_typesupport_introspection_c.dir/rosidl_typesupport_introspection_c/px4_msgs/msg/detail/wind__type_support.c.o[0m
[128.430s] [ 32%] [32mBuilding CXX object CMakeFiles/px4_msgs__rosidl_typesupport_introspection_cpp.dir/rosidl_typesupport_introspection_cpp/px4_msgs/msg/detail/gpio_in__type_support.cpp.o[0m
[128.445s] [ 32%] [32mBuilding C object CMakeFiles/px4_msgs__rosidl_typesupport_introspection_c.dir/rosidl_typesupport_introspection_c/px4_msgs/msg/detail/yaw_estimator_status__type_support.c.o[0m
[128.460s] [ 32%] [32mBuilding C object CMakeFiles/px4_msgs__rosidl_typesupport_introspection_c.dir/rosidl_typesupport_introspection_c/px4_msgs/srv/detail/vehicle_command__type_support.c.o[0m
[128.540s] [ 32%] [32mBuilding CXX object CMakeFiles/px4_msgs__rosidl_typesupport_cpp.dir/rosidl_typesupport_cpp/px4_msgs/msg/airspeed_wind__type_support.cpp.o[0m
[128.542s] [ 32%] [32m[1mLinking C shared library libpx4_msgs__rosidl_typesupport_introspection_c.so[0m
[128.764s] [ 32%] Built target px4_msgs__rosidl_typesupport_introspection_c
[128.785s] [ 32%] [32mBuilding CXX object CMakeFiles/px4_msgs__rosidl_typesupport_cpp.dir/rosidl_typesupport_cpp/px4_msgs/msg/arming_check_reply__type_support.cpp.o[0m
[128.893s] [ 32%] [32mBuilding CXX object CMakeFiles/px4_msgs__rosidl_typesupport_introspection_cpp.dir/rosidl_typesupport_introspection_cpp/px4_msgs/msg/detail/gpio_out__type_support.cpp.o[0m
[129.002s] [ 32%] [32mBuilding CXX object CMakeFiles/px4_msgs__rosidl_typesupport_introspection_cpp.dir/rosidl_typesupport_introspection_cpp/px4_msgs/msg/detail/gpio_request__type_support.cpp.o[0m
[129.190s] [ 32%] [32mBuilding CXX object CMakeFiles/px4_msgs__rosidl_typesupport_introspection_cpp.dir/rosidl_typesupport_introspection_cpp/px4_msgs/msg/detail/gps_dump__type_support.cpp.o[0m
[129.380s] [ 32%] [32mBuilding CXX object CMakeFiles/px4_msgs__rosidl_typesupport_cpp.dir/rosidl_typesupport_cpp/px4_msgs/msg/arming_check_request__type_support.cpp.o[0m
[129.453s] [ 32%] [32mBuilding CXX object CMakeFiles/px4_msgs__rosidl_typesupport_introspection_cpp.dir/rosidl_typesupport_introspection_cpp/px4_msgs/msg/detail/gps_inject_data__type_support.cpp.o[0m
[129.814s] [ 32%] [32mBuilding CXX object CMakeFiles/px4_msgs__rosidl_typesupport_cpp.dir/rosidl_typesupport_cpp/px4_msgs/msg/autotune_attitude_control_status__type_support.cpp.o[0m
[129.968s] [ 32%] [32mBuilding CXX object CMakeFiles/px4_msgs__rosidl_typesupport_cpp.dir/rosidl_typesupport_cpp/px4_msgs/msg/battery_status__type_support.cpp.o[0m
[130.053s] [ 32%] [32mBuilding CXX object CMakeFiles/px4_msgs__rosidl_typesupport_introspection_cpp.dir/rosidl_typesupport_introspection_cpp/px4_msgs/msg/detail/gripper__type_support.cpp.o[0m
[130.132s] [ 32%] [32mBuilding CXX object CMakeFiles/px4_msgs__rosidl_typesupport_cpp.dir/rosidl_typesupport_cpp/px4_msgs/msg/button_event__type_support.cpp.o[0m
[130.431s] [ 32%] [32mBuilding CXX object CMakeFiles/px4_msgs__rosidl_typesupport_cpp.dir/rosidl_typesupport_cpp/px4_msgs/msg/camera_capture__type_support.cpp.o[0m
[130.487s] [ 33%] [32mBuilding CXX object CMakeFiles/px4_msgs__rosidl_typesupport_introspection_cpp.dir/rosidl_typesupport_introspection_cpp/px4_msgs/msg/detail/health_report__type_support.cpp.o[0m
[130.631s] [ 33%] [32mBuilding CXX object CMakeFiles/px4_msgs__rosidl_typesupport_cpp.dir/rosidl_typesupport_cpp/px4_msgs/msg/camera_status__type_support.cpp.o[0m
[130.803s] [ 33%] [32mBuilding CXX object CMakeFiles/px4_msgs__rosidl_typesupport_introspection_cpp.dir/rosidl_typesupport_introspection_cpp/px4_msgs/msg/detail/heater_status__type_support.cpp.o[0m
[130.970s] [ 33%] [32mBuilding CXX object CMakeFiles/px4_msgs__rosidl_typesupport_cpp.dir/rosidl_typesupport_cpp/px4_msgs/msg/camera_trigger__type_support.cpp.o[0m
[131.099s] [ 33%] [32mBuilding CXX object CMakeFiles/px4_msgs__rosidl_typesupport_introspection_cpp.dir/rosidl_typesupport_introspection_cpp/px4_msgs/msg/detail/home_position__type_support.cpp.o[0m
[131.314s] [ 33%] [32mBuilding CXX object CMakeFiles/px4_msgs__rosidl_typesupport_cpp.dir/rosidl_typesupport_cpp/px4_msgs/msg/can_interface_status__type_support.cpp.o[0m
[131.427s] [ 33%] [32mBuilding CXX object CMakeFiles/px4_msgs__rosidl_typesupport_cpp.dir/rosidl_typesupport_cpp/px4_msgs/msg/cellular_status__type_support.cpp.o[0m
[131.615s] [ 33%] [32mBuilding CXX object CMakeFiles/px4_msgs__rosidl_typesupport_introspection_cpp.dir/rosidl_typesupport_introspection_cpp/px4_msgs/msg/detail/hover_thrust_estimate__type_support.cpp.o[0m
[131.787s] [ 33%] [32mBuilding CXX object CMakeFiles/px4_msgs__rosidl_typesupport_cpp.dir/rosidl_typesupport_cpp/px4_msgs/msg/collision_constraints__type_support.cpp.o[0m
[131.962s] [ 33%] [32mBuilding CXX object CMakeFiles/px4_msgs__rosidl_typesupport_cpp.dir/rosidl_typesupport_cpp/px4_msgs/msg/config_overrides__type_support.cpp.o[0m
[132.076s] [ 33%] [32mBuilding CXX object CMakeFiles/px4_msgs__rosidl_typesupport_cpp.dir/rosidl_typesupport_cpp/px4_msgs/msg/control_allocator_status__type_support.cpp.o[0m
[132.097s] [ 34%] [32mBuilding CXX object CMakeFiles/px4_msgs__rosidl_typesupport_cpp.dir/rosidl_typesupport_cpp/px4_msgs/msg/cpuload__type_support.cpp.o[0m
[132.489s] [ 34%] [32mBuilding CXX object CMakeFiles/px4_msgs__rosidl_typesupport_introspection_cpp.dir/rosidl_typesupport_introspection_cpp/px4_msgs/msg/detail/input_rc__type_support.cpp.o[0m
[132.542s] [ 34%] [32mBuilding CXX object CMakeFiles/px4_msgs__rosidl_typesupport_introspection_cpp.dir/rosidl_typesupport_introspection_cpp/px4_msgs/msg/detail/internal_combustion_engine_control__type_support.cpp.o[0m
[132.631s] [ 34%] [32mBuilding CXX object CMakeFiles/px4_msgs__rosidl_typesupport_introspection_cpp.dir/rosidl_typesupport_introspection_cpp/px4_msgs/msg/detail/internal_combustion_engine_status__type_support.cpp.o[0m
[132.752s] [ 34%] [32mBuilding CXX object CMakeFiles/px4_msgs__rosidl_typesupport_introspection_cpp.dir/rosidl_typesupport_introspection_cpp/px4_msgs/msg/detail/iridiumsbd_status__type_support.cpp.o[0m
[132.771s] [ 34%] [32mBuilding CXX object CMakeFiles/px4_msgs__rosidl_typesupport_cpp.dir/rosidl_typesupport_cpp/px4_msgs/msg/dataman_request__type_support.cpp.o[0m
[133.438s] [ 34%] [32mBuilding CXX object CMakeFiles/px4_msgs__rosidl_typesupport_cpp.dir/rosidl_typesupport_cpp/px4_msgs/msg/dataman_response__type_support.cpp.o[0m
[133.454s] [ 34%] [32mBuilding CXX object CMakeFiles/px4_msgs__rosidl_typesupport_introspection_cpp.dir/rosidl_typesupport_introspection_cpp/px4_msgs/msg/detail/irlock_report__type_support.cpp.o[0m
[133.483s] [ 34%] [32mBuilding CXX object CMakeFiles/px4_msgs__rosidl_typesupport_cpp.dir/rosidl_typesupport_cpp/px4_msgs/msg/debug_array__type_support.cpp.o[0m
[133.537s] [ 34%] [32mBuilding CXX object CMakeFiles/px4_msgs__rosidl_typesupport_cpp.dir/rosidl_typesupport_cpp/px4_msgs/msg/debug_key_value__type_support.cpp.o[0m
[133.573s] [ 34%] [32mBuilding CXX object CMakeFiles/px4_msgs__rosidl_typesupport_c.dir/rosidl_typesupport_c/px4_msgs/msg/ackermann_velocity_setpoint__type_support.cpp.o[0m
[133.626s] [ 34%] [32mBuilding CXX object CMakeFiles/px4_msgs__rosidl_typesupport_c.dir/rosidl_typesupport_c/px4_msgs/msg/action_request__type_support.cpp.o[0m
[133.679s] [ 34%] [32mBuilding CXX object CMakeFiles/px4_msgs__rosidl_typesupport_c.dir/rosidl_typesupport_c/px4_msgs/msg/actuator_armed__type_support.cpp.o[0m
[133.699s] [ 34%] [32mBuilding CXX object CMakeFiles/px4_msgs__rosidl_typesupport_cpp.dir/rosidl_typesupport_cpp/px4_msgs/msg/debug_value__type_support.cpp.o[0m
[133.732s] [ 34%] [32mBuilding CXX object CMakeFiles/px4_msgs__rosidl_typesupport_c.dir/rosidl_typesupport_c/px4_msgs/msg/actuator_controls_status__type_support.cpp.o[0m
[133.782s] [ 34%] [32mBuilding CXX object CMakeFiles/px4_msgs__rosidl_typesupport_c.dir/rosidl_typesupport_c/px4_msgs/msg/actuator_motors__type_support.cpp.o[0m
[133.833s] [ 34%] [32mBuilding CXX object CMakeFiles/px4_msgs__rosidl_typesupport_c.dir/rosidl_typesupport_c/px4_msgs/msg/actuator_outputs__type_support.cpp.o[0m
[133.884s] [ 34%] [32mBuilding CXX object CMakeFiles/px4_msgs__rosidl_typesupport_c.dir/rosidl_typesupport_c/px4_msgs/msg/actuator_servos__type_support.cpp.o[0m
[133.934s] [ 34%] [32mBuilding CXX object CMakeFiles/px4_msgs__rosidl_typesupport_c.dir/rosidl_typesupport_c/px4_msgs/msg/actuator_servos_trim__type_support.cpp.o[0m
[133.984s] [ 34%] [32mBuilding CXX object CMakeFiles/px4_msgs__rosidl_typesupport_c.dir/rosidl_typesupport_c/px4_msgs/msg/actuator_test__type_support.cpp.o[0m
[134.006s] [ 34%] [32mBuilding CXX object CMakeFiles/px4_msgs__rosidl_typesupport_introspection_cpp.dir/rosidl_typesupport_introspection_cpp/px4_msgs/msg/detail/landing_gear__type_support.cpp.o[0m
[134.021s] [ 34%] [32mBuilding CXX object CMakeFiles/px4_msgs__rosidl_typesupport_introspection_cpp.dir/rosidl_typesupport_introspection_cpp/px4_msgs/msg/detail/landing_gear_wheel__type_support.cpp.o[0m
[134.034s] [ 34%] [32mBuilding CXX object CMakeFiles/px4_msgs__rosidl_typesupport_c.dir/rosidl_typesupport_c/px4_msgs/msg/adc_report__type_support.cpp.o[0m
[134.036s] [ 34%] [32mBuilding CXX object CMakeFiles/px4_msgs__rosidl_typesupport_c.dir/rosidl_typesupport_c/px4_msgs/msg/airspeed__type_support.cpp.o[0m
[134.082s] [ 34%] [32mBuilding CXX object CMakeFiles/px4_msgs__rosidl_typesupport_introspection_cpp.dir/rosidl_typesupport_introspection_cpp/px4_msgs/msg/detail/landing_target_innovations__type_support.cpp.o[0m
[134.086s] [ 34%] [32mBuilding CXX object CMakeFiles/px4_msgs__rosidl_typesupport_c.dir/rosidl_typesupport_c/px4_msgs/msg/airspeed_validated__type_support.cpp.o[0m
[134.134s] [ 34%] [32mBuilding CXX object CMakeFiles/px4_msgs__rosidl_typesupport_c.dir/rosidl_typesupport_c/px4_msgs/msg/airspeed_wind__type_support.cpp.o[0m
[134.187s] [ 34%] [32mBuilding CXX object CMakeFiles/px4_msgs__rosidl_typesupport_c.dir/rosidl_typesupport_c/px4_msgs/msg/arming_check_reply__type_support.cpp.o[0m
[134.188s] [ 34%] [32mBuilding CXX object CMakeFiles/px4_msgs__rosidl_typesupport_cpp.dir/rosidl_typesupport_cpp/px4_msgs/msg/debug_vect__type_support.cpp.o[0m
[134.213s] [ 34%] [32mBuilding CXX object CMakeFiles/px4_msgs__rosidl_typesupport_introspection_cpp.dir/rosidl_typesupport_introspection_cpp/px4_msgs/msg/detail/landing_target_pose__type_support.cpp.o[0m
[134.234s] [ 34%] [32mBuilding CXX object CMakeFiles/px4_msgs__rosidl_typesupport_c.dir/rosidl_typesupport_c/px4_msgs/msg/arming_check_request__type_support.cpp.o[0m
[134.283s] [ 34%] [32mBuilding CXX object CMakeFiles/px4_msgs__rosidl_typesupport_c.dir/rosidl_typesupport_c/px4_msgs/msg/autotune_attitude_control_status__type_support.cpp.o[0m
[134.337s] [ 34%] [32mBuilding CXX object CMakeFiles/px4_msgs__rosidl_typesupport_c.dir/rosidl_typesupport_c/px4_msgs/msg/battery_status__type_support.cpp.o[0m
[134.383s] [ 34%] [32mBuilding CXX object CMakeFiles/px4_msgs__rosidl_typesupport_c.dir/rosidl_typesupport_c/px4_msgs/msg/button_event__type_support.cpp.o[0m
[134.438s] [ 35%] [32mBuilding CXX object CMakeFiles/px4_msgs__rosidl_typesupport_c.dir/rosidl_typesupport_c/px4_msgs/msg/camera_capture__type_support.cpp.o[0m
[134.485s] [ 35%] [32mBuilding CXX object CMakeFiles/px4_msgs__rosidl_typesupport_c.dir/rosidl_typesupport_c/px4_msgs/msg/camera_status__type_support.cpp.o[0m
[134.536s] [ 35%] [32mBuilding CXX object CMakeFiles/px4_msgs__rosidl_typesupport_c.dir/rosidl_typesupport_c/px4_msgs/msg/camera_trigger__type_support.cpp.o[0m
[134.588s] [ 35%] [32mBuilding CXX object CMakeFiles/px4_msgs__rosidl_typesupport_c.dir/rosidl_typesupport_c/px4_msgs/msg/can_interface_status__type_support.cpp.o[0m
[134.640s] [ 35%] [32mBuilding CXX object CMakeFiles/px4_msgs__rosidl_typesupport_c.dir/rosidl_typesupport_c/px4_msgs/msg/cellular_status__type_support.cpp.o[0m
[134.688s] [ 35%] [32mBuilding CXX object CMakeFiles/px4_msgs__rosidl_typesupport_c.dir/rosidl_typesupport_c/px4_msgs/msg/collision_constraints__type_support.cpp.o[0m
[134.700s] [ 35%] [32mBuilding CXX object CMakeFiles/px4_msgs__rosidl_typesupport_cpp.dir/rosidl_typesupport_cpp/px4_msgs/msg/differential_pressure__type_support.cpp.o[0m
[134.726s] [ 35%] [32mBuilding CXX object CMakeFiles/px4_msgs__rosidl_typesupport_c.dir/rosidl_typesupport_c/px4_msgs/msg/config_overrides__type_support.cpp.o[0m
[134.737s] [ 35%] [32mBuilding CXX object CMakeFiles/px4_msgs__rosidl_typesupport_cpp.dir/rosidl_typesupport_cpp/px4_msgs/msg/distance_sensor__type_support.cpp.o[0m
[134.742s] [ 35%] [32mBuilding CXX object CMakeFiles/px4_msgs__rosidl_typesupport_c.dir/rosidl_typesupport_c/px4_msgs/msg/control_allocator_status__type_support.cpp.o[0m
[134.774s] [ 35%] [32mBuilding CXX object CMakeFiles/px4_msgs__rosidl_typesupport_introspection_cpp.dir/rosidl_typesupport_introspection_cpp/px4_msgs/msg/detail/launch_detection_status__type_support.cpp.o[0m
[134.793s] [ 35%] [32mBuilding CXX object CMakeFiles/px4_msgs__rosidl_typesupport_c.dir/rosidl_typesupport_c/px4_msgs/msg/cpuload__type_support.cpp.o[0m
[134.805s] [ 35%] [32mBuilding CXX object CMakeFiles/px4_msgs__rosidl_typesupport_cpp.dir/rosidl_typesupport_cpp/px4_msgs/msg/distance_sensor_mode_change_request__type_support.cpp.o[0m
[134.837s] [ 35%] [32mBuilding CXX object CMakeFiles/px4_msgs__rosidl_typesupport_c.dir/rosidl_typesupport_c/px4_msgs/msg/dataman_request__type_support.cpp.o[0m
[134.885s] [ 35%] [32mBuilding CXX object CMakeFiles/px4_msgs__rosidl_typesupport_c.dir/rosidl_typesupport_c/px4_msgs/msg/dataman_response__type_support.cpp.o[0m
[134.934s] [ 35%] [32mBuilding CXX object CMakeFiles/px4_msgs__rosidl_typesupport_c.dir/rosidl_typesupport_c/px4_msgs/msg/debug_array__type_support.cpp.o[0m
[134.946s] [ 35%] [32mBuilding CXX object CMakeFiles/px4_msgs__rosidl_typesupport_cpp.dir/rosidl_typesupport_cpp/px4_msgs/msg/ekf2_timestamps__type_support.cpp.o[0m
[134.984s] [ 35%] [32mBuilding CXX object CMakeFiles/px4_msgs__rosidl_typesupport_c.dir/rosidl_typesupport_c/px4_msgs/msg/debug_key_value__type_support.cpp.o[0m
[135.032s] [ 35%] [32mBuilding CXX object CMakeFiles/px4_msgs__rosidl_typesupport_c.dir/rosidl_typesupport_c/px4_msgs/msg/debug_value__type_support.cpp.o[0m
[135.087s] [ 35%] [32mBuilding CXX object CMakeFiles/px4_msgs__rosidl_typesupport_c.dir/rosidl_typesupport_c/px4_msgs/msg/debug_vect__type_support.cpp.o[0m
[135.131s] [ 35%] [32mBuilding CXX object CMakeFiles/px4_msgs__rosidl_typesupport_c.dir/rosidl_typesupport_c/px4_msgs/msg/differential_pressure__type_support.cpp.o[0m
[135.180s] [ 35%] [32mBuilding CXX object CMakeFiles/px4_msgs__rosidl_typesupport_c.dir/rosidl_typesupport_c/px4_msgs/msg/distance_sensor__type_support.cpp.o[0m
[135.194s] [ 35%] [32mBuilding CXX object CMakeFiles/px4_msgs__rosidl_typesupport_c.dir/rosidl_typesupport_c/px4_msgs/msg/distance_sensor_mode_change_request__type_support.cpp.o[0m
[135.230s] [ 35%] [32mBuilding CXX object CMakeFiles/px4_msgs__rosidl_typesupport_cpp.dir/rosidl_typesupport_cpp/px4_msgs/msg/esc_report__type_support.cpp.o[0m
[135.245s] [ 36%] [32mBuilding CXX object CMakeFiles/px4_msgs__rosidl_typesupport_c.dir/rosidl_typesupport_c/px4_msgs/msg/ekf2_timestamps__type_support.cpp.o[0m
[135.261s] [ 36%] [32mBuilding CXX object CMakeFiles/px4_msgs__rosidl_typesupport_introspection_cpp.dir/rosidl_typesupport_introspection_cpp/px4_msgs/msg/detail/led_control__type_support.cpp.o[0m
[135.293s] [ 36%] [32mBuilding CXX object CMakeFiles/px4_msgs__rosidl_typesupport_c.dir/rosidl_typesupport_c/px4_msgs/msg/esc_report__type_support.cpp.o[0m
[135.308s] [ 36%] [32mBuilding CXX object CMakeFiles/px4_msgs__rosidl_typesupport_introspection_cpp.dir/rosidl_typesupport_introspection_cpp/px4_msgs/msg/detail/log_message__type_support.cpp.o[0m
[135.342s] [ 36%] [32mBuilding CXX object CMakeFiles/px4_msgs__rosidl_typesupport_c.dir/rosidl_typesupport_c/px4_msgs/msg/esc_status__type_support.cpp.o[0m
[135.391s] [ 36%] [32mBuilding CXX object CMakeFiles/px4_msgs__rosidl_typesupport_c.dir/rosidl_typesupport_c/px4_msgs/msg/estimator_aid_source1d__type_support.cpp.o[0m
[135.439s] [ 36%] [32mBuilding CXX object CMakeFiles/px4_msgs__rosidl_typesupport_c.dir/rosidl_typesupport_c/px4_msgs/msg/estimator_aid_source2d__type_support.cpp.o[0m
[135.467s] [ 36%] [32mBuilding CXX object CMakeFiles/px4_msgs__rosidl_typesupport_introspection_cpp.dir/rosidl_typesupport_introspection_cpp/px4_msgs/msg/detail/logger_status__type_support.cpp.o[0m
[135.467s] [ 36%] [32mBuilding CXX object CMakeFiles/px4_msgs__rosidl_typesupport_c.dir/rosidl_typesupport_c/px4_msgs/msg/estimator_aid_source3d__type_support.cpp.o[0m
[135.487s] [ 36%] [32mBuilding CXX object CMakeFiles/px4_msgs__rosidl_typesupport_introspection_cpp.dir/rosidl_typesupport_introspection_cpp/px4_msgs/msg/detail/mag_worker_data__type_support.cpp.o[0m
[135.513s] [ 36%] [32mBuilding CXX object CMakeFiles/px4_msgs__rosidl_typesupport_c.dir/rosidl_typesupport_c/px4_msgs/msg/estimator_bias__type_support.cpp.o[0m
[135.560s] [ 36%] [32mBuilding CXX object CMakeFiles/px4_msgs__rosidl_typesupport_c.dir/rosidl_typesupport_c/px4_msgs/msg/estimator_bias3d__type_support.cpp.o[0m
[135.609s] [ 36%] [32mBuilding CXX object CMakeFiles/px4_msgs__rosidl_typesupport_c.dir/rosidl_typesupport_c/px4_msgs/msg/estimator_event_flags__type_support.cpp.o[0m
[135.658s] [ 36%] [32mBuilding CXX object CMakeFiles/px4_msgs__rosidl_typesupport_c.dir/rosidl_typesupport_c/px4_msgs/msg/estimator_gps_status__type_support.cpp.o[0m
[135.723s] [ 36%] [32mBuilding CXX object CMakeFiles/px4_msgs__rosidl_typesupport_c.dir/rosidl_typesupport_c/px4_msgs/msg/estimator_innovations__type_support.cpp.o[0m
[135.732s] [ 36%] [32mBuilding CXX object CMakeFiles/px4_msgs__rosidl_typesupport_cpp.dir/rosidl_typesupport_cpp/px4_msgs/msg/esc_status__type_support.cpp.o[0m
[135.775s] [ 36%] [32mBuilding CXX object CMakeFiles/px4_msgs__rosidl_typesupport_c.dir/rosidl_typesupport_c/px4_msgs/msg/estimator_selector_status__type_support.cpp.o[0m
[135.824s] [ 36%] [32mBuilding CXX object CMakeFiles/px4_msgs__rosidl_typesupport_c.dir/rosidl_typesupport_c/px4_msgs/msg/estimator_sensor_bias__type_support.cpp.o[0m
[135.876s] [ 36%] [32mBuilding CXX object CMakeFiles/px4_msgs__rosidl_typesupport_c.dir/rosidl_typesupport_c/px4_msgs/msg/estimator_states__type_support.cpp.o[0m
[135.925s] [ 36%] [32mBuilding CXX object CMakeFiles/px4_msgs__rosidl_typesupport_c.dir/rosidl_typesupport_c/px4_msgs/msg/estimator_status__type_support.cpp.o[0m
[135.975s] [ 36%] [32mBuilding CXX object CMakeFiles/px4_msgs__rosidl_typesupport_c.dir/rosidl_typesupport_c/px4_msgs/msg/estimator_status_flags__type_support.cpp.o[0m
[136.009s] [ 36%] [32mBuilding CXX object CMakeFiles/px4_msgs__rosidl_typesupport_cpp.dir/rosidl_typesupport_cpp/px4_msgs/msg/estimator_aid_source1d__type_support.cpp.o[0m
[136.026s] [ 36%] [32mBuilding CXX object CMakeFiles/px4_msgs__rosidl_typesupport_c.dir/rosidl_typesupport_c/px4_msgs/msg/event__type_support.cpp.o[0m
[136.035s] [ 36%] [32mBuilding CXX object CMakeFiles/px4_msgs__rosidl_typesupport_cpp.dir/rosidl_typesupport_cpp/px4_msgs/msg/estimator_aid_source2d__type_support.cpp.o[0m
[136.074s] [ 36%] [32mBuilding CXX object CMakeFiles/px4_msgs__rosidl_typesupport_c.dir/rosidl_typesupport_c/px4_msgs/msg/failsafe_flags__type_support.cpp.o[0m
[136.121s] [ 37%] [32mBuilding CXX object CMakeFiles/px4_msgs__rosidl_typesupport_c.dir/rosidl_typesupport_c/px4_msgs/msg/failure_detector_status__type_support.cpp.o[0m
[136.173s] [ 37%] [32mBuilding CXX object CMakeFiles/px4_msgs__rosidl_typesupport_c.dir/rosidl_typesupport_c/px4_msgs/msg/figure_eight_status__type_support.cpp.o[0m
[136.218s] [ 37%] [32mBuilding CXX object CMakeFiles/px4_msgs__rosidl_typesupport_cpp.dir/rosidl_typesupport_cpp/px4_msgs/msg/estimator_aid_source3d__type_support.cpp.o[0m
[136.220s] [ 37%] [32mBuilding CXX object CMakeFiles/px4_msgs__rosidl_typesupport_c.dir/rosidl_typesupport_c/px4_msgs/msg/flight_phase_estimation__type_support.cpp.o[0m
[136.230s] [ 38%] [32mBuilding CXX object CMakeFiles/px4_msgs__rosidl_typesupport_introspection_cpp.dir/rosidl_typesupport_introspection_cpp/px4_msgs/msg/detail/magnetometer_bias_estimate__type_support.cpp.o[0m
[136.240s] [ 38%] [32mBuilding CXX object CMakeFiles/px4_msgs__rosidl_typesupport_introspection_cpp.dir/rosidl_typesupport_introspection_cpp/px4_msgs/msg/detail/manual_control_setpoint__type_support.cpp.o[0m
[136.273s] [ 38%] [32mBuilding CXX object CMakeFiles/px4_msgs__rosidl_typesupport_c.dir/rosidl_typesupport_c/px4_msgs/msg/follow_target__type_support.cpp.o[0m
[136.323s] [ 38%] [32mBuilding CXX object CMakeFiles/px4_msgs__rosidl_typesupport_c.dir/rosidl_typesupport_c/px4_msgs/msg/follow_target_estimator__type_support.cpp.o[0m
[136.373s] [ 38%] [32mBuilding CXX object CMakeFiles/px4_msgs__rosidl_typesupport_c.dir/rosidl_typesupport_c/px4_msgs/msg/follow_target_status__type_support.cpp.o[0m
[136.423s] [ 38%] [32mBuilding CXX object CMakeFiles/px4_msgs__rosidl_typesupport_c.dir/rosidl_typesupport_c/px4_msgs/msg/fuel_tank_status__type_support.cpp.o[0m
[136.474s] [ 38%] [32mBuilding CXX object CMakeFiles/px4_msgs__rosidl_typesupport_c.dir/rosidl_typesupport_c/px4_msgs/msg/generator_status__type_support.cpp.o[0m
[136.506s] [ 38%] [32mBuilding CXX object CMakeFiles/px4_msgs__rosidl_typesupport_c.dir/rosidl_typesupport_c/px4_msgs/msg/geofence_result__type_support.cpp.o[0m
[136.522s] [ 38%] [32mBuilding CXX object CMakeFiles/px4_msgs__rosidl_typesupport_cpp.dir/rosidl_typesupport_cpp/px4_msgs/msg/estimator_bias__type_support.cpp.o[0m
[136.533s] [ 38%] [32mBuilding CXX object CMakeFiles/px4_msgs__rosidl_typesupport_introspection_cpp.dir/rosidl_typesupport_introspection_cpp/px4_msgs/msg/detail/manual_control_switches__type_support.cpp.o[0m
[136.557s] [ 38%] [32mBuilding CXX object CMakeFiles/px4_msgs__rosidl_typesupport_c.dir/rosidl_typesupport_c/px4_msgs/msg/geofence_status__type_support.cpp.o[0m
[136.602s] [ 38%] [32mBuilding CXX object CMakeFiles/px4_msgs__rosidl_typesupport_c.dir/rosidl_typesupport_c/px4_msgs/msg/gimbal_controls__type_support.cpp.o[0m
[136.651s] [ 38%] [32mBuilding CXX object CMakeFiles/px4_msgs__rosidl_typesupport_c.dir/rosidl_typesupport_c/px4_msgs/msg/gimbal_device_attitude_status__type_support.cpp.o[0m
[136.702s] [ 38%] [32mBuilding CXX object CMakeFiles/px4_msgs__rosidl_typesupport_c.dir/rosidl_typesupport_c/px4_msgs/msg/gimbal_device_information__type_support.cpp.o[0m
[136.749s] [ 38%] [32mBuilding CXX object CMakeFiles/px4_msgs__rosidl_typesupport_c.dir/rosidl_typesupport_c/px4_msgs/msg/gimbal_device_set_attitude__type_support.cpp.o[0m
[136.759s] [ 38%] [32mBuilding CXX object CMakeFiles/px4_msgs__rosidl_typesupport_introspection_cpp.dir/rosidl_typesupport_introspection_cpp/px4_msgs/msg/detail/mavlink_log__type_support.cpp.o[0m
[136.802s] [ 38%] [32mBuilding CXX object CMakeFiles/px4_msgs__rosidl_typesupport_c.dir/rosidl_typesupport_c/px4_msgs/msg/gimbal_manager_information__type_support.cpp.o[0m
[136.849s] [ 38%] [32mBuilding CXX object CMakeFiles/px4_msgs__rosidl_typesupport_c.dir/rosidl_typesupport_c/px4_msgs/msg/gimbal_manager_set_attitude__type_support.cpp.o[0m
[136.898s] [ 38%] [32mBuilding CXX object CMakeFiles/px4_msgs__rosidl_typesupport_c.dir/rosidl_typesupport_c/px4_msgs/msg/gimbal_manager_set_manual_control__type_support.cpp.o[0m
[136.947s] [ 38%] [32mBuilding CXX object CMakeFiles/px4_msgs__rosidl_typesupport_c.dir/rosidl_typesupport_c/px4_msgs/msg/gimbal_manager_status__type_support.cpp.o[0m
[136.964s] [ 39%] [32mBuilding CXX object CMakeFiles/px4_msgs__rosidl_typesupport_c.dir/rosidl_typesupport_c/px4_msgs/msg/goto_setpoint__type_support.cpp.o[0m
[136.991s] [ 39%] [32mBuilding CXX object CMakeFiles/px4_msgs__rosidl_typesupport_c.dir/rosidl_typesupport_c/px4_msgs/msg/gpio_config__type_support.cpp.o[0m
[136.997s] [ 39%] [32mBuilding CXX object CMakeFiles/px4_msgs__rosidl_typesupport_introspection_cpp.dir/rosidl_typesupport_introspection_cpp/px4_msgs/msg/detail/mavlink_tunnel__type_support.cpp.o[0m
[137.009s] [ 39%] [32mBuilding CXX object CMakeFiles/px4_msgs__rosidl_typesupport_cpp.dir/rosidl_typesupport_cpp/px4_msgs/msg/estimator_bias3d__type_support.cpp.o[0m
[137.025s] [ 39%] [32mBuilding CXX object CMakeFiles/px4_msgs__rosidl_typesupport_introspection_cpp.dir/rosidl_typesupport_introspection_cpp/px4_msgs/msg/detail/message_format_request__type_support.cpp.o[0m
[137.039s] [ 39%] [32mBuilding CXX object CMakeFiles/px4_msgs__rosidl_typesupport_c.dir/rosidl_typesupport_c/px4_msgs/msg/gpio_in__type_support.cpp.o[0m
[137.085s] [ 39%] [32mBuilding CXX object CMakeFiles/px4_msgs__rosidl_typesupport_c.dir/rosidl_typesupport_c/px4_msgs/msg/gpio_out__type_support.cpp.o[0m
[137.133s] [ 39%] [32mBuilding CXX object CMakeFiles/px4_msgs__rosidl_typesupport_c.dir/rosidl_typesupport_c/px4_msgs/msg/gpio_request__type_support.cpp.o[0m
[137.183s] [ 39%] [32mBuilding CXX object CMakeFiles/px4_msgs__rosidl_typesupport_c.dir/rosidl_typesupport_c/px4_msgs/msg/gps_dump__type_support.cpp.o[0m
[137.232s] [ 39%] [32mBuilding CXX object CMakeFiles/px4_msgs__rosidl_typesupport_c.dir/rosidl_typesupport_c/px4_msgs/msg/gps_inject_data__type_support.cpp.o[0m
[137.254s] [ 39%] [32mBuilding CXX object CMakeFiles/px4_msgs__rosidl_typesupport_c.dir/rosidl_typesupport_c/px4_msgs/msg/gripper__type_support.cpp.o[0m
[137.282s] [ 39%] [32mBuilding CXX object CMakeFiles/px4_msgs__rosidl_typesupport_c.dir/rosidl_typesupport_c/px4_msgs/msg/health_report__type_support.cpp.o[0m
[137.300s] [ 39%] [32mBuilding CXX object CMakeFiles/px4_msgs__rosidl_typesupport_c.dir/rosidl_typesupport_c/px4_msgs/msg/heater_status__type_support.cpp.o[0m
[137.332s] [ 39%] [32mBuilding CXX object CMakeFiles/px4_msgs__rosidl_typesupport_c.dir/rosidl_typesupport_c/px4_msgs/msg/home_position__type_support.cpp.o[0m
[137.352s] [ 39%] [32mBuilding CXX object CMakeFiles/px4_msgs__rosidl_typesupport_introspection_cpp.dir/rosidl_typesupport_introspection_cpp/px4_msgs/msg/detail/message_format_response__type_support.cpp.o[0m
[137.382s] [ 39%] [32mBuilding CXX object CMakeFiles/px4_msgs__rosidl_typesupport_c.dir/rosidl_typesupport_c/px4_msgs/msg/hover_thrust_estimate__type_support.cpp.o[0m
[137.431s] [ 39%] [32mBuilding CXX object CMakeFiles/px4_msgs__rosidl_typesupport_c.dir/rosidl_typesupport_c/px4_msgs/msg/input_rc__type_support.cpp.o[0m
[137.479s] [ 39%] [32mBuilding CXX object CMakeFiles/px4_msgs__rosidl_typesupport_c.dir/rosidl_typesupport_c/px4_msgs/msg/internal_combustion_engine_control__type_support.cpp.o[0m
[137.495s] [ 40%] [32mBuilding CXX object CMakeFiles/px4_msgs__rosidl_typesupport_cpp.dir/rosidl_typesupport_cpp/px4_msgs/msg/estimator_event_flags__type_support.cpp.o[0m
[137.523s] [ 40%] [32mBuilding CXX object CMakeFiles/px4_msgs__rosidl_typesupport_cpp.dir/rosidl_typesupport_cpp/px4_msgs/msg/estimator_gps_status__type_support.cpp.o[0m
[137.527s] [ 40%] [32mBuilding CXX object CMakeFiles/px4_msgs__rosidl_typesupport_c.dir/rosidl_typesupport_c/px4_msgs/msg/internal_combustion_engine_status__type_support.cpp.o[0m
[137.578s] [ 40%] [32mBuilding CXX object CMakeFiles/px4_msgs__rosidl_typesupport_c.dir/rosidl_typesupport_c/px4_msgs/msg/iridiumsbd_status__type_support.cpp.o[0m
[137.627s] [ 40%] [32mBuilding CXX object CMakeFiles/px4_msgs__rosidl_typesupport_c.dir/rosidl_typesupport_c/px4_msgs/msg/irlock_report__type_support.cpp.o[0m
[137.676s] [ 40%] [32mBuilding CXX object CMakeFiles/px4_msgs__rosidl_typesupport_c.dir/rosidl_typesupport_c/px4_msgs/msg/landing_gear__type_support.cpp.o[0m
[137.721s] [ 40%] [32mBuilding CXX object CMakeFiles/px4_msgs__rosidl_typesupport_c.dir/rosidl_typesupport_c/px4_msgs/msg/landing_gear_wheel__type_support.cpp.o[0m
[137.727s] [ 40%] [32mBuilding CXX object CMakeFiles/px4_msgs__rosidl_typesupport_cpp.dir/rosidl_typesupport_cpp/px4_msgs/msg/estimator_innovations__type_support.cpp.o[0m
[137.771s] [ 41%] [32mBuilding CXX object CMakeFiles/px4_msgs__rosidl_typesupport_c.dir/rosidl_typesupport_c/px4_msgs/msg/landing_target_innovations__type_support.cpp.o[0m
[137.776s] [ 41%] [32mBuilding CXX object CMakeFiles/px4_msgs__rosidl_typesupport_cpp.dir/rosidl_typesupport_cpp/px4_msgs/msg/estimator_selector_status__type_support.cpp.o[0m
[137.820s] [ 41%] [32mBuilding CXX object CMakeFiles/px4_msgs__rosidl_typesupport_c.dir/rosidl_typesupport_c/px4_msgs/msg/landing_target_pose__type_support.cpp.o[0m
[137.868s] [ 41%] [32mBuilding CXX object CMakeFiles/px4_msgs__rosidl_typesupport_c.dir/rosidl_typesupport_c/px4_msgs/msg/launch_detection_status__type_support.cpp.o[0m
[137.917s] [ 41%] [32mBuilding CXX object CMakeFiles/px4_msgs__rosidl_typesupport_c.dir/rosidl_typesupport_c/px4_msgs/msg/led_control__type_support.cpp.o[0m
[137.969s] [ 41%] [32mBuilding CXX object CMakeFiles/px4_msgs__rosidl_typesupport_c.dir/rosidl_typesupport_c/px4_msgs/msg/log_message__type_support.cpp.o[0m
[137.986s] [ 41%] [32mBuilding CXX object CMakeFiles/px4_msgs__rosidl_typesupport_cpp.dir/rosidl_typesupport_cpp/px4_msgs/msg/estimator_sensor_bias__type_support.cpp.o[0m
[138.015s] [ 41%] [32mBuilding CXX object CMakeFiles/px4_msgs__rosidl_typesupport_c.dir/rosidl_typesupport_c/px4_msgs/msg/logger_status__type_support.cpp.o[0m
[138.038s] [ 41%] [32mBuilding CXX object CMakeFiles/px4_msgs__rosidl_typesupport_c.dir/rosidl_typesupport_c/px4_msgs/msg/mag_worker_data__type_support.cpp.o[0m
[138.065s] [ 41%] [32mBuilding CXX object CMakeFiles/px4_msgs__rosidl_typesupport_c.dir/rosidl_typesupport_c/px4_msgs/msg/magnetometer_bias_estimate__type_support.cpp.o[0m
[138.080s] [ 41%] [32mBuilding CXX object CMakeFiles/px4_msgs__rosidl_typesupport_introspection_cpp.dir/rosidl_typesupport_introspection_cpp/px4_msgs/msg/detail/mission__type_support.cpp.o[0m
[138.089s] [ 41%] [32mBuilding CXX object CMakeFiles/px4_msgs__rosidl_typesupport_c.dir/rosidl_typesupport_c/px4_msgs/msg/manual_control_setpoint__type_support.cpp.o[0m
[138.114s] [ 41%] [32mBuilding CXX object CMakeFiles/px4_msgs__rosidl_typesupport_introspection_cpp.dir/rosidl_typesupport_introspection_cpp/px4_msgs/msg/detail/mission_result__type_support.cpp.o[0m
[138.137s] [ 41%] [32mBuilding CXX object CMakeFiles/px4_msgs__rosidl_typesupport_c.dir/rosidl_typesupport_c/px4_msgs/msg/manual_control_switches__type_support.cpp.o[0m
[138.187s] [ 41%] [32mBuilding CXX object CMakeFiles/px4_msgs__rosidl_typesupport_c.dir/rosidl_typesupport_c/px4_msgs/msg/mavlink_log__type_support.cpp.o[0m
[138.223s] [ 41%] [32mBuilding CXX object CMakeFiles/px4_msgs__rosidl_typesupport_c.dir/rosidl_typesupport_c/px4_msgs/msg/mavlink_tunnel__type_support.cpp.o[0m
[138.236s] [ 41%] [32mBuilding CXX object CMakeFiles/px4_msgs__rosidl_typesupport_c.dir/rosidl_typesupport_c/px4_msgs/msg/message_format_request__type_support.cpp.o[0m
[138.272s] [ 41%] [32mBuilding CXX object CMakeFiles/px4_msgs__rosidl_typesupport_introspection_cpp.dir/rosidl_typesupport_introspection_cpp/px4_msgs/msg/detail/mode_completed__type_support.cpp.o[0m
[138.286s] [ 41%] [32mBuilding CXX object CMakeFiles/px4_msgs__rosidl_typesupport_c.dir/rosidl_typesupport_c/px4_msgs/msg/message_format_response__type_support.cpp.o[0m
[138.296s] [ 41%] [32mBuilding CXX object CMakeFiles/px4_msgs__rosidl_typesupport_introspection_cpp.dir/rosidl_typesupport_introspection_cpp/px4_msgs/msg/detail/mount_orientation__type_support.cpp.o[0m
[138.333s] [ 41%] [32mBuilding CXX object CMakeFiles/px4_msgs__rosidl_typesupport_c.dir/rosidl_typesupport_c/px4_msgs/msg/mission__type_support.cpp.o[0m
[138.384s] [ 41%] [32mBuilding CXX object CMakeFiles/px4_msgs__rosidl_typesupport_c.dir/rosidl_typesupport_c/px4_msgs/msg/mission_result__type_support.cpp.o[0m
[138.433s] [ 41%] [32mBuilding CXX object CMakeFiles/px4_msgs__rosidl_typesupport_c.dir/rosidl_typesupport_c/px4_msgs/msg/mode_completed__type_support.cpp.o[0m
[138.482s] [ 41%] [32mBuilding CXX object CMakeFiles/px4_msgs__rosidl_typesupport_c.dir/rosidl_typesupport_c/px4_msgs/msg/mount_orientation__type_support.cpp.o[0m
[138.489s] [ 41%] [32mBuilding CXX object CMakeFiles/px4_msgs__rosidl_typesupport_cpp.dir/rosidl_typesupport_cpp/px4_msgs/msg/estimator_states__type_support.cpp.o[0m
[138.533s] [ 42%] [32mBuilding CXX object CMakeFiles/px4_msgs__rosidl_typesupport_c.dir/rosidl_typesupport_c/px4_msgs/msg/navigator_mission_item__type_support.cpp.o[0m
[138.583s] [ 42%] [32mBuilding CXX object CMakeFiles/px4_msgs__rosidl_typesupport_c.dir/rosidl_typesupport_c/px4_msgs/msg/navigator_status__type_support.cpp.o[0m
[138.633s] [ 42%] [32mBuilding CXX object CMakeFiles/px4_msgs__rosidl_typesupport_c.dir/rosidl_typesupport_c/px4_msgs/msg/normalized_unsigned_setpoint__type_support.cpp.o[0m
[138.684s] [ 42%] [32mBuilding CXX object CMakeFiles/px4_msgs__rosidl_typesupport_c.dir/rosidl_typesupport_c/px4_msgs/msg/npfg_status__type_support.cpp.o[0m
[138.735s] [ 42%] [32mBuilding CXX object CMakeFiles/px4_msgs__rosidl_typesupport_c.dir/rosidl_typesupport_c/px4_msgs/msg/obstacle_distance__type_support.cpp.o[0m
[138.785s] [ 42%] [32mBuilding CXX object CMakeFiles/px4_msgs__rosidl_typesupport_c.dir/rosidl_typesupport_c/px4_msgs/msg/offboard_control_mode__type_support.cpp.o[0m
[138.816s] [ 42%] [32mBuilding CXX object CMakeFiles/px4_msgs__rosidl_typesupport_cpp.dir/rosidl_typesupport_cpp/px4_msgs/msg/estimator_status__type_support.cpp.o[0m
[138.835s] [ 42%] [32mBuilding CXX object CMakeFiles/px4_msgs__rosidl_typesupport_c.dir/rosidl_typesupport_c/px4_msgs/msg/onboard_computer_status__type_support.cpp.o[0m
[138.835s] [ 42%] [32mBuilding CXX object CMakeFiles/px4_msgs__rosidl_typesupport_cpp.dir/rosidl_typesupport_cpp/px4_msgs/msg/estimator_status_flags__type_support.cpp.o[0m
[138.885s] [ 42%] [32mBuilding CXX object CMakeFiles/px4_msgs__rosidl_typesupport_c.dir/rosidl_typesupport_c/px4_msgs/msg/open_drone_id_arm_status__type_support.cpp.o[0m
[138.934s] [ 42%] [32mBuilding CXX object CMakeFiles/px4_msgs__rosidl_typesupport_c.dir/rosidl_typesupport_c/px4_msgs/msg/open_drone_id_operator_id__type_support.cpp.o[0m
[138.983s] [ 42%] [32mBuilding CXX object CMakeFiles/px4_msgs__rosidl_typesupport_c.dir/rosidl_typesupport_c/px4_msgs/msg/open_drone_id_self_id__type_support.cpp.o[0m
[138.992s] [ 42%] [32mBuilding CXX object CMakeFiles/px4_msgs__rosidl_typesupport_c.dir/rosidl_typesupport_c/px4_msgs/msg/open_drone_id_system__type_support.cpp.o[0m
[138.994s] [ 42%] [32mBuilding CXX object CMakeFiles/px4_msgs__rosidl_typesupport_c.dir/rosidl_typesupport_c/px4_msgs/msg/orb_test__type_support.cpp.o[0m
[139.038s] [ 42%] [32mBuilding CXX object CMakeFiles/px4_msgs__rosidl_typesupport_cpp.dir/rosidl_typesupport_cpp/px4_msgs/msg/event__type_support.cpp.o[0m
[139.038s] [ 42%] [32mBuilding CXX object CMakeFiles/px4_msgs__rosidl_typesupport_introspection_cpp.dir/rosidl_typesupport_introspection_cpp/px4_msgs/msg/detail/navigator_mission_item__type_support.cpp.o[0m
[139.041s] [ 42%] [32mBuilding CXX object CMakeFiles/px4_msgs__rosidl_typesupport_introspection_cpp.dir/rosidl_typesupport_introspection_cpp/px4_msgs/msg/detail/navigator_status__type_support.cpp.o[0m
[139.042s] [ 42%] [32mBuilding CXX object CMakeFiles/px4_msgs__rosidl_typesupport_c.dir/rosidl_typesupport_c/px4_msgs/msg/orb_test_large__type_support.cpp.o[0m
[139.094s] [ 42%] [32mBuilding CXX object CMakeFiles/px4_msgs__rosidl_typesupport_c.dir/rosidl_typesupport_c/px4_msgs/msg/orb_test_medium__type_support.cpp.o[0m
[139.139s] [ 42%] [32mBuilding CXX object CMakeFiles/px4_msgs__rosidl_typesupport_c.dir/rosidl_typesupport_c/px4_msgs/msg/orbit_status__type_support.cpp.o[0m
[139.188s] [ 42%] [32mBuilding CXX object CMakeFiles/px4_msgs__rosidl_typesupport_c.dir/rosidl_typesupport_c/px4_msgs/msg/parameter_reset_request__type_support.cpp.o[0m
[139.240s] [ 42%] [32mBuilding CXX object CMakeFiles/px4_msgs__rosidl_typesupport_c.dir/rosidl_typesupport_c/px4_msgs/msg/parameter_set_used_request__type_support.cpp.o[0m
[139.289s] [ 42%] [32mBuilding CXX object CMakeFiles/px4_msgs__rosidl_typesupport_c.dir/rosidl_typesupport_c/px4_msgs/msg/parameter_set_value_request__type_support.cpp.o[0m
[139.306s] [ 43%] [32mBuilding CXX object CMakeFiles/px4_msgs__rosidl_typesupport_c.dir/rosidl_typesupport_c/px4_msgs/msg/parameter_set_value_response__type_support.cpp.o[0m
[139.337s] [ 43%] [32mBuilding CXX object CMakeFiles/px4_msgs__rosidl_typesupport_cpp.dir/rosidl_typesupport_cpp/px4_msgs/msg/failsafe_flags__type_support.cpp.o[0m
[139.350s] [ 43%] [32mBuilding CXX object CMakeFiles/px4_msgs__rosidl_typesupport_introspection_cpp.dir/rosidl_typesupport_introspection_cpp/px4_msgs/msg/detail/normalized_unsigned_setpoint__type_support.cpp.o[0m
[139.360s] [ 43%] [32mBuilding CXX object CMakeFiles/px4_msgs__rosidl_typesupport_c.dir/rosidl_typesupport_c/px4_msgs/msg/parameter_update__type_support.cpp.o[0m
[139.404s] [ 43%] [32mBuilding CXX object CMakeFiles/px4_msgs__rosidl_typesupport_c.dir/rosidl_typesupport_c/px4_msgs/msg/ping__type_support.cpp.o[0m
[139.452s] [ 43%] [32mBuilding CXX object CMakeFiles/px4_msgs__rosidl_typesupport_c.dir/rosidl_typesupport_c/px4_msgs/msg/position_controller_landing_status__type_support.cpp.o[0m
[139.502s] [ 43%] [32mBuilding CXX object CMakeFiles/px4_msgs__rosidl_typesupport_c.dir/rosidl_typesupport_c/px4_msgs/msg/position_controller_status__type_support.cpp.o[0m
[139.550s] [ 43%] [32mBuilding CXX object CMakeFiles/px4_msgs__rosidl_typesupport_c.dir/rosidl_typesupport_c/px4_msgs/msg/position_setpoint__type_support.cpp.o[0m
[139.551s] [ 43%] [32mBuilding CXX object CMakeFiles/px4_msgs__rosidl_typesupport_c.dir/rosidl_typesupport_c/px4_msgs/msg/position_setpoint_triplet__type_support.cpp.o[0m
[139.600s] [ 43%] [32mBuilding CXX object CMakeFiles/px4_msgs__rosidl_typesupport_c.dir/rosidl_typesupport_c/px4_msgs/msg/power_button_state__type_support.cpp.o[0m
[139.602s] [ 43%] [32mBuilding CXX object CMakeFiles/px4_msgs__rosidl_typesupport_introspection_cpp.dir/rosidl_typesupport_introspection_cpp/px4_msgs/msg/detail/npfg_status__type_support.cpp.o[0m
[139.656s] [ 43%] [32mBuilding CXX object CMakeFiles/px4_msgs__rosidl_typesupport_c.dir/rosidl_typesupport_c/px4_msgs/msg/power_monitor__type_support.cpp.o[0m
[139.707s] [ 43%] [32mBuilding CXX object CMakeFiles/px4_msgs__rosidl_typesupport_c.dir/rosidl_typesupport_c/px4_msgs/msg/pps_capture__type_support.cpp.o[0m
[139.763s] [ 43%] [32mBuilding CXX object CMakeFiles/px4_msgs__rosidl_typesupport_c.dir/rosidl_typesupport_c/px4_msgs/msg/pure_pursuit_status__type_support.cpp.o[0m
[139.773s] [ 43%] [32mBuilding CXX object CMakeFiles/px4_msgs__rosidl_typesupport_c.dir/rosidl_typesupport_c/px4_msgs/msg/pwm_input__type_support.cpp.o[0m
[139.780s] [ 43%] [32mBuilding CXX object CMakeFiles/px4_msgs__rosidl_typesupport_cpp.dir/rosidl_typesupport_cpp/px4_msgs/msg/failure_detector_status__type_support.cpp.o[0m
[139.821s] [ 43%] [32mBuilding CXX object CMakeFiles/px4_msgs__rosidl_typesupport_cpp.dir/rosidl_typesupport_cpp/px4_msgs/msg/figure_eight_status__type_support.cpp.o[0m
[139.830s] [ 43%] [32mBuilding CXX object CMakeFiles/px4_msgs__rosidl_typesupport_c.dir/rosidl_typesupport_c/px4_msgs/msg/px4io_status__type_support.cpp.o[0m
[139.885s] [ 43%] [32mBuilding CXX object CMakeFiles/px4_msgs__rosidl_typesupport_introspection_cpp.dir/rosidl_typesupport_introspection_cpp/px4_msgs/msg/detail/obstacle_distance__type_support.cpp.o[0m
[139.887s] [ 43%] [32mBuilding CXX object CMakeFiles/px4_msgs__rosidl_typesupport_c.dir/rosidl_typesupport_c/px4_msgs/msg/qshell_req__type_support.cpp.o[0m
[139.946s] [ 43%] [32mBuilding CXX object CMakeFiles/px4_msgs__rosidl_typesupport_c.dir/rosidl_typesupport_c/px4_msgs/msg/qshell_retval__type_support.cpp.o[0m
[140.009s] [ 43%] [32mBuilding CXX object CMakeFiles/px4_msgs__rosidl_typesupport_c.dir/rosidl_typesupport_c/px4_msgs/msg/radio_status__type_support.cpp.o[0m
[140.072s] [ 43%] [32mBuilding CXX object CMakeFiles/px4_msgs__rosidl_typesupport_c.dir/rosidl_typesupport_c/px4_msgs/msg/rate_ctrl_status__type_support.cpp.o[0m
[140.138s] [ 43%] [32mBuilding CXX object CMakeFiles/px4_msgs__rosidl_typesupport_c.dir/rosidl_typesupport_c/px4_msgs/msg/rc_channels__type_support.cpp.o[0m
[140.202s] [ 43%] [32mBuilding CXX object CMakeFiles/px4_msgs__rosidl_typesupport_c.dir/rosidl_typesupport_c/px4_msgs/msg/rc_parameter_map__type_support.cpp.o[0m
[140.209s] [ 44%] [32mBuilding CXX object CMakeFiles/px4_msgs__rosidl_typesupport_c.dir/rosidl_typesupport_c/px4_msgs/msg/register_ext_component_reply__type_support.cpp.o[0m
[140.267s] [ 44%] [32mBuilding CXX object CMakeFiles/px4_msgs__rosidl_typesupport_c.dir/rosidl_typesupport_c/px4_msgs/msg/register_ext_component_request__type_support.cpp.o[0m
[140.275s] [ 44%] [32mBuilding CXX object CMakeFiles/px4_msgs__rosidl_typesupport_c.dir/rosidl_typesupport_c/px4_msgs/msg/rover_attitude_setpoint__type_support.cpp.o[0m
[140.341s] [ 44%] [32mBuilding CXX object CMakeFiles/px4_msgs__rosidl_typesupport_introspection_cpp.dir/rosidl_typesupport_introspection_cpp/px4_msgs/msg/detail/offboard_control_mode__type_support.cpp.o[0m
[140.341s] [ 44%] [32mBuilding CXX object CMakeFiles/px4_msgs__rosidl_typesupport_c.dir/rosidl_typesupport_c/px4_msgs/msg/rover_attitude_status__type_support.cpp.o[0m
[140.406s] [ 44%] [32mBuilding CXX object CMakeFiles/px4_msgs__rosidl_typesupport_c.dir/rosidl_typesupport_c/px4_msgs/msg/rover_position_setpoint__type_support.cpp.o[0m
[140.450s] [ 44%] [32mBuilding CXX object CMakeFiles/px4_msgs__rosidl_typesupport_cpp.dir/rosidl_typesupport_cpp/px4_msgs/msg/flight_phase_estimation__type_support.cpp.o[0m
[140.470s] [ 44%] [32mBuilding CXX object CMakeFiles/px4_msgs__rosidl_typesupport_c.dir/rosidl_typesupport_c/px4_msgs/msg/rover_rate_setpoint__type_support.cpp.o[0m
[140.494s] [ 44%] [32mBuilding CXX object CMakeFiles/px4_msgs__rosidl_typesupport_c.dir/rosidl_typesupport_c/px4_msgs/msg/rover_rate_status__type_support.cpp.o[0m
[140.530s] [ 44%] [32mBuilding CXX object CMakeFiles/px4_msgs__rosidl_typesupport_cpp.dir/rosidl_typesupport_cpp/px4_msgs/msg/follow_target__type_support.cpp.o[0m
[140.536s] [ 44%] [32mBuilding CXX object CMakeFiles/px4_msgs__rosidl_typesupport_cpp.dir/rosidl_typesupport_cpp/px4_msgs/msg/follow_target_estimator__type_support.cpp.o[0m
[140.555s] [ 44%] [32mBuilding CXX object CMakeFiles/px4_msgs__rosidl_typesupport_c.dir/rosidl_typesupport_c/px4_msgs/msg/rover_steering_setpoint__type_support.cpp.o[0m
[140.620s] [ 44%] [32mBuilding CXX object CMakeFiles/px4_msgs__rosidl_typesupport_c.dir/rosidl_typesupport_c/px4_msgs/msg/rover_throttle_setpoint__type_support.cpp.o[0m
[140.684s] [ 44%] [32mBuilding CXX object CMakeFiles/px4_msgs__rosidl_typesupport_c.dir/rosidl_typesupport_c/px4_msgs/msg/rover_velocity_status__type_support.cpp.o[0m
[140.747s] [ 44%] [32mBuilding CXX object CMakeFiles/px4_msgs__rosidl_typesupport_c.dir/rosidl_typesupport_c/px4_msgs/msg/rpm__type_support.cpp.o[0m
[140.811s] [ 44%] [32mBuilding CXX object CMakeFiles/px4_msgs__rosidl_typesupport_c.dir/rosidl_typesupport_c/px4_msgs/msg/rtl_status__type_support.cpp.o[0m
[140.878s] [ 44%] [32mBuilding CXX object CMakeFiles/px4_msgs__rosidl_typesupport_c.dir/rosidl_typesupport_c/px4_msgs/msg/rtl_time_estimate__type_support.cpp.o[0m
[140.898s] [ 44%] [32mBuilding CXX object CMakeFiles/px4_msgs__rosidl_typesupport_cpp.dir/rosidl_typesupport_cpp/px4_msgs/msg/follow_target_status__type_support.cpp.o[0m
[140.942s] [ 44%] [32mBuilding CXX object CMakeFiles/px4_msgs__rosidl_typesupport_c.dir/rosidl_typesupport_c/px4_msgs/msg/satellite_info__type_support.cpp.o[0m
[141.008s] [ 44%] [32mBuilding CXX object CMakeFiles/px4_msgs__rosidl_typesupport_c.dir/rosidl_typesupport_c/px4_msgs/msg/sensor_accel__type_support.cpp.o[0m
[141.074s] [ 44%] [32mBuilding CXX object CMakeFiles/px4_msgs__rosidl_typesupport_c.dir/rosidl_typesupport_c/px4_msgs/msg/sensor_accel_fifo__type_support.cpp.o[0m
[141.123s] [ 44%] [32mBuilding CXX object CMakeFiles/px4_msgs__rosidl_typesupport_c.dir/rosidl_typesupport_c/px4_msgs/msg/sensor_airflow__type_support.cpp.o[0m
[141.150s] [ 44%] [32mBuilding CXX object CMakeFiles/px4_msgs__rosidl_typesupport_introspection_cpp.dir/rosidl_typesupport_introspection_cpp/px4_msgs/msg/detail/onboard_computer_status__type_support.cpp.o[0m
[141.185s] [ 44%] [32mBuilding CXX object CMakeFiles/px4_msgs__rosidl_typesupport_c.dir/rosidl_typesupport_c/px4_msgs/msg/sensor_baro__type_support.cpp.o[0m
[141.186s] [ 44%] [32mBuilding CXX object CMakeFiles/px4_msgs__rosidl_typesupport_introspection_cpp.dir/rosidl_typesupport_introspection_cpp/px4_msgs/msg/detail/open_drone_id_arm_status__type_support.cpp.o[0m
[141.214s] [ 45%] [32mBuilding CXX object CMakeFiles/px4_msgs__rosidl_typesupport_c.dir/rosidl_typesupport_c/px4_msgs/msg/sensor_combined__type_support.cpp.o[0m
[141.264s] [ 45%] [32mBuilding CXX object CMakeFiles/px4_msgs__rosidl_typesupport_c.dir/rosidl_typesupport_c/px4_msgs/msg/sensor_correction__type_support.cpp.o[0m
[141.283s] [ 45%] [32mBuilding CXX object CMakeFiles/px4_msgs__rosidl_typesupport_cpp.dir/rosidl_typesupport_cpp/px4_msgs/msg/fuel_tank_status__type_support.cpp.o[0m
[141.307s] [ 46%] [32mBuilding CXX object CMakeFiles/px4_msgs__rosidl_typesupport_introspection_cpp.dir/rosidl_typesupport_introspection_cpp/px4_msgs/msg/detail/open_drone_id_operator_id__type_support.cpp.o[0m
[141.323s] [ 46%] [32mBuilding CXX object CMakeFiles/px4_msgs__rosidl_typesupport_c.dir/rosidl_typesupport_c/px4_msgs/msg/sensor_gnss_relative__type_support.cpp.o[0m
[141.386s] [ 46%] [32mBuilding CXX object CMakeFiles/px4_msgs__rosidl_typesupport_c.dir/rosidl_typesupport_c/px4_msgs/msg/sensor_gps__type_support.cpp.o[0m
[141.449s] [ 46%] [32mBuilding CXX object CMakeFiles/px4_msgs__rosidl_typesupport_c.dir/rosidl_typesupport_c/px4_msgs/msg/sensor_gyro__type_support.cpp.o[0m
[141.515s] [ 46%] [32mBuilding CXX object CMakeFiles/px4_msgs__rosidl_typesupport_c.dir/rosidl_typesupport_c/px4_msgs/msg/sensor_gyro_fft__type_support.cpp.o[0m
[141.578s] [ 46%] [32mBuilding CXX object CMakeFiles/px4_msgs__rosidl_typesupport_c.dir/rosidl_typesupport_c/px4_msgs/msg/sensor_gyro_fifo__type_support.cpp.o[0m
[141.617s] [ 46%] [32mBuilding CXX object CMakeFiles/px4_msgs__rosidl_typesupport_introspection_cpp.dir/rosidl_typesupport_introspection_cpp/px4_msgs/msg/detail/open_drone_id_self_id__type_support.cpp.o[0m
[141.641s] [ 46%] [32mBuilding CXX object CMakeFiles/px4_msgs__rosidl_typesupport_c.dir/rosidl_typesupport_c/px4_msgs/msg/sensor_hygrometer__type_support.cpp.o[0m
[141.706s] [ 46%] [32mBuilding CXX object CMakeFiles/px4_msgs__rosidl_typesupport_c.dir/rosidl_typesupport_c/px4_msgs/msg/sensor_mag__type_support.cpp.o[0m
[141.764s] [ 46%] [32mBuilding CXX object CMakeFiles/px4_msgs__rosidl_typesupport_c.dir/rosidl_typesupport_c/px4_msgs/msg/sensor_optical_flow__type_support.cpp.o[0m
[141.826s] [ 46%] [32mBuilding CXX object CMakeFiles/px4_msgs__rosidl_typesupport_c.dir/rosidl_typesupport_c/px4_msgs/msg/sensor_preflight_mag__type_support.cpp.o[0m
[141.890s] [ 46%] [32mBuilding CXX object CMakeFiles/px4_msgs__rosidl_typesupport_c.dir/rosidl_typesupport_c/px4_msgs/msg/sensor_selection__type_support.cpp.o[0m
[141.954s] [ 46%] [32mBuilding CXX object CMakeFiles/px4_msgs__rosidl_typesupport_c.dir/rosidl_typesupport_c/px4_msgs/msg/sensor_uwb__type_support.cpp.o[0m
[141.968s] [ 46%] [32mBuilding CXX object CMakeFiles/px4_msgs__rosidl_typesupport_cpp.dir/rosidl_typesupport_cpp/px4_msgs/msg/generator_status__type_support.cpp.o[0m
[142.017s] [ 46%] [32mBuilding CXX object CMakeFiles/px4_msgs__rosidl_typesupport_c.dir/rosidl_typesupport_c/px4_msgs/msg/sensors_status__type_support.cpp.o[0m
[142.079s] [ 46%] [32mBuilding CXX object CMakeFiles/px4_msgs__rosidl_typesupport_c.dir/rosidl_typesupport_c/px4_msgs/msg/sensors_status_imu__type_support.cpp.o[0m
[142.142s] [ 46%] [32mBuilding CXX object CMakeFiles/px4_msgs__rosidl_typesupport_c.dir/rosidl_typesupport_c/px4_msgs/msg/system_power__type_support.cpp.o[0m
[142.167s] [ 47%] [32mBuilding CXX object CMakeFiles/px4_msgs__rosidl_typesupport_cpp.dir/rosidl_typesupport_cpp/px4_msgs/msg/geofence_result__type_support.cpp.o[0m
[142.201s] [ 47%] [32mBuilding CXX object CMakeFiles/px4_msgs__rosidl_typesupport_c.dir/rosidl_typesupport_c/px4_msgs/msg/takeoff_status__type_support.cpp.o[0m
[142.268s] [ 47%] [32mBuilding CXX object CMakeFiles/px4_msgs__rosidl_typesupport_c.dir/rosidl_typesupport_c/px4_msgs/msg/task_stack_info__type_support.cpp.o[0m
[142.280s] [ 47%] [32mBuilding CXX object CMakeFiles/px4_msgs__rosidl_typesupport_cpp.dir/rosidl_typesupport_cpp/px4_msgs/msg/geofence_status__type_support.cpp.o[0m
[142.293s] [ 48%] [32mBuilding CXX object CMakeFiles/px4_msgs__rosidl_typesupport_c.dir/rosidl_typesupport_c/px4_msgs/msg/tecs_status__type_support.cpp.o[0m
[142.334s] [ 48%] [32mBuilding CXX object CMakeFiles/px4_msgs__rosidl_typesupport_introspection_cpp.dir/rosidl_typesupport_introspection_cpp/px4_msgs/msg/detail/open_drone_id_system__type_support.cpp.o[0m
[142.359s] [ 48%] [32mBuilding CXX object CMakeFiles/px4_msgs__rosidl_typesupport_c.dir/rosidl_typesupport_c/px4_msgs/msg/telemetry_status__type_support.cpp.o[0m
[142.424s] [ 48%] [32mBuilding CXX object CMakeFiles/px4_msgs__rosidl_typesupport_c.dir/rosidl_typesupport_c/px4_msgs/msg/tiltrotor_extra_controls__type_support.cpp.o[0m
[142.489s] [ 48%] [32mBuilding CXX object CMakeFiles/px4_msgs__rosidl_typesupport_c.dir/rosidl_typesupport_c/px4_msgs/msg/timesync_status__type_support.cpp.o[0m
[142.555s] [ 48%] [32mBuilding CXX object CMakeFiles/px4_msgs__rosidl_typesupport_c.dir/rosidl_typesupport_c/px4_msgs/msg/trajectory_setpoint__type_support.cpp.o[0m
[142.618s] [ 48%] [32mBuilding CXX object CMakeFiles/px4_msgs__rosidl_typesupport_c.dir/rosidl_typesupport_c/px4_msgs/msg/trajectory_setpoint6dof__type_support.cpp.o[0m
[142.652s] [ 48%] [32mBuilding CXX object CMakeFiles/px4_msgs__rosidl_typesupport_c.dir/rosidl_typesupport_c/px4_msgs/msg/transponder_report__type_support.cpp.o[0m
[142.679s] [ 48%] [32mBuilding CXX object CMakeFiles/px4_msgs__rosidl_typesupport_introspection_cpp.dir/rosidl_typesupport_introspection_cpp/px4_msgs/msg/detail/orb_test__type_support.cpp.o[0m
[142.704s] [ 48%] [32mBuilding CXX object CMakeFiles/px4_msgs__rosidl_typesupport_cpp.dir/rosidl_typesupport_cpp/px4_msgs/msg/gimbal_controls__type_support.cpp.o[0m
[142.713s] [ 48%] [32mBuilding CXX object CMakeFiles/px4_msgs__rosidl_typesupport_c.dir/rosidl_typesupport_c/px4_msgs/msg/tune_control__type_support.cpp.o[0m
[142.777s] [ 48%] [32mBuilding CXX object CMakeFiles/px4_msgs__rosidl_typesupport_c.dir/rosidl_typesupport_c/px4_msgs/msg/uavcan_parameter_request__type_support.cpp.o[0m
[142.842s] [ 48%] [32mBuilding CXX object CMakeFiles/px4_msgs__rosidl_typesupport_c.dir/rosidl_typesupport_c/px4_msgs/msg/uavcan_parameter_value__type_support.cpp.o[0m
[142.846s] [ 48%] [32mBuilding CXX object CMakeFiles/px4_msgs__rosidl_typesupport_introspection_cpp.dir/rosidl_typesupport_introspection_cpp/px4_msgs/msg/detail/orb_test_large__type_support.cpp.o[0m
[142.908s] [ 48%] [32mBuilding CXX object CMakeFiles/px4_msgs__rosidl_typesupport_c.dir/rosidl_typesupport_c/px4_msgs/msg/ulog_stream__type_support.cpp.o[0m
[142.940s] [ 48%] [32mBuilding CXX object CMakeFiles/px4_msgs__rosidl_typesupport_introspection_cpp.dir/rosidl_typesupport_introspection_cpp/px4_msgs/msg/detail/orb_test_medium__type_support.cpp.o[0m
[142.972s] [ 48%] [32mBuilding CXX object CMakeFiles/px4_msgs__rosidl_typesupport_c.dir/rosidl_typesupport_c/px4_msgs/msg/ulog_stream_ack__type_support.cpp.o[0m
[143.037s] [ 48%] [32mBuilding CXX object CMakeFiles/px4_msgs__rosidl_typesupport_c.dir/rosidl_typesupport_c/px4_msgs/msg/unregister_ext_component__type_support.cpp.o[0m
[143.105s] [ 48%] [32mBuilding CXX object CMakeFiles/px4_msgs__rosidl_typesupport_c.dir/rosidl_typesupport_c/px4_msgs/msg/vehicle_acceleration__type_support.cpp.o[0m
[143.168s] [ 48%] [32mBuilding CXX object CMakeFiles/px4_msgs__rosidl_typesupport_c.dir/rosidl_typesupport_c/px4_msgs/msg/vehicle_air_data__type_support.cpp.o[0m
[143.233s] [ 48%] [32mBuilding CXX object CMakeFiles/px4_msgs__rosidl_typesupport_c.dir/rosidl_typesupport_c/px4_msgs/msg/vehicle_angular_acceleration_setpoint__type_support.cpp.o[0m
[143.350s] [ 48%] [32mBuilding CXX object CMakeFiles/px4_msgs__rosidl_typesupport_c.dir/rosidl_typesupport_c/px4_msgs/msg/vehicle_angular_velocity__type_support.cpp.o[0m
[143.420s] [ 48%] [32mBuilding CXX object CMakeFiles/px4_msgs__rosidl_typesupport_c.dir/rosidl_typesupport_c/px4_msgs/msg/vehicle_attitude__type_support.cpp.o[0m
[143.428s] [ 48%] [32mBuilding CXX object CMakeFiles/px4_msgs__rosidl_typesupport_cpp.dir/rosidl_typesupport_cpp/px4_msgs/msg/gimbal_device_attitude_status__type_support.cpp.o[0m
[143.433s] [ 48%] [32mBuilding CXX object CMakeFiles/px4_msgs__rosidl_typesupport_c.dir/rosidl_typesupport_c/px4_msgs/msg/vehicle_attitude_setpoint__type_support.cpp.o[0m
[143.511s] [ 48%] [32mBuilding CXX object CMakeFiles/px4_msgs__rosidl_typesupport_introspection_cpp.dir/rosidl_typesupport_introspection_cpp/px4_msgs/msg/detail/orbit_status__type_support.cpp.o[0m
[143.530s] [ 49%] [32mBuilding CXX object CMakeFiles/px4_msgs__rosidl_typesupport_c.dir/rosidl_typesupport_c/px4_msgs/msg/vehicle_command__type_support.cpp.o[0m
[143.599s] [ 49%] [32mBuilding CXX object CMakeFiles/px4_msgs__rosidl_typesupport_c.dir/rosidl_typesupport_c/px4_msgs/msg/vehicle_command_ack__type_support.cpp.o[0m
[143.648s] [ 49%] [32mBuilding CXX object CMakeFiles/px4_msgs__rosidl_typesupport_cpp.dir/rosidl_typesupport_cpp/px4_msgs/msg/gimbal_device_information__type_support.cpp.o[0m
[143.665s] [ 49%] [32mBuilding CXX object CMakeFiles/px4_msgs__rosidl_typesupport_c.dir/rosidl_typesupport_c/px4_msgs/msg/vehicle_constraints__type_support.cpp.o[0m
[143.728s] [ 49%] [32mBuilding CXX object CMakeFiles/px4_msgs__rosidl_typesupport_c.dir/rosidl_typesupport_c/px4_msgs/msg/vehicle_control_mode__type_support.cpp.o[0m
[143.790s] [ 49%] [32mBuilding CXX object CMakeFiles/px4_msgs__rosidl_typesupport_c.dir/rosidl_typesupport_c/px4_msgs/msg/vehicle_global_position__type_support.cpp.o[0m
[143.856s] [ 49%] [32mBuilding CXX object CMakeFiles/px4_msgs__rosidl_typesupport_c.dir/rosidl_typesupport_c/px4_msgs/msg/vehicle_imu__type_support.cpp.o[0m
[143.905s] [ 49%] [32mBuilding CXX object CMakeFiles/px4_msgs__rosidl_typesupport_c.dir/rosidl_typesupport_c/px4_msgs/msg/vehicle_imu_status__type_support.cpp.o[0m
[143.926s] [ 49%] [32mBuilding CXX object CMakeFiles/px4_msgs__rosidl_typesupport_cpp.dir/rosidl_typesupport_cpp/px4_msgs/msg/gimbal_device_set_attitude__type_support.cpp.o[0m
[143.964s] [ 49%] [32mBuilding CXX object CMakeFiles/px4_msgs__rosidl_typesupport_cpp.dir/rosidl_typesupport_cpp/px4_msgs/msg/gimbal_manager_information__type_support.cpp.o[0m
[143.971s] [ 49%] [32mBuilding CXX object CMakeFiles/px4_msgs__rosidl_typesupport_c.dir/rosidl_typesupport_c/px4_msgs/msg/vehicle_land_detected__type_support.cpp.o[0m
[144.040s] [ 49%] [32mBuilding CXX object CMakeFiles/px4_msgs__rosidl_typesupport_c.dir/rosidl_typesupport_c/px4_msgs/msg/vehicle_local_position__type_support.cpp.o[0m
[144.102s] [ 49%] [32mBuilding CXX object CMakeFiles/px4_msgs__rosidl_typesupport_c.dir/rosidl_typesupport_c/px4_msgs/msg/vehicle_local_position_setpoint__type_support.cpp.o[0m
[144.155s] [ 49%] [32mBuilding CXX object CMakeFiles/px4_msgs__rosidl_typesupport_introspection_cpp.dir/rosidl_typesupport_introspection_cpp/px4_msgs/msg/detail/parameter_reset_request__type_support.cpp.o[0m
[144.167s] [ 49%] [32mBuilding CXX object CMakeFiles/px4_msgs__rosidl_typesupport_c.dir/rosidl_typesupport_c/px4_msgs/msg/vehicle_magnetometer__type_support.cpp.o[0m
[144.230s] [ 49%] [32mBuilding CXX object CMakeFiles/px4_msgs__rosidl_typesupport_c.dir/rosidl_typesupport_c/px4_msgs/msg/vehicle_odometry__type_support.cpp.o[0m
[144.293s] [ 49%] [32mBuilding CXX object CMakeFiles/px4_msgs__rosidl_typesupport_c.dir/rosidl_typesupport_c/px4_msgs/msg/vehicle_optical_flow__type_support.cpp.o[0m
[144.343s] [ 49%] [32mBuilding CXX object CMakeFiles/px4_msgs__rosidl_typesupport_introspection_cpp.dir/rosidl_typesupport_introspection_cpp/px4_msgs/msg/detail/parameter_set_used_request__type_support.cpp.o[0m
[144.361s] [ 49%] [32mBuilding CXX object CMakeFiles/px4_msgs__rosidl_typesupport_c.dir/rosidl_typesupport_c/px4_msgs/msg/vehicle_optical_flow_vel__type_support.cpp.o[0m
[144.422s] [ 49%] [32mBuilding CXX object CMakeFiles/px4_msgs__rosidl_typesupport_c.dir/rosidl_typesupport_c/px4_msgs/msg/vehicle_rates_setpoint__type_support.cpp.o[0m
[144.443s] [ 49%] [32mBuilding CXX object CMakeFiles/px4_msgs__rosidl_typesupport_cpp.dir/rosidl_typesupport_cpp/px4_msgs/msg/gimbal_manager_set_attitude__type_support.cpp.o[0m
[144.486s] [ 49%] [32mBuilding CXX object CMakeFiles/px4_msgs__rosidl_typesupport_c.dir/rosidl_typesupport_c/px4_msgs/msg/vehicle_roi__type_support.cpp.o[0m
[144.551s] [ 49%] [32mBuilding CXX object CMakeFiles/px4_msgs__rosidl_typesupport_c.dir/rosidl_typesupport_c/px4_msgs/msg/vehicle_status__type_support.cpp.o[0m
[144.591s] [ 49%] [32mBuilding CXX object CMakeFiles/px4_msgs__rosidl_typesupport_introspection_cpp.dir/rosidl_typesupport_introspection_cpp/px4_msgs/msg/detail/parameter_set_value_request__type_support.cpp.o[0m
[144.623s] [ 49%] [32mBuilding CXX object CMakeFiles/px4_msgs__rosidl_typesupport_c.dir/rosidl_typesupport_c/px4_msgs/msg/vehicle_thrust_setpoint__type_support.cpp.o[0m
[144.683s] [ 50%] [32mBuilding CXX object CMakeFiles/px4_msgs__rosidl_typesupport_c.dir/rosidl_typesupport_c/px4_msgs/msg/vehicle_torque_setpoint__type_support.cpp.o[0m
[144.703s] [ 50%] [32mBuilding CXX object CMakeFiles/px4_msgs__rosidl_typesupport_c.dir/rosidl_typesupport_c/px4_msgs/msg/velocity_limits__type_support.cpp.o[0m
[144.757s] [ 50%] [32mBuilding CXX object CMakeFiles/px4_msgs__rosidl_typesupport_cpp.dir/rosidl_typesupport_cpp/px4_msgs/msg/gimbal_manager_set_manual_control__type_support.cpp.o[0m
[144.767s] [ 50%] [32mBuilding CXX object CMakeFiles/px4_msgs__rosidl_typesupport_c.dir/rosidl_typesupport_c/px4_msgs/msg/vtol_vehicle_status__type_support.cpp.o[0m
[144.834s] [ 50%] [32mBuilding CXX object CMakeFiles/px4_msgs__rosidl_typesupport_c.dir/rosidl_typesupport_c/px4_msgs/msg/wheel_encoders__type_support.cpp.o[0m
[144.906s] [ 50%] [32mBuilding CXX object CMakeFiles/px4_msgs__rosidl_typesupport_c.dir/rosidl_typesupport_c/px4_msgs/msg/wind__type_support.cpp.o[0m
[144.973s] [ 50%] [32mBuilding CXX object CMakeFiles/px4_msgs__rosidl_typesupport_c.dir/rosidl_typesupport_c/px4_msgs/msg/yaw_estimator_status__type_support.cpp.o[0m
[145.040s] [ 50%] [32mBuilding CXX object CMakeFiles/px4_msgs__rosidl_typesupport_c.dir/rosidl_typesupport_c/px4_msgs/srv/vehicle_command__type_support.cpp.o[0m
[145.110s] [ 50%] [32mBuilding CXX object CMakeFiles/px4_msgs__rosidl_typesupport_cpp.dir/rosidl_typesupport_cpp/px4_msgs/msg/gimbal_manager_status__type_support.cpp.o[0m
[145.111s] [ 50%] [32m[1mLinking CXX shared library libpx4_msgs__rosidl_typesupport_c.so[0m
[145.145s] [ 50%] [32mBuilding CXX object CMakeFiles/px4_msgs__rosidl_typesupport_cpp.dir/rosidl_typesupport_cpp/px4_msgs/msg/goto_setpoint__type_support.cpp.o[0m
[145.320s] [ 50%] Built target px4_msgs__rosidl_typesupport_c
[145.321s] [ 50%] [32mBuilding CXX object CMakeFiles/px4_msgs__rosidl_typesupport_introspection_cpp.dir/rosidl_typesupport_introspection_cpp/px4_msgs/msg/detail/parameter_set_value_response__type_support.cpp.o[0m
[145.343s] [ 50%] [32mBuilding CXX object CMakeFiles/px4_msgs__rosidl_typesupport_introspection_cpp.dir/rosidl_typesupport_introspection_cpp/px4_msgs/msg/detail/parameter_update__type_support.cpp.o[0m
[145.480s] [ 50%] [32mBuilding CXX object CMakeFiles/px4_msgs__rosidl_typesupport_cpp.dir/rosidl_typesupport_cpp/px4_msgs/msg/gpio_config__type_support.cpp.o[0m
[145.560s] [ 50%] [32mBuilding CXX object CMakeFiles/px4_msgs__rosidl_typesupport_introspection_cpp.dir/rosidl_typesupport_introspection_cpp/px4_msgs/msg/detail/ping__type_support.cpp.o[0m
[145.806s] [ 50%] [32mBuilding CXX object CMakeFiles/px4_msgs__rosidl_typesupport_introspection_cpp.dir/rosidl_typesupport_introspection_cpp/px4_msgs/msg/detail/position_controller_landing_status__type_support.cpp.o[0m
[145.818s] [ 50%] [32mBuilding CXX object CMakeFiles/px4_msgs__rosidl_typesupport_introspection_cpp.dir/rosidl_typesupport_introspection_cpp/px4_msgs/msg/detail/position_controller_status__type_support.cpp.o[0m
[146.153s] [ 50%] [32mBuilding CXX object CMakeFiles/px4_msgs__rosidl_typesupport_cpp.dir/rosidl_typesupport_cpp/px4_msgs/msg/gpio_in__type_support.cpp.o[0m
[146.276s] [ 50%] [32mBuilding CXX object CMakeFiles/px4_msgs__rosidl_typesupport_cpp.dir/rosidl_typesupport_cpp/px4_msgs/msg/gpio_out__type_support.cpp.o[0m
[146.316s] [ 50%] [32mBuilding CXX object CMakeFiles/px4_msgs__rosidl_typesupport_cpp.dir/rosidl_typesupport_cpp/px4_msgs/msg/gpio_request__type_support.cpp.o[0m
[146.489s] [ 50%] [32mBuilding CXX object CMakeFiles/px4_msgs__rosidl_typesupport_cpp.dir/rosidl_typesupport_cpp/px4_msgs/msg/gps_dump__type_support.cpp.o[0m
[146.756s] [ 50%] [32mBuilding CXX object CMakeFiles/px4_msgs__rosidl_typesupport_cpp.dir/rosidl_typesupport_cpp/px4_msgs/msg/gps_inject_data__type_support.cpp.o[0m
[146.786s] [ 50%] [32mBuilding CXX object CMakeFiles/px4_msgs__rosidl_typesupport_introspection_cpp.dir/rosidl_typesupport_introspection_cpp/px4_msgs/msg/detail/position_setpoint__type_support.cpp.o[0m
[146.874s] [ 50%] [32mBuilding CXX object CMakeFiles/px4_msgs__rosidl_typesupport_introspection_cpp.dir/rosidl_typesupport_introspection_cpp/px4_msgs/msg/detail/position_setpoint_triplet__type_support.cpp.o[0m
[146.929s] [ 50%] [32mBuilding CXX object CMakeFiles/px4_msgs__rosidl_typesupport_introspection_cpp.dir/rosidl_typesupport_introspection_cpp/px4_msgs/msg/detail/power_button_state__type_support.cpp.o[0m
[146.982s] [ 51%] [32mBuilding CXX object CMakeFiles/px4_msgs__rosidl_typesupport_introspection_cpp.dir/rosidl_typesupport_introspection_cpp/px4_msgs/msg/detail/power_monitor__type_support.cpp.o[0m
[147.196s] [ 51%] [32mBuilding CXX object CMakeFiles/px4_msgs__rosidl_typesupport_introspection_cpp.dir/rosidl_typesupport_introspection_cpp/px4_msgs/msg/detail/pps_capture__type_support.cpp.o[0m
[147.417s] [ 51%] [32mBuilding CXX object CMakeFiles/px4_msgs__rosidl_typesupport_fastrtps_cpp.dir/rosidl_typesupport_fastrtps_cpp/px4_msgs/msg/detail/dds_fastrtps/ackermann_velocity_setpoint__type_support.cpp.o[0m
[147.427s] [ 51%] [32mBuilding CXX object CMakeFiles/px4_msgs__rosidl_typesupport_cpp.dir/rosidl_typesupport_cpp/px4_msgs/msg/gripper__type_support.cpp.o[0m
[147.803s] [ 51%] [32mBuilding CXX object CMakeFiles/px4_msgs__rosidl_typesupport_cpp.dir/rosidl_typesupport_cpp/px4_msgs/msg/health_report__type_support.cpp.o[0m
[147.865s] [ 52%] [32mBuilding CXX object CMakeFiles/px4_msgs__rosidl_typesupport_cpp.dir/rosidl_typesupport_cpp/px4_msgs/msg/heater_status__type_support.cpp.o[0m
[147.872s] [ 52%] [32mBuilding CXX object CMakeFiles/px4_msgs__rosidl_typesupport_fastrtps_cpp.dir/rosidl_typesupport_fastrtps_cpp/px4_msgs/msg/detail/dds_fastrtps/action_request__type_support.cpp.o[0m
[148.042s] [ 52%] [32mBuilding CXX object CMakeFiles/px4_msgs__rosidl_typesupport_cpp.dir/rosidl_typesupport_cpp/px4_msgs/msg/home_position__type_support.cpp.o[0m
[148.112s] [ 52%] [32mBuilding CXX object CMakeFiles/px4_msgs__rosidl_typesupport_cpp.dir/rosidl_typesupport_cpp/px4_msgs/msg/hover_thrust_estimate__type_support.cpp.o[0m
[148.168s] [ 52%] [32mBuilding CXX object CMakeFiles/px4_msgs__rosidl_typesupport_introspection_cpp.dir/rosidl_typesupport_introspection_cpp/px4_msgs/msg/detail/pure_pursuit_status__type_support.cpp.o[0m
[148.399s] [ 52%] [32mBuilding CXX object CMakeFiles/px4_msgs__rosidl_typesupport_introspection_cpp.dir/rosidl_typesupport_introspection_cpp/px4_msgs/msg/detail/pwm_input__type_support.cpp.o[0m
[148.475s] [ 52%] [32mBuilding CXX object CMakeFiles/px4_msgs__rosidl_typesupport_fastrtps_cpp.dir/rosidl_typesupport_fastrtps_cpp/px4_msgs/msg/detail/dds_fastrtps/actuator_armed__type_support.cpp.o[0m
[148.525s] [ 52%] [32mBuilding CXX object CMakeFiles/px4_msgs__rosidl_typesupport_introspection_cpp.dir/rosidl_typesupport_introspection_cpp/px4_msgs/msg/detail/px4io_status__type_support.cpp.o[0m
[148.737s] [ 52%] [32mBuilding CXX object CMakeFiles/px4_msgs__rosidl_typesupport_fastrtps_cpp.dir/rosidl_typesupport_fastrtps_cpp/px4_msgs/msg/detail/dds_fastrtps/actuator_controls_status__type_support.cpp.o[0m
[148.784s] [ 52%] [32mBuilding CXX object CMakeFiles/px4_msgs__rosidl_typesupport_cpp.dir/rosidl_typesupport_cpp/px4_msgs/msg/input_rc__type_support.cpp.o[0m
[148.840s] [ 52%] [32mBuilding CXX object CMakeFiles/px4_msgs__rosidl_typesupport_introspection_cpp.dir/rosidl_typesupport_introspection_cpp/px4_msgs/msg/detail/qshell_req__type_support.cpp.o[0m
[149.104s] [ 52%] [32mBuilding CXX object CMakeFiles/px4_msgs__rosidl_typesupport_cpp.dir/rosidl_typesupport_cpp/px4_msgs/msg/internal_combustion_engine_control__type_support.cpp.o[0m
[149.355s] [ 52%] [32mBuilding CXX object CMakeFiles/px4_msgs__rosidl_typesupport_cpp.dir/rosidl_typesupport_cpp/px4_msgs/msg/internal_combustion_engine_status__type_support.cpp.o[0m
[149.449s] [ 52%] [32mBuilding CXX object CMakeFiles/px4_msgs__rosidl_typesupport_fastrtps_cpp.dir/rosidl_typesupport_fastrtps_cpp/px4_msgs/msg/detail/dds_fastrtps/actuator_motors__type_support.cpp.o[0m
[149.497s] [ 52%] [32mBuilding CXX object CMakeFiles/px4_msgs__rosidl_typesupport_cpp.dir/rosidl_typesupport_cpp/px4_msgs/msg/iridiumsbd_status__type_support.cpp.o[0m
[149.536s] [ 52%] [32mBuilding CXX object CMakeFiles/px4_msgs__rosidl_typesupport_fastrtps_cpp.dir/rosidl_typesupport_fastrtps_cpp/px4_msgs/msg/detail/dds_fastrtps/actuator_outputs__type_support.cpp.o[0m
[149.750s] [ 52%] [32mBuilding CXX object CMakeFiles/px4_msgs__rosidl_typesupport_fastrtps_cpp.dir/rosidl_typesupport_fastrtps_cpp/px4_msgs/msg/detail/dds_fastrtps/actuator_servos__type_support.cpp.o[0m
[149.788s] [ 52%] [32mBuilding CXX object CMakeFiles/px4_msgs__rosidl_typesupport_cpp.dir/rosidl_typesupport_cpp/px4_msgs/msg/irlock_report__type_support.cpp.o[0m
[149.791s] [ 52%] [32mBuilding CXX object CMakeFiles/px4_msgs__rosidl_typesupport_introspection_cpp.dir/rosidl_typesupport_introspection_cpp/px4_msgs/msg/detail/qshell_retval__type_support.cpp.o[0m
[149.992s] [ 52%] [32mBuilding CXX object CMakeFiles/px4_msgs__rosidl_typesupport_introspection_cpp.dir/rosidl_typesupport_introspection_cpp/px4_msgs/msg/detail/radio_status__type_support.cpp.o[0m
[150.144s] [ 53%] [32mBuilding CXX object CMakeFiles/px4_msgs__rosidl_typesupport_fastrtps_cpp.dir/rosidl_typesupport_fastrtps_cpp/px4_msgs/msg/detail/dds_fastrtps/actuator_servos_trim__type_support.cpp.o[0m
[150.440s] [ 53%] [32mBuilding CXX object CMakeFiles/px4_msgs__rosidl_typesupport_cpp.dir/rosidl_typesupport_cpp/px4_msgs/msg/landing_gear__type_support.cpp.o[0m
[150.495s] [ 53%] [32mBuilding CXX object CMakeFiles/px4_msgs__rosidl_typesupport_cpp.dir/rosidl_typesupport_cpp/px4_msgs/msg/landing_gear_wheel__type_support.cpp.o[0m
[150.526s] [ 53%] [32mBuilding CXX object CMakeFiles/px4_msgs__rosidl_typesupport_introspection_cpp.dir/rosidl_typesupport_introspection_cpp/px4_msgs/msg/detail/rate_ctrl_status__type_support.cpp.o[0m
[150.725s] [ 53%] [32mBuilding CXX object CMakeFiles/px4_msgs__rosidl_typesupport_cpp.dir/rosidl_typesupport_cpp/px4_msgs/msg/landing_target_innovations__type_support.cpp.o[0m
[150.766s] [ 53%] [32mBuilding CXX object CMakeFiles/px4_msgs__rosidl_typesupport_cpp.dir/rosidl_typesupport_cpp/px4_msgs/msg/landing_target_pose__type_support.cpp.o[0m
[150.878s] [ 53%] [32mBuilding CXX object CMakeFiles/px4_msgs__rosidl_typesupport_fastrtps_cpp.dir/rosidl_typesupport_fastrtps_cpp/px4_msgs/msg/detail/dds_fastrtps/actuator_test__type_support.cpp.o[0m
[151.066s] [ 53%] [32mBuilding CXX object CMakeFiles/px4_msgs__rosidl_typesupport_introspection_cpp.dir/rosidl_typesupport_introspection_cpp/px4_msgs/msg/detail/rc_channels__type_support.cpp.o[0m
[151.074s] [ 53%] [32mBuilding CXX object CMakeFiles/px4_msgs__rosidl_typesupport_introspection_cpp.dir/rosidl_typesupport_introspection_cpp/px4_msgs/msg/detail/rc_parameter_map__type_support.cpp.o[0m
[151.083s] [ 53%] [32mBuilding CXX object CMakeFiles/px4_msgs__rosidl_typesupport_introspection_cpp.dir/rosidl_typesupport_introspection_cpp/px4_msgs/msg/detail/register_ext_component_reply__type_support.cpp.o[0m
[151.287s] [ 53%] [32mBuilding CXX object CMakeFiles/px4_msgs__rosidl_typesupport_cpp.dir/rosidl_typesupport_cpp/px4_msgs/msg/launch_detection_status__type_support.cpp.o[0m
[151.298s] [ 53%] [32mBuilding CXX object CMakeFiles/px4_msgs__rosidl_typesupport_fastrtps_cpp.dir/rosidl_typesupport_fastrtps_cpp/px4_msgs/msg/detail/dds_fastrtps/adc_report__type_support.cpp.o[0m
[151.349s] [ 53%] [32mBuilding CXX object CMakeFiles/px4_msgs__rosidl_typesupport_cpp.dir/rosidl_typesupport_cpp/px4_msgs/msg/led_control__type_support.cpp.o[0m
[151.630s] [ 53%] [32mBuilding CXX object CMakeFiles/px4_msgs__rosidl_typesupport_introspection_cpp.dir/rosidl_typesupport_introspection_cpp/px4_msgs/msg/detail/register_ext_component_request__type_support.cpp.o[0m
[151.839s] [ 53%] [32mBuilding CXX object CMakeFiles/px4_msgs__rosidl_typesupport_introspection_cpp.dir/rosidl_typesupport_introspection_cpp/px4_msgs/msg/detail/rover_attitude_setpoint__type_support.cpp.o[0m
[151.857s] [ 53%] [32mBuilding CXX object CMakeFiles/px4_msgs__rosidl_typesupport_cpp.dir/rosidl_typesupport_cpp/px4_msgs/msg/log_message__type_support.cpp.o[0m
[151.864s] [ 53%] [32mBuilding CXX object CMakeFiles/px4_msgs__rosidl_typesupport_fastrtps_cpp.dir/rosidl_typesupport_fastrtps_cpp/px4_msgs/msg/detail/dds_fastrtps/airspeed__type_support.cpp.o[0m
[151.876s] [ 53%] [32mBuilding CXX object CMakeFiles/px4_msgs__rosidl_typesupport_cpp.dir/rosidl_typesupport_cpp/px4_msgs/msg/logger_status__type_support.cpp.o[0m
[151.903s] [ 53%] [32mBuilding CXX object CMakeFiles/px4_msgs__rosidl_typesupport_fastrtps_cpp.dir/rosidl_typesupport_fastrtps_cpp/px4_msgs/msg/detail/dds_fastrtps/airspeed_validated__type_support.cpp.o[0m
[152.065s] [ 53%] [32mBuilding CXX object CMakeFiles/px4_msgs__rosidl_typesupport_cpp.dir/rosidl_typesupport_cpp/px4_msgs/msg/mag_worker_data__type_support.cpp.o[0m
[152.367s] [ 53%] [32mBuilding CXX object CMakeFiles/px4_msgs__rosidl_typesupport_cpp.dir/rosidl_typesupport_cpp/px4_msgs/msg/magnetometer_bias_estimate__type_support.cpp.o[0m
[152.370s] [ 53%] [32mBuilding CXX object CMakeFiles/px4_msgs__rosidl_typesupport_fastrtps_cpp.dir/rosidl_typesupport_fastrtps_cpp/px4_msgs/msg/detail/dds_fastrtps/airspeed_wind__type_support.cpp.o[0m
[152.371s] [ 53%] [32mBuilding CXX object CMakeFiles/px4_msgs__rosidl_typesupport_fastrtps_cpp.dir/rosidl_typesupport_fastrtps_cpp/px4_msgs/msg/detail/dds_fastrtps/arming_check_reply__type_support.cpp.o[0m
[152.539s] [ 53%] [32mBuilding CXX object CMakeFiles/px4_msgs__rosidl_typesupport_introspection_cpp.dir/rosidl_typesupport_introspection_cpp/px4_msgs/msg/detail/rover_attitude_status__type_support.cpp.o[0m
[152.566s] [ 53%] [32mBuilding CXX object CMakeFiles/px4_msgs__rosidl_typesupport_fastrtps_cpp.dir/rosidl_typesupport_fastrtps_cpp/px4_msgs/msg/detail/dds_fastrtps/arming_check_request__type_support.cpp.o[0m
[152.619s] [ 53%] [32mBuilding CXX object CMakeFiles/px4_msgs__rosidl_typesupport_introspection_cpp.dir/rosidl_typesupport_introspection_cpp/px4_msgs/msg/detail/rover_position_setpoint__type_support.cpp.o[0m
[152.644s] [ 53%] [32mBuilding CXX object CMakeFiles/px4_msgs__rosidl_typesupport_introspection_cpp.dir/rosidl_typesupport_introspection_cpp/px4_msgs/msg/detail/rover_rate_setpoint__type_support.cpp.o[0m
[152.881s] [ 54%] [32mBuilding CXX object CMakeFiles/px4_msgs__rosidl_typesupport_cpp.dir/rosidl_typesupport_cpp/px4_msgs/msg/manual_control_setpoint__type_support.cpp.o[0m
[153.125s] [ 54%] [32mBuilding CXX object CMakeFiles/px4_msgs__rosidl_typesupport_introspection_cpp.dir/rosidl_typesupport_introspection_cpp/px4_msgs/msg/detail/rover_rate_status__type_support.cpp.o[0m
[153.170s] [ 55%] [32mBuilding CXX object CMakeFiles/px4_msgs__rosidl_typesupport_introspection_cpp.dir/rosidl_typesupport_introspection_cpp/px4_msgs/msg/detail/rover_steering_setpoint__type_support.cpp.o[0m
[153.265s] [ 55%] [32mBuilding CXX object CMakeFiles/px4_msgs__rosidl_typesupport_cpp.dir/rosidl_typesupport_cpp/px4_msgs/msg/manual_control_switches__type_support.cpp.o[0m
[153.308s] [ 55%] [32mBuilding CXX object CMakeFiles/px4_msgs__rosidl_typesupport_fastrtps_cpp.dir/rosidl_typesupport_fastrtps_cpp/px4_msgs/msg/detail/dds_fastrtps/autotune_attitude_control_status__type_support.cpp.o[0m
[153.347s] [ 55%] [32mBuilding CXX object CMakeFiles/px4_msgs__rosidl_typesupport_cpp.dir/rosidl_typesupport_cpp/px4_msgs/msg/mavlink_log__type_support.cpp.o[0m
[153.352s] [ 55%] [32mBuilding CXX object CMakeFiles/px4_msgs__rosidl_typesupport_introspection_cpp.dir/rosidl_typesupport_introspection_cpp/px4_msgs/msg/detail/rover_throttle_setpoint__type_support.cpp.o[0m
[153.378s] [ 55%] [32mBuilding CXX object CMakeFiles/px4_msgs__rosidl_typesupport_cpp.dir/rosidl_typesupport_cpp/px4_msgs/msg/mavlink_tunnel__type_support.cpp.o[0m
[153.763s] [ 55%] [32mBuilding CXX object CMakeFiles/px4_msgs__rosidl_typesupport_fastrtps_cpp.dir/rosidl_typesupport_fastrtps_cpp/px4_msgs/msg/detail/dds_fastrtps/battery_status__type_support.cpp.o[0m
[153.788s] [ 55%] [32mBuilding CXX object CMakeFiles/px4_msgs__rosidl_typesupport_fastrtps_c.dir/rosidl_typesupport_fastrtps_c/px4_msgs/msg/detail/ackermann_velocity_setpoint__type_support_c.cpp.o[0m
[153.843s] [ 55%] [32mBuilding CXX object CMakeFiles/px4_msgs__rosidl_typesupport_fastrtps_cpp.dir/rosidl_typesupport_fastrtps_cpp/px4_msgs/msg/detail/dds_fastrtps/button_event__type_support.cpp.o[0m
[153.846s] [ 55%] [32mBuilding CXX object CMakeFiles/px4_msgs__rosidl_typesupport_fastrtps_c.dir/rosidl_typesupport_fastrtps_c/px4_msgs/msg/detail/action_request__type_support_c.cpp.o[0m
[153.881s] [ 55%] [32mBuilding CXX object CMakeFiles/px4_msgs__rosidl_typesupport_cpp.dir/rosidl_typesupport_cpp/px4_msgs/msg/message_format_request__type_support.cpp.o[0m
[153.914s] [ 55%] [32mBuilding CXX object CMakeFiles/px4_msgs__rosidl_typesupport_fastrtps_cpp.dir/rosidl_typesupport_fastrtps_cpp/px4_msgs/msg/detail/dds_fastrtps/camera_capture__type_support.cpp.o[0m
[154.097s] [ 55%] [32mBuilding CXX object CMakeFiles/px4_msgs__rosidl_typesupport_introspection_cpp.dir/rosidl_typesupport_introspection_cpp/px4_msgs/msg/detail/rover_velocity_status__type_support.cpp.o[0m
[154.163s] [ 55%] [32mBuilding CXX object CMakeFiles/px4_msgs__rosidl_typesupport_introspection_cpp.dir/rosidl_typesupport_introspection_cpp/px4_msgs/msg/detail/rpm__type_support.cpp.o[0m
[154.494s] [ 55%] [32mBuilding CXX object CMakeFiles/px4_msgs__rosidl_typesupport_cpp.dir/rosidl_typesupport_cpp/px4_msgs/msg/message_format_response__type_support.cpp.o[0m
[154.568s] [ 55%] [32mBuilding CXX object CMakeFiles/px4_msgs__rosidl_typesupport_cpp.dir/rosidl_typesupport_cpp/px4_msgs/msg/mission__type_support.cpp.o[0m
[154.623s] [ 55%] [32mBuilding CXX object CMakeFiles/px4_msgs__rosidl_typesupport_fastrtps_c.dir/rosidl_typesupport_fastrtps_c/px4_msgs/msg/detail/actuator_armed__type_support_c.cpp.o[0m
[154.759s] [ 55%] [32mBuilding CXX object CMakeFiles/px4_msgs__rosidl_typesupport_cpp.dir/rosidl_typesupport_cpp/px4_msgs/msg/mission_result__type_support.cpp.o[0m
[154.759s] [ 55%] [32mBuilding CXX object CMakeFiles/px4_msgs__rosidl_typesupport_introspection_cpp.dir/rosidl_typesupport_introspection_cpp/px4_msgs/msg/detail/rtl_status__type_support.cpp.o[0m
[154.907s] [ 55%] [32mBuilding CXX object CMakeFiles/px4_msgs__rosidl_typesupport_fastrtps_cpp.dir/rosidl_typesupport_fastrtps_cpp/px4_msgs/msg/detail/dds_fastrtps/camera_status__type_support.cpp.o[0m
[155.031s] [ 55%] [32mBuilding CXX object CMakeFiles/px4_msgs__rosidl_typesupport_fastrtps_c.dir/rosidl_typesupport_fastrtps_c/px4_msgs/msg/detail/actuator_controls_status__type_support_c.cpp.o[0m
[155.136s] [ 55%] [32mBuilding CXX object CMakeFiles/px4_msgs__rosidl_typesupport_introspection_cpp.dir/rosidl_typesupport_introspection_cpp/px4_msgs/msg/detail/rtl_time_estimate__type_support.cpp.o[0m
[155.137s] [ 55%] [32mBuilding CXX object CMakeFiles/px4_msgs__rosidl_typesupport_introspection_cpp.dir/rosidl_typesupport_introspection_cpp/px4_msgs/msg/detail/satellite_info__type_support.cpp.o[0m
[155.211s] [ 55%] [32mBuilding CXX object CMakeFiles/px4_msgs__rosidl_typesupport_fastrtps_cpp.dir/rosidl_typesupport_fastrtps_cpp/px4_msgs/msg/detail/dds_fastrtps/camera_trigger__type_support.cpp.o[0m
[155.430s] [ 55%] [32mBuilding CXX object CMakeFiles/px4_msgs__rosidl_typesupport_cpp.dir/rosidl_typesupport_cpp/px4_msgs/msg/mode_completed__type_support.cpp.o[0m
[155.477s] [ 55%] [32mBuilding CXX object CMakeFiles/px4_msgs__rosidl_typesupport_fastrtps_cpp.dir/rosidl_typesupport_fastrtps_cpp/px4_msgs/msg/detail/dds_fastrtps/can_interface_status__type_support.cpp.o[0m
[155.686s] [ 55%] [32mBuilding CXX object CMakeFiles/px4_msgs__rosidl_typesupport_cpp.dir/rosidl_typesupport_cpp/px4_msgs/msg/mount_orientation__type_support.cpp.o[0m
[155.859s] [ 55%] [32mBuilding CXX object CMakeFiles/px4_msgs__rosidl_typesupport_fastrtps_c.dir/rosidl_typesupport_fastrtps_c/px4_msgs/msg/detail/actuator_motors__type_support_c.cpp.o[0m
[155.871s] [ 55%] [32mBuilding CXX object CMakeFiles/px4_msgs__rosidl_typesupport_introspection_cpp.dir/rosidl_typesupport_introspection_cpp/px4_msgs/msg/detail/sensor_accel__type_support.cpp.o[0m
[156.070s] [ 55%] [32mBuilding CXX object CMakeFiles/px4_msgs__rosidl_typesupport_fastrtps_cpp.dir/rosidl_typesupport_fastrtps_cpp/px4_msgs/msg/detail/dds_fastrtps/cellular_status__type_support.cpp.o[0m
[156.080s] [ 55%] [32mBuilding CXX object CMakeFiles/px4_msgs__rosidl_typesupport_fastrtps_cpp.dir/rosidl_typesupport_fastrtps_cpp/px4_msgs/msg/detail/dds_fastrtps/collision_constraints__type_support.cpp.o[0m
[156.083s] [ 55%] [32mBuilding CXX object CMakeFiles/px4_msgs__rosidl_typesupport_fastrtps_c.dir/rosidl_typesupport_fastrtps_c/px4_msgs/msg/detail/actuator_outputs__type_support_c.cpp.o[0m
[156.133s] [ 55%] [32mBuilding CXX object CMakeFiles/px4_msgs__rosidl_typesupport_introspection_cpp.dir/rosidl_typesupport_introspection_cpp/px4_msgs/msg/detail/sensor_accel_fifo__type_support.cpp.o[0m
[156.244s] [ 55%] [32mBuilding CXX object CMakeFiles/px4_msgs__rosidl_typesupport_cpp.dir/rosidl_typesupport_cpp/px4_msgs/msg/navigator_mission_item__type_support.cpp.o[0m
[156.346s] [ 55%] [32mBuilding CXX object CMakeFiles/px4_msgs__rosidl_typesupport_fastrtps_c.dir/rosidl_typesupport_fastrtps_c/px4_msgs/msg/detail/actuator_servos__type_support_c.cpp.o[0m
[156.505s] [ 55%] [32mBuilding CXX object CMakeFiles/px4_msgs__rosidl_typesupport_introspection_cpp.dir/rosidl_typesupport_introspection_cpp/px4_msgs/msg/detail/sensor_airflow__type_support.cpp.o[0m
[156.612s] [ 55%] [32mBuilding CXX object CMakeFiles/px4_msgs__rosidl_typesupport_cpp.dir/rosidl_typesupport_cpp/px4_msgs/msg/navigator_status__type_support.cpp.o[0m
[156.718s] [ 55%] [32mBuilding CXX object CMakeFiles/px4_msgs__rosidl_typesupport_introspection_cpp.dir/rosidl_typesupport_introspection_cpp/px4_msgs/msg/detail/sensor_baro__type_support.cpp.o[0m
[156.748s] [ 55%] [32mBuilding CXX object CMakeFiles/px4_msgs__rosidl_typesupport_fastrtps_c.dir/rosidl_typesupport_fastrtps_c/px4_msgs/msg/detail/actuator_servos_trim__type_support_c.cpp.o[0m
[156.865s] [ 55%] [32mBuilding CXX object CMakeFiles/px4_msgs__rosidl_typesupport_cpp.dir/rosidl_typesupport_cpp/px4_msgs/msg/normalized_unsigned_setpoint__type_support.cpp.o[0m
[156.871s] [ 55%] [32mBuilding CXX object CMakeFiles/px4_msgs__rosidl_typesupport_cpp.dir/rosidl_typesupport_cpp/px4_msgs/msg/npfg_status__type_support.cpp.o[0m
[156.900s] [ 55%] [32mBuilding CXX object CMakeFiles/px4_msgs__rosidl_typesupport_fastrtps_cpp.dir/rosidl_typesupport_fastrtps_cpp/px4_msgs/msg/detail/dds_fastrtps/config_overrides__type_support.cpp.o[0m
[157.004s] [ 55%] [32mBuilding CXX object CMakeFiles/px4_msgs__rosidl_typesupport_introspection_cpp.dir/rosidl_typesupport_introspection_cpp/px4_msgs/msg/detail/sensor_combined__type_support.cpp.o[0m
[157.143s] [ 55%] [32mBuilding CXX object CMakeFiles/px4_msgs__rosidl_typesupport_fastrtps_c.dir/rosidl_typesupport_fastrtps_c/px4_msgs/msg/detail/actuator_test__type_support_c.cpp.o[0m
[157.275s] [ 55%] [32mBuilding CXX object CMakeFiles/px4_msgs__rosidl_typesupport_cpp.dir/rosidl_typesupport_cpp/px4_msgs/msg/obstacle_distance__type_support.cpp.o[0m
[157.489s] [ 56%] [32mBuilding CXX object CMakeFiles/px4_msgs__rosidl_typesupport_fastrtps_cpp.dir/rosidl_typesupport_fastrtps_cpp/px4_msgs/msg/detail/dds_fastrtps/control_allocator_status__type_support.cpp.o[0m
[157.499s] [ 56%] [32mBuilding CXX object CMakeFiles/px4_msgs__rosidl_typesupport_fastrtps_cpp.dir/rosidl_typesupport_fastrtps_cpp/px4_msgs/msg/detail/dds_fastrtps/cpuload__type_support.cpp.o[0m
[157.505s] [ 56%] [32mBuilding CXX object CMakeFiles/px4_msgs__rosidl_typesupport_introspection_cpp.dir/rosidl_typesupport_introspection_cpp/px4_msgs/msg/detail/sensor_correction__type_support.cpp.o[0m
[157.559s] [ 56%] [32mBuilding CXX object CMakeFiles/px4_msgs__rosidl_typesupport_fastrtps_c.dir/rosidl_typesupport_fastrtps_c/px4_msgs/msg/detail/adc_report__type_support_c.cpp.o[0m
[157.890s] [ 56%] [32mBuilding CXX object CMakeFiles/px4_msgs__rosidl_typesupport_fastrtps_c.dir/rosidl_typesupport_fastrtps_c/px4_msgs/msg/detail/airspeed__type_support_c.cpp.o[0m
[157.916s] [ 56%] [32mBuilding CXX object CMakeFiles/px4_msgs__rosidl_typesupport_cpp.dir/rosidl_typesupport_cpp/px4_msgs/msg/offboard_control_mode__type_support.cpp.o[0m
[157.935s] [ 56%] [32mBuilding CXX object CMakeFiles/px4_msgs__rosidl_typesupport_fastrtps_cpp.dir/rosidl_typesupport_fastrtps_cpp/px4_msgs/msg/detail/dds_fastrtps/dataman_request__type_support.cpp.o[0m
[157.951s] [ 56%] [32mBuilding CXX object CMakeFiles/px4_msgs__rosidl_typesupport_introspection_cpp.dir/rosidl_typesupport_introspection_cpp/px4_msgs/msg/detail/sensor_gnss_relative__type_support.cpp.o[0m
[158.281s] [ 56%] [32mBuilding CXX object CMakeFiles/px4_msgs__rosidl_typesupport_cpp.dir/rosidl_typesupport_cpp/px4_msgs/msg/onboard_computer_status__type_support.cpp.o[0m
[158.368s] [ 56%] [32mBuilding CXX object CMakeFiles/px4_msgs__rosidl_typesupport_introspection_cpp.dir/rosidl_typesupport_introspection_cpp/px4_msgs/msg/detail/sensor_gps__type_support.cpp.o[0m
[158.382s] [ 56%] [32mBuilding CXX object CMakeFiles/px4_msgs__rosidl_typesupport_fastrtps_c.dir/rosidl_typesupport_fastrtps_c/px4_msgs/msg/detail/airspeed_validated__type_support_c.cpp.o[0m
[158.433s] [ 56%] [32mBuilding CXX object CMakeFiles/px4_msgs__rosidl_typesupport_introspection_cpp.dir/rosidl_typesupport_introspection_cpp/px4_msgs/msg/detail/sensor_gyro__type_support.cpp.o[0m
[158.475s] [ 56%] [32mBuilding CXX object CMakeFiles/px4_msgs__rosidl_typesupport_fastrtps_cpp.dir/rosidl_typesupport_fastrtps_cpp/px4_msgs/msg/detail/dds_fastrtps/dataman_response__type_support.cpp.o[0m
[158.571s] [ 56%] [32mBuilding CXX object CMakeFiles/px4_msgs__rosidl_typesupport_fastrtps_cpp.dir/rosidl_typesupport_fastrtps_cpp/px4_msgs/msg/detail/dds_fastrtps/debug_array__type_support.cpp.o[0m
[158.699s] [ 56%] [32mBuilding CXX object CMakeFiles/px4_msgs__rosidl_typesupport_fastrtps_c.dir/rosidl_typesupport_fastrtps_c/px4_msgs/msg/detail/airspeed_wind__type_support_c.cpp.o[0m
[158.699s] [ 56%] [32mBuilding CXX object CMakeFiles/px4_msgs__rosidl_typesupport_cpp.dir/rosidl_typesupport_cpp/px4_msgs/msg/open_drone_id_arm_status__type_support.cpp.o[0m
[158.788s] [ 56%] [32mBuilding CXX object CMakeFiles/px4_msgs__rosidl_typesupport_introspection_cpp.dir/rosidl_typesupport_introspection_cpp/px4_msgs/msg/detail/sensor_gyro_fft__type_support.cpp.o[0m
[159.042s] [ 56%] [32mBuilding CXX object CMakeFiles/px4_msgs__rosidl_typesupport_fastrtps_cpp.dir/rosidl_typesupport_fastrtps_cpp/px4_msgs/msg/detail/dds_fastrtps/debug_key_value__type_support.cpp.o[0m
[159.092s] [ 57%] [32mBuilding CXX object CMakeFiles/px4_msgs__rosidl_typesupport_cpp.dir/rosidl_typesupport_cpp/px4_msgs/msg/open_drone_id_operator_id__type_support.cpp.o[0m
[159.159s] [ 57%] [32mBuilding CXX object CMakeFiles/px4_msgs__rosidl_typesupport_fastrtps_c.dir/rosidl_typesupport_fastrtps_c/px4_msgs/msg/detail/arming_check_reply__type_support_c.cpp.o[0m
[159.198s] [ 57%] [32mBuilding CXX object CMakeFiles/px4_msgs__rosidl_typesupport_introspection_cpp.dir/rosidl_typesupport_introspection_cpp/px4_msgs/msg/detail/sensor_gyro_fifo__type_support.cpp.o[0m
[159.252s] [ 57%] [32mBuilding CXX object CMakeFiles/px4_msgs__rosidl_typesupport_cpp.dir/rosidl_typesupport_cpp/px4_msgs/msg/open_drone_id_self_id__type_support.cpp.o[0m
[159.334s] [ 57%] [32mBuilding CXX object CMakeFiles/px4_msgs__rosidl_typesupport_fastrtps_cpp.dir/rosidl_typesupport_fastrtps_cpp/px4_msgs/msg/detail/dds_fastrtps/debug_value__type_support.cpp.o[0m
[159.367s] [ 57%] [32mBuilding CXX object CMakeFiles/px4_msgs__rosidl_typesupport_introspection_cpp.dir/rosidl_typesupport_introspection_cpp/px4_msgs/msg/detail/sensor_hygrometer__type_support.cpp.o[0m
[159.539s] [ 57%] [32mBuilding CXX object CMakeFiles/px4_msgs__rosidl_typesupport_fastrtps_cpp.dir/rosidl_typesupport_fastrtps_cpp/px4_msgs/msg/detail/dds_fastrtps/debug_vect__type_support.cpp.o[0m
[159.591s] [ 57%] [32mBuilding CXX object CMakeFiles/px4_msgs__rosidl_typesupport_fastrtps_c.dir/rosidl_typesupport_fastrtps_c/px4_msgs/msg/detail/arming_check_request__type_support_c.cpp.o[0m
[159.763s] [ 57%] [32mBuilding CXX object CMakeFiles/px4_msgs__rosidl_typesupport_cpp.dir/rosidl_typesupport_cpp/px4_msgs/msg/open_drone_id_system__type_support.cpp.o[0m
[159.793s] [ 58%] [32mBuilding CXX object CMakeFiles/px4_msgs__rosidl_typesupport_introspection_cpp.dir/rosidl_typesupport_introspection_cpp/px4_msgs/msg/detail/sensor_mag__type_support.cpp.o[0m
[159.804s] [ 58%] [32mBuilding CXX object CMakeFiles/px4_msgs__rosidl_typesupport_cpp.dir/rosidl_typesupport_cpp/px4_msgs/msg/orb_test__type_support.cpp.o[0m
[159.942s] [ 58%] [32mBuilding CXX object CMakeFiles/px4_msgs__rosidl_typesupport_fastrtps_c.dir/rosidl_typesupport_fastrtps_c/px4_msgs/msg/detail/autotune_attitude_control_status__type_support_c.cpp.o[0m
[160.092s] [ 58%] [32mBuilding CXX object CMakeFiles/px4_msgs__rosidl_typesupport_fastrtps_c.dir/rosidl_typesupport_fastrtps_c/px4_msgs/msg/detail/battery_status__type_support_c.cpp.o[0m
[160.148s] [ 58%] [32mBuilding CXX object CMakeFiles/px4_msgs__rosidl_typesupport_fastrtps_cpp.dir/rosidl_typesupport_fastrtps_cpp/px4_msgs/msg/detail/dds_fastrtps/differential_pressure__type_support.cpp.o[0m
[160.277s] [ 58%] [32mBuilding CXX object CMakeFiles/px4_msgs__rosidl_typesupport_introspection_cpp.dir/rosidl_typesupport_introspection_cpp/px4_msgs/msg/detail/sensor_optical_flow__type_support.cpp.o[0m
[160.357s] [ 58%] [32mBuilding CXX object CMakeFiles/px4_msgs__rosidl_typesupport_cpp.dir/rosidl_typesupport_cpp/px4_msgs/msg/orb_test_large__type_support.cpp.o[0m
[160.376s] [ 59%] [32mBuilding CXX object CMakeFiles/px4_msgs__rosidl_typesupport_fastrtps_c.dir/rosidl_typesupport_fastrtps_c/px4_msgs/msg/detail/button_event__type_support_c.cpp.o[0m
[160.409s] [ 59%] [32mBuilding CXX object CMakeFiles/px4_msgs__rosidl_typesupport_introspection_cpp.dir/rosidl_typesupport_introspection_cpp/px4_msgs/msg/detail/sensor_preflight_mag__type_support.cpp.o[0m
[160.649s] [ 59%] [32mBuilding CXX object CMakeFiles/px4_msgs__rosidl_typesupport_fastrtps_cpp.dir/rosidl_typesupport_fastrtps_cpp/px4_msgs/msg/detail/dds_fastrtps/distance_sensor__type_support.cpp.o[0m
[160.745s] [ 59%] [32mBuilding CXX object CMakeFiles/px4_msgs__rosidl_typesupport_cpp.dir/rosidl_typesupport_cpp/px4_msgs/msg/orb_test_medium__type_support.cpp.o[0m
[160.955s] [ 59%] [32mBuilding CXX object CMakeFiles/px4_msgs__rosidl_typesupport_introspection_cpp.dir/rosidl_typesupport_introspection_cpp/px4_msgs/msg/detail/sensor_selection__type_support.cpp.o[0m
[161.011s] [ 59%] [32mBuilding CXX object CMakeFiles/px4_msgs__rosidl_typesupport_fastrtps_c.dir/rosidl_typesupport_fastrtps_c/px4_msgs/msg/detail/camera_capture__type_support_c.cpp.o[0m
[161.167s] [ 59%] [32mBuilding CXX object CMakeFiles/px4_msgs__rosidl_typesupport_cpp.dir/rosidl_typesupport_cpp/px4_msgs/msg/orbit_status__type_support.cpp.o[0m
[161.248s] [ 59%] [32mBuilding CXX object CMakeFiles/px4_msgs__rosidl_typesupport_fastrtps_c.dir/rosidl_typesupport_fastrtps_c/px4_msgs/msg/detail/camera_status__type_support_c.cpp.o[0m
[161.250s] [ 59%] [32mBuilding CXX object CMakeFiles/px4_msgs__rosidl_typesupport_fastrtps_cpp.dir/rosidl_typesupport_fastrtps_cpp/px4_msgs/msg/detail/dds_fastrtps/distance_sensor_mode_change_request__type_support.cpp.o[0m
[161.374s] [ 59%] [32mBuilding CXX object CMakeFiles/px4_msgs__rosidl_typesupport_cpp.dir/rosidl_typesupport_cpp/px4_msgs/msg/parameter_reset_request__type_support.cpp.o[0m
[161.400s] [ 59%] [32mBuilding CXX object CMakeFiles/px4_msgs__rosidl_typesupport_fastrtps_c.dir/rosidl_typesupport_fastrtps_c/px4_msgs/msg/detail/camera_trigger__type_support_c.cpp.o[0m
[161.657s] [ 59%] [32mBuilding CXX object CMakeFiles/px4_msgs__rosidl_typesupport_cpp.dir/rosidl_typesupport_cpp/px4_msgs/msg/parameter_set_used_request__type_support.cpp.o[0m
[161.854s] [ 59%] [32mBuilding CXX object CMakeFiles/px4_msgs__rosidl_typesupport_cpp.dir/rosidl_typesupport_cpp/px4_msgs/msg/parameter_set_value_request__type_support.cpp.o[0m
[161.856s] [ 59%] [32mBuilding CXX object CMakeFiles/px4_msgs__rosidl_typesupport_cpp.dir/rosidl_typesupport_cpp/px4_msgs/msg/parameter_set_value_response__type_support.cpp.o[0m
[161.886s] [ 59%] [32mBuilding CXX object CMakeFiles/px4_msgs__rosidl_typesupport_introspection_cpp.dir/rosidl_typesupport_introspection_cpp/px4_msgs/msg/detail/sensor_uwb__type_support.cpp.o[0m
[162.049s] [ 59%] [32mBuilding CXX object CMakeFiles/px4_msgs__rosidl_typesupport_fastrtps_c.dir/rosidl_typesupport_fastrtps_c/px4_msgs/msg/detail/can_interface_status__type_support_c.cpp.o[0m
[162.072s] [ 59%] [32mBuilding CXX object CMakeFiles/px4_msgs__rosidl_typesupport_fastrtps_cpp.dir/rosidl_typesupport_fastrtps_cpp/px4_msgs/msg/detail/dds_fastrtps/ekf2_timestamps__type_support.cpp.o[0m
[162.226s] [ 59%] [32mBuilding CXX object CMakeFiles/px4_msgs__rosidl_typesupport_introspection_cpp.dir/rosidl_typesupport_introspection_cpp/px4_msgs/msg/detail/sensors_status__type_support.cpp.o[0m
[162.263s] [ 59%] [32mBuilding CXX object CMakeFiles/px4_msgs__rosidl_typesupport_fastrtps_c.dir/rosidl_typesupport_fastrtps_c/px4_msgs/msg/detail/cellular_status__type_support_c.cpp.o[0m
[162.301s] [ 59%] [32mBuilding CXX object CMakeFiles/px4_msgs__rosidl_typesupport_introspection_cpp.dir/rosidl_typesupport_introspection_cpp/px4_msgs/msg/detail/sensors_status_imu__type_support.cpp.o[0m
[162.509s] [ 59%] [32mBuilding CXX object CMakeFiles/px4_msgs__rosidl_typesupport_fastrtps_cpp.dir/rosidl_typesupport_fastrtps_cpp/px4_msgs/msg/detail/dds_fastrtps/esc_report__type_support.cpp.o[0m
[162.555s] [ 59%] [32mBuilding CXX object CMakeFiles/px4_msgs__rosidl_typesupport_cpp.dir/rosidl_typesupport_cpp/px4_msgs/msg/parameter_update__type_support.cpp.o[0m
[162.827s] [ 59%] [32mBuilding CXX object CMakeFiles/px4_msgs__rosidl_typesupport_fastrtps_cpp.dir/rosidl_typesupport_fastrtps_cpp/px4_msgs/msg/detail/dds_fastrtps/esc_status__type_support.cpp.o[0m
[162.942s] [ 59%] [32mBuilding CXX object CMakeFiles/px4_msgs__rosidl_typesupport_cpp.dir/rosidl_typesupport_cpp/px4_msgs/msg/ping__type_support.cpp.o[0m
[163.057s] [ 59%] [32mBuilding CXX object CMakeFiles/px4_msgs__rosidl_typesupport_introspection_cpp.dir/rosidl_typesupport_introspection_cpp/px4_msgs/msg/detail/system_power__type_support.cpp.o[0m
[163.140s] [ 59%] [32mBuilding CXX object CMakeFiles/px4_msgs__rosidl_typesupport_fastrtps_c.dir/rosidl_typesupport_fastrtps_c/px4_msgs/msg/detail/collision_constraints__type_support_c.cpp.o[0m
[163.258s] [ 59%] [32mBuilding CXX object CMakeFiles/px4_msgs__rosidl_typesupport_cpp.dir/rosidl_typesupport_cpp/px4_msgs/msg/position_controller_landing_status__type_support.cpp.o[0m
[163.287s] [ 59%] [32mBuilding CXX object CMakeFiles/px4_msgs__rosidl_typesupport_introspection_cpp.dir/rosidl_typesupport_introspection_cpp/px4_msgs/msg/detail/takeoff_status__type_support.cpp.o[0m
[163.370s] [ 59%] [32mBuilding CXX object CMakeFiles/px4_msgs__rosidl_typesupport_fastrtps_cpp.dir/rosidl_typesupport_fastrtps_cpp/px4_msgs/msg/detail/dds_fastrtps/estimator_aid_source1d__type_support.cpp.o[0m
[163.508s] [ 59%] [32mBuilding CXX object CMakeFiles/px4_msgs__rosidl_typesupport_fastrtps_c.dir/rosidl_typesupport_fastrtps_c/px4_msgs/msg/detail/config_overrides__type_support_c.cpp.o[0m
[163.592s] [ 59%] [32mBuilding CXX object CMakeFiles/px4_msgs__rosidl_typesupport_fastrtps_cpp.dir/rosidl_typesupport_fastrtps_cpp/px4_msgs/msg/detail/dds_fastrtps/estimator_aid_source2d__type_support.cpp.o[0m
[163.820s] [ 59%] [32mBuilding CXX object CMakeFiles/px4_msgs__rosidl_typesupport_introspection_cpp.dir/rosidl_typesupport_introspection_cpp/px4_msgs/msg/detail/task_stack_info__type_support.cpp.o[0m
[163.922s] [ 59%] [32mBuilding CXX object CMakeFiles/px4_msgs__rosidl_typesupport_cpp.dir/rosidl_typesupport_cpp/px4_msgs/msg/position_controller_status__type_support.cpp.o[0m
[163.983s] [ 59%] [32mBuilding CXX object CMakeFiles/px4_msgs__rosidl_typesupport_fastrtps_cpp.dir/rosidl_typesupport_fastrtps_cpp/px4_msgs/msg/detail/dds_fastrtps/estimator_aid_source3d__type_support.cpp.o[0m
[164.041s] [ 59%] [32mBuilding CXX object CMakeFiles/px4_msgs__rosidl_typesupport_cpp.dir/rosidl_typesupport_cpp/px4_msgs/msg/position_setpoint__type_support.cpp.o[0m
[164.219s] [ 59%] [32mBuilding CXX object CMakeFiles/px4_msgs__rosidl_typesupport_fastrtps_cpp.dir/rosidl_typesupport_fastrtps_cpp/px4_msgs/msg/detail/dds_fastrtps/estimator_bias__type_support.cpp.o[0m
[164.272s] [ 59%] [32mBuilding CXX object CMakeFiles/px4_msgs__rosidl_typesupport_fastrtps_c.dir/rosidl_typesupport_fastrtps_c/px4_msgs/msg/detail/control_allocator_status__type_support_c.cpp.o[0m
[164.300s] [ 59%] [32mBuilding CXX object CMakeFiles/px4_msgs__rosidl_typesupport_cpp.dir/rosidl_typesupport_cpp/px4_msgs/msg/position_setpoint_triplet__type_support.cpp.o[0m
[164.451s] [ 59%] [32mBuilding CXX object CMakeFiles/px4_msgs__rosidl_typesupport_introspection_cpp.dir/rosidl_typesupport_introspection_cpp/px4_msgs/msg/detail/tecs_status__type_support.cpp.o[0m
[164.480s] [ 59%] [32mBuilding CXX object CMakeFiles/px4_msgs__rosidl_typesupport_introspection_cpp.dir/rosidl_typesupport_introspection_cpp/px4_msgs/msg/detail/telemetry_status__type_support.cpp.o[0m
[164.584s] [ 59%] [32mBuilding CXX object CMakeFiles/px4_msgs__rosidl_typesupport_fastrtps_c.dir/rosidl_typesupport_fastrtps_c/px4_msgs/msg/detail/cpuload__type_support_c.cpp.o[0m
[164.600s] [ 59%] [32mBuilding CXX object CMakeFiles/px4_msgs__rosidl_typesupport_fastrtps_c.dir/rosidl_typesupport_fastrtps_c/px4_msgs/msg/detail/dataman_request__type_support_c.cpp.o[0m
[164.803s] [ 59%] [32mBuilding CXX object CMakeFiles/px4_msgs__rosidl_typesupport_cpp.dir/rosidl_typesupport_cpp/px4_msgs/msg/power_button_state__type_support.cpp.o[0m
[164.805s] [ 59%] [32mBuilding CXX object CMakeFiles/px4_msgs__rosidl_typesupport_introspection_cpp.dir/rosidl_typesupport_introspection_cpp/px4_msgs/msg/detail/tiltrotor_extra_controls__type_support.cpp.o[0m
[164.898s] [ 59%] [32mBuilding CXX object CMakeFiles/px4_msgs__rosidl_typesupport_fastrtps_cpp.dir/rosidl_typesupport_fastrtps_cpp/px4_msgs/msg/detail/dds_fastrtps/estimator_bias3d__type_support.cpp.o[0m
[164.998s] [ 59%] [32mBuilding CXX object CMakeFiles/px4_msgs__rosidl_typesupport_fastrtps_c.dir/rosidl_typesupport_fastrtps_c/px4_msgs/msg/detail/dataman_response__type_support_c.cpp.o[0m
[165.192s] [ 60%] [32mBuilding CXX object CMakeFiles/px4_msgs__rosidl_typesupport_cpp.dir/rosidl_typesupport_cpp/px4_msgs/msg/power_monitor__type_support.cpp.o[0m
[165.240s] [ 60%] [32mBuilding CXX object CMakeFiles/px4_msgs__rosidl_typesupport_cpp.dir/rosidl_typesupport_cpp/px4_msgs/msg/pps_capture__type_support.cpp.o[0m
[165.258s] [ 61%] [32mBuilding CXX object CMakeFiles/px4_msgs__rosidl_typesupport_fastrtps_cpp.dir/rosidl_typesupport_fastrtps_cpp/px4_msgs/msg/detail/dds_fastrtps/estimator_event_flags__type_support.cpp.o[0m
[165.396s] [ 61%] [32mBuilding CXX object CMakeFiles/px4_msgs__rosidl_typesupport_introspection_cpp.dir/rosidl_typesupport_introspection_cpp/px4_msgs/msg/detail/timesync_status__type_support.cpp.o[0m
[165.396s] [ 61%] [32mBuilding CXX object CMakeFiles/px4_msgs__rosidl_typesupport_cpp.dir/rosidl_typesupport_cpp/px4_msgs/msg/pure_pursuit_status__type_support.cpp.o[0m
[165.758s] [ 61%] [32mBuilding CXX object CMakeFiles/px4_msgs__rosidl_typesupport_cpp.dir/rosidl_typesupport_cpp/px4_msgs/msg/pwm_input__type_support.cpp.o[0m
[165.760s] [ 61%] [32mBuilding CXX object CMakeFiles/px4_msgs__rosidl_typesupport_fastrtps_c.dir/rosidl_typesupport_fastrtps_c/px4_msgs/msg/detail/debug_array__type_support_c.cpp.o[0m
[165.824s] [ 61%] [32mBuilding CXX object CMakeFiles/px4_msgs__rosidl_typesupport_fastrtps_c.dir/rosidl_typesupport_fastrtps_c/px4_msgs/msg/detail/debug_key_value__type_support_c.cpp.o[0m
[165.835s] [ 61%] [32mBuilding CXX object CMakeFiles/px4_msgs__rosidl_typesupport_introspection_cpp.dir/rosidl_typesupport_introspection_cpp/px4_msgs/msg/detail/trajectory_setpoint__type_support.cpp.o[0m
[165.886s] [ 61%] [32mBuilding CXX object CMakeFiles/px4_msgs__rosidl_typesupport_introspection_cpp.dir/rosidl_typesupport_introspection_cpp/px4_msgs/msg/detail/trajectory_setpoint6dof__type_support.cpp.o[0m
[166.039s] [ 61%] [32mBuilding CXX object CMakeFiles/px4_msgs__rosidl_typesupport_fastrtps_cpp.dir/rosidl_typesupport_fastrtps_cpp/px4_msgs/msg/detail/dds_fastrtps/estimator_gps_status__type_support.cpp.o[0m
[166.256s] [ 61%] [32mBuilding CXX object CMakeFiles/px4_msgs__rosidl_typesupport_cpp.dir/rosidl_typesupport_cpp/px4_msgs/msg/px4io_status__type_support.cpp.o[0m
[166.268s] [ 61%] [32mBuilding CXX object CMakeFiles/px4_msgs__rosidl_typesupport_fastrtps_c.dir/rosidl_typesupport_fastrtps_c/px4_msgs/msg/detail/debug_value__type_support_c.cpp.o[0m
[166.406s] [ 61%] [32mBuilding CXX object CMakeFiles/px4_msgs__rosidl_typesupport_fastrtps_cpp.dir/rosidl_typesupport_fastrtps_cpp/px4_msgs/msg/detail/dds_fastrtps/estimator_innovations__type_support.cpp.o[0m
[166.656s] [ 61%] [32mBuilding CXX object CMakeFiles/px4_msgs__rosidl_typesupport_introspection_cpp.dir/rosidl_typesupport_introspection_cpp/px4_msgs/msg/detail/transponder_report__type_support.cpp.o[0m
[166.684s] [ 61%] [32mBuilding CXX object CMakeFiles/px4_msgs__rosidl_typesupport_cpp.dir/rosidl_typesupport_cpp/px4_msgs/msg/qshell_req__type_support.cpp.o[0m
[166.806s] [ 61%] [32mBuilding CXX object CMakeFiles/px4_msgs__rosidl_typesupport_fastrtps_c.dir/rosidl_typesupport_fastrtps_c/px4_msgs/msg/detail/debug_vect__type_support_c.cpp.o[0m
[166.874s] [ 61%] [32mBuilding CXX object CMakeFiles/px4_msgs__rosidl_typesupport_fastrtps_cpp.dir/rosidl_typesupport_fastrtps_cpp/px4_msgs/msg/detail/dds_fastrtps/estimator_selector_status__type_support.cpp.o[0m
[166.914s] [ 61%] [32mBuilding CXX object CMakeFiles/px4_msgs__rosidl_typesupport_fastrtps_c.dir/rosidl_typesupport_fastrtps_c/px4_msgs/msg/detail/differential_pressure__type_support_c.cpp.o[0m
[167.026s] [ 61%] [32mBuilding CXX object CMakeFiles/px4_msgs__rosidl_typesupport_introspection_cpp.dir/rosidl_typesupport_introspection_cpp/px4_msgs/msg/detail/tune_control__type_support.cpp.o[0m
[167.109s] [ 61%] [32mBuilding CXX object CMakeFiles/px4_msgs__rosidl_typesupport_cpp.dir/rosidl_typesupport_cpp/px4_msgs/msg/qshell_retval__type_support.cpp.o[0m
[167.322s] [ 61%] [32mBuilding CXX object CMakeFiles/px4_msgs__rosidl_typesupport_fastrtps_cpp.dir/rosidl_typesupport_fastrtps_cpp/px4_msgs/msg/detail/dds_fastrtps/estimator_sensor_bias__type_support.cpp.o[0m
[167.432s] [ 62%] [32mBuilding CXX object CMakeFiles/px4_msgs__rosidl_typesupport_introspection_cpp.dir/rosidl_typesupport_introspection_cpp/px4_msgs/msg/detail/uavcan_parameter_request__type_support.cpp.o[0m
[167.649s] [ 62%] [32mBuilding CXX object CMakeFiles/px4_msgs__rosidl_typesupport_cpp.dir/rosidl_typesupport_cpp/px4_msgs/msg/radio_status__type_support.cpp.o[0m
[167.705s] [ 62%] [32mBuilding CXX object CMakeFiles/px4_msgs__rosidl_typesupport_fastrtps_c.dir/rosidl_typesupport_fastrtps_c/px4_msgs/msg/detail/distance_sensor__type_support_c.cpp.o[0m
[167.762s] [ 62%] [32mBuilding CXX object CMakeFiles/px4_msgs__rosidl_typesupport_fastrtps_cpp.dir/rosidl_typesupport_fastrtps_cpp/px4_msgs/msg/detail/dds_fastrtps/estimator_states__type_support.cpp.o[0m
[167.778s] [ 62%] [32mBuilding CXX object CMakeFiles/px4_msgs__rosidl_typesupport_introspection_cpp.dir/rosidl_typesupport_introspection_cpp/px4_msgs/msg/detail/uavcan_parameter_value__type_support.cpp.o[0m
[167.894s] [ 62%] [32mBuilding CXX object CMakeFiles/px4_msgs__rosidl_typesupport_introspection_cpp.dir/rosidl_typesupport_introspection_cpp/px4_msgs/msg/detail/ulog_stream__type_support.cpp.o[0m
[167.966s] [ 62%] [32mBuilding CXX object CMakeFiles/px4_msgs__rosidl_typesupport_cpp.dir/rosidl_typesupport_cpp/px4_msgs/msg/rate_ctrl_status__type_support.cpp.o[0m
[168.304s] [ 62%] [32mBuilding CXX object CMakeFiles/px4_msgs__rosidl_typesupport_fastrtps_c.dir/rosidl_typesupport_fastrtps_c/px4_msgs/msg/detail/distance_sensor_mode_change_request__type_support_c.cpp.o[0m
[168.343s] [ 63%] [32mBuilding CXX object CMakeFiles/px4_msgs__rosidl_typesupport_fastrtps_c.dir/rosidl_typesupport_fastrtps_c/px4_msgs/msg/detail/ekf2_timestamps__type_support_c.cpp.o[0m
[168.417s] [ 63%] [32mBuilding CXX object CMakeFiles/px4_msgs__rosidl_typesupport_fastrtps_cpp.dir/rosidl_typesupport_fastrtps_cpp/px4_msgs/msg/detail/dds_fastrtps/estimator_status__type_support.cpp.o[0m
[168.623s] [ 63%] [32mBuilding CXX object CMakeFiles/px4_msgs__rosidl_typesupport_cpp.dir/rosidl_typesupport_cpp/px4_msgs/msg/rc_channels__type_support.cpp.o[0m
[168.627s] [ 63%] [32mBuilding CXX object CMakeFiles/px4_msgs__rosidl_typesupport_introspection_cpp.dir/rosidl_typesupport_introspection_cpp/px4_msgs/msg/detail/ulog_stream_ack__type_support.cpp.o[0m
[168.744s] [ 63%] [32mBuilding CXX object CMakeFiles/px4_msgs__rosidl_typesupport_fastrtps_cpp.dir/rosidl_typesupport_fastrtps_cpp/px4_msgs/msg/detail/dds_fastrtps/estimator_status_flags__type_support.cpp.o[0m
[168.790s] [ 63%] [32mBuilding CXX object CMakeFiles/px4_msgs__rosidl_typesupport_fastrtps_c.dir/rosidl_typesupport_fastrtps_c/px4_msgs/msg/detail/esc_report__type_support_c.cpp.o[0m
[168.848s] [ 63%] [32mBuilding CXX object CMakeFiles/px4_msgs__rosidl_typesupport_cpp.dir/rosidl_typesupport_cpp/px4_msgs/msg/rc_parameter_map__type_support.cpp.o[0m
[169.107s] [ 63%] [32mBuilding CXX object CMakeFiles/px4_msgs__rosidl_typesupport_fastrtps_cpp.dir/rosidl_typesupport_fastrtps_cpp/px4_msgs/msg/detail/dds_fastrtps/event__type_support.cpp.o[0m
[169.149s] [ 63%] [32mBuilding CXX object CMakeFiles/px4_msgs__rosidl_typesupport_introspection_cpp.dir/rosidl_typesupport_introspection_cpp/px4_msgs/msg/detail/unregister_ext_component__type_support.cpp.o[0m
[169.302s] [ 63%] [32mBuilding CXX object CMakeFiles/px4_msgs__rosidl_typesupport_fastrtps_c.dir/rosidl_typesupport_fastrtps_c/px4_msgs/msg/detail/esc_status__type_support_c.cpp.o[0m
[169.379s] [ 63%] [32mBuilding CXX object CMakeFiles/px4_msgs__rosidl_typesupport_introspection_cpp.dir/rosidl_typesupport_introspection_cpp/px4_msgs/msg/detail/vehicle_acceleration__type_support.cpp.o[0m
[169.407s] [ 63%] [32mBuilding CXX object CMakeFiles/px4_msgs__rosidl_typesupport_cpp.dir/rosidl_typesupport_cpp/px4_msgs/msg/register_ext_component_reply__type_support.cpp.o[0m
[169.454s] [ 63%] [32mBuilding CXX object CMakeFiles/px4_msgs__rosidl_typesupport_fastrtps_c.dir/rosidl_typesupport_fastrtps_c/px4_msgs/msg/detail/estimator_aid_source1d__type_support_c.cpp.o[0m
[169.539s] [ 63%] [32mBuilding CXX object CMakeFiles/px4_msgs__rosidl_typesupport_fastrtps_cpp.dir/rosidl_typesupport_fastrtps_cpp/px4_msgs/msg/detail/dds_fastrtps/failsafe_flags__type_support.cpp.o[0m
[169.653s] [ 63%] [32mBuilding CXX object CMakeFiles/px4_msgs__rosidl_typesupport_cpp.dir/rosidl_typesupport_cpp/px4_msgs/msg/register_ext_component_request__type_support.cpp.o[0m
[169.879s] [ 63%] [32mBuilding CXX object CMakeFiles/px4_msgs__rosidl_typesupport_cpp.dir/rosidl_typesupport_cpp/px4_msgs/msg/rover_attitude_setpoint__type_support.cpp.o[0m
[169.887s] [ 63%] [32mBuilding CXX object CMakeFiles/px4_msgs__rosidl_typesupport_fastrtps_c.dir/rosidl_typesupport_fastrtps_c/px4_msgs/msg/detail/estimator_aid_source2d__type_support_c.cpp.o[0m
[169.908s] [ 63%] [32mBuilding CXX object CMakeFiles/px4_msgs__rosidl_typesupport_fastrtps_c.dir/rosidl_typesupport_fastrtps_c/px4_msgs/msg/detail/estimator_aid_source3d__type_support_c.cpp.o[0m
[169.986s] [ 63%] [32mBuilding CXX object CMakeFiles/px4_msgs__rosidl_typesupport_introspection_cpp.dir/rosidl_typesupport_introspection_cpp/px4_msgs/msg/detail/vehicle_air_data__type_support.cpp.o[0m
[170.110s] [ 63%] [32mBuilding CXX object CMakeFiles/px4_msgs__rosidl_typesupport_introspection_cpp.dir/rosidl_typesupport_introspection_cpp/px4_msgs/msg/detail/vehicle_angular_acceleration_setpoint__type_support.cpp.o[0m
[170.126s] [ 63%] [32mBuilding CXX object CMakeFiles/px4_msgs__rosidl_typesupport_fastrtps_c.dir/rosidl_typesupport_fastrtps_c/px4_msgs/msg/detail/estimator_bias__type_support_c.cpp.o[0m
[170.167s] [ 63%] [32mBuilding CXX object CMakeFiles/px4_msgs__rosidl_typesupport_fastrtps_cpp.dir/rosidl_typesupport_fastrtps_cpp/px4_msgs/msg/detail/dds_fastrtps/failure_detector_status__type_support.cpp.o[0m
[170.420s] [ 63%] [32mBuilding CXX object CMakeFiles/px4_msgs__rosidl_typesupport_introspection_cpp.dir/rosidl_typesupport_introspection_cpp/px4_msgs/msg/detail/vehicle_angular_velocity__type_support.cpp.o[0m
[170.449s] [ 63%] [32mBuilding CXX object CMakeFiles/px4_msgs__rosidl_typesupport_cpp.dir/rosidl_typesupport_cpp/px4_msgs/msg/rover_attitude_status__type_support.cpp.o[0m
[170.658s] [ 63%] [32mBuilding CXX object CMakeFiles/px4_msgs__rosidl_typesupport_fastrtps_cpp.dir/rosidl_typesupport_fastrtps_cpp/px4_msgs/msg/detail/dds_fastrtps/figure_eight_status__type_support.cpp.o[0m
[170.930s] [ 63%] [32mBuilding CXX object CMakeFiles/px4_msgs__rosidl_typesupport_fastrtps_c.dir/rosidl_typesupport_fastrtps_c/px4_msgs/msg/detail/estimator_bias3d__type_support_c.cpp.o[0m
[170.940s] [ 63%] [32mBuilding CXX object CMakeFiles/px4_msgs__rosidl_typesupport_cpp.dir/rosidl_typesupport_cpp/px4_msgs/msg/rover_position_setpoint__type_support.cpp.o[0m
[170.945s] [ 63%] [32mBuilding CXX object CMakeFiles/px4_msgs__rosidl_typesupport_introspection_cpp.dir/rosidl_typesupport_introspection_cpp/px4_msgs/msg/detail/vehicle_attitude__type_support.cpp.o[0m
[171.021s] [ 63%] [32mBuilding CXX object CMakeFiles/px4_msgs__rosidl_typesupport_fastrtps_c.dir/rosidl_typesupport_fastrtps_c/px4_msgs/msg/detail/estimator_event_flags__type_support_c.cpp.o[0m
[171.097s] [ 63%] [32mBuilding CXX object CMakeFiles/px4_msgs__rosidl_typesupport_introspection_cpp.dir/rosidl_typesupport_introspection_cpp/px4_msgs/msg/detail/vehicle_attitude_setpoint__type_support.cpp.o[0m
[171.131s] [ 63%] [32mBuilding CXX object CMakeFiles/px4_msgs__rosidl_typesupport_fastrtps_c.dir/rosidl_typesupport_fastrtps_c/px4_msgs/msg/detail/estimator_gps_status__type_support_c.cpp.o[0m
[171.363s] [ 63%] [32mBuilding CXX object CMakeFiles/px4_msgs__rosidl_typesupport_fastrtps_cpp.dir/rosidl_typesupport_fastrtps_cpp/px4_msgs/msg/detail/dds_fastrtps/flight_phase_estimation__type_support.cpp.o[0m
[171.474s] [ 63%] [32mBuilding CXX object CMakeFiles/px4_msgs__rosidl_typesupport_cpp.dir/rosidl_typesupport_cpp/px4_msgs/msg/rover_rate_setpoint__type_support.cpp.o[0m
[171.758s] [ 63%] [32mBuilding CXX object CMakeFiles/px4_msgs__rosidl_typesupport_introspection_cpp.dir/rosidl_typesupport_introspection_cpp/px4_msgs/msg/detail/vehicle_command__type_support.cpp.o[0m
[171.765s] [ 63%] [32mBuilding CXX object CMakeFiles/px4_msgs__rosidl_typesupport_fastrtps_c.dir/rosidl_typesupport_fastrtps_c/px4_msgs/msg/detail/estimator_innovations__type_support_c.cpp.o[0m
[171.879s] [ 63%] [32mBuilding CXX object CMakeFiles/px4_msgs__rosidl_typesupport_introspection_cpp.dir/rosidl_typesupport_introspection_cpp/px4_msgs/msg/detail/vehicle_command_ack__type_support.cpp.o[0m
[171.898s] [ 63%] [32mBuilding CXX object CMakeFiles/px4_msgs__rosidl_typesupport_fastrtps_cpp.dir/rosidl_typesupport_fastrtps_cpp/px4_msgs/msg/detail/dds_fastrtps/follow_target__type_support.cpp.o[0m
[171.981s] [ 63%] [32mBuilding CXX object CMakeFiles/px4_msgs__rosidl_typesupport_introspection_cpp.dir/rosidl_typesupport_introspection_cpp/px4_msgs/msg/detail/vehicle_constraints__type_support.cpp.o[0m
[172.103s] [ 63%] [32mBuilding CXX object CMakeFiles/px4_msgs__rosidl_typesupport_cpp.dir/rosidl_typesupport_cpp/px4_msgs/msg/rover_rate_status__type_support.cpp.o[0m
[172.117s] [ 63%] [32mBuilding CXX object CMakeFiles/px4_msgs__rosidl_typesupport_fastrtps_c.dir/rosidl_typesupport_fastrtps_c/px4_msgs/msg/detail/estimator_selector_status__type_support_c.cpp.o[0m
[172.318s] [ 63%] [32mBuilding CXX object CMakeFiles/px4_msgs__rosidl_typesupport_introspection_cpp.dir/rosidl_typesupport_introspection_cpp/px4_msgs/msg/detail/vehicle_control_mode__type_support.cpp.o[0m
[172.640s] [ 63%] [32mBuilding CXX object CMakeFiles/px4_msgs__rosidl_typesupport_cpp.dir/rosidl_typesupport_cpp/px4_msgs/msg/rover_steering_setpoint__type_support.cpp.o[0m
[172.708s] [ 63%] [32mBuilding CXX object CMakeFiles/px4_msgs__rosidl_typesupport_fastrtps_cpp.dir/rosidl_typesupport_fastrtps_cpp/px4_msgs/msg/detail/dds_fastrtps/follow_target_estimator__type_support.cpp.o[0m
[172.805s] [ 63%] [32mBuilding CXX object CMakeFiles/px4_msgs__rosidl_typesupport_introspection_cpp.dir/rosidl_typesupport_introspection_cpp/px4_msgs/msg/detail/vehicle_global_position__type_support.cpp.o[0m
[172.858s] [ 63%] [32mBuilding CXX object CMakeFiles/px4_msgs__rosidl_typesupport_fastrtps_c.dir/rosidl_typesupport_fastrtps_c/px4_msgs/msg/detail/estimator_sensor_bias__type_support_c.cpp.o[0m
[172.885s] [ 63%] [32mBuilding CXX object CMakeFiles/px4_msgs__rosidl_typesupport_fastrtps_c.dir/rosidl_typesupport_fastrtps_c/px4_msgs/msg/detail/estimator_states__type_support_c.cpp.o[0m
[172.923s] [ 63%] [32mBuilding CXX object CMakeFiles/px4_msgs__rosidl_typesupport_fastrtps_cpp.dir/rosidl_typesupport_fastrtps_cpp/px4_msgs/msg/detail/dds_fastrtps/follow_target_status__type_support.cpp.o[0m
[172.963s] [ 63%] [32mBuilding CXX object CMakeFiles/px4_msgs__rosidl_typesupport_introspection_cpp.dir/rosidl_typesupport_introspection_cpp/px4_msgs/msg/detail/vehicle_imu__type_support.cpp.o[0m
[173.239s] [ 64%] [32mBuilding CXX object CMakeFiles/px4_msgs__rosidl_typesupport_cpp.dir/rosidl_typesupport_cpp/px4_msgs/msg/rover_throttle_setpoint__type_support.cpp.o[0m
[173.279s] [ 64%] [32mBuilding CXX object CMakeFiles/px4_msgs__rosidl_typesupport_fastrtps_c.dir/rosidl_typesupport_fastrtps_c/px4_msgs/msg/detail/estimator_status__type_support_c.cpp.o[0m
[173.585s] [ 64%] [32mBuilding CXX object CMakeFiles/px4_msgs__rosidl_typesupport_fastrtps_c.dir/rosidl_typesupport_fastrtps_c/px4_msgs/msg/detail/estimator_status_flags__type_support_c.cpp.o[0m
[173.593s] [ 64%] [32mBuilding CXX object CMakeFiles/px4_msgs__rosidl_typesupport_cpp.dir/rosidl_typesupport_cpp/px4_msgs/msg/rover_velocity_status__type_support.cpp.o[0m
[173.601s] [ 64%] [32mBuilding CXX object CMakeFiles/px4_msgs__rosidl_typesupport_introspection_cpp.dir/rosidl_typesupport_introspection_cpp/px4_msgs/msg/detail/vehicle_imu_status__type_support.cpp.o[0m
[173.650s] [ 64%] [32mBuilding CXX object CMakeFiles/px4_msgs__rosidl_typesupport_cpp.dir/rosidl_typesupport_cpp/px4_msgs/msg/rpm__type_support.cpp.o[0m
[173.735s] [ 65%] [32mBuilding CXX object CMakeFiles/px4_msgs__rosidl_typesupport_introspection_cpp.dir/rosidl_typesupport_introspection_cpp/px4_msgs/msg/detail/vehicle_land_detected__type_support.cpp.o[0m
[173.746s] [ 65%] [32mBuilding CXX object CMakeFiles/px4_msgs__rosidl_typesupport_fastrtps_cpp.dir/rosidl_typesupport_fastrtps_cpp/px4_msgs/msg/detail/dds_fastrtps/fuel_tank_status__type_support.cpp.o[0m
[173.765s] [ 65%] [32mBuilding CXX object CMakeFiles/px4_msgs__rosidl_typesupport_introspection_cpp.dir/rosidl_typesupport_introspection_cpp/px4_msgs/msg/detail/vehicle_local_position__type_support.cpp.o[0m
[173.971s] [ 65%] [32mBuilding CXX object CMakeFiles/px4_msgs__rosidl_typesupport_cpp.dir/rosidl_typesupport_cpp/px4_msgs/msg/rtl_status__type_support.cpp.o[0m
[174.111s] [ 65%] [32mBuilding CXX object CMakeFiles/px4_msgs__rosidl_typesupport_fastrtps_cpp.dir/rosidl_typesupport_fastrtps_cpp/px4_msgs/msg/detail/dds_fastrtps/generator_status__type_support.cpp.o[0m
[174.246s] [ 65%] [32mBuilding CXX object CMakeFiles/px4_msgs__rosidl_typesupport_fastrtps_c.dir/rosidl_typesupport_fastrtps_c/px4_msgs/msg/detail/event__type_support_c.cpp.o[0m
[174.433s] [ 66%] [32mBuilding CXX object CMakeFiles/px4_msgs__rosidl_typesupport_fastrtps_cpp.dir/rosidl_typesupport_fastrtps_cpp/px4_msgs/msg/detail/dds_fastrtps/geofence_result__type_support.cpp.o[0m
[174.433s] [ 66%] [32mBuilding CXX object CMakeFiles/px4_msgs__rosidl_typesupport_introspection_cpp.dir/rosidl_typesupport_introspection_cpp/px4_msgs/msg/detail/vehicle_local_position_setpoint__type_support.cpp.o[0m
[174.525s] [ 66%] [32mBuilding CXX object CMakeFiles/px4_msgs__rosidl_typesupport_cpp.dir/rosidl_typesupport_cpp/px4_msgs/msg/rtl_time_estimate__type_support.cpp.o[0m
[174.565s] [ 66%] [32mBuilding CXX object CMakeFiles/px4_msgs__rosidl_typesupport_introspection_cpp.dir/rosidl_typesupport_introspection_cpp/px4_msgs/msg/detail/vehicle_magnetometer__type_support.cpp.o[0m
[174.565s] [ 66%] [32mBuilding CXX object CMakeFiles/px4_msgs__rosidl_typesupport_fastrtps_c.dir/rosidl_typesupport_fastrtps_c/px4_msgs/msg/detail/failsafe_flags__type_support_c.cpp.o[0m
[174.595s] [ 66%] [32mBuilding CXX object CMakeFiles/px4_msgs__rosidl_typesupport_cpp.dir/rosidl_typesupport_cpp/px4_msgs/msg/satellite_info__type_support.cpp.o[0m
[174.948s] [ 66%] [32mBuilding CXX object CMakeFiles/px4_msgs__rosidl_typesupport_fastrtps_cpp.dir/rosidl_typesupport_fastrtps_cpp/px4_msgs/msg/detail/dds_fastrtps/geofence_status__type_support.cpp.o[0m
[175.070s] [ 66%] [32mBuilding CXX object CMakeFiles/px4_msgs__rosidl_typesupport_introspection_cpp.dir/rosidl_typesupport_introspection_cpp/px4_msgs/msg/detail/vehicle_odometry__type_support.cpp.o[0m
[175.181s] [ 67%] [32mBuilding CXX object CMakeFiles/px4_msgs__rosidl_typesupport_fastrtps_c.dir/rosidl_typesupport_fastrtps_c/px4_msgs/msg/detail/failure_detector_status__type_support_c.cpp.o[0m
[175.224s] [ 67%] [32mBuilding CXX object CMakeFiles/px4_msgs__rosidl_typesupport_cpp.dir/rosidl_typesupport_cpp/px4_msgs/msg/sensor_accel__type_support.cpp.o[0m
[175.343s] [ 67%] [32mBuilding CXX object CMakeFiles/px4_msgs__rosidl_typesupport_cpp.dir/rosidl_typesupport_cpp/px4_msgs/msg/sensor_accel_fifo__type_support.cpp.o[0m
[175.376s] [ 67%] [32mBuilding CXX object CMakeFiles/px4_msgs__rosidl_typesupport_introspection_cpp.dir/rosidl_typesupport_introspection_cpp/px4_msgs/msg/detail/vehicle_optical_flow__type_support.cpp.o[0m
[175.409s] [ 67%] [32mBuilding CXX object CMakeFiles/px4_msgs__rosidl_typesupport_fastrtps_c.dir/rosidl_typesupport_fastrtps_c/px4_msgs/msg/detail/figure_eight_status__type_support_c.cpp.o[0m
[175.464s] [ 67%] [32mBuilding CXX object CMakeFiles/px4_msgs__rosidl_typesupport_fastrtps_cpp.dir/rosidl_typesupport_fastrtps_cpp/px4_msgs/msg/detail/dds_fastrtps/gimbal_controls__type_support.cpp.o[0m
[175.744s] [ 67%] [32mBuilding CXX object CMakeFiles/px4_msgs__rosidl_typesupport_fastrtps_cpp.dir/rosidl_typesupport_fastrtps_cpp/px4_msgs/msg/detail/dds_fastrtps/gimbal_device_attitude_status__type_support.cpp.o[0m
[175.755s] [ 67%] [32mBuilding CXX object CMakeFiles/px4_msgs__rosidl_typesupport_fastrtps_c.dir/rosidl_typesupport_fastrtps_c/px4_msgs/msg/detail/flight_phase_estimation__type_support_c.cpp.o[0m
[175.835s] [ 67%] [32mBuilding CXX object CMakeFiles/px4_msgs__rosidl_typesupport_cpp.dir/rosidl_typesupport_cpp/px4_msgs/msg/sensor_airflow__type_support.cpp.o[0m
[175.845s] [ 67%] [32mBuilding CXX object CMakeFiles/px4_msgs__rosidl_typesupport_introspection_cpp.dir/rosidl_typesupport_introspection_cpp/px4_msgs/msg/detail/vehicle_optical_flow_vel__type_support.cpp.o[0m
[175.867s] [ 67%] [32mBuilding CXX object CMakeFiles/px4_msgs__rosidl_typesupport_fastrtps_cpp.dir/rosidl_typesupport_fastrtps_cpp/px4_msgs/msg/detail/dds_fastrtps/gimbal_device_information__type_support.cpp.o[0m
[176.087s] [ 67%] [32mBuilding CXX object CMakeFiles/px4_msgs__rosidl_typesupport_introspection_cpp.dir/rosidl_typesupport_introspection_cpp/px4_msgs/msg/detail/vehicle_rates_setpoint__type_support.cpp.o[0m
[176.116s] [ 67%] [32mBuilding CXX object CMakeFiles/px4_msgs__rosidl_typesupport_cpp.dir/rosidl_typesupport_cpp/px4_msgs/msg/sensor_baro__type_support.cpp.o[0m
[176.399s] [ 67%] [32mBuilding CXX object CMakeFiles/px4_msgs__rosidl_typesupport_cpp.dir/rosidl_typesupport_cpp/px4_msgs/msg/sensor_combined__type_support.cpp.o[0m
[176.399s] [ 67%] [32mBuilding CXX object CMakeFiles/px4_msgs__rosidl_typesupport_fastrtps_c.dir/rosidl_typesupport_fastrtps_c/px4_msgs/msg/detail/follow_target__type_support_c.cpp.o[0m
[176.436s] [ 67%] [32mBuilding CXX object CMakeFiles/px4_msgs__rosidl_typesupport_introspection_cpp.dir/rosidl_typesupport_introspection_cpp/px4_msgs/msg/detail/vehicle_roi__type_support.cpp.o[0m
[176.588s] [ 67%] [32mBuilding CXX object CMakeFiles/px4_msgs__rosidl_typesupport_fastrtps_c.dir/rosidl_typesupport_fastrtps_c/px4_msgs/msg/detail/follow_target_estimator__type_support_c.cpp.o[0m
[176.723s] [ 67%] [32mBuilding CXX object CMakeFiles/px4_msgs__rosidl_typesupport_fastrtps_cpp.dir/rosidl_typesupport_fastrtps_cpp/px4_msgs/msg/detail/dds_fastrtps/gimbal_device_set_attitude__type_support.cpp.o[0m
[176.727s] [ 67%] [32mBuilding CXX object CMakeFiles/px4_msgs__rosidl_typesupport_fastrtps_cpp.dir/rosidl_typesupport_fastrtps_cpp/px4_msgs/msg/detail/dds_fastrtps/gimbal_manager_information__type_support.cpp.o[0m
[176.759s] [ 67%] [32mBuilding CXX object CMakeFiles/px4_msgs__rosidl_typesupport_fastrtps_c.dir/rosidl_typesupport_fastrtps_c/px4_msgs/msg/detail/follow_target_status__type_support_c.cpp.o[0m
[176.951s] [ 67%] [32mBuilding CXX object CMakeFiles/px4_msgs__rosidl_typesupport_cpp.dir/rosidl_typesupport_cpp/px4_msgs/msg/sensor_correction__type_support.cpp.o[0m
[177.077s] [ 67%] [32mBuilding CXX object CMakeFiles/px4_msgs__rosidl_typesupport_fastrtps_c.dir/rosidl_typesupport_fastrtps_c/px4_msgs/msg/detail/fuel_tank_status__type_support_c.cpp.o[0m
[177.256s] [ 67%] [32mBuilding CXX object CMakeFiles/px4_msgs__rosidl_typesupport_fastrtps_cpp.dir/rosidl_typesupport_fastrtps_cpp/px4_msgs/msg/detail/dds_fastrtps/gimbal_manager_set_attitude__type_support.cpp.o[0m
[177.381s] [ 67%] [32mBuilding CXX object CMakeFiles/px4_msgs__rosidl_typesupport_introspection_cpp.dir/rosidl_typesupport_introspection_cpp/px4_msgs/msg/detail/vehicle_status__type_support.cpp.o[0m
[177.590s] [ 67%] [32mBuilding CXX object CMakeFiles/px4_msgs__rosidl_typesupport_cpp.dir/rosidl_typesupport_cpp/px4_msgs/msg/sensor_gnss_relative__type_support.cpp.o[0m
[177.618s] [ 67%] [32mBuilding CXX object CMakeFiles/px4_msgs__rosidl_typesupport_fastrtps_c.dir/rosidl_typesupport_fastrtps_c/px4_msgs/msg/detail/generator_status__type_support_c.cpp.o[0m
[177.705s] [ 67%] [32mBuilding CXX object CMakeFiles/px4_msgs__rosidl_typesupport_introspection_cpp.dir/rosidl_typesupport_introspection_cpp/px4_msgs/msg/detail/vehicle_thrust_setpoint__type_support.cpp.o[0m
[177.705s] [ 67%] [32mBuilding CXX object CMakeFiles/px4_msgs__rosidl_typesupport_introspection_cpp.dir/rosidl_typesupport_introspection_cpp/px4_msgs/msg/detail/vehicle_torque_setpoint__type_support.cpp.o[0m
[177.709s] [ 67%] [32mBuilding CXX object CMakeFiles/px4_msgs__rosidl_typesupport_fastrtps_cpp.dir/rosidl_typesupport_fastrtps_cpp/px4_msgs/msg/detail/dds_fastrtps/gimbal_manager_set_manual_control__type_support.cpp.o[0m
[178.225s] [ 67%] [32mBuilding CXX object CMakeFiles/px4_msgs__rosidl_typesupport_cpp.dir/rosidl_typesupport_cpp/px4_msgs/msg/sensor_gps__type_support.cpp.o[0m
[178.263s] [ 67%] [32mBuilding CXX object CMakeFiles/px4_msgs__rosidl_typesupport_fastrtps_cpp.dir/rosidl_typesupport_fastrtps_cpp/px4_msgs/msg/detail/dds_fastrtps/gimbal_manager_status__type_support.cpp.o[0m
[178.263s] [ 67%] [32mBuilding CXX object CMakeFiles/px4_msgs__rosidl_typesupport_introspection_cpp.dir/rosidl_typesupport_introspection_cpp/px4_msgs/msg/detail/vtol_vehicle_status__type_support.cpp.o[0m
[178.381s] [ 67%] [32mBuilding CXX object CMakeFiles/px4_msgs__rosidl_typesupport_fastrtps_c.dir/rosidl_typesupport_fastrtps_c/px4_msgs/msg/detail/geofence_result__type_support_c.cpp.o[0m
[178.544s] [ 67%] [32mBuilding CXX object CMakeFiles/px4_msgs__rosidl_typesupport_cpp.dir/rosidl_typesupport_cpp/px4_msgs/msg/sensor_gyro__type_support.cpp.o[0m
[178.544s] [ 67%] [32mBuilding CXX object CMakeFiles/px4_msgs__rosidl_typesupport_introspection_cpp.dir/rosidl_typesupport_introspection_cpp/px4_msgs/msg/detail/wheel_encoders__type_support.cpp.o[0m
[178.544s] [ 67%] [32mBuilding CXX object CMakeFiles/px4_msgs__rosidl_typesupport_introspection_cpp.dir/rosidl_typesupport_introspection_cpp/px4_msgs/msg/detail/velocity_limits__type_support.cpp.o[0m
[178.544s] [ 67%] [32mBuilding CXX object CMakeFiles/px4_msgs__rosidl_typesupport_cpp.dir/rosidl_typesupport_cpp/px4_msgs/msg/sensor_gyro_fft__type_support.cpp.o[0m
[178.689s] [ 67%] [32mBuilding CXX object CMakeFiles/px4_msgs__rosidl_typesupport_introspection_cpp.dir/rosidl_typesupport_introspection_cpp/px4_msgs/msg/detail/wind__type_support.cpp.o[0m
[178.905s] [ 67%] [32mBuilding CXX object CMakeFiles/px4_msgs__rosidl_typesupport_fastrtps_cpp.dir/rosidl_typesupport_fastrtps_cpp/px4_msgs/msg/detail/dds_fastrtps/goto_setpoint__type_support.cpp.o[0m
[178.912s] [ 67%] [32mBuilding CXX object CMakeFiles/px4_msgs__rosidl_typesupport_fastrtps_c.dir/rosidl_typesupport_fastrtps_c/px4_msgs/msg/detail/geofence_status__type_support_c.cpp.o[0m
[178.970s] [ 67%] [32mBuilding CXX object CMakeFiles/px4_msgs__rosidl_typesupport_fastrtps_cpp.dir/rosidl_typesupport_fastrtps_cpp/px4_msgs/msg/detail/dds_fastrtps/gpio_config__type_support.cpp.o[0m
[179.035s] [ 67%] [32mBuilding CXX object CMakeFiles/px4_msgs__rosidl_typesupport_introspection_cpp.dir/rosidl_typesupport_introspection_cpp/px4_msgs/msg/detail/yaw_estimator_status__type_support.cpp.o[0m
[179.048s] [ 67%] [32mBuilding CXX object CMakeFiles/px4_msgs__rosidl_typesupport_cpp.dir/rosidl_typesupport_cpp/px4_msgs/msg/sensor_gyro_fifo__type_support.cpp.o[0m
[179.276s] [ 67%] [32mBuilding CXX object CMakeFiles/px4_msgs__rosidl_typesupport_fastrtps_c.dir/rosidl_typesupport_fastrtps_c/px4_msgs/msg/detail/gimbal_controls__type_support_c.cpp.o[0m
[179.321s] [ 67%] [32mBuilding CXX object CMakeFiles/px4_msgs__rosidl_typesupport_fastrtps_cpp.dir/rosidl_typesupport_fastrtps_cpp/px4_msgs/msg/detail/dds_fastrtps/gpio_in__type_support.cpp.o[0m
[179.428s] [ 67%] [32mBuilding CXX object CMakeFiles/px4_msgs__rosidl_typesupport_cpp.dir/rosidl_typesupport_cpp/px4_msgs/msg/sensor_hygrometer__type_support.cpp.o[0m
[179.634s] [ 67%] [32mBuilding CXX object CMakeFiles/px4_msgs__rosidl_typesupport_introspection_cpp.dir/rosidl_typesupport_introspection_cpp/px4_msgs/srv/detail/vehicle_command__type_support.cpp.o[0m
[179.735s] [ 67%] [32mBuilding CXX object CMakeFiles/px4_msgs__rosidl_typesupport_fastrtps_cpp.dir/rosidl_typesupport_fastrtps_cpp/px4_msgs/msg/detail/dds_fastrtps/gpio_out__type_support.cpp.o[0m
[179.735s] [ 67%] [32mBuilding CXX object CMakeFiles/px4_msgs__rosidl_typesupport_fastrtps_c.dir/rosidl_typesupport_fastrtps_c/px4_msgs/msg/detail/gimbal_device_attitude_status__type_support_c.cpp.o[0m
[179.835s] [ 67%] [32mBuilding CXX object CMakeFiles/px4_msgs__rosidl_typesupport_fastrtps_c.dir/rosidl_typesupport_fastrtps_c/px4_msgs/msg/detail/gimbal_device_information__type_support_c.cpp.o[0m
[180.070s] [ 68%] [32mBuilding CXX object CMakeFiles/px4_msgs__rosidl_typesupport_cpp.dir/rosidl_typesupport_cpp/px4_msgs/msg/sensor_mag__type_support.cpp.o[0m
[180.084s] [ 68%] [32mBuilding CXX object CMakeFiles/px4_msgs__rosidl_typesupport_fastrtps_cpp.dir/rosidl_typesupport_fastrtps_cpp/px4_msgs/msg/detail/dds_fastrtps/gpio_request__type_support.cpp.o[0m
[180.087s] [ 68%] [32mBuilding CXX object CMakeFiles/px4_msgs__rosidl_typesupport_fastrtps_c.dir/rosidl_typesupport_fastrtps_c/px4_msgs/msg/detail/gimbal_device_set_attitude__type_support_c.cpp.o[0m
[180.290s] [ 68%] [32mBuilding CXX object CMakeFiles/px4_msgs__rosidl_typesupport_cpp.dir/rosidl_typesupport_cpp/px4_msgs/msg/sensor_optical_flow__type_support.cpp.o[0m
[180.507s] [ 68%] [32mBuilding CXX object CMakeFiles/px4_msgs__rosidl_typesupport_fastrtps_cpp.dir/rosidl_typesupport_fastrtps_cpp/px4_msgs/msg/detail/dds_fastrtps/gps_dump__type_support.cpp.o[0m
[180.644s] [ 69%] [32m[1mLinking CXX shared library libpx4_msgs__rosidl_typesupport_introspection_cpp.so[0m
[180.683s] [ 69%] [32mBuilding CXX object CMakeFiles/px4_msgs__rosidl_typesupport_cpp.dir/rosidl_typesupport_cpp/px4_msgs/msg/sensor_preflight_mag__type_support.cpp.o[0m
[180.723s] [ 69%] [32mBuilding CXX object CMakeFiles/px4_msgs__rosidl_typesupport_fastrtps_c.dir/rosidl_typesupport_fastrtps_c/px4_msgs/msg/detail/gimbal_manager_information__type_support_c.cpp.o[0m
[180.785s] [ 69%] [32mBuilding CXX object CMakeFiles/px4_msgs__rosidl_typesupport_fastrtps_cpp.dir/rosidl_typesupport_fastrtps_cpp/px4_msgs/msg/detail/dds_fastrtps/gps_inject_data__type_support.cpp.o[0m
[180.929s] [ 69%] [32mBuilding CXX object CMakeFiles/px4_msgs__rosidl_typesupport_cpp.dir/rosidl_typesupport_cpp/px4_msgs/msg/sensor_selection__type_support.cpp.o[0m
[180.955s] [ 69%] [32mBuilding CXX object CMakeFiles/px4_msgs__rosidl_typesupport_fastrtps_cpp.dir/rosidl_typesupport_fastrtps_cpp/px4_msgs/msg/detail/dds_fastrtps/gripper__type_support.cpp.o[0m
[181.063s] [ 69%] [32mBuilding CXX object CMakeFiles/px4_msgs__rosidl_typesupport_fastrtps_c.dir/rosidl_typesupport_fastrtps_c/px4_msgs/msg/detail/gimbal_manager_set_attitude__type_support_c.cpp.o[0m
[181.079s] [ 69%] Built target px4_msgs__rosidl_typesupport_introspection_cpp
[181.096s] [ 69%] [32mBuilding CXX object CMakeFiles/px4_msgs__rosidl_typesupport_fastrtps_c.dir/rosidl_typesupport_fastrtps_c/px4_msgs/msg/detail/gimbal_manager_set_manual_control__type_support_c.cpp.o[0m
[181.346s] [ 70%] [32mBuilding CXX object CMakeFiles/px4_msgs__rosidl_typesupport_fastrtps_cpp.dir/rosidl_typesupport_fastrtps_cpp/px4_msgs/msg/detail/dds_fastrtps/health_report__type_support.cpp.o[0m
[181.571s] [ 70%] [32mBuilding CXX object CMakeFiles/px4_msgs__rosidl_typesupport_cpp.dir/rosidl_typesupport_cpp/px4_msgs/msg/sensor_uwb__type_support.cpp.o[0m
[181.572s] [ 70%] [32mBuilding CXX object CMakeFiles/px4_msgs__rosidl_typesupport_fastrtps_c.dir/rosidl_typesupport_fastrtps_c/px4_msgs/msg/detail/gimbal_manager_status__type_support_c.cpp.o[0m
[181.815s] [ 70%] [32mBuilding CXX object CMakeFiles/px4_msgs__rosidl_typesupport_fastrtps_cpp.dir/rosidl_typesupport_fastrtps_cpp/px4_msgs/msg/detail/dds_fastrtps/heater_status__type_support.cpp.o[0m
[181.841s] [ 70%] [32mBuilding CXX object CMakeFiles/px4_msgs__rosidl_typesupport_fastrtps_cpp.dir/rosidl_typesupport_fastrtps_cpp/px4_msgs/msg/detail/dds_fastrtps/home_position__type_support.cpp.o[0m
[181.841s] [ 71%] [32mBuilding CXX object CMakeFiles/px4_msgs__rosidl_typesupport_fastrtps_c.dir/rosidl_typesupport_fastrtps_c/px4_msgs/msg/detail/goto_setpoint__type_support_c.cpp.o[0m
[181.921s] [ 71%] [32mBuilding CXX object CMakeFiles/px4_msgs__rosidl_typesupport_fastrtps_cpp.dir/rosidl_typesupport_fastrtps_cpp/px4_msgs/msg/detail/dds_fastrtps/hover_thrust_estimate__type_support.cpp.o[0m
[181.921s] [ 71%] [32mBuilding CXX object CMakeFiles/px4_msgs__rosidl_typesupport_cpp.dir/rosidl_typesupport_cpp/px4_msgs/msg/sensors_status__type_support.cpp.o[0m
[182.309s] [ 71%] [32mBuilding CXX object CMakeFiles/px4_msgs__rosidl_typesupport_fastrtps_cpp.dir/rosidl_typesupport_fastrtps_cpp/px4_msgs/msg/detail/dds_fastrtps/input_rc__type_support.cpp.o[0m
[182.312s] [ 71%] [32mBuilding CXX object CMakeFiles/px4_msgs__rosidl_typesupport_fastrtps_c.dir/rosidl_typesupport_fastrtps_c/px4_msgs/msg/detail/gpio_config__type_support_c.cpp.o[0m
[182.504s] [ 71%] [32mBuilding CXX object CMakeFiles/px4_msgs__rosidl_typesupport_cpp.dir/rosidl_typesupport_cpp/px4_msgs/msg/sensors_status_imu__type_support.cpp.o[0m
[182.800s] [ 71%] [32mBuilding CXX object CMakeFiles/px4_msgs__rosidl_typesupport_fastrtps_cpp.dir/rosidl_typesupport_fastrtps_cpp/px4_msgs/msg/detail/dds_fastrtps/internal_combustion_engine_status__type_support.cpp.o[0m
[182.813s] [ 71%] [32mBuilding CXX object CMakeFiles/px4_msgs__rosidl_typesupport_fastrtps_c.dir/rosidl_typesupport_fastrtps_c/px4_msgs/msg/detail/gpio_in__type_support_c.cpp.o[0m
[182.814s] [ 71%] [32mBuilding CXX object CMakeFiles/px4_msgs__rosidl_typesupport_fastrtps_cpp.dir/rosidl_typesupport_fastrtps_cpp/px4_msgs/msg/detail/dds_fastrtps/internal_combustion_engine_control__type_support.cpp.o[0m
[182.847s] [ 71%] [32mBuilding CXX object CMakeFiles/px4_msgs__rosidl_typesupport_fastrtps_c.dir/rosidl_typesupport_fastrtps_c/px4_msgs/msg/detail/gpio_out__type_support_c.cpp.o[0m
[182.982s] [ 71%] [32mBuilding CXX object CMakeFiles/px4_msgs__rosidl_typesupport_cpp.dir/rosidl_typesupport_cpp/px4_msgs/msg/system_power__type_support.cpp.o[0m
[183.042s] [ 71%] [32mBuilding CXX object CMakeFiles/px4_msgs__rosidl_typesupport_fastrtps_c.dir/rosidl_typesupport_fastrtps_c/px4_msgs/msg/detail/gpio_request__type_support_c.cpp.o[0m
[183.042s] [ 71%] [32mBuilding CXX object CMakeFiles/px4_msgs__rosidl_typesupport_cpp.dir/rosidl_typesupport_cpp/px4_msgs/msg/takeoff_status__type_support.cpp.o[0m
[183.259s] [ 71%] [32mBuilding CXX object CMakeFiles/px4_msgs__rosidl_typesupport_cpp.dir/rosidl_typesupport_cpp/px4_msgs/msg/task_stack_info__type_support.cpp.o[0m
[183.633s] [ 71%] [32mBuilding CXX object CMakeFiles/px4_msgs__rosidl_typesupport_fastrtps_cpp.dir/rosidl_typesupport_fastrtps_cpp/px4_msgs/msg/detail/dds_fastrtps/iridiumsbd_status__type_support.cpp.o[0m
[183.664s] [ 71%] [32mBuilding CXX object CMakeFiles/px4_msgs__rosidl_typesupport_fastrtps_cpp.dir/rosidl_typesupport_fastrtps_cpp/px4_msgs/msg/detail/dds_fastrtps/irlock_report__type_support.cpp.o[0m
[183.701s] [ 71%] [32mBuilding CXX object CMakeFiles/px4_msgs__rosidl_typesupport_fastrtps_cpp.dir/rosidl_typesupport_fastrtps_cpp/px4_msgs/msg/detail/dds_fastrtps/landing_gear__type_support.cpp.o[0m
[183.727s] [ 71%] [32mBuilding CXX object CMakeFiles/px4_msgs__rosidl_typesupport_fastrtps_cpp.dir/rosidl_typesupport_fastrtps_cpp/px4_msgs/msg/detail/dds_fastrtps/landing_gear_wheel__type_support.cpp.o[0m
[183.761s] [ 71%] [32mBuilding CXX object CMakeFiles/px4_msgs__rosidl_typesupport_fastrtps_cpp.dir/rosidl_typesupport_fastrtps_cpp/px4_msgs/msg/detail/dds_fastrtps/landing_target_innovations__type_support.cpp.o[0m
[183.789s] [ 71%] [32mBuilding CXX object CMakeFiles/px4_msgs__rosidl_typesupport_fastrtps_c.dir/rosidl_typesupport_fastrtps_c/px4_msgs/msg/detail/gps_dump__type_support_c.cpp.o[0m
[183.852s] [ 71%] [32mBuilding CXX object CMakeFiles/px4_msgs__rosidl_typesupport_fastrtps_cpp.dir/rosidl_typesupport_fastrtps_cpp/px4_msgs/msg/detail/dds_fastrtps/landing_target_pose__type_support.cpp.o[0m
[183.897s] [ 71%] [32mBuilding CXX object CMakeFiles/px4_msgs__rosidl_typesupport_cpp.dir/rosidl_typesupport_cpp/px4_msgs/msg/tecs_status__type_support.cpp.o[0m
[184.560s] [ 71%] [32mBuilding CXX object CMakeFiles/px4_msgs__rosidl_typesupport_cpp.dir/rosidl_typesupport_cpp/px4_msgs/msg/telemetry_status__type_support.cpp.o[0m
[184.609s] [ 71%] [32mBuilding CXX object CMakeFiles/px4_msgs__rosidl_typesupport_fastrtps_c.dir/rosidl_typesupport_fastrtps_c/px4_msgs/msg/detail/gps_inject_data__type_support_c.cpp.o[0m
[184.661s] [ 71%] [32mBuilding CXX object CMakeFiles/px4_msgs__rosidl_typesupport_fastrtps_cpp.dir/rosidl_typesupport_fastrtps_cpp/px4_msgs/msg/detail/dds_fastrtps/launch_detection_status__type_support.cpp.o[0m
[184.679s] [ 71%] [32mBuilding CXX object CMakeFiles/px4_msgs__rosidl_typesupport_cpp.dir/rosidl_typesupport_cpp/px4_msgs/msg/tiltrotor_extra_controls__type_support.cpp.o[0m
[184.693s] [ 71%] [32mBuilding CXX object CMakeFiles/px4_msgs__rosidl_typesupport_fastrtps_c.dir/rosidl_typesupport_fastrtps_c/px4_msgs/msg/detail/gripper__type_support_c.cpp.o[0m
[184.696s] [ 71%] [32mBuilding CXX object CMakeFiles/px4_msgs__rosidl_typesupport_fastrtps_c.dir/rosidl_typesupport_fastrtps_c/px4_msgs/msg/detail/health_report__type_support_c.cpp.o[0m
[184.838s] [ 71%] [32mBuilding CXX object CMakeFiles/px4_msgs__rosidl_typesupport_cpp.dir/rosidl_typesupport_cpp/px4_msgs/msg/timesync_status__type_support.cpp.o[0m
[185.202s] [ 71%] [32mBuilding CXX object CMakeFiles/px4_msgs__rosidl_typesupport_cpp.dir/rosidl_typesupport_cpp/px4_msgs/msg/trajectory_setpoint__type_support.cpp.o[0m
[185.272s] [ 71%] [32mBuilding CXX object CMakeFiles/px4_msgs__rosidl_typesupport_cpp.dir/rosidl_typesupport_cpp/px4_msgs/msg/trajectory_setpoint6dof__type_support.cpp.o[0m
[185.332s] [ 71%] [32mBuilding CXX object CMakeFiles/px4_msgs__rosidl_typesupport_fastrtps_c.dir/rosidl_typesupport_fastrtps_c/px4_msgs/msg/detail/heater_status__type_support_c.cpp.o[0m
[185.334s] [ 71%] [32mBuilding CXX object CMakeFiles/px4_msgs__rosidl_typesupport_cpp.dir/rosidl_typesupport_cpp/px4_msgs/msg/transponder_report__type_support.cpp.o[0m
[185.453s] [ 71%] [32mBuilding CXX object CMakeFiles/px4_msgs__rosidl_typesupport_cpp.dir/rosidl_typesupport_cpp/px4_msgs/msg/tune_control__type_support.cpp.o[0m
[185.453s] [ 71%] [32mBuilding CXX object CMakeFiles/px4_msgs__rosidl_typesupport_fastrtps_cpp.dir/rosidl_typesupport_fastrtps_cpp/px4_msgs/msg/detail/dds_fastrtps/led_control__type_support.cpp.o[0m
[185.469s] [ 71%] [32mBuilding CXX object CMakeFiles/px4_msgs__rosidl_typesupport_fastrtps_c.dir/rosidl_typesupport_fastrtps_c/px4_msgs/msg/detail/home_position__type_support_c.cpp.o[0m
[185.721s] [ 71%] [32mBuilding CXX object CMakeFiles/px4_msgs__rosidl_typesupport_fastrtps_cpp.dir/rosidl_typesupport_fastrtps_cpp/px4_msgs/msg/detail/dds_fastrtps/log_message__type_support.cpp.o[0m
[185.721s] [ 72%] [32mBuilding CXX object CMakeFiles/px4_msgs__rosidl_typesupport_cpp.dir/rosidl_typesupport_cpp/px4_msgs/msg/uavcan_parameter_request__type_support.cpp.o[0m
[185.763s] [ 72%] [32mBuilding CXX object CMakeFiles/px4_msgs__rosidl_typesupport_fastrtps_cpp.dir/rosidl_typesupport_fastrtps_cpp/px4_msgs/msg/detail/dds_fastrtps/logger_status__type_support.cpp.o[0m
[185.965s] [ 72%] [32mBuilding CXX object CMakeFiles/px4_msgs__rosidl_typesupport_fastrtps_c.dir/rosidl_typesupport_fastrtps_c/px4_msgs/msg/detail/hover_thrust_estimate__type_support_c.cpp.o[0m
[186.113s] [ 72%] [32mBuilding CXX object CMakeFiles/px4_msgs__rosidl_typesupport_cpp.dir/rosidl_typesupport_cpp/px4_msgs/msg/uavcan_parameter_value__type_support.cpp.o[0m
[186.206s] [ 73%] [32mBuilding CXX object CMakeFiles/px4_msgs__rosidl_typesupport_cpp.dir/rosidl_typesupport_cpp/px4_msgs/msg/ulog_stream__type_support.cpp.o[0m
[186.206s] [ 73%] [32mBuilding CXX object CMakeFiles/px4_msgs__rosidl_typesupport_fastrtps_cpp.dir/rosidl_typesupport_fastrtps_cpp/px4_msgs/msg/detail/dds_fastrtps/manual_control_setpoint__type_support.cpp.o[0m
[186.334s] [ 73%] [32mBuilding CXX object CMakeFiles/px4_msgs__rosidl_typesupport_fastrtps_cpp.dir/rosidl_typesupport_fastrtps_cpp/px4_msgs/msg/detail/dds_fastrtps/magnetometer_bias_estimate__type_support.cpp.o[0m
[186.366s] [ 73%] [32mBuilding CXX object CMakeFiles/px4_msgs__rosidl_typesupport_fastrtps_c.dir/rosidl_typesupport_fastrtps_c/px4_msgs/msg/detail/input_rc__type_support_c.cpp.o[0m
[186.439s] [ 73%] [32mBuilding CXX object CMakeFiles/px4_msgs__rosidl_typesupport_cpp.dir/rosidl_typesupport_cpp/px4_msgs/msg/ulog_stream_ack__type_support.cpp.o[0m
[186.455s] [ 73%] [32mBuilding CXX object CMakeFiles/px4_msgs__rosidl_typesupport_fastrtps_cpp.dir/rosidl_typesupport_fastrtps_cpp/px4_msgs/msg/detail/dds_fastrtps/manual_control_switches__type_support.cpp.o[0m
[186.648s] [ 73%] [32mBuilding CXX object CMakeFiles/px4_msgs__rosidl_typesupport_cpp.dir/rosidl_typesupport_cpp/px4_msgs/msg/unregister_ext_component__type_support.cpp.o[0m
[186.873s] [ 73%] [32mBuilding CXX object CMakeFiles/px4_msgs__rosidl_typesupport_fastrtps_c.dir/rosidl_typesupport_fastrtps_c/px4_msgs/msg/detail/internal_combustion_engine_control__type_support_c.cpp.o[0m
[187.022s] [ 73%] [32mBuilding CXX object CMakeFiles/px4_msgs__rosidl_typesupport_fastrtps_c.dir/rosidl_typesupport_fastrtps_c/px4_msgs/msg/detail/internal_combustion_engine_status__type_support_c.cpp.o[0m
[187.064s] [ 73%] [32mBuilding CXX object CMakeFiles/px4_msgs__rosidl_typesupport_fastrtps_c.dir/rosidl_typesupport_fastrtps_c/px4_msgs/msg/detail/iridiumsbd_status__type_support_c.cpp.o[0m
[187.065s] [ 73%] [32mBuilding CXX object CMakeFiles/px4_msgs__rosidl_typesupport_fastrtps_cpp.dir/rosidl_typesupport_fastrtps_cpp/px4_msgs/msg/detail/dds_fastrtps/mavlink_log__type_support.cpp.o[0m
[187.065s] [ 73%] [32mBuilding CXX object CMakeFiles/px4_msgs__rosidl_typesupport_fastrtps_cpp.dir/rosidl_typesupport_fastrtps_cpp/px4_msgs/msg/detail/dds_fastrtps/mag_worker_data__type_support.cpp.o[0m
[187.091s] [ 73%] [32mBuilding CXX object CMakeFiles/px4_msgs__rosidl_typesupport_cpp.dir/rosidl_typesupport_cpp/px4_msgs/msg/vehicle_acceleration__type_support.cpp.o[0m
[187.348s] [ 73%] [32mBuilding CXX object CMakeFiles/px4_msgs__rosidl_typesupport_cpp.dir/rosidl_typesupport_cpp/px4_msgs/msg/vehicle_air_data__type_support.cpp.o[0m
[187.496s] [ 73%] [32mBuilding CXX object CMakeFiles/px4_msgs__rosidl_typesupport_fastrtps_c.dir/rosidl_typesupport_fastrtps_c/px4_msgs/msg/detail/irlock_report__type_support_c.cpp.o[0m
[187.496s] [ 73%] [32mBuilding CXX object CMakeFiles/px4_msgs__rosidl_typesupport_cpp.dir/rosidl_typesupport_cpp/px4_msgs/msg/vehicle_angular_acceleration_setpoint__type_support.cpp.o[0m
[187.761s] [ 73%] [32mBuilding CXX object CMakeFiles/px4_msgs__rosidl_typesupport_fastrtps_c.dir/rosidl_typesupport_fastrtps_c/px4_msgs/msg/detail/landing_gear__type_support_c.cpp.o[0m
[187.761s] [ 73%] [32mBuilding CXX object CMakeFiles/px4_msgs__rosidl_typesupport_fastrtps_cpp.dir/rosidl_typesupport_fastrtps_cpp/px4_msgs/msg/detail/dds_fastrtps/mavlink_tunnel__type_support.cpp.o[0m
[187.775s] [ 73%] [32mBuilding CXX object CMakeFiles/px4_msgs__rosidl_typesupport_fastrtps_c.dir/rosidl_typesupport_fastrtps_c/px4_msgs/msg/detail/landing_gear_wheel__type_support_c.cpp.o[0m
[187.808s] [ 74%] [32mBuilding CXX object CMakeFiles/px4_msgs__rosidl_typesupport_fastrtps_c.dir/rosidl_typesupport_fastrtps_c/px4_msgs/msg/detail/landing_target_innovations__type_support_c.cpp.o[0m
[187.840s] [ 74%] [32mBuilding CXX object CMakeFiles/px4_msgs__rosidl_typesupport_cpp.dir/rosidl_typesupport_cpp/px4_msgs/msg/vehicle_angular_velocity__type_support.cpp.o[0m
[188.123s] [ 74%] [32mBuilding CXX object CMakeFiles/px4_msgs__rosidl_typesupport_cpp.dir/rosidl_typesupport_cpp/px4_msgs/msg/vehicle_attitude__type_support.cpp.o[0m
[188.123s] [ 74%] [32mBuilding CXX object CMakeFiles/px4_msgs__rosidl_typesupport_fastrtps_c.dir/rosidl_typesupport_fastrtps_c/px4_msgs/msg/detail/launch_detection_status__type_support_c.cpp.o[0m
[188.256s] [ 74%] [32mBuilding CXX object CMakeFiles/px4_msgs__rosidl_typesupport_fastrtps_cpp.dir/rosidl_typesupport_fastrtps_cpp/px4_msgs/msg/detail/dds_fastrtps/message_format_request__type_support.cpp.o[0m
[188.256s] [ 74%] [32mBuilding CXX object CMakeFiles/px4_msgs__rosidl_typesupport_fastrtps_c.dir/rosidl_typesupport_fastrtps_c/px4_msgs/msg/detail/led_control__type_support_c.cpp.o[0m
[188.314s] [ 74%] [32mBuilding CXX object CMakeFiles/px4_msgs__rosidl_typesupport_fastrtps_cpp.dir/rosidl_typesupport_fastrtps_cpp/px4_msgs/msg/detail/dds_fastrtps/message_format_response__type_support.cpp.o[0m
[188.314s] [ 74%] [32mBuilding CXX object CMakeFiles/px4_msgs__rosidl_typesupport_fastrtps_c.dir/rosidl_typesupport_fastrtps_c/px4_msgs/msg/detail/landing_target_pose__type_support_c.cpp.o[0m
[188.489s] [ 74%] [32mBuilding CXX object CMakeFiles/px4_msgs__rosidl_typesupport_fastrtps_cpp.dir/rosidl_typesupport_fastrtps_cpp/px4_msgs/msg/detail/dds_fastrtps/mission__type_support.cpp.o[0m
[188.489s] [ 74%] [32mBuilding CXX object CMakeFiles/px4_msgs__rosidl_typesupport_cpp.dir/rosidl_typesupport_cpp/px4_msgs/msg/vehicle_attitude_setpoint__type_support.cpp.o[0m
[188.713s] [ 74%] [32mBuilding CXX object CMakeFiles/px4_msgs__rosidl_typesupport_fastrtps_cpp.dir/rosidl_typesupport_fastrtps_cpp/px4_msgs/msg/detail/dds_fastrtps/mission_result__type_support.cpp.o[0m
[188.713s] [ 74%] [32mBuilding CXX object CMakeFiles/px4_msgs__rosidl_typesupport_fastrtps_cpp.dir/rosidl_typesupport_fastrtps_cpp/px4_msgs/msg/detail/dds_fastrtps/mode_completed__type_support.cpp.o[0m
[188.901s] [ 74%] [32mBuilding CXX object CMakeFiles/px4_msgs__rosidl_typesupport_fastrtps_c.dir/rosidl_typesupport_fastrtps_c/px4_msgs/msg/detail/log_message__type_support_c.cpp.o[0m
[189.002s] [ 74%] [32mBuilding CXX object CMakeFiles/px4_msgs__rosidl_typesupport_cpp.dir/rosidl_typesupport_cpp/px4_msgs/msg/vehicle_command__type_support.cpp.o[0m
[189.016s] [ 74%] [32mBuilding CXX object CMakeFiles/px4_msgs__rosidl_typesupport_cpp.dir/rosidl_typesupport_cpp/px4_msgs/msg/vehicle_command_ack__type_support.cpp.o[0m
[189.016s] [ 74%] [32mBuilding CXX object CMakeFiles/px4_msgs__rosidl_typesupport_fastrtps_cpp.dir/rosidl_typesupport_fastrtps_cpp/px4_msgs/msg/detail/dds_fastrtps/mount_orientation__type_support.cpp.o[0m
[189.051s] [ 74%] [32mBuilding CXX object CMakeFiles/px4_msgs__rosidl_typesupport_cpp.dir/rosidl_typesupport_cpp/px4_msgs/msg/vehicle_constraints__type_support.cpp.o[0m
[189.423s] [ 74%] [32mBuilding CXX object CMakeFiles/px4_msgs__rosidl_typesupport_fastrtps_c.dir/rosidl_typesupport_fastrtps_c/px4_msgs/msg/detail/logger_status__type_support_c.cpp.o[0m
[189.491s] [ 74%] [32mBuilding CXX object CMakeFiles/px4_msgs__rosidl_typesupport_cpp.dir/rosidl_typesupport_cpp/px4_msgs/msg/vehicle_global_position__type_support.cpp.o[0m
[189.491s] [ 74%] [32mBuilding CXX object CMakeFiles/px4_msgs__rosidl_typesupport_fastrtps_cpp.dir/rosidl_typesupport_fastrtps_cpp/px4_msgs/msg/detail/dds_fastrtps/navigator_mission_item__type_support.cpp.o[0m
[189.526s] [ 74%] [32mBuilding CXX object CMakeFiles/px4_msgs__rosidl_typesupport_fastrtps_c.dir/rosidl_typesupport_fastrtps_c/px4_msgs/msg/detail/mag_worker_data__type_support_c.cpp.o[0m
[189.526s] [ 74%] [32mBuilding CXX object CMakeFiles/px4_msgs__rosidl_typesupport_fastrtps_c.dir/rosidl_typesupport_fastrtps_c/px4_msgs/msg/detail/magnetometer_bias_estimate__type_support_c.cpp.o[0m
[189.531s] [ 74%] [32mBuilding CXX object CMakeFiles/px4_msgs__rosidl_typesupport_cpp.dir/rosidl_typesupport_cpp/px4_msgs/msg/vehicle_control_mode__type_support.cpp.o[0m
[189.733s] [ 74%] [32mBuilding CXX object CMakeFiles/px4_msgs__rosidl_typesupport_fastrtps_c.dir/rosidl_typesupport_fastrtps_c/px4_msgs/msg/detail/manual_control_switches__type_support_c.cpp.o[0m
[189.733s] [ 74%] [32mBuilding CXX object CMakeFiles/px4_msgs__rosidl_typesupport_fastrtps_c.dir/rosidl_typesupport_fastrtps_c/px4_msgs/msg/detail/manual_control_setpoint__type_support_c.cpp.o[0m
[190.111s] [ 74%] [32mBuilding CXX object CMakeFiles/px4_msgs__rosidl_typesupport_cpp.dir/rosidl_typesupport_cpp/px4_msgs/msg/vehicle_imu__type_support.cpp.o[0m
[190.245s] [ 74%] [32mBuilding CXX object CMakeFiles/px4_msgs__rosidl_typesupport_fastrtps_cpp.dir/rosidl_typesupport_fastrtps_cpp/px4_msgs/msg/detail/dds_fastrtps/navigator_status__type_support.cpp.o[0m
[190.245s] [ 74%] [32mBuilding CXX object CMakeFiles/px4_msgs__rosidl_typesupport_fastrtps_c.dir/rosidl_typesupport_fastrtps_c/px4_msgs/msg/detail/mavlink_log__type_support_c.cpp.o[0m
[190.318s] [ 74%] [32mBuilding CXX object CMakeFiles/px4_msgs__rosidl_typesupport_fastrtps_cpp.dir/rosidl_typesupport_fastrtps_cpp/px4_msgs/msg/detail/dds_fastrtps/normalized_unsigned_setpoint__type_support.cpp.o[0m
[190.422s] [ 74%] [32mBuilding CXX object CMakeFiles/px4_msgs__rosidl_typesupport_cpp.dir/rosidl_typesupport_cpp/px4_msgs/msg/vehicle_imu_status__type_support.cpp.o[0m
[190.422s] [ 74%] [32mBuilding CXX object CMakeFiles/px4_msgs__rosidl_typesupport_fastrtps_cpp.dir/rosidl_typesupport_fastrtps_cpp/px4_msgs/msg/detail/dds_fastrtps/npfg_status__type_support.cpp.o[0m
[190.547s] [ 74%] [32mBuilding CXX object CMakeFiles/px4_msgs__rosidl_typesupport_cpp.dir/rosidl_typesupport_cpp/px4_msgs/msg/vehicle_land_detected__type_support.cpp.o[0m
[190.763s] [ 74%] [32mBuilding CXX object CMakeFiles/px4_msgs__rosidl_typesupport_fastrtps_cpp.dir/rosidl_typesupport_fastrtps_cpp/px4_msgs/msg/detail/dds_fastrtps/obstacle_distance__type_support.cpp.o[0m
[190.763s] [ 75%] [32mBuilding CXX object CMakeFiles/px4_msgs__rosidl_typesupport_cpp.dir/rosidl_typesupport_cpp/px4_msgs/msg/vehicle_local_position__type_support.cpp.o[0m
[190.966s] [ 75%] [32mBuilding CXX object CMakeFiles/px4_msgs__rosidl_typesupport_fastrtps_c.dir/rosidl_typesupport_fastrtps_c/px4_msgs/msg/detail/mavlink_tunnel__type_support_c.cpp.o[0m
[191.123s] [ 75%] [32mBuilding CXX object CMakeFiles/px4_msgs__rosidl_typesupport_fastrtps_cpp.dir/rosidl_typesupport_fastrtps_cpp/px4_msgs/msg/detail/dds_fastrtps/offboard_control_mode__type_support.cpp.o[0m
[191.208s] [ 75%] [32mBuilding CXX object CMakeFiles/px4_msgs__rosidl_typesupport_fastrtps_c.dir/rosidl_typesupport_fastrtps_c/px4_msgs/msg/detail/message_format_request__type_support_c.cpp.o[0m
[191.211s] [ 75%] [32mBuilding CXX object CMakeFiles/px4_msgs__rosidl_typesupport_fastrtps_cpp.dir/rosidl_typesupport_fastrtps_cpp/px4_msgs/msg/detail/dds_fastrtps/onboard_computer_status__type_support.cpp.o[0m
[191.299s] [ 75%] [32mBuilding CXX object CMakeFiles/px4_msgs__rosidl_typesupport_fastrtps_c.dir/rosidl_typesupport_fastrtps_c/px4_msgs/msg/detail/message_format_response__type_support_c.cpp.o[0m
[191.462s] [ 75%] [32mBuilding CXX object CMakeFiles/px4_msgs__rosidl_typesupport_cpp.dir/rosidl_typesupport_cpp/px4_msgs/msg/vehicle_local_position_setpoint__type_support.cpp.o[0m
[191.696s] [ 75%] [32mBuilding CXX object CMakeFiles/px4_msgs__rosidl_typesupport_cpp.dir/rosidl_typesupport_cpp/px4_msgs/msg/vehicle_magnetometer__type_support.cpp.o[0m
[191.696s] [ 75%] [32mBuilding CXX object CMakeFiles/px4_msgs__rosidl_typesupport_fastrtps_c.dir/rosidl_typesupport_fastrtps_c/px4_msgs/msg/detail/mission__type_support_c.cpp.o[0m
[191.759s] [ 75%] [32mBuilding CXX object CMakeFiles/px4_msgs__rosidl_typesupport_fastrtps_c.dir/rosidl_typesupport_fastrtps_c/px4_msgs/msg/detail/mission_result__type_support_c.cpp.o[0m
[192.043s] [ 75%] [32mBuilding CXX object CMakeFiles/px4_msgs__rosidl_typesupport_cpp.dir/rosidl_typesupport_cpp/px4_msgs/msg/vehicle_odometry__type_support.cpp.o[0m
[192.156s] [ 75%] [32mBuilding CXX object CMakeFiles/px4_msgs__rosidl_typesupport_fastrtps_cpp.dir/rosidl_typesupport_fastrtps_cpp/px4_msgs/msg/detail/dds_fastrtps/open_drone_id_arm_status__type_support.cpp.o[0m
[192.159s] [ 75%] [32mBuilding CXX object CMakeFiles/px4_msgs__rosidl_typesupport_cpp.dir/rosidl_typesupport_cpp/px4_msgs/msg/vehicle_optical_flow__type_support.cpp.o[0m
[192.159s] [ 75%] [32mBuilding CXX object CMakeFiles/px4_msgs__rosidl_typesupport_fastrtps_c.dir/rosidl_typesupport_fastrtps_c/px4_msgs/msg/detail/mode_completed__type_support_c.cpp.o[0m
[192.348s] [ 75%] [32mBuilding CXX object CMakeFiles/px4_msgs__rosidl_typesupport_fastrtps_c.dir/rosidl_typesupport_fastrtps_c/px4_msgs/msg/detail/mount_orientation__type_support_c.cpp.o[0m
[192.348s] [ 75%] [32mBuilding CXX object CMakeFiles/px4_msgs__rosidl_typesupport_cpp.dir/rosidl_typesupport_cpp/px4_msgs/msg/vehicle_optical_flow_vel__type_support.cpp.o[0m
[192.649s] [ 76%] [32mBuilding CXX object CMakeFiles/px4_msgs__rosidl_typesupport_fastrtps_c.dir/rosidl_typesupport_fastrtps_c/px4_msgs/msg/detail/navigator_mission_item__type_support_c.cpp.o[0m
[192.654s] [ 76%] [32mBuilding CXX object CMakeFiles/px4_msgs__rosidl_typesupport_cpp.dir/rosidl_typesupport_cpp/px4_msgs/msg/vehicle_roi__type_support.cpp.o[0m
[192.786s] [ 76%] [32mBuilding CXX object CMakeFiles/px4_msgs__rosidl_typesupport_cpp.dir/rosidl_typesupport_cpp/px4_msgs/msg/vehicle_rates_setpoint__type_support.cpp.o[0m
[192.786s] [ 76%] [32mBuilding CXX object CMakeFiles/px4_msgs__rosidl_typesupport_fastrtps_c.dir/rosidl_typesupport_fastrtps_c/px4_msgs/msg/detail/navigator_status__type_support_c.cpp.o[0m
[193.021s] [ 76%] [32mBuilding CXX object CMakeFiles/px4_msgs__rosidl_typesupport_fastrtps_c.dir/rosidl_typesupport_fastrtps_c/px4_msgs/msg/detail/normalized_unsigned_setpoint__type_support_c.cpp.o[0m
[193.026s] [ 77%] [32mBuilding CXX object CMakeFiles/px4_msgs__rosidl_typesupport_fastrtps_cpp.dir/rosidl_typesupport_fastrtps_cpp/px4_msgs/msg/detail/dds_fastrtps/open_drone_id_operator_id__type_support.cpp.o[0m
[193.057s] [ 77%] [32mBuilding CXX object CMakeFiles/px4_msgs__rosidl_typesupport_fastrtps_cpp.dir/rosidl_typesupport_fastrtps_cpp/px4_msgs/msg/detail/dds_fastrtps/open_drone_id_self_id__type_support.cpp.o[0m
[193.153s] [ 77%] [32mBuilding CXX object CMakeFiles/px4_msgs__rosidl_typesupport_fastrtps_c.dir/rosidl_typesupport_fastrtps_c/px4_msgs/msg/detail/npfg_status__type_support_c.cpp.o[0m
[193.308s] [ 77%] [32mBuilding CXX object CMakeFiles/px4_msgs__rosidl_typesupport_fastrtps_cpp.dir/rosidl_typesupport_fastrtps_cpp/px4_msgs/msg/detail/dds_fastrtps/open_drone_id_system__type_support.cpp.o[0m
[193.445s] [ 77%] [32mBuilding CXX object CMakeFiles/px4_msgs__rosidl_typesupport_cpp.dir/rosidl_typesupport_cpp/px4_msgs/msg/vehicle_status__type_support.cpp.o[0m
[193.559s] [ 77%] [32mBuilding CXX object CMakeFiles/px4_msgs__rosidl_typesupport_cpp.dir/rosidl_typesupport_cpp/px4_msgs/msg/vehicle_thrust_setpoint__type_support.cpp.o[0m
[193.864s] [ 77%] [32mBuilding CXX object CMakeFiles/px4_msgs__rosidl_typesupport_fastrtps_c.dir/rosidl_typesupport_fastrtps_c/px4_msgs/msg/detail/obstacle_distance__type_support_c.cpp.o[0m
[193.969s] [ 77%] [32mBuilding CXX object CMakeFiles/px4_msgs__rosidl_typesupport_fastrtps_cpp.dir/rosidl_typesupport_fastrtps_cpp/px4_msgs/msg/detail/dds_fastrtps/orb_test__type_support.cpp.o[0m
[193.972s] [ 77%] [32mBuilding CXX object CMakeFiles/px4_msgs__rosidl_typesupport_fastrtps_c.dir/rosidl_typesupport_fastrtps_c/px4_msgs/msg/detail/offboard_control_mode__type_support_c.cpp.o[0m
[194.002s] [ 77%] [32mBuilding CXX object CMakeFiles/px4_msgs__rosidl_typesupport_cpp.dir/rosidl_typesupport_cpp/px4_msgs/msg/vehicle_torque_setpoint__type_support.cpp.o[0m
[194.039s] [ 77%] [32mBuilding CXX object CMakeFiles/px4_msgs__rosidl_typesupport_cpp.dir/rosidl_typesupport_cpp/px4_msgs/msg/velocity_limits__type_support.cpp.o[0m
[194.047s] [ 77%] [32mBuilding CXX object CMakeFiles/px4_msgs__rosidl_typesupport_fastrtps_cpp.dir/rosidl_typesupport_fastrtps_cpp/px4_msgs/msg/detail/dds_fastrtps/orb_test_large__type_support.cpp.o[0m
[194.099s] [ 77%] [32mBuilding CXX object CMakeFiles/px4_msgs__rosidl_typesupport_fastrtps_cpp.dir/rosidl_typesupport_fastrtps_cpp/px4_msgs/msg/detail/dds_fastrtps/orb_test_medium__type_support.cpp.o[0m
[194.299s] [ 77%] [32mBuilding CXX object CMakeFiles/px4_msgs__rosidl_typesupport_fastrtps_c.dir/rosidl_typesupport_fastrtps_c/px4_msgs/msg/detail/onboard_computer_status__type_support_c.cpp.o[0m
[194.646s] [ 77%] [32mBuilding CXX object CMakeFiles/px4_msgs__rosidl_typesupport_fastrtps_cpp.dir/rosidl_typesupport_fastrtps_cpp/px4_msgs/msg/detail/dds_fastrtps/orbit_status__type_support.cpp.o[0m
[194.680s] [ 77%] [32mBuilding CXX object CMakeFiles/px4_msgs__rosidl_typesupport_cpp.dir/rosidl_typesupport_cpp/px4_msgs/msg/vtol_vehicle_status__type_support.cpp.o[0m
[194.738s] [ 77%] [32mBuilding CXX object CMakeFiles/px4_msgs__rosidl_typesupport_fastrtps_cpp.dir/rosidl_typesupport_fastrtps_cpp/px4_msgs/msg/detail/dds_fastrtps/parameter_reset_request__type_support.cpp.o[0m
[194.879s] [ 77%] [32mBuilding CXX object CMakeFiles/px4_msgs__rosidl_typesupport_fastrtps_cpp.dir/rosidl_typesupport_fastrtps_cpp/px4_msgs/msg/detail/dds_fastrtps/parameter_set_used_request__type_support.cpp.o[0m
[194.944s] [ 77%] [32mBuilding CXX object CMakeFiles/px4_msgs__rosidl_typesupport_fastrtps_c.dir/rosidl_typesupport_fastrtps_c/px4_msgs/msg/detail/open_drone_id_arm_status__type_support_c.cpp.o[0m
[195.026s] [ 77%] [32mBuilding CXX object CMakeFiles/px4_msgs__rosidl_typesupport_cpp.dir/rosidl_typesupport_cpp/px4_msgs/msg/wheel_encoders__type_support.cpp.o[0m
[195.092s] [ 77%] [32mBuilding CXX object CMakeFiles/px4_msgs__rosidl_typesupport_fastrtps_c.dir/rosidl_typesupport_fastrtps_c/px4_msgs/msg/detail/open_drone_id_operator_id__type_support_c.cpp.o[0m
[195.159s] [ 77%] [32mBuilding CXX object CMakeFiles/px4_msgs__rosidl_typesupport_cpp.dir/rosidl_typesupport_cpp/px4_msgs/msg/wind__type_support.cpp.o[0m
[195.328s] [ 77%] [32mBuilding CXX object CMakeFiles/px4_msgs__rosidl_typesupport_fastrtps_c.dir/rosidl_typesupport_fastrtps_c/px4_msgs/msg/detail/open_drone_id_self_id__type_support_c.cpp.o[0m
[195.735s] [ 77%] [32mBuilding CXX object CMakeFiles/px4_msgs__rosidl_typesupport_fastrtps_cpp.dir/rosidl_typesupport_fastrtps_cpp/px4_msgs/msg/detail/dds_fastrtps/parameter_set_value_request__type_support.cpp.o[0m
[195.784s] [ 77%] [32mBuilding CXX object CMakeFiles/px4_msgs__rosidl_typesupport_fastrtps_cpp.dir/rosidl_typesupport_fastrtps_cpp/px4_msgs/msg/detail/dds_fastrtps/parameter_set_value_response__type_support.cpp.o[0m
[195.791s] [ 77%] [32mBuilding CXX object CMakeFiles/px4_msgs__rosidl_typesupport_fastrtps_c.dir/rosidl_typesupport_fastrtps_c/px4_msgs/msg/detail/open_drone_id_system__type_support_c.cpp.o[0m
[195.791s] [ 77%] [32mBuilding CXX object CMakeFiles/px4_msgs__rosidl_typesupport_fastrtps_c.dir/rosidl_typesupport_fastrtps_c/px4_msgs/msg/detail/orb_test__type_support_c.cpp.o[0m
[195.804s] [ 77%] [32mBuilding CXX object CMakeFiles/px4_msgs__rosidl_typesupport_cpp.dir/rosidl_typesupport_cpp/px4_msgs/msg/yaw_estimator_status__type_support.cpp.o[0m
[195.909s] [ 77%] [32mBuilding CXX object CMakeFiles/px4_msgs__rosidl_typesupport_cpp.dir/rosidl_typesupport_cpp/px4_msgs/srv/vehicle_command__type_support.cpp.o[0m
[195.913s] [ 77%] [32mBuilding CXX object CMakeFiles/px4_msgs__rosidl_typesupport_fastrtps_cpp.dir/rosidl_typesupport_fastrtps_cpp/px4_msgs/msg/detail/dds_fastrtps/parameter_update__type_support.cpp.o[0m
[196.537s] [ 77%] [32mBuilding CXX object CMakeFiles/px4_msgs__rosidl_typesupport_fastrtps_c.dir/rosidl_typesupport_fastrtps_c/px4_msgs/msg/detail/orb_test_large__type_support_c.cpp.o[0m
[196.574s] [ 77%] [32mBuilding CXX object CMakeFiles/px4_msgs__rosidl_typesupport_fastrtps_cpp.dir/rosidl_typesupport_fastrtps_cpp/px4_msgs/msg/detail/dds_fastrtps/position_controller_landing_status__type_support.cpp.o[0m
[196.574s] [ 77%] [32mBuilding CXX object CMakeFiles/px4_msgs__rosidl_typesupport_fastrtps_c.dir/rosidl_typesupport_fastrtps_c/px4_msgs/msg/detail/orb_test_medium__type_support_c.cpp.o[0m
[196.575s] [ 77%] [32m[1mLinking CXX shared library libpx4_msgs__rosidl_typesupport_cpp.so[0m
[196.601s] [ 77%] [32mBuilding CXX object CMakeFiles/px4_msgs__rosidl_typesupport_fastrtps_c.dir/rosidl_typesupport_fastrtps_c/px4_msgs/msg/detail/orbit_status__type_support_c.cpp.o[0m
[196.725s] [ 77%] [32mBuilding CXX object CMakeFiles/px4_msgs__rosidl_typesupport_fastrtps_cpp.dir/rosidl_typesupport_fastrtps_cpp/px4_msgs/msg/detail/dds_fastrtps/ping__type_support.cpp.o[0m
[196.725s] [ 77%] [32mBuilding CXX object CMakeFiles/px4_msgs__rosidl_typesupport_fastrtps_c.dir/rosidl_typesupport_fastrtps_c/px4_msgs/msg/detail/parameter_reset_request__type_support_c.cpp.o[0m
[196.783s] [ 77%] Built target px4_msgs__rosidl_typesupport_cpp
[197.157s] [ 77%] [32mBuilding CXX object CMakeFiles/px4_msgs__rosidl_typesupport_fastrtps_c.dir/rosidl_typesupport_fastrtps_c/px4_msgs/msg/detail/parameter_set_value_request__type_support_c.cpp.o[0m
[197.161s] [ 77%] [32mBuilding CXX object CMakeFiles/px4_msgs__rosidl_typesupport_fastrtps_cpp.dir/rosidl_typesupport_fastrtps_cpp/px4_msgs/msg/detail/dds_fastrtps/position_controller_status__type_support.cpp.o[0m
[197.194s] [ 77%] [32mBuilding CXX object CMakeFiles/px4_msgs__rosidl_typesupport_fastrtps_c.dir/rosidl_typesupport_fastrtps_c/px4_msgs/msg/detail/parameter_set_used_request__type_support_c.cpp.o[0m
[197.331s] [ 78%] [32mBuilding CXX object CMakeFiles/px4_msgs__rosidl_typesupport_fastrtps_c.dir/rosidl_typesupport_fastrtps_c/px4_msgs/msg/detail/parameter_set_value_response__type_support_c.cpp.o[0m
[197.501s] [ 78%] [32mBuilding CXX object CMakeFiles/px4_msgs__rosidl_typesupport_fastrtps_cpp.dir/rosidl_typesupport_fastrtps_cpp/px4_msgs/msg/detail/dds_fastrtps/position_setpoint__type_support.cpp.o[0m
[197.518s] [ 78%] [32mBuilding CXX object CMakeFiles/px4_msgs__rosidl_typesupport_fastrtps_c.dir/rosidl_typesupport_fastrtps_c/px4_msgs/msg/detail/parameter_update__type_support_c.cpp.o[0m
[197.592s] [ 78%] [32mBuilding CXX object CMakeFiles/px4_msgs__rosidl_typesupport_fastrtps_cpp.dir/rosidl_typesupport_fastrtps_cpp/px4_msgs/msg/detail/dds_fastrtps/position_setpoint_triplet__type_support.cpp.o[0m
[197.848s] [ 78%] [32mBuilding CXX object CMakeFiles/px4_msgs__rosidl_typesupport_fastrtps_c.dir/rosidl_typesupport_fastrtps_c/px4_msgs/msg/detail/ping__type_support_c.cpp.o[0m
[197.848s] [ 78%] [32mBuilding CXX object CMakeFiles/px4_msgs__rosidl_typesupport_fastrtps_cpp.dir/rosidl_typesupport_fastrtps_cpp/px4_msgs/msg/detail/dds_fastrtps/power_button_state__type_support.cpp.o[0m
[197.854s] [ 78%] [32mBuilding CXX object CMakeFiles/px4_msgs__rosidl_typesupport_fastrtps_c.dir/rosidl_typesupport_fastrtps_c/px4_msgs/msg/detail/position_controller_landing_status__type_support_c.cpp.o[0m
[197.977s] [ 78%] [32mBuilding CXX object CMakeFiles/px4_msgs__rosidl_typesupport_fastrtps_c.dir/rosidl_typesupport_fastrtps_c/px4_msgs/msg/detail/position_controller_status__type_support_c.cpp.o[0m
[198.171s] [ 78%] [32mBuilding CXX object CMakeFiles/px4_msgs__rosidl_typesupport_fastrtps_c.dir/rosidl_typesupport_fastrtps_c/px4_msgs/msg/detail/position_setpoint__type_support_c.cpp.o[0m
[198.171s] [ 79%] [32mBuilding CXX object CMakeFiles/px4_msgs__rosidl_typesupport_fastrtps_cpp.dir/rosidl_typesupport_fastrtps_cpp/px4_msgs/msg/detail/dds_fastrtps/power_monitor__type_support.cpp.o[0m
[198.184s] [ 79%] [32mBuilding CXX object CMakeFiles/px4_msgs__rosidl_typesupport_fastrtps_c.dir/rosidl_typesupport_fastrtps_c/px4_msgs/msg/detail/position_setpoint_triplet__type_support_c.cpp.o[0m
[198.184s] [ 79%] [32mBuilding CXX object CMakeFiles/px4_msgs__rosidl_typesupport_fastrtps_cpp.dir/rosidl_typesupport_fastrtps_cpp/px4_msgs/msg/detail/dds_fastrtps/pps_capture__type_support.cpp.o[0m
[198.545s] [ 79%] [32mBuilding CXX object CMakeFiles/px4_msgs__rosidl_typesupport_fastrtps_c.dir/rosidl_typesupport_fastrtps_c/px4_msgs/msg/detail/power_button_state__type_support_c.cpp.o[0m
[198.586s] [ 79%] [32mBuilding CXX object CMakeFiles/px4_msgs__rosidl_typesupport_fastrtps_c.dir/rosidl_typesupport_fastrtps_c/px4_msgs/msg/detail/power_monitor__type_support_c.cpp.o[0m
[198.586s] [ 79%] [32mBuilding CXX object CMakeFiles/px4_msgs__rosidl_typesupport_fastrtps_cpp.dir/rosidl_typesupport_fastrtps_cpp/px4_msgs/msg/detail/dds_fastrtps/pwm_input__type_support.cpp.o[0m
[198.809s] [ 79%] [32mBuilding CXX object CMakeFiles/px4_msgs__rosidl_typesupport_fastrtps_cpp.dir/rosidl_typesupport_fastrtps_cpp/px4_msgs/msg/detail/dds_fastrtps/pure_pursuit_status__type_support.cpp.o[0m
[198.809s] [ 79%] [32mBuilding CXX object CMakeFiles/px4_msgs__rosidl_typesupport_fastrtps_c.dir/rosidl_typesupport_fastrtps_c/px4_msgs/msg/detail/pps_capture__type_support_c.cpp.o[0m
[198.877s] [ 79%] [32mBuilding CXX object CMakeFiles/px4_msgs__rosidl_typesupport_fastrtps_cpp.dir/rosidl_typesupport_fastrtps_cpp/px4_msgs/msg/detail/dds_fastrtps/px4io_status__type_support.cpp.o[0m
[199.021s] [ 79%] [32mBuilding CXX object CMakeFiles/px4_msgs__rosidl_typesupport_fastrtps_c.dir/rosidl_typesupport_fastrtps_c/px4_msgs/msg/detail/pure_pursuit_status__type_support_c.cpp.o[0m
[199.022s] [ 79%] [32mBuilding CXX object CMakeFiles/px4_msgs__rosidl_typesupport_fastrtps_cpp.dir/rosidl_typesupport_fastrtps_cpp/px4_msgs/msg/detail/dds_fastrtps/qshell_req__type_support.cpp.o[0m
[199.302s] [ 79%] [32mBuilding CXX object CMakeFiles/px4_msgs__rosidl_typesupport_fastrtps_c.dir/rosidl_typesupport_fastrtps_c/px4_msgs/msg/detail/pwm_input__type_support_c.cpp.o[0m
[199.522s] [ 79%] [32mBuilding CXX object CMakeFiles/px4_msgs__rosidl_typesupport_fastrtps_cpp.dir/rosidl_typesupport_fastrtps_cpp/px4_msgs/msg/detail/dds_fastrtps/qshell_retval__type_support.cpp.o[0m
[199.522s] [ 79%] [32mBuilding CXX object CMakeFiles/px4_msgs__rosidl_typesupport_fastrtps_c.dir/rosidl_typesupport_fastrtps_c/px4_msgs/msg/detail/px4io_status__type_support_c.cpp.o[0m
[199.711s] [ 79%] [32mBuilding CXX object CMakeFiles/px4_msgs__rosidl_typesupport_fastrtps_cpp.dir/rosidl_typesupport_fastrtps_cpp/px4_msgs/msg/detail/dds_fastrtps/rate_ctrl_status__type_support.cpp.o[0m
[199.721s] [ 79%] [32mBuilding CXX object CMakeFiles/px4_msgs__rosidl_typesupport_fastrtps_cpp.dir/rosidl_typesupport_fastrtps_cpp/px4_msgs/msg/detail/dds_fastrtps/radio_status__type_support.cpp.o[0m
[199.721s] [ 79%] [32mBuilding CXX object CMakeFiles/px4_msgs__rosidl_typesupport_fastrtps_c.dir/rosidl_typesupport_fastrtps_c/px4_msgs/msg/detail/qshell_req__type_support_c.cpp.o[0m
[199.794s] [ 79%] [32mBuilding CXX object CMakeFiles/px4_msgs__rosidl_typesupport_fastrtps_c.dir/rosidl_typesupport_fastrtps_c/px4_msgs/msg/detail/qshell_retval__type_support_c.cpp.o[0m
[199.972s] [ 79%] [32mBuilding CXX object CMakeFiles/px4_msgs__rosidl_typesupport_fastrtps_cpp.dir/rosidl_typesupport_fastrtps_cpp/px4_msgs/msg/detail/dds_fastrtps/rc_channels__type_support.cpp.o[0m
[199.972s] [ 79%] [32mBuilding CXX object CMakeFiles/px4_msgs__rosidl_typesupport_fastrtps_c.dir/rosidl_typesupport_fastrtps_c/px4_msgs/msg/detail/radio_status__type_support_c.cpp.o[0m
[200.273s] [ 79%] [32mBuilding CXX object CMakeFiles/px4_msgs__rosidl_typesupport_fastrtps_c.dir/rosidl_typesupport_fastrtps_c/px4_msgs/msg/detail/rate_ctrl_status__type_support_c.cpp.o[0m
[200.273s] [ 79%] [32mBuilding CXX object CMakeFiles/px4_msgs__rosidl_typesupport_fastrtps_cpp.dir/rosidl_typesupport_fastrtps_cpp/px4_msgs/msg/detail/dds_fastrtps/rc_parameter_map__type_support.cpp.o[0m
[200.385s] [ 79%] [32mBuilding CXX object CMakeFiles/px4_msgs__rosidl_typesupport_fastrtps_cpp.dir/rosidl_typesupport_fastrtps_cpp/px4_msgs/msg/detail/dds_fastrtps/register_ext_component_reply__type_support.cpp.o[0m
[200.385s] [ 79%] [32mBuilding CXX object CMakeFiles/px4_msgs__rosidl_typesupport_fastrtps_c.dir/rosidl_typesupport_fastrtps_c/px4_msgs/msg/detail/rc_channels__type_support_c.cpp.o[0m
[200.458s] [ 80%] [32mBuilding CXX object CMakeFiles/px4_msgs__rosidl_typesupport_fastrtps_c.dir/rosidl_typesupport_fastrtps_c/px4_msgs/msg/detail/rc_parameter_map__type_support_c.cpp.o[0m
[200.458s] [ 80%] [32mBuilding CXX object CMakeFiles/px4_msgs__rosidl_typesupport_fastrtps_cpp.dir/rosidl_typesupport_fastrtps_cpp/px4_msgs/msg/detail/dds_fastrtps/register_ext_component_request__type_support.cpp.o[0m
[200.784s] [ 80%] [32mBuilding CXX object CMakeFiles/px4_msgs__rosidl_typesupport_fastrtps_cpp.dir/rosidl_typesupport_fastrtps_cpp/px4_msgs/msg/detail/dds_fastrtps/rover_attitude_setpoint__type_support.cpp.o[0m
[200.784s] [ 80%] [32mBuilding CXX object CMakeFiles/px4_msgs__rosidl_typesupport_fastrtps_c.dir/rosidl_typesupport_fastrtps_c/px4_msgs/msg/detail/register_ext_component_reply__type_support_c.cpp.o[0m
[200.897s] [ 80%] [32mBuilding CXX object CMakeFiles/px4_msgs__rosidl_typesupport_fastrtps_cpp.dir/rosidl_typesupport_fastrtps_cpp/px4_msgs/msg/detail/dds_fastrtps/rover_attitude_status__type_support.cpp.o[0m
[201.179s] [ 80%] [32mBuilding CXX object CMakeFiles/px4_msgs__rosidl_typesupport_fastrtps_cpp.dir/rosidl_typesupport_fastrtps_cpp/px4_msgs/msg/detail/dds_fastrtps/rover_position_setpoint__type_support.cpp.o[0m
[201.180s] [ 80%] [32mBuilding CXX object CMakeFiles/px4_msgs__rosidl_typesupport_fastrtps_c.dir/rosidl_typesupport_fastrtps_c/px4_msgs/msg/detail/register_ext_component_request__type_support_c.cpp.o[0m
[201.275s] [ 80%] [32mBuilding CXX object CMakeFiles/px4_msgs__rosidl_typesupport_fastrtps_cpp.dir/rosidl_typesupport_fastrtps_cpp/px4_msgs/msg/detail/dds_fastrtps/rover_rate_setpoint__type_support.cpp.o[0m
[201.275s] [ 80%] [32mBuilding CXX object CMakeFiles/px4_msgs__rosidl_typesupport_fastrtps_c.dir/rosidl_typesupport_fastrtps_c/px4_msgs/msg/detail/rover_attitude_setpoint__type_support_c.cpp.o[0m
[201.407s] [ 80%] [32mBuilding CXX object CMakeFiles/px4_msgs__rosidl_typesupport_fastrtps_c.dir/rosidl_typesupport_fastrtps_c/px4_msgs/msg/detail/rover_attitude_status__type_support_c.cpp.o[0m
[201.601s] [ 80%] [32mBuilding CXX object CMakeFiles/px4_msgs__rosidl_typesupport_fastrtps_c.dir/rosidl_typesupport_fastrtps_c/px4_msgs/msg/detail/rover_position_setpoint__type_support_c.cpp.o[0m
[201.755s] [ 80%] [32mBuilding CXX object CMakeFiles/px4_msgs__rosidl_typesupport_fastrtps_c.dir/rosidl_typesupport_fastrtps_c/px4_msgs/msg/detail/rover_rate_setpoint__type_support_c.cpp.o[0m
[201.918s] [ 80%] [32mBuilding CXX object CMakeFiles/px4_msgs__rosidl_typesupport_fastrtps_c.dir/rosidl_typesupport_fastrtps_c/px4_msgs/msg/detail/rover_rate_status__type_support_c.cpp.o[0m
[202.047s] [ 80%] [32mBuilding CXX object CMakeFiles/px4_msgs__rosidl_typesupport_fastrtps_cpp.dir/rosidl_typesupport_fastrtps_cpp/px4_msgs/msg/detail/dds_fastrtps/rover_rate_status__type_support.cpp.o[0m
[202.101s] [ 80%] [32mBuilding CXX object CMakeFiles/px4_msgs__rosidl_typesupport_fastrtps_cpp.dir/rosidl_typesupport_fastrtps_cpp/px4_msgs/msg/detail/dds_fastrtps/rover_steering_setpoint__type_support.cpp.o[0m
[202.197s] [ 80%] [32mBuilding CXX object CMakeFiles/px4_msgs__rosidl_typesupport_fastrtps_c.dir/rosidl_typesupport_fastrtps_c/px4_msgs/msg/detail/rover_steering_setpoint__type_support_c.cpp.o[0m
[202.228s] [ 81%] [32mBuilding CXX object CMakeFiles/px4_msgs__rosidl_typesupport_fastrtps_cpp.dir/rosidl_typesupport_fastrtps_cpp/px4_msgs/msg/detail/dds_fastrtps/rover_throttle_setpoint__type_support.cpp.o[0m
[202.252s] [ 81%] [32mBuilding CXX object CMakeFiles/px4_msgs__rosidl_typesupport_fastrtps_c.dir/rosidl_typesupport_fastrtps_c/px4_msgs/msg/detail/rover_throttle_setpoint__type_support_c.cpp.o[0m
[202.416s] [ 81%] [32mBuilding CXX object CMakeFiles/px4_msgs__rosidl_typesupport_fastrtps_cpp.dir/rosidl_typesupport_fastrtps_cpp/px4_msgs/msg/detail/dds_fastrtps/rover_velocity_status__type_support.cpp.o[0m
[202.735s] [ 81%] [32mBuilding CXX object CMakeFiles/px4_msgs__rosidl_typesupport_fastrtps_cpp.dir/rosidl_typesupport_fastrtps_cpp/px4_msgs/msg/detail/dds_fastrtps/rpm__type_support.cpp.o[0m
[202.735s] [ 81%] [32mBuilding CXX object CMakeFiles/px4_msgs__rosidl_typesupport_fastrtps_cpp.dir/rosidl_typesupport_fastrtps_cpp/px4_msgs/msg/detail/dds_fastrtps/rtl_status__type_support.cpp.o[0m
[202.940s] [ 81%] [32mBuilding CXX object CMakeFiles/px4_msgs__rosidl_typesupport_fastrtps_cpp.dir/rosidl_typesupport_fastrtps_cpp/px4_msgs/msg/detail/dds_fastrtps/rtl_time_estimate__type_support.cpp.o[0m
[202.940s] [ 81%] [32mBuilding CXX object CMakeFiles/px4_msgs__rosidl_typesupport_fastrtps_c.dir/rosidl_typesupport_fastrtps_c/px4_msgs/msg/detail/rover_velocity_status__type_support_c.cpp.o[0m
[202.956s] [ 81%] [32mBuilding CXX object CMakeFiles/px4_msgs__rosidl_typesupport_fastrtps_cpp.dir/rosidl_typesupport_fastrtps_cpp/px4_msgs/msg/detail/dds_fastrtps/satellite_info__type_support.cpp.o[0m
[202.968s] [ 81%] [32mBuilding CXX object CMakeFiles/px4_msgs__rosidl_typesupport_fastrtps_c.dir/rosidl_typesupport_fastrtps_c/px4_msgs/msg/detail/rpm__type_support_c.cpp.o[0m
[203.049s] [ 81%] [32mBuilding CXX object CMakeFiles/px4_msgs__rosidl_typesupport_fastrtps_c.dir/rosidl_typesupport_fastrtps_c/px4_msgs/msg/detail/rtl_status__type_support_c.cpp.o[0m
[203.420s] [ 81%] [32mBuilding CXX object CMakeFiles/px4_msgs__rosidl_typesupport_fastrtps_cpp.dir/rosidl_typesupport_fastrtps_cpp/px4_msgs/msg/detail/dds_fastrtps/sensor_accel__type_support.cpp.o[0m
[203.464s] [ 81%] [32mBuilding CXX object CMakeFiles/px4_msgs__rosidl_typesupport_fastrtps_cpp.dir/rosidl_typesupport_fastrtps_cpp/px4_msgs/msg/detail/dds_fastrtps/sensor_accel_fifo__type_support.cpp.o[0m
[203.555s] [ 81%] [32mBuilding CXX object CMakeFiles/px4_msgs__rosidl_typesupport_fastrtps_c.dir/rosidl_typesupport_fastrtps_c/px4_msgs/msg/detail/rtl_time_estimate__type_support_c.cpp.o[0m
[203.556s] [ 81%] [32mBuilding CXX object CMakeFiles/px4_msgs__rosidl_typesupport_fastrtps_cpp.dir/rosidl_typesupport_fastrtps_cpp/px4_msgs/msg/detail/dds_fastrtps/sensor_airflow__type_support.cpp.o[0m
[203.639s] [ 81%] [32mBuilding CXX object CMakeFiles/px4_msgs__rosidl_typesupport_fastrtps_c.dir/rosidl_typesupport_fastrtps_c/px4_msgs/msg/detail/satellite_info__type_support_c.cpp.o[0m
[203.697s] [ 81%] [32mBuilding CXX object CMakeFiles/px4_msgs__rosidl_typesupport_fastrtps_cpp.dir/rosidl_typesupport_fastrtps_cpp/px4_msgs/msg/detail/dds_fastrtps/sensor_baro__type_support.cpp.o[0m
[203.697s] [ 81%] [32mBuilding CXX object CMakeFiles/px4_msgs__rosidl_typesupport_fastrtps_c.dir/rosidl_typesupport_fastrtps_c/px4_msgs/msg/detail/sensor_accel__type_support_c.cpp.o[0m
[203.717s] [ 81%] [32mBuilding CXX object CMakeFiles/px4_msgs__rosidl_typesupport_fastrtps_c.dir/rosidl_typesupport_fastrtps_c/px4_msgs/msg/detail/sensor_accel_fifo__type_support_c.cpp.o[0m
[204.327s] [ 81%] [32mBuilding CXX object CMakeFiles/px4_msgs__rosidl_typesupport_fastrtps_cpp.dir/rosidl_typesupport_fastrtps_cpp/px4_msgs/msg/detail/dds_fastrtps/sensor_combined__type_support.cpp.o[0m
[204.328s] [ 81%] [32mBuilding CXX object CMakeFiles/px4_msgs__rosidl_typesupport_fastrtps_c.dir/rosidl_typesupport_fastrtps_c/px4_msgs/msg/detail/sensor_airflow__type_support_c.cpp.o[0m
[204.439s] [ 81%] [32mBuilding CXX object CMakeFiles/px4_msgs__rosidl_typesupport_fastrtps_c.dir/rosidl_typesupport_fastrtps_c/px4_msgs/msg/detail/sensor_baro__type_support_c.cpp.o[0m
[204.439s] [ 81%] [32mBuilding CXX object CMakeFiles/px4_msgs__rosidl_typesupport_fastrtps_cpp.dir/rosidl_typesupport_fastrtps_cpp/px4_msgs/msg/detail/dds_fastrtps/sensor_correction__type_support.cpp.o[0m
[204.498s] [ 82%] [32mBuilding CXX object CMakeFiles/px4_msgs__rosidl_typesupport_fastrtps_c.dir/rosidl_typesupport_fastrtps_c/px4_msgs/msg/detail/sensor_combined__type_support_c.cpp.o[0m
[204.541s] [ 82%] [32mBuilding CXX object CMakeFiles/px4_msgs__rosidl_typesupport_fastrtps_c.dir/rosidl_typesupport_fastrtps_c/px4_msgs/msg/detail/sensor_correction__type_support_c.cpp.o[0m
[204.541s] [ 82%] [32mBuilding CXX object CMakeFiles/px4_msgs__rosidl_typesupport_fastrtps_cpp.dir/rosidl_typesupport_fastrtps_cpp/px4_msgs/msg/detail/dds_fastrtps/sensor_gnss_relative__type_support.cpp.o[0m
[205.134s] [ 82%] [32mBuilding CXX object CMakeFiles/px4_msgs__rosidl_typesupport_fastrtps_c.dir/rosidl_typesupport_fastrtps_c/px4_msgs/msg/detail/sensor_gnss_relative__type_support_c.cpp.o[0m
[205.134s] [ 82%] [32mBuilding CXX object CMakeFiles/px4_msgs__rosidl_typesupport_fastrtps_cpp.dir/rosidl_typesupport_fastrtps_cpp/px4_msgs/msg/detail/dds_fastrtps/sensor_gps__type_support.cpp.o[0m
[205.219s] [ 82%] [32mBuilding CXX object CMakeFiles/px4_msgs__rosidl_typesupport_fastrtps_c.dir/rosidl_typesupport_fastrtps_c/px4_msgs/msg/detail/sensor_gps__type_support_c.cpp.o[0m
[205.251s] [ 82%] [32mBuilding CXX object CMakeFiles/px4_msgs__rosidl_typesupport_fastrtps_cpp.dir/rosidl_typesupport_fastrtps_cpp/px4_msgs/msg/detail/dds_fastrtps/sensor_gyro__type_support.cpp.o[0m
[205.319s] [ 82%] [32mBuilding CXX object CMakeFiles/px4_msgs__rosidl_typesupport_fastrtps_cpp.dir/rosidl_typesupport_fastrtps_cpp/px4_msgs/msg/detail/dds_fastrtps/sensor_gyro_fft__type_support.cpp.o[0m
[205.326s] [ 82%] [32mBuilding CXX object CMakeFiles/px4_msgs__rosidl_typesupport_fastrtps_cpp.dir/rosidl_typesupport_fastrtps_cpp/px4_msgs/msg/detail/dds_fastrtps/sensor_gyro_fifo__type_support.cpp.o[0m
[205.578s] [ 82%] [32mBuilding CXX object CMakeFiles/px4_msgs__rosidl_typesupport_fastrtps_c.dir/rosidl_typesupport_fastrtps_c/px4_msgs/msg/detail/sensor_gyro__type_support_c.cpp.o[0m
[205.579s] [ 82%] [32mBuilding CXX object CMakeFiles/px4_msgs__rosidl_typesupport_fastrtps_cpp.dir/rosidl_typesupport_fastrtps_cpp/px4_msgs/msg/detail/dds_fastrtps/sensor_hygrometer__type_support.cpp.o[0m
[205.987s] [ 83%] [32mBuilding CXX object CMakeFiles/px4_msgs__rosidl_typesupport_fastrtps_cpp.dir/rosidl_typesupport_fastrtps_cpp/px4_msgs/msg/detail/dds_fastrtps/sensor_mag__type_support.cpp.o[0m
[206.146s] [ 83%] [32mBuilding CXX object CMakeFiles/px4_msgs__rosidl_typesupport_fastrtps_c.dir/rosidl_typesupport_fastrtps_c/px4_msgs/msg/detail/sensor_gyro_fft__type_support_c.cpp.o[0m
[206.149s] [ 83%] [32mBuilding CXX object CMakeFiles/px4_msgs__rosidl_typesupport_fastrtps_cpp.dir/rosidl_typesupport_fastrtps_cpp/px4_msgs/msg/detail/dds_fastrtps/sensor_optical_flow__type_support.cpp.o[0m
[206.151s] [ 83%] [32mBuilding CXX object CMakeFiles/px4_msgs__rosidl_typesupport_fastrtps_cpp.dir/rosidl_typesupport_fastrtps_cpp/px4_msgs/msg/detail/dds_fastrtps/sensor_preflight_mag__type_support.cpp.o[0m
[206.308s] [ 83%] [32mBuilding CXX object CMakeFiles/px4_msgs__rosidl_typesupport_fastrtps_cpp.dir/rosidl_typesupport_fastrtps_cpp/px4_msgs/msg/detail/dds_fastrtps/sensor_selection__type_support.cpp.o[0m
[206.310s] [ 83%] [32mBuilding CXX object CMakeFiles/px4_msgs__rosidl_typesupport_fastrtps_c.dir/rosidl_typesupport_fastrtps_c/px4_msgs/msg/detail/sensor_gyro_fifo__type_support_c.cpp.o[0m
[206.562s] [ 83%] [32mBuilding CXX object CMakeFiles/px4_msgs__rosidl_typesupport_fastrtps_c.dir/rosidl_typesupport_fastrtps_c/px4_msgs/msg/detail/sensor_hygrometer__type_support_c.cpp.o[0m
[206.562s] [ 83%] [32mBuilding CXX object CMakeFiles/px4_msgs__rosidl_typesupport_fastrtps_cpp.dir/rosidl_typesupport_fastrtps_cpp/px4_msgs/msg/detail/dds_fastrtps/sensor_uwb__type_support.cpp.o[0m
[206.977s] [ 83%] [32mBuilding CXX object CMakeFiles/px4_msgs__rosidl_typesupport_fastrtps_cpp.dir/rosidl_typesupport_fastrtps_cpp/px4_msgs/msg/detail/dds_fastrtps/sensors_status__type_support.cpp.o[0m
[207.016s] [ 83%] [32mBuilding CXX object CMakeFiles/px4_msgs__rosidl_typesupport_fastrtps_c.dir/rosidl_typesupport_fastrtps_c/px4_msgs/msg/detail/sensor_mag__type_support_c.cpp.o[0m
[207.106s] [ 83%] [32mBuilding CXX object CMakeFiles/px4_msgs__rosidl_typesupport_fastrtps_c.dir/rosidl_typesupport_fastrtps_c/px4_msgs/msg/detail/sensor_optical_flow__type_support_c.cpp.o[0m
[207.109s] [ 83%] [32mBuilding CXX object CMakeFiles/px4_msgs__rosidl_typesupport_fastrtps_cpp.dir/rosidl_typesupport_fastrtps_cpp/px4_msgs/msg/detail/dds_fastrtps/sensors_status_imu__type_support.cpp.o[0m
[207.269s] [ 83%] [32mBuilding CXX object CMakeFiles/px4_msgs__rosidl_typesupport_fastrtps_cpp.dir/rosidl_typesupport_fastrtps_cpp/px4_msgs/msg/detail/dds_fastrtps/system_power__type_support.cpp.o[0m
[207.397s] [ 83%] [32mBuilding CXX object CMakeFiles/px4_msgs__rosidl_typesupport_fastrtps_c.dir/rosidl_typesupport_fastrtps_c/px4_msgs/msg/detail/sensor_preflight_mag__type_support_c.cpp.o[0m
[207.610s] [ 83%] [32mBuilding CXX object CMakeFiles/px4_msgs__rosidl_typesupport_fastrtps_cpp.dir/rosidl_typesupport_fastrtps_cpp/px4_msgs/msg/detail/dds_fastrtps/takeoff_status__type_support.cpp.o[0m
[207.825s] [ 83%] [32mBuilding CXX object CMakeFiles/px4_msgs__rosidl_typesupport_fastrtps_c.dir/rosidl_typesupport_fastrtps_c/px4_msgs/msg/detail/sensor_selection__type_support_c.cpp.o[0m
[207.825s] [ 83%] [32mBuilding CXX object CMakeFiles/px4_msgs__rosidl_typesupport_fastrtps_cpp.dir/rosidl_typesupport_fastrtps_cpp/px4_msgs/msg/detail/dds_fastrtps/task_stack_info__type_support.cpp.o[0m
[207.899s] [ 83%] [32mBuilding CXX object CMakeFiles/px4_msgs__rosidl_typesupport_fastrtps_c.dir/rosidl_typesupport_fastrtps_c/px4_msgs/msg/detail/sensor_uwb__type_support_c.cpp.o[0m
[207.903s] [ 83%] [32mBuilding CXX object CMakeFiles/px4_msgs__rosidl_typesupport_fastrtps_cpp.dir/rosidl_typesupport_fastrtps_cpp/px4_msgs/msg/detail/dds_fastrtps/tecs_status__type_support.cpp.o[0m
[207.921s] [ 83%] [32mBuilding CXX object CMakeFiles/px4_msgs__rosidl_typesupport_fastrtps_c.dir/rosidl_typesupport_fastrtps_c/px4_msgs/msg/detail/sensors_status__type_support_c.cpp.o[0m
[208.261s] [ 83%] [32mBuilding CXX object CMakeFiles/px4_msgs__rosidl_typesupport_fastrtps_cpp.dir/rosidl_typesupport_fastrtps_cpp/px4_msgs/msg/detail/dds_fastrtps/telemetry_status__type_support.cpp.o[0m
[208.261s] [ 83%] [32mBuilding CXX object CMakeFiles/px4_msgs__rosidl_typesupport_fastrtps_c.dir/rosidl_typesupport_fastrtps_c/px4_msgs/msg/detail/sensors_status_imu__type_support_c.cpp.o[0m
[208.619s] [ 83%] [32mBuilding CXX object CMakeFiles/px4_msgs__rosidl_typesupport_fastrtps_c.dir/rosidl_typesupport_fastrtps_c/px4_msgs/msg/detail/system_power__type_support_c.cpp.o[0m
[208.619s] [ 83%] [32mBuilding CXX object CMakeFiles/px4_msgs__rosidl_typesupport_fastrtps_cpp.dir/rosidl_typesupport_fastrtps_cpp/px4_msgs/msg/detail/dds_fastrtps/tiltrotor_extra_controls__type_support.cpp.o[0m
[208.759s] [ 83%] [32mBuilding CXX object CMakeFiles/px4_msgs__rosidl_typesupport_fastrtps_cpp.dir/rosidl_typesupport_fastrtps_cpp/px4_msgs/msg/detail/dds_fastrtps/timesync_status__type_support.cpp.o[0m
[208.822s] [ 83%] [32mBuilding CXX object CMakeFiles/px4_msgs__rosidl_typesupport_fastrtps_c.dir/rosidl_typesupport_fastrtps_c/px4_msgs/msg/detail/takeoff_status__type_support_c.cpp.o[0m
[208.843s] [ 83%] [32mBuilding CXX object CMakeFiles/px4_msgs__rosidl_typesupport_fastrtps_cpp.dir/rosidl_typesupport_fastrtps_cpp/px4_msgs/msg/detail/dds_fastrtps/trajectory_setpoint__type_support.cpp.o[0m
[208.855s] [ 83%] [32mBuilding CXX object CMakeFiles/px4_msgs__rosidl_typesupport_fastrtps_c.dir/rosidl_typesupport_fastrtps_c/px4_msgs/msg/detail/task_stack_info__type_support_c.cpp.o[0m
[209.142s] [ 84%] [32mBuilding CXX object CMakeFiles/px4_msgs__rosidl_typesupport_fastrtps_cpp.dir/rosidl_typesupport_fastrtps_cpp/px4_msgs/msg/detail/dds_fastrtps/trajectory_setpoint6dof__type_support.cpp.o[0m
[209.143s] [ 84%] [32mBuilding CXX object CMakeFiles/px4_msgs__rosidl_typesupport_fastrtps_c.dir/rosidl_typesupport_fastrtps_c/px4_msgs/msg/detail/tecs_status__type_support_c.cpp.o[0m
[209.339s] [ 84%] [32mBuilding CXX object CMakeFiles/px4_msgs__rosidl_typesupport_fastrtps_cpp.dir/rosidl_typesupport_fastrtps_cpp/px4_msgs/msg/detail/dds_fastrtps/transponder_report__type_support.cpp.o[0m
[209.340s] [ 84%] [32mBuilding CXX object CMakeFiles/px4_msgs__rosidl_typesupport_fastrtps_c.dir/rosidl_typesupport_fastrtps_c/px4_msgs/msg/detail/telemetry_status__type_support_c.cpp.o[0m
[209.477s] [ 84%] [32mBuilding CXX object CMakeFiles/px4_msgs__rosidl_typesupport_fastrtps_c.dir/rosidl_typesupport_fastrtps_c/px4_msgs/msg/detail/tiltrotor_extra_controls__type_support_c.cpp.o[0m
[209.525s] [ 84%] [32mBuilding CXX object CMakeFiles/px4_msgs__rosidl_typesupport_fastrtps_cpp.dir/rosidl_typesupport_fastrtps_cpp/px4_msgs/msg/detail/dds_fastrtps/tune_control__type_support.cpp.o[0m
[209.589s] [ 85%] [32mBuilding CXX object CMakeFiles/px4_msgs__rosidl_typesupport_fastrtps_cpp.dir/rosidl_typesupport_fastrtps_cpp/px4_msgs/msg/detail/dds_fastrtps/uavcan_parameter_request__type_support.cpp.o[0m
[209.711s] [ 85%] [32mBuilding CXX object CMakeFiles/px4_msgs__rosidl_typesupport_fastrtps_cpp.dir/rosidl_typesupport_fastrtps_cpp/px4_msgs/msg/detail/dds_fastrtps/uavcan_parameter_value__type_support.cpp.o[0m
[209.715s] [ 85%] [32mBuilding CXX object CMakeFiles/px4_msgs__rosidl_typesupport_fastrtps_c.dir/rosidl_typesupport_fastrtps_c/px4_msgs/msg/detail/timesync_status__type_support_c.cpp.o[0m
[209.816s] [ 85%] [32mBuilding CXX object CMakeFiles/px4_msgs__rosidl_typesupport_fastrtps_c.dir/rosidl_typesupport_fastrtps_c/px4_msgs/msg/detail/trajectory_setpoint__type_support_c.cpp.o[0m
[209.994s] [ 85%] [32mBuilding CXX object CMakeFiles/px4_msgs__rosidl_typesupport_fastrtps_cpp.dir/rosidl_typesupport_fastrtps_cpp/px4_msgs/msg/detail/dds_fastrtps/ulog_stream__type_support.cpp.o[0m
[210.125s] [ 85%] [32mBuilding CXX object CMakeFiles/px4_msgs__rosidl_typesupport_fastrtps_c.dir/rosidl_typesupport_fastrtps_c/px4_msgs/msg/detail/trajectory_setpoint6dof__type_support_c.cpp.o[0m
[210.126s] [ 85%] [32mBuilding CXX object CMakeFiles/px4_msgs__rosidl_typesupport_fastrtps_cpp.dir/rosidl_typesupport_fastrtps_cpp/px4_msgs/msg/detail/dds_fastrtps/ulog_stream_ack__type_support.cpp.o[0m
[210.271s] [ 85%] [32mBuilding CXX object CMakeFiles/px4_msgs__rosidl_typesupport_fastrtps_c.dir/rosidl_typesupport_fastrtps_c/px4_msgs/msg/detail/transponder_report__type_support_c.cpp.o[0m
[210.349s] [ 85%] [32mBuilding CXX object CMakeFiles/px4_msgs__rosidl_typesupport_fastrtps_cpp.dir/rosidl_typesupport_fastrtps_cpp/px4_msgs/msg/detail/dds_fastrtps/unregister_ext_component__type_support.cpp.o[0m
[210.358s] [ 85%] [32mBuilding CXX object CMakeFiles/px4_msgs__rosidl_typesupport_fastrtps_c.dir/rosidl_typesupport_fastrtps_c/px4_msgs/msg/detail/tune_control__type_support_c.cpp.o[0m
[210.474s] [ 85%] [32mBuilding CXX object CMakeFiles/px4_msgs__rosidl_typesupport_fastrtps_c.dir/rosidl_typesupport_fastrtps_c/px4_msgs/msg/detail/uavcan_parameter_request__type_support_c.cpp.o[0m
[210.474s] [ 85%] [32mBuilding CXX object CMakeFiles/px4_msgs__rosidl_typesupport_fastrtps_cpp.dir/rosidl_typesupport_fastrtps_cpp/px4_msgs/msg/detail/dds_fastrtps/vehicle_acceleration__type_support.cpp.o[0m
[210.744s] [ 85%] [32mBuilding CXX object CMakeFiles/px4_msgs__rosidl_typesupport_fastrtps_c.dir/rosidl_typesupport_fastrtps_c/px4_msgs/msg/detail/uavcan_parameter_value__type_support_c.cpp.o[0m
[210.796s] [ 85%] [32mBuilding CXX object CMakeFiles/px4_msgs__rosidl_typesupport_fastrtps_cpp.dir/rosidl_typesupport_fastrtps_cpp/px4_msgs/msg/detail/dds_fastrtps/vehicle_air_data__type_support.cpp.o[0m
[210.902s] [ 85%] [32mBuilding CXX object CMakeFiles/px4_msgs__rosidl_typesupport_fastrtps_c.dir/rosidl_typesupport_fastrtps_c/px4_msgs/msg/detail/ulog_stream__type_support_c.cpp.o[0m
[210.957s] [ 85%] [32mBuilding CXX object CMakeFiles/px4_msgs__rosidl_typesupport_fastrtps_cpp.dir/rosidl_typesupport_fastrtps_cpp/px4_msgs/msg/detail/dds_fastrtps/vehicle_angular_acceleration_setpoint__type_support.cpp.o[0m
[211.081s] [ 85%] [32mBuilding CXX object CMakeFiles/px4_msgs__rosidl_typesupport_fastrtps_cpp.dir/rosidl_typesupport_fastrtps_cpp/px4_msgs/msg/detail/dds_fastrtps/vehicle_angular_velocity__type_support.cpp.o[0m
[211.238s] [ 85%] [32mBuilding CXX object CMakeFiles/px4_msgs__rosidl_typesupport_fastrtps_cpp.dir/rosidl_typesupport_fastrtps_cpp/px4_msgs/msg/detail/dds_fastrtps/vehicle_attitude__type_support.cpp.o[0m
[211.238s] [ 85%] [32mBuilding CXX object CMakeFiles/px4_msgs__rosidl_typesupport_fastrtps_c.dir/rosidl_typesupport_fastrtps_c/px4_msgs/msg/detail/ulog_stream_ack__type_support_c.cpp.o[0m
[211.549s] [ 85%] [32mBuilding CXX object CMakeFiles/px4_msgs__rosidl_typesupport_fastrtps_cpp.dir/rosidl_typesupport_fastrtps_cpp/px4_msgs/msg/detail/dds_fastrtps/vehicle_attitude_setpoint__type_support.cpp.o[0m
[211.564s] [ 85%] [32mBuilding CXX object CMakeFiles/px4_msgs__rosidl_typesupport_fastrtps_c.dir/rosidl_typesupport_fastrtps_c/px4_msgs/msg/detail/unregister_ext_component__type_support_c.cpp.o[0m
[211.721s] [ 85%] [32mBuilding CXX object CMakeFiles/px4_msgs__rosidl_typesupport_fastrtps_cpp.dir/rosidl_typesupport_fastrtps_cpp/px4_msgs/msg/detail/dds_fastrtps/vehicle_command__type_support.cpp.o[0m
[211.868s] [ 85%] [32mBuilding CXX object CMakeFiles/px4_msgs__rosidl_typesupport_fastrtps_cpp.dir/rosidl_typesupport_fastrtps_cpp/px4_msgs/msg/detail/dds_fastrtps/vehicle_command_ack__type_support.cpp.o[0m
[212.029s] [ 85%] [32mBuilding CXX object CMakeFiles/px4_msgs__rosidl_typesupport_fastrtps_c.dir/rosidl_typesupport_fastrtps_c/px4_msgs/msg/detail/vehicle_acceleration__type_support_c.cpp.o[0m
[212.062s] [ 85%] [32mBuilding CXX object CMakeFiles/px4_msgs__rosidl_typesupport_fastrtps_cpp.dir/rosidl_typesupport_fastrtps_cpp/px4_msgs/msg/detail/dds_fastrtps/vehicle_constraints__type_support.cpp.o[0m
[212.095s] [ 85%] [32mBuilding CXX object CMakeFiles/px4_msgs__rosidl_typesupport_fastrtps_c.dir/rosidl_typesupport_fastrtps_c/px4_msgs/msg/detail/vehicle_air_data__type_support_c.cpp.o[0m
[212.232s] [ 85%] [32mBuilding CXX object CMakeFiles/px4_msgs__rosidl_typesupport_fastrtps_c.dir/rosidl_typesupport_fastrtps_c/px4_msgs/msg/detail/vehicle_angular_acceleration_setpoint__type_support_c.cpp.o[0m
[212.479s] [ 85%] [32mBuilding CXX object CMakeFiles/px4_msgs__rosidl_typesupport_fastrtps_cpp.dir/rosidl_typesupport_fastrtps_cpp/px4_msgs/msg/detail/dds_fastrtps/vehicle_control_mode__type_support.cpp.o[0m
[212.543s] [ 85%] [32mBuilding CXX object CMakeFiles/px4_msgs__rosidl_typesupport_fastrtps_cpp.dir/rosidl_typesupport_fastrtps_cpp/px4_msgs/msg/detail/dds_fastrtps/vehicle_global_position__type_support.cpp.o[0m
[212.761s] [ 85%] [32mBuilding CXX object CMakeFiles/px4_msgs__rosidl_typesupport_fastrtps_cpp.dir/rosidl_typesupport_fastrtps_cpp/px4_msgs/msg/detail/dds_fastrtps/vehicle_imu__type_support.cpp.o[0m
[212.919s] [ 85%] [32mBuilding CXX object CMakeFiles/px4_msgs__rosidl_typesupport_fastrtps_cpp.dir/rosidl_typesupport_fastrtps_cpp/px4_msgs/msg/detail/dds_fastrtps/vehicle_imu_status__type_support.cpp.o[0m
[212.959s] [ 85%] [32mBuilding CXX object CMakeFiles/px4_msgs__rosidl_typesupport_fastrtps_c.dir/rosidl_typesupport_fastrtps_c/px4_msgs/msg/detail/vehicle_angular_velocity__type_support_c.cpp.o[0m
[213.022s] [ 86%] [32mBuilding CXX object CMakeFiles/px4_msgs__rosidl_typesupport_fastrtps_cpp.dir/rosidl_typesupport_fastrtps_cpp/px4_msgs/msg/detail/dds_fastrtps/vehicle_land_detected__type_support.cpp.o[0m
[213.041s] [ 86%] [32mBuilding CXX object CMakeFiles/px4_msgs__rosidl_typesupport_fastrtps_cpp.dir/rosidl_typesupport_fastrtps_cpp/px4_msgs/msg/detail/dds_fastrtps/vehicle_local_position__type_support.cpp.o[0m
[213.496s] [ 86%] [32mBuilding CXX object CMakeFiles/px4_msgs__rosidl_typesupport_fastrtps_c.dir/rosidl_typesupport_fastrtps_c/px4_msgs/msg/detail/vehicle_attitude__type_support_c.cpp.o[0m
[213.499s] [ 86%] [32mBuilding CXX object CMakeFiles/px4_msgs__rosidl_typesupport_fastrtps_cpp.dir/rosidl_typesupport_fastrtps_cpp/px4_msgs/msg/detail/dds_fastrtps/vehicle_local_position_setpoint__type_support.cpp.o[0m
[213.535s] [ 87%] [32mBuilding CXX object CMakeFiles/px4_msgs__rosidl_typesupport_fastrtps_c.dir/rosidl_typesupport_fastrtps_c/px4_msgs/msg/detail/vehicle_attitude_setpoint__type_support_c.cpp.o[0m
[213.719s] [ 87%] [32mBuilding CXX object CMakeFiles/px4_msgs__rosidl_typesupport_fastrtps_c.dir/rosidl_typesupport_fastrtps_c/px4_msgs/msg/detail/vehicle_command__type_support_c.cpp.o[0m
[213.771s] [ 87%] [32mBuilding CXX object CMakeFiles/px4_msgs__rosidl_typesupport_fastrtps_c.dir/rosidl_typesupport_fastrtps_c/px4_msgs/msg/detail/vehicle_command_ack__type_support_c.cpp.o[0m
[214.022s] [ 87%] [32mBuilding CXX object CMakeFiles/px4_msgs__rosidl_typesupport_fastrtps_cpp.dir/rosidl_typesupport_fastrtps_cpp/px4_msgs/msg/detail/dds_fastrtps/vehicle_magnetometer__type_support.cpp.o[0m
[214.288s] [ 87%] [32mBuilding CXX object CMakeFiles/px4_msgs__rosidl_typesupport_fastrtps_cpp.dir/rosidl_typesupport_fastrtps_cpp/px4_msgs/msg/detail/dds_fastrtps/vehicle_odometry__type_support.cpp.o[0m
[214.306s] [ 87%] [32mBuilding CXX object CMakeFiles/px4_msgs__rosidl_typesupport_fastrtps_cpp.dir/rosidl_typesupport_fastrtps_cpp/px4_msgs/msg/detail/dds_fastrtps/vehicle_optical_flow__type_support.cpp.o[0m
[214.307s] [ 87%] [32mBuilding CXX object CMakeFiles/px4_msgs__rosidl_typesupport_fastrtps_c.dir/rosidl_typesupport_fastrtps_c/px4_msgs/msg/detail/vehicle_control_mode__type_support_c.cpp.o[0m
[214.338s] [ 87%] [32mBuilding CXX object CMakeFiles/px4_msgs__rosidl_typesupport_fastrtps_c.dir/rosidl_typesupport_fastrtps_c/px4_msgs/msg/detail/vehicle_constraints__type_support_c.cpp.o[0m
[214.493s] [ 87%] [32mBuilding CXX object CMakeFiles/px4_msgs__rosidl_typesupport_fastrtps_c.dir/rosidl_typesupport_fastrtps_c/px4_msgs/msg/detail/vehicle_global_position__type_support_c.cpp.o[0m
[214.581s] [ 87%] [32mBuilding CXX object CMakeFiles/px4_msgs__rosidl_typesupport_fastrtps_c.dir/rosidl_typesupport_fastrtps_c/px4_msgs/msg/detail/vehicle_imu__type_support_c.cpp.o[0m
[214.855s] [ 87%] [32mBuilding CXX object CMakeFiles/px4_msgs__rosidl_typesupport_fastrtps_cpp.dir/rosidl_typesupport_fastrtps_cpp/px4_msgs/msg/detail/dds_fastrtps/vehicle_optical_flow_vel__type_support.cpp.o[0m
[214.855s] [ 87%] [32mBuilding CXX object CMakeFiles/px4_msgs__rosidl_typesupport_fastrtps_c.dir/rosidl_typesupport_fastrtps_c/px4_msgs/msg/detail/vehicle_imu_status__type_support_c.cpp.o[0m
[215.143s] [ 87%] [32mBuilding CXX object CMakeFiles/px4_msgs__rosidl_typesupport_fastrtps_c.dir/rosidl_typesupport_fastrtps_c/px4_msgs/msg/detail/vehicle_land_detected__type_support_c.cpp.o[0m
[215.217s] [ 87%] [32mBuilding CXX object CMakeFiles/px4_msgs__rosidl_typesupport_fastrtps_cpp.dir/rosidl_typesupport_fastrtps_cpp/px4_msgs/msg/detail/dds_fastrtps/vehicle_roi__type_support.cpp.o[0m
[215.226s] [ 87%] [32mBuilding CXX object CMakeFiles/px4_msgs__rosidl_typesupport_fastrtps_cpp.dir/rosidl_typesupport_fastrtps_cpp/px4_msgs/msg/detail/dds_fastrtps/vehicle_rates_setpoint__type_support.cpp.o[0m
[215.394s] [ 87%] [32mBuilding CXX object CMakeFiles/px4_msgs__rosidl_typesupport_fastrtps_c.dir/rosidl_typesupport_fastrtps_c/px4_msgs/msg/detail/vehicle_local_position_setpoint__type_support_c.cpp.o[0m
[215.700s] [ 87%] [32mBuilding CXX object CMakeFiles/px4_msgs__rosidl_typesupport_fastrtps_cpp.dir/rosidl_typesupport_fastrtps_cpp/px4_msgs/msg/detail/dds_fastrtps/vehicle_thrust_setpoint__type_support.cpp.o[0m
[215.700s] [ 87%] [32mBuilding CXX object CMakeFiles/px4_msgs__rosidl_typesupport_fastrtps_cpp.dir/rosidl_typesupport_fastrtps_cpp/px4_msgs/msg/detail/dds_fastrtps/vehicle_status__type_support.cpp.o[0m
[215.700s] [ 87%] [32mBuilding CXX object CMakeFiles/px4_msgs__rosidl_typesupport_fastrtps_c.dir/rosidl_typesupport_fastrtps_c/px4_msgs/msg/detail/vehicle_local_position__type_support_c.cpp.o[0m
[215.833s] [ 87%] [32mBuilding CXX object CMakeFiles/px4_msgs__rosidl_typesupport_fastrtps_c.dir/rosidl_typesupport_fastrtps_c/px4_msgs/msg/detail/vehicle_magnetometer__type_support_c.cpp.o[0m
[215.833s] [ 87%] [32mBuilding CXX object CMakeFiles/px4_msgs__rosidl_typesupport_fastrtps_cpp.dir/rosidl_typesupport_fastrtps_cpp/px4_msgs/msg/detail/dds_fastrtps/vehicle_torque_setpoint__type_support.cpp.o[0m
[215.915s] [ 87%] [32mBuilding CXX object CMakeFiles/px4_msgs__rosidl_typesupport_fastrtps_c.dir/rosidl_typesupport_fastrtps_c/px4_msgs/msg/detail/vehicle_odometry__type_support_c.cpp.o[0m
[216.193s] [ 87%] [32mBuilding CXX object CMakeFiles/px4_msgs__rosidl_typesupport_fastrtps_cpp.dir/rosidl_typesupport_fastrtps_cpp/px4_msgs/msg/detail/dds_fastrtps/velocity_limits__type_support.cpp.o[0m
[216.195s] [ 87%] [32mBuilding CXX object CMakeFiles/px4_msgs__rosidl_typesupport_fastrtps_c.dir/rosidl_typesupport_fastrtps_c/px4_msgs/msg/detail/vehicle_optical_flow__type_support_c.cpp.o[0m
[216.609s] [ 87%] [32mBuilding CXX object CMakeFiles/px4_msgs__rosidl_typesupport_fastrtps_c.dir/rosidl_typesupport_fastrtps_c/px4_msgs/msg/detail/vehicle_optical_flow_vel__type_support_c.cpp.o[0m
[216.609s] [ 87%] [32mBuilding CXX object CMakeFiles/px4_msgs__rosidl_typesupport_fastrtps_cpp.dir/rosidl_typesupport_fastrtps_cpp/px4_msgs/msg/detail/dds_fastrtps/vtol_vehicle_status__type_support.cpp.o[0m
[216.658s] [ 87%] [32mBuilding CXX object CMakeFiles/px4_msgs__rosidl_typesupport_fastrtps_cpp.dir/rosidl_typesupport_fastrtps_cpp/px4_msgs/msg/detail/dds_fastrtps/wheel_encoders__type_support.cpp.o[0m
[216.751s] [ 87%] [32mBuilding CXX object CMakeFiles/px4_msgs__rosidl_typesupport_fastrtps_c.dir/rosidl_typesupport_fastrtps_c/px4_msgs/msg/detail/vehicle_rates_setpoint__type_support_c.cpp.o[0m
[216.760s] [ 87%] [32mBuilding CXX object CMakeFiles/px4_msgs__rosidl_typesupport_fastrtps_cpp.dir/rosidl_typesupport_fastrtps_cpp/px4_msgs/msg/detail/dds_fastrtps/wind__type_support.cpp.o[0m
[216.820s] [ 87%] [32mBuilding CXX object CMakeFiles/px4_msgs__rosidl_typesupport_fastrtps_c.dir/rosidl_typesupport_fastrtps_c/px4_msgs/msg/detail/vehicle_roi__type_support_c.cpp.o[0m
[217.091s] [ 87%] [32mBuilding CXX object CMakeFiles/px4_msgs__rosidl_typesupport_fastrtps_cpp.dir/rosidl_typesupport_fastrtps_cpp/px4_msgs/msg/detail/dds_fastrtps/yaw_estimator_status__type_support.cpp.o[0m
[217.159s] [ 87%] [32mBuilding CXX object CMakeFiles/px4_msgs__rosidl_typesupport_fastrtps_c.dir/rosidl_typesupport_fastrtps_c/px4_msgs/msg/detail/vehicle_status__type_support_c.cpp.o[0m
[217.475s] [ 87%] [32mBuilding CXX object CMakeFiles/px4_msgs__rosidl_typesupport_fastrtps_cpp.dir/rosidl_typesupport_fastrtps_cpp/px4_msgs/srv/detail/dds_fastrtps/vehicle_command__type_support.cpp.o[0m
[217.572s] [ 87%] [32mBuilding CXX object CMakeFiles/px4_msgs__rosidl_typesupport_fastrtps_c.dir/rosidl_typesupport_fastrtps_c/px4_msgs/msg/detail/vehicle_thrust_setpoint__type_support_c.cpp.o[0m
[217.585s] [ 88%] [32mBuilding CXX object CMakeFiles/px4_msgs__rosidl_typesupport_fastrtps_c.dir/rosidl_typesupport_fastrtps_c/px4_msgs/msg/detail/vehicle_torque_setpoint__type_support_c.cpp.o[0m
[217.703s] [ 88%] [32mBuilding CXX object CMakeFiles/px4_msgs__rosidl_typesupport_fastrtps_c.dir/rosidl_typesupport_fastrtps_c/px4_msgs/msg/detail/velocity_limits__type_support_c.cpp.o[0m
[217.703s] [ 88%] [32mBuilding CXX object CMakeFiles/px4_msgs__rosidl_typesupport_fastrtps_c.dir/rosidl_typesupport_fastrtps_c/px4_msgs/msg/detail/vtol_vehicle_status__type_support_c.cpp.o[0m
[218.028s] [ 88%] [32mBuilding CXX object CMakeFiles/px4_msgs__rosidl_typesupport_fastrtps_c.dir/rosidl_typesupport_fastrtps_c/px4_msgs/msg/detail/wheel_encoders__type_support_c.cpp.o[0m
[218.244s] [ 88%] [32mBuilding CXX object CMakeFiles/px4_msgs__rosidl_typesupport_fastrtps_c.dir/rosidl_typesupport_fastrtps_c/px4_msgs/msg/detail/yaw_estimator_status__type_support_c.cpp.o[0m
[218.329s] [ 88%] [32m[1mLinking CXX shared library libpx4_msgs__rosidl_typesupport_fastrtps_cpp.so[0m
[218.346s] [ 88%] [32mBuilding CXX object CMakeFiles/px4_msgs__rosidl_typesupport_fastrtps_c.dir/rosidl_typesupport_fastrtps_c/px4_msgs/srv/detail/vehicle_command__type_support_c.cpp.o[0m
[218.353s] [ 88%] [32mBuilding CXX object CMakeFiles/px4_msgs__rosidl_typesupport_fastrtps_c.dir/rosidl_typesupport_fastrtps_c/px4_msgs/msg/detail/wind__type_support_c.cpp.o[0m
[218.635s] [ 88%] Built target px4_msgs__rosidl_typesupport_fastrtps_cpp
[218.917s] [ 88%] [32m[1mLinking CXX shared library libpx4_msgs__rosidl_typesupport_fastrtps_c.so[0m
[219.084s] [ 88%] Built target px4_msgs__rosidl_typesupport_fastrtps_c
[219.103s] [ 88%] Built target px4_msgs
[219.131s] [ 88%] [34m[1mGenerating Python code for ROS interfaces[0m
[292.801s] [ 88%] Built target px4_msgs__py
[292.834s] [ 88%] [32mBuilding C object CMakeFiles/px4_msgs__rosidl_generator_py.dir/rosidl_generator_py/px4_msgs/msg/_action_request_s.c.o[0m
[292.834s] [ 88%] [32mBuilding C object CMakeFiles/px4_msgs__rosidl_generator_py.dir/rosidl_generator_py/px4_msgs/msg/_actuator_armed_s.c.o[0m
[292.834s] [ 88%] [32mBuilding C object CMakeFiles/px4_msgs__rosidl_generator_py.dir/rosidl_generator_py/px4_msgs/msg/_ackermann_velocity_setpoint_s.c.o[0m
[292.834s] [ 88%] [32mBuilding C object CMakeFiles/px4_msgs__rosidl_generator_py.dir/rosidl_generator_py/px4_msgs/msg/_actuator_controls_status_s.c.o[0m
[292.834s] [ 88%] [32mBuilding C object CMakeFiles/px4_msgs__rosidl_generator_py.dir/rosidl_generator_py/px4_msgs/msg/_actuator_motors_s.c.o[0m
[292.834s] [ 88%] [32mBuilding C object CMakeFiles/px4_msgs__rosidl_generator_py.dir/rosidl_generator_py/px4_msgs/msg/_actuator_outputs_s.c.o[0m
[292.834s] [ 88%] [32mBuilding C object CMakeFiles/px4_msgs__rosidl_generator_py.dir/rosidl_generator_py/px4_msgs/msg/_actuator_servos_s.c.o[0m
[292.834s] [ 88%] [32mBuilding C object CMakeFiles/px4_msgs__rosidl_generator_py.dir/rosidl_generator_py/px4_msgs/msg/_actuator_servos_trim_s.c.o[0m
[293.016s] [ 89%] [32mBuilding C object CMakeFiles/px4_msgs__rosidl_generator_py.dir/rosidl_generator_py/px4_msgs/msg/_actuator_test_s.c.o[0m
[293.026s] [ 89%] [32mBuilding C object CMakeFiles/px4_msgs__rosidl_generator_py.dir/rosidl_generator_py/px4_msgs/msg/_airspeed_s.c.o[0m
[293.027s] [ 89%] [32mBuilding C object CMakeFiles/px4_msgs__rosidl_generator_py.dir/rosidl_generator_py/px4_msgs/msg/_adc_report_s.c.o[0m
[293.027s] [ 89%] [32mBuilding C object CMakeFiles/px4_msgs__rosidl_generator_py.dir/rosidl_generator_py/px4_msgs/msg/_airspeed_validated_s.c.o[0m
[293.027s] [ 89%] [32mBuilding C object CMakeFiles/px4_msgs__rosidl_generator_py.dir/rosidl_generator_py/px4_msgs/msg/_airspeed_wind_s.c.o[0m
[293.027s] [ 89%] [32mBuilding C object CMakeFiles/px4_msgs__rosidl_generator_py.dir/rosidl_generator_py/px4_msgs/msg/_arming_check_request_s.c.o[0m
[293.027s] [ 89%] [32mBuilding C object CMakeFiles/px4_msgs__rosidl_generator_py.dir/rosidl_generator_py/px4_msgs/msg/_autotune_attitude_control_status_s.c.o[0m
[293.029s] [ 89%] [32mBuilding C object CMakeFiles/px4_msgs__rosidl_generator_py.dir/rosidl_generator_py/px4_msgs/msg/_arming_check_reply_s.c.o[0m
[293.182s] [ 89%] [32mBuilding C object CMakeFiles/px4_msgs__rosidl_generator_py.dir/rosidl_generator_py/px4_msgs/msg/_battery_status_s.c.o[0m
[293.191s] [ 89%] [32mBuilding C object CMakeFiles/px4_msgs__rosidl_generator_py.dir/rosidl_generator_py/px4_msgs/msg/_camera_capture_s.c.o[0m
[293.191s] [ 89%] [32mBuilding C object CMakeFiles/px4_msgs__rosidl_generator_py.dir/rosidl_generator_py/px4_msgs/msg/_button_event_s.c.o[0m
[293.201s] [ 89%] [32mBuilding C object CMakeFiles/px4_msgs__rosidl_generator_py.dir/rosidl_generator_py/px4_msgs/msg/_camera_status_s.c.o[0m
[293.204s] [ 89%] [32mBuilding C object CMakeFiles/px4_msgs__rosidl_generator_py.dir/rosidl_generator_py/px4_msgs/msg/_camera_trigger_s.c.o[0m
[293.215s] [ 89%] [32mBuilding C object CMakeFiles/px4_msgs__rosidl_generator_py.dir/rosidl_generator_py/px4_msgs/msg/_can_interface_status_s.c.o[0m
[293.221s] [ 89%] [32mBuilding C object CMakeFiles/px4_msgs__rosidl_generator_py.dir/rosidl_generator_py/px4_msgs/msg/_cellular_status_s.c.o[0m
[293.223s] [ 89%] [32mBuilding C object CMakeFiles/px4_msgs__rosidl_generator_py.dir/rosidl_generator_py/px4_msgs/msg/_collision_constraints_s.c.o[0m
[293.366s] [ 89%] [32mBuilding C object CMakeFiles/px4_msgs__rosidl_generator_py.dir/rosidl_generator_py/px4_msgs/msg/_config_overrides_s.c.o[0m
[293.366s] [ 89%] [32mBuilding C object CMakeFiles/px4_msgs__rosidl_generator_py.dir/rosidl_generator_py/px4_msgs/msg/_control_allocator_status_s.c.o[0m
[293.371s] [ 90%] [32mBuilding C object CMakeFiles/px4_msgs__rosidl_generator_py.dir/rosidl_generator_py/px4_msgs/msg/_cpuload_s.c.o[0m
[293.377s] [ 90%] [32mBuilding C object CMakeFiles/px4_msgs__rosidl_generator_py.dir/rosidl_generator_py/px4_msgs/msg/_dataman_request_s.c.o[0m
[293.382s] [ 90%] [32mBuilding C object CMakeFiles/px4_msgs__rosidl_generator_py.dir/rosidl_generator_py/px4_msgs/msg/_dataman_response_s.c.o[0m
[293.399s] [ 90%] [32mBuilding C object CMakeFiles/px4_msgs__rosidl_generator_py.dir/rosidl_generator_py/px4_msgs/msg/_debug_array_s.c.o[0m
[293.400s] [ 90%] [32mBuilding C object CMakeFiles/px4_msgs__rosidl_generator_py.dir/rosidl_generator_py/px4_msgs/msg/_debug_key_value_s.c.o[0m
[293.400s] [ 90%] [32mBuilding C object CMakeFiles/px4_msgs__rosidl_generator_py.dir/rosidl_generator_py/px4_msgs/msg/_debug_value_s.c.o[0m
[293.531s] [ 90%] [32mBuilding C object CMakeFiles/px4_msgs__rosidl_generator_py.dir/rosidl_generator_py/px4_msgs/msg/_debug_vect_s.c.o[0m
[293.538s] [ 90%] [32mBuilding C object CMakeFiles/px4_msgs__rosidl_generator_py.dir/rosidl_generator_py/px4_msgs/msg/_differential_pressure_s.c.o[0m
[293.552s] [ 90%] [32mBuilding C object CMakeFiles/px4_msgs__rosidl_generator_py.dir/rosidl_generator_py/px4_msgs/msg/_distance_sensor_s.c.o[0m
[293.554s] [ 90%] [32mBuilding C object CMakeFiles/px4_msgs__rosidl_generator_py.dir/rosidl_generator_py/px4_msgs/msg/_distance_sensor_mode_change_request_s.c.o[0m
[293.557s] [ 90%] [32mBuilding C object CMakeFiles/px4_msgs__rosidl_generator_py.dir/rosidl_generator_py/px4_msgs/msg/_ekf2_timestamps_s.c.o[0m
[293.566s] [ 90%] [32mBuilding C object CMakeFiles/px4_msgs__rosidl_generator_py.dir/rosidl_generator_py/px4_msgs/msg/_esc_report_s.c.o[0m
[293.575s] [ 90%] [32mBuilding C object CMakeFiles/px4_msgs__rosidl_generator_py.dir/rosidl_generator_py/px4_msgs/msg/_esc_status_s.c.o[0m
[293.581s] [ 90%] [32mBuilding C object CMakeFiles/px4_msgs__rosidl_generator_py.dir/rosidl_generator_py/px4_msgs/msg/_estimator_aid_source1d_s.c.o[0m
[293.703s] [ 90%] [32mBuilding C object CMakeFiles/px4_msgs__rosidl_generator_py.dir/rosidl_generator_py/px4_msgs/msg/_estimator_aid_source2d_s.c.o[0m
[293.715s] [ 90%] [32mBuilding C object CMakeFiles/px4_msgs__rosidl_generator_py.dir/rosidl_generator_py/px4_msgs/msg/_estimator_aid_source3d_s.c.o[0m
[293.715s] [ 90%] [32mBuilding C object CMakeFiles/px4_msgs__rosidl_generator_py.dir/rosidl_generator_py/px4_msgs/msg/_estimator_bias_s.c.o[0m
[293.728s] [ 90%] [32mBuilding C object CMakeFiles/px4_msgs__rosidl_generator_py.dir/rosidl_generator_py/px4_msgs/msg/_estimator_bias3d_s.c.o[0m
[293.736s] [ 91%] [32mBuilding C object CMakeFiles/px4_msgs__rosidl_generator_py.dir/rosidl_generator_py/px4_msgs/msg/_estimator_event_flags_s.c.o[0m
[293.743s] [ 91%] [32mBuilding C object CMakeFiles/px4_msgs__rosidl_generator_py.dir/rosidl_generator_py/px4_msgs/msg/_estimator_gps_status_s.c.o[0m
[293.758s] [ 91%] [32mBuilding C object CMakeFiles/px4_msgs__rosidl_generator_py.dir/rosidl_generator_py/px4_msgs/msg/_estimator_innovations_s.c.o[0m
[293.770s] [ 91%] [32mBuilding C object CMakeFiles/px4_msgs__rosidl_generator_py.dir/rosidl_generator_py/px4_msgs/msg/_estimator_selector_status_s.c.o[0m
[293.891s] [ 91%] [32mBuilding C object CMakeFiles/px4_msgs__rosidl_generator_py.dir/rosidl_generator_py/px4_msgs/msg/_estimator_sensor_bias_s.c.o[0m
[293.917s] [ 91%] [32mBuilding C object CMakeFiles/px4_msgs__rosidl_generator_py.dir/rosidl_generator_py/px4_msgs/msg/_estimator_states_s.c.o[0m
[293.919s] [ 91%] [32mBuilding C object CMakeFiles/px4_msgs__rosidl_generator_py.dir/rosidl_generator_py/px4_msgs/msg/_estimator_status_s.c.o[0m
[293.919s] [ 91%] [32mBuilding C object CMakeFiles/px4_msgs__rosidl_generator_py.dir/rosidl_generator_py/px4_msgs/msg/_estimator_status_flags_s.c.o[0m
[293.924s] [ 91%] [32mBuilding C object CMakeFiles/px4_msgs__rosidl_generator_py.dir/rosidl_generator_py/px4_msgs/msg/_event_s.c.o[0m
[293.925s] [ 91%] [32mBuilding C object CMakeFiles/px4_msgs__rosidl_generator_py.dir/rosidl_generator_py/px4_msgs/msg/_failsafe_flags_s.c.o[0m
[293.979s] [ 91%] [32mBuilding C object CMakeFiles/px4_msgs__rosidl_generator_py.dir/rosidl_generator_py/px4_msgs/msg/_failure_detector_status_s.c.o[0m
[294.000s] [ 91%] [32mBuilding C object CMakeFiles/px4_msgs__rosidl_generator_py.dir/rosidl_generator_py/px4_msgs/msg/_figure_eight_status_s.c.o[0m
[294.095s] [ 91%] [32mBuilding C object CMakeFiles/px4_msgs__rosidl_generator_py.dir/rosidl_generator_py/px4_msgs/msg/_flight_phase_estimation_s.c.o[0m
[294.101s] [ 91%] [32mBuilding C object CMakeFiles/px4_msgs__rosidl_generator_py.dir/rosidl_generator_py/px4_msgs/msg/_follow_target_s.c.o[0m
[294.112s] [ 91%] [32mBuilding C object CMakeFiles/px4_msgs__rosidl_generator_py.dir/rosidl_generator_py/px4_msgs/msg/_follow_target_estimator_s.c.o[0m
[294.138s] [ 91%] [32mBuilding C object CMakeFiles/px4_msgs__rosidl_generator_py.dir/rosidl_generator_py/px4_msgs/msg/_follow_target_status_s.c.o[0m
[294.149s] [ 91%] [32mBuilding C object CMakeFiles/px4_msgs__rosidl_generator_py.dir/rosidl_generator_py/px4_msgs/msg/_fuel_tank_status_s.c.o[0m
[294.157s] [ 91%] [32mBuilding C object CMakeFiles/px4_msgs__rosidl_generator_py.dir/rosidl_generator_py/px4_msgs/msg/_generator_status_s.c.o[0m
[294.169s] [ 92%] [32mBuilding C object CMakeFiles/px4_msgs__rosidl_generator_py.dir/rosidl_generator_py/px4_msgs/msg/_geofence_result_s.c.o[0m
[294.172s] [ 92%] [32mBuilding C object CMakeFiles/px4_msgs__rosidl_generator_py.dir/rosidl_generator_py/px4_msgs/msg/_geofence_status_s.c.o[0m
[294.256s] [ 92%] [32mBuilding C object CMakeFiles/px4_msgs__rosidl_generator_py.dir/rosidl_generator_py/px4_msgs/msg/_gimbal_controls_s.c.o[0m
[294.272s] [ 92%] [32mBuilding C object CMakeFiles/px4_msgs__rosidl_generator_py.dir/rosidl_generator_py/px4_msgs/msg/_gimbal_device_attitude_status_s.c.o[0m
[294.303s] [ 92%] [32mBuilding C object CMakeFiles/px4_msgs__rosidl_generator_py.dir/rosidl_generator_py/px4_msgs/msg/_gimbal_device_information_s.c.o[0m
[294.312s] [ 92%] [32mBuilding C object CMakeFiles/px4_msgs__rosidl_generator_py.dir/rosidl_generator_py/px4_msgs/msg/_gimbal_device_set_attitude_s.c.o[0m
[294.330s] [ 92%] [32mBuilding C object CMakeFiles/px4_msgs__rosidl_generator_py.dir/rosidl_generator_py/px4_msgs/msg/_gimbal_manager_information_s.c.o[0m
[294.333s] [ 92%] [32mBuilding C object CMakeFiles/px4_msgs__rosidl_generator_py.dir/rosidl_generator_py/px4_msgs/msg/_gimbal_manager_set_attitude_s.c.o[0m
[294.333s] [ 92%] [32mBuilding C object CMakeFiles/px4_msgs__rosidl_generator_py.dir/rosidl_generator_py/px4_msgs/msg/_gimbal_manager_set_manual_control_s.c.o[0m
[294.341s] [ 92%] [32mBuilding C object CMakeFiles/px4_msgs__rosidl_generator_py.dir/rosidl_generator_py/px4_msgs/msg/_gimbal_manager_status_s.c.o[0m
[294.433s] [ 92%] [32mBuilding C object CMakeFiles/px4_msgs__rosidl_generator_py.dir/rosidl_generator_py/px4_msgs/msg/_goto_setpoint_s.c.o[0m
[294.454s] [ 92%] [32mBuilding C object CMakeFiles/px4_msgs__rosidl_generator_py.dir/rosidl_generator_py/px4_msgs/msg/_gpio_config_s.c.o[0m
[294.490s] [ 92%] [32mBuilding C object CMakeFiles/px4_msgs__rosidl_generator_py.dir/rosidl_generator_py/px4_msgs/msg/_gpio_in_s.c.o[0m
[294.503s] [ 92%] [32mBuilding C object CMakeFiles/px4_msgs__rosidl_generator_py.dir/rosidl_generator_py/px4_msgs/msg/_gpio_out_s.c.o[0m
[294.507s] [ 92%] [32mBuilding C object CMakeFiles/px4_msgs__rosidl_generator_py.dir/rosidl_generator_py/px4_msgs/msg/_gpio_request_s.c.o[0m
[294.509s] [ 92%] [32mBuilding C object CMakeFiles/px4_msgs__rosidl_generator_py.dir/rosidl_generator_py/px4_msgs/msg/_gps_dump_s.c.o[0m
[294.515s] [ 92%] [32mBuilding C object CMakeFiles/px4_msgs__rosidl_generator_py.dir/rosidl_generator_py/px4_msgs/msg/_gps_inject_data_s.c.o[0m
[294.517s] [ 92%] [32mBuilding C object CMakeFiles/px4_msgs__rosidl_generator_py.dir/rosidl_generator_py/px4_msgs/msg/_gripper_s.c.o[0m
[294.611s] [ 92%] [32mBuilding C object CMakeFiles/px4_msgs__rosidl_generator_py.dir/rosidl_generator_py/px4_msgs/msg/_health_report_s.c.o[0m
[294.621s] [ 93%] [32mBuilding C object CMakeFiles/px4_msgs__rosidl_generator_py.dir/rosidl_generator_py/px4_msgs/msg/_heater_status_s.c.o[0m
[294.655s] [ 93%] [32mBuilding C object CMakeFiles/px4_msgs__rosidl_generator_py.dir/rosidl_generator_py/px4_msgs/msg/_home_position_s.c.o[0m
[294.668s] [ 93%] [32mBuilding C object CMakeFiles/px4_msgs__rosidl_generator_py.dir/rosidl_generator_py/px4_msgs/msg/_hover_thrust_estimate_s.c.o[0m
[294.677s] [ 93%] [32mBuilding C object CMakeFiles/px4_msgs__rosidl_generator_py.dir/rosidl_generator_py/px4_msgs/msg/_input_rc_s.c.o[0m
[294.680s] [ 93%] [32mBuilding C object CMakeFiles/px4_msgs__rosidl_generator_py.dir/rosidl_generator_py/px4_msgs/msg/_internal_combustion_engine_control_s.c.o[0m
[294.684s] [ 93%] [32mBuilding C object CMakeFiles/px4_msgs__rosidl_generator_py.dir/rosidl_generator_py/px4_msgs/msg/_internal_combustion_engine_status_s.c.o[0m
[294.694s] [ 93%] [32mBuilding C object CMakeFiles/px4_msgs__rosidl_generator_py.dir/rosidl_generator_py/px4_msgs/msg/_iridiumsbd_status_s.c.o[0m
[294.779s] [ 93%] [32mBuilding C object CMakeFiles/px4_msgs__rosidl_generator_py.dir/rosidl_generator_py/px4_msgs/msg/_irlock_report_s.c.o[0m
[294.797s] [ 93%] [32mBuilding C object CMakeFiles/px4_msgs__rosidl_generator_py.dir/rosidl_generator_py/px4_msgs/msg/_landing_gear_s.c.o[0m
[294.833s] [ 93%] [32mBuilding C object CMakeFiles/px4_msgs__rosidl_generator_py.dir/rosidl_generator_py/px4_msgs/msg/_landing_gear_wheel_s.c.o[0m
[294.838s] [ 93%] [32mBuilding C object CMakeFiles/px4_msgs__rosidl_generator_py.dir/rosidl_generator_py/px4_msgs/msg/_landing_target_innovations_s.c.o[0m
[294.848s] [ 93%] [32mBuilding C object CMakeFiles/px4_msgs__rosidl_generator_py.dir/rosidl_generator_py/px4_msgs/msg/_landing_target_pose_s.c.o[0m
[294.864s] [ 93%] [32mBuilding C object CMakeFiles/px4_msgs__rosidl_generator_py.dir/rosidl_generator_py/px4_msgs/msg/_launch_detection_status_s.c.o[0m
[294.877s] [ 93%] [32mBuilding C object CMakeFiles/px4_msgs__rosidl_generator_py.dir/rosidl_generator_py/px4_msgs/msg/_log_message_s.c.o[0m
[294.877s] [ 93%] [32mBuilding C object CMakeFiles/px4_msgs__rosidl_generator_py.dir/rosidl_generator_py/px4_msgs/msg/_led_control_s.c.o[0m
[294.946s] [ 93%] [32mBuilding C object CMakeFiles/px4_msgs__rosidl_generator_py.dir/rosidl_generator_py/px4_msgs/msg/_logger_status_s.c.o[0m
[294.958s] [ 93%] [32mBuilding C object CMakeFiles/px4_msgs__rosidl_generator_py.dir/rosidl_generator_py/px4_msgs/msg/_mag_worker_data_s.c.o[0m
[294.998s] [ 93%] [32mBuilding C object CMakeFiles/px4_msgs__rosidl_generator_py.dir/rosidl_generator_py/px4_msgs/msg/_magnetometer_bias_estimate_s.c.o[0m
[295.003s] [ 94%] [32mBuilding C object CMakeFiles/px4_msgs__rosidl_generator_py.dir/rosidl_generator_py/px4_msgs/msg/_manual_control_setpoint_s.c.o[0m
[295.028s] [ 94%] [32mBuilding C object CMakeFiles/px4_msgs__rosidl_generator_py.dir/rosidl_generator_py/px4_msgs/msg/_manual_control_switches_s.c.o[0m
[295.030s] [ 94%] [32mBuilding C object CMakeFiles/px4_msgs__rosidl_generator_py.dir/rosidl_generator_py/px4_msgs/msg/_mavlink_log_s.c.o[0m
[295.047s] [ 94%] [32mBuilding C object CMakeFiles/px4_msgs__rosidl_generator_py.dir/rosidl_generator_py/px4_msgs/msg/_mavlink_tunnel_s.c.o[0m
[295.053s] [ 94%] [32mBuilding C object CMakeFiles/px4_msgs__rosidl_generator_py.dir/rosidl_generator_py/px4_msgs/msg/_message_format_request_s.c.o[0m
[295.120s] [ 94%] [32mBuilding C object CMakeFiles/px4_msgs__rosidl_generator_py.dir/rosidl_generator_py/px4_msgs/msg/_message_format_response_s.c.o[0m
[295.157s] [ 94%] [32mBuilding C object CMakeFiles/px4_msgs__rosidl_generator_py.dir/rosidl_generator_py/px4_msgs/msg/_mission_s.c.o[0m
[295.187s] [ 94%] [32mBuilding C object CMakeFiles/px4_msgs__rosidl_generator_py.dir/rosidl_generator_py/px4_msgs/msg/_mission_result_s.c.o[0m
[295.188s] [ 94%] [32mBuilding C object CMakeFiles/px4_msgs__rosidl_generator_py.dir/rosidl_generator_py/px4_msgs/msg/_mode_completed_s.c.o[0m
[295.201s] [ 94%] [32mBuilding C object CMakeFiles/px4_msgs__rosidl_generator_py.dir/rosidl_generator_py/px4_msgs/msg/_mount_orientation_s.c.o[0m
[295.207s] [ 94%] [32mBuilding C object CMakeFiles/px4_msgs__rosidl_generator_py.dir/rosidl_generator_py/px4_msgs/msg/_navigator_mission_item_s.c.o[0m
[295.230s] [ 94%] [32mBuilding C object CMakeFiles/px4_msgs__rosidl_generator_py.dir/rosidl_generator_py/px4_msgs/msg/_navigator_status_s.c.o[0m
[295.232s] [ 94%] [32mBuilding C object CMakeFiles/px4_msgs__rosidl_generator_py.dir/rosidl_generator_py/px4_msgs/msg/_normalized_unsigned_setpoint_s.c.o[0m
[295.292s] [ 94%] [32mBuilding C object CMakeFiles/px4_msgs__rosidl_generator_py.dir/rosidl_generator_py/px4_msgs/msg/_npfg_status_s.c.o[0m
[295.331s] [ 94%] [32mBuilding C object CMakeFiles/px4_msgs__rosidl_generator_py.dir/rosidl_generator_py/px4_msgs/msg/_obstacle_distance_s.c.o[0m
[295.352s] [ 94%] [32mBuilding C object CMakeFiles/px4_msgs__rosidl_generator_py.dir/rosidl_generator_py/px4_msgs/msg/_offboard_control_mode_s.c.o[0m
[295.363s] [ 94%] [32mBuilding C object CMakeFiles/px4_msgs__rosidl_generator_py.dir/rosidl_generator_py/px4_msgs/msg/_onboard_computer_status_s.c.o[0m
[295.379s] [ 94%] [32mBuilding C object CMakeFiles/px4_msgs__rosidl_generator_py.dir/rosidl_generator_py/px4_msgs/msg/_open_drone_id_arm_status_s.c.o[0m
[295.397s] [ 95%] [32mBuilding C object CMakeFiles/px4_msgs__rosidl_generator_py.dir/rosidl_generator_py/px4_msgs/msg/_open_drone_id_operator_id_s.c.o[0m
[295.399s] [ 95%] [32mBuilding C object CMakeFiles/px4_msgs__rosidl_generator_py.dir/rosidl_generator_py/px4_msgs/msg/_open_drone_id_self_id_s.c.o[0m
[295.401s] [ 95%] [32mBuilding C object CMakeFiles/px4_msgs__rosidl_generator_py.dir/rosidl_generator_py/px4_msgs/msg/_open_drone_id_system_s.c.o[0m
[295.471s] [ 95%] [32mBuilding C object CMakeFiles/px4_msgs__rosidl_generator_py.dir/rosidl_generator_py/px4_msgs/msg/_orb_test_s.c.o[0m
[295.508s] [ 95%] [32mBuilding C object CMakeFiles/px4_msgs__rosidl_generator_py.dir/rosidl_generator_py/px4_msgs/msg/_orb_test_large_s.c.o[0m
[295.518s] [ 95%] [32mBuilding C object CMakeFiles/px4_msgs__rosidl_generator_py.dir/rosidl_generator_py/px4_msgs/msg/_orb_test_medium_s.c.o[0m
[295.553s] [ 95%] [32mBuilding C object CMakeFiles/px4_msgs__rosidl_generator_py.dir/rosidl_generator_py/px4_msgs/msg/_orbit_status_s.c.o[0m
[295.572s] [ 95%] [32mBuilding C object CMakeFiles/px4_msgs__rosidl_generator_py.dir/rosidl_generator_py/px4_msgs/msg/_parameter_reset_request_s.c.o[0m
[295.581s] [ 95%] [32mBuilding C object CMakeFiles/px4_msgs__rosidl_generator_py.dir/rosidl_generator_py/px4_msgs/msg/_parameter_set_used_request_s.c.o[0m
[295.593s] [ 95%] [32mBuilding C object CMakeFiles/px4_msgs__rosidl_generator_py.dir/rosidl_generator_py/px4_msgs/msg/_parameter_set_value_request_s.c.o[0m
[295.615s] [ 95%] [32mBuilding C object CMakeFiles/px4_msgs__rosidl_generator_py.dir/rosidl_generator_py/px4_msgs/msg/_parameter_set_value_response_s.c.o[0m
[295.691s] [ 95%] [32mBuilding C object CMakeFiles/px4_msgs__rosidl_generator_py.dir/rosidl_generator_py/px4_msgs/msg/_ping_s.c.o[0m
[295.691s] [ 95%] [32mBuilding C object CMakeFiles/px4_msgs__rosidl_generator_py.dir/rosidl_generator_py/px4_msgs/msg/_parameter_update_s.c.o[0m
[295.726s] [ 95%] [32mBuilding C object CMakeFiles/px4_msgs__rosidl_generator_py.dir/rosidl_generator_py/px4_msgs/msg/_position_controller_landing_status_s.c.o[0m
[295.738s] [ 95%] [32mBuilding C object CMakeFiles/px4_msgs__rosidl_generator_py.dir/rosidl_generator_py/px4_msgs/msg/_position_controller_status_s.c.o[0m
[295.759s] [ 95%] [32mBuilding C object CMakeFiles/px4_msgs__rosidl_generator_py.dir/rosidl_generator_py/px4_msgs/msg/_position_setpoint_s.c.o[0m
[295.777s] [ 95%] [32mBuilding C object CMakeFiles/px4_msgs__rosidl_generator_py.dir/rosidl_generator_py/px4_msgs/msg/_position_setpoint_triplet_s.c.o[0m
[295.785s] [ 95%] [32mBuilding C object CMakeFiles/px4_msgs__rosidl_generator_py.dir/rosidl_generator_py/px4_msgs/msg/_power_button_state_s.c.o[0m
[295.806s] [ 95%] [32mBuilding C object CMakeFiles/px4_msgs__rosidl_generator_py.dir/rosidl_generator_py/px4_msgs/msg/_power_monitor_s.c.o[0m
[295.857s] [ 96%] [32mBuilding C object CMakeFiles/px4_msgs__rosidl_generator_py.dir/rosidl_generator_py/px4_msgs/msg/_pps_capture_s.c.o[0m
[295.889s] [ 96%] [32mBuilding C object CMakeFiles/px4_msgs__rosidl_generator_py.dir/rosidl_generator_py/px4_msgs/msg/_pure_pursuit_status_s.c.o[0m
[295.920s] [ 96%] [32mBuilding C object CMakeFiles/px4_msgs__rosidl_generator_py.dir/rosidl_generator_py/px4_msgs/msg/_pwm_input_s.c.o[0m
[295.954s] [ 96%] [32mBuilding C object CMakeFiles/px4_msgs__rosidl_generator_py.dir/rosidl_generator_py/px4_msgs/msg/_px4io_status_s.c.o[0m
[295.954s] [ 96%] [32mBuilding C object CMakeFiles/px4_msgs__rosidl_generator_py.dir/rosidl_generator_py/px4_msgs/msg/_qshell_req_s.c.o[0m
[295.964s] [ 96%] [32mBuilding C object CMakeFiles/px4_msgs__rosidl_generator_py.dir/rosidl_generator_py/px4_msgs/msg/_radio_status_s.c.o[0m
[295.964s] [ 96%] [32mBuilding C object CMakeFiles/px4_msgs__rosidl_generator_py.dir/rosidl_generator_py/px4_msgs/msg/_qshell_retval_s.c.o[0m
[295.996s] [ 96%] [32mBuilding C object CMakeFiles/px4_msgs__rosidl_generator_py.dir/rosidl_generator_py/px4_msgs/msg/_rate_ctrl_status_s.c.o[0m
[296.028s] [ 96%] [32mBuilding C object CMakeFiles/px4_msgs__rosidl_generator_py.dir/rosidl_generator_py/px4_msgs/msg/_rc_channels_s.c.o[0m
[296.052s] [ 96%] [32mBuilding C object CMakeFiles/px4_msgs__rosidl_generator_py.dir/rosidl_generator_py/px4_msgs/msg/_rc_parameter_map_s.c.o[0m
[296.084s] [ 96%] [32mBuilding C object CMakeFiles/px4_msgs__rosidl_generator_py.dir/rosidl_generator_py/px4_msgs/msg/_register_ext_component_reply_s.c.o[0m
[296.125s] [ 96%] [32mBuilding C object CMakeFiles/px4_msgs__rosidl_generator_py.dir/rosidl_generator_py/px4_msgs/msg/_register_ext_component_request_s.c.o[0m
[296.133s] [ 96%] [32mBuilding C object CMakeFiles/px4_msgs__rosidl_generator_py.dir/rosidl_generator_py/px4_msgs/msg/_rover_attitude_setpoint_s.c.o[0m
[296.139s] [ 96%] [32mBuilding C object CMakeFiles/px4_msgs__rosidl_generator_py.dir/rosidl_generator_py/px4_msgs/msg/_rover_attitude_status_s.c.o[0m
[296.170s] [ 96%] [32mBuilding C object CMakeFiles/px4_msgs__rosidl_generator_py.dir/rosidl_generator_py/px4_msgs/msg/_rover_position_setpoint_s.c.o[0m
[296.187s] [ 96%] [32mBuilding C object CMakeFiles/px4_msgs__rosidl_generator_py.dir/rosidl_generator_py/px4_msgs/msg/_rover_rate_setpoint_s.c.o[0m
[296.209s] [ 96%] [32mBuilding C object CMakeFiles/px4_msgs__rosidl_generator_py.dir/rosidl_generator_py/px4_msgs/msg/_rover_rate_status_s.c.o[0m
[296.251s] [ 96%] [32mBuilding C object CMakeFiles/px4_msgs__rosidl_generator_py.dir/rosidl_generator_py/px4_msgs/msg/_rover_steering_setpoint_s.c.o[0m
[296.263s] [ 97%] [32mBuilding C object CMakeFiles/px4_msgs__rosidl_generator_py.dir/rosidl_generator_py/px4_msgs/msg/_rover_throttle_setpoint_s.c.o[0m
[296.300s] [ 97%] [32mBuilding C object CMakeFiles/px4_msgs__rosidl_generator_py.dir/rosidl_generator_py/px4_msgs/msg/_rover_velocity_status_s.c.o[0m
[296.300s] [ 97%] [32mBuilding C object CMakeFiles/px4_msgs__rosidl_generator_py.dir/rosidl_generator_py/px4_msgs/msg/_rpm_s.c.o[0m
[296.304s] [ 97%] [32mBuilding C object CMakeFiles/px4_msgs__rosidl_generator_py.dir/rosidl_generator_py/px4_msgs/msg/_rtl_status_s.c.o[0m
[296.351s] [ 97%] [32mBuilding C object CMakeFiles/px4_msgs__rosidl_generator_py.dir/rosidl_generator_py/px4_msgs/msg/_rtl_time_estimate_s.c.o[0m
[296.354s] [ 97%] [32mBuilding C object CMakeFiles/px4_msgs__rosidl_generator_py.dir/rosidl_generator_py/px4_msgs/msg/_satellite_info_s.c.o[0m
[296.376s] [ 97%] [32mBuilding C object CMakeFiles/px4_msgs__rosidl_generator_py.dir/rosidl_generator_py/px4_msgs/msg/_sensor_accel_s.c.o[0m
[296.414s] [ 97%] [32mBuilding C object CMakeFiles/px4_msgs__rosidl_generator_py.dir/rosidl_generator_py/px4_msgs/msg/_sensor_accel_fifo_s.c.o[0m
[296.435s] [ 97%] [32mBuilding C object CMakeFiles/px4_msgs__rosidl_generator_py.dir/rosidl_generator_py/px4_msgs/msg/_sensor_airflow_s.c.o[0m
[296.465s] [ 97%] [32mBuilding C object CMakeFiles/px4_msgs__rosidl_generator_py.dir/rosidl_generator_py/px4_msgs/msg/_sensor_baro_s.c.o[0m
[296.468s] [ 97%] [32mBuilding C object CMakeFiles/px4_msgs__rosidl_generator_py.dir/rosidl_generator_py/px4_msgs/msg/_sensor_combined_s.c.o[0m
[296.472s] [ 97%] [32mBuilding C object CMakeFiles/px4_msgs__rosidl_generator_py.dir/rosidl_generator_py/px4_msgs/msg/_sensor_correction_s.c.o[0m
[296.522s] [ 97%] [32mBuilding C object CMakeFiles/px4_msgs__rosidl_generator_py.dir/rosidl_generator_py/px4_msgs/msg/_sensor_gnss_relative_s.c.o[0m
[296.554s] [ 97%] [32mBuilding C object CMakeFiles/px4_msgs__rosidl_generator_py.dir/rosidl_generator_py/px4_msgs/msg/_sensor_gps_s.c.o[0m
[296.559s] [ 97%] [32mBuilding C object CMakeFiles/px4_msgs__rosidl_generator_py.dir/rosidl_generator_py/px4_msgs/msg/_sensor_gyro_s.c.o[0m
[296.604s] [ 97%] [32mBuilding C object CMakeFiles/px4_msgs__rosidl_generator_py.dir/rosidl_generator_py/px4_msgs/msg/_sensor_gyro_fft_s.c.o[0m
[296.611s] [ 97%] [32mBuilding C object CMakeFiles/px4_msgs__rosidl_generator_py.dir/rosidl_generator_py/px4_msgs/msg/_sensor_gyro_fifo_s.c.o[0m
[296.636s] [ 97%] [32mBuilding C object CMakeFiles/px4_msgs__rosidl_generator_py.dir/rosidl_generator_py/px4_msgs/msg/_sensor_hygrometer_s.c.o[0m
[296.651s] [ 98%] [32mBuilding C object CMakeFiles/px4_msgs__rosidl_generator_py.dir/rosidl_generator_py/px4_msgs/msg/_sensor_mag_s.c.o[0m
[296.729s] [ 98%] [32mBuilding C object CMakeFiles/px4_msgs__rosidl_generator_py.dir/rosidl_generator_py/px4_msgs/msg/_sensor_optical_flow_s.c.o[0m
[296.740s] [ 98%] [32mBuilding C object CMakeFiles/px4_msgs__rosidl_generator_py.dir/rosidl_generator_py/px4_msgs/msg/_sensor_preflight_mag_s.c.o[0m
[296.762s] [ 98%] [32mBuilding C object CMakeFiles/px4_msgs__rosidl_generator_py.dir/rosidl_generator_py/px4_msgs/msg/_sensor_selection_s.c.o[0m
[296.763s] [ 98%] [32mBuilding C object CMakeFiles/px4_msgs__rosidl_generator_py.dir/rosidl_generator_py/px4_msgs/msg/_sensor_uwb_s.c.o[0m
[296.803s] [ 98%] [32mBuilding C object CMakeFiles/px4_msgs__rosidl_generator_py.dir/rosidl_generator_py/px4_msgs/msg/_sensors_status_s.c.o[0m
[296.803s] [ 98%] [32mBuilding C object CMakeFiles/px4_msgs__rosidl_generator_py.dir/rosidl_generator_py/px4_msgs/msg/_sensors_status_imu_s.c.o[0m
[296.815s] [ 98%] [32mBuilding C object CMakeFiles/px4_msgs__rosidl_generator_py.dir/rosidl_generator_py/px4_msgs/msg/_system_power_s.c.o[0m
[296.827s] [ 98%] [32mBuilding C object CMakeFiles/px4_msgs__rosidl_generator_py.dir/rosidl_generator_py/px4_msgs/msg/_takeoff_status_s.c.o[0m
[296.898s] [ 98%] [32mBuilding C object CMakeFiles/px4_msgs__rosidl_generator_py.dir/rosidl_generator_py/px4_msgs/msg/_task_stack_info_s.c.o[0m
[296.922s] [ 98%] [32mBuilding C object CMakeFiles/px4_msgs__rosidl_generator_py.dir/rosidl_generator_py/px4_msgs/msg/_tecs_status_s.c.o[0m
[296.931s] [ 98%] [32mBuilding C object CMakeFiles/px4_msgs__rosidl_generator_py.dir/rosidl_generator_py/px4_msgs/msg/_telemetry_status_s.c.o[0m
[296.949s] [ 98%] [32mBuilding C object CMakeFiles/px4_msgs__rosidl_generator_py.dir/rosidl_generator_py/px4_msgs/msg/_tiltrotor_extra_controls_s.c.o[0m
[296.991s] [ 98%] [32mBuilding C object CMakeFiles/px4_msgs__rosidl_generator_py.dir/rosidl_generator_py/px4_msgs/msg/_timesync_status_s.c.o[0m
[296.997s] [ 98%] [32mBuilding C object CMakeFiles/px4_msgs__rosidl_generator_py.dir/rosidl_generator_py/px4_msgs/msg/_trajectory_setpoint_s.c.o[0m
[297.005s] [ 98%] [32mBuilding C object CMakeFiles/px4_msgs__rosidl_generator_py.dir/rosidl_generator_py/px4_msgs/msg/_trajectory_setpoint6dof_s.c.o[0m
[297.018s] [ 98%] [32mBuilding C object CMakeFiles/px4_msgs__rosidl_generator_py.dir/rosidl_generator_py/px4_msgs/msg/_transponder_report_s.c.o[0m
[297.068s] [ 98%] [32mBuilding C object CMakeFiles/px4_msgs__rosidl_generator_py.dir/rosidl_generator_py/px4_msgs/msg/_tune_control_s.c.o[0m
[297.115s] [ 98%] [32mBuilding C object CMakeFiles/px4_msgs__rosidl_generator_py.dir/rosidl_generator_py/px4_msgs/msg/_uavcan_parameter_request_s.c.o[0m
[297.115s] [ 99%] [32mBuilding C object CMakeFiles/px4_msgs__rosidl_generator_py.dir/rosidl_generator_py/px4_msgs/msg/_uavcan_parameter_value_s.c.o[0m
[297.141s] [ 99%] [32mBuilding C object CMakeFiles/px4_msgs__rosidl_generator_py.dir/rosidl_generator_py/px4_msgs/msg/_ulog_stream_s.c.o[0m
[297.167s] [ 99%] [32mBuilding C object CMakeFiles/px4_msgs__rosidl_generator_py.dir/rosidl_generator_py/px4_msgs/msg/_ulog_stream_ack_s.c.o[0m
[297.185s] [ 99%] [32mBuilding C object CMakeFiles/px4_msgs__rosidl_generator_py.dir/rosidl_generator_py/px4_msgs/msg/_unregister_ext_component_s.c.o[0m
[297.204s] [ 99%] [32mBuilding C object CMakeFiles/px4_msgs__rosidl_generator_py.dir/rosidl_generator_py/px4_msgs/msg/_vehicle_acceleration_s.c.o[0m
[297.214s] [ 99%] [32mBuilding C object CMakeFiles/px4_msgs__rosidl_generator_py.dir/rosidl_generator_py/px4_msgs/msg/_vehicle_air_data_s.c.o[0m
[297.242s] [ 99%] [32mBuilding C object CMakeFiles/px4_msgs__rosidl_generator_py.dir/rosidl_generator_py/px4_msgs/msg/_vehicle_angular_acceleration_setpoint_s.c.o[0m
[297.296s] [ 99%] [32mBuilding C object CMakeFiles/px4_msgs__rosidl_generator_py.dir/rosidl_generator_py/px4_msgs/msg/_vehicle_attitude_s.c.o[0m
[297.296s] [ 99%] [32mBuilding C object CMakeFiles/px4_msgs__rosidl_generator_py.dir/rosidl_generator_py/px4_msgs/msg/_vehicle_angular_velocity_s.c.o[0m
[297.317s] [ 99%] [32mBuilding C object CMakeFiles/px4_msgs__rosidl_generator_py.dir/rosidl_generator_py/px4_msgs/msg/_vehicle_attitude_setpoint_s.c.o[0m
[297.342s] [ 99%] [32mBuilding C object CMakeFiles/px4_msgs__rosidl_generator_py.dir/rosidl_generator_py/px4_msgs/msg/_vehicle_command_s.c.o[0m
[297.355s] [ 99%] [32mBuilding C object CMakeFiles/px4_msgs__rosidl_generator_py.dir/rosidl_generator_py/px4_msgs/msg/_vehicle_command_ack_s.c.o[0m
[297.374s] [ 99%] [32mBuilding C object CMakeFiles/px4_msgs__rosidl_generator_py.dir/rosidl_generator_py/px4_msgs/msg/_vehicle_constraints_s.c.o[0m
[297.389s] [ 99%] [32mBuilding C object CMakeFiles/px4_msgs__rosidl_generator_py.dir/rosidl_generator_py/px4_msgs/msg/_vehicle_control_mode_s.c.o[0m
[297.415s] [ 99%] [32mBuilding C object CMakeFiles/px4_msgs__rosidl_generator_py.dir/rosidl_generator_py/px4_msgs/msg/_vehicle_global_position_s.c.o[0m
[297.467s] [ 99%] [32mBuilding C object CMakeFiles/px4_msgs__rosidl_generator_py.dir/rosidl_generator_py/px4_msgs/msg/_vehicle_imu_s.c.o[0m
[297.474s] [ 99%] [32mBuilding C object CMakeFiles/px4_msgs__rosidl_generator_py.dir/rosidl_generator_py/px4_msgs/msg/_vehicle_imu_status_s.c.o[0m
[297.500s] [ 99%] [32mBuilding C object CMakeFiles/px4_msgs__rosidl_generator_py.dir/rosidl_generator_py/px4_msgs/msg/_vehicle_land_detected_s.c.o[0m
[297.523s] [100%] [32mBuilding C object CMakeFiles/px4_msgs__rosidl_generator_py.dir/rosidl_generator_py/px4_msgs/msg/_vehicle_local_position_s.c.o[0m
[297.531s] [100%] [32mBuilding C object CMakeFiles/px4_msgs__rosidl_generator_py.dir/rosidl_generator_py/px4_msgs/msg/_vehicle_local_position_setpoint_s.c.o[0m
[297.538s] [100%] [32mBuilding C object CMakeFiles/px4_msgs__rosidl_generator_py.dir/rosidl_generator_py/px4_msgs/msg/_vehicle_magnetometer_s.c.o[0m
[297.570s] [100%] [32mBuilding C object CMakeFiles/px4_msgs__rosidl_generator_py.dir/rosidl_generator_py/px4_msgs/msg/_vehicle_odometry_s.c.o[0m
[297.600s] [100%] [32mBuilding C object CMakeFiles/px4_msgs__rosidl_generator_py.dir/rosidl_generator_py/px4_msgs/msg/_vehicle_optical_flow_s.c.o[0m
[297.652s] [100%] [32mBuilding C object CMakeFiles/px4_msgs__rosidl_generator_py.dir/rosidl_generator_py/px4_msgs/msg/_vehicle_optical_flow_vel_s.c.o[0m
[297.673s] [100%] [32mBuilding C object CMakeFiles/px4_msgs__rosidl_generator_py.dir/rosidl_generator_py/px4_msgs/msg/_vehicle_rates_setpoint_s.c.o[0m
[297.698s] [100%] [32mBuilding C object CMakeFiles/px4_msgs__rosidl_generator_py.dir/rosidl_generator_py/px4_msgs/msg/_vehicle_roi_s.c.o[0m
[297.712s] [100%] [32mBuilding C object CMakeFiles/px4_msgs__rosidl_generator_py.dir/rosidl_generator_py/px4_msgs/msg/_vehicle_status_s.c.o[0m
[297.727s] [100%] [32mBuilding C object CMakeFiles/px4_msgs__rosidl_generator_py.dir/rosidl_generator_py/px4_msgs/msg/_vehicle_thrust_setpoint_s.c.o[0m
[297.768s] [100%] [32mBuilding C object CMakeFiles/px4_msgs__rosidl_generator_py.dir/rosidl_generator_py/px4_msgs/msg/_vehicle_torque_setpoint_s.c.o[0m
[297.778s] [100%] [32mBuilding C object CMakeFiles/px4_msgs__rosidl_generator_py.dir/rosidl_generator_py/px4_msgs/msg/_velocity_limits_s.c.o[0m
[297.782s] [100%] [32mBuilding C object CMakeFiles/px4_msgs__rosidl_generator_py.dir/rosidl_generator_py/px4_msgs/msg/_vtol_vehicle_status_s.c.o[0m
[297.862s] [100%] [32mBuilding C object CMakeFiles/px4_msgs__rosidl_generator_py.dir/rosidl_generator_py/px4_msgs/msg/_wheel_encoders_s.c.o[0m
[297.869s] [100%] [32mBuilding C object CMakeFiles/px4_msgs__rosidl_generator_py.dir/rosidl_generator_py/px4_msgs/msg/_wind_s.c.o[0m
[297.872s] [100%] [32mBuilding C object CMakeFiles/px4_msgs__rosidl_generator_py.dir/rosidl_generator_py/px4_msgs/msg/_yaw_estimator_status_s.c.o[0m
[297.901s] [100%] [32mBuilding C object CMakeFiles/px4_msgs__rosidl_generator_py.dir/rosidl_generator_py/px4_msgs/srv/_vehicle_command_s.c.o[0m
[298.016s] [100%] [32m[1mLinking C shared library rosidl_generator_py/px4_msgs/libpx4_msgs__rosidl_generator_py.so[0m
[298.108s] [100%] Built target px4_msgs__rosidl_generator_py
[298.125s] [100%] [32mBuilding C object CMakeFiles/px4_msgs__rosidl_typesupport_introspection_c__pyext.dir/rosidl_generator_py/px4_msgs/_px4_msgs_s.ep.rosidl_typesupport_introspection_c.c.o[0m
[298.125s] [100%] [32mBuilding C object CMakeFiles/px4_msgs__rosidl_typesupport_fastrtps_c__pyext.dir/rosidl_generator_py/px4_msgs/_px4_msgs_s.ep.rosidl_typesupport_fastrtps_c.c.o[0m
[298.126s] [100%] [32mBuilding C object CMakeFiles/px4_msgs__rosidl_typesupport_c__pyext.dir/rosidl_generator_py/px4_msgs/_px4_msgs_s.ep.rosidl_typesupport_c.c.o[0m
[298.940s] [100%] [32m[1mLinking C shared library rosidl_generator_py/px4_msgs/px4_msgs_s__rosidl_typesupport_c.cpython-310-x86_64-linux-gnu.so[0m
[298.942s] [100%] [32m[1mLinking C shared library rosidl_generator_py/px4_msgs/px4_msgs_s__rosidl_typesupport_fastrtps_c.cpython-310-x86_64-linux-gnu.so[0m
[298.947s] [100%] [32m[1mLinking C shared library rosidl_generator_py/px4_msgs/px4_msgs_s__rosidl_typesupport_introspection_c.cpython-310-x86_64-linux-gnu.so[0m
[298.987s] [100%] Built target px4_msgs__rosidl_typesupport_c__pyext
[298.988s] [100%] Built target px4_msgs__rosidl_typesupport_fastrtps_c__pyext
[298.995s] [100%] Built target px4_msgs__rosidl_typesupport_introspection_c__pyext
[299.007s] Invoked command in '/home/stepan/ws_ros2/build/px4_msgs' returned '0': CMAKE_PREFIX_PATH=/opt/ros/humble /usr/bin/cmake --build /home/stepan/ws_ros2/build/px4_msgs -- -j8 -l8
[299.016s] Invoking command in '/home/stepan/ws_ros2/build/px4_msgs': CMAKE_PREFIX_PATH=/opt/ros/humble /usr/bin/cmake --install /home/stepan/ws_ros2/build/px4_msgs
[299.024s] -- Install configuration: ""
[299.024s] -- Installing: /home/stepan/ws_ros2/install/px4_msgs/share/ament_index/resource_index/rosidl_interfaces/px4_msgs
[299.024s] -- Installing: /home/stepan/ws_ros2/install/px4_msgs/include/px4_msgs/px4_msgs
[299.025s] -- Installing: /home/stepan/ws_ros2/install/px4_msgs/include/px4_msgs/px4_msgs/msg
[299.025s] -- Installing: /home/stepan/ws_ros2/install/px4_msgs/include/px4_msgs/px4_msgs/msg/orb_test_medium.h
[299.025s] -- Installing: /home/stepan/ws_ros2/install/px4_msgs/include/px4_msgs/px4_msgs/msg/power_button_state.h
[299.025s] -- Installing: /home/stepan/ws_ros2/install/px4_msgs/include/px4_msgs/px4_msgs/msg/input_rc.h
[299.025s] -- Installing: /home/stepan/ws_ros2/install/px4_msgs/include/px4_msgs/px4_msgs/msg/actuator_motors.h
[299.025s] -- Installing: /home/stepan/ws_ros2/install/px4_msgs/include/px4_msgs/px4_msgs/msg/vehicle_air_data.h
[299.025s] -- Installing: /home/stepan/ws_ros2/install/px4_msgs/include/px4_msgs/px4_msgs/msg/mode_completed.h
[299.025s] -- Installing: /home/stepan/ws_ros2/install/px4_msgs/include/px4_msgs/px4_msgs/msg/power_monitor.h
[299.025s] -- Installing: /home/stepan/ws_ros2/install/px4_msgs/include/px4_msgs/px4_msgs/msg/differential_pressure.h
[299.025s] -- Installing: /home/stepan/ws_ros2/install/px4_msgs/include/px4_msgs/px4_msgs/msg/vehicle_land_detected.h
[299.025s] -- Installing: /home/stepan/ws_ros2/install/px4_msgs/include/px4_msgs/px4_msgs/msg/action_request.h
[299.025s] -- Installing: /home/stepan/ws_ros2/install/px4_msgs/include/px4_msgs/px4_msgs/msg/actuator_servos.h
[299.025s] -- Installing: /home/stepan/ws_ros2/install/px4_msgs/include/px4_msgs/px4_msgs/msg/battery_status.h
[299.026s] -- Installing: /home/stepan/ws_ros2/install/px4_msgs/include/px4_msgs/px4_msgs/msg/sensor_gnss_relative.h
[299.026s] -- Installing: /home/stepan/ws_ros2/install/px4_msgs/include/px4_msgs/px4_msgs/msg/sensor_gyro.h
[299.026s] -- Installing: /home/stepan/ws_ros2/install/px4_msgs/include/px4_msgs/px4_msgs/msg/register_ext_component_reply.h
[299.026s] -- Installing: /home/stepan/ws_ros2/install/px4_msgs/include/px4_msgs/px4_msgs/msg/parameter_set_used_request.h
[299.026s] -- Installing: /home/stepan/ws_ros2/install/px4_msgs/include/px4_msgs/px4_msgs/msg/esc_report.h
[299.026s] -- Installing: /home/stepan/ws_ros2/install/px4_msgs/include/px4_msgs/px4_msgs/msg/vehicle_attitude.h
[299.026s] -- Installing: /home/stepan/ws_ros2/install/px4_msgs/include/px4_msgs/px4_msgs/msg/uavcan_parameter_value.h
[299.026s] -- Installing: /home/stepan/ws_ros2/install/px4_msgs/include/px4_msgs/px4_msgs/msg/landing_target_innovations.h
[299.026s] -- Installing: /home/stepan/ws_ros2/install/px4_msgs/include/px4_msgs/px4_msgs/msg/vehicle_imu.h
[299.026s] -- Installing: /home/stepan/ws_ros2/install/px4_msgs/include/px4_msgs/px4_msgs/msg/parameter_update.h
[299.026s] -- Installing: /home/stepan/ws_ros2/install/px4_msgs/include/px4_msgs/px4_msgs/msg/config_overrides.h
[299.026s] -- Installing: /home/stepan/ws_ros2/install/px4_msgs/include/px4_msgs/px4_msgs/msg/tecs_status.h
[299.026s] -- Installing: /home/stepan/ws_ros2/install/px4_msgs/include/px4_msgs/px4_msgs/msg/home_position.h
[299.027s] -- Installing: /home/stepan/ws_ros2/install/px4_msgs/include/px4_msgs/px4_msgs/msg/adc_report.h
[299.027s] -- Installing: /home/stepan/ws_ros2/install/px4_msgs/include/px4_msgs/px4_msgs/msg/position_setpoint.h
[299.027s] -- Installing: /home/stepan/ws_ros2/install/px4_msgs/include/px4_msgs/px4_msgs/msg/vehicle_rates_setpoint.h
[299.027s] -- Installing: /home/stepan/ws_ros2/install/px4_msgs/include/px4_msgs/px4_msgs/msg/gps_inject_data.h
[299.027s] -- Installing: /home/stepan/ws_ros2/install/px4_msgs/include/px4_msgs/px4_msgs/msg/estimator_aid_source3d.h
[299.027s] -- Installing: /home/stepan/ws_ros2/install/px4_msgs/include/px4_msgs/px4_msgs/msg/log_message.h
[299.027s] -- Installing: /home/stepan/ws_ros2/install/px4_msgs/include/px4_msgs/px4_msgs/msg/orb_test.h
[299.027s] -- Installing: /home/stepan/ws_ros2/install/px4_msgs/include/px4_msgs/px4_msgs/msg/actuator_controls_status.h
[299.027s] -- Installing: /home/stepan/ws_ros2/install/px4_msgs/include/px4_msgs/px4_msgs/msg/control_allocator_status.h
[299.027s] -- Installing: /home/stepan/ws_ros2/install/px4_msgs/include/px4_msgs/px4_msgs/msg/vehicle_optical_flow.h
[299.027s] -- Installing: /home/stepan/ws_ros2/install/px4_msgs/include/px4_msgs/px4_msgs/msg/system_power.h
[299.027s] -- Installing: /home/stepan/ws_ros2/install/px4_msgs/include/px4_msgs/px4_msgs/msg/distance_sensor_mode_change_request.h
[299.027s] -- Installing: /home/stepan/ws_ros2/install/px4_msgs/include/px4_msgs/px4_msgs/msg/position_controller_status.h
[299.028s] -- Installing: /home/stepan/ws_ros2/install/px4_msgs/include/px4_msgs/px4_msgs/msg/gimbal_manager_set_manual_control.h
[299.028s] -- Installing: /home/stepan/ws_ros2/install/px4_msgs/include/px4_msgs/px4_msgs/msg/estimator_aid_source1d.h
[299.028s] -- Installing: /home/stepan/ws_ros2/install/px4_msgs/include/px4_msgs/px4_msgs/msg/vehicle_torque_setpoint.h
[299.028s] -- Installing: /home/stepan/ws_ros2/install/px4_msgs/include/px4_msgs/px4_msgs/msg/gimbal_device_information.h
[299.028s] -- Installing: /home/stepan/ws_ros2/install/px4_msgs/include/px4_msgs/px4_msgs/msg/generator_status.h
[299.028s] -- Installing: /home/stepan/ws_ros2/install/px4_msgs/include/px4_msgs/px4_msgs/msg/actuator_servos_trim.h
[299.028s] -- Installing: /home/stepan/ws_ros2/install/px4_msgs/include/px4_msgs/px4_msgs/msg/sensor_combined.h
[299.028s] -- Installing: /home/stepan/ws_ros2/install/px4_msgs/include/px4_msgs/px4_msgs/msg/qshell_retval.h
[299.028s] -- Installing: /home/stepan/ws_ros2/install/px4_msgs/include/px4_msgs/px4_msgs/msg/sensor_correction.h
[299.028s] -- Installing: /home/stepan/ws_ros2/install/px4_msgs/include/px4_msgs/px4_msgs/msg/rover_position_setpoint.h
[299.028s] -- Installing: /home/stepan/ws_ros2/install/px4_msgs/include/px4_msgs/px4_msgs/msg/register_ext_component_request.h
[299.028s] -- Installing: /home/stepan/ws_ros2/install/px4_msgs/include/px4_msgs/px4_msgs/msg/camera_trigger.h
[299.028s] -- Installing: /home/stepan/ws_ros2/install/px4_msgs/include/px4_msgs/px4_msgs/msg/rover_throttle_setpoint.h
[299.029s] -- Installing: /home/stepan/ws_ros2/install/px4_msgs/include/px4_msgs/px4_msgs/msg/gpio_in.h
[299.029s] -- Installing: /home/stepan/ws_ros2/install/px4_msgs/include/px4_msgs/px4_msgs/msg/qshell_req.h
[299.029s] -- Installing: /home/stepan/ws_ros2/install/px4_msgs/include/px4_msgs/px4_msgs/msg/parameter_reset_request.h
[299.029s] -- Installing: /home/stepan/ws_ros2/install/px4_msgs/include/px4_msgs/px4_msgs/msg/geofence_result.h
[299.029s] -- Installing: /home/stepan/ws_ros2/install/px4_msgs/include/px4_msgs/px4_msgs/msg/heater_status.h
[299.029s] -- Installing: /home/stepan/ws_ros2/install/px4_msgs/include/px4_msgs/px4_msgs/msg/camera_status.h
[299.029s] -- Installing: /home/stepan/ws_ros2/install/px4_msgs/include/px4_msgs/px4_msgs/msg/position_controller_landing_status.h
[299.029s] -- Installing: /home/stepan/ws_ros2/install/px4_msgs/include/px4_msgs/px4_msgs/msg/mission.h
[299.029s] -- Installing: /home/stepan/ws_ros2/install/px4_msgs/include/px4_msgs/px4_msgs/msg/airspeed.h
[299.029s] -- Installing: /home/stepan/ws_ros2/install/px4_msgs/include/px4_msgs/px4_msgs/msg/magnetometer_bias_estimate.h
[299.029s] -- Installing: /home/stepan/ws_ros2/install/px4_msgs/include/px4_msgs/px4_msgs/msg/can_interface_status.h
[299.029s] -- Installing: /home/stepan/ws_ros2/install/px4_msgs/include/px4_msgs/px4_msgs/msg/irlock_report.h
[299.030s] -- Installing: /home/stepan/ws_ros2/install/px4_msgs/include/px4_msgs/px4_msgs/msg/satellite_info.h
[299.030s] -- Installing: /home/stepan/ws_ros2/install/px4_msgs/include/px4_msgs/px4_msgs/msg/vtol_vehicle_status.h
[299.030s] -- Installing: /home/stepan/ws_ros2/install/px4_msgs/include/px4_msgs/px4_msgs/msg/rover_attitude_setpoint.h
[299.030s] -- Installing: /home/stepan/ws_ros2/install/px4_msgs/include/px4_msgs/px4_msgs/msg/manual_control_setpoint.h
[299.030s] -- Installing: /home/stepan/ws_ros2/install/px4_msgs/include/px4_msgs/px4_msgs/msg/navigator_status.h
[299.030s] -- Installing: /home/stepan/ws_ros2/install/px4_msgs/include/px4_msgs/px4_msgs/msg/trajectory_setpoint.h
[299.030s] -- Installing: /home/stepan/ws_ros2/install/px4_msgs/include/px4_msgs/px4_msgs/msg/message_format_request.h
[299.030s] -- Installing: /home/stepan/ws_ros2/install/px4_msgs/include/px4_msgs/px4_msgs/msg/autotune_attitude_control_status.h
[299.030s] -- Installing: /home/stepan/ws_ros2/install/px4_msgs/include/px4_msgs/px4_msgs/msg/vehicle_odometry.h
[299.030s] -- Installing: /home/stepan/ws_ros2/install/px4_msgs/include/px4_msgs/px4_msgs/msg/debug_array.h
[299.030s] -- Installing: /home/stepan/ws_ros2/install/px4_msgs/include/px4_msgs/px4_msgs/msg/sensor_optical_flow.h
[299.031s] -- Installing: /home/stepan/ws_ros2/install/px4_msgs/include/px4_msgs/px4_msgs/msg/velocity_limits.h
[299.031s] -- Installing: /home/stepan/ws_ros2/install/px4_msgs/include/px4_msgs/px4_msgs/msg/gimbal_manager_set_attitude.h
[299.031s] -- Installing: /home/stepan/ws_ros2/install/px4_msgs/include/px4_msgs/px4_msgs/msg/arming_check_request.h
[299.031s] -- Installing: /home/stepan/ws_ros2/install/px4_msgs/include/px4_msgs/px4_msgs/msg/unregister_ext_component.h
[299.031s] -- Installing: /home/stepan/ws_ros2/install/px4_msgs/include/px4_msgs/px4_msgs/msg/gimbal_controls.h
[299.031s] -- Installing: /home/stepan/ws_ros2/install/px4_msgs/include/px4_msgs/px4_msgs/msg/sensors_status_imu.h
[299.031s] -- Installing: /home/stepan/ws_ros2/install/px4_msgs/include/px4_msgs/px4_msgs/msg/estimator_selector_status.h
[299.031s] -- Installing: /home/stepan/ws_ros2/install/px4_msgs/include/px4_msgs/px4_msgs/msg/airspeed_wind.h
[299.031s] -- Installing: /home/stepan/ws_ros2/install/px4_msgs/include/px4_msgs/px4_msgs/msg/dataman_response.h
[299.031s] -- Installing: /home/stepan/ws_ros2/install/px4_msgs/include/px4_msgs/px4_msgs/msg/landing_gear_wheel.h
[299.031s] -- Installing: /home/stepan/ws_ros2/install/px4_msgs/include/px4_msgs/px4_msgs/msg/launch_detection_status.h
[299.031s] -- Installing: /home/stepan/ws_ros2/install/px4_msgs/include/px4_msgs/px4_msgs/msg/rover_rate_setpoint.h
[299.032s] -- Installing: /home/stepan/ws_ros2/install/px4_msgs/include/px4_msgs/px4_msgs/msg/wind.h
[299.032s] -- Installing: /home/stepan/ws_ros2/install/px4_msgs/include/px4_msgs/px4_msgs/msg/sensor_accel_fifo.h
[299.032s] -- Installing: /home/stepan/ws_ros2/install/px4_msgs/include/px4_msgs/px4_msgs/msg/follow_target_estimator.h
[299.032s] -- Installing: /home/stepan/ws_ros2/install/px4_msgs/include/px4_msgs/px4_msgs/msg/hover_thrust_estimate.h
[299.032s] -- Installing: /home/stepan/ws_ros2/install/px4_msgs/include/px4_msgs/px4_msgs/msg/vehicle_imu_status.h
[299.032s] -- Installing: /home/stepan/ws_ros2/install/px4_msgs/include/px4_msgs/px4_msgs/msg/follow_target.h
[299.032s] -- Installing: /home/stepan/ws_ros2/install/px4_msgs/include/px4_msgs/px4_msgs/msg/ackermann_velocity_setpoint.h
[299.032s] -- Installing: /home/stepan/ws_ros2/install/px4_msgs/include/px4_msgs/px4_msgs/msg/sensors_status.h
[299.032s] -- Installing: /home/stepan/ws_ros2/install/px4_msgs/include/px4_msgs/px4_msgs/msg/rc_channels.h
[299.032s] -- Installing: /home/stepan/ws_ros2/install/px4_msgs/include/px4_msgs/px4_msgs/msg/estimator_bias.h
[299.032s] -- Installing: /home/stepan/ws_ros2/install/px4_msgs/include/px4_msgs/px4_msgs/msg/estimator_status.h
[299.032s] -- Installing: /home/stepan/ws_ros2/install/px4_msgs/include/px4_msgs/px4_msgs/msg/sensor_gyro_fifo.h
[299.033s] -- Installing: /home/stepan/ws_ros2/install/px4_msgs/include/px4_msgs/px4_msgs/msg/sensor_selection.h
[299.033s] -- Installing: /home/stepan/ws_ros2/install/px4_msgs/include/px4_msgs/px4_msgs/msg/sensor_airflow.h
[299.033s] -- Installing: /home/stepan/ws_ros2/install/px4_msgs/include/px4_msgs/px4_msgs/msg/rate_ctrl_status.h
[299.033s] -- Installing: /home/stepan/ws_ros2/install/px4_msgs/include/px4_msgs/px4_msgs/msg/failsafe_flags.h
[299.033s] -- Installing: /home/stepan/ws_ros2/install/px4_msgs/include/px4_msgs/px4_msgs/msg/debug_key_value.h
[299.033s] -- Installing: /home/stepan/ws_ros2/install/px4_msgs/include/px4_msgs/px4_msgs/msg/led_control.h
[299.033s] -- Installing: /home/stepan/ws_ros2/install/px4_msgs/include/px4_msgs/px4_msgs/msg/gimbal_manager_status.h
[299.033s] -- Installing: /home/stepan/ws_ros2/install/px4_msgs/include/px4_msgs/px4_msgs/msg/gpio_request.h
[299.033s] -- Installing: /home/stepan/ws_ros2/install/px4_msgs/include/px4_msgs/px4_msgs/msg/transponder_report.h
[299.033s] -- Installing: /home/stepan/ws_ros2/install/px4_msgs/include/px4_msgs/px4_msgs/msg/detail
[299.034s] -- Installing: /home/stepan/ws_ros2/install/px4_msgs/include/px4_msgs/px4_msgs/msg/detail/sensor_correction__struct.h
[299.034s] -- Installing: /home/stepan/ws_ros2/install/px4_msgs/include/px4_msgs/px4_msgs/msg/detail/figure_eight_status__functions.h
[299.034s] -- Installing: /home/stepan/ws_ros2/install/px4_msgs/include/px4_msgs/px4_msgs/msg/detail/orb_test_medium__type_support.h
[299.034s] -- Installing: /home/stepan/ws_ros2/install/px4_msgs/include/px4_msgs/px4_msgs/msg/detail/rover_steering_setpoint__struct.h
[299.034s] -- Installing: /home/stepan/ws_ros2/install/px4_msgs/include/px4_msgs/px4_msgs/msg/detail/sensor_uwb__functions.c
[299.034s] -- Installing: /home/stepan/ws_ros2/install/px4_msgs/include/px4_msgs/px4_msgs/msg/detail/gimbal_manager_set_manual_control__type_support.h
[299.034s] -- Installing: /home/stepan/ws_ros2/install/px4_msgs/include/px4_msgs/px4_msgs/msg/detail/gpio_out__struct.h
[299.034s] -- Installing: /home/stepan/ws_ros2/install/px4_msgs/include/px4_msgs/px4_msgs/msg/detail/vehicle_imu__type_support.h
[299.034s] -- Installing: /home/stepan/ws_ros2/install/px4_msgs/include/px4_msgs/px4_msgs/msg/detail/follow_target__functions.c
[299.034s] -- Installing: /home/stepan/ws_ros2/install/px4_msgs/include/px4_msgs/px4_msgs/msg/detail/landing_gear_wheel__type_support.h
[299.035s] -- Installing: /home/stepan/ws_ros2/install/px4_msgs/include/px4_msgs/px4_msgs/msg/detail/vehicle_rates_setpoint__functions.c
[299.035s] -- Installing: /home/stepan/ws_ros2/install/px4_msgs/include/px4_msgs/px4_msgs/msg/detail/vehicle_command_ack__struct.h
[299.035s] -- Installing: /home/stepan/ws_ros2/install/px4_msgs/include/px4_msgs/px4_msgs/msg/detail/actuator_test__type_support.h
[299.035s] -- Installing: /home/stepan/ws_ros2/install/px4_msgs/include/px4_msgs/px4_msgs/msg/detail/yaw_estimator_status__functions.h
[299.035s] -- Installing: /home/stepan/ws_ros2/install/px4_msgs/include/px4_msgs/px4_msgs/msg/detail/debug_array__struct.h
[299.035s] -- Installing: /home/stepan/ws_ros2/install/px4_msgs/include/px4_msgs/px4_msgs/msg/detail/actuator_servos_trim__functions.c
[299.035s] -- Installing: /home/stepan/ws_ros2/install/px4_msgs/include/px4_msgs/px4_msgs/msg/detail/navigator_mission_item__struct.h
[299.035s] -- Installing: /home/stepan/ws_ros2/install/px4_msgs/include/px4_msgs/px4_msgs/msg/detail/position_setpoint_triplet__functions.h
[299.035s] -- Installing: /home/stepan/ws_ros2/install/px4_msgs/include/px4_msgs/px4_msgs/msg/detail/internal_combustion_engine_status__struct.h
[299.035s] -- Installing: /home/stepan/ws_ros2/install/px4_msgs/include/px4_msgs/px4_msgs/msg/detail/vehicle_attitude_setpoint__functions.h
[299.035s] -- Installing: /home/stepan/ws_ros2/install/px4_msgs/include/px4_msgs/px4_msgs/msg/detail/vehicle_attitude__functions.h
[299.035s] -- Installing: /home/stepan/ws_ros2/install/px4_msgs/include/px4_msgs/px4_msgs/msg/detail/rover_position_setpoint__functions.c
[299.036s] -- Installing: /home/stepan/ws_ros2/install/px4_msgs/include/px4_msgs/px4_msgs/msg/detail/estimator_aid_source1d__functions.h
[299.036s] -- Installing: /home/stepan/ws_ros2/install/px4_msgs/include/px4_msgs/px4_msgs/msg/detail/follow_target__functions.h
[299.036s] -- Installing: /home/stepan/ws_ros2/install/px4_msgs/include/px4_msgs/px4_msgs/msg/detail/rc_channels__type_support.h
[299.036s] -- Installing: /home/stepan/ws_ros2/install/px4_msgs/include/px4_msgs/px4_msgs/msg/detail/gpio_out__functions.h
[299.036s] -- Installing: /home/stepan/ws_ros2/install/px4_msgs/include/px4_msgs/px4_msgs/msg/detail/ulog_stream__type_support.h
[299.036s] -- Installing: /home/stepan/ws_ros2/install/px4_msgs/include/px4_msgs/px4_msgs/msg/detail/parameter_reset_request__type_support.h
[299.036s] -- Installing: /home/stepan/ws_ros2/install/px4_msgs/include/px4_msgs/px4_msgs/msg/detail/generator_status__struct.h
[299.036s] -- Installing: /home/stepan/ws_ros2/install/px4_msgs/include/px4_msgs/px4_msgs/msg/detail/estimator_selector_status__functions.c
[299.036s] -- Installing: /home/stepan/ws_ros2/install/px4_msgs/include/px4_msgs/px4_msgs/msg/detail/sensor_selection__functions.c
[299.036s] -- Installing: /home/stepan/ws_ros2/install/px4_msgs/include/px4_msgs/px4_msgs/msg/detail/normalized_unsigned_setpoint__functions.h
[299.036s] -- Installing: /home/stepan/ws_ros2/install/px4_msgs/include/px4_msgs/px4_msgs/msg/detail/rover_steering_setpoint__functions.h
[299.036s] -- Installing: /home/stepan/ws_ros2/install/px4_msgs/include/px4_msgs/px4_msgs/msg/detail/vehicle_odometry__type_support.h
[299.036s] -- Installing: /home/stepan/ws_ros2/install/px4_msgs/include/px4_msgs/px4_msgs/msg/detail/parameter_set_value_response__functions.h
[299.037s] -- Installing: /home/stepan/ws_ros2/install/px4_msgs/include/px4_msgs/px4_msgs/msg/detail/vehicle_angular_acceleration_setpoint__type_support.h
[299.037s] -- Installing: /home/stepan/ws_ros2/install/px4_msgs/include/px4_msgs/px4_msgs/msg/detail/actuator_test__functions.h
[299.037s] -- Installing: /home/stepan/ws_ros2/install/px4_msgs/include/px4_msgs/px4_msgs/msg/detail/landing_target_pose__type_support.h
[299.037s] -- Installing: /home/stepan/ws_ros2/install/px4_msgs/include/px4_msgs/px4_msgs/msg/detail/vehicle_angular_acceleration_setpoint__functions.h
[299.037s] -- Installing: /home/stepan/ws_ros2/install/px4_msgs/include/px4_msgs/px4_msgs/msg/detail/wheel_encoders__functions.c
[299.037s] -- Installing: /home/stepan/ws_ros2/install/px4_msgs/include/px4_msgs/px4_msgs/msg/detail/ekf2_timestamps__type_support.h
[299.037s] -- Installing: /home/stepan/ws_ros2/install/px4_msgs/include/px4_msgs/px4_msgs/msg/detail/takeoff_status__functions.c
[299.037s] -- Installing: /home/stepan/ws_ros2/install/px4_msgs/include/px4_msgs/px4_msgs/msg/detail/sensor_preflight_mag__functions.c
[299.037s] -- Installing: /home/stepan/ws_ros2/install/px4_msgs/include/px4_msgs/px4_msgs/msg/detail/sensor_accel__functions.c
[299.037s] -- Installing: /home/stepan/ws_ros2/install/px4_msgs/include/px4_msgs/px4_msgs/msg/detail/orb_test__functions.c
[299.037s] -- Installing: /home/stepan/ws_ros2/install/px4_msgs/include/px4_msgs/px4_msgs/msg/detail/sensor_gnss_relative__functions.h
[299.037s] -- Installing: /home/stepan/ws_ros2/install/px4_msgs/include/px4_msgs/px4_msgs/msg/detail/message_format_response__functions.h
[299.038s] -- Installing: /home/stepan/ws_ros2/install/px4_msgs/include/px4_msgs/px4_msgs/msg/detail/sensor_gps__functions.c
[299.038s] -- Installing: /home/stepan/ws_ros2/install/px4_msgs/include/px4_msgs/px4_msgs/msg/detail/failure_detector_status__type_support.h
[299.038s] -- Installing: /home/stepan/ws_ros2/install/px4_msgs/include/px4_msgs/px4_msgs/msg/detail/hover_thrust_estimate__struct.h
[299.038s] -- Installing: /home/stepan/ws_ros2/install/px4_msgs/include/px4_msgs/px4_msgs/msg/detail/orb_test__functions.h
[299.038s] -- Installing: /home/stepan/ws_ros2/install/px4_msgs/include/px4_msgs/px4_msgs/msg/detail/position_setpoint__functions.c
[299.038s] -- Installing: /home/stepan/ws_ros2/install/px4_msgs/include/px4_msgs/px4_msgs/msg/detail/sensor_accel_fifo__struct.h
[299.038s] -- Installing: /home/stepan/ws_ros2/install/px4_msgs/include/px4_msgs/px4_msgs/msg/detail/sensors_status_imu__type_support.h
[299.038s] -- Installing: /home/stepan/ws_ros2/install/px4_msgs/include/px4_msgs/px4_msgs/msg/detail/failsafe_flags__struct.h
[299.038s] -- Installing: /home/stepan/ws_ros2/install/px4_msgs/include/px4_msgs/px4_msgs/msg/detail/tune_control__struct.h
[299.038s] -- Installing: /home/stepan/ws_ros2/install/px4_msgs/include/px4_msgs/px4_msgs/msg/detail/rpm__type_support.h
[299.038s] -- Installing: /home/stepan/ws_ros2/install/px4_msgs/include/px4_msgs/px4_msgs/msg/detail/pps_capture__functions.h
[299.038s] -- Installing: /home/stepan/ws_ros2/install/px4_msgs/include/px4_msgs/px4_msgs/msg/detail/landing_target_innovations__struct.h
[299.038s] -- Installing: /home/stepan/ws_ros2/install/px4_msgs/include/px4_msgs/px4_msgs/msg/detail/normalized_unsigned_setpoint__type_support.h
[299.039s] -- Installing: /home/stepan/ws_ros2/install/px4_msgs/include/px4_msgs/px4_msgs/msg/detail/parameter_set_used_request__functions.h
[299.039s] -- Installing: /home/stepan/ws_ros2/install/px4_msgs/include/px4_msgs/px4_msgs/msg/detail/offboard_control_mode__functions.h
[299.039s] -- Installing: /home/stepan/ws_ros2/install/px4_msgs/include/px4_msgs/px4_msgs/msg/detail/actuator_servos_trim__struct.h
[299.039s] -- Installing: /home/stepan/ws_ros2/install/px4_msgs/include/px4_msgs/px4_msgs/msg/detail/esc_status__type_support.h
[299.039s] -- Installing: /home/stepan/ws_ros2/install/px4_msgs/include/px4_msgs/px4_msgs/msg/detail/transponder_report__struct.h
[299.039s] -- Installing: /home/stepan/ws_ros2/install/px4_msgs/include/px4_msgs/px4_msgs/msg/detail/actuator_motors__functions.h
[299.039s] -- Installing: /home/stepan/ws_ros2/install/px4_msgs/include/px4_msgs/px4_msgs/msg/detail/estimator_aid_source1d__functions.c
[299.039s] -- Installing: /home/stepan/ws_ros2/install/px4_msgs/include/px4_msgs/px4_msgs/msg/detail/dataman_request__struct.h
[299.039s] -- Installing: /home/stepan/ws_ros2/install/px4_msgs/include/px4_msgs/px4_msgs/msg/detail/wind__type_support.h
[299.039s] -- Installing: /home/stepan/ws_ros2/install/px4_msgs/include/px4_msgs/px4_msgs/msg/detail/estimator_status_flags__struct.h
[299.039s] -- Installing: /home/stepan/ws_ros2/install/px4_msgs/include/px4_msgs/px4_msgs/msg/detail/vehicle_constraints__functions.h
[299.039s] -- Installing: /home/stepan/ws_ros2/install/px4_msgs/include/px4_msgs/px4_msgs/msg/detail/sensor_correction__type_support.h
[299.040s] -- Installing: /home/stepan/ws_ros2/install/px4_msgs/include/px4_msgs/px4_msgs/msg/detail/rc_parameter_map__functions.c
[299.040s] -- Installing: /home/stepan/ws_ros2/install/px4_msgs/include/px4_msgs/px4_msgs/msg/detail/timesync_status__functions.h
[299.040s] -- Installing: /home/stepan/ws_ros2/install/px4_msgs/include/px4_msgs/px4_msgs/msg/detail/sensor_gyro__struct.h
[299.040s] -- Installing: /home/stepan/ws_ros2/install/px4_msgs/include/px4_msgs/px4_msgs/msg/detail/ping__functions.h
[299.040s] -- Installing: /home/stepan/ws_ros2/install/px4_msgs/include/px4_msgs/px4_msgs/msg/detail/telemetry_status__functions.c
[299.040s] -- Installing: /home/stepan/ws_ros2/install/px4_msgs/include/px4_msgs/px4_msgs/msg/detail/rover_rate_setpoint__functions.c
[299.040s] -- Installing: /home/stepan/ws_ros2/install/px4_msgs/include/px4_msgs/px4_msgs/msg/detail/vehicle_land_detected__struct.h
[299.040s] -- Installing: /home/stepan/ws_ros2/install/px4_msgs/include/px4_msgs/px4_msgs/msg/detail/gps_dump__functions.c
[299.040s] -- Installing: /home/stepan/ws_ros2/install/px4_msgs/include/px4_msgs/px4_msgs/msg/detail/landing_gear_wheel__struct.h
[299.040s] -- Installing: /home/stepan/ws_ros2/install/px4_msgs/include/px4_msgs/px4_msgs/msg/detail/navigator_mission_item__functions.c
[299.040s] -- Installing: /home/stepan/ws_ros2/install/px4_msgs/include/px4_msgs/px4_msgs/msg/detail/rtl_time_estimate__functions.c
[299.041s] -- Installing: /home/stepan/ws_ros2/install/px4_msgs/include/px4_msgs/px4_msgs/msg/detail/config_overrides__functions.c
[299.041s] -- Installing: /home/stepan/ws_ros2/install/px4_msgs/include/px4_msgs/px4_msgs/msg/detail/landing_target_pose__struct.h
[299.041s] -- Installing: /home/stepan/ws_ros2/install/px4_msgs/include/px4_msgs/px4_msgs/msg/detail/rover_steering_setpoint__type_support.h
[299.041s] -- Installing: /home/stepan/ws_ros2/install/px4_msgs/include/px4_msgs/px4_msgs/msg/detail/parameter_reset_request__struct.h
[299.041s] -- Installing: /home/stepan/ws_ros2/install/px4_msgs/include/px4_msgs/px4_msgs/msg/detail/follow_target_status__functions.c
[299.041s] -- Installing: /home/stepan/ws_ros2/install/px4_msgs/include/px4_msgs/px4_msgs/msg/detail/estimator_innovations__struct.h
[299.041s] -- Installing: /home/stepan/ws_ros2/install/px4_msgs/include/px4_msgs/px4_msgs/msg/detail/follow_target_estimator__functions.h
[299.041s] -- Installing: /home/stepan/ws_ros2/install/px4_msgs/include/px4_msgs/px4_msgs/msg/detail/vehicle_global_position__type_support.h
[299.041s] -- Installing: /home/stepan/ws_ros2/install/px4_msgs/include/px4_msgs/px4_msgs/msg/detail/task_stack_info__type_support.h
[299.041s] -- Installing: /home/stepan/ws_ros2/install/px4_msgs/include/px4_msgs/px4_msgs/msg/detail/action_request__struct.h
[299.041s] -- Installing: /home/stepan/ws_ros2/install/px4_msgs/include/px4_msgs/px4_msgs/msg/detail/arming_check_request__functions.h
[299.041s] -- Installing: /home/stepan/ws_ros2/install/px4_msgs/include/px4_msgs/px4_msgs/msg/detail/gps_inject_data__type_support.h
[299.042s] -- Installing: /home/stepan/ws_ros2/install/px4_msgs/include/px4_msgs/px4_msgs/msg/detail/control_allocator_status__functions.c
[299.042s] -- Installing: /home/stepan/ws_ros2/install/px4_msgs/include/px4_msgs/px4_msgs/msg/detail/navigator_status__functions.h
[299.042s] -- Installing: /home/stepan/ws_ros2/install/px4_msgs/include/px4_msgs/px4_msgs/msg/detail/launch_detection_status__type_support.h
[299.042s] -- Installing: /home/stepan/ws_ros2/install/px4_msgs/include/px4_msgs/px4_msgs/msg/detail/distance_sensor__functions.h
[299.042s] -- Installing: /home/stepan/ws_ros2/install/px4_msgs/include/px4_msgs/px4_msgs/msg/detail/estimator_gps_status__functions.h
[299.042s] -- Installing: /home/stepan/ws_ros2/install/px4_msgs/include/px4_msgs/px4_msgs/msg/detail/orb_test_medium__struct.h
[299.042s] -- Installing: /home/stepan/ws_ros2/install/px4_msgs/include/px4_msgs/px4_msgs/msg/detail/vehicle_imu__functions.h
[299.042s] -- Installing: /home/stepan/ws_ros2/install/px4_msgs/include/px4_msgs/px4_msgs/msg/detail/mavlink_tunnel__struct.h
[299.042s] -- Installing: /home/stepan/ws_ros2/install/px4_msgs/include/px4_msgs/px4_msgs/msg/detail/vtol_vehicle_status__type_support.h
[299.042s] -- Installing: /home/stepan/ws_ros2/install/px4_msgs/include/px4_msgs/px4_msgs/msg/detail/parameter_set_value_response__functions.c
[299.042s] -- Installing: /home/stepan/ws_ros2/install/px4_msgs/include/px4_msgs/px4_msgs/msg/detail/parameter_reset_request__functions.c
[299.042s] -- Installing: /home/stepan/ws_ros2/install/px4_msgs/include/px4_msgs/px4_msgs/msg/detail/estimator_status__functions.c
[299.043s] -- Installing: /home/stepan/ws_ros2/install/px4_msgs/include/px4_msgs/px4_msgs/msg/detail/qshell_req__struct.h
[299.043s] -- Installing: /home/stepan/ws_ros2/install/px4_msgs/include/px4_msgs/px4_msgs/msg/detail/timesync_status__type_support.h
[299.043s] -- Installing: /home/stepan/ws_ros2/install/px4_msgs/include/px4_msgs/px4_msgs/msg/detail/distance_sensor_mode_change_request__type_support.h
[299.043s] -- Installing: /home/stepan/ws_ros2/install/px4_msgs/include/px4_msgs/px4_msgs/msg/detail/event__type_support.h
[299.043s] -- Installing: /home/stepan/ws_ros2/install/px4_msgs/include/px4_msgs/px4_msgs/msg/detail/geofence_status__functions.c
[299.043s] -- Installing: /home/stepan/ws_ros2/install/px4_msgs/include/px4_msgs/px4_msgs/msg/detail/npfg_status__type_support.h
[299.043s] -- Installing: /home/stepan/ws_ros2/install/px4_msgs/include/px4_msgs/px4_msgs/msg/detail/obstacle_distance__struct.h
[299.043s] -- Installing: /home/stepan/ws_ros2/install/px4_msgs/include/px4_msgs/px4_msgs/msg/detail/estimator_gps_status__type_support.h
[299.043s] -- Installing: /home/stepan/ws_ros2/install/px4_msgs/include/px4_msgs/px4_msgs/msg/detail/gpio_request__struct.h
[299.043s] -- Installing: /home/stepan/ws_ros2/install/px4_msgs/include/px4_msgs/px4_msgs/msg/detail/camera_status__struct.h
[299.043s] -- Installing: /home/stepan/ws_ros2/install/px4_msgs/include/px4_msgs/px4_msgs/msg/detail/gps_inject_data__struct.h
[299.043s] -- Installing: /home/stepan/ws_ros2/install/px4_msgs/include/px4_msgs/px4_msgs/msg/detail/register_ext_component_request__functions.c
[299.044s] -- Installing: /home/stepan/ws_ros2/install/px4_msgs/include/px4_msgs/px4_msgs/msg/detail/timesync_status__struct.h
[299.044s] -- Installing: /home/stepan/ws_ros2/install/px4_msgs/include/px4_msgs/px4_msgs/msg/detail/actuator_armed__functions.h
[299.044s] -- Installing: /home/stepan/ws_ros2/install/px4_msgs/include/px4_msgs/px4_msgs/msg/detail/trajectory_setpoint__functions.c
[299.044s] -- Installing: /home/stepan/ws_ros2/install/px4_msgs/include/px4_msgs/px4_msgs/msg/detail/unregister_ext_component__struct.h
[299.044s] -- Installing: /home/stepan/ws_ros2/install/px4_msgs/include/px4_msgs/px4_msgs/msg/detail/open_drone_id_self_id__functions.c
[299.044s] -- Installing: /home/stepan/ws_ros2/install/px4_msgs/include/px4_msgs/px4_msgs/msg/detail/vehicle_command__type_support.h
[299.044s] -- Installing: /home/stepan/ws_ros2/install/px4_msgs/include/px4_msgs/px4_msgs/msg/detail/battery_status__functions.h
[299.044s] -- Installing: /home/stepan/ws_ros2/install/px4_msgs/include/px4_msgs/px4_msgs/msg/detail/vehicle_rates_setpoint__functions.h
[299.044s] -- Installing: /home/stepan/ws_ros2/install/px4_msgs/include/px4_msgs/px4_msgs/msg/detail/sensors_status__struct.h
[299.044s] -- Installing: /home/stepan/ws_ros2/install/px4_msgs/include/px4_msgs/px4_msgs/msg/detail/goto_setpoint__struct.h
[299.044s] -- Installing: /home/stepan/ws_ros2/install/px4_msgs/include/px4_msgs/px4_msgs/msg/detail/position_setpoint__struct.h
[299.044s] -- Installing: /home/stepan/ws_ros2/install/px4_msgs/include/px4_msgs/px4_msgs/msg/detail/rover_rate_status__struct.h
[299.045s] -- Installing: /home/stepan/ws_ros2/install/px4_msgs/include/px4_msgs/px4_msgs/msg/detail/sensor_gnss_relative__functions.c
[299.045s] -- Installing: /home/stepan/ws_ros2/install/px4_msgs/include/px4_msgs/px4_msgs/msg/detail/led_control__struct.h
[299.045s] -- Installing: /home/stepan/ws_ros2/install/px4_msgs/include/px4_msgs/px4_msgs/msg/detail/cellular_status__functions.h
[299.045s] -- Installing: /home/stepan/ws_ros2/install/px4_msgs/include/px4_msgs/px4_msgs/msg/detail/uavcan_parameter_value__functions.c
[299.045s] -- Installing: /home/stepan/ws_ros2/install/px4_msgs/include/px4_msgs/px4_msgs/msg/detail/fuel_tank_status__functions.h
[299.045s] -- Installing: /home/stepan/ws_ros2/install/px4_msgs/include/px4_msgs/px4_msgs/msg/detail/mission__functions.h
[299.045s] -- Installing: /home/stepan/ws_ros2/install/px4_msgs/include/px4_msgs/px4_msgs/msg/detail/magnetometer_bias_estimate__struct.h
[299.045s] -- Installing: /home/stepan/ws_ros2/install/px4_msgs/include/px4_msgs/px4_msgs/msg/detail/sensor_accel__struct.h
[299.045s] -- Installing: /home/stepan/ws_ros2/install/px4_msgs/include/px4_msgs/px4_msgs/msg/detail/position_controller_status__functions.h
[299.045s] -- Installing: /home/stepan/ws_ros2/install/px4_msgs/include/px4_msgs/px4_msgs/msg/detail/sensor_uwb__type_support.h
[299.045s] -- Installing: /home/stepan/ws_ros2/install/px4_msgs/include/px4_msgs/px4_msgs/msg/detail/goto_setpoint__functions.h
[299.045s] -- Installing: /home/stepan/ws_ros2/install/px4_msgs/include/px4_msgs/px4_msgs/msg/detail/gimbal_manager_set_manual_control__struct.h
[299.046s] -- Installing: /home/stepan/ws_ros2/install/px4_msgs/include/px4_msgs/px4_msgs/msg/detail/actuator_servos_trim__type_support.h
[299.046s] -- Installing: /home/stepan/ws_ros2/install/px4_msgs/include/px4_msgs/px4_msgs/msg/detail/sensor_mag__functions.c
[299.046s] -- Installing: /home/stepan/ws_ros2/install/px4_msgs/include/px4_msgs/px4_msgs/msg/detail/power_monitor__struct.h
[299.046s] -- Installing: /home/stepan/ws_ros2/install/px4_msgs/include/px4_msgs/px4_msgs/msg/detail/open_drone_id_arm_status__struct.h
[299.046s] -- Installing: /home/stepan/ws_ros2/install/px4_msgs/include/px4_msgs/px4_msgs/msg/detail/estimator_bias__struct.h
[299.046s] -- Installing: /home/stepan/ws_ros2/install/px4_msgs/include/px4_msgs/px4_msgs/msg/detail/landing_target_innovations__type_support.h
[299.046s] -- Installing: /home/stepan/ws_ros2/install/px4_msgs/include/px4_msgs/px4_msgs/msg/detail/yaw_estimator_status__functions.c
[299.046s] -- Installing: /home/stepan/ws_ros2/install/px4_msgs/include/px4_msgs/px4_msgs/msg/detail/gpio_config__struct.h
[299.046s] -- Installing: /home/stepan/ws_ros2/install/px4_msgs/include/px4_msgs/px4_msgs/msg/detail/vehicle_local_position__functions.c
[299.046s] -- Installing: /home/stepan/ws_ros2/install/px4_msgs/include/px4_msgs/px4_msgs/msg/detail/hover_thrust_estimate__type_support.h
[299.047s] -- Installing: /home/stepan/ws_ros2/install/px4_msgs/include/px4_msgs/px4_msgs/msg/detail/airspeed_wind__struct.h
[299.047s] -- Installing: /home/stepan/ws_ros2/install/px4_msgs/include/px4_msgs/px4_msgs/msg/detail/mag_worker_data__type_support.h
[299.047s] -- Installing: /home/stepan/ws_ros2/install/px4_msgs/include/px4_msgs/px4_msgs/msg/detail/cellular_status__functions.c
[299.047s] -- Installing: /home/stepan/ws_ros2/install/px4_msgs/include/px4_msgs/px4_msgs/msg/detail/actuator_test__functions.c
[299.047s] -- Installing: /home/stepan/ws_ros2/install/px4_msgs/include/px4_msgs/px4_msgs/msg/detail/sensor_selection__struct.h
[299.047s] -- Installing: /home/stepan/ws_ros2/install/px4_msgs/include/px4_msgs/px4_msgs/msg/detail/gimbal_manager_status__type_support.h
[299.047s] -- Installing: /home/stepan/ws_ros2/install/px4_msgs/include/px4_msgs/px4_msgs/msg/detail/esc_status__functions.h
[299.047s] -- Installing: /home/stepan/ws_ros2/install/px4_msgs/include/px4_msgs/px4_msgs/msg/detail/uavcan_parameter_request__struct.h
[299.047s] -- Installing: /home/stepan/ws_ros2/install/px4_msgs/include/px4_msgs/px4_msgs/msg/detail/mavlink_log__struct.h
[299.047s] -- Installing: /home/stepan/ws_ros2/install/px4_msgs/include/px4_msgs/px4_msgs/msg/detail/vehicle_control_mode__struct.h
[299.047s] -- Installing: /home/stepan/ws_ros2/install/px4_msgs/include/px4_msgs/px4_msgs/msg/detail/button_event__functions.h
[299.047s] -- Installing: /home/stepan/ws_ros2/install/px4_msgs/include/px4_msgs/px4_msgs/msg/detail/button_event__type_support.h
[299.047s] -- Installing: /home/stepan/ws_ros2/install/px4_msgs/include/px4_msgs/px4_msgs/msg/detail/rover_position_setpoint__type_support.h
[299.048s] -- Installing: /home/stepan/ws_ros2/install/px4_msgs/include/px4_msgs/px4_msgs/msg/detail/esc_status__struct.h
[299.048s] -- Installing: /home/stepan/ws_ros2/install/px4_msgs/include/px4_msgs/px4_msgs/msg/detail/vehicle_imu__struct.h
[299.048s] -- Installing: /home/stepan/ws_ros2/install/px4_msgs/include/px4_msgs/px4_msgs/msg/detail/onboard_computer_status__type_support.h
[299.048s] -- Installing: /home/stepan/ws_ros2/install/px4_msgs/include/px4_msgs/px4_msgs/msg/detail/parameter_set_value_request__type_support.h
[299.048s] -- Installing: /home/stepan/ws_ros2/install/px4_msgs/include/px4_msgs/px4_msgs/msg/detail/collision_constraints__struct.h
[299.048s] -- Installing: /home/stepan/ws_ros2/install/px4_msgs/include/px4_msgs/px4_msgs/msg/detail/estimator_states__struct.h
[299.048s] -- Installing: /home/stepan/ws_ros2/install/px4_msgs/include/px4_msgs/px4_msgs/msg/detail/wheel_encoders__struct.h
[299.048s] -- Installing: /home/stepan/ws_ros2/install/px4_msgs/include/px4_msgs/px4_msgs/msg/detail/estimator_aid_source2d__struct.h
[299.048s] -- Installing: /home/stepan/ws_ros2/install/px4_msgs/include/px4_msgs/px4_msgs/msg/detail/differential_pressure__functions.h
[299.048s] -- Installing: /home/stepan/ws_ros2/install/px4_msgs/include/px4_msgs/px4_msgs/msg/detail/gimbal_manager_set_attitude__type_support.h
[299.048s] -- Installing: /home/stepan/ws_ros2/install/px4_msgs/include/px4_msgs/px4_msgs/msg/detail/gimbal_controls__functions.h
[299.048s] -- Installing: /home/stepan/ws_ros2/install/px4_msgs/include/px4_msgs/px4_msgs/msg/detail/logger_status__functions.h
[299.049s] -- Installing: /home/stepan/ws_ros2/install/px4_msgs/include/px4_msgs/px4_msgs/msg/detail/gimbal_manager_information__type_support.h
[299.049s] -- Installing: /home/stepan/ws_ros2/install/px4_msgs/include/px4_msgs/px4_msgs/msg/detail/mavlink_tunnel__functions.c
[299.049s] -- Installing: /home/stepan/ws_ros2/install/px4_msgs/include/px4_msgs/px4_msgs/msg/detail/wind__functions.h
[299.049s] -- Installing: /home/stepan/ws_ros2/install/px4_msgs/include/px4_msgs/px4_msgs/msg/detail/failsafe_flags__functions.c
[299.049s] -- Installing: /home/stepan/ws_ros2/install/px4_msgs/include/px4_msgs/px4_msgs/msg/detail/gimbal_device_set_attitude__struct.h
[299.049s] -- Installing: /home/stepan/ws_ros2/install/px4_msgs/include/px4_msgs/px4_msgs/msg/detail/message_format_response__struct.h
[299.049s] -- Installing: /home/stepan/ws_ros2/install/px4_msgs/include/px4_msgs/px4_msgs/msg/detail/radio_status__functions.c
[299.049s] -- Installing: /home/stepan/ws_ros2/install/px4_msgs/include/px4_msgs/px4_msgs/msg/detail/landing_target_innovations__functions.c
[299.049s] -- Installing: /home/stepan/ws_ros2/install/px4_msgs/include/px4_msgs/px4_msgs/msg/detail/ekf2_timestamps__functions.h
[299.049s] -- Installing: /home/stepan/ws_ros2/install/px4_msgs/include/px4_msgs/px4_msgs/msg/detail/parameter_update__functions.c
[299.049s] -- Installing: /home/stepan/ws_ros2/install/px4_msgs/include/px4_msgs/px4_msgs/msg/detail/message_format_request__functions.h
[299.050s] -- Installing: /home/stepan/ws_ros2/install/px4_msgs/include/px4_msgs/px4_msgs/msg/detail/trajectory_setpoint__struct.h
[299.050s] -- Installing: /home/stepan/ws_ros2/install/px4_msgs/include/px4_msgs/px4_msgs/msg/detail/rover_attitude_setpoint__type_support.h
[299.050s] -- Installing: /home/stepan/ws_ros2/install/px4_msgs/include/px4_msgs/px4_msgs/msg/detail/dataman_response__type_support.h
[299.050s] -- Installing: /home/stepan/ws_ros2/install/px4_msgs/include/px4_msgs/px4_msgs/msg/detail/debug_key_value__functions.h
[299.050s] -- Installing: /home/stepan/ws_ros2/install/px4_msgs/include/px4_msgs/px4_msgs/msg/detail/qshell_req__functions.h
[299.050s] -- Installing: /home/stepan/ws_ros2/install/px4_msgs/include/px4_msgs/px4_msgs/msg/detail/follow_target_status__type_support.h
[299.050s] -- Installing: /home/stepan/ws_ros2/install/px4_msgs/include/px4_msgs/px4_msgs/msg/detail/collision_constraints__functions.h
[299.050s] -- Installing: /home/stepan/ws_ros2/install/px4_msgs/include/px4_msgs/px4_msgs/msg/detail/esc_report__struct.h
[299.050s] -- Installing: /home/stepan/ws_ros2/install/px4_msgs/include/px4_msgs/px4_msgs/msg/detail/position_controller_status__struct.h
[299.050s] -- Installing: /home/stepan/ws_ros2/install/px4_msgs/include/px4_msgs/px4_msgs/msg/detail/vehicle_control_mode__type_support.h
[299.050s] -- Installing: /home/stepan/ws_ros2/install/px4_msgs/include/px4_msgs/px4_msgs/msg/detail/offboard_control_mode__functions.c
[299.050s] -- Installing: /home/stepan/ws_ros2/install/px4_msgs/include/px4_msgs/px4_msgs/msg/detail/tiltrotor_extra_controls__struct.h
[299.051s] -- Installing: /home/stepan/ws_ros2/install/px4_msgs/include/px4_msgs/px4_msgs/msg/detail/position_setpoint_triplet__type_support.h
[299.051s] -- Installing: /home/stepan/ws_ros2/install/px4_msgs/include/px4_msgs/px4_msgs/msg/detail/gimbal_device_attitude_status__struct.h
[299.051s] -- Installing: /home/stepan/ws_ros2/install/px4_msgs/include/px4_msgs/px4_msgs/msg/detail/gimbal_device_set_attitude__functions.c
[299.051s] -- Installing: /home/stepan/ws_ros2/install/px4_msgs/include/px4_msgs/px4_msgs/msg/detail/airspeed_wind__type_support.h
[299.051s] -- Installing: /home/stepan/ws_ros2/install/px4_msgs/include/px4_msgs/px4_msgs/msg/detail/ulog_stream_ack__functions.h
[299.051s] -- Installing: /home/stepan/ws_ros2/install/px4_msgs/include/px4_msgs/px4_msgs/msg/detail/sensor_uwb__struct.h
[299.051s] -- Installing: /home/stepan/ws_ros2/install/px4_msgs/include/px4_msgs/px4_msgs/msg/detail/power_monitor__type_support.h
[299.051s] -- Installing: /home/stepan/ws_ros2/install/px4_msgs/include/px4_msgs/px4_msgs/msg/detail/estimator_selector_status__type_support.h
[299.051s] -- Installing: /home/stepan/ws_ros2/install/px4_msgs/include/px4_msgs/px4_msgs/msg/detail/vehicle_constraints__type_support.h
[299.051s] -- Installing: /home/stepan/ws_ros2/install/px4_msgs/include/px4_msgs/px4_msgs/msg/detail/airspeed__functions.h
[299.051s] -- Installing: /home/stepan/ws_ros2/install/px4_msgs/include/px4_msgs/px4_msgs/msg/detail/normalized_unsigned_setpoint__struct.h
[299.051s] -- Installing: /home/stepan/ws_ros2/install/px4_msgs/include/px4_msgs/px4_msgs/msg/detail/rover_attitude_status__type_support.h
[299.052s] -- Installing: /home/stepan/ws_ros2/install/px4_msgs/include/px4_msgs/px4_msgs/msg/detail/irlock_report__struct.h
[299.052s] -- Installing: /home/stepan/ws_ros2/install/px4_msgs/include/px4_msgs/px4_msgs/msg/detail/rover_velocity_status__struct.h
[299.052s] -- Installing: /home/stepan/ws_ros2/install/px4_msgs/include/px4_msgs/px4_msgs/msg/detail/mission_result__functions.h
[299.052s] -- Installing: /home/stepan/ws_ros2/install/px4_msgs/include/px4_msgs/px4_msgs/msg/detail/flight_phase_estimation__type_support.h
[299.052s] -- Installing: /home/stepan/ws_ros2/install/px4_msgs/include/px4_msgs/px4_msgs/msg/detail/estimator_bias3d__functions.h
[299.052s] -- Installing: /home/stepan/ws_ros2/install/px4_msgs/include/px4_msgs/px4_msgs/msg/detail/sensor_gnss_relative__struct.h
[299.052s] -- Installing: /home/stepan/ws_ros2/install/px4_msgs/include/px4_msgs/px4_msgs/msg/detail/adc_report__struct.h
[299.052s] -- Installing: /home/stepan/ws_ros2/install/px4_msgs/include/px4_msgs/px4_msgs/msg/detail/debug_key_value__functions.c
[299.052s] -- Installing: /home/stepan/ws_ros2/install/px4_msgs/include/px4_msgs/px4_msgs/msg/detail/px4io_status__functions.c
[299.052s] -- Installing: /home/stepan/ws_ros2/install/px4_msgs/include/px4_msgs/px4_msgs/msg/detail/estimator_event_flags__functions.c
[299.052s] -- Installing: /home/stepan/ws_ros2/install/px4_msgs/include/px4_msgs/px4_msgs/msg/detail/mag_worker_data__functions.c
[299.052s] -- Installing: /home/stepan/ws_ros2/install/px4_msgs/include/px4_msgs/px4_msgs/msg/detail/estimator_innovations__functions.h
[299.053s] -- Installing: /home/stepan/ws_ros2/install/px4_msgs/include/px4_msgs/px4_msgs/msg/detail/vehicle_acceleration__functions.h
[299.053s] -- Installing: /home/stepan/ws_ros2/install/px4_msgs/include/px4_msgs/px4_msgs/msg/detail/dataman_response__functions.c
[299.053s] -- Installing: /home/stepan/ws_ros2/install/px4_msgs/include/px4_msgs/px4_msgs/msg/detail/transponder_report__type_support.h
[299.053s] -- Installing: /home/stepan/ws_ros2/install/px4_msgs/include/px4_msgs/px4_msgs/msg/detail/hover_thrust_estimate__functions.h
[299.053s] -- Installing: /home/stepan/ws_ros2/install/px4_msgs/include/px4_msgs/px4_msgs/msg/detail/vehicle_global_position__struct.h
[299.053s] -- Installing: /home/stepan/ws_ros2/install/px4_msgs/include/px4_msgs/px4_msgs/msg/detail/gimbal_controls__struct.h
[299.053s] -- Installing: /home/stepan/ws_ros2/install/px4_msgs/include/px4_msgs/px4_msgs/msg/detail/estimator_states__type_support.h
[299.053s] -- Installing: /home/stepan/ws_ros2/install/px4_msgs/include/px4_msgs/px4_msgs/msg/detail/logger_status__functions.c
[299.053s] -- Installing: /home/stepan/ws_ros2/install/px4_msgs/include/px4_msgs/px4_msgs/msg/detail/actuator_motors__functions.c
[299.053s] -- Installing: /home/stepan/ws_ros2/install/px4_msgs/include/px4_msgs/px4_msgs/msg/detail/vehicle_thrust_setpoint__functions.h
[299.053s] -- Installing: /home/stepan/ws_ros2/install/px4_msgs/include/px4_msgs/px4_msgs/msg/detail/airspeed_wind__functions.c
[299.053s] -- Installing: /home/stepan/ws_ros2/install/px4_msgs/include/px4_msgs/px4_msgs/msg/detail/vehicle_attitude_setpoint__functions.c
[299.054s] -- Installing: /home/stepan/ws_ros2/install/px4_msgs/include/px4_msgs/px4_msgs/msg/detail/arming_check_reply__struct.h
[299.054s] -- Installing: /home/stepan/ws_ros2/install/px4_msgs/include/px4_msgs/px4_msgs/msg/detail/parameter_set_value_request__functions.h
[299.054s] -- Installing: /home/stepan/ws_ros2/install/px4_msgs/include/px4_msgs/px4_msgs/msg/detail/vehicle_angular_acceleration_setpoint__struct.h
[299.054s] -- Installing: /home/stepan/ws_ros2/install/px4_msgs/include/px4_msgs/px4_msgs/msg/detail/vehicle_roi__functions.c
[299.054s] -- Installing: /home/stepan/ws_ros2/install/px4_msgs/include/px4_msgs/px4_msgs/msg/detail/rc_parameter_map__type_support.h
[299.054s] -- Installing: /home/stepan/ws_ros2/install/px4_msgs/include/px4_msgs/px4_msgs/msg/detail/mavlink_log__functions.h
[299.054s] -- Installing: /home/stepan/ws_ros2/install/px4_msgs/include/px4_msgs/px4_msgs/msg/detail/vehicle_optical_flow__struct.h
[299.054s] -- Installing: /home/stepan/ws_ros2/install/px4_msgs/include/px4_msgs/px4_msgs/msg/detail/distance_sensor__functions.c
[299.054s] -- Installing: /home/stepan/ws_ros2/install/px4_msgs/include/px4_msgs/px4_msgs/msg/detail/rc_channels__functions.h
[299.054s] -- Installing: /home/stepan/ws_ros2/install/px4_msgs/include/px4_msgs/px4_msgs/msg/detail/arming_check_reply__functions.h
[299.054s] -- Installing: /home/stepan/ws_ros2/install/px4_msgs/include/px4_msgs/px4_msgs/msg/detail/dataman_request__functions.c
[299.055s] -- Installing: /home/stepan/ws_ros2/install/px4_msgs/include/px4_msgs/px4_msgs/msg/detail/unregister_ext_component__functions.c
[299.055s] -- Installing: /home/stepan/ws_ros2/install/px4_msgs/include/px4_msgs/px4_msgs/msg/detail/parameter_update__functions.h
[299.055s] -- Installing: /home/stepan/ws_ros2/install/px4_msgs/include/px4_msgs/px4_msgs/msg/detail/estimator_sensor_bias__type_support.h
[299.055s] -- Installing: /home/stepan/ws_ros2/install/px4_msgs/include/px4_msgs/px4_msgs/msg/detail/sensor_gyro__type_support.h
[299.055s] -- Installing: /home/stepan/ws_ros2/install/px4_msgs/include/px4_msgs/px4_msgs/msg/detail/px4io_status__functions.h
[299.055s] -- Installing: /home/stepan/ws_ros2/install/px4_msgs/include/px4_msgs/px4_msgs/msg/detail/event__struct.h
[299.055s] -- Installing: /home/stepan/ws_ros2/install/px4_msgs/include/px4_msgs/px4_msgs/msg/detail/rover_velocity_status__functions.h
[299.055s] -- Installing: /home/stepan/ws_ros2/install/px4_msgs/include/px4_msgs/px4_msgs/msg/detail/ulog_stream_ack__struct.h
[299.055s] -- Installing: /home/stepan/ws_ros2/install/px4_msgs/include/px4_msgs/px4_msgs/msg/detail/action_request__type_support.h
[299.055s] -- Installing: /home/stepan/ws_ros2/install/px4_msgs/include/px4_msgs/px4_msgs/msg/detail/vehicle_command__functions.c
[299.055s] -- Installing: /home/stepan/ws_ros2/install/px4_msgs/include/px4_msgs/px4_msgs/msg/detail/vtol_vehicle_status__functions.c
[299.055s] -- Installing: /home/stepan/ws_ros2/install/px4_msgs/include/px4_msgs/px4_msgs/msg/detail/vehicle_rates_setpoint__struct.h
[299.056s] -- Installing: /home/stepan/ws_ros2/install/px4_msgs/include/px4_msgs/px4_msgs/msg/detail/vehicle_acceleration__functions.c
[299.056s] -- Installing: /home/stepan/ws_ros2/install/px4_msgs/include/px4_msgs/px4_msgs/msg/detail/sensors_status_imu__struct.h
[299.056s] -- Installing: /home/stepan/ws_ros2/install/px4_msgs/include/px4_msgs/px4_msgs/msg/detail/autotune_attitude_control_status__type_support.h
[299.056s] -- Installing: /home/stepan/ws_ros2/install/px4_msgs/include/px4_msgs/px4_msgs/msg/detail/flight_phase_estimation__struct.h
[299.056s] -- Installing: /home/stepan/ws_ros2/install/px4_msgs/include/px4_msgs/px4_msgs/msg/detail/adc_report__functions.c
[299.056s] -- Installing: /home/stepan/ws_ros2/install/px4_msgs/include/px4_msgs/px4_msgs/msg/detail/uavcan_parameter_value__struct.h
[299.056s] -- Installing: /home/stepan/ws_ros2/install/px4_msgs/include/px4_msgs/px4_msgs/msg/detail/sensor_gyro_fft__type_support.h
[299.056s] -- Installing: /home/stepan/ws_ros2/install/px4_msgs/include/px4_msgs/px4_msgs/msg/detail/sensor_preflight_mag__functions.h
[299.056s] -- Installing: /home/stepan/ws_ros2/install/px4_msgs/include/px4_msgs/px4_msgs/msg/detail/gpio_request__functions.c
[299.056s] -- Installing: /home/stepan/ws_ros2/install/px4_msgs/include/px4_msgs/px4_msgs/msg/detail/power_button_state__struct.h
[299.056s] -- Installing: /home/stepan/ws_ros2/install/px4_msgs/include/px4_msgs/px4_msgs/msg/detail/ackermann_velocity_setpoint__functions.h
[299.056s] -- Installing: /home/stepan/ws_ros2/install/px4_msgs/include/px4_msgs/px4_msgs/msg/detail/rate_ctrl_status__functions.h
[299.057s] -- Installing: /home/stepan/ws_ros2/install/px4_msgs/include/px4_msgs/px4_msgs/msg/detail/button_event__functions.c
[299.057s] -- Installing: /home/stepan/ws_ros2/install/px4_msgs/include/px4_msgs/px4_msgs/msg/detail/esc_report__functions.c
[299.057s] -- Installing: /home/stepan/ws_ros2/install/px4_msgs/include/px4_msgs/px4_msgs/msg/detail/differential_pressure__struct.h
[299.057s] -- Installing: /home/stepan/ws_ros2/install/px4_msgs/include/px4_msgs/px4_msgs/msg/detail/geofence_result__type_support.h
[299.057s] -- Installing: /home/stepan/ws_ros2/install/px4_msgs/include/px4_msgs/px4_msgs/msg/detail/parameter_set_value_response__struct.h
[299.057s] -- Installing: /home/stepan/ws_ros2/install/px4_msgs/include/px4_msgs/px4_msgs/msg/detail/debug_value__struct.h
[299.057s] -- Installing: /home/stepan/ws_ros2/install/px4_msgs/include/px4_msgs/px4_msgs/msg/detail/event__functions.c
[299.057s] -- Installing: /home/stepan/ws_ros2/install/px4_msgs/include/px4_msgs/px4_msgs/msg/detail/sensor_gps__type_support.h
[299.057s] -- Installing: /home/stepan/ws_ros2/install/px4_msgs/include/px4_msgs/px4_msgs/msg/detail/esc_status__functions.c
[299.057s] -- Installing: /home/stepan/ws_ros2/install/px4_msgs/include/px4_msgs/px4_msgs/msg/detail/sensor_selection__type_support.h
[299.057s] -- Installing: /home/stepan/ws_ros2/install/px4_msgs/include/px4_msgs/px4_msgs/msg/detail/radio_status__functions.h
[299.057s] -- Installing: /home/stepan/ws_ros2/install/px4_msgs/include/px4_msgs/px4_msgs/msg/detail/cpuload__functions.c
[299.058s] -- Installing: /home/stepan/ws_ros2/install/px4_msgs/include/px4_msgs/px4_msgs/msg/detail/actuator_armed__functions.c
[299.058s] -- Installing: /home/stepan/ws_ros2/install/px4_msgs/include/px4_msgs/px4_msgs/msg/detail/gimbal_device_information__functions.h
[299.058s] -- Installing: /home/stepan/ws_ros2/install/px4_msgs/include/px4_msgs/px4_msgs/msg/detail/rpm__functions.h
[299.058s] -- Installing: /home/stepan/ws_ros2/install/px4_msgs/include/px4_msgs/px4_msgs/msg/detail/launch_detection_status__struct.h
[299.058s] -- Installing: /home/stepan/ws_ros2/install/px4_msgs/include/px4_msgs/px4_msgs/msg/detail/qshell_retval__functions.c
[299.058s] -- Installing: /home/stepan/ws_ros2/install/px4_msgs/include/px4_msgs/px4_msgs/msg/detail/distance_sensor__type_support.h
[299.058s] -- Installing: /home/stepan/ws_ros2/install/px4_msgs/include/px4_msgs/px4_msgs/msg/detail/sensor_accel_fifo__type_support.h
[299.058s] -- Installing: /home/stepan/ws_ros2/install/px4_msgs/include/px4_msgs/px4_msgs/msg/detail/battery_status__functions.c
[299.058s] -- Installing: /home/stepan/ws_ros2/install/px4_msgs/include/px4_msgs/px4_msgs/msg/detail/adc_report__type_support.h
[299.058s] -- Installing: /home/stepan/ws_ros2/install/px4_msgs/include/px4_msgs/px4_msgs/msg/detail/rtl_status__functions.h
[299.058s] -- Installing: /home/stepan/ws_ros2/install/px4_msgs/include/px4_msgs/px4_msgs/msg/detail/rover_rate_setpoint__functions.h
[299.058s] -- Installing: /home/stepan/ws_ros2/install/px4_msgs/include/px4_msgs/px4_msgs/msg/detail/vehicle_odometry__functions.h
[299.059s] -- Installing: /home/stepan/ws_ros2/install/px4_msgs/include/px4_msgs/px4_msgs/msg/detail/sensors_status__functions.c
[299.059s] -- Installing: /home/stepan/ws_ros2/install/px4_msgs/include/px4_msgs/px4_msgs/msg/detail/position_controller_landing_status__struct.h
[299.059s] -- Installing: /home/stepan/ws_ros2/install/px4_msgs/include/px4_msgs/px4_msgs/msg/detail/rover_attitude_status__functions.c
[299.059s] -- Installing: /home/stepan/ws_ros2/install/px4_msgs/include/px4_msgs/px4_msgs/msg/detail/estimator_event_flags__functions.h
[299.059s] -- Installing: /home/stepan/ws_ros2/install/px4_msgs/include/px4_msgs/px4_msgs/msg/detail/rtl_time_estimate__type_support.h
[299.059s] -- Installing: /home/stepan/ws_ros2/install/px4_msgs/include/px4_msgs/px4_msgs/msg/detail/camera_trigger__functions.h
[299.059s] -- Installing: /home/stepan/ws_ros2/install/px4_msgs/include/px4_msgs/px4_msgs/msg/detail/open_drone_id_system__type_support.h
[299.059s] -- Installing: /home/stepan/ws_ros2/install/px4_msgs/include/px4_msgs/px4_msgs/msg/detail/rover_throttle_setpoint__type_support.h
[299.059s] -- Installing: /home/stepan/ws_ros2/install/px4_msgs/include/px4_msgs/px4_msgs/msg/detail/vehicle_control_mode__functions.h
[299.059s] -- Installing: /home/stepan/ws_ros2/install/px4_msgs/include/px4_msgs/px4_msgs/msg/detail/message_format_request__functions.c
[299.059s] -- Installing: /home/stepan/ws_ros2/install/px4_msgs/include/px4_msgs/px4_msgs/msg/detail/event__functions.h
[299.059s] -- Installing: /home/stepan/ws_ros2/install/px4_msgs/include/px4_msgs/px4_msgs/msg/detail/sensor_mag__type_support.h
[299.060s] -- Installing: /home/stepan/ws_ros2/install/px4_msgs/include/px4_msgs/px4_msgs/msg/detail/mission__type_support.h
[299.060s] -- Installing: /home/stepan/ws_ros2/install/px4_msgs/include/px4_msgs/px4_msgs/msg/detail/actuator_controls_status__functions.c
[299.060s] -- Installing: /home/stepan/ws_ros2/install/px4_msgs/include/px4_msgs/px4_msgs/msg/detail/register_ext_component_reply__functions.h
[299.060s] -- Installing: /home/stepan/ws_ros2/install/px4_msgs/include/px4_msgs/px4_msgs/msg/detail/vehicle_air_data__type_support.h
[299.060s] -- Installing: /home/stepan/ws_ros2/install/px4_msgs/include/px4_msgs/px4_msgs/msg/detail/manual_control_setpoint__type_support.h
[299.060s] -- Installing: /home/stepan/ws_ros2/install/px4_msgs/include/px4_msgs/px4_msgs/msg/detail/orb_test_large__type_support.h
[299.060s] -- Installing: /home/stepan/ws_ros2/install/px4_msgs/include/px4_msgs/px4_msgs/msg/detail/home_position__type_support.h
[299.060s] -- Installing: /home/stepan/ws_ros2/install/px4_msgs/include/px4_msgs/px4_msgs/msg/detail/mission__struct.h
[299.060s] -- Installing: /home/stepan/ws_ros2/install/px4_msgs/include/px4_msgs/px4_msgs/msg/detail/estimator_sensor_bias__functions.c
[299.060s] -- Installing: /home/stepan/ws_ros2/install/px4_msgs/include/px4_msgs/px4_msgs/msg/detail/vehicle_local_position__functions.h
[299.060s] -- Installing: /home/stepan/ws_ros2/install/px4_msgs/include/px4_msgs/px4_msgs/msg/detail/power_monitor__functions.c
[299.060s] -- Installing: /home/stepan/ws_ros2/install/px4_msgs/include/px4_msgs/px4_msgs/msg/detail/estimator_bias3d__struct.h
[299.061s] -- Installing: /home/stepan/ws_ros2/install/px4_msgs/include/px4_msgs/px4_msgs/msg/detail/airspeed_validated__functions.h
[299.061s] -- Installing: /home/stepan/ws_ros2/install/px4_msgs/include/px4_msgs/px4_msgs/msg/detail/can_interface_status__functions.h
[299.061s] -- Installing: /home/stepan/ws_ros2/install/px4_msgs/include/px4_msgs/px4_msgs/msg/detail/trajectory_setpoint__functions.h
[299.061s] -- Installing: /home/stepan/ws_ros2/install/px4_msgs/include/px4_msgs/px4_msgs/msg/detail/gimbal_device_attitude_status__type_support.h
[299.061s] -- Installing: /home/stepan/ws_ros2/install/px4_msgs/include/px4_msgs/px4_msgs/msg/detail/mount_orientation__struct.h
[299.061s] -- Installing: /home/stepan/ws_ros2/install/px4_msgs/include/px4_msgs/px4_msgs/msg/detail/parameter_set_value_request__struct.h
[299.061s] -- Installing: /home/stepan/ws_ros2/install/px4_msgs/include/px4_msgs/px4_msgs/msg/detail/actuator_outputs__type_support.h
[299.061s] -- Installing: /home/stepan/ws_ros2/install/px4_msgs/include/px4_msgs/px4_msgs/msg/detail/vehicle_imu_status__functions.h
[299.061s] -- Installing: /home/stepan/ws_ros2/install/px4_msgs/include/px4_msgs/px4_msgs/msg/detail/sensor_preflight_mag__type_support.h
[299.061s] -- Installing: /home/stepan/ws_ros2/install/px4_msgs/include/px4_msgs/px4_msgs/msg/detail/rover_attitude_setpoint__struct.h
[299.061s] -- Installing: /home/stepan/ws_ros2/install/px4_msgs/include/px4_msgs/px4_msgs/msg/detail/sensor_accel__type_support.h
[299.061s] -- Installing: /home/stepan/ws_ros2/install/px4_msgs/include/px4_msgs/px4_msgs/msg/detail/vehicle_optical_flow__type_support.h
[299.062s] -- Installing: /home/stepan/ws_ros2/install/px4_msgs/include/px4_msgs/px4_msgs/msg/detail/open_drone_id_arm_status__functions.c
[299.062s] -- Installing: /home/stepan/ws_ros2/install/px4_msgs/include/px4_msgs/px4_msgs/msg/detail/rover_throttle_setpoint__struct.h
[299.062s] -- Installing: /home/stepan/ws_ros2/install/px4_msgs/include/px4_msgs/px4_msgs/msg/detail/estimator_aid_source2d__type_support.h
[299.062s] -- Installing: /home/stepan/ws_ros2/install/px4_msgs/include/px4_msgs/px4_msgs/msg/detail/actuator_servos__type_support.h
[299.062s] -- Installing: /home/stepan/ws_ros2/install/px4_msgs/include/px4_msgs/px4_msgs/msg/detail/vehicle_constraints__functions.c
[299.062s] -- Installing: /home/stepan/ws_ros2/install/px4_msgs/include/px4_msgs/px4_msgs/msg/detail/input_rc__functions.h
[299.062s] -- Installing: /home/stepan/ws_ros2/install/px4_msgs/include/px4_msgs/px4_msgs/msg/detail/vehicle_angular_velocity__struct.h
[299.062s] -- Installing: /home/stepan/ws_ros2/install/px4_msgs/include/px4_msgs/px4_msgs/msg/detail/internal_combustion_engine_status__functions.h
[299.062s] -- Installing: /home/stepan/ws_ros2/install/px4_msgs/include/px4_msgs/px4_msgs/msg/detail/position_setpoint_triplet__functions.c
[299.062s] -- Installing: /home/stepan/ws_ros2/install/px4_msgs/include/px4_msgs/px4_msgs/msg/detail/velocity_limits__type_support.h
[299.062s] -- Installing: /home/stepan/ws_ros2/install/px4_msgs/include/px4_msgs/px4_msgs/msg/detail/home_position__functions.c
[299.063s] -- Installing: /home/stepan/ws_ros2/install/px4_msgs/include/px4_msgs/px4_msgs/msg/detail/navigator_mission_item__type_support.h
[299.063s] -- Installing: /home/stepan/ws_ros2/install/px4_msgs/include/px4_msgs/px4_msgs/msg/detail/mission_result__struct.h
[299.063s] -- Installing: /home/stepan/ws_ros2/install/px4_msgs/include/px4_msgs/px4_msgs/msg/detail/open_drone_id_operator_id__type_support.h
[299.063s] -- Installing: /home/stepan/ws_ros2/install/px4_msgs/include/px4_msgs/px4_msgs/msg/detail/sensor_gyro_fft__functions.c
[299.063s] -- Installing: /home/stepan/ws_ros2/install/px4_msgs/include/px4_msgs/px4_msgs/msg/detail/mode_completed__functions.h
[299.063s] -- Installing: /home/stepan/ws_ros2/install/px4_msgs/include/px4_msgs/px4_msgs/msg/detail/mag_worker_data__struct.h
[299.063s] -- Installing: /home/stepan/ws_ros2/install/px4_msgs/include/px4_msgs/px4_msgs/msg/detail/estimator_innovations__type_support.h
[299.063s] -- Installing: /home/stepan/ws_ros2/install/px4_msgs/include/px4_msgs/px4_msgs/msg/detail/estimator_gps_status__struct.h
[299.063s] -- Installing: /home/stepan/ws_ros2/install/px4_msgs/include/px4_msgs/px4_msgs/msg/detail/offboard_control_mode__type_support.h
[299.063s] -- Installing: /home/stepan/ws_ros2/install/px4_msgs/include/px4_msgs/px4_msgs/msg/detail/register_ext_component_request__functions.h
[299.063s] -- Installing: /home/stepan/ws_ros2/install/px4_msgs/include/px4_msgs/px4_msgs/msg/detail/sensor_combined__struct.h
[299.063s] -- Installing: /home/stepan/ws_ros2/install/px4_msgs/include/px4_msgs/px4_msgs/msg/detail/distance_sensor_mode_change_request__functions.c
[299.064s] -- Installing: /home/stepan/ws_ros2/install/px4_msgs/include/px4_msgs/px4_msgs/msg/detail/estimator_aid_source3d__functions.c
[299.064s] -- Installing: /home/stepan/ws_ros2/install/px4_msgs/include/px4_msgs/px4_msgs/msg/detail/rover_rate_setpoint__struct.h
[299.064s] -- Installing: /home/stepan/ws_ros2/install/px4_msgs/include/px4_msgs/px4_msgs/msg/detail/camera_capture__struct.h
[299.064s] -- Installing: /home/stepan/ws_ros2/install/px4_msgs/include/px4_msgs/px4_msgs/msg/detail/sensor_baro__functions.c
[299.064s] -- Installing: /home/stepan/ws_ros2/install/px4_msgs/include/px4_msgs/px4_msgs/msg/detail/mavlink_log__type_support.h
[299.064s] -- Installing: /home/stepan/ws_ros2/install/px4_msgs/include/px4_msgs/px4_msgs/msg/detail/register_ext_component_reply__type_support.h
[299.064s] -- Installing: /home/stepan/ws_ros2/install/px4_msgs/include/px4_msgs/px4_msgs/msg/detail/gripper__struct.h
[299.064s] -- Installing: /home/stepan/ws_ros2/install/px4_msgs/include/px4_msgs/px4_msgs/msg/detail/yaw_estimator_status__type_support.h
[299.064s] -- Installing: /home/stepan/ws_ros2/install/px4_msgs/include/px4_msgs/px4_msgs/msg/detail/rover_attitude_setpoint__functions.h
[299.064s] -- Installing: /home/stepan/ws_ros2/install/px4_msgs/include/px4_msgs/px4_msgs/msg/detail/irlock_report__functions.h
[299.064s] -- Installing: /home/stepan/ws_ros2/install/px4_msgs/include/px4_msgs/px4_msgs/msg/detail/distance_sensor_mode_change_request__struct.h
[299.064s] -- Installing: /home/stepan/ws_ros2/install/px4_msgs/include/px4_msgs/px4_msgs/msg/detail/uavcan_parameter_request__functions.c
[299.065s] -- Installing: /home/stepan/ws_ros2/install/px4_msgs/include/px4_msgs/px4_msgs/msg/detail/mission_result__functions.c
[299.065s] -- Installing: /home/stepan/ws_ros2/install/px4_msgs/include/px4_msgs/px4_msgs/msg/detail/open_drone_id_arm_status__type_support.h
[299.065s] -- Installing: /home/stepan/ws_ros2/install/px4_msgs/include/px4_msgs/px4_msgs/msg/detail/sensor_hygrometer__struct.h
[299.065s] -- Installing: /home/stepan/ws_ros2/install/px4_msgs/include/px4_msgs/px4_msgs/msg/detail/mag_worker_data__functions.h
[299.065s] -- Installing: /home/stepan/ws_ros2/install/px4_msgs/include/px4_msgs/px4_msgs/msg/detail/open_drone_id_self_id__functions.h
[299.065s] -- Installing: /home/stepan/ws_ros2/install/px4_msgs/include/px4_msgs/px4_msgs/msg/detail/trajectory_setpoint6dof__type_support.h
[299.065s] -- Installing: /home/stepan/ws_ros2/install/px4_msgs/include/px4_msgs/px4_msgs/msg/detail/pps_capture__type_support.h
[299.065s] -- Installing: /home/stepan/ws_ros2/install/px4_msgs/include/px4_msgs/px4_msgs/msg/detail/parameter_update__type_support.h
[299.065s] -- Installing: /home/stepan/ws_ros2/install/px4_msgs/include/px4_msgs/px4_msgs/msg/detail/parameter_set_used_request__struct.h
[299.065s] -- Installing: /home/stepan/ws_ros2/install/px4_msgs/include/px4_msgs/px4_msgs/msg/detail/dataman_request__type_support.h
[299.065s] -- Installing: /home/stepan/ws_ros2/install/px4_msgs/include/px4_msgs/px4_msgs/msg/detail/heater_status__functions.h
[299.065s] -- Installing: /home/stepan/ws_ros2/install/px4_msgs/include/px4_msgs/px4_msgs/msg/detail/pwm_input__type_support.h
[299.066s] -- Installing: /home/stepan/ws_ros2/install/px4_msgs/include/px4_msgs/px4_msgs/msg/detail/trajectory_setpoint6dof__struct.h
[299.066s] -- Installing: /home/stepan/ws_ros2/install/px4_msgs/include/px4_msgs/px4_msgs/msg/detail/vehicle_command_ack__functions.h
[299.066s] -- Installing: /home/stepan/ws_ros2/install/px4_msgs/include/px4_msgs/px4_msgs/msg/detail/estimator_aid_source3d__type_support.h
[299.066s] -- Installing: /home/stepan/ws_ros2/install/px4_msgs/include/px4_msgs/px4_msgs/msg/detail/mount_orientation__functions.h
[299.066s] -- Installing: /home/stepan/ws_ros2/install/px4_msgs/include/px4_msgs/px4_msgs/msg/detail/sensor_combined__functions.h
[299.066s] -- Installing: /home/stepan/ws_ros2/install/px4_msgs/include/px4_msgs/px4_msgs/msg/detail/sensor_gyro_fifo__functions.h
[299.066s] -- Installing: /home/stepan/ws_ros2/install/px4_msgs/include/px4_msgs/px4_msgs/msg/detail/takeoff_status__struct.h
[299.066s] -- Installing: /home/stepan/ws_ros2/install/px4_msgs/include/px4_msgs/px4_msgs/msg/detail/gps_inject_data__functions.c
[299.066s] -- Installing: /home/stepan/ws_ros2/install/px4_msgs/include/px4_msgs/px4_msgs/msg/detail/vehicle_attitude_setpoint__type_support.h
[299.066s] -- Installing: /home/stepan/ws_ros2/install/px4_msgs/include/px4_msgs/px4_msgs/msg/detail/power_button_state__type_support.h
[299.066s] -- Installing: /home/stepan/ws_ros2/install/px4_msgs/include/px4_msgs/px4_msgs/msg/detail/geofence_status__functions.h
[299.066s] -- Installing: /home/stepan/ws_ros2/install/px4_msgs/include/px4_msgs/px4_msgs/msg/detail/task_stack_info__functions.c
[299.067s] -- Installing: /home/stepan/ws_ros2/install/px4_msgs/include/px4_msgs/px4_msgs/msg/detail/rtl_time_estimate__functions.h
[299.067s] -- Installing: /home/stepan/ws_ros2/install/px4_msgs/include/px4_msgs/px4_msgs/msg/detail/onboard_computer_status__struct.h
[299.067s] -- Installing: /home/stepan/ws_ros2/install/px4_msgs/include/px4_msgs/px4_msgs/msg/detail/tiltrotor_extra_controls__type_support.h
[299.067s] -- Installing: /home/stepan/ws_ros2/install/px4_msgs/include/px4_msgs/px4_msgs/msg/detail/failsafe_flags__type_support.h
[299.067s] -- Installing: /home/stepan/ws_ros2/install/px4_msgs/include/px4_msgs/px4_msgs/msg/detail/debug_value__functions.h
[299.067s] -- Installing: /home/stepan/ws_ros2/install/px4_msgs/include/px4_msgs/px4_msgs/msg/detail/position_controller_landing_status__type_support.h
[299.067s] -- Installing: /home/stepan/ws_ros2/install/px4_msgs/include/px4_msgs/px4_msgs/msg/detail/debug_vect__type_support.h
[299.067s] -- Installing: /home/stepan/ws_ros2/install/px4_msgs/include/px4_msgs/px4_msgs/msg/detail/debug_value__type_support.h
[299.067s] -- Installing: /home/stepan/ws_ros2/install/px4_msgs/include/px4_msgs/px4_msgs/msg/detail/vehicle_rates_setpoint__type_support.h
[299.067s] -- Installing: /home/stepan/ws_ros2/install/px4_msgs/include/px4_msgs/px4_msgs/msg/detail/tecs_status__struct.h
[299.067s] -- Installing: /home/stepan/ws_ros2/install/px4_msgs/include/px4_msgs/px4_msgs/msg/detail/estimator_states__functions.c
[299.067s] -- Installing: /home/stepan/ws_ros2/install/px4_msgs/include/px4_msgs/px4_msgs/msg/detail/system_power__struct.h
[299.068s] -- Installing: /home/stepan/ws_ros2/install/px4_msgs/include/px4_msgs/px4_msgs/msg/detail/vehicle_local_position_setpoint__functions.h
[299.068s] -- Installing: /home/stepan/ws_ros2/install/px4_msgs/include/px4_msgs/px4_msgs/msg/detail/qshell_retval__type_support.h
[299.068s] -- Installing: /home/stepan/ws_ros2/install/px4_msgs/include/px4_msgs/px4_msgs/msg/detail/landing_gear__type_support.h
[299.068s] -- Installing: /home/stepan/ws_ros2/install/px4_msgs/include/px4_msgs/px4_msgs/msg/detail/led_control__functions.h
[299.068s] -- Installing: /home/stepan/ws_ros2/install/px4_msgs/include/px4_msgs/px4_msgs/msg/detail/gpio_out__functions.c
[299.068s] -- Installing: /home/stepan/ws_ros2/install/px4_msgs/include/px4_msgs/px4_msgs/msg/detail/estimator_gps_status__functions.c
[299.068s] -- Installing: /home/stepan/ws_ros2/install/px4_msgs/include/px4_msgs/px4_msgs/msg/detail/navigator_status__struct.h
[299.068s] -- Installing: /home/stepan/ws_ros2/install/px4_msgs/include/px4_msgs/px4_msgs/msg/detail/satellite_info__functions.c
[299.068s] -- Installing: /home/stepan/ws_ros2/install/px4_msgs/include/px4_msgs/px4_msgs/msg/detail/vehicle_local_position_setpoint__struct.h
[299.068s] -- Installing: /home/stepan/ws_ros2/install/px4_msgs/include/px4_msgs/px4_msgs/msg/detail/rover_attitude_status__struct.h
[299.068s] -- Installing: /home/stepan/ws_ros2/install/px4_msgs/include/px4_msgs/px4_msgs/msg/detail/sensor_hygrometer__functions.c
[299.069s] -- Installing: /home/stepan/ws_ros2/install/px4_msgs/include/px4_msgs/px4_msgs/msg/detail/sensor_optical_flow__functions.h
[299.069s] -- Installing: /home/stepan/ws_ros2/install/px4_msgs/include/px4_msgs/px4_msgs/msg/detail/gimbal_device_information__struct.h
[299.069s] -- Installing: /home/stepan/ws_ros2/install/px4_msgs/include/px4_msgs/px4_msgs/msg/detail/health_report__functions.h
[299.069s] -- Installing: /home/stepan/ws_ros2/install/px4_msgs/include/px4_msgs/px4_msgs/msg/detail/vehicle_control_mode__functions.c
[299.069s] -- Installing: /home/stepan/ws_ros2/install/px4_msgs/include/px4_msgs/px4_msgs/msg/detail/tecs_status__type_support.h
[299.069s] -- Installing: /home/stepan/ws_ros2/install/px4_msgs/include/px4_msgs/px4_msgs/msg/detail/estimator_bias3d__type_support.h
[299.069s] -- Installing: /home/stepan/ws_ros2/install/px4_msgs/include/px4_msgs/px4_msgs/msg/detail/rover_rate_status__type_support.h
[299.069s] -- Installing: /home/stepan/ws_ros2/install/px4_msgs/include/px4_msgs/px4_msgs/msg/detail/satellite_info__type_support.h
[299.069s] -- Installing: /home/stepan/ws_ros2/install/px4_msgs/include/px4_msgs/px4_msgs/msg/detail/sensor_gyro_fft__functions.h
[299.069s] -- Installing: /home/stepan/ws_ros2/install/px4_msgs/include/px4_msgs/px4_msgs/msg/detail/actuator_servos__functions.h
[299.069s] -- Installing: /home/stepan/ws_ros2/install/px4_msgs/include/px4_msgs/px4_msgs/msg/detail/transponder_report__functions.h
[299.069s] -- Installing: /home/stepan/ws_ros2/install/px4_msgs/include/px4_msgs/px4_msgs/msg/detail/tiltrotor_extra_controls__functions.h
[299.070s] -- Installing: /home/stepan/ws_ros2/install/px4_msgs/include/px4_msgs/px4_msgs/msg/detail/estimator_aid_source2d__functions.c
[299.070s] -- Installing: /home/stepan/ws_ros2/install/px4_msgs/include/px4_msgs/px4_msgs/msg/detail/iridiumsbd_status__type_support.h
[299.070s] -- Installing: /home/stepan/ws_ros2/install/px4_msgs/include/px4_msgs/px4_msgs/msg/detail/px4io_status__type_support.h
[299.070s] -- Installing: /home/stepan/ws_ros2/install/px4_msgs/include/px4_msgs/px4_msgs/msg/detail/rc_parameter_map__struct.h
[299.070s] -- Installing: /home/stepan/ws_ros2/install/px4_msgs/include/px4_msgs/px4_msgs/msg/detail/gimbal_device_information__type_support.h
[299.070s] -- Installing: /home/stepan/ws_ros2/install/px4_msgs/include/px4_msgs/px4_msgs/msg/detail/gripper__functions.c
[299.070s] -- Installing: /home/stepan/ws_ros2/install/px4_msgs/include/px4_msgs/px4_msgs/msg/detail/sensor_gps__functions.h
[299.070s] -- Installing: /home/stepan/ws_ros2/install/px4_msgs/include/px4_msgs/px4_msgs/msg/detail/estimator_sensor_bias__struct.h
[299.070s] -- Installing: /home/stepan/ws_ros2/install/px4_msgs/include/px4_msgs/px4_msgs/msg/detail/control_allocator_status__struct.h
[299.070s] -- Installing: /home/stepan/ws_ros2/install/px4_msgs/include/px4_msgs/px4_msgs/msg/detail/dataman_request__functions.h
[299.070s] -- Installing: /home/stepan/ws_ros2/install/px4_msgs/include/px4_msgs/px4_msgs/msg/detail/goto_setpoint__functions.c
[299.070s] -- Installing: /home/stepan/ws_ros2/install/px4_msgs/include/px4_msgs/px4_msgs/msg/detail/vehicle_imu_status__functions.c
[299.071s] -- Installing: /home/stepan/ws_ros2/install/px4_msgs/include/px4_msgs/px4_msgs/msg/detail/yaw_estimator_status__struct.h
[299.071s] -- Installing: /home/stepan/ws_ros2/install/px4_msgs/include/px4_msgs/px4_msgs/msg/detail/airspeed__functions.c
[299.071s] -- Installing: /home/stepan/ws_ros2/install/px4_msgs/include/px4_msgs/px4_msgs/msg/detail/camera_trigger__functions.c
[299.071s] -- Installing: /home/stepan/ws_ros2/install/px4_msgs/include/px4_msgs/px4_msgs/msg/detail/ulog_stream_ack__type_support.h
[299.071s] -- Installing: /home/stepan/ws_ros2/install/px4_msgs/include/px4_msgs/px4_msgs/msg/detail/actuator_outputs__functions.h
[299.071s] -- Installing: /home/stepan/ws_ros2/install/px4_msgs/include/px4_msgs/px4_msgs/msg/detail/differential_pressure__type_support.h
[299.071s] -- Installing: /home/stepan/ws_ros2/install/px4_msgs/include/px4_msgs/px4_msgs/msg/detail/camera_status__type_support.h
[299.071s] -- Installing: /home/stepan/ws_ros2/install/px4_msgs/include/px4_msgs/px4_msgs/msg/detail/wind__struct.h
[299.071s] -- Installing: /home/stepan/ws_ros2/install/px4_msgs/include/px4_msgs/px4_msgs/msg/detail/vehicle_command__struct.h
[299.071s] -- Installing: /home/stepan/ws_ros2/install/px4_msgs/include/px4_msgs/px4_msgs/msg/detail/velocity_limits__struct.h
[299.071s] -- Installing: /home/stepan/ws_ros2/install/px4_msgs/include/px4_msgs/px4_msgs/msg/detail/airspeed_validated__functions.c
[299.072s] -- Installing: /home/stepan/ws_ros2/install/px4_msgs/include/px4_msgs/px4_msgs/msg/detail/sensor_airflow__functions.c
[299.072s] -- Installing: /home/stepan/ws_ros2/install/px4_msgs/include/px4_msgs/px4_msgs/msg/detail/iridiumsbd_status__struct.h
[299.072s] -- Installing: /home/stepan/ws_ros2/install/px4_msgs/include/px4_msgs/px4_msgs/msg/detail/pure_pursuit_status__struct.h
[299.072s] -- Installing: /home/stepan/ws_ros2/install/px4_msgs/include/px4_msgs/px4_msgs/msg/detail/debug_array__functions.c
[299.072s] -- Installing: /home/stepan/ws_ros2/install/px4_msgs/include/px4_msgs/px4_msgs/msg/detail/vehicle_thrust_setpoint__functions.c
[299.072s] -- Installing: /home/stepan/ws_ros2/install/px4_msgs/include/px4_msgs/px4_msgs/msg/detail/system_power__functions.h
[299.072s] -- Installing: /home/stepan/ws_ros2/install/px4_msgs/include/px4_msgs/px4_msgs/msg/detail/arming_check_request__functions.c
[299.072s] -- Installing: /home/stepan/ws_ros2/install/px4_msgs/include/px4_msgs/px4_msgs/msg/detail/parameter_set_value_request__functions.c
[299.072s] -- Installing: /home/stepan/ws_ros2/install/px4_msgs/include/px4_msgs/px4_msgs/msg/detail/gimbal_device_set_attitude__functions.h
[299.072s] -- Installing: /home/stepan/ws_ros2/install/px4_msgs/include/px4_msgs/px4_msgs/msg/detail/camera_capture__functions.c
[299.072s] -- Installing: /home/stepan/ws_ros2/install/px4_msgs/include/px4_msgs/px4_msgs/msg/detail/sensors_status_imu__functions.h
[299.073s] -- Installing: /home/stepan/ws_ros2/install/px4_msgs/include/px4_msgs/px4_msgs/msg/detail/vehicle_global_position__functions.c
[299.073s] -- Installing: /home/stepan/ws_ros2/install/px4_msgs/include/px4_msgs/px4_msgs/msg/detail/orb_test_large__functions.h
[299.073s] -- Installing: /home/stepan/ws_ros2/install/px4_msgs/include/px4_msgs/px4_msgs/msg/detail/health_report__struct.h
[299.073s] -- Installing: /home/stepan/ws_ros2/install/px4_msgs/include/px4_msgs/px4_msgs/msg/detail/sensor_airflow__functions.h
[299.073s] -- Installing: /home/stepan/ws_ros2/install/px4_msgs/include/px4_msgs/px4_msgs/msg/detail/navigator_status__type_support.h
[299.073s] -- Installing: /home/stepan/ws_ros2/install/px4_msgs/include/px4_msgs/px4_msgs/msg/detail/parameter_reset_request__functions.h
[299.073s] -- Installing: /home/stepan/ws_ros2/install/px4_msgs/include/px4_msgs/px4_msgs/msg/detail/manual_control_switches__functions.h
[299.073s] -- Installing: /home/stepan/ws_ros2/install/px4_msgs/include/px4_msgs/px4_msgs/msg/detail/wheel_encoders__type_support.h
[299.073s] -- Installing: /home/stepan/ws_ros2/install/px4_msgs/include/px4_msgs/px4_msgs/msg/detail/follow_target_status__struct.h
[299.073s] -- Installing: /home/stepan/ws_ros2/install/px4_msgs/include/px4_msgs/px4_msgs/msg/detail/rover_position_setpoint__struct.h
[299.073s] -- Installing: /home/stepan/ws_ros2/install/px4_msgs/include/px4_msgs/px4_msgs/msg/detail/follow_target_status__functions.h
[299.073s] -- Installing: /home/stepan/ws_ros2/install/px4_msgs/include/px4_msgs/px4_msgs/msg/detail/estimator_sensor_bias__functions.h
[299.073s] -- Installing: /home/stepan/ws_ros2/install/px4_msgs/include/px4_msgs/px4_msgs/msg/detail/estimator_bias3d__functions.c
[299.074s] -- Installing: /home/stepan/ws_ros2/install/px4_msgs/include/px4_msgs/px4_msgs/msg/detail/vehicle_angular_velocity__type_support.h
[299.074s] -- Installing: /home/stepan/ws_ros2/install/px4_msgs/include/px4_msgs/px4_msgs/msg/detail/actuator_servos__struct.h
[299.074s] -- Installing: /home/stepan/ws_ros2/install/px4_msgs/include/px4_msgs/px4_msgs/msg/detail/sensor_gyro_fft__struct.h
[299.074s] -- Installing: /home/stepan/ws_ros2/install/px4_msgs/include/px4_msgs/px4_msgs/msg/detail/pps_capture__struct.h
[299.074s] -- Installing: /home/stepan/ws_ros2/install/px4_msgs/include/px4_msgs/px4_msgs/msg/detail/sensor_baro__functions.h
[299.074s] -- Installing: /home/stepan/ws_ros2/install/px4_msgs/include/px4_msgs/px4_msgs/msg/detail/landing_target_innovations__functions.h
[299.074s] -- Installing: /home/stepan/ws_ros2/install/px4_msgs/include/px4_msgs/px4_msgs/msg/detail/airspeed_validated__struct.h
[299.074s] -- Installing: /home/stepan/ws_ros2/install/px4_msgs/include/px4_msgs/px4_msgs/msg/detail/health_report__functions.c
[299.074s] -- Installing: /home/stepan/ws_ros2/install/px4_msgs/include/px4_msgs/px4_msgs/msg/detail/system_power__functions.c
[299.074s] -- Installing: /home/stepan/ws_ros2/install/px4_msgs/include/px4_msgs/px4_msgs/msg/detail/esc_report__functions.h
[299.074s] -- Installing: /home/stepan/ws_ros2/install/px4_msgs/include/px4_msgs/px4_msgs/msg/detail/vehicle_optical_flow__functions.c
[299.074s] -- Installing: /home/stepan/ws_ros2/install/px4_msgs/include/px4_msgs/px4_msgs/msg/detail/unregister_ext_component__type_support.h
[299.075s] -- Installing: /home/stepan/ws_ros2/install/px4_msgs/include/px4_msgs/px4_msgs/msg/detail/generator_status__functions.h
[299.075s] -- Installing: /home/stepan/ws_ros2/install/px4_msgs/include/px4_msgs/px4_msgs/msg/detail/irlock_report__type_support.h
[299.075s] -- Installing: /home/stepan/ws_ros2/install/px4_msgs/include/px4_msgs/px4_msgs/msg/detail/input_rc__functions.c
[299.075s] -- Installing: /home/stepan/ws_ros2/install/px4_msgs/include/px4_msgs/px4_msgs/msg/detail/arming_check_request__struct.h
[299.075s] -- Installing: /home/stepan/ws_ros2/install/px4_msgs/include/px4_msgs/px4_msgs/msg/detail/estimator_aid_source3d__functions.h
[299.075s] -- Installing: /home/stepan/ws_ros2/install/px4_msgs/include/px4_msgs/px4_msgs/msg/detail/heater_status__struct.h
[299.075s] -- Installing: /home/stepan/ws_ros2/install/px4_msgs/include/px4_msgs/px4_msgs/msg/detail/estimator_aid_source3d__struct.h
[299.075s] -- Installing: /home/stepan/ws_ros2/install/px4_msgs/include/px4_msgs/px4_msgs/msg/detail/collision_constraints__type_support.h
[299.075s] -- Installing: /home/stepan/ws_ros2/install/px4_msgs/include/px4_msgs/px4_msgs/msg/detail/home_position__functions.h
[299.075s] -- Installing: /home/stepan/ws_ros2/install/px4_msgs/include/px4_msgs/px4_msgs/msg/detail/action_request__functions.h
[299.075s] -- Installing: /home/stepan/ws_ros2/install/px4_msgs/include/px4_msgs/px4_msgs/msg/detail/gimbal_manager_information__struct.h
[299.075s] -- Installing: /home/stepan/ws_ros2/install/px4_msgs/include/px4_msgs/px4_msgs/msg/detail/autotune_attitude_control_status__functions.c
[299.076s] -- Installing: /home/stepan/ws_ros2/install/px4_msgs/include/px4_msgs/px4_msgs/msg/detail/ackermann_velocity_setpoint__struct.h
[299.076s] -- Installing: /home/stepan/ws_ros2/install/px4_msgs/include/px4_msgs/px4_msgs/msg/detail/pwm_input__functions.h
[299.076s] -- Installing: /home/stepan/ws_ros2/install/px4_msgs/include/px4_msgs/px4_msgs/msg/detail/magnetometer_bias_estimate__type_support.h
[299.076s] -- Installing: /home/stepan/ws_ros2/install/px4_msgs/include/px4_msgs/px4_msgs/msg/detail/goto_setpoint__type_support.h
[299.076s] -- Installing: /home/stepan/ws_ros2/install/px4_msgs/include/px4_msgs/px4_msgs/msg/detail/actuator_controls_status__struct.h
[299.076s] -- Installing: /home/stepan/ws_ros2/install/px4_msgs/include/px4_msgs/px4_msgs/msg/detail/radio_status__struct.h
[299.076s] -- Installing: /home/stepan/ws_ros2/install/px4_msgs/include/px4_msgs/px4_msgs/msg/detail/cellular_status__type_support.h
[299.076s] -- Installing: /home/stepan/ws_ros2/install/px4_msgs/include/px4_msgs/px4_msgs/msg/detail/log_message__struct.h
[299.076s] -- Installing: /home/stepan/ws_ros2/install/px4_msgs/include/px4_msgs/px4_msgs/msg/detail/logger_status__struct.h
[299.076s] -- Installing: /home/stepan/ws_ros2/install/px4_msgs/include/px4_msgs/px4_msgs/msg/detail/telemetry_status__functions.h
[299.076s] -- Installing: /home/stepan/ws_ros2/install/px4_msgs/include/px4_msgs/px4_msgs/msg/detail/task_stack_info__struct.h
[299.076s] -- Installing: /home/stepan/ws_ros2/install/px4_msgs/include/px4_msgs/px4_msgs/msg/detail/vehicle_optical_flow_vel__functions.h
[299.077s] -- Installing: /home/stepan/ws_ros2/install/px4_msgs/include/px4_msgs/px4_msgs/msg/detail/estimator_status_flags__functions.h
[299.077s] -- Installing: /home/stepan/ws_ros2/install/px4_msgs/include/px4_msgs/px4_msgs/msg/detail/system_power__type_support.h
[299.077s] -- Installing: /home/stepan/ws_ros2/install/px4_msgs/include/px4_msgs/px4_msgs/msg/detail/vehicle_angular_acceleration_setpoint__functions.c
[299.077s] -- Installing: /home/stepan/ws_ros2/install/px4_msgs/include/px4_msgs/px4_msgs/msg/detail/debug_key_value__type_support.h
[299.077s] -- Installing: /home/stepan/ws_ros2/install/px4_msgs/include/px4_msgs/px4_msgs/msg/detail/vehicle_status__functions.c
[299.077s] -- Installing: /home/stepan/ws_ros2/install/px4_msgs/include/px4_msgs/px4_msgs/msg/detail/vehicle_thrust_setpoint__type_support.h
[299.077s] -- Installing: /home/stepan/ws_ros2/install/px4_msgs/include/px4_msgs/px4_msgs/msg/detail/open_drone_id_system__functions.h
[299.077s] -- Installing: /home/stepan/ws_ros2/install/px4_msgs/include/px4_msgs/px4_msgs/msg/detail/uavcan_parameter_value__type_support.h
[299.077s] -- Installing: /home/stepan/ws_ros2/install/px4_msgs/include/px4_msgs/px4_msgs/msg/detail/trajectory_setpoint6dof__functions.c
[299.077s] -- Installing: /home/stepan/ws_ros2/install/px4_msgs/include/px4_msgs/px4_msgs/msg/detail/actuator_outputs__struct.h
[299.077s] -- Installing: /home/stepan/ws_ros2/install/px4_msgs/include/px4_msgs/px4_msgs/msg/detail/led_control__functions.c
[299.077s] -- Installing: /home/stepan/ws_ros2/install/px4_msgs/include/px4_msgs/px4_msgs/msg/detail/sensor_selection__functions.h
[299.078s] -- Installing: /home/stepan/ws_ros2/install/px4_msgs/include/px4_msgs/px4_msgs/msg/detail/geofence_status__type_support.h
[299.078s] -- Installing: /home/stepan/ws_ros2/install/px4_msgs/include/px4_msgs/px4_msgs/msg/detail/flight_phase_estimation__functions.h
[299.078s] -- Installing: /home/stepan/ws_ros2/install/px4_msgs/include/px4_msgs/px4_msgs/msg/detail/gps_dump__type_support.h
[299.078s] -- Installing: /home/stepan/ws_ros2/install/px4_msgs/include/px4_msgs/px4_msgs/msg/detail/rover_steering_setpoint__functions.c
[299.078s] -- Installing: /home/stepan/ws_ros2/install/px4_msgs/include/px4_msgs/px4_msgs/msg/detail/vehicle_torque_setpoint__functions.c
[299.078s] -- Installing: /home/stepan/ws_ros2/install/px4_msgs/include/px4_msgs/px4_msgs/msg/detail/sensors_status_imu__functions.c
[299.078s] -- Installing: /home/stepan/ws_ros2/install/px4_msgs/include/px4_msgs/px4_msgs/msg/detail/follow_target__type_support.h
[299.078s] -- Installing: /home/stepan/ws_ros2/install/px4_msgs/include/px4_msgs/px4_msgs/msg/detail/autotune_attitude_control_status__functions.h
[299.078s] -- Installing: /home/stepan/ws_ros2/install/px4_msgs/include/px4_msgs/px4_msgs/msg/detail/battery_status__type_support.h
[299.078s] -- Installing: /home/stepan/ws_ros2/install/px4_msgs/include/px4_msgs/px4_msgs/msg/detail/debug_vect__functions.c
[299.078s] -- Installing: /home/stepan/ws_ros2/install/px4_msgs/include/px4_msgs/px4_msgs/msg/detail/position_controller_status__type_support.h
[299.078s] -- Installing: /home/stepan/ws_ros2/install/px4_msgs/include/px4_msgs/px4_msgs/msg/detail/figure_eight_status__type_support.h
[299.079s] -- Installing: /home/stepan/ws_ros2/install/px4_msgs/include/px4_msgs/px4_msgs/msg/detail/control_allocator_status__functions.h
[299.079s] -- Installing: /home/stepan/ws_ros2/install/px4_msgs/include/px4_msgs/px4_msgs/msg/detail/orb_test_large__functions.c
[299.079s] -- Installing: /home/stepan/ws_ros2/install/px4_msgs/include/px4_msgs/px4_msgs/msg/detail/rpm__functions.c
[299.079s] -- Installing: /home/stepan/ws_ros2/install/px4_msgs/include/px4_msgs/px4_msgs/msg/detail/gripper__functions.h
[299.079s] -- Installing: /home/stepan/ws_ros2/install/px4_msgs/include/px4_msgs/px4_msgs/msg/detail/ping__functions.c
[299.079s] -- Installing: /home/stepan/ws_ros2/install/px4_msgs/include/px4_msgs/px4_msgs/msg/detail/mavlink_log__functions.c
[299.079s] -- Installing: /home/stepan/ws_ros2/install/px4_msgs/include/px4_msgs/px4_msgs/msg/detail/vtol_vehicle_status__struct.h
[299.079s] -- Installing: /home/stepan/ws_ros2/install/px4_msgs/include/px4_msgs/px4_msgs/msg/detail/estimator_selector_status__struct.h
[299.079s] -- Installing: /home/stepan/ws_ros2/install/px4_msgs/include/px4_msgs/px4_msgs/msg/detail/qshell_req__type_support.h
[299.079s] -- Installing: /home/stepan/ws_ros2/install/px4_msgs/include/px4_msgs/px4_msgs/msg/detail/obstacle_distance__functions.h
[299.079s] -- Installing: /home/stepan/ws_ros2/install/px4_msgs/include/px4_msgs/px4_msgs/msg/detail/register_ext_component_request__struct.h
[299.079s] -- Installing: /home/stepan/ws_ros2/install/px4_msgs/include/px4_msgs/px4_msgs/msg/detail/vehicle_optical_flow_vel__struct.h
[299.080s] -- Installing: /home/stepan/ws_ros2/install/px4_msgs/include/px4_msgs/px4_msgs/msg/detail/gimbal_manager_status__struct.h
[299.080s] -- Installing: /home/stepan/ws_ros2/install/px4_msgs/include/px4_msgs/px4_msgs/msg/detail/gpio_request__type_support.h
[299.080s] -- Installing: /home/stepan/ws_ros2/install/px4_msgs/include/px4_msgs/px4_msgs/msg/detail/logger_status__type_support.h
[299.080s] -- Installing: /home/stepan/ws_ros2/install/px4_msgs/include/px4_msgs/px4_msgs/msg/detail/npfg_status__functions.c
[299.080s] -- Installing: /home/stepan/ws_ros2/install/px4_msgs/include/px4_msgs/px4_msgs/msg/detail/distance_sensor__struct.h
[299.080s] -- Installing: /home/stepan/ws_ros2/install/px4_msgs/include/px4_msgs/px4_msgs/msg/detail/uavcan_parameter_request__type_support.h
[299.080s] -- Installing: /home/stepan/ws_ros2/install/px4_msgs/include/px4_msgs/px4_msgs/msg/detail/gimbal_manager_information__functions.c
[299.080s] -- Installing: /home/stepan/ws_ros2/install/px4_msgs/include/px4_msgs/px4_msgs/msg/detail/sensor_mag__functions.h
[299.080s] -- Installing: /home/stepan/ws_ros2/install/px4_msgs/include/px4_msgs/px4_msgs/msg/detail/gimbal_manager_set_attitude__functions.h
[299.080s] -- Installing: /home/stepan/ws_ros2/install/px4_msgs/include/px4_msgs/px4_msgs/msg/detail/estimator_innovations__functions.c
[299.080s] -- Installing: /home/stepan/ws_ros2/install/px4_msgs/include/px4_msgs/px4_msgs/msg/detail/flight_phase_estimation__functions.c
[299.080s] -- Installing: /home/stepan/ws_ros2/install/px4_msgs/include/px4_msgs/px4_msgs/msg/detail/rtl_status__functions.c
[299.081s] -- Installing: /home/stepan/ws_ros2/install/px4_msgs/include/px4_msgs/px4_msgs/msg/detail/fuel_tank_status__functions.c
[299.081s] -- Installing: /home/stepan/ws_ros2/install/px4_msgs/include/px4_msgs/px4_msgs/msg/detail/vehicle_torque_setpoint__type_support.h
[299.081s] -- Installing: /home/stepan/ws_ros2/install/px4_msgs/include/px4_msgs/px4_msgs/msg/detail/vehicle_acceleration__type_support.h
[299.081s] -- Installing: /home/stepan/ws_ros2/install/px4_msgs/include/px4_msgs/px4_msgs/msg/detail/differential_pressure__functions.c
[299.081s] -- Installing: /home/stepan/ws_ros2/install/px4_msgs/include/px4_msgs/px4_msgs/msg/detail/mode_completed__type_support.h
[299.081s] -- Installing: /home/stepan/ws_ros2/install/px4_msgs/include/px4_msgs/px4_msgs/msg/detail/config_overrides__type_support.h
[299.081s] -- Installing: /home/stepan/ws_ros2/install/px4_msgs/include/px4_msgs/px4_msgs/msg/detail/airspeed__struct.h
[299.081s] -- Installing: /home/stepan/ws_ros2/install/px4_msgs/include/px4_msgs/px4_msgs/msg/detail/open_drone_id_system__functions.c
[299.081s] -- Installing: /home/stepan/ws_ros2/install/px4_msgs/include/px4_msgs/px4_msgs/msg/detail/position_controller_status__functions.c
[299.081s] -- Installing: /home/stepan/ws_ros2/install/px4_msgs/include/px4_msgs/px4_msgs/msg/detail/open_drone_id_arm_status__functions.h
[299.081s] -- Installing: /home/stepan/ws_ros2/install/px4_msgs/include/px4_msgs/px4_msgs/msg/detail/manual_control_switches__type_support.h
[299.081s] -- Installing: /home/stepan/ws_ros2/install/px4_msgs/include/px4_msgs/px4_msgs/msg/detail/generator_status__type_support.h
[299.082s] -- Installing: /home/stepan/ws_ros2/install/px4_msgs/include/px4_msgs/px4_msgs/msg/detail/debug_vect__struct.h
[299.082s] -- Installing: /home/stepan/ws_ros2/install/px4_msgs/include/px4_msgs/px4_msgs/msg/detail/camera_capture__type_support.h
[299.082s] -- Installing: /home/stepan/ws_ros2/install/px4_msgs/include/px4_msgs/px4_msgs/msg/detail/cellular_status__struct.h
[299.082s] -- Installing: /home/stepan/ws_ros2/install/px4_msgs/include/px4_msgs/px4_msgs/msg/detail/rate_ctrl_status__type_support.h
[299.082s] -- Installing: /home/stepan/ws_ros2/install/px4_msgs/include/px4_msgs/px4_msgs/msg/detail/collision_constraints__functions.c
[299.082s] -- Installing: /home/stepan/ws_ros2/install/px4_msgs/include/px4_msgs/px4_msgs/msg/detail/gpio_in__struct.h
[299.082s] -- Installing: /home/stepan/ws_ros2/install/px4_msgs/include/px4_msgs/px4_msgs/msg/detail/vehicle_odometry__functions.c
[299.082s] -- Installing: /home/stepan/ws_ros2/install/px4_msgs/include/px4_msgs/px4_msgs/msg/detail/control_allocator_status__type_support.h
[299.082s] -- Installing: /home/stepan/ws_ros2/install/px4_msgs/include/px4_msgs/px4_msgs/msg/detail/rover_velocity_status__type_support.h
[299.082s] -- Installing: /home/stepan/ws_ros2/install/px4_msgs/include/px4_msgs/px4_msgs/msg/detail/estimator_bias__functions.c
[299.082s] -- Installing: /home/stepan/ws_ros2/install/px4_msgs/include/px4_msgs/px4_msgs/msg/detail/parameter_set_used_request__type_support.h
[299.082s] -- Installing: /home/stepan/ws_ros2/install/px4_msgs/include/px4_msgs/px4_msgs/msg/detail/vehicle_land_detected__functions.h
[299.083s] -- Installing: /home/stepan/ws_ros2/install/px4_msgs/include/px4_msgs/px4_msgs/msg/detail/debug_array__type_support.h
[299.083s] -- Installing: /home/stepan/ws_ros2/install/px4_msgs/include/px4_msgs/px4_msgs/msg/detail/actuator_armed__type_support.h
[299.083s] -- Installing: /home/stepan/ws_ros2/install/px4_msgs/include/px4_msgs/px4_msgs/msg/detail/esc_report__type_support.h
[299.083s] -- Installing: /home/stepan/ws_ros2/install/px4_msgs/include/px4_msgs/px4_msgs/msg/detail/gpio_in__functions.h
[299.083s] -- Installing: /home/stepan/ws_ros2/install/px4_msgs/include/px4_msgs/px4_msgs/msg/detail/camera_status__functions.c
[299.083s] -- Installing: /home/stepan/ws_ros2/install/px4_msgs/include/px4_msgs/px4_msgs/msg/detail/actuator_outputs__functions.c
[299.083s] -- Installing: /home/stepan/ws_ros2/install/px4_msgs/include/px4_msgs/px4_msgs/msg/detail/landing_gear_wheel__functions.c
[299.083s] -- Installing: /home/stepan/ws_ros2/install/px4_msgs/include/px4_msgs/px4_msgs/msg/detail/navigator_status__functions.c
[299.083s] -- Installing: /home/stepan/ws_ros2/install/px4_msgs/include/px4_msgs/px4_msgs/msg/detail/arming_check_reply__type_support.h
[299.083s] -- Installing: /home/stepan/ws_ros2/install/px4_msgs/include/px4_msgs/px4_msgs/msg/detail/debug_key_value__struct.h
[299.083s] -- Installing: /home/stepan/ws_ros2/install/px4_msgs/include/px4_msgs/px4_msgs/msg/detail/sensor_airflow__struct.h
[299.083s] -- Installing: /home/stepan/ws_ros2/install/px4_msgs/include/px4_msgs/px4_msgs/msg/detail/cpuload__type_support.h
[299.083s] -- Installing: /home/stepan/ws_ros2/install/px4_msgs/include/px4_msgs/px4_msgs/msg/detail/navigator_mission_item__functions.h
[299.084s] -- Installing: /home/stepan/ws_ros2/install/px4_msgs/include/px4_msgs/px4_msgs/msg/detail/rtl_status__type_support.h
[299.084s] -- Installing: /home/stepan/ws_ros2/install/px4_msgs/include/px4_msgs/px4_msgs/msg/detail/orbit_status__functions.h
[299.084s] -- Installing: /home/stepan/ws_ros2/install/px4_msgs/include/px4_msgs/px4_msgs/msg/detail/follow_target_estimator__functions.c
[299.084s] -- Installing: /home/stepan/ws_ros2/install/px4_msgs/include/px4_msgs/px4_msgs/msg/detail/register_ext_component_request__type_support.h
[299.084s] -- Installing: /home/stepan/ws_ros2/install/px4_msgs/include/px4_msgs/px4_msgs/msg/detail/position_controller_landing_status__functions.h
[299.084s] -- Installing: /home/stepan/ws_ros2/install/px4_msgs/include/px4_msgs/px4_msgs/msg/detail/estimator_states__functions.h
[299.084s] -- Installing: /home/stepan/ws_ros2/install/px4_msgs/include/px4_msgs/px4_msgs/msg/detail/failure_detector_status__struct.h
[299.084s] -- Installing: /home/stepan/ws_ros2/install/px4_msgs/include/px4_msgs/px4_msgs/msg/detail/satellite_info__functions.h
[299.084s] -- Installing: /home/stepan/ws_ros2/install/px4_msgs/include/px4_msgs/px4_msgs/msg/detail/camera_capture__functions.h
[299.084s] -- Installing: /home/stepan/ws_ros2/install/px4_msgs/include/px4_msgs/px4_msgs/msg/detail/rover_position_setpoint__functions.h
[299.084s] -- Installing: /home/stepan/ws_ros2/install/px4_msgs/include/px4_msgs/px4_msgs/msg/detail/vehicle_imu_status__type_support.h
[299.084s] -- Installing: /home/stepan/ws_ros2/install/px4_msgs/include/px4_msgs/px4_msgs/msg/detail/arming_check_reply__functions.c
[299.085s] -- Installing: /home/stepan/ws_ros2/install/px4_msgs/include/px4_msgs/px4_msgs/msg/detail/gimbal_device_attitude_status__functions.h
[299.085s] -- Installing: /home/stepan/ws_ros2/install/px4_msgs/include/px4_msgs/px4_msgs/msg/detail/figure_eight_status__struct.h
[299.085s] -- Installing: /home/stepan/ws_ros2/install/px4_msgs/include/px4_msgs/px4_msgs/msg/detail/mount_orientation__type_support.h
[299.085s] -- Installing: /home/stepan/ws_ros2/install/px4_msgs/include/px4_msgs/px4_msgs/msg/detail/log_message__type_support.h
[299.085s] -- Installing: /home/stepan/ws_ros2/install/px4_msgs/include/px4_msgs/px4_msgs/msg/detail/vehicle_local_position_setpoint__type_support.h
[299.085s] -- Installing: /home/stepan/ws_ros2/install/px4_msgs/include/px4_msgs/px4_msgs/msg/detail/airspeed_validated__type_support.h
[299.085s] -- Installing: /home/stepan/ws_ros2/install/px4_msgs/include/px4_msgs/px4_msgs/msg/detail/follow_target_estimator__type_support.h
[299.085s] -- Installing: /home/stepan/ws_ros2/install/px4_msgs/include/px4_msgs/px4_msgs/msg/detail/open_drone_id_operator_id__functions.c
[299.085s] -- Installing: /home/stepan/ws_ros2/install/px4_msgs/include/px4_msgs/px4_msgs/msg/detail/sensor_gyro_fifo__struct.h
[299.085s] -- Installing: /home/stepan/ws_ros2/install/px4_msgs/include/px4_msgs/px4_msgs/msg/detail/rover_attitude_setpoint__functions.c
[299.085s] -- Installing: /home/stepan/ws_ros2/install/px4_msgs/include/px4_msgs/px4_msgs/msg/detail/health_report__type_support.h
[299.085s] -- Installing: /home/stepan/ws_ros2/install/px4_msgs/include/px4_msgs/px4_msgs/msg/detail/log_message__functions.c
[299.086s] -- Installing: /home/stepan/ws_ros2/install/px4_msgs/include/px4_msgs/px4_msgs/msg/detail/obstacle_distance__type_support.h
[299.086s] -- Installing: /home/stepan/ws_ros2/install/px4_msgs/include/px4_msgs/px4_msgs/msg/detail/ulog_stream_ack__functions.c
[299.086s] -- Installing: /home/stepan/ws_ros2/install/px4_msgs/include/px4_msgs/px4_msgs/msg/detail/magnetometer_bias_estimate__functions.h
[299.086s] -- Installing: /home/stepan/ws_ros2/install/px4_msgs/include/px4_msgs/px4_msgs/msg/detail/camera_trigger__type_support.h
[299.086s] -- Installing: /home/stepan/ws_ros2/install/px4_msgs/include/px4_msgs/px4_msgs/msg/detail/adc_report__functions.h
[299.086s] -- Installing: /home/stepan/ws_ros2/install/px4_msgs/include/px4_msgs/px4_msgs/msg/detail/sensors_status__functions.h
[299.086s] -- Installing: /home/stepan/ws_ros2/install/px4_msgs/include/px4_msgs/px4_msgs/msg/detail/failsafe_flags__functions.h
[299.086s] -- Installing: /home/stepan/ws_ros2/install/px4_msgs/include/px4_msgs/px4_msgs/msg/detail/geofence_result__functions.h
[299.086s] -- Installing: /home/stepan/ws_ros2/install/px4_msgs/include/px4_msgs/px4_msgs/msg/detail/tune_control__functions.c
[299.086s] -- Installing: /home/stepan/ws_ros2/install/px4_msgs/include/px4_msgs/px4_msgs/msg/detail/estimator_selector_status__functions.h
[299.086s] -- Installing: /home/stepan/ws_ros2/install/px4_msgs/include/px4_msgs/px4_msgs/msg/detail/normalized_unsigned_setpoint__functions.c
[299.086s] -- Installing: /home/stepan/ws_ros2/install/px4_msgs/include/px4_msgs/px4_msgs/msg/detail/gpio_in__functions.c
[299.086s] -- Installing: /home/stepan/ws_ros2/install/px4_msgs/include/px4_msgs/px4_msgs/msg/detail/rpm__struct.h
[299.087s] -- Installing: /home/stepan/ws_ros2/install/px4_msgs/include/px4_msgs/px4_msgs/msg/detail/ulog_stream__functions.h
[299.087s] -- Installing: /home/stepan/ws_ros2/install/px4_msgs/include/px4_msgs/px4_msgs/msg/detail/rover_attitude_status__functions.h
[299.087s] -- Installing: /home/stepan/ws_ros2/install/px4_msgs/include/px4_msgs/px4_msgs/msg/detail/mode_completed__struct.h
[299.087s] -- Installing: /home/stepan/ws_ros2/install/px4_msgs/include/px4_msgs/px4_msgs/msg/detail/sensor_hygrometer__functions.h
[299.087s] -- Installing: /home/stepan/ws_ros2/install/px4_msgs/include/px4_msgs/px4_msgs/msg/detail/internal_combustion_engine_control__type_support.h
[299.087s] -- Installing: /home/stepan/ws_ros2/install/px4_msgs/include/px4_msgs/px4_msgs/msg/detail/arming_check_request__type_support.h
[299.087s] -- Installing: /home/stepan/ws_ros2/install/px4_msgs/include/px4_msgs/px4_msgs/msg/detail/sensor_accel_fifo__functions.c
[299.087s] -- Installing: /home/stepan/ws_ros2/install/px4_msgs/include/px4_msgs/px4_msgs/msg/detail/vehicle_torque_setpoint__struct.h
[299.087s] -- Installing: /home/stepan/ws_ros2/install/px4_msgs/include/px4_msgs/px4_msgs/msg/detail/heater_status__type_support.h
[299.087s] -- Installing: /home/stepan/ws_ros2/install/px4_msgs/include/px4_msgs/px4_msgs/msg/detail/vehicle_command_ack__type_support.h
[299.087s] -- Installing: /home/stepan/ws_ros2/install/px4_msgs/include/px4_msgs/px4_msgs/msg/detail/orbit_status__functions.c
[299.088s] -- Installing: /home/stepan/ws_ros2/install/px4_msgs/include/px4_msgs/px4_msgs/msg/detail/rc_parameter_map__functions.h
[299.088s] -- Installing: /home/stepan/ws_ros2/install/px4_msgs/include/px4_msgs/px4_msgs/msg/detail/sensor_optical_flow__struct.h
[299.088s] -- Installing: /home/stepan/ws_ros2/install/px4_msgs/include/px4_msgs/px4_msgs/msg/detail/pwm_input__struct.h
[299.088s] -- Installing: /home/stepan/ws_ros2/install/px4_msgs/include/px4_msgs/px4_msgs/msg/detail/qshell_req__functions.c
[299.088s] -- Installing: /home/stepan/ws_ros2/install/px4_msgs/include/px4_msgs/px4_msgs/msg/detail/vehicle_land_detected__functions.c
[299.088s] -- Installing: /home/stepan/ws_ros2/install/px4_msgs/include/px4_msgs/px4_msgs/msg/detail/follow_target__struct.h
[299.089s] -- Installing: /home/stepan/ws_ros2/install/px4_msgs/include/px4_msgs/px4_msgs/msg/detail/npfg_status__functions.h
[299.089s] -- Installing: /home/stepan/ws_ros2/install/px4_msgs/include/px4_msgs/px4_msgs/msg/detail/sensor_combined__type_support.h
[299.089s] -- Installing: /home/stepan/ws_ros2/install/px4_msgs/include/px4_msgs/px4_msgs/msg/detail/airspeed_wind__functions.h
[299.089s] -- Installing: /home/stepan/ws_ros2/install/px4_msgs/include/px4_msgs/px4_msgs/msg/detail/position_setpoint__type_support.h
[299.089s] -- Installing: /home/stepan/ws_ros2/install/px4_msgs/include/px4_msgs/px4_msgs/msg/detail/estimator_status_flags__functions.c
[299.089s] -- Installing: /home/stepan/ws_ros2/install/px4_msgs/include/px4_msgs/px4_msgs/msg/detail/pps_capture__functions.c
[299.089s] -- Installing: /home/stepan/ws_ros2/install/px4_msgs/include/px4_msgs/px4_msgs/msg/detail/landing_gear__functions.c
[299.090s] -- Installing: /home/stepan/ws_ros2/install/px4_msgs/include/px4_msgs/px4_msgs/msg/detail/vehicle_magnetometer__struct.h
[299.090s] -- Installing: /home/stepan/ws_ros2/install/px4_msgs/include/px4_msgs/px4_msgs/msg/detail/register_ext_component_reply__functions.c
[299.090s] -- Installing: /home/stepan/ws_ros2/install/px4_msgs/include/px4_msgs/px4_msgs/msg/detail/gpio_config__functions.h
[299.090s] -- Installing: /home/stepan/ws_ros2/install/px4_msgs/include/px4_msgs/px4_msgs/msg/detail/camera_trigger__struct.h
[299.090s] -- Installing: /home/stepan/ws_ros2/install/px4_msgs/include/px4_msgs/px4_msgs/msg/detail/actuator_controls_status__type_support.h
[299.090s] -- Installing: /home/stepan/ws_ros2/install/px4_msgs/include/px4_msgs/px4_msgs/msg/detail/tune_control__type_support.h
[299.090s] -- Installing: /home/stepan/ws_ros2/install/px4_msgs/include/px4_msgs/px4_msgs/msg/detail/qshell_retval__struct.h
[299.090s] -- Installing: /home/stepan/ws_ros2/install/px4_msgs/include/px4_msgs/px4_msgs/msg/detail/vehicle_imu__functions.c
[299.090s] -- Installing: /home/stepan/ws_ros2/install/px4_msgs/include/px4_msgs/px4_msgs/msg/detail/power_button_state__functions.c
[299.090s] -- Installing: /home/stepan/ws_ros2/install/px4_msgs/include/px4_msgs/px4_msgs/msg/detail/sensor_uwb__functions.h
[299.090s] -- Installing: /home/stepan/ws_ros2/install/px4_msgs/include/px4_msgs/px4_msgs/msg/detail/message_format_request__struct.h
[299.091s] -- Installing: /home/stepan/ws_ros2/install/px4_msgs/include/px4_msgs/px4_msgs/msg/detail/pure_pursuit_status__type_support.h
[299.091s] -- Installing: /home/stepan/ws_ros2/install/px4_msgs/include/px4_msgs/px4_msgs/msg/detail/action_request__functions.c
[299.091s] -- Installing: /home/stepan/ws_ros2/install/px4_msgs/include/px4_msgs/px4_msgs/msg/detail/camera_status__functions.h
[299.091s] -- Installing: /home/stepan/ws_ros2/install/px4_msgs/include/px4_msgs/px4_msgs/msg/detail/actuator_servos_trim__functions.h
[299.091s] -- Installing: /home/stepan/ws_ros2/install/px4_msgs/include/px4_msgs/px4_msgs/msg/detail/rover_throttle_setpoint__functions.h
[299.091s] -- Installing: /home/stepan/ws_ros2/install/px4_msgs/include/px4_msgs/px4_msgs/msg/detail/sensor_preflight_mag__struct.h
[299.091s] -- Installing: /home/stepan/ws_ros2/install/px4_msgs/include/px4_msgs/px4_msgs/msg/detail/ulog_stream__functions.c
[299.091s] -- Installing: /home/stepan/ws_ros2/install/px4_msgs/include/px4_msgs/px4_msgs/msg/detail/parameter_update__struct.h
[299.091s] -- Installing: /home/stepan/ws_ros2/install/px4_msgs/include/px4_msgs/px4_msgs/msg/detail/takeoff_status__type_support.h
[299.091s] -- Installing: /home/stepan/ws_ros2/install/px4_msgs/include/px4_msgs/px4_msgs/msg/detail/vehicle_odometry__struct.h
[299.091s] -- Installing: /home/stepan/ws_ros2/install/px4_msgs/include/px4_msgs/px4_msgs/msg/detail/gpio_in__type_support.h
[299.092s] -- Installing: /home/stepan/ws_ros2/install/px4_msgs/include/px4_msgs/px4_msgs/msg/detail/vehicle_magnetometer__functions.h
[299.092s] -- Installing: /home/stepan/ws_ros2/install/px4_msgs/include/px4_msgs/px4_msgs/msg/detail/vehicle_local_position_setpoint__functions.c
[299.092s] -- Installing: /home/stepan/ws_ros2/install/px4_msgs/include/px4_msgs/px4_msgs/msg/detail/vehicle_local_position__type_support.h
[299.092s] -- Installing: /home/stepan/ws_ros2/install/px4_msgs/include/px4_msgs/px4_msgs/msg/detail/dataman_response__struct.h
[299.092s] -- Installing: /home/stepan/ws_ros2/install/px4_msgs/include/px4_msgs/px4_msgs/msg/detail/rover_velocity_status__functions.c
[299.092s] -- Installing: /home/stepan/ws_ros2/install/px4_msgs/include/px4_msgs/px4_msgs/msg/detail/onboard_computer_status__functions.h
[299.092s] -- Installing: /home/stepan/ws_ros2/install/px4_msgs/include/px4_msgs/px4_msgs/msg/detail/input_rc__type_support.h
[299.092s] -- Installing: /home/stepan/ws_ros2/install/px4_msgs/include/px4_msgs/px4_msgs/msg/detail/generator_status__functions.c
[299.092s] -- Installing: /home/stepan/ws_ros2/install/px4_msgs/include/px4_msgs/px4_msgs/msg/detail/vehicle_magnetometer__functions.c
[299.092s] -- Installing: /home/stepan/ws_ros2/install/px4_msgs/include/px4_msgs/px4_msgs/msg/detail/parameter_set_used_request__functions.c
[299.092s] -- Installing: /home/stepan/ws_ros2/install/px4_msgs/include/px4_msgs/px4_msgs/msg/detail/led_control__type_support.h
[299.092s] -- Installing: /home/stepan/ws_ros2/install/px4_msgs/include/px4_msgs/px4_msgs/msg/detail/iridiumsbd_status__functions.h
[299.092s] -- Installing: /home/stepan/ws_ros2/install/px4_msgs/include/px4_msgs/px4_msgs/msg/detail/gimbal_device_attitude_status__functions.c
[299.093s] -- Installing: /home/stepan/ws_ros2/install/px4_msgs/include/px4_msgs/px4_msgs/msg/detail/actuator_armed__struct.h
[299.093s] -- Installing: /home/stepan/ws_ros2/install/px4_msgs/include/px4_msgs/px4_msgs/msg/detail/mode_completed__functions.c
[299.093s] -- Installing: /home/stepan/ws_ros2/install/px4_msgs/include/px4_msgs/px4_msgs/msg/detail/iridiumsbd_status__functions.c
[299.093s] -- Installing: /home/stepan/ws_ros2/install/px4_msgs/include/px4_msgs/px4_msgs/msg/detail/failure_detector_status__functions.c
[299.093s] -- Installing: /home/stepan/ws_ros2/install/px4_msgs/include/px4_msgs/px4_msgs/msg/detail/estimator_event_flags__type_support.h
[299.093s] -- Installing: /home/stepan/ws_ros2/install/px4_msgs/include/px4_msgs/px4_msgs/msg/detail/manual_control_setpoint__struct.h
[299.093s] -- Installing: /home/stepan/ws_ros2/install/px4_msgs/include/px4_msgs/px4_msgs/msg/detail/airspeed__type_support.h
[299.093s] -- Installing: /home/stepan/ws_ros2/install/px4_msgs/include/px4_msgs/px4_msgs/msg/detail/ackermann_velocity_setpoint__type_support.h
[299.093s] -- Installing: /home/stepan/ws_ros2/install/px4_msgs/include/px4_msgs/px4_msgs/msg/detail/orb_test_medium__functions.h
[299.093s] -- Installing: /home/stepan/ws_ros2/install/px4_msgs/include/px4_msgs/px4_msgs/msg/detail/mavlink_tunnel__functions.h
[299.093s] -- Installing: /home/stepan/ws_ros2/install/px4_msgs/include/px4_msgs/px4_msgs/msg/detail/internal_combustion_engine_control__functions.c
[299.093s] -- Installing: /home/stepan/ws_ros2/install/px4_msgs/include/px4_msgs/px4_msgs/msg/detail/ekf2_timestamps__functions.c
[299.094s] -- Installing: /home/stepan/ws_ros2/install/px4_msgs/include/px4_msgs/px4_msgs/msg/detail/vehicle_angular_velocity__functions.h
[299.094s] -- Installing: /home/stepan/ws_ros2/install/px4_msgs/include/px4_msgs/px4_msgs/msg/detail/gimbal_controls__functions.c
[299.094s] -- Installing: /home/stepan/ws_ros2/install/px4_msgs/include/px4_msgs/px4_msgs/msg/detail/estimator_aid_source2d__functions.h
[299.094s] -- Installing: /home/stepan/ws_ros2/install/px4_msgs/include/px4_msgs/px4_msgs/msg/detail/vehicle_local_position__struct.h
[299.094s] -- Installing: /home/stepan/ws_ros2/install/px4_msgs/include/px4_msgs/px4_msgs/msg/detail/pure_pursuit_status__functions.c
[299.094s] -- Installing: /home/stepan/ws_ros2/install/px4_msgs/include/px4_msgs/px4_msgs/msg/detail/vehicle_optical_flow_vel__functions.c
[299.094s] -- Installing: /home/stepan/ws_ros2/install/px4_msgs/include/px4_msgs/px4_msgs/msg/detail/sensor_accel_fifo__functions.h
[299.094s] -- Installing: /home/stepan/ws_ros2/install/px4_msgs/include/px4_msgs/px4_msgs/msg/detail/actuator_motors__type_support.h
[299.094s] -- Installing: /home/stepan/ws_ros2/install/px4_msgs/include/px4_msgs/px4_msgs/msg/detail/sensor_optical_flow__type_support.h
[299.094s] -- Installing: /home/stepan/ws_ros2/install/px4_msgs/include/px4_msgs/px4_msgs/msg/detail/gps_dump__functions.h
[299.094s] -- Installing: /home/stepan/ws_ros2/install/px4_msgs/include/px4_msgs/px4_msgs/msg/detail/actuator_motors__struct.h
[299.094s] -- Installing: /home/stepan/ws_ros2/install/px4_msgs/include/px4_msgs/px4_msgs/msg/detail/orbit_status__type_support.h
[299.095s] -- Installing: /home/stepan/ws_ros2/install/px4_msgs/include/px4_msgs/px4_msgs/msg/detail/cpuload__functions.h
[299.095s] -- Installing: /home/stepan/ws_ros2/install/px4_msgs/include/px4_msgs/px4_msgs/msg/detail/landing_target_pose__functions.h
[299.095s] -- Installing: /home/stepan/ws_ros2/install/px4_msgs/include/px4_msgs/px4_msgs/msg/detail/vehicle_thrust_setpoint__struct.h
[299.095s] -- Installing: /home/stepan/ws_ros2/install/px4_msgs/include/px4_msgs/px4_msgs/msg/detail/mission_result__type_support.h
[299.095s] -- Installing: /home/stepan/ws_ros2/install/px4_msgs/include/px4_msgs/px4_msgs/msg/detail/estimator_status__functions.h
[299.095s] -- Installing: /home/stepan/ws_ros2/install/px4_msgs/include/px4_msgs/px4_msgs/msg/detail/pwm_input__functions.c
[299.095s] -- Installing: /home/stepan/ws_ros2/install/px4_msgs/include/px4_msgs/px4_msgs/msg/detail/vehicle_roi__functions.h
[299.095s] -- Installing: /home/stepan/ws_ros2/install/px4_msgs/include/px4_msgs/px4_msgs/msg/detail/geofence_result__functions.c
[299.095s] -- Installing: /home/stepan/ws_ros2/install/px4_msgs/include/px4_msgs/px4_msgs/msg/detail/qshell_retval__functions.h
[299.095s] -- Installing: /home/stepan/ws_ros2/install/px4_msgs/include/px4_msgs/px4_msgs/msg/detail/gps_dump__struct.h
[299.095s] -- Installing: /home/stepan/ws_ros2/install/px4_msgs/include/px4_msgs/px4_msgs/msg/detail/orbit_status__struct.h
[299.095s] -- Installing: /home/stepan/ws_ros2/install/px4_msgs/include/px4_msgs/px4_msgs/msg/detail/sensor_gps__struct.h
[299.096s] -- Installing: /home/stepan/ws_ros2/install/px4_msgs/include/px4_msgs/px4_msgs/msg/detail/debug_array__functions.h
[299.096s] -- Installing: /home/stepan/ws_ros2/install/px4_msgs/include/px4_msgs/px4_msgs/msg/detail/position_setpoint_triplet__struct.h
[299.096s] -- Installing: /home/stepan/ws_ros2/install/px4_msgs/include/px4_msgs/px4_msgs/msg/detail/gpio_config__functions.c
[299.096s] -- Installing: /home/stepan/ws_ros2/install/px4_msgs/include/px4_msgs/px4_msgs/msg/detail/position_controller_landing_status__functions.c
[299.096s] -- Installing: /home/stepan/ws_ros2/install/px4_msgs/include/px4_msgs/px4_msgs/msg/detail/open_drone_id_operator_id__struct.h
[299.096s] -- Installing: /home/stepan/ws_ros2/install/px4_msgs/include/px4_msgs/px4_msgs/msg/detail/config_overrides__functions.h
[299.096s] -- Installing: /home/stepan/ws_ros2/install/px4_msgs/include/px4_msgs/px4_msgs/msg/detail/transponder_report__functions.c
[299.096s] -- Installing: /home/stepan/ws_ros2/install/px4_msgs/include/px4_msgs/px4_msgs/msg/detail/offboard_control_mode__struct.h
[299.096s] -- Installing: /home/stepan/ws_ros2/install/px4_msgs/include/px4_msgs/px4_msgs/msg/detail/sensor_accel__functions.h
[299.096s] -- Installing: /home/stepan/ws_ros2/install/px4_msgs/include/px4_msgs/px4_msgs/msg/detail/vehicle_status__functions.h
[299.096s] -- Installing: /home/stepan/ws_ros2/install/px4_msgs/include/px4_msgs/px4_msgs/msg/detail/autotune_attitude_control_status__struct.h
[299.096s] -- Installing: /home/stepan/ws_ros2/install/px4_msgs/include/px4_msgs/px4_msgs/msg/detail/uavcan_parameter_value__functions.h
[299.096s] -- Installing: /home/stepan/ws_ros2/install/px4_msgs/include/px4_msgs/px4_msgs/msg/detail/landing_gear_wheel__functions.h
[299.097s] -- Installing: /home/stepan/ws_ros2/install/px4_msgs/include/px4_msgs/px4_msgs/msg/detail/position_setpoint__functions.h
[299.097s] -- Installing: /home/stepan/ws_ros2/install/px4_msgs/include/px4_msgs/px4_msgs/msg/detail/estimator_status__struct.h
[299.097s] -- Installing: /home/stepan/ws_ros2/install/px4_msgs/include/px4_msgs/px4_msgs/msg/detail/vehicle_air_data__functions.h
[299.097s] -- Installing: /home/stepan/ws_ros2/install/px4_msgs/include/px4_msgs/px4_msgs/msg/detail/gpio_out__type_support.h
[299.097s] -- Installing: /home/stepan/ws_ros2/install/px4_msgs/include/px4_msgs/px4_msgs/msg/detail/estimator_status_flags__type_support.h
[299.097s] -- Installing: /home/stepan/ws_ros2/install/px4_msgs/include/px4_msgs/px4_msgs/msg/detail/power_button_state__functions.h
[299.097s] -- Installing: /home/stepan/ws_ros2/install/px4_msgs/include/px4_msgs/px4_msgs/msg/detail/vehicle_optical_flow__functions.h
[299.097s] -- Installing: /home/stepan/ws_ros2/install/px4_msgs/include/px4_msgs/px4_msgs/msg/detail/manual_control_setpoint__functions.h
[299.097s] -- Installing: /home/stepan/ws_ros2/install/px4_msgs/include/px4_msgs/px4_msgs/msg/detail/vtol_vehicle_status__functions.h
[299.097s] -- Installing: /home/stepan/ws_ros2/install/px4_msgs/include/px4_msgs/px4_msgs/msg/detail/velocity_limits__functions.h
[299.097s] -- Installing: /home/stepan/ws_ros2/install/px4_msgs/include/px4_msgs/px4_msgs/msg/detail/sensor_gyro__functions.c
[299.097s] -- Installing: /home/stepan/ws_ros2/install/px4_msgs/include/px4_msgs/px4_msgs/msg/detail/magnetometer_bias_estimate__functions.c
[299.098s] -- Installing: /home/stepan/ws_ros2/install/px4_msgs/include/px4_msgs/px4_msgs/msg/detail/gimbal_manager_set_attitude__struct.h
[299.098s] -- Installing: /home/stepan/ws_ros2/install/px4_msgs/include/px4_msgs/px4_msgs/msg/detail/orb_test__struct.h
[299.098s] -- Installing: /home/stepan/ws_ros2/install/px4_msgs/include/px4_msgs/px4_msgs/msg/detail/sensor_optical_flow__functions.c
[299.098s] -- Installing: /home/stepan/ws_ros2/install/px4_msgs/include/px4_msgs/px4_msgs/msg/detail/actuator_controls_status__functions.h
[299.098s] -- Installing: /home/stepan/ws_ros2/install/px4_msgs/include/px4_msgs/px4_msgs/msg/detail/sensor_correction__functions.h
[299.098s] -- Installing: /home/stepan/ws_ros2/install/px4_msgs/include/px4_msgs/px4_msgs/msg/detail/unregister_ext_component__functions.h
[299.098s] -- Installing: /home/stepan/ws_ros2/install/px4_msgs/include/px4_msgs/px4_msgs/msg/detail/gimbal_manager_status__functions.h
[299.098s] -- Installing: /home/stepan/ws_ros2/install/px4_msgs/include/px4_msgs/px4_msgs/msg/detail/rate_ctrl_status__struct.h
[299.098s] -- Installing: /home/stepan/ws_ros2/install/px4_msgs/include/px4_msgs/px4_msgs/msg/detail/battery_status__struct.h
[299.098s] -- Installing: /home/stepan/ws_ros2/install/px4_msgs/include/px4_msgs/px4_msgs/msg/detail/rover_rate_status__functions.c
[299.098s] -- Installing: /home/stepan/ws_ros2/install/px4_msgs/include/px4_msgs/px4_msgs/msg/detail/vehicle_roi__type_support.h
[299.098s] -- Installing: /home/stepan/ws_ros2/install/px4_msgs/include/px4_msgs/px4_msgs/msg/detail/debug_value__functions.c
[299.099s] -- Installing: /home/stepan/ws_ros2/install/px4_msgs/include/px4_msgs/px4_msgs/msg/detail/sensor_combined__functions.c
[299.099s] -- Installing: /home/stepan/ws_ros2/install/px4_msgs/include/px4_msgs/px4_msgs/msg/detail/failure_detector_status__functions.h
[299.099s] -- Installing: /home/stepan/ws_ros2/install/px4_msgs/include/px4_msgs/px4_msgs/msg/detail/gpio_config__type_support.h
[299.099s] -- Installing: /home/stepan/ws_ros2/install/px4_msgs/include/px4_msgs/px4_msgs/msg/detail/input_rc__struct.h
[299.099s] -- Installing: /home/stepan/ws_ros2/install/px4_msgs/include/px4_msgs/px4_msgs/msg/detail/vehicle_global_position__functions.h
[299.099s] -- Installing: /home/stepan/ws_ros2/install/px4_msgs/include/px4_msgs/px4_msgs/msg/detail/internal_combustion_engine_control__struct.h
[299.099s] -- Installing: /home/stepan/ws_ros2/install/px4_msgs/include/px4_msgs/px4_msgs/msg/detail/vehicle_acceleration__struct.h
[299.099s] -- Installing: /home/stepan/ws_ros2/install/px4_msgs/include/px4_msgs/px4_msgs/msg/detail/follow_target_estimator__struct.h
[299.099s] -- Installing: /home/stepan/ws_ros2/install/px4_msgs/include/px4_msgs/px4_msgs/msg/detail/landing_target_pose__functions.c
[299.099s] -- Installing: /home/stepan/ws_ros2/install/px4_msgs/include/px4_msgs/px4_msgs/msg/detail/log_message__functions.h
[299.099s] -- Installing: /home/stepan/ws_ros2/install/px4_msgs/include/px4_msgs/px4_msgs/msg/detail/internal_combustion_engine_control__functions.h
[299.099s] -- Installing: /home/stepan/ws_ros2/install/px4_msgs/include/px4_msgs/px4_msgs/msg/detail/manual_control_switches__functions.c
[299.099s] -- Installing: /home/stepan/ws_ros2/install/px4_msgs/include/px4_msgs/px4_msgs/msg/detail/distance_sensor_mode_change_request__functions.h
[299.100s] -- Installing: /home/stepan/ws_ros2/install/px4_msgs/include/px4_msgs/px4_msgs/msg/detail/obstacle_distance__functions.c
[299.100s] -- Installing: /home/stepan/ws_ros2/install/px4_msgs/include/px4_msgs/px4_msgs/msg/detail/orb_test_medium__functions.c
[299.100s] -- Installing: /home/stepan/ws_ros2/install/px4_msgs/include/px4_msgs/px4_msgs/msg/detail/rover_rate_setpoint__type_support.h
[299.100s] -- Installing: /home/stepan/ws_ros2/install/px4_msgs/include/px4_msgs/px4_msgs/msg/detail/telemetry_status__struct.h
[299.100s] -- Installing: /home/stepan/ws_ros2/install/px4_msgs/include/px4_msgs/px4_msgs/msg/detail/gripper__type_support.h
[299.100s] -- Installing: /home/stepan/ws_ros2/install/px4_msgs/include/px4_msgs/px4_msgs/msg/detail/gpio_request__functions.h
[299.100s] -- Installing: /home/stepan/ws_ros2/install/px4_msgs/include/px4_msgs/px4_msgs/msg/detail/takeoff_status__functions.h
[299.100s] -- Installing: /home/stepan/ws_ros2/install/px4_msgs/include/px4_msgs/px4_msgs/msg/detail/mavlink_tunnel__type_support.h
[299.100s] -- Installing: /home/stepan/ws_ros2/install/px4_msgs/include/px4_msgs/px4_msgs/msg/detail/rtl_time_estimate__struct.h
[299.100s] -- Installing: /home/stepan/ws_ros2/install/px4_msgs/include/px4_msgs/px4_msgs/msg/detail/sensor_airflow__type_support.h
[299.100s] -- Installing: /home/stepan/ws_ros2/install/px4_msgs/include/px4_msgs/px4_msgs/msg/detail/parameter_set_value_response__type_support.h
[299.100s] -- Installing: /home/stepan/ws_ros2/install/px4_msgs/include/px4_msgs/px4_msgs/msg/detail/gimbal_manager_set_attitude__functions.c
[299.101s] -- Installing: /home/stepan/ws_ros2/install/px4_msgs/include/px4_msgs/px4_msgs/msg/detail/gimbal_manager_set_manual_control__functions.c
[299.101s] -- Installing: /home/stepan/ws_ros2/install/px4_msgs/include/px4_msgs/px4_msgs/msg/detail/vehicle_air_data__struct.h
[299.101s] -- Installing: /home/stepan/ws_ros2/install/px4_msgs/include/px4_msgs/px4_msgs/msg/detail/gimbal_controls__type_support.h
[299.101s] -- Installing: /home/stepan/ws_ros2/install/px4_msgs/include/px4_msgs/px4_msgs/msg/detail/uavcan_parameter_request__functions.h
[299.101s] -- Installing: /home/stepan/ws_ros2/install/px4_msgs/include/px4_msgs/px4_msgs/msg/detail/orb_test_large__struct.h
[299.101s] -- Installing: /home/stepan/ws_ros2/install/px4_msgs/include/px4_msgs/px4_msgs/msg/detail/vehicle_torque_setpoint__functions.h
[299.101s] -- Installing: /home/stepan/ws_ros2/install/px4_msgs/include/px4_msgs/px4_msgs/msg/detail/gimbal_manager_information__functions.h
[299.101s] -- Installing: /home/stepan/ws_ros2/install/px4_msgs/include/px4_msgs/px4_msgs/msg/detail/rover_rate_status__functions.h
[299.101s] -- Installing: /home/stepan/ws_ros2/install/px4_msgs/include/px4_msgs/px4_msgs/msg/detail/estimator_aid_source1d__type_support.h
[299.101s] -- Installing: /home/stepan/ws_ros2/install/px4_msgs/include/px4_msgs/px4_msgs/msg/detail/vehicle_air_data__functions.c
[299.101s] -- Installing: /home/stepan/ws_ros2/install/px4_msgs/include/px4_msgs/px4_msgs/msg/detail/velocity_limits__functions.c
[299.101s] -- Installing: /home/stepan/ws_ros2/install/px4_msgs/include/px4_msgs/px4_msgs/msg/detail/debug_vect__functions.h
[299.102s] -- Installing: /home/stepan/ws_ros2/install/px4_msgs/include/px4_msgs/px4_msgs/msg/detail/tune_control__functions.h
[299.102s] -- Installing: /home/stepan/ws_ros2/install/px4_msgs/include/px4_msgs/px4_msgs/msg/detail/vehicle_attitude__type_support.h
[299.102s] -- Installing: /home/stepan/ws_ros2/install/px4_msgs/include/px4_msgs/px4_msgs/msg/detail/sensor_baro__struct.h
[299.102s] -- Installing: /home/stepan/ws_ros2/install/px4_msgs/include/px4_msgs/px4_msgs/msg/detail/sensor_mag__struct.h
[299.102s] -- Installing: /home/stepan/ws_ros2/install/px4_msgs/include/px4_msgs/px4_msgs/msg/detail/ekf2_timestamps__struct.h
[299.102s] -- Installing: /home/stepan/ws_ros2/install/px4_msgs/include/px4_msgs/px4_msgs/msg/detail/vehicle_angular_velocity__functions.c
[299.102s] -- Installing: /home/stepan/ws_ros2/install/px4_msgs/include/px4_msgs/px4_msgs/msg/detail/launch_detection_status__functions.h
[299.102s] -- Installing: /home/stepan/ws_ros2/install/px4_msgs/include/px4_msgs/px4_msgs/msg/detail/open_drone_id_self_id__struct.h
[299.102s] -- Installing: /home/stepan/ws_ros2/install/px4_msgs/include/px4_msgs/px4_msgs/msg/detail/actuator_test__struct.h
[299.102s] -- Installing: /home/stepan/ws_ros2/install/px4_msgs/include/px4_msgs/px4_msgs/msg/detail/sensor_baro__type_support.h
[299.102s] -- Installing: /home/stepan/ws_ros2/install/px4_msgs/include/px4_msgs/px4_msgs/msg/detail/message_format_response__type_support.h
[299.103s] -- Installing: /home/stepan/ws_ros2/install/px4_msgs/include/px4_msgs/px4_msgs/msg/detail/wind__functions.c
[299.103s] -- Installing: /home/stepan/ws_ros2/install/px4_msgs/include/px4_msgs/px4_msgs/msg/detail/vehicle_status__type_support.h
[299.103s] -- Installing: /home/stepan/ws_ros2/install/px4_msgs/include/px4_msgs/px4_msgs/msg/detail/rover_throttle_setpoint__functions.c
[299.103s] -- Installing: /home/stepan/ws_ros2/install/px4_msgs/include/px4_msgs/px4_msgs/msg/detail/wheel_encoders__functions.h
[299.103s] -- Installing: /home/stepan/ws_ros2/install/px4_msgs/include/px4_msgs/px4_msgs/msg/detail/estimator_aid_source1d__struct.h
[299.103s] -- Installing: /home/stepan/ws_ros2/install/px4_msgs/include/px4_msgs/px4_msgs/msg/detail/vehicle_attitude_setpoint__struct.h
[299.103s] -- Installing: /home/stepan/ws_ros2/install/px4_msgs/include/px4_msgs/px4_msgs/msg/detail/sensor_hygrometer__type_support.h
[299.103s] -- Installing: /home/stepan/ws_ros2/install/px4_msgs/include/px4_msgs/px4_msgs/msg/detail/can_interface_status__type_support.h
[299.103s] -- Installing: /home/stepan/ws_ros2/install/px4_msgs/include/px4_msgs/px4_msgs/msg/detail/figure_eight_status__functions.c
[299.103s] -- Installing: /home/stepan/ws_ros2/install/px4_msgs/include/px4_msgs/px4_msgs/msg/detail/telemetry_status__type_support.h
[299.103s] -- Installing: /home/stepan/ws_ros2/install/px4_msgs/include/px4_msgs/px4_msgs/msg/detail/ping__type_support.h
[299.103s] -- Installing: /home/stepan/ws_ros2/install/px4_msgs/include/px4_msgs/px4_msgs/msg/detail/gimbal_device_information__functions.c
[299.103s] -- Installing: /home/stepan/ws_ros2/install/px4_msgs/include/px4_msgs/px4_msgs/msg/detail/task_stack_info__functions.h
[299.103s] -- Installing: /home/stepan/ws_ros2/install/px4_msgs/include/px4_msgs/px4_msgs/msg/detail/launch_detection_status__functions.c
[299.104s] -- Installing: /home/stepan/ws_ros2/install/px4_msgs/include/px4_msgs/px4_msgs/msg/detail/vehicle_command_ack__functions.c
[299.104s] -- Installing: /home/stepan/ws_ros2/install/px4_msgs/include/px4_msgs/px4_msgs/msg/detail/vehicle_optical_flow_vel__type_support.h
[299.104s] -- Installing: /home/stepan/ws_ros2/install/px4_msgs/include/px4_msgs/px4_msgs/msg/detail/message_format_request__type_support.h
[299.104s] -- Installing: /home/stepan/ws_ros2/install/px4_msgs/include/px4_msgs/px4_msgs/msg/detail/tecs_status__functions.c
[299.104s] -- Installing: /home/stepan/ws_ros2/install/px4_msgs/include/px4_msgs/px4_msgs/msg/detail/radio_status__type_support.h
[299.104s] -- Installing: /home/stepan/ws_ros2/install/px4_msgs/include/px4_msgs/px4_msgs/msg/detail/gps_inject_data__functions.h
[299.104s] -- Installing: /home/stepan/ws_ros2/install/px4_msgs/include/px4_msgs/px4_msgs/msg/detail/sensor_gyro_fifo__functions.c
[299.104s] -- Installing: /home/stepan/ws_ros2/install/px4_msgs/include/px4_msgs/px4_msgs/msg/detail/rtl_status__struct.h
[299.104s] -- Installing: /home/stepan/ws_ros2/install/px4_msgs/include/px4_msgs/px4_msgs/msg/detail/irlock_report__functions.c
[299.104s] -- Installing: /home/stepan/ws_ros2/install/px4_msgs/include/px4_msgs/px4_msgs/msg/detail/sensor_correction__functions.c
[299.104s] -- Installing: /home/stepan/ws_ros2/install/px4_msgs/include/px4_msgs/px4_msgs/msg/detail/trajectory_setpoint6dof__functions.h
[299.104s] -- Installing: /home/stepan/ws_ros2/install/px4_msgs/include/px4_msgs/px4_msgs/msg/detail/cpuload__struct.h
[299.104s] -- Installing: /home/stepan/ws_ros2/install/px4_msgs/include/px4_msgs/px4_msgs/msg/detail/can_interface_status__functions.c
[299.105s] -- Installing: /home/stepan/ws_ros2/install/px4_msgs/include/px4_msgs/px4_msgs/msg/detail/tecs_status__functions.h
[299.105s] -- Installing: /home/stepan/ws_ros2/install/px4_msgs/include/px4_msgs/px4_msgs/msg/detail/vehicle_command__functions.h
[299.105s] -- Installing: /home/stepan/ws_ros2/install/px4_msgs/include/px4_msgs/px4_msgs/msg/detail/sensors_status__type_support.h
[299.105s] -- Installing: /home/stepan/ws_ros2/install/px4_msgs/include/px4_msgs/px4_msgs/msg/detail/internal_combustion_engine_status__type_support.h
[299.105s] -- Installing: /home/stepan/ws_ros2/install/px4_msgs/include/px4_msgs/px4_msgs/msg/detail/power_monitor__functions.h
[299.105s] -- Installing: /home/stepan/ws_ros2/install/px4_msgs/include/px4_msgs/px4_msgs/msg/detail/landing_gear__functions.h
[299.105s] -- Installing: /home/stepan/ws_ros2/install/px4_msgs/include/px4_msgs/px4_msgs/msg/detail/ackermann_velocity_setpoint__functions.c
[299.105s] -- Installing: /home/stepan/ws_ros2/install/px4_msgs/include/px4_msgs/px4_msgs/msg/detail/mission__functions.c
[299.105s] -- Installing: /home/stepan/ws_ros2/install/px4_msgs/include/px4_msgs/px4_msgs/msg/detail/geofence_result__struct.h
[299.105s] -- Installing: /home/stepan/ws_ros2/install/px4_msgs/include/px4_msgs/px4_msgs/msg/detail/npfg_status__struct.h
[299.105s] -- Installing: /home/stepan/ws_ros2/install/px4_msgs/include/px4_msgs/px4_msgs/msg/detail/sensor_gnss_relative__type_support.h
[299.106s] -- Installing: /home/stepan/ws_ros2/install/px4_msgs/include/px4_msgs/px4_msgs/msg/detail/vehicle_roi__struct.h
[299.106s] -- Installing: /home/stepan/ws_ros2/install/px4_msgs/include/px4_msgs/px4_msgs/msg/detail/heater_status__functions.c
[299.106s] -- Installing: /home/stepan/ws_ros2/install/px4_msgs/include/px4_msgs/px4_msgs/msg/detail/vehicle_attitude__struct.h
[299.106s] -- Installing: /home/stepan/ws_ros2/install/px4_msgs/include/px4_msgs/px4_msgs/msg/detail/can_interface_status__struct.h
[299.106s] -- Installing: /home/stepan/ws_ros2/install/px4_msgs/include/px4_msgs/px4_msgs/msg/detail/ulog_stream__struct.h
[299.106s] -- Installing: /home/stepan/ws_ros2/install/px4_msgs/include/px4_msgs/px4_msgs/msg/detail/landing_gear__struct.h
[299.106s] -- Installing: /home/stepan/ws_ros2/install/px4_msgs/include/px4_msgs/px4_msgs/msg/detail/button_event__struct.h
[299.106s] -- Installing: /home/stepan/ws_ros2/install/px4_msgs/include/px4_msgs/px4_msgs/msg/detail/home_position__struct.h
[299.106s] -- Installing: /home/stepan/ws_ros2/install/px4_msgs/include/px4_msgs/px4_msgs/msg/detail/fuel_tank_status__struct.h
[299.106s] -- Installing: /home/stepan/ws_ros2/install/px4_msgs/include/px4_msgs/px4_msgs/msg/detail/hover_thrust_estimate__functions.c
[299.106s] -- Installing: /home/stepan/ws_ros2/install/px4_msgs/include/px4_msgs/px4_msgs/msg/detail/mount_orientation__functions.c
[299.107s] -- Installing: /home/stepan/ws_ros2/install/px4_msgs/include/px4_msgs/px4_msgs/msg/detail/message_format_response__functions.c
[299.107s] -- Installing: /home/stepan/ws_ros2/install/px4_msgs/include/px4_msgs/px4_msgs/msg/detail/open_drone_id_operator_id__functions.h
[299.107s] -- Installing: /home/stepan/ws_ros2/install/px4_msgs/include/px4_msgs/px4_msgs/msg/detail/pure_pursuit_status__functions.h
[299.107s] -- Installing: /home/stepan/ws_ros2/install/px4_msgs/include/px4_msgs/px4_msgs/msg/detail/orb_test__type_support.h
[299.107s] -- Installing: /home/stepan/ws_ros2/install/px4_msgs/include/px4_msgs/px4_msgs/msg/detail/estimator_bias__functions.h
[299.107s] -- Installing: /home/stepan/ws_ros2/install/px4_msgs/include/px4_msgs/px4_msgs/msg/detail/internal_combustion_engine_status__functions.c
[299.107s] -- Installing: /home/stepan/ws_ros2/install/px4_msgs/include/px4_msgs/px4_msgs/msg/detail/sensor_gyro_fifo__type_support.h
[299.107s] -- Installing: /home/stepan/ws_ros2/install/px4_msgs/include/px4_msgs/px4_msgs/msg/detail/vehicle_status__struct.h
[299.107s] -- Installing: /home/stepan/ws_ros2/install/px4_msgs/include/px4_msgs/px4_msgs/msg/detail/register_ext_component_reply__struct.h
[299.107s] -- Installing: /home/stepan/ws_ros2/install/px4_msgs/include/px4_msgs/px4_msgs/msg/detail/config_overrides__struct.h
[299.107s] -- Installing: /home/stepan/ws_ros2/install/px4_msgs/include/px4_msgs/px4_msgs/msg/detail/geofence_status__struct.h
[299.108s] -- Installing: /home/stepan/ws_ros2/install/px4_msgs/include/px4_msgs/px4_msgs/msg/detail/px4io_status__struct.h
[299.108s] -- Installing: /home/stepan/ws_ros2/install/px4_msgs/include/px4_msgs/px4_msgs/msg/detail/vehicle_imu_status__struct.h
[299.108s] -- Installing: /home/stepan/ws_ros2/install/px4_msgs/include/px4_msgs/px4_msgs/msg/detail/sensor_gyro__functions.h
[299.108s] -- Installing: /home/stepan/ws_ros2/install/px4_msgs/include/px4_msgs/px4_msgs/msg/detail/manual_control_switches__struct.h
[299.108s] -- Installing: /home/stepan/ws_ros2/install/px4_msgs/include/px4_msgs/px4_msgs/msg/detail/rate_ctrl_status__functions.c
[299.108s] -- Installing: /home/stepan/ws_ros2/install/px4_msgs/include/px4_msgs/px4_msgs/msg/detail/gimbal_device_set_attitude__type_support.h
[299.108s] -- Installing: /home/stepan/ws_ros2/install/px4_msgs/include/px4_msgs/px4_msgs/msg/detail/vehicle_land_detected__type_support.h
[299.108s] -- Installing: /home/stepan/ws_ros2/install/px4_msgs/include/px4_msgs/px4_msgs/msg/detail/vehicle_magnetometer__type_support.h
[299.108s] -- Installing: /home/stepan/ws_ros2/install/px4_msgs/include/px4_msgs/px4_msgs/msg/detail/actuator_servos__functions.c
[299.108s] -- Installing: /home/stepan/ws_ros2/install/px4_msgs/include/px4_msgs/px4_msgs/msg/detail/ping__struct.h
[299.108s] -- Installing: /home/stepan/ws_ros2/install/px4_msgs/include/px4_msgs/px4_msgs/msg/detail/satellite_info__struct.h
[299.108s] -- Installing: /home/stepan/ws_ros2/install/px4_msgs/include/px4_msgs/px4_msgs/msg/detail/gimbal_manager_status__functions.c
[299.109s] -- Installing: /home/stepan/ws_ros2/install/px4_msgs/include/px4_msgs/px4_msgs/msg/detail/timesync_status__functions.c
[299.109s] -- Installing: /home/stepan/ws_ros2/install/px4_msgs/include/px4_msgs/px4_msgs/msg/detail/vehicle_constraints__struct.h
[299.109s] -- Installing: /home/stepan/ws_ros2/install/px4_msgs/include/px4_msgs/px4_msgs/msg/detail/manual_control_setpoint__functions.c
[299.109s] -- Installing: /home/stepan/ws_ros2/install/px4_msgs/include/px4_msgs/px4_msgs/msg/detail/dataman_response__functions.h
[299.109s] -- Installing: /home/stepan/ws_ros2/install/px4_msgs/include/px4_msgs/px4_msgs/msg/detail/open_drone_id_system__struct.h
[299.109s] -- Installing: /home/stepan/ws_ros2/install/px4_msgs/include/px4_msgs/px4_msgs/msg/detail/estimator_event_flags__struct.h
[299.109s] -- Installing: /home/stepan/ws_ros2/install/px4_msgs/include/px4_msgs/px4_msgs/msg/detail/estimator_bias__type_support.h
[299.109s] -- Installing: /home/stepan/ws_ros2/install/px4_msgs/include/px4_msgs/px4_msgs/msg/detail/onboard_computer_status__functions.c
[299.109s] -- Installing: /home/stepan/ws_ros2/install/px4_msgs/include/px4_msgs/px4_msgs/msg/detail/gimbal_manager_set_manual_control__functions.h
[299.109s] -- Installing: /home/stepan/ws_ros2/install/px4_msgs/include/px4_msgs/px4_msgs/msg/detail/trajectory_setpoint__type_support.h
[299.109s] -- Installing: /home/stepan/ws_ros2/install/px4_msgs/include/px4_msgs/px4_msgs/msg/detail/fuel_tank_status__type_support.h
[299.109s] -- Installing: /home/stepan/ws_ros2/install/px4_msgs/include/px4_msgs/px4_msgs/msg/detail/tiltrotor_extra_controls__functions.c
[299.110s] -- Installing: /home/stepan/ws_ros2/install/px4_msgs/include/px4_msgs/px4_msgs/msg/detail/rc_channels__functions.c
[299.110s] -- Installing: /home/stepan/ws_ros2/install/px4_msgs/include/px4_msgs/px4_msgs/msg/detail/estimator_status__type_support.h
[299.110s] -- Installing: /home/stepan/ws_ros2/install/px4_msgs/include/px4_msgs/px4_msgs/msg/detail/rc_channels__struct.h
[299.110s] -- Installing: /home/stepan/ws_ros2/install/px4_msgs/include/px4_msgs/px4_msgs/msg/detail/open_drone_id_self_id__type_support.h
[299.110s] -- Installing: /home/stepan/ws_ros2/install/px4_msgs/include/px4_msgs/px4_msgs/msg/detail/vehicle_attitude__functions.c
[299.110s] -- Installing: /home/stepan/ws_ros2/install/px4_msgs/include/px4_msgs/px4_msgs/msg/navigator_mission_item.h
[299.110s] -- Installing: /home/stepan/ws_ros2/install/px4_msgs/include/px4_msgs/px4_msgs/msg/sensor_preflight_mag.h
[299.110s] -- Installing: /home/stepan/ws_ros2/install/px4_msgs/include/px4_msgs/px4_msgs/msg/pps_capture.h
[299.110s] -- Installing: /home/stepan/ws_ros2/install/px4_msgs/include/px4_msgs/px4_msgs/msg/rpm.h
[299.110s] -- Installing: /home/stepan/ws_ros2/install/px4_msgs/include/px4_msgs/px4_msgs/msg/uavcan_parameter_request.h
[299.110s] -- Installing: /home/stepan/ws_ros2/install/px4_msgs/include/px4_msgs/px4_msgs/msg/collision_constraints.h
[299.111s] -- Installing: /home/stepan/ws_ros2/install/px4_msgs/include/px4_msgs/px4_msgs/msg/failure_detector_status.h
[299.111s] -- Installing: /home/stepan/ws_ros2/install/px4_msgs/include/px4_msgs/px4_msgs/msg/manual_control_switches.h
[299.111s] -- Installing: /home/stepan/ws_ros2/install/px4_msgs/include/px4_msgs/px4_msgs/msg/mount_orientation.h
[299.111s] -- Installing: /home/stepan/ws_ros2/install/px4_msgs/include/px4_msgs/px4_msgs/msg/vehicle_attitude_setpoint.h
[299.111s] -- Installing: /home/stepan/ws_ros2/install/px4_msgs/include/px4_msgs/px4_msgs/msg/vehicle_magnetometer.h
[299.111s] -- Installing: /home/stepan/ws_ros2/install/px4_msgs/include/px4_msgs/px4_msgs/msg/obstacle_distance.h
[299.111s] -- Installing: /home/stepan/ws_ros2/install/px4_msgs/include/px4_msgs/px4_msgs/msg/telemetry_status.h
[299.111s] -- Installing: /home/stepan/ws_ros2/install/px4_msgs/include/px4_msgs/px4_msgs/msg/rover_rate_status.h
[299.111s] -- Installing: /home/stepan/ws_ros2/install/px4_msgs/include/px4_msgs/px4_msgs/msg/vehicle_roi.h
[299.111s] -- Installing: /home/stepan/ws_ros2/install/px4_msgs/include/px4_msgs/px4_msgs/msg/follow_target_status.h
[299.111s] -- Installing: /home/stepan/ws_ros2/install/px4_msgs/include/px4_msgs/px4_msgs/msg/orb_test_large.h
[299.111s] -- Installing: /home/stepan/ws_ros2/install/px4_msgs/include/px4_msgs/px4_msgs/msg/onboard_computer_status.h
[299.112s] -- Installing: /home/stepan/ws_ros2/install/px4_msgs/include/px4_msgs/px4_msgs/msg/camera_capture.h
[299.112s] -- Installing: /home/stepan/ws_ros2/install/px4_msgs/include/px4_msgs/px4_msgs/msg/normalized_unsigned_setpoint.h
[299.112s] -- Installing: /home/stepan/ws_ros2/install/px4_msgs/include/px4_msgs/px4_msgs/msg/vehicle_acceleration.h
[299.112s] -- Installing: /home/stepan/ws_ros2/install/px4_msgs/include/px4_msgs/px4_msgs/msg/rtl_time_estimate.h
[299.112s] -- Installing: /home/stepan/ws_ros2/install/px4_msgs/include/px4_msgs/px4_msgs/msg/task_stack_info.h
[299.112s] -- Installing: /home/stepan/ws_ros2/install/px4_msgs/include/px4_msgs/px4_msgs/msg/dataman_request.h
[299.112s] -- Installing: /home/stepan/ws_ros2/install/px4_msgs/include/px4_msgs/px4_msgs/msg/npfg_status.h
[299.112s] -- Installing: /home/stepan/ws_ros2/install/px4_msgs/include/px4_msgs/px4_msgs/msg/esc_status.h
[299.112s] -- Installing: /home/stepan/ws_ros2/install/px4_msgs/include/px4_msgs/px4_msgs/msg/estimator_aid_source2d.h
[299.112s] -- Installing: /home/stepan/ws_ros2/install/px4_msgs/include/px4_msgs/px4_msgs/msg/distance_sensor.h
[299.112s] -- Installing: /home/stepan/ws_ros2/install/px4_msgs/include/px4_msgs/px4_msgs/msg/iridiumsbd_status.h
[299.112s] -- Installing: /home/stepan/ws_ros2/install/px4_msgs/include/px4_msgs/px4_msgs/msg/vehicle_thrust_setpoint.h
[299.113s] -- Installing: /home/stepan/ws_ros2/install/px4_msgs/include/px4_msgs/px4_msgs/msg/mavlink_log.h
[299.113s] -- Installing: /home/stepan/ws_ros2/install/px4_msgs/include/px4_msgs/px4_msgs/msg/gpio_config.h
[299.113s] -- Installing: /home/stepan/ws_ros2/install/px4_msgs/include/px4_msgs/px4_msgs/msg/rosidl_generator_c__visibility_control.h
[299.113s] -- Installing: /home/stepan/ws_ros2/install/px4_msgs/include/px4_msgs/px4_msgs/msg/vehicle_local_position_setpoint.h
[299.113s] -- Installing: /home/stepan/ws_ros2/install/px4_msgs/include/px4_msgs/px4_msgs/msg/rover_steering_setpoint.h
[299.113s] -- Installing: /home/stepan/ws_ros2/install/px4_msgs/include/px4_msgs/px4_msgs/msg/px4io_status.h
[299.113s] -- Installing: /home/stepan/ws_ros2/install/px4_msgs/include/px4_msgs/px4_msgs/msg/estimator_innovations.h
[299.113s] -- Installing: /home/stepan/ws_ros2/install/px4_msgs/include/px4_msgs/px4_msgs/msg/internal_combustion_engine_status.h
[299.113s] -- Installing: /home/stepan/ws_ros2/install/px4_msgs/include/px4_msgs/px4_msgs/msg/vehicle_angular_acceleration_setpoint.h
[299.113s] -- Installing: /home/stepan/ws_ros2/install/px4_msgs/include/px4_msgs/px4_msgs/msg/mission_result.h
[299.113s] -- Installing: /home/stepan/ws_ros2/install/px4_msgs/include/px4_msgs/px4_msgs/msg/sensor_uwb.h
[299.113s] -- Installing: /home/stepan/ws_ros2/install/px4_msgs/include/px4_msgs/px4_msgs/msg/sensor_hygrometer.h
[299.114s] -- Installing: /home/stepan/ws_ros2/install/px4_msgs/include/px4_msgs/px4_msgs/msg/rover_velocity_status.h
[299.114s] -- Installing: /home/stepan/ws_ros2/install/px4_msgs/include/px4_msgs/px4_msgs/msg/parameter_set_value_response.h
[299.114s] -- Installing: /home/stepan/ws_ros2/install/px4_msgs/include/px4_msgs/px4_msgs/msg/open_drone_id_arm_status.h
[299.114s] -- Installing: /home/stepan/ws_ros2/install/px4_msgs/include/px4_msgs/px4_msgs/msg/sensor_baro.h
[299.114s] -- Installing: /home/stepan/ws_ros2/install/px4_msgs/include/px4_msgs/px4_msgs/msg/flight_phase_estimation.h
[299.114s] -- Installing: /home/stepan/ws_ros2/install/px4_msgs/include/px4_msgs/px4_msgs/msg/actuator_test.h
[299.114s] -- Installing: /home/stepan/ws_ros2/install/px4_msgs/include/px4_msgs/px4_msgs/msg/mag_worker_data.h
[299.114s] -- Installing: /home/stepan/ws_ros2/install/px4_msgs/include/px4_msgs/px4_msgs/msg/estimator_bias3d.h
[299.114s] -- Installing: /home/stepan/ws_ros2/install/px4_msgs/include/px4_msgs/px4_msgs/msg/logger_status.h
[299.114s] -- Installing: /home/stepan/ws_ros2/install/px4_msgs/include/px4_msgs/px4_msgs/msg/tiltrotor_extra_controls.h
[299.114s] -- Installing: /home/stepan/ws_ros2/install/px4_msgs/include/px4_msgs/px4_msgs/msg/rc_parameter_map.h
[299.115s] -- Installing: /home/stepan/ws_ros2/install/px4_msgs/include/px4_msgs/px4_msgs/msg/vehicle_constraints.h
[299.115s] -- Installing: /home/stepan/ws_ros2/install/px4_msgs/include/px4_msgs/px4_msgs/msg/sensor_gps.h
[299.115s] -- Installing: /home/stepan/ws_ros2/install/px4_msgs/include/px4_msgs/px4_msgs/msg/estimator_status_flags.h
[299.115s] -- Installing: /home/stepan/ws_ros2/install/px4_msgs/include/px4_msgs/px4_msgs/msg/airspeed_validated.h
[299.115s] -- Installing: /home/stepan/ws_ros2/install/px4_msgs/include/px4_msgs/px4_msgs/msg/pwm_input.h
[299.115s] -- Installing: /home/stepan/ws_ros2/install/px4_msgs/include/px4_msgs/px4_msgs/msg/wheel_encoders.h
[299.115s] -- Installing: /home/stepan/ws_ros2/install/px4_msgs/include/px4_msgs/px4_msgs/msg/position_setpoint_triplet.h
[299.115s] -- Installing: /home/stepan/ws_ros2/install/px4_msgs/include/px4_msgs/px4_msgs/msg/vehicle_global_position.h
[299.115s] -- Installing: /home/stepan/ws_ros2/install/px4_msgs/include/px4_msgs/px4_msgs/msg/internal_combustion_engine_control.h
[299.115s] -- Installing: /home/stepan/ws_ros2/install/px4_msgs/include/px4_msgs/px4_msgs/msg/sensor_mag.h
[299.115s] -- Installing: /home/stepan/ws_ros2/install/px4_msgs/include/px4_msgs/px4_msgs/msg/takeoff_status.h
[299.115s] -- Installing: /home/stepan/ws_ros2/install/px4_msgs/include/px4_msgs/px4_msgs/msg/radio_status.h
[299.116s] -- Installing: /home/stepan/ws_ros2/install/px4_msgs/include/px4_msgs/px4_msgs/msg/message_format_response.h
[299.116s] -- Installing: /home/stepan/ws_ros2/install/px4_msgs/include/px4_msgs/px4_msgs/msg/timesync_status.h
[299.116s] -- Installing: /home/stepan/ws_ros2/install/px4_msgs/include/px4_msgs/px4_msgs/msg/estimator_gps_status.h
[299.116s] -- Installing: /home/stepan/ws_ros2/install/px4_msgs/include/px4_msgs/px4_msgs/msg/gpio_out.h
[299.116s] -- Installing: /home/stepan/ws_ros2/install/px4_msgs/include/px4_msgs/px4_msgs/msg/open_drone_id_operator_id.h
[299.116s] -- Installing: /home/stepan/ws_ros2/install/px4_msgs/include/px4_msgs/px4_msgs/msg/debug_vect.h
[299.116s] -- Installing: /home/stepan/ws_ros2/install/px4_msgs/include/px4_msgs/px4_msgs/msg/vehicle_angular_velocity.h
[299.116s] -- Installing: /home/stepan/ws_ros2/install/px4_msgs/include/px4_msgs/px4_msgs/msg/vehicle_control_mode.h
[299.116s] -- Installing: /home/stepan/ws_ros2/install/px4_msgs/include/px4_msgs/px4_msgs/msg/open_drone_id_self_id.h
[299.116s] -- Installing: /home/stepan/ws_ros2/install/px4_msgs/include/px4_msgs/px4_msgs/msg/event.h
[299.116s] -- Installing: /home/stepan/ws_ros2/install/px4_msgs/include/px4_msgs/px4_msgs/msg/parameter_set_value_request.h
[299.116s] -- Installing: /home/stepan/ws_ros2/install/px4_msgs/include/px4_msgs/px4_msgs/msg/actuator_armed.h
[299.117s] -- Installing: /home/stepan/ws_ros2/install/px4_msgs/include/px4_msgs/px4_msgs/msg/landing_gear.h
[299.117s] -- Installing: /home/stepan/ws_ros2/install/px4_msgs/include/px4_msgs/px4_msgs/msg/gimbal_device_attitude_status.h
[299.117s] -- Installing: /home/stepan/ws_ros2/install/px4_msgs/include/px4_msgs/px4_msgs/msg/gps_dump.h
[299.117s] -- Installing: /home/stepan/ws_ros2/install/px4_msgs/include/px4_msgs/px4_msgs/msg/sensor_accel.h
[299.117s] -- Installing: /home/stepan/ws_ros2/install/px4_msgs/include/px4_msgs/px4_msgs/msg/goto_setpoint.h
[299.117s] -- Installing: /home/stepan/ws_ros2/install/px4_msgs/include/px4_msgs/px4_msgs/msg/gimbal_manager_information.h
[299.117s] -- Installing: /home/stepan/ws_ros2/install/px4_msgs/include/px4_msgs/px4_msgs/msg/yaw_estimator_status.h
[299.117s] -- Installing: /home/stepan/ws_ros2/install/px4_msgs/include/px4_msgs/px4_msgs/msg/trajectory_setpoint6dof.h
[299.117s] -- Installing: /home/stepan/ws_ros2/install/px4_msgs/include/px4_msgs/px4_msgs/msg/vehicle_local_position.h
[299.117s] -- Installing: /home/stepan/ws_ros2/install/px4_msgs/include/px4_msgs/px4_msgs/msg/sensor_gyro_fft.h
[299.117s] -- Installing: /home/stepan/ws_ros2/install/px4_msgs/include/px4_msgs/px4_msgs/msg/estimator_event_flags.h
[299.117s] -- Installing: /home/stepan/ws_ros2/install/px4_msgs/include/px4_msgs/px4_msgs/msg/ekf2_timestamps.h
[299.118s] -- Installing: /home/stepan/ws_ros2/install/px4_msgs/include/px4_msgs/px4_msgs/msg/cellular_status.h
[299.118s] -- Installing: /home/stepan/ws_ros2/install/px4_msgs/include/px4_msgs/px4_msgs/msg/fuel_tank_status.h
[299.118s] -- Installing: /home/stepan/ws_ros2/install/px4_msgs/include/px4_msgs/px4_msgs/msg/vehicle_command_ack.h
[299.118s] -- Installing: /home/stepan/ws_ros2/install/px4_msgs/include/px4_msgs/px4_msgs/msg/cpuload.h
[299.118s] -- Installing: /home/stepan/ws_ros2/install/px4_msgs/include/px4_msgs/px4_msgs/msg/tune_control.h
[299.118s] -- Installing: /home/stepan/ws_ros2/install/px4_msgs/include/px4_msgs/px4_msgs/msg/rtl_status.h
[299.118s] -- Installing: /home/stepan/ws_ros2/install/px4_msgs/include/px4_msgs/px4_msgs/msg/geofence_status.h
[299.118s] -- Installing: /home/stepan/ws_ros2/install/px4_msgs/include/px4_msgs/px4_msgs/msg/ping.h
[299.118s] -- Installing: /home/stepan/ws_ros2/install/px4_msgs/include/px4_msgs/px4_msgs/msg/offboard_control_mode.h
[299.118s] -- Installing: /home/stepan/ws_ros2/install/px4_msgs/include/px4_msgs/px4_msgs/msg/landing_target_pose.h
[299.118s] -- Installing: /home/stepan/ws_ros2/install/px4_msgs/include/px4_msgs/px4_msgs/msg/estimator_sensor_bias.h
[299.118s] -- Installing: /home/stepan/ws_ros2/install/px4_msgs/include/px4_msgs/px4_msgs/msg/arming_check_reply.h
[299.119s] -- Installing: /home/stepan/ws_ros2/install/px4_msgs/include/px4_msgs/px4_msgs/msg/button_event.h
[299.119s] -- Installing: /home/stepan/ws_ros2/install/px4_msgs/include/px4_msgs/px4_msgs/msg/vehicle_command.h
[299.119s] -- Installing: /home/stepan/ws_ros2/install/px4_msgs/include/px4_msgs/px4_msgs/msg/ulog_stream.h
[299.119s] -- Installing: /home/stepan/ws_ros2/install/px4_msgs/include/px4_msgs/px4_msgs/msg/orbit_status.h
[299.119s] -- Installing: /home/stepan/ws_ros2/install/px4_msgs/include/px4_msgs/px4_msgs/msg/gripper.h
[299.119s] -- Installing: /home/stepan/ws_ros2/install/px4_msgs/include/px4_msgs/px4_msgs/msg/gimbal_device_set_attitude.h
[299.119s] -- Installing: /home/stepan/ws_ros2/install/px4_msgs/include/px4_msgs/px4_msgs/msg/open_drone_id_system.h
[299.119s] -- Installing: /home/stepan/ws_ros2/install/px4_msgs/include/px4_msgs/px4_msgs/msg/debug_value.h
[299.119s] -- Installing: /home/stepan/ws_ros2/install/px4_msgs/include/px4_msgs/px4_msgs/msg/rover_attitude_status.h
[299.119s] -- Installing: /home/stepan/ws_ros2/install/px4_msgs/include/px4_msgs/px4_msgs/msg/health_report.h
[299.119s] -- Installing: /home/stepan/ws_ros2/install/px4_msgs/include/px4_msgs/px4_msgs/msg/mavlink_tunnel.h
[299.120s] -- Installing: /home/stepan/ws_ros2/install/px4_msgs/include/px4_msgs/px4_msgs/msg/vehicle_status.h
[299.120s] -- Installing: /home/stepan/ws_ros2/install/px4_msgs/include/px4_msgs/px4_msgs/msg/figure_eight_status.h
[299.120s] -- Installing: /home/stepan/ws_ros2/install/px4_msgs/include/px4_msgs/px4_msgs/msg/ulog_stream_ack.h
[299.120s] -- Installing: /home/stepan/ws_ros2/install/px4_msgs/include/px4_msgs/px4_msgs/msg/actuator_outputs.h
[299.120s] -- Installing: /home/stepan/ws_ros2/install/px4_msgs/include/px4_msgs/px4_msgs/msg/pure_pursuit_status.h
[299.120s] -- Installing: /home/stepan/ws_ros2/install/px4_msgs/include/px4_msgs/px4_msgs/msg/vehicle_optical_flow_vel.h
[299.120s] -- Installing: /home/stepan/ws_ros2/install/px4_msgs/include/px4_msgs/px4_msgs/msg/estimator_states.h
[299.120s] -- Installing: /home/stepan/ws_ros2/install/px4_msgs/include/px4_msgs/px4_msgs/srv
[299.120s] -- Installing: /home/stepan/ws_ros2/install/px4_msgs/include/px4_msgs/px4_msgs/srv/detail
[299.120s] -- Installing: /home/stepan/ws_ros2/install/px4_msgs/include/px4_msgs/px4_msgs/srv/detail/vehicle_command__type_support.h
[299.120s] -- Installing: /home/stepan/ws_ros2/install/px4_msgs/include/px4_msgs/px4_msgs/srv/detail/vehicle_command__functions.c
[299.120s] -- Installing: /home/stepan/ws_ros2/install/px4_msgs/include/px4_msgs/px4_msgs/srv/detail/vehicle_command__struct.h
[299.120s] -- Installing: /home/stepan/ws_ros2/install/px4_msgs/include/px4_msgs/px4_msgs/srv/detail/vehicle_command__functions.h
[299.121s] -- Installing: /home/stepan/ws_ros2/install/px4_msgs/include/px4_msgs/px4_msgs/srv/vehicle_command.h
[299.121s] -- Installing: /home/stepan/ws_ros2/install/px4_msgs/share/px4_msgs/environment/library_path.sh
[299.121s] -- Installing: /home/stepan/ws_ros2/install/px4_msgs/share/px4_msgs/environment/library_path.dsv
[299.121s] -- Installing: /home/stepan/ws_ros2/install/px4_msgs/lib/libpx4_msgs__rosidl_generator_c.so
[299.123s] -- Set runtime path of "/home/stepan/ws_ros2/install/px4_msgs/lib/libpx4_msgs__rosidl_generator_c.so" to ""
[299.123s] -- Up-to-date: /home/stepan/ws_ros2/install/px4_msgs/include/px4_msgs/px4_msgs
[299.123s] -- Up-to-date: /home/stepan/ws_ros2/install/px4_msgs/include/px4_msgs/px4_msgs/msg
[299.123s] -- Up-to-date: /home/stepan/ws_ros2/install/px4_msgs/include/px4_msgs/px4_msgs/msg/detail
[299.123s] -- Installing: /home/stepan/ws_ros2/install/px4_msgs/include/px4_msgs/px4_msgs/msg/detail/estimator_states__rosidl_typesupport_fastrtps_c.h
[299.123s] -- Installing: /home/stepan/ws_ros2/install/px4_msgs/include/px4_msgs/px4_msgs/msg/detail/gimbal_device_set_attitude__rosidl_typesupport_fastrtps_c.h
[299.123s] -- Installing: /home/stepan/ws_ros2/install/px4_msgs/include/px4_msgs/px4_msgs/msg/detail/landing_target_innovations__rosidl_typesupport_fastrtps_c.h
[299.123s] -- Installing: /home/stepan/ws_ros2/install/px4_msgs/include/px4_msgs/px4_msgs/msg/detail/uavcan_parameter_value__rosidl_typesupport_fastrtps_c.h
[299.123s] -- Installing: /home/stepan/ws_ros2/install/px4_msgs/include/px4_msgs/px4_msgs/msg/detail/vehicle_command__rosidl_typesupport_fastrtps_c.h
[299.123s] -- Installing: /home/stepan/ws_ros2/install/px4_msgs/include/px4_msgs/px4_msgs/msg/detail/vehicle_angular_acceleration_setpoint__rosidl_typesupport_fastrtps_c.h
[299.123s] -- Installing: /home/stepan/ws_ros2/install/px4_msgs/include/px4_msgs/px4_msgs/msg/detail/open_drone_id_self_id__rosidl_typesupport_fastrtps_c.h
[299.123s] -- Installing: /home/stepan/ws_ros2/install/px4_msgs/include/px4_msgs/px4_msgs/msg/detail/pure_pursuit_status__rosidl_typesupport_fastrtps_c.h
[299.124s] -- Installing: /home/stepan/ws_ros2/install/px4_msgs/include/px4_msgs/px4_msgs/msg/detail/ulog_stream_ack__rosidl_typesupport_fastrtps_c.h
[299.124s] -- Installing: /home/stepan/ws_ros2/install/px4_msgs/include/px4_msgs/px4_msgs/msg/detail/estimator_event_flags__rosidl_typesupport_fastrtps_c.h
[299.124s] -- Installing: /home/stepan/ws_ros2/install/px4_msgs/include/px4_msgs/px4_msgs/msg/detail/sensor_mag__rosidl_typesupport_fastrtps_c.h
[299.124s] -- Installing: /home/stepan/ws_ros2/install/px4_msgs/include/px4_msgs/px4_msgs/msg/detail/rpm__rosidl_typesupport_fastrtps_c.h
[299.124s] -- Installing: /home/stepan/ws_ros2/install/px4_msgs/include/px4_msgs/px4_msgs/msg/detail/esc_status__rosidl_typesupport_fastrtps_c.h
[299.124s] -- Installing: /home/stepan/ws_ros2/install/px4_msgs/include/px4_msgs/px4_msgs/msg/detail/sensor_gyro_fft__rosidl_typesupport_fastrtps_c.h
[299.124s] -- Installing: /home/stepan/ws_ros2/install/px4_msgs/include/px4_msgs/px4_msgs/msg/detail/estimator_status_flags__rosidl_typesupport_fastrtps_c.h
[299.124s] -- Installing: /home/stepan/ws_ros2/install/px4_msgs/include/px4_msgs/px4_msgs/msg/detail/sensor_baro__rosidl_typesupport_fastrtps_c.h
[299.124s] -- Installing: /home/stepan/ws_ros2/install/px4_msgs/include/px4_msgs/px4_msgs/msg/detail/airspeed__rosidl_typesupport_fastrtps_c.h
[299.124s] -- Installing: /home/stepan/ws_ros2/install/px4_msgs/include/px4_msgs/px4_msgs/msg/detail/vehicle_control_mode__rosidl_typesupport_fastrtps_c.h
[299.124s] -- Installing: /home/stepan/ws_ros2/install/px4_msgs/include/px4_msgs/px4_msgs/msg/detail/vtol_vehicle_status__rosidl_typesupport_fastrtps_c.h
[299.124s] -- Installing: /home/stepan/ws_ros2/install/px4_msgs/include/px4_msgs/px4_msgs/msg/detail/offboard_control_mode__rosidl_typesupport_fastrtps_c.h
[299.125s] -- Installing: /home/stepan/ws_ros2/install/px4_msgs/include/px4_msgs/px4_msgs/msg/detail/differential_pressure__rosidl_typesupport_fastrtps_c.h
[299.125s] -- Installing: /home/stepan/ws_ros2/install/px4_msgs/include/px4_msgs/px4_msgs/msg/detail/orb_test_large__rosidl_typesupport_fastrtps_c.h
[299.125s] -- Installing: /home/stepan/ws_ros2/install/px4_msgs/include/px4_msgs/px4_msgs/msg/detail/internal_combustion_engine_status__rosidl_typesupport_fastrtps_c.h
[299.125s] -- Installing: /home/stepan/ws_ros2/install/px4_msgs/include/px4_msgs/px4_msgs/msg/detail/vehicle_optical_flow__rosidl_typesupport_fastrtps_c.h
[299.125s] -- Installing: /home/stepan/ws_ros2/install/px4_msgs/include/px4_msgs/px4_msgs/msg/detail/estimator_selector_status__rosidl_typesupport_fastrtps_c.h
[299.125s] -- Installing: /home/stepan/ws_ros2/install/px4_msgs/include/px4_msgs/px4_msgs/msg/detail/power_monitor__rosidl_typesupport_fastrtps_c.h
[299.125s] -- Installing: /home/stepan/ws_ros2/install/px4_msgs/include/px4_msgs/px4_msgs/msg/detail/open_drone_id_arm_status__rosidl_typesupport_fastrtps_c.h
[299.125s] -- Installing: /home/stepan/ws_ros2/install/px4_msgs/include/px4_msgs/px4_msgs/msg/detail/debug_vect__rosidl_typesupport_fastrtps_c.h
[299.125s] -- Installing: /home/stepan/ws_ros2/install/px4_msgs/include/px4_msgs/px4_msgs/msg/detail/vehicle_imu__rosidl_typesupport_fastrtps_c.h
[299.125s] -- Installing: /home/stepan/ws_ros2/install/px4_msgs/include/px4_msgs/px4_msgs/msg/detail/adc_report__rosidl_typesupport_fastrtps_c.h
[299.125s] -- Installing: /home/stepan/ws_ros2/install/px4_msgs/include/px4_msgs/px4_msgs/msg/detail/dataman_response__rosidl_typesupport_fastrtps_c.h
[299.125s] -- Installing: /home/stepan/ws_ros2/install/px4_msgs/include/px4_msgs/px4_msgs/msg/detail/gimbal_manager_information__rosidl_typesupport_fastrtps_c.h
[299.126s] -- Installing: /home/stepan/ws_ros2/install/px4_msgs/include/px4_msgs/px4_msgs/msg/detail/vehicle_air_data__rosidl_typesupport_fastrtps_c.h
[299.126s] -- Installing: /home/stepan/ws_ros2/install/px4_msgs/include/px4_msgs/px4_msgs/msg/detail/parameter_set_value_request__rosidl_typesupport_fastrtps_c.h
[299.126s] -- Installing: /home/stepan/ws_ros2/install/px4_msgs/include/px4_msgs/px4_msgs/msg/detail/config_overrides__rosidl_typesupport_fastrtps_c.h
[299.126s] -- Installing: /home/stepan/ws_ros2/install/px4_msgs/include/px4_msgs/px4_msgs/msg/detail/navigator_mission_item__rosidl_typesupport_fastrtps_c.h
[299.126s] -- Installing: /home/stepan/ws_ros2/install/px4_msgs/include/px4_msgs/px4_msgs/msg/detail/debug_key_value__rosidl_typesupport_fastrtps_c.h
[299.126s] -- Installing: /home/stepan/ws_ros2/install/px4_msgs/include/px4_msgs/px4_msgs/msg/detail/arming_check_reply__rosidl_typesupport_fastrtps_c.h
[299.126s] -- Installing: /home/stepan/ws_ros2/install/px4_msgs/include/px4_msgs/px4_msgs/msg/detail/camera_capture__rosidl_typesupport_fastrtps_c.h
[299.126s] -- Installing: /home/stepan/ws_ros2/install/px4_msgs/include/px4_msgs/px4_msgs/msg/detail/cellular_status__rosidl_typesupport_fastrtps_c.h
[299.126s] -- Installing: /home/stepan/ws_ros2/install/px4_msgs/include/px4_msgs/px4_msgs/msg/detail/sensor_correction__rosidl_typesupport_fastrtps_c.h
[299.126s] -- Installing: /home/stepan/ws_ros2/install/px4_msgs/include/px4_msgs/px4_msgs/msg/detail/camera_status__rosidl_typesupport_fastrtps_c.h
[299.126s] -- Installing: /home/stepan/ws_ros2/install/px4_msgs/include/px4_msgs/px4_msgs/msg/detail/landing_gear__rosidl_typesupport_fastrtps_c.h
[299.126s] -- Installing: /home/stepan/ws_ros2/install/px4_msgs/include/px4_msgs/px4_msgs/msg/detail/onboard_computer_status__rosidl_typesupport_fastrtps_c.h
[299.127s] -- Installing: /home/stepan/ws_ros2/install/px4_msgs/include/px4_msgs/px4_msgs/msg/detail/failure_detector_status__rosidl_typesupport_fastrtps_c.h
[299.127s] -- Installing: /home/stepan/ws_ros2/install/px4_msgs/include/px4_msgs/px4_msgs/msg/detail/rate_ctrl_status__rosidl_typesupport_fastrtps_c.h
[299.127s] -- Installing: /home/stepan/ws_ros2/install/px4_msgs/include/px4_msgs/px4_msgs/msg/detail/sensor_gyro_fifo__rosidl_typesupport_fastrtps_c.h
[299.127s] -- Installing: /home/stepan/ws_ros2/install/px4_msgs/include/px4_msgs/px4_msgs/msg/detail/sensor_gnss_relative__rosidl_typesupport_fastrtps_c.h
[299.127s] -- Installing: /home/stepan/ws_ros2/install/px4_msgs/include/px4_msgs/px4_msgs/msg/detail/rtl_time_estimate__rosidl_typesupport_fastrtps_c.h
[299.127s] -- Installing: /home/stepan/ws_ros2/install/px4_msgs/include/px4_msgs/px4_msgs/msg/detail/follow_target_estimator__rosidl_typesupport_fastrtps_c.h
[299.127s] -- Installing: /home/stepan/ws_ros2/install/px4_msgs/include/px4_msgs/px4_msgs/msg/detail/landing_gear_wheel__rosidl_typesupport_fastrtps_c.h
[299.127s] -- Installing: /home/stepan/ws_ros2/install/px4_msgs/include/px4_msgs/px4_msgs/msg/detail/cpuload__rosidl_typesupport_fastrtps_c.h
[299.127s] -- Installing: /home/stepan/ws_ros2/install/px4_msgs/include/px4_msgs/px4_msgs/msg/detail/geofence_result__rosidl_typesupport_fastrtps_c.h
[299.127s] -- Installing: /home/stepan/ws_ros2/install/px4_msgs/include/px4_msgs/px4_msgs/msg/detail/gps_inject_data__rosidl_typesupport_fastrtps_c.h
[299.127s] -- Installing: /home/stepan/ws_ros2/install/px4_msgs/include/px4_msgs/px4_msgs/msg/detail/follow_target__rosidl_typesupport_fastrtps_c.h
[299.127s] -- Installing: /home/stepan/ws_ros2/install/px4_msgs/include/px4_msgs/px4_msgs/msg/detail/mission_result__rosidl_typesupport_fastrtps_c.h
[299.127s] -- Installing: /home/stepan/ws_ros2/install/px4_msgs/include/px4_msgs/px4_msgs/msg/detail/irlock_report__rosidl_typesupport_fastrtps_c.h
[299.128s] -- Installing: /home/stepan/ws_ros2/install/px4_msgs/include/px4_msgs/px4_msgs/msg/detail/heater_status__rosidl_typesupport_fastrtps_c.h
[299.128s] -- Installing: /home/stepan/ws_ros2/install/px4_msgs/include/px4_msgs/px4_msgs/msg/detail/camera_trigger__rosidl_typesupport_fastrtps_c.h
[299.128s] -- Installing: /home/stepan/ws_ros2/install/px4_msgs/include/px4_msgs/px4_msgs/msg/detail/vehicle_magnetometer__rosidl_typesupport_fastrtps_c.h
[299.128s] -- Installing: /home/stepan/ws_ros2/install/px4_msgs/include/px4_msgs/px4_msgs/msg/detail/event__rosidl_typesupport_fastrtps_c.h
[299.128s] -- Installing: /home/stepan/ws_ros2/install/px4_msgs/include/px4_msgs/px4_msgs/msg/detail/sensor_accel_fifo__rosidl_typesupport_fastrtps_c.h
[299.128s] -- Installing: /home/stepan/ws_ros2/install/px4_msgs/include/px4_msgs/px4_msgs/msg/detail/gimbal_device_information__rosidl_typesupport_fastrtps_c.h
[299.128s] -- Installing: /home/stepan/ws_ros2/install/px4_msgs/include/px4_msgs/px4_msgs/msg/detail/sensor_gps__rosidl_typesupport_fastrtps_c.h
[299.128s] -- Installing: /home/stepan/ws_ros2/install/px4_msgs/include/px4_msgs/px4_msgs/msg/detail/register_ext_component_reply__rosidl_typesupport_fastrtps_c.h
[299.128s] -- Installing: /home/stepan/ws_ros2/install/px4_msgs/include/px4_msgs/px4_msgs/msg/detail/sensor_uwb__rosidl_typesupport_fastrtps_c.h
[299.128s] -- Installing: /home/stepan/ws_ros2/install/px4_msgs/include/px4_msgs/px4_msgs/msg/detail/orb_test__rosidl_typesupport_fastrtps_c.h
[299.128s] -- Installing: /home/stepan/ws_ros2/install/px4_msgs/include/px4_msgs/px4_msgs/msg/detail/unregister_ext_component__rosidl_typesupport_fastrtps_c.h
[299.128s] -- Installing: /home/stepan/ws_ros2/install/px4_msgs/include/px4_msgs/px4_msgs/msg/detail/sensor_airflow__rosidl_typesupport_fastrtps_c.h
[299.128s] -- Installing: /home/stepan/ws_ros2/install/px4_msgs/include/px4_msgs/px4_msgs/msg/detail/vehicle_roi__rosidl_typesupport_fastrtps_c.h
[299.129s] -- Installing: /home/stepan/ws_ros2/install/px4_msgs/include/px4_msgs/px4_msgs/msg/detail/uavcan_parameter_request__rosidl_typesupport_fastrtps_c.h
[299.129s] -- Installing: /home/stepan/ws_ros2/install/px4_msgs/include/px4_msgs/px4_msgs/msg/detail/dataman_request__rosidl_typesupport_fastrtps_c.h
[299.129s] -- Installing: /home/stepan/ws_ros2/install/px4_msgs/include/px4_msgs/px4_msgs/msg/detail/estimator_gps_status__rosidl_typesupport_fastrtps_c.h
[299.129s] -- Installing: /home/stepan/ws_ros2/install/px4_msgs/include/px4_msgs/px4_msgs/msg/detail/position_setpoint_triplet__rosidl_typesupport_fastrtps_c.h
[299.129s] -- Installing: /home/stepan/ws_ros2/install/px4_msgs/include/px4_msgs/px4_msgs/msg/detail/launch_detection_status__rosidl_typesupport_fastrtps_c.h
[299.129s] -- Installing: /home/stepan/ws_ros2/install/px4_msgs/include/px4_msgs/px4_msgs/msg/detail/autotune_attitude_control_status__rosidl_typesupport_fastrtps_c.h
[299.129s] -- Installing: /home/stepan/ws_ros2/install/px4_msgs/include/px4_msgs/px4_msgs/msg/detail/orbit_status__rosidl_typesupport_fastrtps_c.h
[299.129s] -- Installing: /home/stepan/ws_ros2/install/px4_msgs/include/px4_msgs/px4_msgs/msg/detail/pwm_input__rosidl_typesupport_fastrtps_c.h
[299.129s] -- Installing: /home/stepan/ws_ros2/install/px4_msgs/include/px4_msgs/px4_msgs/msg/detail/pps_capture__rosidl_typesupport_fastrtps_c.h
[299.129s] -- Installing: /home/stepan/ws_ros2/install/px4_msgs/include/px4_msgs/px4_msgs/msg/detail/failsafe_flags__rosidl_typesupport_fastrtps_c.h
[299.129s] -- Installing: /home/stepan/ws_ros2/install/px4_msgs/include/px4_msgs/px4_msgs/msg/detail/wheel_encoders__rosidl_typesupport_fastrtps_c.h
[299.129s] -- Installing: /home/stepan/ws_ros2/install/px4_msgs/include/px4_msgs/px4_msgs/msg/detail/navigator_status__rosidl_typesupport_fastrtps_c.h
[299.130s] -- Installing: /home/stepan/ws_ros2/install/px4_msgs/include/px4_msgs/px4_msgs/msg/detail/airspeed_wind__rosidl_typesupport_fastrtps_c.h
[299.130s] -- Installing: /home/stepan/ws_ros2/install/px4_msgs/include/px4_msgs/px4_msgs/msg/detail/gimbal_controls__rosidl_typesupport_fastrtps_c.h
[299.130s] -- Installing: /home/stepan/ws_ros2/install/px4_msgs/include/px4_msgs/px4_msgs/msg/detail/debug_array__rosidl_typesupport_fastrtps_c.h
[299.130s] -- Installing: /home/stepan/ws_ros2/install/px4_msgs/include/px4_msgs/px4_msgs/msg/detail/gimbal_manager_status__rosidl_typesupport_fastrtps_c.h
[299.130s] -- Installing: /home/stepan/ws_ros2/install/px4_msgs/include/px4_msgs/px4_msgs/msg/detail/goto_setpoint__rosidl_typesupport_fastrtps_c.h
[299.130s] -- Installing: /home/stepan/ws_ros2/install/px4_msgs/include/px4_msgs/px4_msgs/msg/detail/radio_status__rosidl_typesupport_fastrtps_c.h
[299.130s] -- Installing: /home/stepan/ws_ros2/install/px4_msgs/include/px4_msgs/px4_msgs/msg/detail/qshell_req__rosidl_typesupport_fastrtps_c.h
[299.130s] -- Installing: /home/stepan/ws_ros2/install/px4_msgs/include/px4_msgs/px4_msgs/msg/detail/vehicle_global_position__rosidl_typesupport_fastrtps_c.h
[299.130s] -- Installing: /home/stepan/ws_ros2/install/px4_msgs/include/px4_msgs/px4_msgs/msg/detail/generator_status__rosidl_typesupport_fastrtps_c.h
[299.130s] -- Installing: /home/stepan/ws_ros2/install/px4_msgs/include/px4_msgs/px4_msgs/msg/detail/hover_thrust_estimate__rosidl_typesupport_fastrtps_c.h
[299.130s] -- Installing: /home/stepan/ws_ros2/install/px4_msgs/include/px4_msgs/px4_msgs/msg/detail/tecs_status__rosidl_typesupport_fastrtps_c.h
[299.130s] -- Installing: /home/stepan/ws_ros2/install/px4_msgs/include/px4_msgs/px4_msgs/msg/detail/telemetry_status__rosidl_typesupport_fastrtps_c.h
[299.131s] -- Installing: /home/stepan/ws_ros2/install/px4_msgs/include/px4_msgs/px4_msgs/msg/detail/ulog_stream__rosidl_typesupport_fastrtps_c.h
[299.131s] -- Installing: /home/stepan/ws_ros2/install/px4_msgs/include/px4_msgs/px4_msgs/msg/detail/sensor_hygrometer__rosidl_typesupport_fastrtps_c.h
[299.131s] -- Installing: /home/stepan/ws_ros2/install/px4_msgs/include/px4_msgs/px4_msgs/msg/detail/gripper__rosidl_typesupport_fastrtps_c.h
[299.131s] -- Installing: /home/stepan/ws_ros2/install/px4_msgs/include/px4_msgs/px4_msgs/msg/detail/manual_control_switches__rosidl_typesupport_fastrtps_c.h
[299.131s] -- Installing: /home/stepan/ws_ros2/install/px4_msgs/include/px4_msgs/px4_msgs/msg/detail/estimator_sensor_bias__rosidl_typesupport_fastrtps_c.h
[299.131s] -- Installing: /home/stepan/ws_ros2/install/px4_msgs/include/px4_msgs/px4_msgs/msg/detail/mount_orientation__rosidl_typesupport_fastrtps_c.h
[299.131s] -- Installing: /home/stepan/ws_ros2/install/px4_msgs/include/px4_msgs/px4_msgs/msg/detail/parameter_reset_request__rosidl_typesupport_fastrtps_c.h
[299.131s] -- Installing: /home/stepan/ws_ros2/install/px4_msgs/include/px4_msgs/px4_msgs/msg/detail/gimbal_manager_set_manual_control__rosidl_typesupport_fastrtps_c.h
[299.131s] -- Installing: /home/stepan/ws_ros2/install/px4_msgs/include/px4_msgs/px4_msgs/msg/detail/estimator_bias__rosidl_typesupport_fastrtps_c.h
[299.131s] -- Installing: /home/stepan/ws_ros2/install/px4_msgs/include/px4_msgs/px4_msgs/msg/detail/system_power__rosidl_typesupport_fastrtps_c.h
[299.131s] -- Installing: /home/stepan/ws_ros2/install/px4_msgs/include/px4_msgs/px4_msgs/msg/detail/mission__rosidl_typesupport_fastrtps_c.h
[299.131s] -- Installing: /home/stepan/ws_ros2/install/px4_msgs/include/px4_msgs/px4_msgs/msg/detail/mavlink_tunnel__rosidl_typesupport_fastrtps_c.h
[299.131s] -- Installing: /home/stepan/ws_ros2/install/px4_msgs/include/px4_msgs/px4_msgs/msg/detail/vehicle_status__rosidl_typesupport_fastrtps_c.h
[299.132s] -- Installing: /home/stepan/ws_ros2/install/px4_msgs/include/px4_msgs/px4_msgs/msg/detail/position_controller_status__rosidl_typesupport_fastrtps_c.h
[299.132s] -- Installing: /home/stepan/ws_ros2/install/px4_msgs/include/px4_msgs/px4_msgs/msg/detail/trajectory_setpoint__rosidl_typesupport_fastrtps_c.h
[299.132s] -- Installing: /home/stepan/ws_ros2/install/px4_msgs/include/px4_msgs/px4_msgs/msg/detail/satellite_info__rosidl_typesupport_fastrtps_c.h
[299.132s] -- Installing: /home/stepan/ws_ros2/install/px4_msgs/include/px4_msgs/px4_msgs/msg/detail/transponder_report__rosidl_typesupport_fastrtps_c.h
[299.132s] -- Installing: /home/stepan/ws_ros2/install/px4_msgs/include/px4_msgs/px4_msgs/msg/detail/sensor_preflight_mag__rosidl_typesupport_fastrtps_c.h
[299.132s] -- Installing: /home/stepan/ws_ros2/install/px4_msgs/include/px4_msgs/px4_msgs/msg/detail/actuator_test__rosidl_typesupport_fastrtps_c.h
[299.132s] -- Installing: /home/stepan/ws_ros2/install/px4_msgs/include/px4_msgs/px4_msgs/msg/detail/position_setpoint__rosidl_typesupport_fastrtps_c.h
[299.132s] -- Installing: /home/stepan/ws_ros2/install/px4_msgs/include/px4_msgs/px4_msgs/msg/detail/home_position__rosidl_typesupport_fastrtps_c.h
[299.132s] -- Installing: /home/stepan/ws_ros2/install/px4_msgs/include/px4_msgs/px4_msgs/msg/detail/register_ext_component_request__rosidl_typesupport_fastrtps_c.h
[299.132s] -- Installing: /home/stepan/ws_ros2/install/px4_msgs/include/px4_msgs/px4_msgs/msg/detail/timesync_status__rosidl_typesupport_fastrtps_c.h
[299.132s] -- Installing: /home/stepan/ws_ros2/install/px4_msgs/include/px4_msgs/px4_msgs/msg/detail/mavlink_log__rosidl_typesupport_fastrtps_c.h
[299.132s] -- Installing: /home/stepan/ws_ros2/install/px4_msgs/include/px4_msgs/px4_msgs/msg/detail/iridiumsbd_status__rosidl_typesupport_fastrtps_c.h
[299.133s] -- Installing: /home/stepan/ws_ros2/install/px4_msgs/include/px4_msgs/px4_msgs/msg/detail/estimator_aid_source3d__rosidl_typesupport_fastrtps_c.h
[299.133s] -- Installing: /home/stepan/ws_ros2/install/px4_msgs/include/px4_msgs/px4_msgs/msg/detail/tiltrotor_extra_controls__rosidl_typesupport_fastrtps_c.h
[299.133s] -- Installing: /home/stepan/ws_ros2/install/px4_msgs/include/px4_msgs/px4_msgs/msg/detail/yaw_estimator_status__rosidl_typesupport_fastrtps_c.h
[299.133s] -- Installing: /home/stepan/ws_ros2/install/px4_msgs/include/px4_msgs/px4_msgs/msg/detail/internal_combustion_engine_control__rosidl_typesupport_fastrtps_c.h
[299.133s] -- Installing: /home/stepan/ws_ros2/install/px4_msgs/include/px4_msgs/px4_msgs/msg/detail/vehicle_constraints__rosidl_typesupport_fastrtps_c.h
[299.133s] -- Installing: /home/stepan/ws_ros2/install/px4_msgs/include/px4_msgs/px4_msgs/msg/detail/vehicle_attitude__rosidl_typesupport_fastrtps_c.h
[299.133s] -- Installing: /home/stepan/ws_ros2/install/px4_msgs/include/px4_msgs/px4_msgs/msg/detail/vehicle_thrust_setpoint__rosidl_typesupport_fastrtps_c.h
[299.133s] -- Installing: /home/stepan/ws_ros2/install/px4_msgs/include/px4_msgs/px4_msgs/msg/detail/magnetometer_bias_estimate__rosidl_typesupport_fastrtps_c.h
[299.133s] -- Installing: /home/stepan/ws_ros2/install/px4_msgs/include/px4_msgs/px4_msgs/msg/detail/geofence_status__rosidl_typesupport_fastrtps_c.h
[299.133s] -- Installing: /home/stepan/ws_ros2/install/px4_msgs/include/px4_msgs/px4_msgs/msg/detail/flight_phase_estimation__rosidl_typesupport_fastrtps_c.h
[299.133s] -- Installing: /home/stepan/ws_ros2/install/px4_msgs/include/px4_msgs/px4_msgs/msg/detail/px4io_status__rosidl_typesupport_fastrtps_c.h
[299.133s] -- Installing: /home/stepan/ws_ros2/install/px4_msgs/include/px4_msgs/px4_msgs/msg/detail/control_allocator_status__rosidl_typesupport_fastrtps_c.h
[299.133s] -- Installing: /home/stepan/ws_ros2/install/px4_msgs/include/px4_msgs/px4_msgs/msg/detail/sensor_optical_flow__rosidl_typesupport_fastrtps_c.h
[299.134s] -- Installing: /home/stepan/ws_ros2/install/px4_msgs/include/px4_msgs/px4_msgs/msg/detail/actuator_servos_trim__rosidl_typesupport_fastrtps_c.h
[299.134s] -- Installing: /home/stepan/ws_ros2/install/px4_msgs/include/px4_msgs/px4_msgs/msg/detail/log_message__rosidl_typesupport_fastrtps_c.h
[299.134s] -- Installing: /home/stepan/ws_ros2/install/px4_msgs/include/px4_msgs/px4_msgs/msg/detail/estimator_bias3d__rosidl_typesupport_fastrtps_c.h
[299.134s] -- Installing: /home/stepan/ws_ros2/install/px4_msgs/include/px4_msgs/px4_msgs/msg/detail/estimator_innovations__rosidl_typesupport_fastrtps_c.h
[299.134s] -- Installing: /home/stepan/ws_ros2/install/px4_msgs/include/px4_msgs/px4_msgs/msg/detail/led_control__rosidl_typesupport_fastrtps_c.h
[299.134s] -- Installing: /home/stepan/ws_ros2/install/px4_msgs/include/px4_msgs/px4_msgs/msg/detail/manual_control_setpoint__rosidl_typesupport_fastrtps_c.h
[299.134s] -- Installing: /home/stepan/ws_ros2/install/px4_msgs/include/px4_msgs/px4_msgs/msg/detail/estimator_aid_source2d__rosidl_typesupport_fastrtps_c.h
[299.134s] -- Installing: /home/stepan/ws_ros2/install/px4_msgs/include/px4_msgs/px4_msgs/msg/detail/gimbal_manager_set_attitude__rosidl_typesupport_fastrtps_c.h
[299.134s] -- Installing: /home/stepan/ws_ros2/install/px4_msgs/include/px4_msgs/px4_msgs/msg/detail/gpio_out__rosidl_typesupport_fastrtps_c.h
[299.134s] -- Installing: /home/stepan/ws_ros2/install/px4_msgs/include/px4_msgs/px4_msgs/msg/detail/sensor_accel__rosidl_typesupport_fastrtps_c.h
[299.134s] -- Installing: /home/stepan/ws_ros2/install/px4_msgs/include/px4_msgs/px4_msgs/msg/detail/fuel_tank_status__rosidl_typesupport_fastrtps_c.h
[299.134s] -- Installing: /home/stepan/ws_ros2/install/px4_msgs/include/px4_msgs/px4_msgs/msg/detail/vehicle_optical_flow_vel__rosidl_typesupport_fastrtps_c.h
[299.135s] -- Installing: /home/stepan/ws_ros2/install/px4_msgs/include/px4_msgs/px4_msgs/msg/detail/parameter_update__rosidl_typesupport_fastrtps_c.h
[299.135s] -- Installing: /home/stepan/ws_ros2/install/px4_msgs/include/px4_msgs/px4_msgs/msg/detail/logger_status__rosidl_typesupport_fastrtps_c.h
[299.135s] -- Installing: /home/stepan/ws_ros2/install/px4_msgs/include/px4_msgs/px4_msgs/msg/detail/battery_status__rosidl_typesupport_fastrtps_c.h
[299.135s] -- Installing: /home/stepan/ws_ros2/install/px4_msgs/include/px4_msgs/px4_msgs/msg/detail/ackermann_velocity_setpoint__rosidl_typesupport_fastrtps_c.h
[299.135s] -- Installing: /home/stepan/ws_ros2/install/px4_msgs/include/px4_msgs/px4_msgs/msg/detail/parameter_set_value_response__rosidl_typesupport_fastrtps_c.h
[299.135s] -- Installing: /home/stepan/ws_ros2/install/px4_msgs/include/px4_msgs/px4_msgs/msg/detail/gpio_request__rosidl_typesupport_fastrtps_c.h
[299.135s] -- Installing: /home/stepan/ws_ros2/install/px4_msgs/include/px4_msgs/px4_msgs/msg/detail/figure_eight_status__rosidl_typesupport_fastrtps_c.h
[299.135s] -- Installing: /home/stepan/ws_ros2/install/px4_msgs/include/px4_msgs/px4_msgs/msg/detail/position_controller_landing_status__rosidl_typesupport_fastrtps_c.h
[299.135s] -- Installing: /home/stepan/ws_ros2/install/px4_msgs/include/px4_msgs/px4_msgs/msg/detail/actuator_controls_status__rosidl_typesupport_fastrtps_c.h
[299.135s] -- Installing: /home/stepan/ws_ros2/install/px4_msgs/include/px4_msgs/px4_msgs/msg/detail/vehicle_angular_velocity__rosidl_typesupport_fastrtps_c.h
[299.135s] -- Installing: /home/stepan/ws_ros2/install/px4_msgs/include/px4_msgs/px4_msgs/msg/detail/debug_value__rosidl_typesupport_fastrtps_c.h
[299.135s] -- Installing: /home/stepan/ws_ros2/install/px4_msgs/include/px4_msgs/px4_msgs/msg/detail/takeoff_status__rosidl_typesupport_fastrtps_c.h
[299.136s] -- Installing: /home/stepan/ws_ros2/install/px4_msgs/include/px4_msgs/px4_msgs/msg/detail/gps_dump__rosidl_typesupport_fastrtps_c.h
[299.136s] -- Installing: /home/stepan/ws_ros2/install/px4_msgs/include/px4_msgs/px4_msgs/msg/detail/ping__rosidl_typesupport_fastrtps_c.h
[299.136s] -- Installing: /home/stepan/ws_ros2/install/px4_msgs/include/px4_msgs/px4_msgs/msg/detail/vehicle_acceleration__rosidl_typesupport_fastrtps_c.h
[299.136s] -- Installing: /home/stepan/ws_ros2/install/px4_msgs/include/px4_msgs/px4_msgs/msg/detail/rover_position_setpoint__rosidl_typesupport_fastrtps_c.h
[299.136s] -- Installing: /home/stepan/ws_ros2/install/px4_msgs/include/px4_msgs/px4_msgs/msg/detail/gimbal_device_attitude_status__rosidl_typesupport_fastrtps_c.h
[299.136s] -- Installing: /home/stepan/ws_ros2/install/px4_msgs/include/px4_msgs/px4_msgs/msg/detail/vehicle_odometry__rosidl_typesupport_fastrtps_c.h
[299.136s] -- Installing: /home/stepan/ws_ros2/install/px4_msgs/include/px4_msgs/px4_msgs/msg/detail/parameter_set_used_request__rosidl_typesupport_fastrtps_c.h
[299.136s] -- Installing: /home/stepan/ws_ros2/install/px4_msgs/include/px4_msgs/px4_msgs/msg/detail/rover_rate_setpoint__rosidl_typesupport_fastrtps_c.h
[299.136s] -- Installing: /home/stepan/ws_ros2/install/px4_msgs/include/px4_msgs/px4_msgs/msg/detail/actuator_armed__rosidl_typesupport_fastrtps_c.h
[299.136s] -- Installing: /home/stepan/ws_ros2/install/px4_msgs/include/px4_msgs/px4_msgs/msg/detail/vehicle_local_position__rosidl_typesupport_fastrtps_c.h
[299.136s] -- Installing: /home/stepan/ws_ros2/install/px4_msgs/include/px4_msgs/px4_msgs/msg/detail/rc_parameter_map__rosidl_typesupport_fastrtps_c.h
[299.136s] -- Installing: /home/stepan/ws_ros2/install/px4_msgs/include/px4_msgs/px4_msgs/msg/detail/tune_control__rosidl_typesupport_fastrtps_c.h
[299.136s] -- Installing: /home/stepan/ws_ros2/install/px4_msgs/include/px4_msgs/px4_msgs/msg/detail/airspeed_validated__rosidl_typesupport_fastrtps_c.h
[299.137s] -- Installing: /home/stepan/ws_ros2/install/px4_msgs/include/px4_msgs/px4_msgs/msg/detail/rc_channels__rosidl_typesupport_fastrtps_c.h
[299.137s] -- Installing: /home/stepan/ws_ros2/install/px4_msgs/include/px4_msgs/px4_msgs/msg/detail/vehicle_rates_setpoint__rosidl_typesupport_fastrtps_c.h
[299.137s] -- Installing: /home/stepan/ws_ros2/install/px4_msgs/include/px4_msgs/px4_msgs/msg/detail/distance_sensor__rosidl_typesupport_fastrtps_c.h
[299.137s] -- Installing: /home/stepan/ws_ros2/install/px4_msgs/include/px4_msgs/px4_msgs/msg/detail/estimator_status__rosidl_typesupport_fastrtps_c.h
[299.137s] -- Installing: /home/stepan/ws_ros2/install/px4_msgs/include/px4_msgs/px4_msgs/msg/detail/input_rc__rosidl_typesupport_fastrtps_c.h
[299.137s] -- Installing: /home/stepan/ws_ros2/install/px4_msgs/include/px4_msgs/px4_msgs/msg/detail/sensor_selection__rosidl_typesupport_fastrtps_c.h
[299.137s] -- Installing: /home/stepan/ws_ros2/install/px4_msgs/include/px4_msgs/px4_msgs/msg/detail/ekf2_timestamps__rosidl_typesupport_fastrtps_c.h
[299.137s] -- Installing: /home/stepan/ws_ros2/install/px4_msgs/include/px4_msgs/px4_msgs/msg/detail/sensors_status__rosidl_typesupport_fastrtps_c.h
[299.137s] -- Installing: /home/stepan/ws_ros2/install/px4_msgs/include/px4_msgs/px4_msgs/msg/detail/vehicle_imu_status__rosidl_typesupport_fastrtps_c.h
[299.137s] -- Installing: /home/stepan/ws_ros2/install/px4_msgs/include/px4_msgs/px4_msgs/msg/detail/qshell_retval__rosidl_typesupport_fastrtps_c.h
[299.137s] -- Installing: /home/stepan/ws_ros2/install/px4_msgs/include/px4_msgs/px4_msgs/msg/detail/vehicle_command_ack__rosidl_typesupport_fastrtps_c.h
[299.137s] -- Installing: /home/stepan/ws_ros2/install/px4_msgs/include/px4_msgs/px4_msgs/msg/detail/arming_check_request__rosidl_typesupport_fastrtps_c.h
[299.138s] -- Installing: /home/stepan/ws_ros2/install/px4_msgs/include/px4_msgs/px4_msgs/msg/detail/rover_throttle_setpoint__rosidl_typesupport_fastrtps_c.h
[299.138s] -- Installing: /home/stepan/ws_ros2/install/px4_msgs/include/px4_msgs/px4_msgs/msg/detail/button_event__rosidl_typesupport_fastrtps_c.h
[299.138s] -- Installing: /home/stepan/ws_ros2/install/px4_msgs/include/px4_msgs/px4_msgs/msg/detail/rover_velocity_status__rosidl_typesupport_fastrtps_c.h
[299.138s] -- Installing: /home/stepan/ws_ros2/install/px4_msgs/include/px4_msgs/px4_msgs/msg/detail/rover_attitude_setpoint__rosidl_typesupport_fastrtps_c.h
[299.138s] -- Installing: /home/stepan/ws_ros2/install/px4_msgs/include/px4_msgs/px4_msgs/msg/detail/vehicle_torque_setpoint__rosidl_typesupport_fastrtps_c.h
[299.138s] -- Installing: /home/stepan/ws_ros2/install/px4_msgs/include/px4_msgs/px4_msgs/msg/detail/actuator_servos__rosidl_typesupport_fastrtps_c.h
[299.138s] -- Installing: /home/stepan/ws_ros2/install/px4_msgs/include/px4_msgs/px4_msgs/msg/detail/mag_worker_data__rosidl_typesupport_fastrtps_c.h
[299.138s] -- Installing: /home/stepan/ws_ros2/install/px4_msgs/include/px4_msgs/px4_msgs/msg/detail/esc_report__rosidl_typesupport_fastrtps_c.h
[299.138s] -- Installing: /home/stepan/ws_ros2/install/px4_msgs/include/px4_msgs/px4_msgs/msg/detail/obstacle_distance__rosidl_typesupport_fastrtps_c.h
[299.138s] -- Installing: /home/stepan/ws_ros2/install/px4_msgs/include/px4_msgs/px4_msgs/msg/detail/follow_target_status__rosidl_typesupport_fastrtps_c.h
[299.138s] -- Installing: /home/stepan/ws_ros2/install/px4_msgs/include/px4_msgs/px4_msgs/msg/detail/actuator_motors__rosidl_typesupport_fastrtps_c.h
[299.138s] -- Installing: /home/stepan/ws_ros2/install/px4_msgs/include/px4_msgs/px4_msgs/msg/detail/distance_sensor_mode_change_request__rosidl_typesupport_fastrtps_c.h
[299.138s] -- Installing: /home/stepan/ws_ros2/install/px4_msgs/include/px4_msgs/px4_msgs/msg/detail/vehicle_local_position_setpoint__rosidl_typesupport_fastrtps_c.h
[299.139s] -- Installing: /home/stepan/ws_ros2/install/px4_msgs/include/px4_msgs/px4_msgs/msg/detail/open_drone_id_operator_id__rosidl_typesupport_fastrtps_c.h
[299.139s] -- Installing: /home/stepan/ws_ros2/install/px4_msgs/include/px4_msgs/px4_msgs/msg/detail/orb_test_medium__rosidl_typesupport_fastrtps_c.h
[299.139s] -- Installing: /home/stepan/ws_ros2/install/px4_msgs/include/px4_msgs/px4_msgs/msg/detail/actuator_outputs__rosidl_typesupport_fastrtps_c.h
[299.139s] -- Installing: /home/stepan/ws_ros2/install/px4_msgs/include/px4_msgs/px4_msgs/msg/detail/mode_completed__rosidl_typesupport_fastrtps_c.h
[299.139s] -- Installing: /home/stepan/ws_ros2/install/px4_msgs/include/px4_msgs/px4_msgs/msg/detail/rover_rate_status__rosidl_typesupport_fastrtps_c.h
[299.139s] -- Installing: /home/stepan/ws_ros2/install/px4_msgs/include/px4_msgs/px4_msgs/msg/detail/normalized_unsigned_setpoint__rosidl_typesupport_fastrtps_c.h
[299.139s] -- Installing: /home/stepan/ws_ros2/install/px4_msgs/include/px4_msgs/px4_msgs/msg/detail/health_report__rosidl_typesupport_fastrtps_c.h
[299.139s] -- Installing: /home/stepan/ws_ros2/install/px4_msgs/include/px4_msgs/px4_msgs/msg/detail/power_button_state__rosidl_typesupport_fastrtps_c.h
[299.139s] -- Installing: /home/stepan/ws_ros2/install/px4_msgs/include/px4_msgs/px4_msgs/msg/detail/can_interface_status__rosidl_typesupport_fastrtps_c.h
[299.139s] -- Installing: /home/stepan/ws_ros2/install/px4_msgs/include/px4_msgs/px4_msgs/msg/detail/estimator_aid_source1d__rosidl_typesupport_fastrtps_c.h
[299.139s] -- Installing: /home/stepan/ws_ros2/install/px4_msgs/include/px4_msgs/px4_msgs/msg/detail/npfg_status__rosidl_typesupport_fastrtps_c.h
[299.139s] -- Installing: /home/stepan/ws_ros2/install/px4_msgs/include/px4_msgs/px4_msgs/msg/detail/vehicle_attitude_setpoint__rosidl_typesupport_fastrtps_c.h
[299.140s] -- Installing: /home/stepan/ws_ros2/install/px4_msgs/include/px4_msgs/px4_msgs/msg/detail/landing_target_pose__rosidl_typesupport_fastrtps_c.h
[299.140s] -- Installing: /home/stepan/ws_ros2/install/px4_msgs/include/px4_msgs/px4_msgs/msg/detail/wind__rosidl_typesupport_fastrtps_c.h
[299.140s] -- Installing: /home/stepan/ws_ros2/install/px4_msgs/include/px4_msgs/px4_msgs/msg/detail/collision_constraints__rosidl_typesupport_fastrtps_c.h
[299.140s] -- Installing: /home/stepan/ws_ros2/install/px4_msgs/include/px4_msgs/px4_msgs/msg/detail/message_format_request__rosidl_typesupport_fastrtps_c.h
[299.140s] -- Installing: /home/stepan/ws_ros2/install/px4_msgs/include/px4_msgs/px4_msgs/msg/detail/rover_steering_setpoint__rosidl_typesupport_fastrtps_c.h
[299.140s] -- Installing: /home/stepan/ws_ros2/install/px4_msgs/include/px4_msgs/px4_msgs/msg/detail/gpio_config__rosidl_typesupport_fastrtps_c.h
[299.140s] -- Installing: /home/stepan/ws_ros2/install/px4_msgs/include/px4_msgs/px4_msgs/msg/detail/velocity_limits__rosidl_typesupport_fastrtps_c.h
[299.140s] -- Installing: /home/stepan/ws_ros2/install/px4_msgs/include/px4_msgs/px4_msgs/msg/detail/sensor_combined__rosidl_typesupport_fastrtps_c.h
[299.140s] -- Installing: /home/stepan/ws_ros2/install/px4_msgs/include/px4_msgs/px4_msgs/msg/detail/action_request__rosidl_typesupport_fastrtps_c.h
[299.140s] -- Installing: /home/stepan/ws_ros2/install/px4_msgs/include/px4_msgs/px4_msgs/msg/detail/task_stack_info__rosidl_typesupport_fastrtps_c.h
[299.140s] -- Installing: /home/stepan/ws_ros2/install/px4_msgs/include/px4_msgs/px4_msgs/msg/detail/message_format_response__rosidl_typesupport_fastrtps_c.h
[299.140s] -- Installing: /home/stepan/ws_ros2/install/px4_msgs/include/px4_msgs/px4_msgs/msg/detail/trajectory_setpoint6dof__rosidl_typesupport_fastrtps_c.h
[299.141s] -- Installing: /home/stepan/ws_ros2/install/px4_msgs/include/px4_msgs/px4_msgs/msg/detail/open_drone_id_system__rosidl_typesupport_fastrtps_c.h
[299.141s] -- Installing: /home/stepan/ws_ros2/install/px4_msgs/include/px4_msgs/px4_msgs/msg/detail/rover_attitude_status__rosidl_typesupport_fastrtps_c.h
[299.141s] -- Installing: /home/stepan/ws_ros2/install/px4_msgs/include/px4_msgs/px4_msgs/msg/detail/rtl_status__rosidl_typesupport_fastrtps_c.h
[299.141s] -- Installing: /home/stepan/ws_ros2/install/px4_msgs/include/px4_msgs/px4_msgs/msg/detail/sensors_status_imu__rosidl_typesupport_fastrtps_c.h
[299.141s] -- Installing: /home/stepan/ws_ros2/install/px4_msgs/include/px4_msgs/px4_msgs/msg/detail/gpio_in__rosidl_typesupport_fastrtps_c.h
[299.141s] -- Installing: /home/stepan/ws_ros2/install/px4_msgs/include/px4_msgs/px4_msgs/msg/detail/vehicle_land_detected__rosidl_typesupport_fastrtps_c.h
[299.141s] -- Installing: /home/stepan/ws_ros2/install/px4_msgs/include/px4_msgs/px4_msgs/msg/detail/sensor_gyro__rosidl_typesupport_fastrtps_c.h
[299.141s] -- Installing: /home/stepan/ws_ros2/install/px4_msgs/include/px4_msgs/px4_msgs/msg/rosidl_typesupport_fastrtps_c__visibility_control.h
[299.141s] -- Up-to-date: /home/stepan/ws_ros2/install/px4_msgs/include/px4_msgs/px4_msgs/srv
[299.141s] -- Up-to-date: /home/stepan/ws_ros2/install/px4_msgs/include/px4_msgs/px4_msgs/srv/detail
[299.141s] -- Installing: /home/stepan/ws_ros2/install/px4_msgs/include/px4_msgs/px4_msgs/srv/detail/vehicle_command__rosidl_typesupport_fastrtps_c.h
[299.141s] -- Installing: /home/stepan/ws_ros2/install/px4_msgs/lib/libpx4_msgs__rosidl_typesupport_fastrtps_c.so
[299.142s] -- Set runtime path of "/home/stepan/ws_ros2/install/px4_msgs/lib/libpx4_msgs__rosidl_typesupport_fastrtps_c.so" to ""
[299.143s] -- Up-to-date: /home/stepan/ws_ros2/install/px4_msgs/include/px4_msgs/px4_msgs
[299.143s] -- Up-to-date: /home/stepan/ws_ros2/install/px4_msgs/include/px4_msgs/px4_msgs/msg
[299.143s] -- Installing: /home/stepan/ws_ros2/install/px4_msgs/include/px4_msgs/px4_msgs/msg/rover_rate_setpoint.hpp
[299.143s] -- Installing: /home/stepan/ws_ros2/install/px4_msgs/include/px4_msgs/px4_msgs/msg/rc_channels.hpp
[299.143s] -- Installing: /home/stepan/ws_ros2/install/px4_msgs/include/px4_msgs/px4_msgs/msg/sensor_optical_flow.hpp
[299.143s] -- Installing: /home/stepan/ws_ros2/install/px4_msgs/include/px4_msgs/px4_msgs/msg/actuator_outputs.hpp
[299.143s] -- Installing: /home/stepan/ws_ros2/install/px4_msgs/include/px4_msgs/px4_msgs/msg/transponder_report.hpp
[299.143s] -- Installing: /home/stepan/ws_ros2/install/px4_msgs/include/px4_msgs/px4_msgs/msg/ulog_stream.hpp
[299.143s] -- Installing: /home/stepan/ws_ros2/install/px4_msgs/include/px4_msgs/px4_msgs/msg/estimator_sensor_bias.hpp
[299.143s] -- Installing: /home/stepan/ws_ros2/install/px4_msgs/include/px4_msgs/px4_msgs/msg/navigator_mission_item.hpp
[299.143s] -- Installing: /home/stepan/ws_ros2/install/px4_msgs/include/px4_msgs/px4_msgs/msg/iridiumsbd_status.hpp
[299.143s] -- Installing: /home/stepan/ws_ros2/install/px4_msgs/include/px4_msgs/px4_msgs/msg/follow_target_estimator.hpp
[299.144s] -- Installing: /home/stepan/ws_ros2/install/px4_msgs/include/px4_msgs/px4_msgs/msg/power_button_state.hpp
[299.144s] -- Installing: /home/stepan/ws_ros2/install/px4_msgs/include/px4_msgs/px4_msgs/msg/navigator_status.hpp
[299.144s] -- Installing: /home/stepan/ws_ros2/install/px4_msgs/include/px4_msgs/px4_msgs/msg/vehicle_imu.hpp
[299.144s] -- Installing: /home/stepan/ws_ros2/install/px4_msgs/include/px4_msgs/px4_msgs/msg/button_event.hpp
[299.144s] -- Installing: /home/stepan/ws_ros2/install/px4_msgs/include/px4_msgs/px4_msgs/msg/internal_combustion_engine_status.hpp
[299.144s] -- Installing: /home/stepan/ws_ros2/install/px4_msgs/include/px4_msgs/px4_msgs/msg/sensors_status.hpp
[299.144s] -- Installing: /home/stepan/ws_ros2/install/px4_msgs/include/px4_msgs/px4_msgs/msg/message_format_request.hpp
[299.144s] -- Installing: /home/stepan/ws_ros2/install/px4_msgs/include/px4_msgs/px4_msgs/msg/arming_check_request.hpp
[299.144s] -- Installing: /home/stepan/ws_ros2/install/px4_msgs/include/px4_msgs/px4_msgs/msg/gimbal_manager_information.hpp
[299.144s] -- Installing: /home/stepan/ws_ros2/install/px4_msgs/include/px4_msgs/px4_msgs/msg/estimator_bias.hpp
[299.144s] -- Installing: /home/stepan/ws_ros2/install/px4_msgs/include/px4_msgs/px4_msgs/msg/esc_report.hpp
[299.144s] -- Installing: /home/stepan/ws_ros2/install/px4_msgs/include/px4_msgs/px4_msgs/msg/sensor_hygrometer.hpp
[299.145s] -- Installing: /home/stepan/ws_ros2/install/px4_msgs/include/px4_msgs/px4_msgs/msg/adc_report.hpp
[299.145s] -- Installing: /home/stepan/ws_ros2/install/px4_msgs/include/px4_msgs/px4_msgs/msg/estimator_aid_source2d.hpp
[299.145s] -- Installing: /home/stepan/ws_ros2/install/px4_msgs/include/px4_msgs/px4_msgs/msg/led_control.hpp
[299.145s] -- Installing: /home/stepan/ws_ros2/install/px4_msgs/include/px4_msgs/px4_msgs/msg/sensor_baro.hpp
[299.145s] -- Installing: /home/stepan/ws_ros2/install/px4_msgs/include/px4_msgs/px4_msgs/msg/vehicle_constraints.hpp
[299.145s] -- Installing: /home/stepan/ws_ros2/install/px4_msgs/include/px4_msgs/px4_msgs/msg/vehicle_attitude.hpp
[299.145s] -- Installing: /home/stepan/ws_ros2/install/px4_msgs/include/px4_msgs/px4_msgs/msg/vehicle_air_data.hpp
[299.145s] -- Installing: /home/stepan/ws_ros2/install/px4_msgs/include/px4_msgs/px4_msgs/msg/tecs_status.hpp
[299.145s] -- Installing: /home/stepan/ws_ros2/install/px4_msgs/include/px4_msgs/px4_msgs/msg/parameter_reset_request.hpp
[299.145s] -- Installing: /home/stepan/ws_ros2/install/px4_msgs/include/px4_msgs/px4_msgs/msg/trajectory_setpoint.hpp
[299.145s] -- Installing: /home/stepan/ws_ros2/install/px4_msgs/include/px4_msgs/px4_msgs/msg/rc_parameter_map.hpp
[299.145s] -- Installing: /home/stepan/ws_ros2/install/px4_msgs/include/px4_msgs/px4_msgs/msg/open_drone_id_system.hpp
[299.145s] -- Installing: /home/stepan/ws_ros2/install/px4_msgs/include/px4_msgs/px4_msgs/msg/goto_setpoint.hpp
[299.146s] -- Installing: /home/stepan/ws_ros2/install/px4_msgs/include/px4_msgs/px4_msgs/msg/vehicle_magnetometer.hpp
[299.146s] -- Installing: /home/stepan/ws_ros2/install/px4_msgs/include/px4_msgs/px4_msgs/msg/gimbal_manager_status.hpp
[299.146s] -- Installing: /home/stepan/ws_ros2/install/px4_msgs/include/px4_msgs/px4_msgs/msg/estimator_states.hpp
[299.146s] -- Installing: /home/stepan/ws_ros2/install/px4_msgs/include/px4_msgs/px4_msgs/msg/rover_velocity_status.hpp
[299.146s] -- Installing: /home/stepan/ws_ros2/install/px4_msgs/include/px4_msgs/px4_msgs/msg/wheel_encoders.hpp
[299.146s] -- Installing: /home/stepan/ws_ros2/install/px4_msgs/include/px4_msgs/px4_msgs/msg/can_interface_status.hpp
[299.146s] -- Installing: /home/stepan/ws_ros2/install/px4_msgs/include/px4_msgs/px4_msgs/msg/vehicle_global_position.hpp
[299.146s] -- Installing: /home/stepan/ws_ros2/install/px4_msgs/include/px4_msgs/px4_msgs/msg/actuator_test.hpp
[299.146s] -- Installing: /home/stepan/ws_ros2/install/px4_msgs/include/px4_msgs/px4_msgs/msg/gpio_out.hpp
[299.146s] -- Installing: /home/stepan/ws_ros2/install/px4_msgs/include/px4_msgs/px4_msgs/msg/vehicle_angular_velocity.hpp
[299.146s] -- Installing: /home/stepan/ws_ros2/install/px4_msgs/include/px4_msgs/px4_msgs/msg/mavlink_tunnel.hpp
[299.146s] -- Installing: /home/stepan/ws_ros2/install/px4_msgs/include/px4_msgs/px4_msgs/msg/vehicle_optical_flow_vel.hpp
[299.147s] -- Installing: /home/stepan/ws_ros2/install/px4_msgs/include/px4_msgs/px4_msgs/msg/parameter_set_value_response.hpp
[299.147s] -- Installing: /home/stepan/ws_ros2/install/px4_msgs/include/px4_msgs/px4_msgs/msg/actuator_servos.hpp
[299.147s] -- Installing: /home/stepan/ws_ros2/install/px4_msgs/include/px4_msgs/px4_msgs/msg/unregister_ext_component.hpp
[299.147s] -- Installing: /home/stepan/ws_ros2/install/px4_msgs/include/px4_msgs/px4_msgs/msg/manual_control_switches.hpp
[299.147s] -- Installing: /home/stepan/ws_ros2/install/px4_msgs/include/px4_msgs/px4_msgs/msg/gpio_in.hpp
[299.147s] -- Installing: /home/stepan/ws_ros2/install/px4_msgs/include/px4_msgs/px4_msgs/msg/differential_pressure.hpp
[299.147s] -- Installing: /home/stepan/ws_ros2/install/px4_msgs/include/px4_msgs/px4_msgs/msg/vehicle_acceleration.hpp
[299.147s] -- Installing: /home/stepan/ws_ros2/install/px4_msgs/include/px4_msgs/px4_msgs/msg/log_message.hpp
[299.147s] -- Installing: /home/stepan/ws_ros2/install/px4_msgs/include/px4_msgs/px4_msgs/msg/px4io_status.hpp
[299.147s] -- Installing: /home/stepan/ws_ros2/install/px4_msgs/include/px4_msgs/px4_msgs/msg/vehicle_command_ack.hpp
[299.147s] -- Installing: /home/stepan/ws_ros2/install/px4_msgs/include/px4_msgs/px4_msgs/msg/estimator_selector_status.hpp
[299.147s] -- Installing: /home/stepan/ws_ros2/install/px4_msgs/include/px4_msgs/px4_msgs/msg/obstacle_distance.hpp
[299.148s] -- Installing: /home/stepan/ws_ros2/install/px4_msgs/include/px4_msgs/px4_msgs/msg/telemetry_status.hpp
[299.148s] -- Installing: /home/stepan/ws_ros2/install/px4_msgs/include/px4_msgs/px4_msgs/msg/qshell_retval.hpp
[299.148s] -- Installing: /home/stepan/ws_ros2/install/px4_msgs/include/px4_msgs/px4_msgs/msg/magnetometer_bias_estimate.hpp
[299.148s] -- Installing: /home/stepan/ws_ros2/install/px4_msgs/include/px4_msgs/px4_msgs/msg/collision_constraints.hpp
[299.148s] -- Installing: /home/stepan/ws_ros2/install/px4_msgs/include/px4_msgs/px4_msgs/msg/sensor_correction.hpp
[299.148s] -- Installing: /home/stepan/ws_ros2/install/px4_msgs/include/px4_msgs/px4_msgs/msg/actuator_armed.hpp
[299.148s] -- Installing: /home/stepan/ws_ros2/install/px4_msgs/include/px4_msgs/px4_msgs/msg/distance_sensor_mode_change_request.hpp
[299.148s] -- Installing: /home/stepan/ws_ros2/install/px4_msgs/include/px4_msgs/px4_msgs/msg/sensor_gyro_fifo.hpp
[299.148s] -- Installing: /home/stepan/ws_ros2/install/px4_msgs/include/px4_msgs/px4_msgs/msg/open_drone_id_operator_id.hpp
[299.148s] -- Installing: /home/stepan/ws_ros2/install/px4_msgs/include/px4_msgs/px4_msgs/msg/tiltrotor_extra_controls.hpp
[299.148s] -- Installing: /home/stepan/ws_ros2/install/px4_msgs/include/px4_msgs/px4_msgs/msg/sensor_combined.hpp
[299.148s] -- Installing: /home/stepan/ws_ros2/install/px4_msgs/include/px4_msgs/px4_msgs/msg/ekf2_timestamps.hpp
[299.149s] -- Installing: /home/stepan/ws_ros2/install/px4_msgs/include/px4_msgs/px4_msgs/msg/rover_attitude_setpoint.hpp
[299.149s] -- Installing: /home/stepan/ws_ros2/install/px4_msgs/include/px4_msgs/px4_msgs/msg/vehicle_optical_flow.hpp
[299.149s] -- Installing: /home/stepan/ws_ros2/install/px4_msgs/include/px4_msgs/px4_msgs/msg/actuator_motors.hpp
[299.149s] -- Installing: /home/stepan/ws_ros2/install/px4_msgs/include/px4_msgs/px4_msgs/msg/arming_check_reply.hpp
[299.149s] -- Installing: /home/stepan/ws_ros2/install/px4_msgs/include/px4_msgs/px4_msgs/msg/gpio_config.hpp
[299.149s] -- Installing: /home/stepan/ws_ros2/install/px4_msgs/include/px4_msgs/px4_msgs/msg/vehicle_thrust_setpoint.hpp
[299.149s] -- Installing: /home/stepan/ws_ros2/install/px4_msgs/include/px4_msgs/px4_msgs/msg/vehicle_rates_setpoint.hpp
[299.149s] -- Installing: /home/stepan/ws_ros2/install/px4_msgs/include/px4_msgs/px4_msgs/msg/mode_completed.hpp
[299.149s] -- Installing: /home/stepan/ws_ros2/install/px4_msgs/include/px4_msgs/px4_msgs/msg/message_format_response.hpp
[299.149s] -- Installing: /home/stepan/ws_ros2/install/px4_msgs/include/px4_msgs/px4_msgs/msg/gps_dump.hpp
[299.149s] -- Installing: /home/stepan/ws_ros2/install/px4_msgs/include/px4_msgs/px4_msgs/msg/camera_status.hpp
[299.149s] -- Installing: /home/stepan/ws_ros2/install/px4_msgs/include/px4_msgs/px4_msgs/msg/geofence_result.hpp
[299.149s] -- Installing: /home/stepan/ws_ros2/install/px4_msgs/include/px4_msgs/px4_msgs/msg/rpm.hpp
[299.150s] -- Installing: /home/stepan/ws_ros2/install/px4_msgs/include/px4_msgs/px4_msgs/msg/flight_phase_estimation.hpp
[299.150s] -- Installing: /home/stepan/ws_ros2/install/px4_msgs/include/px4_msgs/px4_msgs/msg/estimator_aid_source3d.hpp
[299.150s] -- Installing: /home/stepan/ws_ros2/install/px4_msgs/include/px4_msgs/px4_msgs/msg/home_position.hpp
[299.150s] -- Installing: /home/stepan/ws_ros2/install/px4_msgs/include/px4_msgs/px4_msgs/msg/position_setpoint.hpp
[299.150s] -- Installing: /home/stepan/ws_ros2/install/px4_msgs/include/px4_msgs/px4_msgs/msg/position_controller_status.hpp
[299.150s] -- Installing: /home/stepan/ws_ros2/install/px4_msgs/include/px4_msgs/px4_msgs/msg/sensor_gyro_fft.hpp
[299.150s] -- Installing: /home/stepan/ws_ros2/install/px4_msgs/include/px4_msgs/px4_msgs/msg/rtl_status.hpp
[299.150s] -- Installing: /home/stepan/ws_ros2/install/px4_msgs/include/px4_msgs/px4_msgs/msg/position_setpoint_triplet.hpp
[299.150s] -- Installing: /home/stepan/ws_ros2/install/px4_msgs/include/px4_msgs/px4_msgs/msg/npfg_status.hpp
[299.150s] -- Installing: /home/stepan/ws_ros2/install/px4_msgs/include/px4_msgs/px4_msgs/msg/rover_throttle_setpoint.hpp
[299.150s] -- Installing: /home/stepan/ws_ros2/install/px4_msgs/include/px4_msgs/px4_msgs/msg/action_request.hpp
[299.150s] -- Installing: /home/stepan/ws_ros2/install/px4_msgs/include/px4_msgs/px4_msgs/msg/velocity_limits.hpp
[299.150s] -- Installing: /home/stepan/ws_ros2/install/px4_msgs/include/px4_msgs/px4_msgs/msg/event.hpp
[299.151s] -- Installing: /home/stepan/ws_ros2/install/px4_msgs/include/px4_msgs/px4_msgs/msg/actuator_controls_status.hpp
[299.151s] -- Installing: /home/stepan/ws_ros2/install/px4_msgs/include/px4_msgs/px4_msgs/msg/mission_result.hpp
[299.151s] -- Installing: /home/stepan/ws_ros2/install/px4_msgs/include/px4_msgs/px4_msgs/msg/launch_detection_status.hpp
[299.151s] -- Installing: /home/stepan/ws_ros2/install/px4_msgs/include/px4_msgs/px4_msgs/msg/camera_trigger.hpp
[299.151s] -- Installing: /home/stepan/ws_ros2/install/px4_msgs/include/px4_msgs/px4_msgs/msg/radio_status.hpp
[299.151s] -- Installing: /home/stepan/ws_ros2/install/px4_msgs/include/px4_msgs/px4_msgs/msg/debug_value.hpp
[299.151s] -- Installing: /home/stepan/ws_ros2/install/px4_msgs/include/px4_msgs/px4_msgs/msg/rate_ctrl_status.hpp
[299.151s] -- Installing: /home/stepan/ws_ros2/install/px4_msgs/include/px4_msgs/px4_msgs/msg/landing_target_innovations.hpp
[299.151s] -- Installing: /home/stepan/ws_ros2/install/px4_msgs/include/px4_msgs/px4_msgs/msg/vehicle_command.hpp
[299.151s] -- Installing: /home/stepan/ws_ros2/install/px4_msgs/include/px4_msgs/px4_msgs/msg/offboard_control_mode.hpp
[299.151s] -- Installing: /home/stepan/ws_ros2/install/px4_msgs/include/px4_msgs/px4_msgs/msg/rover_attitude_status.hpp
[299.151s] -- Installing: /home/stepan/ws_ros2/install/px4_msgs/include/px4_msgs/px4_msgs/msg/manual_control_setpoint.hpp
[299.152s] -- Installing: /home/stepan/ws_ros2/install/px4_msgs/include/px4_msgs/px4_msgs/msg/sensor_preflight_mag.hpp
[299.152s] -- Up-to-date: /home/stepan/ws_ros2/install/px4_msgs/include/px4_msgs/px4_msgs/msg/detail
[299.152s] -- Installing: /home/stepan/ws_ros2/install/px4_msgs/include/px4_msgs/px4_msgs/msg/detail/gpio_out__struct.hpp
[299.152s] -- Installing: /home/stepan/ws_ros2/install/px4_msgs/include/px4_msgs/px4_msgs/msg/detail/logger_status__struct.hpp
[299.152s] -- Installing: /home/stepan/ws_ros2/install/px4_msgs/include/px4_msgs/px4_msgs/msg/detail/mavlink_log__struct.hpp
[299.152s] -- Installing: /home/stepan/ws_ros2/install/px4_msgs/include/px4_msgs/px4_msgs/msg/detail/estimator_bias__builder.hpp
[299.152s] -- Installing: /home/stepan/ws_ros2/install/px4_msgs/include/px4_msgs/px4_msgs/msg/detail/qshell_req__builder.hpp
[299.152s] -- Installing: /home/stepan/ws_ros2/install/px4_msgs/include/px4_msgs/px4_msgs/msg/detail/position_setpoint__builder.hpp
[299.152s] -- Installing: /home/stepan/ws_ros2/install/px4_msgs/include/px4_msgs/px4_msgs/msg/detail/gimbal_manager_status__traits.hpp
[299.153s] -- Installing: /home/stepan/ws_ros2/install/px4_msgs/include/px4_msgs/px4_msgs/msg/detail/rc_parameter_map__struct.hpp
[299.153s] -- Installing: /home/stepan/ws_ros2/install/px4_msgs/include/px4_msgs/px4_msgs/msg/detail/vehicle_roi__traits.hpp
[299.153s] -- Installing: /home/stepan/ws_ros2/install/px4_msgs/include/px4_msgs/px4_msgs/msg/detail/autotune_attitude_control_status__traits.hpp
[299.153s] -- Installing: /home/stepan/ws_ros2/install/px4_msgs/include/px4_msgs/px4_msgs/msg/detail/estimator_selector_status__builder.hpp
[299.153s] -- Installing: /home/stepan/ws_ros2/install/px4_msgs/include/px4_msgs/px4_msgs/msg/detail/fuel_tank_status__type_support.hpp
[299.153s] -- Installing: /home/stepan/ws_ros2/install/px4_msgs/include/px4_msgs/px4_msgs/msg/detail/mavlink_log__type_support.hpp
[299.153s] -- Installing: /home/stepan/ws_ros2/install/px4_msgs/include/px4_msgs/px4_msgs/msg/detail/position_controller_status__type_support.hpp
[299.153s] -- Installing: /home/stepan/ws_ros2/install/px4_msgs/include/px4_msgs/px4_msgs/msg/detail/task_stack_info__struct.hpp
[299.153s] -- Installing: /home/stepan/ws_ros2/install/px4_msgs/include/px4_msgs/px4_msgs/msg/detail/position_setpoint_triplet__traits.hpp
[299.153s] -- Installing: /home/stepan/ws_ros2/install/px4_msgs/include/px4_msgs/px4_msgs/msg/detail/distance_sensor_mode_change_request__traits.hpp
[299.153s] -- Installing: /home/stepan/ws_ros2/install/px4_msgs/include/px4_msgs/px4_msgs/msg/detail/gpio_config__type_support.hpp
[299.153s] -- Installing: /home/stepan/ws_ros2/install/px4_msgs/include/px4_msgs/px4_msgs/msg/detail/irlock_report__traits.hpp
[299.154s] -- Installing: /home/stepan/ws_ros2/install/px4_msgs/include/px4_msgs/px4_msgs/msg/detail/ekf2_timestamps__struct.hpp
[299.154s] -- Installing: /home/stepan/ws_ros2/install/px4_msgs/include/px4_msgs/px4_msgs/msg/detail/sensor_optical_flow__builder.hpp
[299.154s] -- Installing: /home/stepan/ws_ros2/install/px4_msgs/include/px4_msgs/px4_msgs/msg/detail/iridiumsbd_status__traits.hpp
[299.154s] -- Installing: /home/stepan/ws_ros2/install/px4_msgs/include/px4_msgs/px4_msgs/msg/detail/goto_setpoint__builder.hpp
[299.154s] -- Installing: /home/stepan/ws_ros2/install/px4_msgs/include/px4_msgs/px4_msgs/msg/detail/adc_report__struct.hpp
[299.154s] -- Installing: /home/stepan/ws_ros2/install/px4_msgs/include/px4_msgs/px4_msgs/msg/detail/message_format_response__builder.hpp
[299.154s] -- Installing: /home/stepan/ws_ros2/install/px4_msgs/include/px4_msgs/px4_msgs/msg/detail/cpuload__traits.hpp
[299.154s] -- Installing: /home/stepan/ws_ros2/install/px4_msgs/include/px4_msgs/px4_msgs/msg/detail/estimator_bias__traits.hpp
[299.154s] -- Installing: /home/stepan/ws_ros2/install/px4_msgs/include/px4_msgs/px4_msgs/msg/detail/sensor_accel__struct.hpp
[299.154s] -- Installing: /home/stepan/ws_ros2/install/px4_msgs/include/px4_msgs/px4_msgs/msg/detail/distance_sensor__builder.hpp
[299.154s] -- Installing: /home/stepan/ws_ros2/install/px4_msgs/include/px4_msgs/px4_msgs/msg/detail/action_request__struct.hpp
[299.154s] -- Installing: /home/stepan/ws_ros2/install/px4_msgs/include/px4_msgs/px4_msgs/msg/detail/geofence_result__builder.hpp
[299.155s] -- Installing: /home/stepan/ws_ros2/install/px4_msgs/include/px4_msgs/px4_msgs/msg/detail/register_ext_component_reply__builder.hpp
[299.155s] -- Installing: /home/stepan/ws_ros2/install/px4_msgs/include/px4_msgs/px4_msgs/msg/detail/rover_attitude_setpoint__struct.hpp
[299.155s] -- Installing: /home/stepan/ws_ros2/install/px4_msgs/include/px4_msgs/px4_msgs/msg/detail/wind__builder.hpp
[299.155s] -- Installing: /home/stepan/ws_ros2/install/px4_msgs/include/px4_msgs/px4_msgs/msg/detail/input_rc__type_support.hpp
[299.155s] -- Installing: /home/stepan/ws_ros2/install/px4_msgs/include/px4_msgs/px4_msgs/msg/detail/cellular_status__builder.hpp
[299.155s] -- Installing: /home/stepan/ws_ros2/install/px4_msgs/include/px4_msgs/px4_msgs/msg/detail/vehicle_roi__type_support.hpp
[299.155s] -- Installing: /home/stepan/ws_ros2/install/px4_msgs/include/px4_msgs/px4_msgs/msg/detail/estimator_aid_source1d__traits.hpp
[299.155s] -- Installing: /home/stepan/ws_ros2/install/px4_msgs/include/px4_msgs/px4_msgs/msg/detail/estimator_gps_status__traits.hpp
[299.155s] -- Installing: /home/stepan/ws_ros2/install/px4_msgs/include/px4_msgs/px4_msgs/msg/detail/differential_pressure__traits.hpp
[299.155s] -- Installing: /home/stepan/ws_ros2/install/px4_msgs/include/px4_msgs/px4_msgs/msg/detail/sensors_status_imu__builder.hpp
[299.155s] -- Installing: /home/stepan/ws_ros2/install/px4_msgs/include/px4_msgs/px4_msgs/msg/detail/sensor_accel_fifo__type_support.hpp
[299.155s] -- Installing: /home/stepan/ws_ros2/install/px4_msgs/include/px4_msgs/px4_msgs/msg/detail/gripper__builder.hpp
[299.155s] -- Installing: /home/stepan/ws_ros2/install/px4_msgs/include/px4_msgs/px4_msgs/msg/detail/rover_rate_status__struct.hpp
[299.156s] -- Installing: /home/stepan/ws_ros2/install/px4_msgs/include/px4_msgs/px4_msgs/msg/detail/camera_capture__struct.hpp
[299.156s] -- Installing: /home/stepan/ws_ros2/install/px4_msgs/include/px4_msgs/px4_msgs/msg/detail/orbit_status__struct.hpp
[299.156s] -- Installing: /home/stepan/ws_ros2/install/px4_msgs/include/px4_msgs/px4_msgs/msg/detail/radio_status__type_support.hpp
[299.156s] -- Installing: /home/stepan/ws_ros2/install/px4_msgs/include/px4_msgs/px4_msgs/msg/detail/autotune_attitude_control_status__type_support.hpp
[299.156s] -- Installing: /home/stepan/ws_ros2/install/px4_msgs/include/px4_msgs/px4_msgs/msg/detail/vehicle_local_position__traits.hpp
[299.156s] -- Installing: /home/stepan/ws_ros2/install/px4_msgs/include/px4_msgs/px4_msgs/msg/detail/tune_control__builder.hpp
[299.156s] -- Installing: /home/stepan/ws_ros2/install/px4_msgs/include/px4_msgs/px4_msgs/msg/detail/estimator_innovations__traits.hpp
[299.156s] -- Installing: /home/stepan/ws_ros2/install/px4_msgs/include/px4_msgs/px4_msgs/msg/detail/rover_attitude_setpoint__traits.hpp
[299.156s] -- Installing: /home/stepan/ws_ros2/install/px4_msgs/include/px4_msgs/px4_msgs/msg/detail/dataman_response__traits.hpp
[299.156s] -- Installing: /home/stepan/ws_ros2/install/px4_msgs/include/px4_msgs/px4_msgs/msg/detail/esc_status__traits.hpp
[299.156s] -- Installing: /home/stepan/ws_ros2/install/px4_msgs/include/px4_msgs/px4_msgs/msg/detail/estimator_innovations__type_support.hpp
[299.156s] -- Installing: /home/stepan/ws_ros2/install/px4_msgs/include/px4_msgs/px4_msgs/msg/detail/actuator_controls_status__struct.hpp
[299.157s] -- Installing: /home/stepan/ws_ros2/install/px4_msgs/include/px4_msgs/px4_msgs/msg/detail/sensor_mag__builder.hpp
[299.157s] -- Installing: /home/stepan/ws_ros2/install/px4_msgs/include/px4_msgs/px4_msgs/msg/detail/vehicle_command__type_support.hpp
[299.157s] -- Installing: /home/stepan/ws_ros2/install/px4_msgs/include/px4_msgs/px4_msgs/msg/detail/vehicle_magnetometer__type_support.hpp
[299.157s] -- Installing: /home/stepan/ws_ros2/install/px4_msgs/include/px4_msgs/px4_msgs/msg/detail/actuator_test__struct.hpp
[299.157s] -- Installing: /home/stepan/ws_ros2/install/px4_msgs/include/px4_msgs/px4_msgs/msg/detail/vehicle_optical_flow_vel__builder.hpp
[299.157s] -- Installing: /home/stepan/ws_ros2/install/px4_msgs/include/px4_msgs/px4_msgs/msg/detail/yaw_estimator_status__struct.hpp
[299.157s] -- Installing: /home/stepan/ws_ros2/install/px4_msgs/include/px4_msgs/px4_msgs/msg/detail/landing_target_pose__traits.hpp
[299.157s] -- Installing: /home/stepan/ws_ros2/install/px4_msgs/include/px4_msgs/px4_msgs/msg/detail/uavcan_parameter_request__traits.hpp
[299.157s] -- Installing: /home/stepan/ws_ros2/install/px4_msgs/include/px4_msgs/px4_msgs/msg/detail/generator_status__type_support.hpp
[299.157s] -- Installing: /home/stepan/ws_ros2/install/px4_msgs/include/px4_msgs/px4_msgs/msg/detail/battery_status__struct.hpp
[299.157s] -- Installing: /home/stepan/ws_ros2/install/px4_msgs/include/px4_msgs/px4_msgs/msg/detail/control_allocator_status__traits.hpp
[299.157s] -- Installing: /home/stepan/ws_ros2/install/px4_msgs/include/px4_msgs/px4_msgs/msg/detail/sensor_mag__type_support.hpp
[299.158s] -- Installing: /home/stepan/ws_ros2/install/px4_msgs/include/px4_msgs/px4_msgs/msg/detail/rate_ctrl_status__builder.hpp
[299.158s] -- Installing: /home/stepan/ws_ros2/install/px4_msgs/include/px4_msgs/px4_msgs/msg/detail/follow_target_status__struct.hpp
[299.158s] -- Installing: /home/stepan/ws_ros2/install/px4_msgs/include/px4_msgs/px4_msgs/msg/detail/actuator_outputs__struct.hpp
[299.158s] -- Installing: /home/stepan/ws_ros2/install/px4_msgs/include/px4_msgs/px4_msgs/msg/detail/vehicle_rates_setpoint__builder.hpp
[299.158s] -- Installing: /home/stepan/ws_ros2/install/px4_msgs/include/px4_msgs/px4_msgs/msg/detail/vehicle_global_position__type_support.hpp
[299.158s] -- Installing: /home/stepan/ws_ros2/install/px4_msgs/include/px4_msgs/px4_msgs/msg/detail/sensor_uwb__type_support.hpp
[299.158s] -- Installing: /home/stepan/ws_ros2/install/px4_msgs/include/px4_msgs/px4_msgs/msg/detail/takeoff_status__struct.hpp
[299.158s] -- Installing: /home/stepan/ws_ros2/install/px4_msgs/include/px4_msgs/px4_msgs/msg/detail/vehicle_status__type_support.hpp
[299.158s] -- Installing: /home/stepan/ws_ros2/install/px4_msgs/include/px4_msgs/px4_msgs/msg/detail/sensor_gyro_fft__traits.hpp
[299.158s] -- Installing: /home/stepan/ws_ros2/install/px4_msgs/include/px4_msgs/px4_msgs/msg/detail/obstacle_distance__type_support.hpp
[299.158s] -- Installing: /home/stepan/ws_ros2/install/px4_msgs/include/px4_msgs/px4_msgs/msg/detail/gimbal_manager_set_attitude__traits.hpp
[299.158s] -- Installing: /home/stepan/ws_ros2/install/px4_msgs/include/px4_msgs/px4_msgs/msg/detail/failure_detector_status__struct.hpp
[299.158s] -- Installing: /home/stepan/ws_ros2/install/px4_msgs/include/px4_msgs/px4_msgs/msg/detail/estimator_status_flags__struct.hpp
[299.159s] -- Installing: /home/stepan/ws_ros2/install/px4_msgs/include/px4_msgs/px4_msgs/msg/detail/control_allocator_status__struct.hpp
[299.159s] -- Installing: /home/stepan/ws_ros2/install/px4_msgs/include/px4_msgs/px4_msgs/msg/detail/vehicle_angular_acceleration_setpoint__builder.hpp
[299.159s] -- Installing: /home/stepan/ws_ros2/install/px4_msgs/include/px4_msgs/px4_msgs/msg/detail/open_drone_id_self_id__traits.hpp
[299.159s] -- Installing: /home/stepan/ws_ros2/install/px4_msgs/include/px4_msgs/px4_msgs/msg/detail/offboard_control_mode__struct.hpp
[299.159s] -- Installing: /home/stepan/ws_ros2/install/px4_msgs/include/px4_msgs/px4_msgs/msg/detail/vehicle_magnetometer__struct.hpp
[299.159s] -- Installing: /home/stepan/ws_ros2/install/px4_msgs/include/px4_msgs/px4_msgs/msg/detail/actuator_motors__type_support.hpp
[299.159s] -- Installing: /home/stepan/ws_ros2/install/px4_msgs/include/px4_msgs/px4_msgs/msg/detail/mission__traits.hpp
[299.159s] -- Installing: /home/stepan/ws_ros2/install/px4_msgs/include/px4_msgs/px4_msgs/msg/detail/debug_array__traits.hpp
[299.159s] -- Installing: /home/stepan/ws_ros2/install/px4_msgs/include/px4_msgs/px4_msgs/msg/detail/vehicle_local_position_setpoint__struct.hpp
[299.159s] -- Installing: /home/stepan/ws_ros2/install/px4_msgs/include/px4_msgs/px4_msgs/msg/detail/estimator_status_flags__traits.hpp
[299.159s] -- Installing: /home/stepan/ws_ros2/install/px4_msgs/include/px4_msgs/px4_msgs/msg/detail/estimator_states__traits.hpp
[299.159s] -- Installing: /home/stepan/ws_ros2/install/px4_msgs/include/px4_msgs/px4_msgs/msg/detail/fuel_tank_status__traits.hpp
[299.160s] -- Installing: /home/stepan/ws_ros2/install/px4_msgs/include/px4_msgs/px4_msgs/msg/detail/esc_report__type_support.hpp
[299.160s] -- Installing: /home/stepan/ws_ros2/install/px4_msgs/include/px4_msgs/px4_msgs/msg/detail/airspeed__builder.hpp
[299.160s] -- Installing: /home/stepan/ws_ros2/install/px4_msgs/include/px4_msgs/px4_msgs/msg/detail/velocity_limits__builder.hpp
[299.160s] -- Installing: /home/stepan/ws_ros2/install/px4_msgs/include/px4_msgs/px4_msgs/msg/detail/orb_test__type_support.hpp
[299.160s] -- Installing: /home/stepan/ws_ros2/install/px4_msgs/include/px4_msgs/px4_msgs/msg/detail/actuator_test__builder.hpp
[299.160s] -- Installing: /home/stepan/ws_ros2/install/px4_msgs/include/px4_msgs/px4_msgs/msg/detail/orb_test_large__traits.hpp
[299.160s] -- Installing: /home/stepan/ws_ros2/install/px4_msgs/include/px4_msgs/px4_msgs/msg/detail/orb_test__struct.hpp
[299.160s] -- Installing: /home/stepan/ws_ros2/install/px4_msgs/include/px4_msgs/px4_msgs/msg/detail/hover_thrust_estimate__type_support.hpp
[299.160s] -- Installing: /home/stepan/ws_ros2/install/px4_msgs/include/px4_msgs/px4_msgs/msg/detail/camera_trigger__builder.hpp
[299.160s] -- Installing: /home/stepan/ws_ros2/install/px4_msgs/include/px4_msgs/px4_msgs/msg/detail/parameter_set_used_request__type_support.hpp
[299.160s] -- Installing: /home/stepan/ws_ros2/install/px4_msgs/include/px4_msgs/px4_msgs/msg/detail/gripper__type_support.hpp
[299.160s] -- Installing: /home/stepan/ws_ros2/install/px4_msgs/include/px4_msgs/px4_msgs/msg/detail/manual_control_switches__type_support.hpp
[299.160s] -- Installing: /home/stepan/ws_ros2/install/px4_msgs/include/px4_msgs/px4_msgs/msg/detail/vehicle_rates_setpoint__struct.hpp
[299.161s] -- Installing: /home/stepan/ws_ros2/install/px4_msgs/include/px4_msgs/px4_msgs/msg/detail/vehicle_status__struct.hpp
[299.161s] -- Installing: /home/stepan/ws_ros2/install/px4_msgs/include/px4_msgs/px4_msgs/msg/detail/mission_result__type_support.hpp
[299.161s] -- Installing: /home/stepan/ws_ros2/install/px4_msgs/include/px4_msgs/px4_msgs/msg/detail/sensor_preflight_mag__traits.hpp
[299.161s] -- Installing: /home/stepan/ws_ros2/install/px4_msgs/include/px4_msgs/px4_msgs/msg/detail/actuator_controls_status__builder.hpp
[299.161s] -- Installing: /home/stepan/ws_ros2/install/px4_msgs/include/px4_msgs/px4_msgs/msg/detail/transponder_report__traits.hpp
[299.161s] -- Installing: /home/stepan/ws_ros2/install/px4_msgs/include/px4_msgs/px4_msgs/msg/detail/failure_detector_status__type_support.hpp
[299.161s] -- Installing: /home/stepan/ws_ros2/install/px4_msgs/include/px4_msgs/px4_msgs/msg/detail/trajectory_setpoint__traits.hpp
[299.161s] -- Installing: /home/stepan/ws_ros2/install/px4_msgs/include/px4_msgs/px4_msgs/msg/detail/estimator_bias3d__traits.hpp
[299.161s] -- Installing: /home/stepan/ws_ros2/install/px4_msgs/include/px4_msgs/px4_msgs/msg/detail/input_rc__builder.hpp
[299.161s] -- Installing: /home/stepan/ws_ros2/install/px4_msgs/include/px4_msgs/px4_msgs/msg/detail/estimator_gps_status__struct.hpp
[299.161s] -- Installing: /home/stepan/ws_ros2/install/px4_msgs/include/px4_msgs/px4_msgs/msg/detail/sensor_gyro_fifo__builder.hpp
[299.161s] -- Installing: /home/stepan/ws_ros2/install/px4_msgs/include/px4_msgs/px4_msgs/msg/detail/rate_ctrl_status__type_support.hpp
[299.162s] -- Installing: /home/stepan/ws_ros2/install/px4_msgs/include/px4_msgs/px4_msgs/msg/detail/health_report__struct.hpp
[299.162s] -- Installing: /home/stepan/ws_ros2/install/px4_msgs/include/px4_msgs/px4_msgs/msg/detail/vehicle_roi__struct.hpp
[299.162s] -- Installing: /home/stepan/ws_ros2/install/px4_msgs/include/px4_msgs/px4_msgs/msg/detail/satellite_info__type_support.hpp
[299.162s] -- Installing: /home/stepan/ws_ros2/install/px4_msgs/include/px4_msgs/px4_msgs/msg/detail/yaw_estimator_status__type_support.hpp
[299.162s] -- Installing: /home/stepan/ws_ros2/install/px4_msgs/include/px4_msgs/px4_msgs/msg/detail/sensor_uwb__struct.hpp
[299.162s] -- Installing: /home/stepan/ws_ros2/install/px4_msgs/include/px4_msgs/px4_msgs/msg/detail/landing_gear_wheel__builder.hpp
[299.162s] -- Installing: /home/stepan/ws_ros2/install/px4_msgs/include/px4_msgs/px4_msgs/msg/detail/sensor_gnss_relative__type_support.hpp
[299.162s] -- Installing: /home/stepan/ws_ros2/install/px4_msgs/include/px4_msgs/px4_msgs/msg/detail/velocity_limits__type_support.hpp
[299.162s] -- Installing: /home/stepan/ws_ros2/install/px4_msgs/include/px4_msgs/px4_msgs/msg/detail/actuator_controls_status__type_support.hpp
[299.162s] -- Installing: /home/stepan/ws_ros2/install/px4_msgs/include/px4_msgs/px4_msgs/msg/detail/gimbal_device_information__type_support.hpp
[299.162s] -- Installing: /home/stepan/ws_ros2/install/px4_msgs/include/px4_msgs/px4_msgs/msg/detail/mount_orientation__traits.hpp
[299.162s] -- Installing: /home/stepan/ws_ros2/install/px4_msgs/include/px4_msgs/px4_msgs/msg/detail/debug_key_value__builder.hpp
[299.163s] -- Installing: /home/stepan/ws_ros2/install/px4_msgs/include/px4_msgs/px4_msgs/msg/detail/geofence_result__traits.hpp
[299.163s] -- Installing: /home/stepan/ws_ros2/install/px4_msgs/include/px4_msgs/px4_msgs/msg/detail/estimator_states__builder.hpp
[299.163s] -- Installing: /home/stepan/ws_ros2/install/px4_msgs/include/px4_msgs/px4_msgs/msg/detail/message_format_response__traits.hpp
[299.163s] -- Installing: /home/stepan/ws_ros2/install/px4_msgs/include/px4_msgs/px4_msgs/msg/detail/rover_throttle_setpoint__builder.hpp
[299.163s] -- Installing: /home/stepan/ws_ros2/install/px4_msgs/include/px4_msgs/px4_msgs/msg/detail/tecs_status__traits.hpp
[299.163s] -- Installing: /home/stepan/ws_ros2/install/px4_msgs/include/px4_msgs/px4_msgs/msg/detail/pps_capture__type_support.hpp
[299.163s] -- Installing: /home/stepan/ws_ros2/install/px4_msgs/include/px4_msgs/px4_msgs/msg/detail/esc_report__traits.hpp
[299.163s] -- Installing: /home/stepan/ws_ros2/install/px4_msgs/include/px4_msgs/px4_msgs/msg/detail/mount_orientation__builder.hpp
[299.163s] -- Installing: /home/stepan/ws_ros2/install/px4_msgs/include/px4_msgs/px4_msgs/msg/detail/telemetry_status__type_support.hpp
[299.163s] -- Installing: /home/stepan/ws_ros2/install/px4_msgs/include/px4_msgs/px4_msgs/msg/detail/dataman_request__struct.hpp
[299.163s] -- Installing: /home/stepan/ws_ros2/install/px4_msgs/include/px4_msgs/px4_msgs/msg/detail/trajectory_setpoint6dof__traits.hpp
[299.163s] -- Installing: /home/stepan/ws_ros2/install/px4_msgs/include/px4_msgs/px4_msgs/msg/detail/gripper__traits.hpp
[299.163s] -- Installing: /home/stepan/ws_ros2/install/px4_msgs/include/px4_msgs/px4_msgs/msg/detail/sensor_gnss_relative__struct.hpp
[299.164s] -- Installing: /home/stepan/ws_ros2/install/px4_msgs/include/px4_msgs/px4_msgs/msg/detail/gimbal_manager_status__type_support.hpp
[299.164s] -- Installing: /home/stepan/ws_ros2/install/px4_msgs/include/px4_msgs/px4_msgs/msg/detail/wind__traits.hpp
[299.164s] -- Installing: /home/stepan/ws_ros2/install/px4_msgs/include/px4_msgs/px4_msgs/msg/detail/debug_key_value__struct.hpp
[299.164s] -- Installing: /home/stepan/ws_ros2/install/px4_msgs/include/px4_msgs/px4_msgs/msg/detail/system_power__type_support.hpp
[299.164s] -- Installing: /home/stepan/ws_ros2/install/px4_msgs/include/px4_msgs/px4_msgs/msg/detail/rpm__struct.hpp
[299.164s] -- Installing: /home/stepan/ws_ros2/install/px4_msgs/include/px4_msgs/px4_msgs/msg/detail/failure_detector_status__builder.hpp
[299.164s] -- Installing: /home/stepan/ws_ros2/install/px4_msgs/include/px4_msgs/px4_msgs/msg/detail/can_interface_status__type_support.hpp
[299.164s] -- Installing: /home/stepan/ws_ros2/install/px4_msgs/include/px4_msgs/px4_msgs/msg/detail/estimator_selector_status__type_support.hpp
[299.164s] -- Installing: /home/stepan/ws_ros2/install/px4_msgs/include/px4_msgs/px4_msgs/msg/detail/vehicle_global_position__traits.hpp
[299.164s] -- Installing: /home/stepan/ws_ros2/install/px4_msgs/include/px4_msgs/px4_msgs/msg/detail/can_interface_status__builder.hpp
[299.164s] -- Installing: /home/stepan/ws_ros2/install/px4_msgs/include/px4_msgs/px4_msgs/msg/detail/sensor_combined__struct.hpp
[299.164s] -- Installing: /home/stepan/ws_ros2/install/px4_msgs/include/px4_msgs/px4_msgs/msg/detail/failsafe_flags__builder.hpp
[299.165s] -- Installing: /home/stepan/ws_ros2/install/px4_msgs/include/px4_msgs/px4_msgs/msg/detail/sensor_gyro_fft__type_support.hpp
[299.165s] -- Installing: /home/stepan/ws_ros2/install/px4_msgs/include/px4_msgs/px4_msgs/msg/detail/message_format_request__builder.hpp
[299.165s] -- Installing: /home/stepan/ws_ros2/install/px4_msgs/include/px4_msgs/px4_msgs/msg/detail/uavcan_parameter_request__struct.hpp
[299.165s] -- Installing: /home/stepan/ws_ros2/install/px4_msgs/include/px4_msgs/px4_msgs/msg/detail/orb_test_large__struct.hpp
[299.165s] -- Installing: /home/stepan/ws_ros2/install/px4_msgs/include/px4_msgs/px4_msgs/msg/detail/button_event__type_support.hpp
[299.165s] -- Installing: /home/stepan/ws_ros2/install/px4_msgs/include/px4_msgs/px4_msgs/msg/detail/estimator_selector_status__struct.hpp
[299.165s] -- Installing: /home/stepan/ws_ros2/install/px4_msgs/include/px4_msgs/px4_msgs/msg/detail/mission__struct.hpp
[299.165s] -- Installing: /home/stepan/ws_ros2/install/px4_msgs/include/px4_msgs/px4_msgs/msg/detail/estimator_aid_source3d__traits.hpp
[299.165s] -- Installing: /home/stepan/ws_ros2/install/px4_msgs/include/px4_msgs/px4_msgs/msg/detail/orb_test_medium__struct.hpp
[299.165s] -- Installing: /home/stepan/ws_ros2/install/px4_msgs/include/px4_msgs/px4_msgs/msg/detail/px4io_status__type_support.hpp
[299.165s] -- Installing: /home/stepan/ws_ros2/install/px4_msgs/include/px4_msgs/px4_msgs/msg/detail/control_allocator_status__type_support.hpp
[299.166s] -- Installing: /home/stepan/ws_ros2/install/px4_msgs/include/px4_msgs/px4_msgs/msg/detail/landing_gear__traits.hpp
[299.166s] -- Installing: /home/stepan/ws_ros2/install/px4_msgs/include/px4_msgs/px4_msgs/msg/detail/normalized_unsigned_setpoint__traits.hpp
[299.166s] -- Installing: /home/stepan/ws_ros2/install/px4_msgs/include/px4_msgs/px4_msgs/msg/detail/parameter_reset_request__struct.hpp
[299.166s] -- Installing: /home/stepan/ws_ros2/install/px4_msgs/include/px4_msgs/px4_msgs/msg/detail/rover_position_setpoint__builder.hpp
[299.166s] -- Installing: /home/stepan/ws_ros2/install/px4_msgs/include/px4_msgs/px4_msgs/msg/detail/actuator_servos_trim__traits.hpp
[299.166s] -- Installing: /home/stepan/ws_ros2/install/px4_msgs/include/px4_msgs/px4_msgs/msg/detail/gimbal_controls__traits.hpp
[299.166s] -- Installing: /home/stepan/ws_ros2/install/px4_msgs/include/px4_msgs/px4_msgs/msg/detail/actuator_test__traits.hpp
[299.166s] -- Installing: /home/stepan/ws_ros2/install/px4_msgs/include/px4_msgs/px4_msgs/msg/detail/sensor_airflow__struct.hpp
[299.166s] -- Installing: /home/stepan/ws_ros2/install/px4_msgs/include/px4_msgs/px4_msgs/msg/detail/wheel_encoders__traits.hpp
[299.166s] -- Installing: /home/stepan/ws_ros2/install/px4_msgs/include/px4_msgs/px4_msgs/msg/detail/vehicle_optical_flow_vel__traits.hpp
[299.166s] -- Installing: /home/stepan/ws_ros2/install/px4_msgs/include/px4_msgs/px4_msgs/msg/detail/button_event__struct.hpp
[299.166s] -- Installing: /home/stepan/ws_ros2/install/px4_msgs/include/px4_msgs/px4_msgs/msg/detail/pps_capture__struct.hpp
[299.166s] -- Installing: /home/stepan/ws_ros2/install/px4_msgs/include/px4_msgs/px4_msgs/msg/detail/position_controller_status__builder.hpp
[299.167s] -- Installing: /home/stepan/ws_ros2/install/px4_msgs/include/px4_msgs/px4_msgs/msg/detail/vehicle_land_detected__traits.hpp
[299.167s] -- Installing: /home/stepan/ws_ros2/install/px4_msgs/include/px4_msgs/px4_msgs/msg/detail/pwm_input__builder.hpp
[299.167s] -- Installing: /home/stepan/ws_ros2/install/px4_msgs/include/px4_msgs/px4_msgs/msg/detail/gps_dump__struct.hpp
[299.167s] -- Installing: /home/stepan/ws_ros2/install/px4_msgs/include/px4_msgs/px4_msgs/msg/detail/position_controller_status__struct.hpp
[299.167s] -- Installing: /home/stepan/ws_ros2/install/px4_msgs/include/px4_msgs/px4_msgs/msg/detail/sensor_hygrometer__struct.hpp
[299.167s] -- Installing: /home/stepan/ws_ros2/install/px4_msgs/include/px4_msgs/px4_msgs/msg/detail/vehicle_angular_velocity__struct.hpp
[299.167s] -- Installing: /home/stepan/ws_ros2/install/px4_msgs/include/px4_msgs/px4_msgs/msg/detail/estimator_status_flags__type_support.hpp
[299.167s] -- Installing: /home/stepan/ws_ros2/install/px4_msgs/include/px4_msgs/px4_msgs/msg/detail/gimbal_device_information__traits.hpp
[299.167s] -- Installing: /home/stepan/ws_ros2/install/px4_msgs/include/px4_msgs/px4_msgs/msg/detail/rover_velocity_status__type_support.hpp
[299.167s] -- Installing: /home/stepan/ws_ros2/install/px4_msgs/include/px4_msgs/px4_msgs/msg/detail/rover_rate_setpoint__type_support.hpp
[299.167s] -- Installing: /home/stepan/ws_ros2/install/px4_msgs/include/px4_msgs/px4_msgs/msg/detail/sensor_correction__struct.hpp
[299.167s] -- Installing: /home/stepan/ws_ros2/install/px4_msgs/include/px4_msgs/px4_msgs/msg/detail/position_controller_landing_status__builder.hpp
[299.167s] -- Installing: /home/stepan/ws_ros2/install/px4_msgs/include/px4_msgs/px4_msgs/msg/detail/arming_check_request__traits.hpp
[299.168s] -- Installing: /home/stepan/ws_ros2/install/px4_msgs/include/px4_msgs/px4_msgs/msg/detail/mag_worker_data__traits.hpp
[299.168s] -- Installing: /home/stepan/ws_ros2/install/px4_msgs/include/px4_msgs/px4_msgs/msg/detail/register_ext_component_request__traits.hpp
[299.168s] -- Installing: /home/stepan/ws_ros2/install/px4_msgs/include/px4_msgs/px4_msgs/msg/detail/system_power__builder.hpp
[299.168s] -- Installing: /home/stepan/ws_ros2/install/px4_msgs/include/px4_msgs/px4_msgs/msg/detail/gimbal_manager_status__struct.hpp
[299.168s] -- Installing: /home/stepan/ws_ros2/install/px4_msgs/include/px4_msgs/px4_msgs/msg/detail/orb_test_large__type_support.hpp
[299.168s] -- Installing: /home/stepan/ws_ros2/install/px4_msgs/include/px4_msgs/px4_msgs/msg/detail/task_stack_info__traits.hpp
[299.168s] -- Installing: /home/stepan/ws_ros2/install/px4_msgs/include/px4_msgs/px4_msgs/msg/detail/arming_check_reply__struct.hpp
[299.168s] -- Installing: /home/stepan/ws_ros2/install/px4_msgs/include/px4_msgs/px4_msgs/msg/detail/estimator_states__struct.hpp
[299.168s] -- Installing: /home/stepan/ws_ros2/install/px4_msgs/include/px4_msgs/px4_msgs/msg/detail/rpm__traits.hpp
[299.168s] -- Installing: /home/stepan/ws_ros2/install/px4_msgs/include/px4_msgs/px4_msgs/msg/detail/register_ext_component_reply__struct.hpp
[299.168s] -- Installing: /home/stepan/ws_ros2/install/px4_msgs/include/px4_msgs/px4_msgs/msg/detail/cpuload__builder.hpp
[299.168s] -- Installing: /home/stepan/ws_ros2/install/px4_msgs/include/px4_msgs/px4_msgs/msg/detail/vehicle_magnetometer__traits.hpp
[299.168s] -- Installing: /home/stepan/ws_ros2/install/px4_msgs/include/px4_msgs/px4_msgs/msg/detail/log_message__type_support.hpp
[299.169s] -- Installing: /home/stepan/ws_ros2/install/px4_msgs/include/px4_msgs/px4_msgs/msg/detail/vehicle_attitude__traits.hpp
[299.169s] -- Installing: /home/stepan/ws_ros2/install/px4_msgs/include/px4_msgs/px4_msgs/msg/detail/wind__struct.hpp
[299.169s] -- Installing: /home/stepan/ws_ros2/install/px4_msgs/include/px4_msgs/px4_msgs/msg/detail/gps_dump__builder.hpp
[299.169s] -- Installing: /home/stepan/ws_ros2/install/px4_msgs/include/px4_msgs/px4_msgs/msg/detail/estimator_gps_status__builder.hpp
[299.169s] -- Installing: /home/stepan/ws_ros2/install/px4_msgs/include/px4_msgs/px4_msgs/msg/detail/landing_target_innovations__struct.hpp
[299.169s] -- Installing: /home/stepan/ws_ros2/install/px4_msgs/include/px4_msgs/px4_msgs/msg/detail/tecs_status__struct.hpp
[299.169s] -- Installing: /home/stepan/ws_ros2/install/px4_msgs/include/px4_msgs/px4_msgs/msg/detail/uavcan_parameter_value__struct.hpp
[299.169s] -- Installing: /home/stepan/ws_ros2/install/px4_msgs/include/px4_msgs/px4_msgs/msg/detail/vehicle_acceleration__traits.hpp
[299.169s] -- Installing: /home/stepan/ws_ros2/install/px4_msgs/include/px4_msgs/px4_msgs/msg/detail/sensors_status_imu__traits.hpp
[299.169s] -- Installing: /home/stepan/ws_ros2/install/px4_msgs/include/px4_msgs/px4_msgs/msg/detail/gripper__struct.hpp
[299.169s] -- Installing: /home/stepan/ws_ros2/install/px4_msgs/include/px4_msgs/px4_msgs/msg/detail/rtl_time_estimate__struct.hpp
[299.169s] -- Installing: /home/stepan/ws_ros2/install/px4_msgs/include/px4_msgs/px4_msgs/msg/detail/config_overrides__traits.hpp
[299.170s] -- Installing: /home/stepan/ws_ros2/install/px4_msgs/include/px4_msgs/px4_msgs/msg/detail/ekf2_timestamps__type_support.hpp
[299.170s] -- Installing: /home/stepan/ws_ros2/install/px4_msgs/include/px4_msgs/px4_msgs/msg/detail/mode_completed__builder.hpp
[299.170s] -- Installing: /home/stepan/ws_ros2/install/px4_msgs/include/px4_msgs/px4_msgs/msg/detail/follow_target_estimator__builder.hpp
[299.170s] -- Installing: /home/stepan/ws_ros2/install/px4_msgs/include/px4_msgs/px4_msgs/msg/detail/rpm__type_support.hpp
[299.170s] -- Installing: /home/stepan/ws_ros2/install/px4_msgs/include/px4_msgs/px4_msgs/msg/detail/ping__traits.hpp
[299.170s] -- Installing: /home/stepan/ws_ros2/install/px4_msgs/include/px4_msgs/px4_msgs/msg/detail/vehicle_imu__traits.hpp
[299.170s] -- Installing: /home/stepan/ws_ros2/install/px4_msgs/include/px4_msgs/px4_msgs/msg/detail/dataman_request__type_support.hpp
[299.170s] -- Installing: /home/stepan/ws_ros2/install/px4_msgs/include/px4_msgs/px4_msgs/msg/detail/gimbal_controls__struct.hpp
[299.170s] -- Installing: /home/stepan/ws_ros2/install/px4_msgs/include/px4_msgs/px4_msgs/msg/detail/mission_result__struct.hpp
[299.170s] -- Installing: /home/stepan/ws_ros2/install/px4_msgs/include/px4_msgs/px4_msgs/msg/detail/vehicle_local_position__builder.hpp
[299.170s] -- Installing: /home/stepan/ws_ros2/install/px4_msgs/include/px4_msgs/px4_msgs/msg/detail/parameter_set_value_response__traits.hpp
[299.170s] -- Installing: /home/stepan/ws_ros2/install/px4_msgs/include/px4_msgs/px4_msgs/msg/detail/task_stack_info__type_support.hpp
[299.170s] -- Installing: /home/stepan/ws_ros2/install/px4_msgs/include/px4_msgs/px4_msgs/msg/detail/unregister_ext_component__builder.hpp
[299.171s] -- Installing: /home/stepan/ws_ros2/install/px4_msgs/include/px4_msgs/px4_msgs/msg/detail/open_drone_id_operator_id__type_support.hpp
[299.171s] -- Installing: /home/stepan/ws_ros2/install/px4_msgs/include/px4_msgs/px4_msgs/msg/detail/vehicle_imu__type_support.hpp
[299.171s] -- Installing: /home/stepan/ws_ros2/install/px4_msgs/include/px4_msgs/px4_msgs/msg/detail/actuator_controls_status__traits.hpp
[299.171s] -- Installing: /home/stepan/ws_ros2/install/px4_msgs/include/px4_msgs/px4_msgs/msg/detail/navigator_mission_item__struct.hpp
[299.171s] -- Installing: /home/stepan/ws_ros2/install/px4_msgs/include/px4_msgs/px4_msgs/msg/detail/button_event__builder.hpp
[299.171s] -- Installing: /home/stepan/ws_ros2/install/px4_msgs/include/px4_msgs/px4_msgs/msg/detail/vtol_vehicle_status__type_support.hpp
[299.171s] -- Installing: /home/stepan/ws_ros2/install/px4_msgs/include/px4_msgs/px4_msgs/msg/detail/rover_velocity_status__builder.hpp
[299.171s] -- Installing: /home/stepan/ws_ros2/install/px4_msgs/include/px4_msgs/px4_msgs/msg/detail/offboard_control_mode__type_support.hpp
[299.171s] -- Installing: /home/stepan/ws_ros2/install/px4_msgs/include/px4_msgs/px4_msgs/msg/detail/sensor_optical_flow__type_support.hpp
[299.171s] -- Installing: /home/stepan/ws_ros2/install/px4_msgs/include/px4_msgs/px4_msgs/msg/detail/flight_phase_estimation__struct.hpp
[299.171s] -- Installing: /home/stepan/ws_ros2/install/px4_msgs/include/px4_msgs/px4_msgs/msg/detail/parameter_set_value_response__type_support.hpp
[299.172s] -- Installing: /home/stepan/ws_ros2/install/px4_msgs/include/px4_msgs/px4_msgs/msg/detail/vehicle_angular_velocity__traits.hpp
[299.172s] -- Installing: /home/stepan/ws_ros2/install/px4_msgs/include/px4_msgs/px4_msgs/msg/detail/follow_target__type_support.hpp
[299.172s] -- Installing: /home/stepan/ws_ros2/install/px4_msgs/include/px4_msgs/px4_msgs/msg/detail/sensor_combined__traits.hpp
[299.172s] -- Installing: /home/stepan/ws_ros2/install/px4_msgs/include/px4_msgs/px4_msgs/msg/detail/mag_worker_data__struct.hpp
[299.172s] -- Installing: /home/stepan/ws_ros2/install/px4_msgs/include/px4_msgs/px4_msgs/msg/detail/camera_status__struct.hpp
[299.172s] -- Installing: /home/stepan/ws_ros2/install/px4_msgs/include/px4_msgs/px4_msgs/msg/detail/message_format_request__struct.hpp
[299.172s] -- Installing: /home/stepan/ws_ros2/install/px4_msgs/include/px4_msgs/px4_msgs/msg/detail/rover_attitude_status__type_support.hpp
[299.172s] -- Installing: /home/stepan/ws_ros2/install/px4_msgs/include/px4_msgs/px4_msgs/msg/detail/open_drone_id_arm_status__struct.hpp
[299.172s] -- Installing: /home/stepan/ws_ros2/install/px4_msgs/include/px4_msgs/px4_msgs/msg/detail/message_format_request__traits.hpp
[299.172s] -- Installing: /home/stepan/ws_ros2/install/px4_msgs/include/px4_msgs/px4_msgs/msg/detail/wheel_encoders__struct.hpp
[299.172s] -- Installing: /home/stepan/ws_ros2/install/px4_msgs/include/px4_msgs/px4_msgs/msg/detail/vtol_vehicle_status__traits.hpp
[299.172s] -- Installing: /home/stepan/ws_ros2/install/px4_msgs/include/px4_msgs/px4_msgs/msg/detail/gpio_request__struct.hpp
[299.173s] -- Installing: /home/stepan/ws_ros2/install/px4_msgs/include/px4_msgs/px4_msgs/msg/detail/event__builder.hpp
[299.173s] -- Installing: /home/stepan/ws_ros2/install/px4_msgs/include/px4_msgs/px4_msgs/msg/detail/normalized_unsigned_setpoint__type_support.hpp
[299.173s] -- Installing: /home/stepan/ws_ros2/install/px4_msgs/include/px4_msgs/px4_msgs/msg/detail/can_interface_status__traits.hpp
[299.173s] -- Installing: /home/stepan/ws_ros2/install/px4_msgs/include/px4_msgs/px4_msgs/msg/detail/power_button_state__builder.hpp
[299.173s] -- Installing: /home/stepan/ws_ros2/install/px4_msgs/include/px4_msgs/px4_msgs/msg/detail/input_rc__traits.hpp
[299.173s] -- Installing: /home/stepan/ws_ros2/install/px4_msgs/include/px4_msgs/px4_msgs/msg/detail/parameter_update__builder.hpp
[299.173s] -- Installing: /home/stepan/ws_ros2/install/px4_msgs/include/px4_msgs/px4_msgs/msg/detail/rtl_time_estimate__builder.hpp
[299.173s] -- Installing: /home/stepan/ws_ros2/install/px4_msgs/include/px4_msgs/px4_msgs/msg/detail/gps_inject_data__type_support.hpp
[299.173s] -- Installing: /home/stepan/ws_ros2/install/px4_msgs/include/px4_msgs/px4_msgs/msg/detail/open_drone_id_system__builder.hpp
[299.173s] -- Installing: /home/stepan/ws_ros2/install/px4_msgs/include/px4_msgs/px4_msgs/msg/detail/gpio_config__struct.hpp
[299.173s] -- Installing: /home/stepan/ws_ros2/install/px4_msgs/include/px4_msgs/px4_msgs/msg/detail/collision_constraints__type_support.hpp
[299.173s] -- Installing: /home/stepan/ws_ros2/install/px4_msgs/include/px4_msgs/px4_msgs/msg/detail/qshell_req__traits.hpp
[299.174s] -- Installing: /home/stepan/ws_ros2/install/px4_msgs/include/px4_msgs/px4_msgs/msg/detail/register_ext_component_request__builder.hpp
[299.174s] -- Installing: /home/stepan/ws_ros2/install/px4_msgs/include/px4_msgs/px4_msgs/msg/detail/mission__type_support.hpp
[299.174s] -- Installing: /home/stepan/ws_ros2/install/px4_msgs/include/px4_msgs/px4_msgs/msg/detail/estimator_status__struct.hpp
[299.174s] -- Installing: /home/stepan/ws_ros2/install/px4_msgs/include/px4_msgs/px4_msgs/msg/detail/estimator_aid_source2d__struct.hpp
[299.174s] -- Installing: /home/stepan/ws_ros2/install/px4_msgs/include/px4_msgs/px4_msgs/msg/detail/navigator_mission_item__type_support.hpp
[299.174s] -- Installing: /home/stepan/ws_ros2/install/px4_msgs/include/px4_msgs/px4_msgs/msg/detail/gimbal_manager_status__builder.hpp
[299.174s] -- Installing: /home/stepan/ws_ros2/install/px4_msgs/include/px4_msgs/px4_msgs/msg/detail/internal_combustion_engine_control__builder.hpp
[299.174s] -- Installing: /home/stepan/ws_ros2/install/px4_msgs/include/px4_msgs/px4_msgs/msg/detail/button_event__traits.hpp
[299.174s] -- Installing: /home/stepan/ws_ros2/install/px4_msgs/include/px4_msgs/px4_msgs/msg/detail/gimbal_manager_set_manual_control__type_support.hpp
[299.174s] -- Installing: /home/stepan/ws_ros2/install/px4_msgs/include/px4_msgs/px4_msgs/msg/detail/rtl_status__type_support.hpp
[299.174s] -- Installing: /home/stepan/ws_ros2/install/px4_msgs/include/px4_msgs/px4_msgs/msg/detail/manual_control_switches__builder.hpp
[299.174s] -- Installing: /home/stepan/ws_ros2/install/px4_msgs/include/px4_msgs/px4_msgs/msg/detail/estimator_status__builder.hpp
[299.175s] -- Installing: /home/stepan/ws_ros2/install/px4_msgs/include/px4_msgs/px4_msgs/msg/detail/unregister_ext_component__struct.hpp
[299.175s] -- Installing: /home/stepan/ws_ros2/install/px4_msgs/include/px4_msgs/px4_msgs/msg/detail/pure_pursuit_status__struct.hpp
[299.175s] -- Installing: /home/stepan/ws_ros2/install/px4_msgs/include/px4_msgs/px4_msgs/msg/detail/estimator_aid_source2d__type_support.hpp
[299.175s] -- Installing: /home/stepan/ws_ros2/install/px4_msgs/include/px4_msgs/px4_msgs/msg/detail/gimbal_controls__type_support.hpp
[299.175s] -- Installing: /home/stepan/ws_ros2/install/px4_msgs/include/px4_msgs/px4_msgs/msg/detail/debug_vect__traits.hpp
[299.175s] -- Installing: /home/stepan/ws_ros2/install/px4_msgs/include/px4_msgs/px4_msgs/msg/detail/airspeed__struct.hpp
[299.175s] -- Installing: /home/stepan/ws_ros2/install/px4_msgs/include/px4_msgs/px4_msgs/msg/detail/parameter_set_used_request__struct.hpp
[299.175s] -- Installing: /home/stepan/ws_ros2/install/px4_msgs/include/px4_msgs/px4_msgs/msg/detail/vehicle_status__traits.hpp
[299.175s] -- Installing: /home/stepan/ws_ros2/install/px4_msgs/include/px4_msgs/px4_msgs/msg/detail/vehicle_optical_flow__type_support.hpp
[299.175s] -- Installing: /home/stepan/ws_ros2/install/px4_msgs/include/px4_msgs/px4_msgs/msg/detail/magnetometer_bias_estimate__struct.hpp
[299.175s] -- Installing: /home/stepan/ws_ros2/install/px4_msgs/include/px4_msgs/px4_msgs/msg/detail/vehicle_thrust_setpoint__struct.hpp
[299.175s] -- Installing: /home/stepan/ws_ros2/install/px4_msgs/include/px4_msgs/px4_msgs/msg/detail/internal_combustion_engine_control__traits.hpp
[299.175s] -- Installing: /home/stepan/ws_ros2/install/px4_msgs/include/px4_msgs/px4_msgs/msg/detail/sensor_hygrometer__type_support.hpp
[299.176s] -- Installing: /home/stepan/ws_ros2/install/px4_msgs/include/px4_msgs/px4_msgs/msg/detail/parameter_set_value_request__type_support.hpp
[299.176s] -- Installing: /home/stepan/ws_ros2/install/px4_msgs/include/px4_msgs/px4_msgs/msg/detail/follow_target_status__traits.hpp
[299.176s] -- Installing: /home/stepan/ws_ros2/install/px4_msgs/include/px4_msgs/px4_msgs/msg/detail/trajectory_setpoint__struct.hpp
[299.176s] -- Installing: /home/stepan/ws_ros2/install/px4_msgs/include/px4_msgs/px4_msgs/msg/detail/follow_target_status__builder.hpp
[299.176s] -- Installing: /home/stepan/ws_ros2/install/px4_msgs/include/px4_msgs/px4_msgs/msg/detail/airspeed_validated__traits.hpp
[299.176s] -- Installing: /home/stepan/ws_ros2/install/px4_msgs/include/px4_msgs/px4_msgs/msg/detail/uavcan_parameter_value__builder.hpp
[299.176s] -- Installing: /home/stepan/ws_ros2/install/px4_msgs/include/px4_msgs/px4_msgs/msg/detail/distance_sensor__traits.hpp
[299.176s] -- Installing: /home/stepan/ws_ros2/install/px4_msgs/include/px4_msgs/px4_msgs/msg/detail/mavlink_tunnel__type_support.hpp
[299.176s] -- Installing: /home/stepan/ws_ros2/install/px4_msgs/include/px4_msgs/px4_msgs/msg/detail/rover_rate_status__builder.hpp
[299.176s] -- Installing: /home/stepan/ws_ros2/install/px4_msgs/include/px4_msgs/px4_msgs/msg/detail/position_controller_landing_status__traits.hpp
[299.176s] -- Installing: /home/stepan/ws_ros2/install/px4_msgs/include/px4_msgs/px4_msgs/msg/detail/sensor_gyro_fft__struct.hpp
[299.176s] -- Installing: /home/stepan/ws_ros2/install/px4_msgs/include/px4_msgs/px4_msgs/msg/detail/vehicle_air_data__type_support.hpp
[299.177s] -- Installing: /home/stepan/ws_ros2/install/px4_msgs/include/px4_msgs/px4_msgs/msg/detail/rate_ctrl_status__traits.hpp
[299.177s] -- Installing: /home/stepan/ws_ros2/install/px4_msgs/include/px4_msgs/px4_msgs/msg/detail/follow_target_estimator__struct.hpp
[299.177s] -- Installing: /home/stepan/ws_ros2/install/px4_msgs/include/px4_msgs/px4_msgs/msg/detail/failsafe_flags__type_support.hpp
[299.177s] -- Installing: /home/stepan/ws_ros2/install/px4_msgs/include/px4_msgs/px4_msgs/msg/detail/fuel_tank_status__builder.hpp
[299.177s] -- Installing: /home/stepan/ws_ros2/install/px4_msgs/include/px4_msgs/px4_msgs/msg/detail/ackermann_velocity_setpoint__traits.hpp
[299.177s] -- Installing: /home/stepan/ws_ros2/install/px4_msgs/include/px4_msgs/px4_msgs/msg/detail/sensor_selection__type_support.hpp
[299.177s] -- Installing: /home/stepan/ws_ros2/install/px4_msgs/include/px4_msgs/px4_msgs/msg/detail/gimbal_manager_information__traits.hpp
[299.177s] -- Installing: /home/stepan/ws_ros2/install/px4_msgs/include/px4_msgs/px4_msgs/msg/detail/open_drone_id_self_id__type_support.hpp
[299.177s] -- Installing: /home/stepan/ws_ros2/install/px4_msgs/include/px4_msgs/px4_msgs/msg/detail/vtol_vehicle_status__builder.hpp
[299.177s] -- Installing: /home/stepan/ws_ros2/install/px4_msgs/include/px4_msgs/px4_msgs/msg/detail/actuator_servos__type_support.hpp
[299.177s] -- Installing: /home/stepan/ws_ros2/install/px4_msgs/include/px4_msgs/px4_msgs/msg/detail/geofence_status__builder.hpp
[299.177s] -- Installing: /home/stepan/ws_ros2/install/px4_msgs/include/px4_msgs/px4_msgs/msg/detail/obstacle_distance__struct.hpp
[299.177s] -- Installing: /home/stepan/ws_ros2/install/px4_msgs/include/px4_msgs/px4_msgs/msg/detail/vehicle_attitude__struct.hpp
[299.178s] -- Installing: /home/stepan/ws_ros2/install/px4_msgs/include/px4_msgs/px4_msgs/msg/detail/offboard_control_mode__traits.hpp
[299.178s] -- Installing: /home/stepan/ws_ros2/install/px4_msgs/include/px4_msgs/px4_msgs/msg/detail/sensor_accel_fifo__traits.hpp
[299.178s] -- Installing: /home/stepan/ws_ros2/install/px4_msgs/include/px4_msgs/px4_msgs/msg/detail/rtl_status__struct.hpp
[299.178s] -- Installing: /home/stepan/ws_ros2/install/px4_msgs/include/px4_msgs/px4_msgs/msg/detail/airspeed_wind__struct.hpp
[299.178s] -- Installing: /home/stepan/ws_ros2/install/px4_msgs/include/px4_msgs/px4_msgs/msg/detail/power_monitor__traits.hpp
[299.178s] -- Installing: /home/stepan/ws_ros2/install/px4_msgs/include/px4_msgs/px4_msgs/msg/detail/landing_target_pose__type_support.hpp
[299.178s] -- Installing: /home/stepan/ws_ros2/install/px4_msgs/include/px4_msgs/px4_msgs/msg/detail/estimator_bias3d__builder.hpp
[299.178s] -- Installing: /home/stepan/ws_ros2/install/px4_msgs/include/px4_msgs/px4_msgs/msg/detail/parameter_set_value_request__builder.hpp
[299.178s] -- Installing: /home/stepan/ws_ros2/install/px4_msgs/include/px4_msgs/px4_msgs/msg/detail/gps_inject_data__struct.hpp
[299.178s] -- Installing: /home/stepan/ws_ros2/install/px4_msgs/include/px4_msgs/px4_msgs/msg/detail/position_setpoint__type_support.hpp
[299.178s] -- Installing: /home/stepan/ws_ros2/install/px4_msgs/include/px4_msgs/px4_msgs/msg/detail/estimator_aid_source1d__builder.hpp
[299.178s] -- Installing: /home/stepan/ws_ros2/install/px4_msgs/include/px4_msgs/px4_msgs/msg/detail/failure_detector_status__traits.hpp
[299.179s] -- Installing: /home/stepan/ws_ros2/install/px4_msgs/include/px4_msgs/px4_msgs/msg/detail/home_position__builder.hpp
[299.179s] -- Installing: /home/stepan/ws_ros2/install/px4_msgs/include/px4_msgs/px4_msgs/msg/detail/position_setpoint_triplet__struct.hpp
[299.179s] -- Installing: /home/stepan/ws_ros2/install/px4_msgs/include/px4_msgs/px4_msgs/msg/detail/landing_target_innovations__type_support.hpp
[299.179s] -- Installing: /home/stepan/ws_ros2/install/px4_msgs/include/px4_msgs/px4_msgs/msg/detail/ulog_stream_ack__traits.hpp
[299.179s] -- Installing: /home/stepan/ws_ros2/install/px4_msgs/include/px4_msgs/px4_msgs/msg/detail/register_ext_component_reply__type_support.hpp
[299.179s] -- Installing: /home/stepan/ws_ros2/install/px4_msgs/include/px4_msgs/px4_msgs/msg/detail/trajectory_setpoint6dof__struct.hpp
[299.179s] -- Installing: /home/stepan/ws_ros2/install/px4_msgs/include/px4_msgs/px4_msgs/msg/detail/position_setpoint__struct.hpp
[299.179s] -- Installing: /home/stepan/ws_ros2/install/px4_msgs/include/px4_msgs/px4_msgs/msg/detail/qshell_req__struct.hpp
[299.179s] -- Installing: /home/stepan/ws_ros2/install/px4_msgs/include/px4_msgs/px4_msgs/msg/detail/rc_channels__type_support.hpp
[299.179s] -- Installing: /home/stepan/ws_ros2/install/px4_msgs/include/px4_msgs/px4_msgs/msg/detail/estimator_aid_source3d__builder.hpp
[299.179s] -- Installing: /home/stepan/ws_ros2/install/px4_msgs/include/px4_msgs/px4_msgs/msg/detail/logger_status__traits.hpp
[299.179s] -- Installing: /home/stepan/ws_ros2/install/px4_msgs/include/px4_msgs/px4_msgs/msg/detail/pwm_input__type_support.hpp
[299.180s] -- Installing: /home/stepan/ws_ros2/install/px4_msgs/include/px4_msgs/px4_msgs/msg/detail/position_controller_status__traits.hpp
[299.180s] -- Installing: /home/stepan/ws_ros2/install/px4_msgs/include/px4_msgs/px4_msgs/msg/detail/dataman_response__type_support.hpp
[299.180s] -- Installing: /home/stepan/ws_ros2/install/px4_msgs/include/px4_msgs/px4_msgs/msg/detail/sensor_gyro__type_support.hpp
[299.180s] -- Installing: /home/stepan/ws_ros2/install/px4_msgs/include/px4_msgs/px4_msgs/msg/detail/ulog_stream__type_support.hpp
[299.180s] -- Installing: /home/stepan/ws_ros2/install/px4_msgs/include/px4_msgs/px4_msgs/msg/detail/airspeed_wind__type_support.hpp
[299.180s] -- Installing: /home/stepan/ws_ros2/install/px4_msgs/include/px4_msgs/px4_msgs/msg/detail/arming_check_reply__builder.hpp
[299.180s] -- Installing: /home/stepan/ws_ros2/install/px4_msgs/include/px4_msgs/px4_msgs/msg/detail/airspeed_validated__struct.hpp
[299.180s] -- Installing: /home/stepan/ws_ros2/install/px4_msgs/include/px4_msgs/px4_msgs/msg/detail/position_setpoint_triplet__builder.hpp
[299.180s] -- Installing: /home/stepan/ws_ros2/install/px4_msgs/include/px4_msgs/px4_msgs/msg/detail/task_stack_info__builder.hpp
[299.180s] -- Installing: /home/stepan/ws_ros2/install/px4_msgs/include/px4_msgs/px4_msgs/msg/detail/estimator_innovations__builder.hpp
[299.180s] -- Installing: /home/stepan/ws_ros2/install/px4_msgs/include/px4_msgs/px4_msgs/msg/detail/satellite_info__struct.hpp
[299.180s] -- Installing: /home/stepan/ws_ros2/install/px4_msgs/include/px4_msgs/px4_msgs/msg/detail/rover_rate_status__traits.hpp
[299.181s] -- Installing: /home/stepan/ws_ros2/install/px4_msgs/include/px4_msgs/px4_msgs/msg/detail/follow_target_status__type_support.hpp
[299.181s] -- Installing: /home/stepan/ws_ros2/install/px4_msgs/include/px4_msgs/px4_msgs/msg/detail/navigator_mission_item__builder.hpp
[299.181s] -- Installing: /home/stepan/ws_ros2/install/px4_msgs/include/px4_msgs/px4_msgs/msg/detail/actuator_motors__builder.hpp
[299.181s] -- Installing: /home/stepan/ws_ros2/install/px4_msgs/include/px4_msgs/px4_msgs/msg/detail/vehicle_odometry__builder.hpp
[299.181s] -- Installing: /home/stepan/ws_ros2/install/px4_msgs/include/px4_msgs/px4_msgs/msg/detail/gimbal_manager_set_manual_control__traits.hpp
[299.181s] -- Installing: /home/stepan/ws_ros2/install/px4_msgs/include/px4_msgs/px4_msgs/msg/detail/rover_position_setpoint__struct.hpp
[299.181s] -- Installing: /home/stepan/ws_ros2/install/px4_msgs/include/px4_msgs/px4_msgs/msg/detail/airspeed__type_support.hpp
[299.181s] -- Installing: /home/stepan/ws_ros2/install/px4_msgs/include/px4_msgs/px4_msgs/msg/detail/health_report__traits.hpp
[299.181s] -- Installing: /home/stepan/ws_ros2/install/px4_msgs/include/px4_msgs/px4_msgs/msg/detail/estimator_sensor_bias__type_support.hpp
[299.181s] -- Installing: /home/stepan/ws_ros2/install/px4_msgs/include/px4_msgs/px4_msgs/msg/detail/gimbal_manager_set_attitude__builder.hpp
[299.181s] -- Installing: /home/stepan/ws_ros2/install/px4_msgs/include/px4_msgs/px4_msgs/msg/detail/vehicle_roi__builder.hpp
[299.181s] -- Installing: /home/stepan/ws_ros2/install/px4_msgs/include/px4_msgs/px4_msgs/msg/detail/estimator_aid_source3d__type_support.hpp
[299.181s] -- Installing: /home/stepan/ws_ros2/install/px4_msgs/include/px4_msgs/px4_msgs/msg/detail/wind__type_support.hpp
[299.182s] -- Installing: /home/stepan/ws_ros2/install/px4_msgs/include/px4_msgs/px4_msgs/msg/detail/sensor_gyro_fifo__traits.hpp
[299.182s] -- Installing: /home/stepan/ws_ros2/install/px4_msgs/include/px4_msgs/px4_msgs/msg/detail/uavcan_parameter_value__traits.hpp
[299.182s] -- Installing: /home/stepan/ws_ros2/install/px4_msgs/include/px4_msgs/px4_msgs/msg/detail/manual_control_switches__struct.hpp
[299.182s] -- Installing: /home/stepan/ws_ros2/install/px4_msgs/include/px4_msgs/px4_msgs/msg/detail/landing_gear__type_support.hpp
[299.182s] -- Installing: /home/stepan/ws_ros2/install/px4_msgs/include/px4_msgs/px4_msgs/msg/detail/actuator_servos__builder.hpp
[299.182s] -- Installing: /home/stepan/ws_ros2/install/px4_msgs/include/px4_msgs/px4_msgs/msg/detail/telemetry_status__traits.hpp
[299.182s] -- Installing: /home/stepan/ws_ros2/install/px4_msgs/include/px4_msgs/px4_msgs/msg/detail/estimator_bias3d__struct.hpp
[299.182s] -- Installing: /home/stepan/ws_ros2/install/px4_msgs/include/px4_msgs/px4_msgs/msg/detail/vehicle_angular_acceleration_setpoint__struct.hpp
[299.182s] -- Installing: /home/stepan/ws_ros2/install/px4_msgs/include/px4_msgs/px4_msgs/msg/detail/sensor_preflight_mag__struct.hpp
[299.182s] -- Installing: /home/stepan/ws_ros2/install/px4_msgs/include/px4_msgs/px4_msgs/msg/detail/landing_gear_wheel__type_support.hpp
[299.182s] -- Installing: /home/stepan/ws_ros2/install/px4_msgs/include/px4_msgs/px4_msgs/msg/detail/can_interface_status__struct.hpp
[299.182s] -- Installing: /home/stepan/ws_ros2/install/px4_msgs/include/px4_msgs/px4_msgs/msg/detail/parameter_reset_request__builder.hpp
[299.183s] -- Installing: /home/stepan/ws_ros2/install/px4_msgs/include/px4_msgs/px4_msgs/msg/detail/adc_report__builder.hpp
[299.183s] -- Installing: /home/stepan/ws_ros2/install/px4_msgs/include/px4_msgs/px4_msgs/msg/detail/radio_status__traits.hpp
[299.183s] -- Installing: /home/stepan/ws_ros2/install/px4_msgs/include/px4_msgs/px4_msgs/msg/detail/vehicle_rates_setpoint__traits.hpp
[299.183s] -- Installing: /home/stepan/ws_ros2/install/px4_msgs/include/px4_msgs/px4_msgs/msg/detail/rtl_time_estimate__traits.hpp
[299.183s] -- Installing: /home/stepan/ws_ros2/install/px4_msgs/include/px4_msgs/px4_msgs/msg/detail/power_monitor__type_support.hpp
[299.183s] -- Installing: /home/stepan/ws_ros2/install/px4_msgs/include/px4_msgs/px4_msgs/msg/detail/estimator_event_flags__traits.hpp
[299.183s] -- Installing: /home/stepan/ws_ros2/install/px4_msgs/include/px4_msgs/px4_msgs/msg/detail/rover_attitude_status__traits.hpp
[299.183s] -- Installing: /home/stepan/ws_ros2/install/px4_msgs/include/px4_msgs/px4_msgs/msg/detail/gpio_config__builder.hpp
[299.183s] -- Installing: /home/stepan/ws_ros2/install/px4_msgs/include/px4_msgs/px4_msgs/msg/detail/led_control__type_support.hpp
[299.183s] -- Installing: /home/stepan/ws_ros2/install/px4_msgs/include/px4_msgs/px4_msgs/msg/detail/battery_status__traits.hpp
[299.183s] -- Installing: /home/stepan/ws_ros2/install/px4_msgs/include/px4_msgs/px4_msgs/msg/detail/actuator_servos_trim__builder.hpp
[299.183s] -- Installing: /home/stepan/ws_ros2/install/px4_msgs/include/px4_msgs/px4_msgs/msg/detail/open_drone_id_system__traits.hpp
[299.184s] -- Installing: /home/stepan/ws_ros2/install/px4_msgs/include/px4_msgs/px4_msgs/msg/detail/gimbal_manager_information__builder.hpp
[299.184s] -- Installing: /home/stepan/ws_ros2/install/px4_msgs/include/px4_msgs/px4_msgs/msg/detail/landing_target_pose__struct.hpp
[299.184s] -- Installing: /home/stepan/ws_ros2/install/px4_msgs/include/px4_msgs/px4_msgs/msg/detail/vehicle_acceleration__builder.hpp
[299.184s] -- Installing: /home/stepan/ws_ros2/install/px4_msgs/include/px4_msgs/px4_msgs/msg/detail/gimbal_device_attitude_status__type_support.hpp
[299.184s] -- Installing: /home/stepan/ws_ros2/install/px4_msgs/include/px4_msgs/px4_msgs/msg/detail/sensor_selection__traits.hpp
[299.184s] -- Installing: /home/stepan/ws_ros2/install/px4_msgs/include/px4_msgs/px4_msgs/msg/detail/parameter_update__type_support.hpp
[299.184s] -- Installing: /home/stepan/ws_ros2/install/px4_msgs/include/px4_msgs/px4_msgs/msg/detail/vehicle_global_position__struct.hpp
[299.184s] -- Installing: /home/stepan/ws_ros2/install/px4_msgs/include/px4_msgs/px4_msgs/msg/detail/sensor_hygrometer__traits.hpp
[299.184s] -- Installing: /home/stepan/ws_ros2/install/px4_msgs/include/px4_msgs/px4_msgs/msg/detail/differential_pressure__struct.hpp
[299.184s] -- Installing: /home/stepan/ws_ros2/install/px4_msgs/include/px4_msgs/px4_msgs/msg/detail/actuator_outputs__traits.hpp
[299.184s] -- Installing: /home/stepan/ws_ros2/install/px4_msgs/include/px4_msgs/px4_msgs/msg/detail/airspeed_wind__builder.hpp
[299.184s] -- Installing: /home/stepan/ws_ros2/install/px4_msgs/include/px4_msgs/px4_msgs/msg/detail/actuator_servos_trim__struct.hpp
[299.184s] -- Installing: /home/stepan/ws_ros2/install/px4_msgs/include/px4_msgs/px4_msgs/msg/detail/home_position__traits.hpp
[299.185s] -- Installing: /home/stepan/ws_ros2/install/px4_msgs/include/px4_msgs/px4_msgs/msg/detail/vehicle_local_position_setpoint__traits.hpp
[299.185s] -- Installing: /home/stepan/ws_ros2/install/px4_msgs/include/px4_msgs/px4_msgs/msg/detail/gps_dump__type_support.hpp
[299.185s] -- Installing: /home/stepan/ws_ros2/install/px4_msgs/include/px4_msgs/px4_msgs/msg/detail/vehicle_angular_acceleration_setpoint__type_support.hpp
[299.185s] -- Installing: /home/stepan/ws_ros2/install/px4_msgs/include/px4_msgs/px4_msgs/msg/detail/vehicle_land_detected__builder.hpp
[299.185s] -- Installing: /home/stepan/ws_ros2/install/px4_msgs/include/px4_msgs/px4_msgs/msg/detail/debug_value__builder.hpp
[299.185s] -- Installing: /home/stepan/ws_ros2/install/px4_msgs/include/px4_msgs/px4_msgs/msg/detail/gpio_out__traits.hpp
[299.185s] -- Installing: /home/stepan/ws_ros2/install/px4_msgs/include/px4_msgs/px4_msgs/msg/detail/health_report__builder.hpp
[299.185s] -- Installing: /home/stepan/ws_ros2/install/px4_msgs/include/px4_msgs/px4_msgs/msg/detail/yaw_estimator_status__builder.hpp
[299.185s] -- Installing: /home/stepan/ws_ros2/install/px4_msgs/include/px4_msgs/px4_msgs/msg/detail/mission_result__builder.hpp
[299.185s] -- Installing: /home/stepan/ws_ros2/install/px4_msgs/include/px4_msgs/px4_msgs/msg/detail/generator_status__traits.hpp
[299.185s] -- Installing: /home/stepan/ws_ros2/install/px4_msgs/include/px4_msgs/px4_msgs/msg/detail/vehicle_thrust_setpoint__traits.hpp
[299.185s] -- Installing: /home/stepan/ws_ros2/install/px4_msgs/include/px4_msgs/px4_msgs/msg/detail/ulog_stream_ack__struct.hpp
[299.186s] -- Installing: /home/stepan/ws_ros2/install/px4_msgs/include/px4_msgs/px4_msgs/msg/detail/gimbal_manager_set_attitude__struct.hpp
[299.186s] -- Installing: /home/stepan/ws_ros2/install/px4_msgs/include/px4_msgs/px4_msgs/msg/detail/gimbal_controls__builder.hpp
[299.186s] -- Installing: /home/stepan/ws_ros2/install/px4_msgs/include/px4_msgs/px4_msgs/msg/detail/takeoff_status__builder.hpp
[299.186s] -- Installing: /home/stepan/ws_ros2/install/px4_msgs/include/px4_msgs/px4_msgs/msg/detail/vehicle_local_position__struct.hpp
[299.186s] -- Installing: /home/stepan/ws_ros2/install/px4_msgs/include/px4_msgs/px4_msgs/msg/detail/sensor_selection__struct.hpp
[299.186s] -- Installing: /home/stepan/ws_ros2/install/px4_msgs/include/px4_msgs/px4_msgs/msg/detail/internal_combustion_engine_status__traits.hpp
[299.186s] -- Installing: /home/stepan/ws_ros2/install/px4_msgs/include/px4_msgs/px4_msgs/msg/detail/vehicle_local_position_setpoint__type_support.hpp
[299.186s] -- Installing: /home/stepan/ws_ros2/install/px4_msgs/include/px4_msgs/px4_msgs/msg/detail/register_ext_component_request__type_support.hpp
[299.186s] -- Installing: /home/stepan/ws_ros2/install/px4_msgs/include/px4_msgs/px4_msgs/msg/detail/rover_throttle_setpoint__struct.hpp
[299.186s] -- Installing: /home/stepan/ws_ros2/install/px4_msgs/include/px4_msgs/px4_msgs/msg/detail/gpio_in__traits.hpp
[299.186s] -- Installing: /home/stepan/ws_ros2/install/px4_msgs/include/px4_msgs/px4_msgs/msg/detail/estimator_aid_source1d__struct.hpp
[299.186s] -- Installing: /home/stepan/ws_ros2/install/px4_msgs/include/px4_msgs/px4_msgs/msg/detail/rover_throttle_setpoint__traits.hpp
[299.187s] -- Installing: /home/stepan/ws_ros2/install/px4_msgs/include/px4_msgs/px4_msgs/msg/detail/vehicle_attitude_setpoint__struct.hpp
[299.187s] -- Installing: /home/stepan/ws_ros2/install/px4_msgs/include/px4_msgs/px4_msgs/msg/detail/register_ext_component_request__struct.hpp
[299.187s] -- Installing: /home/stepan/ws_ros2/install/px4_msgs/include/px4_msgs/px4_msgs/msg/detail/sensor_correction__traits.hpp
[299.187s] -- Installing: /home/stepan/ws_ros2/install/px4_msgs/include/px4_msgs/px4_msgs/msg/detail/internal_combustion_engine_status__struct.hpp
[299.187s] -- Installing: /home/stepan/ws_ros2/install/px4_msgs/include/px4_msgs/px4_msgs/msg/detail/timesync_status__builder.hpp
[299.187s] -- Installing: /home/stepan/ws_ros2/install/px4_msgs/include/px4_msgs/px4_msgs/msg/detail/sensor_airflow__type_support.hpp
[299.187s] -- Installing: /home/stepan/ws_ros2/install/px4_msgs/include/px4_msgs/px4_msgs/msg/detail/esc_report__builder.hpp
[299.187s] -- Installing: /home/stepan/ws_ros2/install/px4_msgs/include/px4_msgs/px4_msgs/msg/detail/message_format_response__type_support.hpp
[299.187s] -- Installing: /home/stepan/ws_ros2/install/px4_msgs/include/px4_msgs/px4_msgs/msg/detail/mavlink_tunnel__builder.hpp
[299.187s] -- Installing: /home/stepan/ws_ros2/install/px4_msgs/include/px4_msgs/px4_msgs/msg/detail/mount_orientation__struct.hpp
[299.187s] -- Installing: /home/stepan/ws_ros2/install/px4_msgs/include/px4_msgs/px4_msgs/msg/detail/adc_report__traits.hpp
[299.188s] -- Installing: /home/stepan/ws_ros2/install/px4_msgs/include/px4_msgs/px4_msgs/msg/detail/log_message__builder.hpp
[299.188s] -- Installing: /home/stepan/ws_ros2/install/px4_msgs/include/px4_msgs/px4_msgs/msg/detail/arming_check_reply__traits.hpp
[299.188s] -- Installing: /home/stepan/ws_ros2/install/px4_msgs/include/px4_msgs/px4_msgs/msg/detail/sensor_uwb__builder.hpp
[299.188s] -- Installing: /home/stepan/ws_ros2/install/px4_msgs/include/px4_msgs/px4_msgs/msg/detail/sensor_accel_fifo__builder.hpp
[299.188s] -- Installing: /home/stepan/ws_ros2/install/px4_msgs/include/px4_msgs/px4_msgs/msg/detail/sensor_preflight_mag__builder.hpp
[299.189s] -- Installing: /home/stepan/ws_ros2/install/px4_msgs/include/px4_msgs/px4_msgs/msg/detail/irlock_report__type_support.hpp
[299.189s] -- Installing: /home/stepan/ws_ros2/install/px4_msgs/include/px4_msgs/px4_msgs/msg/detail/pure_pursuit_status__traits.hpp
[299.189s] -- Installing: /home/stepan/ws_ros2/install/px4_msgs/include/px4_msgs/px4_msgs/msg/detail/dataman_request__builder.hpp
[299.189s] -- Installing: /home/stepan/ws_ros2/install/px4_msgs/include/px4_msgs/px4_msgs/msg/detail/ulog_stream__builder.hpp
[299.189s] -- Installing: /home/stepan/ws_ros2/install/px4_msgs/include/px4_msgs/px4_msgs/msg/detail/ping__struct.hpp
[299.189s] -- Installing: /home/stepan/ws_ros2/install/px4_msgs/include/px4_msgs/px4_msgs/msg/detail/control_allocator_status__builder.hpp
[299.189s] -- Installing: /home/stepan/ws_ros2/install/px4_msgs/include/px4_msgs/px4_msgs/msg/detail/trajectory_setpoint__builder.hpp
[299.189s] -- Installing: /home/stepan/ws_ros2/install/px4_msgs/include/px4_msgs/px4_msgs/msg/detail/actuator_motors__struct.hpp
[299.189s] -- Installing: /home/stepan/ws_ros2/install/px4_msgs/include/px4_msgs/px4_msgs/msg/detail/actuator_servos_trim__type_support.hpp
[299.189s] -- Installing: /home/stepan/ws_ros2/install/px4_msgs/include/px4_msgs/px4_msgs/msg/detail/ulog_stream_ack__builder.hpp
[299.189s] -- Installing: /home/stepan/ws_ros2/install/px4_msgs/include/px4_msgs/px4_msgs/msg/detail/debug_array__builder.hpp
[299.190s] -- Installing: /home/stepan/ws_ros2/install/px4_msgs/include/px4_msgs/px4_msgs/msg/detail/gps_inject_data__traits.hpp
[299.190s] -- Installing: /home/stepan/ws_ros2/install/px4_msgs/include/px4_msgs/px4_msgs/msg/detail/normalized_unsigned_setpoint__builder.hpp
[299.190s] -- Installing: /home/stepan/ws_ros2/install/px4_msgs/include/px4_msgs/px4_msgs/msg/detail/vehicle_attitude__builder.hpp
[299.190s] -- Installing: /home/stepan/ws_ros2/install/px4_msgs/include/px4_msgs/px4_msgs/msg/detail/camera_trigger__type_support.hpp
[299.190s] -- Installing: /home/stepan/ws_ros2/install/px4_msgs/include/px4_msgs/px4_msgs/msg/detail/vehicle_air_data__traits.hpp
[299.190s] -- Installing: /home/stepan/ws_ros2/install/px4_msgs/include/px4_msgs/px4_msgs/msg/detail/gps_dump__traits.hpp
[299.190s] -- Installing: /home/stepan/ws_ros2/install/px4_msgs/include/px4_msgs/px4_msgs/msg/detail/logger_status__type_support.hpp
[299.190s] -- Installing: /home/stepan/ws_ros2/install/px4_msgs/include/px4_msgs/px4_msgs/msg/detail/estimator_event_flags__struct.hpp
[299.190s] -- Installing: /home/stepan/ws_ros2/install/px4_msgs/include/px4_msgs/px4_msgs/msg/detail/gpio_in__type_support.hpp
[299.190s] -- Installing: /home/stepan/ws_ros2/install/px4_msgs/include/px4_msgs/px4_msgs/msg/detail/flight_phase_estimation__traits.hpp
[299.190s] -- Installing: /home/stepan/ws_ros2/install/px4_msgs/include/px4_msgs/px4_msgs/msg/detail/parameter_reset_request__type_support.hpp
[299.190s] -- Installing: /home/stepan/ws_ros2/install/px4_msgs/include/px4_msgs/px4_msgs/msg/detail/vehicle_command_ack__type_support.hpp
[299.191s] -- Installing: /home/stepan/ws_ros2/install/px4_msgs/include/px4_msgs/px4_msgs/msg/detail/timesync_status__struct.hpp
[299.191s] -- Installing: /home/stepan/ws_ros2/install/px4_msgs/include/px4_msgs/px4_msgs/msg/detail/normalized_unsigned_setpoint__struct.hpp
[299.191s] -- Installing: /home/stepan/ws_ros2/install/px4_msgs/include/px4_msgs/px4_msgs/msg/detail/orb_test_medium__builder.hpp
[299.191s] -- Installing: /home/stepan/ws_ros2/install/px4_msgs/include/px4_msgs/px4_msgs/msg/detail/ping__type_support.hpp
[299.191s] -- Installing: /home/stepan/ws_ros2/install/px4_msgs/include/px4_msgs/px4_msgs/msg/detail/ackermann_velocity_setpoint__struct.hpp
[299.191s] -- Installing: /home/stepan/ws_ros2/install/px4_msgs/include/px4_msgs/px4_msgs/msg/detail/pwm_input__traits.hpp
[299.191s] -- Installing: /home/stepan/ws_ros2/install/px4_msgs/include/px4_msgs/px4_msgs/msg/detail/esc_status__builder.hpp
[299.191s] -- Installing: /home/stepan/ws_ros2/install/px4_msgs/include/px4_msgs/px4_msgs/msg/detail/unregister_ext_component__type_support.hpp
[299.191s] -- Installing: /home/stepan/ws_ros2/install/px4_msgs/include/px4_msgs/px4_msgs/msg/detail/action_request__type_support.hpp
[299.191s] -- Installing: /home/stepan/ws_ros2/install/px4_msgs/include/px4_msgs/px4_msgs/msg/detail/cellular_status__type_support.hpp
[299.191s] -- Installing: /home/stepan/ws_ros2/install/px4_msgs/include/px4_msgs/px4_msgs/msg/detail/rover_rate_setpoint__traits.hpp
[299.191s] -- Installing: /home/stepan/ws_ros2/install/px4_msgs/include/px4_msgs/px4_msgs/msg/detail/pure_pursuit_status__type_support.hpp
[299.191s] -- Installing: /home/stepan/ws_ros2/install/px4_msgs/include/px4_msgs/px4_msgs/msg/detail/navigator_status__type_support.hpp
[299.191s] -- Installing: /home/stepan/ws_ros2/install/px4_msgs/include/px4_msgs/px4_msgs/msg/detail/offboard_control_mode__builder.hpp
[299.192s] -- Installing: /home/stepan/ws_ros2/install/px4_msgs/include/px4_msgs/px4_msgs/msg/detail/irlock_report__struct.hpp
[299.192s] -- Installing: /home/stepan/ws_ros2/install/px4_msgs/include/px4_msgs/px4_msgs/msg/detail/orb_test_large__builder.hpp
[299.192s] -- Installing: /home/stepan/ws_ros2/install/px4_msgs/include/px4_msgs/px4_msgs/msg/detail/rover_position_setpoint__traits.hpp
[299.192s] -- Installing: /home/stepan/ws_ros2/install/px4_msgs/include/px4_msgs/px4_msgs/msg/detail/rtl_time_estimate__type_support.hpp
[299.192s] -- Installing: /home/stepan/ws_ros2/install/px4_msgs/include/px4_msgs/px4_msgs/msg/detail/vehicle_command__traits.hpp
[299.192s] -- Installing: /home/stepan/ws_ros2/install/px4_msgs/include/px4_msgs/px4_msgs/msg/detail/landing_gear_wheel__struct.hpp
[299.192s] -- Installing: /home/stepan/ws_ros2/install/px4_msgs/include/px4_msgs/px4_msgs/msg/detail/autotune_attitude_control_status__builder.hpp
[299.192s] -- Installing: /home/stepan/ws_ros2/install/px4_msgs/include/px4_msgs/px4_msgs/msg/detail/navigator_status__traits.hpp
[299.192s] -- Installing: /home/stepan/ws_ros2/install/px4_msgs/include/px4_msgs/px4_msgs/msg/detail/gimbal_device_attitude_status__builder.hpp
[299.192s] -- Installing: /home/stepan/ws_ros2/install/px4_msgs/include/px4_msgs/px4_msgs/msg/detail/heater_status__builder.hpp
[299.192s] -- Installing: /home/stepan/ws_ros2/install/px4_msgs/include/px4_msgs/px4_msgs/msg/detail/parameter_set_value_request__traits.hpp
[299.192s] -- Installing: /home/stepan/ws_ros2/install/px4_msgs/include/px4_msgs/px4_msgs/msg/detail/figure_eight_status__builder.hpp
[299.193s] -- Installing: /home/stepan/ws_ros2/install/px4_msgs/include/px4_msgs/px4_msgs/msg/detail/actuator_servos__struct.hpp
[299.193s] -- Installing: /home/stepan/ws_ros2/install/px4_msgs/include/px4_msgs/px4_msgs/msg/detail/ekf2_timestamps__traits.hpp
[299.193s] -- Installing: /home/stepan/ws_ros2/install/px4_msgs/include/px4_msgs/px4_msgs/msg/detail/gimbal_manager_information__struct.hpp
[299.193s] -- Installing: /home/stepan/ws_ros2/install/px4_msgs/include/px4_msgs/px4_msgs/msg/detail/internal_combustion_engine_control__type_support.hpp
[299.193s] -- Installing: /home/stepan/ws_ros2/install/px4_msgs/include/px4_msgs/px4_msgs/msg/detail/distance_sensor_mode_change_request__type_support.hpp
[299.193s] -- Installing: /home/stepan/ws_ros2/install/px4_msgs/include/px4_msgs/px4_msgs/msg/detail/message_format_response__struct.hpp
[299.193s] -- Installing: /home/stepan/ws_ros2/install/px4_msgs/include/px4_msgs/px4_msgs/msg/detail/sensor_selection__builder.hpp
[299.193s] -- Installing: /home/stepan/ws_ros2/install/px4_msgs/include/px4_msgs/px4_msgs/msg/detail/sensor_correction__builder.hpp
[299.193s] -- Installing: /home/stepan/ws_ros2/install/px4_msgs/include/px4_msgs/px4_msgs/msg/detail/sensor_gyro__traits.hpp
[299.193s] -- Installing: /home/stepan/ws_ros2/install/px4_msgs/include/px4_msgs/px4_msgs/msg/detail/follow_target__struct.hpp
[299.193s] -- Installing: /home/stepan/ws_ros2/install/px4_msgs/include/px4_msgs/px4_msgs/msg/detail/vehicle_optical_flow__builder.hpp
[299.193s] -- Installing: /home/stepan/ws_ros2/install/px4_msgs/include/px4_msgs/px4_msgs/msg/detail/vehicle_command_ack__struct.hpp
[299.194s] -- Installing: /home/stepan/ws_ros2/install/px4_msgs/include/px4_msgs/px4_msgs/msg/detail/rate_ctrl_status__struct.hpp
[299.194s] -- Installing: /home/stepan/ws_ros2/install/px4_msgs/include/px4_msgs/px4_msgs/msg/detail/vehicle_local_position_setpoint__builder.hpp
[299.194s] -- Installing: /home/stepan/ws_ros2/install/px4_msgs/include/px4_msgs/px4_msgs/msg/detail/generator_status__struct.hpp
[299.194s] -- Installing: /home/stepan/ws_ros2/install/px4_msgs/include/px4_msgs/px4_msgs/msg/detail/sensor_gps__type_support.hpp
[299.194s] -- Installing: /home/stepan/ws_ros2/install/px4_msgs/include/px4_msgs/px4_msgs/msg/detail/tiltrotor_extra_controls__type_support.hpp
[299.194s] -- Installing: /home/stepan/ws_ros2/install/px4_msgs/include/px4_msgs/px4_msgs/msg/detail/vehicle_magnetometer__builder.hpp
[299.194s] -- Installing: /home/stepan/ws_ros2/install/px4_msgs/include/px4_msgs/px4_msgs/msg/detail/vehicle_imu_status__traits.hpp
[299.194s] -- Installing: /home/stepan/ws_ros2/install/px4_msgs/include/px4_msgs/px4_msgs/msg/detail/iridiumsbd_status__builder.hpp
[299.194s] -- Installing: /home/stepan/ws_ros2/install/px4_msgs/include/px4_msgs/px4_msgs/msg/detail/tecs_status__type_support.hpp
[299.194s] -- Installing: /home/stepan/ws_ros2/install/px4_msgs/include/px4_msgs/px4_msgs/msg/detail/rc_parameter_map__builder.hpp
[299.194s] -- Installing: /home/stepan/ws_ros2/install/px4_msgs/include/px4_msgs/px4_msgs/msg/detail/home_position__struct.hpp
[299.194s] -- Installing: /home/stepan/ws_ros2/install/px4_msgs/include/px4_msgs/px4_msgs/msg/detail/magnetometer_bias_estimate__builder.hpp
[299.195s] -- Installing: /home/stepan/ws_ros2/install/px4_msgs/include/px4_msgs/px4_msgs/msg/detail/mag_worker_data__builder.hpp
[299.195s] -- Installing: /home/stepan/ws_ros2/install/px4_msgs/include/px4_msgs/px4_msgs/msg/detail/vehicle_angular_velocity__builder.hpp
[299.195s] -- Installing: /home/stepan/ws_ros2/install/px4_msgs/include/px4_msgs/px4_msgs/msg/detail/estimator_event_flags__type_support.hpp
[299.195s] -- Installing: /home/stepan/ws_ros2/install/px4_msgs/include/px4_msgs/px4_msgs/msg/detail/parameter_update__traits.hpp
[299.195s] -- Installing: /home/stepan/ws_ros2/install/px4_msgs/include/px4_msgs/px4_msgs/msg/detail/debug_array__struct.hpp
[299.195s] -- Installing: /home/stepan/ws_ros2/install/px4_msgs/include/px4_msgs/px4_msgs/msg/detail/esc_status__struct.hpp
[299.195s] -- Installing: /home/stepan/ws_ros2/install/px4_msgs/include/px4_msgs/px4_msgs/msg/detail/mode_completed__traits.hpp
[299.195s] -- Installing: /home/stepan/ws_ros2/install/px4_msgs/include/px4_msgs/px4_msgs/msg/detail/mode_completed__type_support.hpp
[299.195s] -- Installing: /home/stepan/ws_ros2/install/px4_msgs/include/px4_msgs/px4_msgs/msg/detail/adc_report__type_support.hpp
[299.195s] -- Installing: /home/stepan/ws_ros2/install/px4_msgs/include/px4_msgs/px4_msgs/msg/detail/ulog_stream__struct.hpp
[299.195s] -- Installing: /home/stepan/ws_ros2/install/px4_msgs/include/px4_msgs/px4_msgs/msg/detail/hover_thrust_estimate__struct.hpp
[299.195s] -- Installing: /home/stepan/ws_ros2/install/px4_msgs/include/px4_msgs/px4_msgs/msg/detail/landing_gear_wheel__traits.hpp
[299.195s] -- Installing: /home/stepan/ws_ros2/install/px4_msgs/include/px4_msgs/px4_msgs/msg/detail/debug_value__type_support.hpp
[299.196s] -- Installing: /home/stepan/ws_ros2/install/px4_msgs/include/px4_msgs/px4_msgs/msg/detail/sensors_status_imu__struct.hpp
[299.196s] -- Installing: /home/stepan/ws_ros2/install/px4_msgs/include/px4_msgs/px4_msgs/msg/detail/differential_pressure__builder.hpp
[299.196s] -- Installing: /home/stepan/ws_ros2/install/px4_msgs/include/px4_msgs/px4_msgs/msg/detail/geofence_result__struct.hpp
[299.196s] -- Installing: /home/stepan/ws_ros2/install/px4_msgs/include/px4_msgs/px4_msgs/msg/detail/mission__builder.hpp
[299.196s] -- Installing: /home/stepan/ws_ros2/install/px4_msgs/include/px4_msgs/px4_msgs/msg/detail/health_report__type_support.hpp
[299.196s] -- Installing: /home/stepan/ws_ros2/install/px4_msgs/include/px4_msgs/px4_msgs/msg/detail/onboard_computer_status__traits.hpp
[299.196s] -- Installing: /home/stepan/ws_ros2/install/px4_msgs/include/px4_msgs/px4_msgs/msg/detail/estimator_event_flags__builder.hpp
[299.196s] -- Installing: /home/stepan/ws_ros2/install/px4_msgs/include/px4_msgs/px4_msgs/msg/detail/sensor_gps__struct.hpp
[299.196s] -- Installing: /home/stepan/ws_ros2/install/px4_msgs/include/px4_msgs/px4_msgs/msg/detail/follow_target__traits.hpp
[299.196s] -- Installing: /home/stepan/ws_ros2/install/px4_msgs/include/px4_msgs/px4_msgs/msg/detail/sensor_gnss_relative__traits.hpp
[299.196s] -- Installing: /home/stepan/ws_ros2/install/px4_msgs/include/px4_msgs/px4_msgs/msg/detail/gpio_out__type_support.hpp
[299.197s] -- Installing: /home/stepan/ws_ros2/install/px4_msgs/include/px4_msgs/px4_msgs/msg/detail/sensor_accel_fifo__struct.hpp
[299.197s] -- Installing: /home/stepan/ws_ros2/install/px4_msgs/include/px4_msgs/px4_msgs/msg/detail/open_drone_id_system__type_support.hpp
[299.197s] -- Installing: /home/stepan/ws_ros2/install/px4_msgs/include/px4_msgs/px4_msgs/msg/detail/gimbal_device_set_attitude__struct.hpp
[299.197s] -- Installing: /home/stepan/ws_ros2/install/px4_msgs/include/px4_msgs/px4_msgs/msg/detail/action_request__builder.hpp
[299.197s] -- Installing: /home/stepan/ws_ros2/install/px4_msgs/include/px4_msgs/px4_msgs/msg/detail/vehicle_torque_setpoint__type_support.hpp
[299.197s] -- Installing: /home/stepan/ws_ros2/install/px4_msgs/include/px4_msgs/px4_msgs/msg/detail/magnetometer_bias_estimate__traits.hpp
[299.197s] -- Installing: /home/stepan/ws_ros2/install/px4_msgs/include/px4_msgs/px4_msgs/msg/detail/uavcan_parameter_request__type_support.hpp
[299.197s] -- Installing: /home/stepan/ws_ros2/install/px4_msgs/include/px4_msgs/px4_msgs/msg/detail/actuator_motors__traits.hpp
[299.197s] -- Installing: /home/stepan/ws_ros2/install/px4_msgs/include/px4_msgs/px4_msgs/msg/detail/rtl_status__traits.hpp
[299.197s] -- Installing: /home/stepan/ws_ros2/install/px4_msgs/include/px4_msgs/px4_msgs/msg/detail/trajectory_setpoint6dof__builder.hpp
[299.197s] -- Installing: /home/stepan/ws_ros2/install/px4_msgs/include/px4_msgs/px4_msgs/msg/detail/rover_attitude_status__builder.hpp
[299.197s] -- Installing: /home/stepan/ws_ros2/install/px4_msgs/include/px4_msgs/px4_msgs/msg/detail/gpio_config__traits.hpp
[299.197s] -- Installing: /home/stepan/ws_ros2/install/px4_msgs/include/px4_msgs/px4_msgs/msg/detail/tiltrotor_extra_controls__traits.hpp
[299.198s] -- Installing: /home/stepan/ws_ros2/install/px4_msgs/include/px4_msgs/px4_msgs/msg/detail/mavlink_log__builder.hpp
[299.198s] -- Installing: /home/stepan/ws_ros2/install/px4_msgs/include/px4_msgs/px4_msgs/msg/detail/vehicle_control_mode__traits.hpp
[299.198s] -- Installing: /home/stepan/ws_ros2/install/px4_msgs/include/px4_msgs/px4_msgs/msg/detail/vehicle_rates_setpoint__type_support.hpp
[299.198s] -- Installing: /home/stepan/ws_ros2/install/px4_msgs/include/px4_msgs/px4_msgs/msg/detail/gpio_in__struct.hpp
[299.198s] -- Installing: /home/stepan/ws_ros2/install/px4_msgs/include/px4_msgs/px4_msgs/msg/detail/vehicle_constraints__builder.hpp
[299.198s] -- Installing: /home/stepan/ws_ros2/install/px4_msgs/include/px4_msgs/px4_msgs/msg/detail/estimator_bias3d__type_support.hpp
[299.198s] -- Installing: /home/stepan/ws_ros2/install/px4_msgs/include/px4_msgs/px4_msgs/msg/detail/vehicle_angular_velocity__type_support.hpp
[299.198s] -- Installing: /home/stepan/ws_ros2/install/px4_msgs/include/px4_msgs/px4_msgs/msg/detail/led_control__traits.hpp
[299.198s] -- Installing: /home/stepan/ws_ros2/install/px4_msgs/include/px4_msgs/px4_msgs/msg/detail/vehicle_attitude_setpoint__traits.hpp
[299.198s] -- Installing: /home/stepan/ws_ros2/install/px4_msgs/include/px4_msgs/px4_msgs/msg/detail/sensor_combined__type_support.hpp
[299.198s] -- Installing: /home/stepan/ws_ros2/install/px4_msgs/include/px4_msgs/px4_msgs/msg/detail/gimbal_device_set_attitude__builder.hpp
[299.198s] -- Installing: /home/stepan/ws_ros2/install/px4_msgs/include/px4_msgs/px4_msgs/msg/detail/geofence_result__type_support.hpp
[299.199s] -- Installing: /home/stepan/ws_ros2/install/px4_msgs/include/px4_msgs/px4_msgs/msg/detail/airspeed_wind__traits.hpp
[299.199s] -- Installing: /home/stepan/ws_ros2/install/px4_msgs/include/px4_msgs/px4_msgs/msg/detail/debug_vect__type_support.hpp
[299.199s] -- Installing: /home/stepan/ws_ros2/install/px4_msgs/include/px4_msgs/px4_msgs/msg/detail/estimator_status__traits.hpp
[299.199s] -- Installing: /home/stepan/ws_ros2/install/px4_msgs/include/px4_msgs/px4_msgs/msg/detail/gimbal_device_information__struct.hpp
[299.199s] -- Installing: /home/stepan/ws_ros2/install/px4_msgs/include/px4_msgs/px4_msgs/msg/detail/cellular_status__struct.hpp
[299.199s] -- Installing: /home/stepan/ws_ros2/install/px4_msgs/include/px4_msgs/px4_msgs/msg/detail/collision_constraints__builder.hpp
[299.199s] -- Installing: /home/stepan/ws_ros2/install/px4_msgs/include/px4_msgs/px4_msgs/msg/detail/log_message__traits.hpp
[299.199s] -- Installing: /home/stepan/ws_ros2/install/px4_msgs/include/px4_msgs/px4_msgs/msg/detail/camera_capture__type_support.hpp
[299.199s] -- Installing: /home/stepan/ws_ros2/install/px4_msgs/include/px4_msgs/px4_msgs/msg/detail/takeoff_status__type_support.hpp
[299.199s] -- Installing: /home/stepan/ws_ros2/install/px4_msgs/include/px4_msgs/px4_msgs/msg/detail/camera_capture__traits.hpp
[299.199s] -- Installing: /home/stepan/ws_ros2/install/px4_msgs/include/px4_msgs/px4_msgs/msg/detail/rc_parameter_map__traits.hpp
[299.199s] -- Installing: /home/stepan/ws_ros2/install/px4_msgs/include/px4_msgs/px4_msgs/msg/detail/ping__builder.hpp
[299.200s] -- Installing: /home/stepan/ws_ros2/install/px4_msgs/include/px4_msgs/px4_msgs/msg/detail/orbit_status__builder.hpp
[299.200s] -- Installing: /home/stepan/ws_ros2/install/px4_msgs/include/px4_msgs/px4_msgs/msg/detail/npfg_status__builder.hpp
[299.200s] -- Installing: /home/stepan/ws_ros2/install/px4_msgs/include/px4_msgs/px4_msgs/msg/detail/sensor_gps__builder.hpp
[299.200s] -- Installing: /home/stepan/ws_ros2/install/px4_msgs/include/px4_msgs/px4_msgs/msg/detail/vehicle_constraints__struct.hpp
[299.200s] -- Installing: /home/stepan/ws_ros2/install/px4_msgs/include/px4_msgs/px4_msgs/msg/detail/open_drone_id_system__struct.hpp
[299.200s] -- Installing: /home/stepan/ws_ros2/install/px4_msgs/include/px4_msgs/px4_msgs/msg/detail/navigator_status__struct.hpp
[299.200s] -- Installing: /home/stepan/ws_ros2/install/px4_msgs/include/px4_msgs/px4_msgs/msg/detail/debug_value__struct.hpp
[299.200s] -- Installing: /home/stepan/ws_ros2/install/px4_msgs/include/px4_msgs/px4_msgs/msg/detail/sensor_preflight_mag__type_support.hpp
[299.200s] -- Installing: /home/stepan/ws_ros2/install/px4_msgs/include/px4_msgs/px4_msgs/msg/detail/irlock_report__builder.hpp
[299.200s] -- Installing: /home/stepan/ws_ros2/install/px4_msgs/include/px4_msgs/px4_msgs/msg/detail/gpio_request__builder.hpp
[299.200s] -- Installing: /home/stepan/ws_ros2/install/px4_msgs/include/px4_msgs/px4_msgs/msg/detail/sensor_gyro_fft__builder.hpp
[299.200s] -- Installing: /home/stepan/ws_ros2/install/px4_msgs/include/px4_msgs/px4_msgs/msg/detail/rover_steering_setpoint__struct.hpp
[299.200s] -- Installing: /home/stepan/ws_ros2/install/px4_msgs/include/px4_msgs/px4_msgs/msg/detail/radio_status__struct.hpp
[299.201s] -- Installing: /home/stepan/ws_ros2/install/px4_msgs/include/px4_msgs/px4_msgs/msg/detail/estimator_aid_source2d__traits.hpp
[299.201s] -- Installing: /home/stepan/ws_ros2/install/px4_msgs/include/px4_msgs/px4_msgs/msg/detail/sensor_gyro_fifo__struct.hpp
[299.201s] -- Installing: /home/stepan/ws_ros2/install/px4_msgs/include/px4_msgs/px4_msgs/msg/detail/gimbal_device_attitude_status__traits.hpp
[299.201s] -- Installing: /home/stepan/ws_ros2/install/px4_msgs/include/px4_msgs/px4_msgs/msg/detail/open_drone_id_arm_status__type_support.hpp
[299.201s] -- Installing: /home/stepan/ws_ros2/install/px4_msgs/include/px4_msgs/px4_msgs/msg/detail/gimbal_manager_information__type_support.hpp
[299.201s] -- Installing: /home/stepan/ws_ros2/install/px4_msgs/include/px4_msgs/px4_msgs/msg/detail/camera_status__type_support.hpp
[299.201s] -- Installing: /home/stepan/ws_ros2/install/px4_msgs/include/px4_msgs/px4_msgs/msg/detail/gpio_in__builder.hpp
[299.201s] -- Installing: /home/stepan/ws_ros2/install/px4_msgs/include/px4_msgs/px4_msgs/msg/detail/transponder_report__struct.hpp
[299.201s] -- Installing: /home/stepan/ws_ros2/install/px4_msgs/include/px4_msgs/px4_msgs/msg/detail/gps_inject_data__builder.hpp
[299.201s] -- Installing: /home/stepan/ws_ros2/install/px4_msgs/include/px4_msgs/px4_msgs/msg/detail/sensor_accel__builder.hpp
[299.201s] -- Installing: /home/stepan/ws_ros2/install/px4_msgs/include/px4_msgs/px4_msgs/msg/detail/airspeed__traits.hpp
[299.201s] -- Installing: /home/stepan/ws_ros2/install/px4_msgs/include/px4_msgs/px4_msgs/msg/detail/input_rc__struct.hpp
[299.202s] -- Installing: /home/stepan/ws_ros2/install/px4_msgs/include/px4_msgs/px4_msgs/msg/detail/orb_test_medium__type_support.hpp
[299.202s] -- Installing: /home/stepan/ws_ros2/install/px4_msgs/include/px4_msgs/px4_msgs/msg/detail/sensor_optical_flow__traits.hpp
[299.202s] -- Installing: /home/stepan/ws_ros2/install/px4_msgs/include/px4_msgs/px4_msgs/msg/detail/takeoff_status__traits.hpp
[299.202s] -- Installing: /home/stepan/ws_ros2/install/px4_msgs/include/px4_msgs/px4_msgs/msg/detail/open_drone_id_operator_id__builder.hpp
[299.202s] -- Installing: /home/stepan/ws_ros2/install/px4_msgs/include/px4_msgs/px4_msgs/msg/detail/vehicle_angular_acceleration_setpoint__traits.hpp
[299.202s] -- Installing: /home/stepan/ws_ros2/install/px4_msgs/include/px4_msgs/px4_msgs/msg/detail/distance_sensor_mode_change_request__builder.hpp
[299.202s] -- Installing: /home/stepan/ws_ros2/install/px4_msgs/include/px4_msgs/px4_msgs/msg/detail/vehicle_constraints__type_support.hpp
[299.202s] -- Installing: /home/stepan/ws_ros2/install/px4_msgs/include/px4_msgs/px4_msgs/msg/detail/camera_trigger__struct.hpp
[299.202s] -- Installing: /home/stepan/ws_ros2/install/px4_msgs/include/px4_msgs/px4_msgs/msg/detail/npfg_status__traits.hpp
[299.202s] -- Installing: /home/stepan/ws_ros2/install/px4_msgs/include/px4_msgs/px4_msgs/msg/detail/home_position__type_support.hpp
[299.202s] -- Installing: /home/stepan/ws_ros2/install/px4_msgs/include/px4_msgs/px4_msgs/msg/detail/vehicle_control_mode__builder.hpp
[299.203s] -- Installing: /home/stepan/ws_ros2/install/px4_msgs/include/px4_msgs/px4_msgs/msg/detail/launch_detection_status__traits.hpp
[299.203s] -- Installing: /home/stepan/ws_ros2/install/px4_msgs/include/px4_msgs/px4_msgs/msg/detail/onboard_computer_status__builder.hpp
[299.203s] -- Installing: /home/stepan/ws_ros2/install/px4_msgs/include/px4_msgs/px4_msgs/msg/detail/estimator_bias__type_support.hpp
[299.203s] -- Installing: /home/stepan/ws_ros2/install/px4_msgs/include/px4_msgs/px4_msgs/msg/detail/vehicle_optical_flow_vel__struct.hpp
[299.203s] -- Installing: /home/stepan/ws_ros2/install/px4_msgs/include/px4_msgs/px4_msgs/msg/detail/sensor_uwb__traits.hpp
[299.203s] -- Installing: /home/stepan/ws_ros2/install/px4_msgs/include/px4_msgs/px4_msgs/msg/detail/gimbal_manager_set_attitude__type_support.hpp
[299.203s] -- Installing: /home/stepan/ws_ros2/install/px4_msgs/include/px4_msgs/px4_msgs/msg/detail/open_drone_id_arm_status__traits.hpp
[299.203s] -- Installing: /home/stepan/ws_ros2/install/px4_msgs/include/px4_msgs/px4_msgs/msg/detail/sensor_baro__type_support.hpp
[299.203s] -- Installing: /home/stepan/ws_ros2/install/px4_msgs/include/px4_msgs/px4_msgs/msg/detail/timesync_status__traits.hpp
[299.203s] -- Installing: /home/stepan/ws_ros2/install/px4_msgs/include/px4_msgs/px4_msgs/msg/detail/estimator_gps_status__type_support.hpp
[299.204s] -- Installing: /home/stepan/ws_ros2/install/px4_msgs/include/px4_msgs/px4_msgs/msg/detail/figure_eight_status__type_support.hpp
[299.204s] -- Installing: /home/stepan/ws_ros2/install/px4_msgs/include/px4_msgs/px4_msgs/msg/detail/battery_status__type_support.hpp
[299.204s] -- Installing: /home/stepan/ws_ros2/install/px4_msgs/include/px4_msgs/px4_msgs/msg/detail/gimbal_device_set_attitude__traits.hpp
[299.204s] -- Installing: /home/stepan/ws_ros2/install/px4_msgs/include/px4_msgs/px4_msgs/msg/detail/onboard_computer_status__type_support.hpp
[299.204s] -- Installing: /home/stepan/ws_ros2/install/px4_msgs/include/px4_msgs/px4_msgs/msg/detail/actuator_outputs__type_support.hpp
[299.204s] -- Installing: /home/stepan/ws_ros2/install/px4_msgs/include/px4_msgs/px4_msgs/msg/detail/vehicle_imu_status__struct.hpp
[299.204s] -- Installing: /home/stepan/ws_ros2/install/px4_msgs/include/px4_msgs/px4_msgs/msg/detail/launch_detection_status__type_support.hpp
[299.204s] -- Installing: /home/stepan/ws_ros2/install/px4_msgs/include/px4_msgs/px4_msgs/msg/detail/landing_target_pose__builder.hpp
[299.204s] -- Installing: /home/stepan/ws_ros2/install/px4_msgs/include/px4_msgs/px4_msgs/msg/detail/qshell_retval__struct.hpp
[299.204s] -- Installing: /home/stepan/ws_ros2/install/px4_msgs/include/px4_msgs/px4_msgs/msg/detail/cellular_status__traits.hpp
[299.204s] -- Installing: /home/stepan/ws_ros2/install/px4_msgs/include/px4_msgs/px4_msgs/msg/detail/debug_key_value__traits.hpp
[299.205s] -- Installing: /home/stepan/ws_ros2/install/px4_msgs/include/px4_msgs/px4_msgs/msg/detail/open_drone_id_self_id__builder.hpp
[299.205s] -- Installing: /home/stepan/ws_ros2/install/px4_msgs/include/px4_msgs/px4_msgs/msg/detail/qshell_req__type_support.hpp
[299.205s] -- Installing: /home/stepan/ws_ros2/install/px4_msgs/include/px4_msgs/px4_msgs/msg/detail/geofence_status__type_support.hpp
[299.205s] -- Installing: /home/stepan/ws_ros2/install/px4_msgs/include/px4_msgs/px4_msgs/msg/detail/rover_steering_setpoint__traits.hpp
[299.205s] -- Installing: /home/stepan/ws_ros2/install/px4_msgs/include/px4_msgs/px4_msgs/msg/detail/rover_attitude_status__struct.hpp
[299.205s] -- Installing: /home/stepan/ws_ros2/install/px4_msgs/include/px4_msgs/px4_msgs/msg/detail/gimbal_device_attitude_status__struct.hpp
[299.205s] -- Installing: /home/stepan/ws_ros2/install/px4_msgs/include/px4_msgs/px4_msgs/msg/detail/qshell_retval__type_support.hpp
[299.205s] -- Installing: /home/stepan/ws_ros2/install/px4_msgs/include/px4_msgs/px4_msgs/msg/detail/pps_capture__builder.hpp
[299.205s] -- Installing: /home/stepan/ws_ros2/install/px4_msgs/include/px4_msgs/px4_msgs/msg/detail/camera_status__builder.hpp
[299.205s] -- Installing: /home/stepan/ws_ros2/install/px4_msgs/include/px4_msgs/px4_msgs/msg/detail/vehicle_attitude_setpoint__builder.hpp
[299.205s] -- Installing: /home/stepan/ws_ros2/install/px4_msgs/include/px4_msgs/px4_msgs/msg/detail/power_button_state__type_support.hpp
[299.205s] -- Installing: /home/stepan/ws_ros2/install/px4_msgs/include/px4_msgs/px4_msgs/msg/detail/failsafe_flags__struct.hpp
[299.205s] -- Installing: /home/stepan/ws_ros2/install/px4_msgs/include/px4_msgs/px4_msgs/msg/detail/dataman_request__traits.hpp
[299.206s] -- Installing: /home/stepan/ws_ros2/install/px4_msgs/include/px4_msgs/px4_msgs/msg/detail/uavcan_parameter_value__type_support.hpp
[299.206s] -- Installing: /home/stepan/ws_ros2/install/px4_msgs/include/px4_msgs/px4_msgs/msg/detail/debug_vect__builder.hpp
[299.206s] -- Installing: /home/stepan/ws_ros2/install/px4_msgs/include/px4_msgs/px4_msgs/msg/detail/vehicle_optical_flow__traits.hpp
[299.206s] -- Installing: /home/stepan/ws_ros2/install/px4_msgs/include/px4_msgs/px4_msgs/msg/detail/goto_setpoint__type_support.hpp
[299.206s] -- Installing: /home/stepan/ws_ros2/install/px4_msgs/include/px4_msgs/px4_msgs/msg/detail/rover_rate_setpoint__struct.hpp
[299.206s] -- Installing: /home/stepan/ws_ros2/install/px4_msgs/include/px4_msgs/px4_msgs/msg/detail/orbit_status__traits.hpp
[299.206s] -- Installing: /home/stepan/ws_ros2/install/px4_msgs/include/px4_msgs/px4_msgs/msg/detail/open_drone_id_self_id__struct.hpp
[299.206s] -- Installing: /home/stepan/ws_ros2/install/px4_msgs/include/px4_msgs/px4_msgs/msg/detail/sensor_gyro_fifo__type_support.hpp
[299.206s] -- Installing: /home/stepan/ws_ros2/install/px4_msgs/include/px4_msgs/px4_msgs/msg/detail/rover_position_setpoint__type_support.hpp
[299.206s] -- Installing: /home/stepan/ws_ros2/install/px4_msgs/include/px4_msgs/px4_msgs/msg/detail/gimbal_manager_set_manual_control__builder.hpp
[299.207s] -- Installing: /home/stepan/ws_ros2/install/px4_msgs/include/px4_msgs/px4_msgs/msg/detail/vehicle_thrust_setpoint__type_support.hpp
[299.207s] -- Installing: /home/stepan/ws_ros2/install/px4_msgs/include/px4_msgs/px4_msgs/msg/detail/actuator_armed__struct.hpp
[299.207s] -- Installing: /home/stepan/ws_ros2/install/px4_msgs/include/px4_msgs/px4_msgs/msg/detail/sensors_status__type_support.hpp
[299.207s] -- Installing: /home/stepan/ws_ros2/install/px4_msgs/include/px4_msgs/px4_msgs/msg/detail/power_button_state__struct.hpp
[299.207s] -- Installing: /home/stepan/ws_ros2/install/px4_msgs/include/px4_msgs/px4_msgs/msg/detail/figure_eight_status__traits.hpp
[299.207s] -- Installing: /home/stepan/ws_ros2/install/px4_msgs/include/px4_msgs/px4_msgs/msg/detail/orb_test__traits.hpp
[299.207s] -- Installing: /home/stepan/ws_ros2/install/px4_msgs/include/px4_msgs/px4_msgs/msg/detail/system_power__traits.hpp
[299.207s] -- Installing: /home/stepan/ws_ros2/install/px4_msgs/include/px4_msgs/px4_msgs/msg/detail/register_ext_component_reply__traits.hpp
[299.207s] -- Installing: /home/stepan/ws_ros2/install/px4_msgs/include/px4_msgs/px4_msgs/msg/detail/sensor_mag__traits.hpp
[299.207s] -- Installing: /home/stepan/ws_ros2/install/px4_msgs/include/px4_msgs/px4_msgs/msg/detail/sensor_hygrometer__builder.hpp
[299.207s] -- Installing: /home/stepan/ws_ros2/install/px4_msgs/include/px4_msgs/px4_msgs/msg/detail/sensor_gyro__builder.hpp
[299.207s] -- Installing: /home/stepan/ws_ros2/install/px4_msgs/include/px4_msgs/px4_msgs/msg/detail/position_controller_landing_status__struct.hpp
[299.207s] -- Installing: /home/stepan/ws_ros2/install/px4_msgs/include/px4_msgs/px4_msgs/msg/detail/rover_attitude_setpoint__type_support.hpp
[299.208s] -- Installing: /home/stepan/ws_ros2/install/px4_msgs/include/px4_msgs/px4_msgs/msg/detail/vehicle_command_ack__builder.hpp
[299.208s] -- Installing: /home/stepan/ws_ros2/install/px4_msgs/include/px4_msgs/px4_msgs/msg/detail/obstacle_distance__traits.hpp
[299.208s] -- Installing: /home/stepan/ws_ros2/install/px4_msgs/include/px4_msgs/px4_msgs/msg/detail/iridiumsbd_status__type_support.hpp
[299.208s] -- Installing: /home/stepan/ws_ros2/install/px4_msgs/include/px4_msgs/px4_msgs/msg/detail/flight_phase_estimation__builder.hpp
[299.208s] -- Installing: /home/stepan/ws_ros2/install/px4_msgs/include/px4_msgs/px4_msgs/msg/detail/estimator_status__type_support.hpp
[299.208s] -- Installing: /home/stepan/ws_ros2/install/px4_msgs/include/px4_msgs/px4_msgs/msg/detail/px4io_status__builder.hpp
[299.208s] -- Installing: /home/stepan/ws_ros2/install/px4_msgs/include/px4_msgs/px4_msgs/msg/detail/arming_check_reply__type_support.hpp
[299.208s] -- Installing: /home/stepan/ws_ros2/install/px4_msgs/include/px4_msgs/px4_msgs/msg/detail/open_drone_id_operator_id__traits.hpp
[299.208s] -- Installing: /home/stepan/ws_ros2/install/px4_msgs/include/px4_msgs/px4_msgs/msg/detail/actuator_outputs__builder.hpp
[299.208s] -- Installing: /home/stepan/ws_ros2/install/px4_msgs/include/px4_msgs/px4_msgs/msg/detail/vehicle_attitude__type_support.hpp
[299.208s] -- Installing: /home/stepan/ws_ros2/install/px4_msgs/include/px4_msgs/px4_msgs/msg/detail/orb_test__builder.hpp
[299.208s] -- Installing: /home/stepan/ws_ros2/install/px4_msgs/include/px4_msgs/px4_msgs/msg/detail/tune_control__struct.hpp
[299.209s] -- Installing: /home/stepan/ws_ros2/install/px4_msgs/include/px4_msgs/px4_msgs/msg/detail/esc_status__type_support.hpp
[299.209s] -- Installing: /home/stepan/ws_ros2/install/px4_msgs/include/px4_msgs/px4_msgs/msg/detail/arming_check_request__struct.hpp
[299.209s] -- Installing: /home/stepan/ws_ros2/install/px4_msgs/include/px4_msgs/px4_msgs/msg/detail/led_control__struct.hpp
[299.209s] -- Installing: /home/stepan/ws_ros2/install/px4_msgs/include/px4_msgs/px4_msgs/msg/detail/vehicle_status__builder.hpp
[299.209s] -- Installing: /home/stepan/ws_ros2/install/px4_msgs/include/px4_msgs/px4_msgs/msg/detail/manual_control_setpoint__struct.hpp
[299.209s] -- Installing: /home/stepan/ws_ros2/install/px4_msgs/include/px4_msgs/px4_msgs/msg/detail/estimator_sensor_bias__struct.hpp
[299.209s] -- Installing: /home/stepan/ws_ros2/install/px4_msgs/include/px4_msgs/px4_msgs/msg/detail/sensor_mag__struct.hpp
[299.209s] -- Installing: /home/stepan/ws_ros2/install/px4_msgs/include/px4_msgs/px4_msgs/msg/detail/vehicle_optical_flow__struct.hpp
[299.209s] -- Installing: /home/stepan/ws_ros2/install/px4_msgs/include/px4_msgs/px4_msgs/msg/detail/power_button_state__traits.hpp
[299.209s] -- Installing: /home/stepan/ws_ros2/install/px4_msgs/include/px4_msgs/px4_msgs/msg/detail/vehicle_command_ack__traits.hpp
[299.209s] -- Installing: /home/stepan/ws_ros2/install/px4_msgs/include/px4_msgs/px4_msgs/msg/detail/px4io_status__struct.hpp
[299.210s] -- Installing: /home/stepan/ws_ros2/install/px4_msgs/include/px4_msgs/px4_msgs/msg/detail/vehicle_command__struct.hpp
[299.210s] -- Installing: /home/stepan/ws_ros2/install/px4_msgs/include/px4_msgs/px4_msgs/msg/detail/gimbal_device_set_attitude__type_support.hpp
[299.210s] -- Installing: /home/stepan/ws_ros2/install/px4_msgs/include/px4_msgs/px4_msgs/msg/detail/sensor_baro__builder.hpp
[299.210s] -- Installing: /home/stepan/ws_ros2/install/px4_msgs/include/px4_msgs/px4_msgs/msg/detail/navigator_status__builder.hpp
[299.210s] -- Installing: /home/stepan/ws_ros2/install/px4_msgs/include/px4_msgs/px4_msgs/msg/detail/tiltrotor_extra_controls__builder.hpp
[299.210s] -- Installing: /home/stepan/ws_ros2/install/px4_msgs/include/px4_msgs/px4_msgs/msg/detail/ulog_stream_ack__type_support.hpp
[299.210s] -- Installing: /home/stepan/ws_ros2/install/px4_msgs/include/px4_msgs/px4_msgs/msg/detail/ackermann_velocity_setpoint__builder.hpp
[299.210s] -- Installing: /home/stepan/ws_ros2/install/px4_msgs/include/px4_msgs/px4_msgs/msg/detail/gimbal_device_information__builder.hpp
[299.210s] -- Installing: /home/stepan/ws_ros2/install/px4_msgs/include/px4_msgs/px4_msgs/msg/detail/estimator_selector_status__traits.hpp
[299.210s] -- Installing: /home/stepan/ws_ros2/install/px4_msgs/include/px4_msgs/px4_msgs/msg/detail/led_control__builder.hpp
[299.210s] -- Installing: /home/stepan/ws_ros2/install/px4_msgs/include/px4_msgs/px4_msgs/msg/detail/collision_constraints__traits.hpp
[299.210s] -- Installing: /home/stepan/ws_ros2/install/px4_msgs/include/px4_msgs/px4_msgs/msg/detail/orb_test_medium__traits.hpp
[299.211s] -- Installing: /home/stepan/ws_ros2/install/px4_msgs/include/px4_msgs/px4_msgs/msg/detail/system_power__struct.hpp
[299.211s] -- Installing: /home/stepan/ws_ros2/install/px4_msgs/include/px4_msgs/px4_msgs/msg/detail/gpio_request__traits.hpp
[299.211s] -- Installing: /home/stepan/ws_ros2/install/px4_msgs/include/px4_msgs/px4_msgs/msg/detail/rover_throttle_setpoint__type_support.hpp
[299.211s] -- Installing: /home/stepan/ws_ros2/install/px4_msgs/include/px4_msgs/px4_msgs/msg/detail/follow_target__builder.hpp
[299.211s] -- Installing: /home/stepan/ws_ros2/install/px4_msgs/include/px4_msgs/px4_msgs/msg/detail/failsafe_flags__traits.hpp
[299.211s] -- Installing: /home/stepan/ws_ros2/install/px4_msgs/include/px4_msgs/px4_msgs/msg/detail/mode_completed__struct.hpp
[299.211s] -- Installing: /home/stepan/ws_ros2/install/px4_msgs/include/px4_msgs/px4_msgs/msg/detail/vehicle_thrust_setpoint__builder.hpp
[299.211s] -- Installing: /home/stepan/ws_ros2/install/px4_msgs/include/px4_msgs/px4_msgs/msg/detail/hover_thrust_estimate__traits.hpp
[299.211s] -- Installing: /home/stepan/ws_ros2/install/px4_msgs/include/px4_msgs/px4_msgs/msg/detail/vehicle_odometry__struct.hpp
[299.211s] -- Installing: /home/stepan/ws_ros2/install/px4_msgs/include/px4_msgs/px4_msgs/msg/detail/navigator_mission_item__traits.hpp
[299.211s] -- Installing: /home/stepan/ws_ros2/install/px4_msgs/include/px4_msgs/px4_msgs/msg/detail/config_overrides__builder.hpp
[299.212s] -- Installing: /home/stepan/ws_ros2/install/px4_msgs/include/px4_msgs/px4_msgs/msg/detail/obstacle_distance__builder.hpp
[299.212s] -- Installing: /home/stepan/ws_ros2/install/px4_msgs/include/px4_msgs/px4_msgs/msg/detail/dataman_response__struct.hpp
[299.212s] -- Installing: /home/stepan/ws_ros2/install/px4_msgs/include/px4_msgs/px4_msgs/msg/detail/goto_setpoint__struct.hpp
[299.212s] -- Installing: /home/stepan/ws_ros2/install/px4_msgs/include/px4_msgs/px4_msgs/msg/detail/onboard_computer_status__struct.hpp
[299.212s] -- Installing: /home/stepan/ws_ros2/install/px4_msgs/include/px4_msgs/px4_msgs/msg/detail/vehicle_torque_setpoint__struct.hpp
[299.212s] -- Installing: /home/stepan/ws_ros2/install/px4_msgs/include/px4_msgs/px4_msgs/msg/detail/rc_parameter_map__type_support.hpp
[299.212s] -- Installing: /home/stepan/ws_ros2/install/px4_msgs/include/px4_msgs/px4_msgs/msg/detail/estimator_sensor_bias__builder.hpp
[299.212s] -- Installing: /home/stepan/ws_ros2/install/px4_msgs/include/px4_msgs/px4_msgs/msg/detail/sensor_airflow__builder.hpp
[299.212s] -- Installing: /home/stepan/ws_ros2/install/px4_msgs/include/px4_msgs/px4_msgs/msg/detail/airspeed_validated__type_support.hpp
[299.212s] -- Installing: /home/stepan/ws_ros2/install/px4_msgs/include/px4_msgs/px4_msgs/msg/detail/mavlink_tunnel__traits.hpp
[299.212s] -- Installing: /home/stepan/ws_ros2/install/px4_msgs/include/px4_msgs/px4_msgs/msg/detail/arming_check_request__builder.hpp
[299.212s] -- Installing: /home/stepan/ws_ros2/install/px4_msgs/include/px4_msgs/px4_msgs/msg/detail/actuator_armed__builder.hpp
[299.212s] -- Installing: /home/stepan/ws_ros2/install/px4_msgs/include/px4_msgs/px4_msgs/msg/detail/sensor_combined__builder.hpp
[299.213s] -- Installing: /home/stepan/ws_ros2/install/px4_msgs/include/px4_msgs/px4_msgs/msg/detail/rtl_status__builder.hpp
[299.213s] -- Installing: /home/stepan/ws_ros2/install/px4_msgs/include/px4_msgs/px4_msgs/msg/detail/unregister_ext_component__traits.hpp
[299.213s] -- Installing: /home/stepan/ws_ros2/install/px4_msgs/include/px4_msgs/px4_msgs/msg/detail/estimator_aid_source1d__type_support.hpp
[299.213s] -- Installing: /home/stepan/ws_ros2/install/px4_msgs/include/px4_msgs/px4_msgs/msg/detail/sensor_gyro__struct.hpp
[299.213s] -- Installing: /home/stepan/ws_ros2/install/px4_msgs/include/px4_msgs/px4_msgs/msg/detail/gpio_request__type_support.hpp
[299.213s] -- Installing: /home/stepan/ws_ros2/install/px4_msgs/include/px4_msgs/px4_msgs/msg/detail/distance_sensor_mode_change_request__struct.hpp
[299.213s] -- Installing: /home/stepan/ws_ros2/install/px4_msgs/include/px4_msgs/px4_msgs/msg/detail/dataman_response__builder.hpp
[299.213s] -- Installing: /home/stepan/ws_ros2/install/px4_msgs/include/px4_msgs/px4_msgs/msg/detail/vehicle_odometry__traits.hpp
[299.213s] -- Installing: /home/stepan/ws_ros2/install/px4_msgs/include/px4_msgs/px4_msgs/msg/detail/sensor_accel__traits.hpp
[299.213s] -- Installing: /home/stepan/ws_ros2/install/px4_msgs/include/px4_msgs/px4_msgs/msg/detail/vehicle_acceleration__type_support.hpp
[299.213s] -- Installing: /home/stepan/ws_ros2/install/px4_msgs/include/px4_msgs/px4_msgs/msg/detail/vehicle_imu__struct.hpp
[299.213s] -- Installing: /home/stepan/ws_ros2/install/px4_msgs/include/px4_msgs/px4_msgs/msg/detail/estimator_innovations__struct.hpp
[299.214s] -- Installing: /home/stepan/ws_ros2/install/px4_msgs/include/px4_msgs/px4_msgs/msg/detail/manual_control_setpoint__builder.hpp
[299.214s] -- Installing: /home/stepan/ws_ros2/install/px4_msgs/include/px4_msgs/px4_msgs/msg/detail/goto_setpoint__traits.hpp
[299.214s] -- Installing: /home/stepan/ws_ros2/install/px4_msgs/include/px4_msgs/px4_msgs/msg/detail/flight_phase_estimation__type_support.hpp
[299.214s] -- Installing: /home/stepan/ws_ros2/install/px4_msgs/include/px4_msgs/px4_msgs/msg/detail/vehicle_control_mode__type_support.hpp
[299.214s] -- Installing: /home/stepan/ws_ros2/install/px4_msgs/include/px4_msgs/px4_msgs/msg/detail/cpuload__struct.hpp
[299.214s] -- Installing: /home/stepan/ws_ros2/install/px4_msgs/include/px4_msgs/px4_msgs/msg/detail/internal_combustion_engine_status__type_support.hpp
[299.214s] -- Installing: /home/stepan/ws_ros2/install/px4_msgs/include/px4_msgs/px4_msgs/msg/detail/rc_channels__traits.hpp
[299.214s] -- Installing: /home/stepan/ws_ros2/install/px4_msgs/include/px4_msgs/px4_msgs/msg/detail/rover_rate_status__type_support.hpp
[299.214s] -- Installing: /home/stepan/ws_ros2/install/px4_msgs/include/px4_msgs/px4_msgs/msg/detail/actuator_armed__type_support.hpp
[299.214s] -- Installing: /home/stepan/ws_ros2/install/px4_msgs/include/px4_msgs/px4_msgs/msg/detail/launch_detection_status__builder.hpp
[299.214s] -- Installing: /home/stepan/ws_ros2/install/px4_msgs/include/px4_msgs/px4_msgs/msg/detail/pps_capture__traits.hpp
[299.215s] -- Installing: /home/stepan/ws_ros2/install/px4_msgs/include/px4_msgs/px4_msgs/msg/detail/rc_channels__builder.hpp
[299.215s] -- Installing: /home/stepan/ws_ros2/install/px4_msgs/include/px4_msgs/px4_msgs/msg/detail/event__type_support.hpp
[299.215s] -- Installing: /home/stepan/ws_ros2/install/px4_msgs/include/px4_msgs/px4_msgs/msg/detail/sensor_optical_flow__struct.hpp
[299.215s] -- Installing: /home/stepan/ws_ros2/install/px4_msgs/include/px4_msgs/px4_msgs/msg/detail/landing_target_innovations__builder.hpp
[299.215s] -- Installing: /home/stepan/ws_ros2/install/px4_msgs/include/px4_msgs/px4_msgs/msg/detail/px4io_status__traits.hpp
[299.215s] -- Installing: /home/stepan/ws_ros2/install/px4_msgs/include/px4_msgs/px4_msgs/msg/detail/landing_gear__struct.hpp
[299.215s] -- Installing: /home/stepan/ws_ros2/install/px4_msgs/include/px4_msgs/px4_msgs/msg/detail/debug_key_value__type_support.hpp
[299.215s] -- Installing: /home/stepan/ws_ros2/install/px4_msgs/include/px4_msgs/px4_msgs/msg/detail/velocity_limits__traits.hpp
[299.215s] -- Installing: /home/stepan/ws_ros2/install/px4_msgs/include/px4_msgs/px4_msgs/msg/detail/pwm_input__struct.hpp
[299.215s] -- Installing: /home/stepan/ws_ros2/install/px4_msgs/include/px4_msgs/px4_msgs/msg/detail/rover_steering_setpoint__type_support.hpp
[299.215s] -- Installing: /home/stepan/ws_ros2/install/px4_msgs/include/px4_msgs/px4_msgs/msg/detail/velocity_limits__struct.hpp
[299.215s] -- Installing: /home/stepan/ws_ros2/install/px4_msgs/include/px4_msgs/px4_msgs/msg/detail/parameter_reset_request__traits.hpp
[299.215s] -- Installing: /home/stepan/ws_ros2/install/px4_msgs/include/px4_msgs/px4_msgs/msg/detail/figure_eight_status__struct.hpp
[299.216s] -- Installing: /home/stepan/ws_ros2/install/px4_msgs/include/px4_msgs/px4_msgs/msg/detail/vtol_vehicle_status__struct.hpp
[299.216s] -- Installing: /home/stepan/ws_ros2/install/px4_msgs/include/px4_msgs/px4_msgs/msg/detail/vehicle_land_detected__type_support.hpp
[299.216s] -- Installing: /home/stepan/ws_ros2/install/px4_msgs/include/px4_msgs/px4_msgs/msg/detail/vehicle_control_mode__struct.hpp
[299.216s] -- Installing: /home/stepan/ws_ros2/install/px4_msgs/include/px4_msgs/px4_msgs/msg/detail/manual_control_setpoint__traits.hpp
[299.216s] -- Installing: /home/stepan/ws_ros2/install/px4_msgs/include/px4_msgs/px4_msgs/msg/detail/generator_status__builder.hpp
[299.216s] -- Installing: /home/stepan/ws_ros2/install/px4_msgs/include/px4_msgs/px4_msgs/msg/detail/rover_steering_setpoint__builder.hpp
[299.216s] -- Installing: /home/stepan/ws_ros2/install/px4_msgs/include/px4_msgs/px4_msgs/msg/detail/rpm__builder.hpp
[299.216s] -- Installing: /home/stepan/ws_ros2/install/px4_msgs/include/px4_msgs/px4_msgs/msg/detail/sensor_baro__traits.hpp
[299.216s] -- Installing: /home/stepan/ws_ros2/install/px4_msgs/include/px4_msgs/px4_msgs/msg/detail/parameter_update__struct.hpp
[299.216s] -- Installing: /home/stepan/ws_ros2/install/px4_msgs/include/px4_msgs/px4_msgs/msg/detail/actuator_servos__traits.hpp
[299.216s] -- Installing: /home/stepan/ws_ros2/install/px4_msgs/include/px4_msgs/px4_msgs/msg/detail/rover_velocity_status__struct.hpp
[299.216s] -- Installing: /home/stepan/ws_ros2/install/px4_msgs/include/px4_msgs/px4_msgs/msg/detail/open_drone_id_arm_status__builder.hpp
[299.217s] -- Installing: /home/stepan/ws_ros2/install/px4_msgs/include/px4_msgs/px4_msgs/msg/detail/rover_rate_setpoint__builder.hpp
[299.217s] -- Installing: /home/stepan/ws_ros2/install/px4_msgs/include/px4_msgs/px4_msgs/msg/detail/airspeed_validated__builder.hpp
[299.217s] -- Installing: /home/stepan/ws_ros2/install/px4_msgs/include/px4_msgs/px4_msgs/msg/detail/action_request__traits.hpp
[299.217s] -- Installing: /home/stepan/ws_ros2/install/px4_msgs/include/px4_msgs/px4_msgs/msg/detail/vehicle_imu_status__type_support.hpp
[299.217s] -- Installing: /home/stepan/ws_ros2/install/px4_msgs/include/px4_msgs/px4_msgs/msg/detail/vehicle_air_data__struct.hpp
[299.217s] -- Installing: /home/stepan/ws_ros2/install/px4_msgs/include/px4_msgs/px4_msgs/msg/detail/wheel_encoders__builder.hpp
[299.217s] -- Installing: /home/stepan/ws_ros2/install/px4_msgs/include/px4_msgs/px4_msgs/msg/detail/radio_status__builder.hpp
[299.217s] -- Installing: /home/stepan/ws_ros2/install/px4_msgs/include/px4_msgs/px4_msgs/msg/detail/transponder_report__type_support.hpp
[299.217s] -- Installing: /home/stepan/ws_ros2/install/px4_msgs/include/px4_msgs/px4_msgs/msg/detail/sensor_airflow__traits.hpp
[299.217s] -- Installing: /home/stepan/ws_ros2/install/px4_msgs/include/px4_msgs/px4_msgs/msg/detail/parameter_set_value_response__builder.hpp
[299.217s] -- Installing: /home/stepan/ws_ros2/install/px4_msgs/include/px4_msgs/px4_msgs/msg/detail/vehicle_acceleration__struct.hpp
[299.217s] -- Installing: /home/stepan/ws_ros2/install/px4_msgs/include/px4_msgs/px4_msgs/msg/detail/open_drone_id_operator_id__struct.hpp
[299.217s] -- Installing: /home/stepan/ws_ros2/install/px4_msgs/include/px4_msgs/px4_msgs/msg/detail/sensor_correction__type_support.hpp
[299.218s] -- Installing: /home/stepan/ws_ros2/install/px4_msgs/include/px4_msgs/px4_msgs/msg/detail/estimator_status_flags__builder.hpp
[299.218s] -- Installing: /home/stepan/ws_ros2/install/px4_msgs/include/px4_msgs/px4_msgs/msg/detail/autotune_attitude_control_status__struct.hpp
[299.218s] -- Installing: /home/stepan/ws_ros2/install/px4_msgs/include/px4_msgs/px4_msgs/msg/detail/estimator_aid_source2d__builder.hpp
[299.218s] -- Installing: /home/stepan/ws_ros2/install/px4_msgs/include/px4_msgs/px4_msgs/msg/detail/sensors_status__builder.hpp
[299.218s] -- Installing: /home/stepan/ws_ros2/install/px4_msgs/include/px4_msgs/px4_msgs/msg/detail/sensor_accel__type_support.hpp
[299.218s] -- Installing: /home/stepan/ws_ros2/install/px4_msgs/include/px4_msgs/px4_msgs/msg/detail/wheel_encoders__type_support.hpp
[299.218s] -- Installing: /home/stepan/ws_ros2/install/px4_msgs/include/px4_msgs/px4_msgs/msg/detail/config_overrides__type_support.hpp
[299.218s] -- Installing: /home/stepan/ws_ros2/install/px4_msgs/include/px4_msgs/px4_msgs/msg/detail/heater_status__traits.hpp
[299.218s] -- Installing: /home/stepan/ws_ros2/install/px4_msgs/include/px4_msgs/px4_msgs/msg/detail/ekf2_timestamps__builder.hpp
[299.218s] -- Installing: /home/stepan/ws_ros2/install/px4_msgs/include/px4_msgs/px4_msgs/msg/detail/sensor_baro__struct.hpp
[299.218s] -- Installing: /home/stepan/ws_ros2/install/px4_msgs/include/px4_msgs/px4_msgs/msg/detail/orbit_status__type_support.hpp
[299.219s] -- Installing: /home/stepan/ws_ros2/install/px4_msgs/include/px4_msgs/px4_msgs/msg/detail/camera_status__traits.hpp
[299.219s] -- Installing: /home/stepan/ws_ros2/install/px4_msgs/include/px4_msgs/px4_msgs/msg/detail/telemetry_status__builder.hpp
[299.219s] -- Installing: /home/stepan/ws_ros2/install/px4_msgs/include/px4_msgs/px4_msgs/msg/detail/position_setpoint_triplet__type_support.hpp
[299.219s] -- Installing: /home/stepan/ws_ros2/install/px4_msgs/include/px4_msgs/px4_msgs/msg/detail/qshell_retval__builder.hpp
[299.219s] -- Installing: /home/stepan/ws_ros2/install/px4_msgs/include/px4_msgs/px4_msgs/msg/detail/parameter_set_value_request__struct.hpp
[299.219s] -- Installing: /home/stepan/ws_ros2/install/px4_msgs/include/px4_msgs/px4_msgs/msg/detail/parameter_set_value_response__struct.hpp
[299.219s] -- Installing: /home/stepan/ws_ros2/install/px4_msgs/include/px4_msgs/px4_msgs/msg/detail/parameter_set_used_request__builder.hpp
[299.219s] -- Installing: /home/stepan/ws_ros2/install/px4_msgs/include/px4_msgs/px4_msgs/msg/detail/parameter_set_used_request__traits.hpp
[299.219s] -- Installing: /home/stepan/ws_ros2/install/px4_msgs/include/px4_msgs/px4_msgs/msg/detail/rover_attitude_setpoint__builder.hpp
[299.219s] -- Installing: /home/stepan/ws_ros2/install/px4_msgs/include/px4_msgs/px4_msgs/msg/detail/debug_vect__struct.hpp
[299.219s] -- Installing: /home/stepan/ws_ros2/install/px4_msgs/include/px4_msgs/px4_msgs/msg/detail/yaw_estimator_status__traits.hpp
[299.219s] -- Installing: /home/stepan/ws_ros2/install/px4_msgs/include/px4_msgs/px4_msgs/msg/detail/tune_control__traits.hpp
[299.220s] -- Installing: /home/stepan/ws_ros2/install/px4_msgs/include/px4_msgs/px4_msgs/msg/detail/vehicle_torque_setpoint__traits.hpp
[299.220s] -- Installing: /home/stepan/ws_ros2/install/px4_msgs/include/px4_msgs/px4_msgs/msg/detail/sensors_status__traits.hpp
[299.220s] -- Installing: /home/stepan/ws_ros2/install/px4_msgs/include/px4_msgs/px4_msgs/msg/detail/trajectory_setpoint6dof__type_support.hpp
[299.220s] -- Installing: /home/stepan/ws_ros2/install/px4_msgs/include/px4_msgs/px4_msgs/msg/detail/vehicle_global_position__builder.hpp
[299.220s] -- Installing: /home/stepan/ws_ros2/install/px4_msgs/include/px4_msgs/px4_msgs/msg/detail/collision_constraints__struct.hpp
[299.220s] -- Installing: /home/stepan/ws_ros2/install/px4_msgs/include/px4_msgs/px4_msgs/msg/detail/rc_channels__struct.hpp
[299.220s] -- Installing: /home/stepan/ws_ros2/install/px4_msgs/include/px4_msgs/px4_msgs/msg/detail/position_controller_landing_status__type_support.hpp
[299.220s] -- Installing: /home/stepan/ws_ros2/install/px4_msgs/include/px4_msgs/px4_msgs/msg/detail/follow_target_estimator__traits.hpp
[299.220s] -- Installing: /home/stepan/ws_ros2/install/px4_msgs/include/px4_msgs/px4_msgs/msg/detail/actuator_test__type_support.hpp
[299.220s] -- Installing: /home/stepan/ws_ros2/install/px4_msgs/include/px4_msgs/px4_msgs/msg/detail/event__traits.hpp
[299.220s] -- Installing: /home/stepan/ws_ros2/install/px4_msgs/include/px4_msgs/px4_msgs/msg/detail/timesync_status__type_support.hpp
[299.220s] -- Installing: /home/stepan/ws_ros2/install/px4_msgs/include/px4_msgs/px4_msgs/msg/detail/estimator_sensor_bias__traits.hpp
[299.221s] -- Installing: /home/stepan/ws_ros2/install/px4_msgs/include/px4_msgs/px4_msgs/msg/detail/mag_worker_data__type_support.hpp
[299.221s] -- Installing: /home/stepan/ws_ros2/install/px4_msgs/include/px4_msgs/px4_msgs/msg/detail/mission_result__traits.hpp
[299.221s] -- Installing: /home/stepan/ws_ros2/install/px4_msgs/include/px4_msgs/px4_msgs/msg/detail/distance_sensor__type_support.hpp
[299.221s] -- Installing: /home/stepan/ws_ros2/install/px4_msgs/include/px4_msgs/px4_msgs/msg/detail/sensors_status_imu__type_support.hpp
[299.221s] -- Installing: /home/stepan/ws_ros2/install/px4_msgs/include/px4_msgs/px4_msgs/msg/detail/estimator_bias__struct.hpp
[299.221s] -- Installing: /home/stepan/ws_ros2/install/px4_msgs/include/px4_msgs/px4_msgs/msg/detail/geofence_status__struct.hpp
[299.221s] -- Installing: /home/stepan/ws_ros2/install/px4_msgs/include/px4_msgs/px4_msgs/msg/detail/mount_orientation__type_support.hpp
[299.221s] -- Installing: /home/stepan/ws_ros2/install/px4_msgs/include/px4_msgs/px4_msgs/msg/detail/internal_combustion_engine_status__builder.hpp
[299.221s] -- Installing: /home/stepan/ws_ros2/install/px4_msgs/include/px4_msgs/px4_msgs/msg/detail/rover_velocity_status__traits.hpp
[299.221s] -- Installing: /home/stepan/ws_ros2/install/px4_msgs/include/px4_msgs/px4_msgs/msg/detail/pure_pursuit_status__builder.hpp
[299.221s] -- Installing: /home/stepan/ws_ros2/install/px4_msgs/include/px4_msgs/px4_msgs/msg/detail/estimator_aid_source3d__struct.hpp
[299.221s] -- Installing: /home/stepan/ws_ros2/install/px4_msgs/include/px4_msgs/px4_msgs/msg/detail/vehicle_odometry__type_support.hpp
[299.222s] -- Installing: /home/stepan/ws_ros2/install/px4_msgs/include/px4_msgs/px4_msgs/msg/detail/geofence_status__traits.hpp
[299.222s] -- Installing: /home/stepan/ws_ros2/install/px4_msgs/include/px4_msgs/px4_msgs/msg/detail/arming_check_request__type_support.hpp
[299.222s] -- Installing: /home/stepan/ws_ros2/install/px4_msgs/include/px4_msgs/px4_msgs/msg/detail/trajectory_setpoint__type_support.hpp
[299.222s] -- Installing: /home/stepan/ws_ros2/install/px4_msgs/include/px4_msgs/px4_msgs/msg/detail/vehicle_command__builder.hpp
[299.222s] -- Installing: /home/stepan/ws_ros2/install/px4_msgs/include/px4_msgs/px4_msgs/msg/detail/satellite_info__builder.hpp
[299.222s] -- Installing: /home/stepan/ws_ros2/install/px4_msgs/include/px4_msgs/px4_msgs/msg/detail/npfg_status__struct.hpp
[299.222s] -- Installing: /home/stepan/ws_ros2/install/px4_msgs/include/px4_msgs/px4_msgs/msg/detail/debug_value__traits.hpp
[299.222s] -- Installing: /home/stepan/ws_ros2/install/px4_msgs/include/px4_msgs/px4_msgs/msg/detail/qshell_retval__traits.hpp
[299.222s] -- Installing: /home/stepan/ws_ros2/install/px4_msgs/include/px4_msgs/px4_msgs/msg/detail/logger_status__builder.hpp
[299.222s] -- Installing: /home/stepan/ws_ros2/install/px4_msgs/include/px4_msgs/px4_msgs/msg/detail/sensor_gps__traits.hpp
[299.222s] -- Installing: /home/stepan/ws_ros2/install/px4_msgs/include/px4_msgs/px4_msgs/msg/detail/power_monitor__struct.hpp
[299.222s] -- Installing: /home/stepan/ws_ros2/install/px4_msgs/include/px4_msgs/px4_msgs/msg/detail/message_format_request__type_support.hpp
[299.223s] -- Installing: /home/stepan/ws_ros2/install/px4_msgs/include/px4_msgs/px4_msgs/msg/detail/vehicle_attitude_setpoint__type_support.hpp
[299.223s] -- Installing: /home/stepan/ws_ros2/install/px4_msgs/include/px4_msgs/px4_msgs/msg/detail/heater_status__type_support.hpp
[299.223s] -- Installing: /home/stepan/ws_ros2/install/px4_msgs/include/px4_msgs/px4_msgs/msg/detail/debug_array__type_support.hpp
[299.223s] -- Installing: /home/stepan/ws_ros2/install/px4_msgs/include/px4_msgs/px4_msgs/msg/detail/vehicle_land_detected__struct.hpp
[299.223s] -- Installing: /home/stepan/ws_ros2/install/px4_msgs/include/px4_msgs/px4_msgs/msg/detail/landing_gear__builder.hpp
[299.223s] -- Installing: /home/stepan/ws_ros2/install/px4_msgs/include/px4_msgs/px4_msgs/msg/detail/vehicle_imu__builder.hpp
[299.223s] -- Installing: /home/stepan/ws_ros2/install/px4_msgs/include/px4_msgs/px4_msgs/msg/detail/camera_trigger__traits.hpp
[299.223s] -- Installing: /home/stepan/ws_ros2/install/px4_msgs/include/px4_msgs/px4_msgs/msg/detail/fuel_tank_status__struct.hpp
[299.223s] -- Installing: /home/stepan/ws_ros2/install/px4_msgs/include/px4_msgs/px4_msgs/msg/detail/internal_combustion_engine_control__struct.hpp
[299.223s] -- Installing: /home/stepan/ws_ros2/install/px4_msgs/include/px4_msgs/px4_msgs/msg/detail/log_message__struct.hpp
[299.223s] -- Installing: /home/stepan/ws_ros2/install/px4_msgs/include/px4_msgs/px4_msgs/msg/detail/config_overrides__struct.hpp
[299.223s] -- Installing: /home/stepan/ws_ros2/install/px4_msgs/include/px4_msgs/px4_msgs/msg/detail/iridiumsbd_status__struct.hpp
[299.224s] -- Installing: /home/stepan/ws_ros2/install/px4_msgs/include/px4_msgs/px4_msgs/msg/detail/launch_detection_status__struct.hpp
[299.224s] -- Installing: /home/stepan/ws_ros2/install/px4_msgs/include/px4_msgs/px4_msgs/msg/detail/differential_pressure__type_support.hpp
[299.224s] -- Installing: /home/stepan/ws_ros2/install/px4_msgs/include/px4_msgs/px4_msgs/msg/detail/vehicle_local_position__type_support.hpp
[299.224s] -- Installing: /home/stepan/ws_ros2/install/px4_msgs/include/px4_msgs/px4_msgs/msg/detail/vehicle_constraints__traits.hpp
[299.224s] -- Installing: /home/stepan/ws_ros2/install/px4_msgs/include/px4_msgs/px4_msgs/msg/detail/npfg_status__type_support.hpp
[299.224s] -- Installing: /home/stepan/ws_ros2/install/px4_msgs/include/px4_msgs/px4_msgs/msg/detail/ackermann_velocity_setpoint__type_support.hpp
[299.224s] -- Installing: /home/stepan/ws_ros2/install/px4_msgs/include/px4_msgs/px4_msgs/msg/detail/cpuload__type_support.hpp
[299.224s] -- Installing: /home/stepan/ws_ros2/install/px4_msgs/include/px4_msgs/px4_msgs/msg/detail/gimbal_manager_set_manual_control__struct.hpp
[299.224s] -- Installing: /home/stepan/ws_ros2/install/px4_msgs/include/px4_msgs/px4_msgs/msg/detail/distance_sensor__struct.hpp
[299.224s] -- Installing: /home/stepan/ws_ros2/install/px4_msgs/include/px4_msgs/px4_msgs/msg/detail/power_monitor__builder.hpp
[299.224s] -- Installing: /home/stepan/ws_ros2/install/px4_msgs/include/px4_msgs/px4_msgs/msg/detail/vehicle_optical_flow_vel__type_support.hpp
[299.224s] -- Installing: /home/stepan/ws_ros2/install/px4_msgs/include/px4_msgs/px4_msgs/msg/detail/tecs_status__builder.hpp
[299.225s] -- Installing: /home/stepan/ws_ros2/install/px4_msgs/include/px4_msgs/px4_msgs/msg/detail/tune_control__type_support.hpp
[299.225s] -- Installing: /home/stepan/ws_ros2/install/px4_msgs/include/px4_msgs/px4_msgs/msg/detail/battery_status__builder.hpp
[299.225s] -- Installing: /home/stepan/ws_ros2/install/px4_msgs/include/px4_msgs/px4_msgs/msg/detail/manual_control_switches__traits.hpp
[299.225s] -- Installing: /home/stepan/ws_ros2/install/px4_msgs/include/px4_msgs/px4_msgs/msg/detail/transponder_report__builder.hpp
[299.225s] -- Installing: /home/stepan/ws_ros2/install/px4_msgs/include/px4_msgs/px4_msgs/msg/detail/esc_report__struct.hpp
[299.225s] -- Installing: /home/stepan/ws_ros2/install/px4_msgs/include/px4_msgs/px4_msgs/msg/detail/gpio_out__builder.hpp
[299.225s] -- Installing: /home/stepan/ws_ros2/install/px4_msgs/include/px4_msgs/px4_msgs/msg/detail/tiltrotor_extra_controls__struct.hpp
[299.225s] -- Installing: /home/stepan/ws_ros2/install/px4_msgs/include/px4_msgs/px4_msgs/msg/detail/estimator_states__type_support.hpp
[299.225s] -- Installing: /home/stepan/ws_ros2/install/px4_msgs/include/px4_msgs/px4_msgs/msg/detail/vehicle_torque_setpoint__builder.hpp
[299.225s] -- Installing: /home/stepan/ws_ros2/install/px4_msgs/include/px4_msgs/px4_msgs/msg/detail/position_setpoint__traits.hpp
[299.225s] -- Installing: /home/stepan/ws_ros2/install/px4_msgs/include/px4_msgs/px4_msgs/msg/detail/sensor_gnss_relative__builder.hpp
[299.225s] -- Installing: /home/stepan/ws_ros2/install/px4_msgs/include/px4_msgs/px4_msgs/msg/detail/actuator_armed__traits.hpp
[299.226s] -- Installing: /home/stepan/ws_ros2/install/px4_msgs/include/px4_msgs/px4_msgs/msg/detail/mavlink_tunnel__struct.hpp
[299.226s] -- Installing: /home/stepan/ws_ros2/install/px4_msgs/include/px4_msgs/px4_msgs/msg/detail/heater_status__struct.hpp
[299.226s] -- Installing: /home/stepan/ws_ros2/install/px4_msgs/include/px4_msgs/px4_msgs/msg/detail/ulog_stream__traits.hpp
[299.226s] -- Installing: /home/stepan/ws_ros2/install/px4_msgs/include/px4_msgs/px4_msgs/msg/detail/hover_thrust_estimate__builder.hpp
[299.226s] -- Installing: /home/stepan/ws_ros2/install/px4_msgs/include/px4_msgs/px4_msgs/msg/detail/magnetometer_bias_estimate__type_support.hpp
[299.226s] -- Installing: /home/stepan/ws_ros2/install/px4_msgs/include/px4_msgs/px4_msgs/msg/detail/vehicle_imu_status__builder.hpp
[299.226s] -- Installing: /home/stepan/ws_ros2/install/px4_msgs/include/px4_msgs/px4_msgs/msg/detail/sensors_status__struct.hpp
[299.226s] -- Installing: /home/stepan/ws_ros2/install/px4_msgs/include/px4_msgs/px4_msgs/msg/detail/telemetry_status__struct.hpp
[299.226s] -- Installing: /home/stepan/ws_ros2/install/px4_msgs/include/px4_msgs/px4_msgs/msg/detail/mavlink_log__traits.hpp
[299.226s] -- Installing: /home/stepan/ws_ros2/install/px4_msgs/include/px4_msgs/px4_msgs/msg/detail/landing_target_innovations__traits.hpp
[299.226s] -- Installing: /home/stepan/ws_ros2/install/px4_msgs/include/px4_msgs/px4_msgs/msg/detail/camera_capture__builder.hpp
[299.226s] -- Installing: /home/stepan/ws_ros2/install/px4_msgs/include/px4_msgs/px4_msgs/msg/detail/satellite_info__traits.hpp
[299.227s] -- Installing: /home/stepan/ws_ros2/install/px4_msgs/include/px4_msgs/px4_msgs/msg/detail/event__struct.hpp
[299.227s] -- Installing: /home/stepan/ws_ros2/install/px4_msgs/include/px4_msgs/px4_msgs/msg/detail/uavcan_parameter_request__builder.hpp
[299.227s] -- Installing: /home/stepan/ws_ros2/install/px4_msgs/include/px4_msgs/px4_msgs/msg/detail/manual_control_setpoint__type_support.hpp
[299.227s] -- Installing: /home/stepan/ws_ros2/install/px4_msgs/include/px4_msgs/px4_msgs/msg/detail/follow_target_estimator__type_support.hpp
[299.227s] -- Installing: /home/stepan/ws_ros2/install/px4_msgs/include/px4_msgs/px4_msgs/msg/detail/vehicle_air_data__builder.hpp
[299.227s] -- Installing: /home/stepan/ws_ros2/install/px4_msgs/include/px4_msgs/px4_msgs/msg/ulog_stream_ack.hpp
[299.227s] -- Installing: /home/stepan/ws_ros2/install/px4_msgs/include/px4_msgs/px4_msgs/msg/irlock_report.hpp
[299.227s] -- Installing: /home/stepan/ws_ros2/install/px4_msgs/include/px4_msgs/px4_msgs/msg/mag_worker_data.hpp
[299.227s] -- Installing: /home/stepan/ws_ros2/install/px4_msgs/include/px4_msgs/px4_msgs/msg/estimator_status.hpp
[299.227s] -- Installing: /home/stepan/ws_ros2/install/px4_msgs/include/px4_msgs/px4_msgs/msg/gimbal_manager_set_manual_control.hpp
[299.227s] -- Installing: /home/stepan/ws_ros2/install/px4_msgs/include/px4_msgs/px4_msgs/msg/debug_vect.hpp
[299.227s] -- Installing: /home/stepan/ws_ros2/install/px4_msgs/include/px4_msgs/px4_msgs/msg/sensor_uwb.hpp
[299.228s] -- Installing: /home/stepan/ws_ros2/install/px4_msgs/include/px4_msgs/px4_msgs/msg/power_monitor.hpp
[299.228s] -- Installing: /home/stepan/ws_ros2/install/px4_msgs/include/px4_msgs/px4_msgs/msg/open_drone_id_self_id.hpp
[299.228s] -- Installing: /home/stepan/ws_ros2/install/px4_msgs/include/px4_msgs/px4_msgs/msg/vehicle_imu_status.hpp
[299.228s] -- Installing: /home/stepan/ws_ros2/install/px4_msgs/include/px4_msgs/px4_msgs/msg/hover_thrust_estimate.hpp
[299.228s] -- Installing: /home/stepan/ws_ros2/install/px4_msgs/include/px4_msgs/px4_msgs/msg/vehicle_local_position_setpoint.hpp
[299.228s] -- Installing: /home/stepan/ws_ros2/install/px4_msgs/include/px4_msgs/px4_msgs/msg/register_ext_component_reply.hpp
[299.228s] -- Installing: /home/stepan/ws_ros2/install/px4_msgs/include/px4_msgs/px4_msgs/msg/rtl_time_estimate.hpp
[299.228s] -- Installing: /home/stepan/ws_ros2/install/px4_msgs/include/px4_msgs/px4_msgs/msg/sensor_mag.hpp
[299.228s] -- Installing: /home/stepan/ws_ros2/install/px4_msgs/include/px4_msgs/px4_msgs/msg/gps_inject_data.hpp
[299.228s] -- Installing: /home/stepan/ws_ros2/install/px4_msgs/include/px4_msgs/px4_msgs/msg/failure_detector_status.hpp
[299.228s] -- Installing: /home/stepan/ws_ros2/install/px4_msgs/include/px4_msgs/px4_msgs/msg/mission.hpp
[299.228s] -- Installing: /home/stepan/ws_ros2/install/px4_msgs/include/px4_msgs/px4_msgs/msg/rover_position_setpoint.hpp
[299.229s] -- Installing: /home/stepan/ws_ros2/install/px4_msgs/include/px4_msgs/px4_msgs/msg/vehicle_local_position.hpp
[299.229s] -- Installing: /home/stepan/ws_ros2/install/px4_msgs/include/px4_msgs/px4_msgs/msg/normalized_unsigned_setpoint.hpp
[299.229s] -- Installing: /home/stepan/ws_ros2/install/px4_msgs/include/px4_msgs/px4_msgs/msg/autotune_attitude_control_status.hpp
[299.229s] -- Installing: /home/stepan/ws_ros2/install/px4_msgs/include/px4_msgs/px4_msgs/msg/vtol_vehicle_status.hpp
[299.229s] -- Installing: /home/stepan/ws_ros2/install/px4_msgs/include/px4_msgs/px4_msgs/msg/pps_capture.hpp
[299.229s] -- Installing: /home/stepan/ws_ros2/install/px4_msgs/include/px4_msgs/px4_msgs/msg/takeoff_status.hpp
[299.229s] -- Installing: /home/stepan/ws_ros2/install/px4_msgs/include/px4_msgs/px4_msgs/msg/system_power.hpp
[299.229s] -- Installing: /home/stepan/ws_ros2/install/px4_msgs/include/px4_msgs/px4_msgs/msg/gpio_request.hpp
[299.229s] -- Installing: /home/stepan/ws_ros2/install/px4_msgs/include/px4_msgs/px4_msgs/msg/sensor_accel_fifo.hpp
[299.229s] -- Installing: /home/stepan/ws_ros2/install/px4_msgs/include/px4_msgs/px4_msgs/msg/parameter_set_used_request.hpp
[299.229s] -- Installing: /home/stepan/ws_ros2/install/px4_msgs/include/px4_msgs/px4_msgs/msg/gimbal_device_set_attitude.hpp
[299.229s] -- Installing: /home/stepan/ws_ros2/install/px4_msgs/include/px4_msgs/px4_msgs/msg/debug_key_value.hpp
[299.230s] -- Installing: /home/stepan/ws_ros2/install/px4_msgs/include/px4_msgs/px4_msgs/msg/figure_eight_status.hpp
[299.230s] -- Installing: /home/stepan/ws_ros2/install/px4_msgs/include/px4_msgs/px4_msgs/msg/vehicle_land_detected.hpp
[299.230s] -- Installing: /home/stepan/ws_ros2/install/px4_msgs/include/px4_msgs/px4_msgs/msg/pure_pursuit_status.hpp
[299.230s] -- Installing: /home/stepan/ws_ros2/install/px4_msgs/include/px4_msgs/px4_msgs/msg/sensor_selection.hpp
[299.230s] -- Installing: /home/stepan/ws_ros2/install/px4_msgs/include/px4_msgs/px4_msgs/msg/mavlink_log.hpp
[299.230s] -- Installing: /home/stepan/ws_ros2/install/px4_msgs/include/px4_msgs/px4_msgs/msg/input_rc.hpp
[299.230s] -- Installing: /home/stepan/ws_ros2/install/px4_msgs/include/px4_msgs/px4_msgs/msg/estimator_gps_status.hpp
[299.230s] -- Installing: /home/stepan/ws_ros2/install/px4_msgs/include/px4_msgs/px4_msgs/msg/parameter_update.hpp
[299.230s] -- Installing: /home/stepan/ws_ros2/install/px4_msgs/include/px4_msgs/px4_msgs/msg/uavcan_parameter_request.hpp
[299.230s] -- Installing: /home/stepan/ws_ros2/install/px4_msgs/include/px4_msgs/px4_msgs/msg/vehicle_status.hpp
[299.230s] -- Installing: /home/stepan/ws_ros2/install/px4_msgs/include/px4_msgs/px4_msgs/msg/gripper.hpp
[299.230s] -- Installing: /home/stepan/ws_ros2/install/px4_msgs/include/px4_msgs/px4_msgs/msg/tune_control.hpp
[299.230s] -- Installing: /home/stepan/ws_ros2/install/px4_msgs/include/px4_msgs/px4_msgs/msg/follow_target_status.hpp
[299.231s] -- Installing: /home/stepan/ws_ros2/install/px4_msgs/include/px4_msgs/px4_msgs/msg/orb_test_medium.hpp
[299.231s] -- Installing: /home/stepan/ws_ros2/install/px4_msgs/include/px4_msgs/px4_msgs/msg/fuel_tank_status.hpp
[299.231s] -- Installing: /home/stepan/ws_ros2/install/px4_msgs/include/px4_msgs/px4_msgs/msg/vehicle_odometry.hpp
[299.231s] -- Installing: /home/stepan/ws_ros2/install/px4_msgs/include/px4_msgs/px4_msgs/msg/camera_capture.hpp
[299.231s] -- Installing: /home/stepan/ws_ros2/install/px4_msgs/include/px4_msgs/px4_msgs/msg/sensor_gps.hpp
[299.231s] -- Installing: /home/stepan/ws_ros2/install/px4_msgs/include/px4_msgs/px4_msgs/msg/cellular_status.hpp
[299.231s] -- Installing: /home/stepan/ws_ros2/install/px4_msgs/include/px4_msgs/px4_msgs/msg/estimator_aid_source1d.hpp
[299.231s] -- Installing: /home/stepan/ws_ros2/install/px4_msgs/include/px4_msgs/px4_msgs/msg/orbit_status.hpp
[299.231s] -- Installing: /home/stepan/ws_ros2/install/px4_msgs/include/px4_msgs/px4_msgs/msg/trajectory_setpoint6dof.hpp
[299.231s] -- Installing: /home/stepan/ws_ros2/install/px4_msgs/include/px4_msgs/px4_msgs/msg/gimbal_device_attitude_status.hpp
[299.231s] -- Installing: /home/stepan/ws_ros2/install/px4_msgs/include/px4_msgs/px4_msgs/msg/logger_status.hpp
[299.231s] -- Installing: /home/stepan/ws_ros2/install/px4_msgs/include/px4_msgs/px4_msgs/msg/heater_status.hpp
[299.232s] -- Installing: /home/stepan/ws_ros2/install/px4_msgs/include/px4_msgs/px4_msgs/msg/yaw_estimator_status.hpp
[299.232s] -- Installing: /home/stepan/ws_ros2/install/px4_msgs/include/px4_msgs/px4_msgs/msg/pwm_input.hpp
[299.232s] -- Installing: /home/stepan/ws_ros2/install/px4_msgs/include/px4_msgs/px4_msgs/msg/sensor_gnss_relative.hpp
[299.232s] -- Installing: /home/stepan/ws_ros2/install/px4_msgs/include/px4_msgs/px4_msgs/msg/orb_test_large.hpp
[299.232s] -- Installing: /home/stepan/ws_ros2/install/px4_msgs/include/px4_msgs/px4_msgs/msg/vehicle_torque_setpoint.hpp
[299.232s] -- Installing: /home/stepan/ws_ros2/install/px4_msgs/include/px4_msgs/px4_msgs/msg/task_stack_info.hpp
[299.232s] -- Installing: /home/stepan/ws_ros2/install/px4_msgs/include/px4_msgs/px4_msgs/msg/sensor_airflow.hpp
[299.232s] -- Installing: /home/stepan/ws_ros2/install/px4_msgs/include/px4_msgs/px4_msgs/msg/satellite_info.hpp
[299.232s] -- Installing: /home/stepan/ws_ros2/install/px4_msgs/include/px4_msgs/px4_msgs/msg/esc_status.hpp
[299.232s] -- Installing: /home/stepan/ws_ros2/install/px4_msgs/include/px4_msgs/px4_msgs/msg/timesync_status.hpp
[299.232s] -- Installing: /home/stepan/ws_ros2/install/px4_msgs/include/px4_msgs/px4_msgs/msg/uavcan_parameter_value.hpp
[299.232s] -- Installing: /home/stepan/ws_ros2/install/px4_msgs/include/px4_msgs/px4_msgs/msg/sensor_accel.hpp
[299.233s] -- Installing: /home/stepan/ws_ros2/install/px4_msgs/include/px4_msgs/px4_msgs/msg/vehicle_roi.hpp
[299.233s] -- Installing: /home/stepan/ws_ros2/install/px4_msgs/include/px4_msgs/px4_msgs/msg/register_ext_component_request.hpp
[299.233s] -- Installing: /home/stepan/ws_ros2/install/px4_msgs/include/px4_msgs/px4_msgs/msg/estimator_bias3d.hpp
[299.233s] -- Installing: /home/stepan/ws_ros2/install/px4_msgs/include/px4_msgs/px4_msgs/msg/estimator_innovations.hpp
[299.233s] -- Installing: /home/stepan/ws_ros2/install/px4_msgs/include/px4_msgs/px4_msgs/msg/qshell_req.hpp
[299.233s] -- Installing: /home/stepan/ws_ros2/install/px4_msgs/include/px4_msgs/px4_msgs/msg/gimbal_controls.hpp
[299.233s] -- Installing: /home/stepan/ws_ros2/install/px4_msgs/include/px4_msgs/px4_msgs/msg/distance_sensor.hpp
[299.233s] -- Installing: /home/stepan/ws_ros2/install/px4_msgs/include/px4_msgs/px4_msgs/msg/gimbal_manager_set_attitude.hpp
[299.233s] -- Installing: /home/stepan/ws_ros2/install/px4_msgs/include/px4_msgs/px4_msgs/msg/vehicle_control_mode.hpp
[299.233s] -- Installing: /home/stepan/ws_ros2/install/px4_msgs/include/px4_msgs/px4_msgs/msg/landing_target_pose.hpp
[299.233s] -- Installing: /home/stepan/ws_ros2/install/px4_msgs/include/px4_msgs/px4_msgs/msg/airspeed_validated.hpp
[299.233s] -- Installing: /home/stepan/ws_ros2/install/px4_msgs/include/px4_msgs/px4_msgs/msg/sensors_status_imu.hpp
[299.234s] -- Installing: /home/stepan/ws_ros2/install/px4_msgs/include/px4_msgs/px4_msgs/msg/landing_gear_wheel.hpp
[299.234s] -- Installing: /home/stepan/ws_ros2/install/px4_msgs/include/px4_msgs/px4_msgs/msg/orb_test.hpp
[299.234s] -- Installing: /home/stepan/ws_ros2/install/px4_msgs/include/px4_msgs/px4_msgs/msg/vehicle_attitude_setpoint.hpp
[299.234s] -- Installing: /home/stepan/ws_ros2/install/px4_msgs/include/px4_msgs/px4_msgs/msg/dataman_response.hpp
[299.234s] -- Installing: /home/stepan/ws_ros2/install/px4_msgs/include/px4_msgs/px4_msgs/msg/landing_gear.hpp
[299.234s] -- Installing: /home/stepan/ws_ros2/install/px4_msgs/include/px4_msgs/px4_msgs/msg/airspeed.hpp
[299.234s] -- Installing: /home/stepan/ws_ros2/install/px4_msgs/include/px4_msgs/px4_msgs/msg/internal_combustion_engine_control.hpp
[299.234s] -- Installing: /home/stepan/ws_ros2/install/px4_msgs/include/px4_msgs/px4_msgs/msg/config_overrides.hpp
[299.234s] -- Installing: /home/stepan/ws_ros2/install/px4_msgs/include/px4_msgs/px4_msgs/msg/rosidl_generator_cpp__visibility_control.hpp
[299.234s] -- Installing: /home/stepan/ws_ros2/install/px4_msgs/include/px4_msgs/px4_msgs/msg/ackermann_velocity_setpoint.hpp
[299.234s] -- Installing: /home/stepan/ws_ros2/install/px4_msgs/include/px4_msgs/px4_msgs/msg/control_allocator_status.hpp
[299.234s] -- Installing: /home/stepan/ws_ros2/install/px4_msgs/include/px4_msgs/px4_msgs/msg/vehicle_angular_acceleration_setpoint.hpp
[299.235s] -- Installing: /home/stepan/ws_ros2/install/px4_msgs/include/px4_msgs/px4_msgs/msg/cpuload.hpp
[299.235s] -- Installing: /home/stepan/ws_ros2/install/px4_msgs/include/px4_msgs/px4_msgs/msg/ping.hpp
[299.235s] -- Installing: /home/stepan/ws_ros2/install/px4_msgs/include/px4_msgs/px4_msgs/msg/health_report.hpp
[299.235s] -- Installing: /home/stepan/ws_ros2/install/px4_msgs/include/px4_msgs/px4_msgs/msg/wind.hpp
[299.235s] -- Installing: /home/stepan/ws_ros2/install/px4_msgs/include/px4_msgs/px4_msgs/msg/onboard_computer_status.hpp
[299.235s] -- Installing: /home/stepan/ws_ros2/install/px4_msgs/include/px4_msgs/px4_msgs/msg/airspeed_wind.hpp
[299.235s] -- Installing: /home/stepan/ws_ros2/install/px4_msgs/include/px4_msgs/px4_msgs/msg/rover_rate_status.hpp
[299.235s] -- Installing: /home/stepan/ws_ros2/install/px4_msgs/include/px4_msgs/px4_msgs/msg/position_controller_landing_status.hpp
[299.235s] -- Installing: /home/stepan/ws_ros2/install/px4_msgs/include/px4_msgs/px4_msgs/msg/rover_steering_setpoint.hpp
[299.235s] -- Installing: /home/stepan/ws_ros2/install/px4_msgs/include/px4_msgs/px4_msgs/msg/parameter_set_value_request.hpp
[299.235s] -- Installing: /home/stepan/ws_ros2/install/px4_msgs/include/px4_msgs/px4_msgs/msg/open_drone_id_arm_status.hpp
[299.235s] -- Installing: /home/stepan/ws_ros2/install/px4_msgs/include/px4_msgs/px4_msgs/msg/generator_status.hpp
[299.235s] -- Installing: /home/stepan/ws_ros2/install/px4_msgs/include/px4_msgs/px4_msgs/msg/geofence_status.hpp
[299.236s] -- Installing: /home/stepan/ws_ros2/install/px4_msgs/include/px4_msgs/px4_msgs/msg/gimbal_device_information.hpp
[299.236s] -- Installing: /home/stepan/ws_ros2/install/px4_msgs/include/px4_msgs/px4_msgs/msg/estimator_event_flags.hpp
[299.236s] -- Installing: /home/stepan/ws_ros2/install/px4_msgs/include/px4_msgs/px4_msgs/msg/debug_array.hpp
[299.236s] -- Installing: /home/stepan/ws_ros2/install/px4_msgs/include/px4_msgs/px4_msgs/msg/follow_target.hpp
[299.236s] -- Installing: /home/stepan/ws_ros2/install/px4_msgs/include/px4_msgs/px4_msgs/msg/dataman_request.hpp
[299.236s] -- Installing: /home/stepan/ws_ros2/install/px4_msgs/include/px4_msgs/px4_msgs/msg/actuator_servos_trim.hpp
[299.236s] -- Installing: /home/stepan/ws_ros2/install/px4_msgs/include/px4_msgs/px4_msgs/msg/battery_status.hpp
[299.236s] -- Installing: /home/stepan/ws_ros2/install/px4_msgs/include/px4_msgs/px4_msgs/msg/sensor_gyro.hpp
[299.236s] -- Installing: /home/stepan/ws_ros2/install/px4_msgs/include/px4_msgs/px4_msgs/msg/failsafe_flags.hpp
[299.236s] -- Installing: /home/stepan/ws_ros2/install/px4_msgs/include/px4_msgs/px4_msgs/msg/mount_orientation.hpp
[299.236s] -- Installing: /home/stepan/ws_ros2/install/px4_msgs/include/px4_msgs/px4_msgs/msg/estimator_status_flags.hpp
[299.236s] -- Up-to-date: /home/stepan/ws_ros2/install/px4_msgs/include/px4_msgs/px4_msgs/srv
[299.237s] -- Installing: /home/stepan/ws_ros2/install/px4_msgs/include/px4_msgs/px4_msgs/srv/vehicle_command.hpp
[299.237s] -- Up-to-date: /home/stepan/ws_ros2/install/px4_msgs/include/px4_msgs/px4_msgs/srv/detail
[299.237s] -- Installing: /home/stepan/ws_ros2/install/px4_msgs/include/px4_msgs/px4_msgs/srv/detail/vehicle_command__type_support.hpp
[299.237s] -- Installing: /home/stepan/ws_ros2/install/px4_msgs/include/px4_msgs/px4_msgs/srv/detail/vehicle_command__traits.hpp
[299.237s] -- Installing: /home/stepan/ws_ros2/install/px4_msgs/include/px4_msgs/px4_msgs/srv/detail/vehicle_command__struct.hpp
[299.237s] -- Installing: /home/stepan/ws_ros2/install/px4_msgs/include/px4_msgs/px4_msgs/srv/detail/vehicle_command__builder.hpp
[299.237s] -- Up-to-date: /home/stepan/ws_ros2/install/px4_msgs/include/px4_msgs/px4_msgs
[299.237s] -- Up-to-date: /home/stepan/ws_ros2/install/px4_msgs/include/px4_msgs/px4_msgs/msg
[299.237s] -- Up-to-date: /home/stepan/ws_ros2/install/px4_msgs/include/px4_msgs/px4_msgs/msg/detail
[299.237s] -- Installing: /home/stepan/ws_ros2/install/px4_msgs/include/px4_msgs/px4_msgs/msg/detail/ackermann_velocity_setpoint__rosidl_typesupport_fastrtps_cpp.hpp
[299.238s] -- Installing: /home/stepan/ws_ros2/install/px4_msgs/include/px4_msgs/px4_msgs/msg/detail/manual_control_setpoint__rosidl_typesupport_fastrtps_cpp.hpp
[299.238s] -- Installing: /home/stepan/ws_ros2/install/px4_msgs/include/px4_msgs/px4_msgs/msg/detail/distance_sensor_mode_change_request__rosidl_typesupport_fastrtps_cpp.hpp
[299.238s] -- Installing: /home/stepan/ws_ros2/install/px4_msgs/include/px4_msgs/px4_msgs/msg/detail/sensor_correction__rosidl_typesupport_fastrtps_cpp.hpp
[299.238s] -- Installing: /home/stepan/ws_ros2/install/px4_msgs/include/px4_msgs/px4_msgs/msg/detail/dds_fastrtps
[299.238s] -- Installing: /home/stepan/ws_ros2/install/px4_msgs/include/px4_msgs/px4_msgs/msg/detail/offboard_control_mode__rosidl_typesupport_fastrtps_cpp.hpp
[299.238s] -- Installing: /home/stepan/ws_ros2/install/px4_msgs/include/px4_msgs/px4_msgs/msg/detail/open_drone_id_operator_id__rosidl_typesupport_fastrtps_cpp.hpp
[299.238s] -- Installing: /home/stepan/ws_ros2/install/px4_msgs/include/px4_msgs/px4_msgs/msg/detail/sensor_baro__rosidl_typesupport_fastrtps_cpp.hpp
[299.238s] -- Installing: /home/stepan/ws_ros2/install/px4_msgs/include/px4_msgs/px4_msgs/msg/detail/gpio_request__rosidl_typesupport_fastrtps_cpp.hpp
[299.239s] -- Installing: /home/stepan/ws_ros2/install/px4_msgs/include/px4_msgs/px4_msgs/msg/detail/iridiumsbd_status__rosidl_typesupport_fastrtps_cpp.hpp
[299.239s] -- Installing: /home/stepan/ws_ros2/install/px4_msgs/include/px4_msgs/px4_msgs/msg/detail/gimbal_manager_set_manual_control__rosidl_typesupport_fastrtps_cpp.hpp
[299.239s] -- Installing: /home/stepan/ws_ros2/install/px4_msgs/include/px4_msgs/px4_msgs/msg/detail/rpm__rosidl_typesupport_fastrtps_cpp.hpp
[299.239s] -- Installing: /home/stepan/ws_ros2/install/px4_msgs/include/px4_msgs/px4_msgs/msg/detail/adc_report__rosidl_typesupport_fastrtps_cpp.hpp
[299.239s] -- Installing: /home/stepan/ws_ros2/install/px4_msgs/include/px4_msgs/px4_msgs/msg/detail/takeoff_status__rosidl_typesupport_fastrtps_cpp.hpp
[299.239s] -- Installing: /home/stepan/ws_ros2/install/px4_msgs/include/px4_msgs/px4_msgs/msg/detail/failure_detector_status__rosidl_typesupport_fastrtps_cpp.hpp
[299.239s] -- Installing: /home/stepan/ws_ros2/install/px4_msgs/include/px4_msgs/px4_msgs/msg/detail/rover_attitude_setpoint__rosidl_typesupport_fastrtps_cpp.hpp
[299.239s] -- Installing: /home/stepan/ws_ros2/install/px4_msgs/include/px4_msgs/px4_msgs/msg/detail/vehicle_optical_flow_vel__rosidl_typesupport_fastrtps_cpp.hpp
[299.239s] -- Installing: /home/stepan/ws_ros2/install/px4_msgs/include/px4_msgs/px4_msgs/msg/detail/open_drone_id_system__rosidl_typesupport_fastrtps_cpp.hpp
[299.239s] -- Installing: /home/stepan/ws_ros2/install/px4_msgs/include/px4_msgs/px4_msgs/msg/detail/vehicle_thrust_setpoint__rosidl_typesupport_fastrtps_cpp.hpp
[299.239s] -- Installing: /home/stepan/ws_ros2/install/px4_msgs/include/px4_msgs/px4_msgs/msg/detail/led_control__rosidl_typesupport_fastrtps_cpp.hpp
[299.239s] -- Installing: /home/stepan/ws_ros2/install/px4_msgs/include/px4_msgs/px4_msgs/msg/detail/tune_control__rosidl_typesupport_fastrtps_cpp.hpp
[299.239s] -- Installing: /home/stepan/ws_ros2/install/px4_msgs/include/px4_msgs/px4_msgs/msg/detail/action_request__rosidl_typesupport_fastrtps_cpp.hpp
[299.240s] -- Installing: /home/stepan/ws_ros2/install/px4_msgs/include/px4_msgs/px4_msgs/msg/detail/heater_status__rosidl_typesupport_fastrtps_cpp.hpp
[299.240s] -- Installing: /home/stepan/ws_ros2/install/px4_msgs/include/px4_msgs/px4_msgs/msg/detail/generator_status__rosidl_typesupport_fastrtps_cpp.hpp
[299.240s] -- Installing: /home/stepan/ws_ros2/install/px4_msgs/include/px4_msgs/px4_msgs/msg/detail/vehicle_global_position__rosidl_typesupport_fastrtps_cpp.hpp
[299.240s] -- Installing: /home/stepan/ws_ros2/install/px4_msgs/include/px4_msgs/px4_msgs/msg/detail/esc_report__rosidl_typesupport_fastrtps_cpp.hpp
[299.240s] -- Installing: /home/stepan/ws_ros2/install/px4_msgs/include/px4_msgs/px4_msgs/msg/detail/vehicle_command__rosidl_typesupport_fastrtps_cpp.hpp
[299.240s] -- Installing: /home/stepan/ws_ros2/install/px4_msgs/include/px4_msgs/px4_msgs/msg/detail/camera_trigger__rosidl_typesupport_fastrtps_cpp.hpp
[299.240s] -- Installing: /home/stepan/ws_ros2/install/px4_msgs/include/px4_msgs/px4_msgs/msg/detail/differential_pressure__rosidl_typesupport_fastrtps_cpp.hpp
[299.240s] -- Installing: /home/stepan/ws_ros2/install/px4_msgs/include/px4_msgs/px4_msgs/msg/detail/landing_target_pose__rosidl_typesupport_fastrtps_cpp.hpp
[299.240s] -- Installing: /home/stepan/ws_ros2/install/px4_msgs/include/px4_msgs/px4_msgs/msg/detail/airspeed_wind__rosidl_typesupport_fastrtps_cpp.hpp
[299.240s] -- Installing: /home/stepan/ws_ros2/install/px4_msgs/include/px4_msgs/px4_msgs/msg/detail/vehicle_land_detected__rosidl_typesupport_fastrtps_cpp.hpp
[299.240s] -- Installing: /home/stepan/ws_ros2/install/px4_msgs/include/px4_msgs/px4_msgs/msg/detail/gimbal_manager_set_attitude__rosidl_typesupport_fastrtps_cpp.hpp
[299.240s] -- Installing: /home/stepan/ws_ros2/install/px4_msgs/include/px4_msgs/px4_msgs/msg/detail/debug_array__rosidl_typesupport_fastrtps_cpp.hpp
[299.241s] -- Installing: /home/stepan/ws_ros2/install/px4_msgs/include/px4_msgs/px4_msgs/msg/detail/gps_inject_data__rosidl_typesupport_fastrtps_cpp.hpp
[299.241s] -- Installing: /home/stepan/ws_ros2/install/px4_msgs/include/px4_msgs/px4_msgs/msg/detail/orbit_status__rosidl_typesupport_fastrtps_cpp.hpp
[299.241s] -- Installing: /home/stepan/ws_ros2/install/px4_msgs/include/px4_msgs/px4_msgs/msg/detail/debug_value__rosidl_typesupport_fastrtps_cpp.hpp
[299.241s] -- Installing: /home/stepan/ws_ros2/install/px4_msgs/include/px4_msgs/px4_msgs/msg/detail/battery_status__rosidl_typesupport_fastrtps_cpp.hpp
[299.241s] -- Installing: /home/stepan/ws_ros2/install/px4_msgs/include/px4_msgs/px4_msgs/msg/detail/vehicle_attitude_setpoint__rosidl_typesupport_fastrtps_cpp.hpp
[299.241s] -- Installing: /home/stepan/ws_ros2/install/px4_msgs/include/px4_msgs/px4_msgs/msg/detail/gimbal_device_information__rosidl_typesupport_fastrtps_cpp.hpp
[299.241s] -- Installing: /home/stepan/ws_ros2/install/px4_msgs/include/px4_msgs/px4_msgs/msg/detail/gimbal_manager_status__rosidl_typesupport_fastrtps_cpp.hpp
[299.241s] -- Installing: /home/stepan/ws_ros2/install/px4_msgs/include/px4_msgs/px4_msgs/msg/detail/flight_phase_estimation__rosidl_typesupport_fastrtps_cpp.hpp
[299.241s] -- Installing: /home/stepan/ws_ros2/install/px4_msgs/include/px4_msgs/px4_msgs/msg/detail/register_ext_component_request__rosidl_typesupport_fastrtps_cpp.hpp
[299.241s] -- Installing: /home/stepan/ws_ros2/install/px4_msgs/include/px4_msgs/px4_msgs/msg/detail/vehicle_local_position__rosidl_typesupport_fastrtps_cpp.hpp
[299.241s] -- Installing: /home/stepan/ws_ros2/install/px4_msgs/include/px4_msgs/px4_msgs/msg/detail/rover_rate_status__rosidl_typesupport_fastrtps_cpp.hpp
[299.241s] -- Installing: /home/stepan/ws_ros2/install/px4_msgs/include/px4_msgs/px4_msgs/msg/detail/debug_key_value__rosidl_typesupport_fastrtps_cpp.hpp
[299.241s] -- Installing: /home/stepan/ws_ros2/install/px4_msgs/include/px4_msgs/px4_msgs/msg/detail/vehicle_control_mode__rosidl_typesupport_fastrtps_cpp.hpp
[299.242s] -- Installing: /home/stepan/ws_ros2/install/px4_msgs/include/px4_msgs/px4_msgs/msg/detail/estimator_aid_source1d__rosidl_typesupport_fastrtps_cpp.hpp
[299.242s] -- Installing: /home/stepan/ws_ros2/install/px4_msgs/include/px4_msgs/px4_msgs/msg/detail/mission__rosidl_typesupport_fastrtps_cpp.hpp
[299.242s] -- Installing: /home/stepan/ws_ros2/install/px4_msgs/include/px4_msgs/px4_msgs/msg/detail/orb_test_medium__rosidl_typesupport_fastrtps_cpp.hpp
[299.242s] -- Installing: /home/stepan/ws_ros2/install/px4_msgs/include/px4_msgs/px4_msgs/msg/detail/sensor_mag__rosidl_typesupport_fastrtps_cpp.hpp
[299.242s] -- Installing: /home/stepan/ws_ros2/install/px4_msgs/include/px4_msgs/px4_msgs/msg/detail/estimator_status_flags__rosidl_typesupport_fastrtps_cpp.hpp
[299.242s] -- Installing: /home/stepan/ws_ros2/install/px4_msgs/include/px4_msgs/px4_msgs/msg/detail/rate_ctrl_status__rosidl_typesupport_fastrtps_cpp.hpp
[299.242s] -- Installing: /home/stepan/ws_ros2/install/px4_msgs/include/px4_msgs/px4_msgs/msg/detail/estimator_selector_status__rosidl_typesupport_fastrtps_cpp.hpp
[299.242s] -- Installing: /home/stepan/ws_ros2/install/px4_msgs/include/px4_msgs/px4_msgs/msg/detail/home_position__rosidl_typesupport_fastrtps_cpp.hpp
[299.242s] -- Installing: /home/stepan/ws_ros2/install/px4_msgs/include/px4_msgs/px4_msgs/msg/detail/log_message__rosidl_typesupport_fastrtps_cpp.hpp
[299.242s] -- Installing: /home/stepan/ws_ros2/install/px4_msgs/include/px4_msgs/px4_msgs/msg/detail/landing_target_innovations__rosidl_typesupport_fastrtps_cpp.hpp
[299.242s] -- Installing: /home/stepan/ws_ros2/install/px4_msgs/include/px4_msgs/px4_msgs/msg/detail/rover_attitude_status__rosidl_typesupport_fastrtps_cpp.hpp
[299.242s] -- Installing: /home/stepan/ws_ros2/install/px4_msgs/include/px4_msgs/px4_msgs/msg/detail/gimbal_device_set_attitude__rosidl_typesupport_fastrtps_cpp.hpp
[299.242s] -- Installing: /home/stepan/ws_ros2/install/px4_msgs/include/px4_msgs/px4_msgs/msg/detail/task_stack_info__rosidl_typesupport_fastrtps_cpp.hpp
[299.243s] -- Installing: /home/stepan/ws_ros2/install/px4_msgs/include/px4_msgs/px4_msgs/msg/detail/sensor_optical_flow__rosidl_typesupport_fastrtps_cpp.hpp
[299.243s] -- Installing: /home/stepan/ws_ros2/install/px4_msgs/include/px4_msgs/px4_msgs/msg/detail/normalized_unsigned_setpoint__rosidl_typesupport_fastrtps_cpp.hpp
[299.243s] -- Installing: /home/stepan/ws_ros2/install/px4_msgs/include/px4_msgs/px4_msgs/msg/detail/failsafe_flags__rosidl_typesupport_fastrtps_cpp.hpp
[299.243s] -- Installing: /home/stepan/ws_ros2/install/px4_msgs/include/px4_msgs/px4_msgs/msg/detail/sensor_gyro_fft__rosidl_typesupport_fastrtps_cpp.hpp
[299.243s] -- Installing: /home/stepan/ws_ros2/install/px4_msgs/include/px4_msgs/px4_msgs/msg/detail/obstacle_distance__rosidl_typesupport_fastrtps_cpp.hpp
[299.243s] -- Installing: /home/stepan/ws_ros2/install/px4_msgs/include/px4_msgs/px4_msgs/msg/detail/vehicle_roi__rosidl_typesupport_fastrtps_cpp.hpp
[299.243s] -- Installing: /home/stepan/ws_ros2/install/px4_msgs/include/px4_msgs/px4_msgs/msg/detail/message_format_response__rosidl_typesupport_fastrtps_cpp.hpp
[299.243s] -- Installing: /home/stepan/ws_ros2/install/px4_msgs/include/px4_msgs/px4_msgs/msg/detail/trajectory_setpoint__rosidl_typesupport_fastrtps_cpp.hpp
[299.243s] -- Installing: /home/stepan/ws_ros2/install/px4_msgs/include/px4_msgs/px4_msgs/msg/detail/estimator_states__rosidl_typesupport_fastrtps_cpp.hpp
[299.243s] -- Installing: /home/stepan/ws_ros2/install/px4_msgs/include/px4_msgs/px4_msgs/msg/detail/dataman_request__rosidl_typesupport_fastrtps_cpp.hpp
[299.243s] -- Installing: /home/stepan/ws_ros2/install/px4_msgs/include/px4_msgs/px4_msgs/msg/detail/sensor_gyro__rosidl_typesupport_fastrtps_cpp.hpp
[299.243s] -- Installing: /home/stepan/ws_ros2/install/px4_msgs/include/px4_msgs/px4_msgs/msg/detail/sensor_gps__rosidl_typesupport_fastrtps_cpp.hpp
[299.243s] -- Installing: /home/stepan/ws_ros2/install/px4_msgs/include/px4_msgs/px4_msgs/msg/detail/open_drone_id_self_id__rosidl_typesupport_fastrtps_cpp.hpp
[299.244s] -- Installing: /home/stepan/ws_ros2/install/px4_msgs/include/px4_msgs/px4_msgs/msg/detail/unregister_ext_component__rosidl_typesupport_fastrtps_cpp.hpp
[299.244s] -- Installing: /home/stepan/ws_ros2/install/px4_msgs/include/px4_msgs/px4_msgs/msg/detail/geofence_result__rosidl_typesupport_fastrtps_cpp.hpp
[299.244s] -- Installing: /home/stepan/ws_ros2/install/px4_msgs/include/px4_msgs/px4_msgs/msg/detail/rc_parameter_map__rosidl_typesupport_fastrtps_cpp.hpp
[299.244s] -- Installing: /home/stepan/ws_ros2/install/px4_msgs/include/px4_msgs/px4_msgs/msg/detail/sensor_airflow__rosidl_typesupport_fastrtps_cpp.hpp
[299.244s] -- Installing: /home/stepan/ws_ros2/install/px4_msgs/include/px4_msgs/px4_msgs/msg/detail/vtol_vehicle_status__rosidl_typesupport_fastrtps_cpp.hpp
[299.244s] -- Installing: /home/stepan/ws_ros2/install/px4_msgs/include/px4_msgs/px4_msgs/msg/detail/collision_constraints__rosidl_typesupport_fastrtps_cpp.hpp
[299.244s] -- Installing: /home/stepan/ws_ros2/install/px4_msgs/include/px4_msgs/px4_msgs/msg/detail/sensors_status__rosidl_typesupport_fastrtps_cpp.hpp
[299.244s] -- Installing: /home/stepan/ws_ros2/install/px4_msgs/include/px4_msgs/px4_msgs/msg/detail/estimator_sensor_bias__rosidl_typesupport_fastrtps_cpp.hpp
[299.244s] -- Installing: /home/stepan/ws_ros2/install/px4_msgs/include/px4_msgs/px4_msgs/msg/detail/health_report__rosidl_typesupport_fastrtps_cpp.hpp
[299.244s] -- Installing: /home/stepan/ws_ros2/install/px4_msgs/include/px4_msgs/px4_msgs/msg/detail/onboard_computer_status__rosidl_typesupport_fastrtps_cpp.hpp
[299.244s] -- Installing: /home/stepan/ws_ros2/install/px4_msgs/include/px4_msgs/px4_msgs/msg/detail/gimbal_manager_information__rosidl_typesupport_fastrtps_cpp.hpp
[299.244s] -- Installing: /home/stepan/ws_ros2/install/px4_msgs/include/px4_msgs/px4_msgs/msg/detail/dataman_response__rosidl_typesupport_fastrtps_cpp.hpp
[299.244s] -- Installing: /home/stepan/ws_ros2/install/px4_msgs/include/px4_msgs/px4_msgs/msg/detail/orb_test__rosidl_typesupport_fastrtps_cpp.hpp
[299.245s] -- Installing: /home/stepan/ws_ros2/install/px4_msgs/include/px4_msgs/px4_msgs/msg/detail/vehicle_constraints__rosidl_typesupport_fastrtps_cpp.hpp
[299.245s] -- Installing: /home/stepan/ws_ros2/install/px4_msgs/include/px4_msgs/px4_msgs/msg/detail/navigator_mission_item__rosidl_typesupport_fastrtps_cpp.hpp
[299.245s] -- Installing: /home/stepan/ws_ros2/install/px4_msgs/include/px4_msgs/px4_msgs/msg/detail/yaw_estimator_status__rosidl_typesupport_fastrtps_cpp.hpp
[299.245s] -- Installing: /home/stepan/ws_ros2/install/px4_msgs/include/px4_msgs/px4_msgs/msg/detail/rc_channels__rosidl_typesupport_fastrtps_cpp.hpp
[299.245s] -- Installing: /home/stepan/ws_ros2/install/px4_msgs/include/px4_msgs/px4_msgs/msg/detail/gpio_config__rosidl_typesupport_fastrtps_cpp.hpp
[299.245s] -- Installing: /home/stepan/ws_ros2/install/px4_msgs/include/px4_msgs/px4_msgs/msg/detail/hover_thrust_estimate__rosidl_typesupport_fastrtps_cpp.hpp
[299.245s] -- Installing: /home/stepan/ws_ros2/install/px4_msgs/include/px4_msgs/px4_msgs/msg/detail/goto_setpoint__rosidl_typesupport_fastrtps_cpp.hpp
[299.245s] -- Installing: /home/stepan/ws_ros2/install/px4_msgs/include/px4_msgs/px4_msgs/msg/detail/sensor_gyro_fifo__rosidl_typesupport_fastrtps_cpp.hpp
[299.245s] -- Installing: /home/stepan/ws_ros2/install/px4_msgs/include/px4_msgs/px4_msgs/msg/detail/gpio_in__rosidl_typesupport_fastrtps_cpp.hpp
[299.245s] -- Installing: /home/stepan/ws_ros2/install/px4_msgs/include/px4_msgs/px4_msgs/msg/detail/config_overrides__rosidl_typesupport_fastrtps_cpp.hpp
[299.245s] -- Installing: /home/stepan/ws_ros2/install/px4_msgs/include/px4_msgs/px4_msgs/msg/detail/vehicle_angular_velocity__rosidl_typesupport_fastrtps_cpp.hpp
[299.245s] -- Installing: /home/stepan/ws_ros2/install/px4_msgs/include/px4_msgs/px4_msgs/msg/detail/arming_check_request__rosidl_typesupport_fastrtps_cpp.hpp
[299.245s] -- Installing: /home/stepan/ws_ros2/install/px4_msgs/include/px4_msgs/px4_msgs/msg/detail/qshell_req__rosidl_typesupport_fastrtps_cpp.hpp
[299.246s] -- Installing: /home/stepan/ws_ros2/install/px4_msgs/include/px4_msgs/px4_msgs/msg/detail/control_allocator_status__rosidl_typesupport_fastrtps_cpp.hpp
[299.246s] -- Installing: /home/stepan/ws_ros2/install/px4_msgs/include/px4_msgs/px4_msgs/msg/detail/estimator_bias__rosidl_typesupport_fastrtps_cpp.hpp
[299.246s] -- Installing: /home/stepan/ws_ros2/install/px4_msgs/include/px4_msgs/px4_msgs/msg/detail/camera_capture__rosidl_typesupport_fastrtps_cpp.hpp
[299.246s] -- Installing: /home/stepan/ws_ros2/install/px4_msgs/include/px4_msgs/px4_msgs/msg/detail/magnetometer_bias_estimate__rosidl_typesupport_fastrtps_cpp.hpp
[299.246s] -- Installing: /home/stepan/ws_ros2/install/px4_msgs/include/px4_msgs/px4_msgs/msg/detail/position_controller_status__rosidl_typesupport_fastrtps_cpp.hpp
[299.246s] -- Installing: /home/stepan/ws_ros2/install/px4_msgs/include/px4_msgs/px4_msgs/msg/detail/mount_orientation__rosidl_typesupport_fastrtps_cpp.hpp
[299.246s] -- Installing: /home/stepan/ws_ros2/install/px4_msgs/include/px4_msgs/px4_msgs/msg/detail/trajectory_setpoint6dof__rosidl_typesupport_fastrtps_cpp.hpp
[299.246s] -- Installing: /home/stepan/ws_ros2/install/px4_msgs/include/px4_msgs/px4_msgs/msg/detail/irlock_report__rosidl_typesupport_fastrtps_cpp.hpp
[299.246s] -- Installing: /home/stepan/ws_ros2/install/px4_msgs/include/px4_msgs/px4_msgs/msg/detail/actuator_servos__rosidl_typesupport_fastrtps_cpp.hpp
[299.246s] -- Installing: /home/stepan/ws_ros2/install/px4_msgs/include/px4_msgs/px4_msgs/msg/detail/sensor_accel__rosidl_typesupport_fastrtps_cpp.hpp
[299.246s] -- Installing: /home/stepan/ws_ros2/install/px4_msgs/include/px4_msgs/px4_msgs/msg/detail/figure_eight_status__rosidl_typesupport_fastrtps_cpp.hpp
[299.246s] -- Installing: /home/stepan/ws_ros2/install/px4_msgs/include/px4_msgs/px4_msgs/msg/detail/navigator_status__rosidl_typesupport_fastrtps_cpp.hpp
[299.247s] -- Installing: /home/stepan/ws_ros2/install/px4_msgs/include/px4_msgs/px4_msgs/msg/detail/power_monitor__rosidl_typesupport_fastrtps_cpp.hpp
[299.247s] -- Installing: /home/stepan/ws_ros2/install/px4_msgs/include/px4_msgs/px4_msgs/msg/detail/mode_completed__rosidl_typesupport_fastrtps_cpp.hpp
[299.247s] -- Installing: /home/stepan/ws_ros2/install/px4_msgs/include/px4_msgs/px4_msgs/msg/detail/geofence_status__rosidl_typesupport_fastrtps_cpp.hpp
[299.247s] -- Installing: /home/stepan/ws_ros2/install/px4_msgs/include/px4_msgs/px4_msgs/msg/detail/npfg_status__rosidl_typesupport_fastrtps_cpp.hpp
[299.247s] -- Installing: /home/stepan/ws_ros2/install/px4_msgs/include/px4_msgs/px4_msgs/msg/detail/actuator_test__rosidl_typesupport_fastrtps_cpp.hpp
[299.247s] -- Installing: /home/stepan/ws_ros2/install/px4_msgs/include/px4_msgs/px4_msgs/msg/detail/estimator_aid_source3d__rosidl_typesupport_fastrtps_cpp.hpp
[299.247s] -- Installing: /home/stepan/ws_ros2/install/px4_msgs/include/px4_msgs/px4_msgs/msg/detail/gpio_out__rosidl_typesupport_fastrtps_cpp.hpp
[299.247s] -- Installing: /home/stepan/ws_ros2/install/px4_msgs/include/px4_msgs/px4_msgs/msg/detail/vehicle_command_ack__rosidl_typesupport_fastrtps_cpp.hpp
[299.247s] -- Installing: /home/stepan/ws_ros2/install/px4_msgs/include/px4_msgs/px4_msgs/msg/detail/pwm_input__rosidl_typesupport_fastrtps_cpp.hpp
[299.247s] -- Installing: /home/stepan/ws_ros2/install/px4_msgs/include/px4_msgs/px4_msgs/msg/detail/rover_throttle_setpoint__rosidl_typesupport_fastrtps_cpp.hpp
[299.247s] -- Installing: /home/stepan/ws_ros2/install/px4_msgs/include/px4_msgs/px4_msgs/msg/detail/orb_test_large__rosidl_typesupport_fastrtps_cpp.hpp
[299.247s] -- Installing: /home/stepan/ws_ros2/install/px4_msgs/include/px4_msgs/px4_msgs/msg/detail/wheel_encoders__rosidl_typesupport_fastrtps_cpp.hpp
[299.247s] -- Installing: /home/stepan/ws_ros2/install/px4_msgs/include/px4_msgs/px4_msgs/msg/detail/pure_pursuit_status__rosidl_typesupport_fastrtps_cpp.hpp
[299.248s] -- Installing: /home/stepan/ws_ros2/install/px4_msgs/include/px4_msgs/px4_msgs/msg/detail/mavlink_log__rosidl_typesupport_fastrtps_cpp.hpp
[299.248s] -- Installing: /home/stepan/ws_ros2/install/px4_msgs/include/px4_msgs/px4_msgs/msg/detail/cpuload__rosidl_typesupport_fastrtps_cpp.hpp
[299.248s] -- Installing: /home/stepan/ws_ros2/install/px4_msgs/include/px4_msgs/px4_msgs/msg/detail/mag_worker_data__rosidl_typesupport_fastrtps_cpp.hpp
[299.248s] -- Installing: /home/stepan/ws_ros2/install/px4_msgs/include/px4_msgs/px4_msgs/msg/detail/mavlink_tunnel__rosidl_typesupport_fastrtps_cpp.hpp
[299.248s] -- Installing: /home/stepan/ws_ros2/install/px4_msgs/include/px4_msgs/px4_msgs/msg/detail/gimbal_device_attitude_status__rosidl_typesupport_fastrtps_cpp.hpp
[299.248s] -- Installing: /home/stepan/ws_ros2/install/px4_msgs/include/px4_msgs/px4_msgs/msg/detail/satellite_info__rosidl_typesupport_fastrtps_cpp.hpp
[299.248s] -- Installing: /home/stepan/ws_ros2/install/px4_msgs/include/px4_msgs/px4_msgs/msg/detail/camera_status__rosidl_typesupport_fastrtps_cpp.hpp
[299.248s] -- Installing: /home/stepan/ws_ros2/install/px4_msgs/include/px4_msgs/px4_msgs/msg/detail/ulog_stream_ack__rosidl_typesupport_fastrtps_cpp.hpp
[299.248s] -- Installing: /home/stepan/ws_ros2/install/px4_msgs/include/px4_msgs/px4_msgs/msg/detail/logger_status__rosidl_typesupport_fastrtps_cpp.hpp
[299.248s] -- Installing: /home/stepan/ws_ros2/install/px4_msgs/include/px4_msgs/px4_msgs/msg/detail/message_format_request__rosidl_typesupport_fastrtps_cpp.hpp
[299.248s] -- Installing: /home/stepan/ws_ros2/install/px4_msgs/include/px4_msgs/px4_msgs/msg/detail/estimator_status__rosidl_typesupport_fastrtps_cpp.hpp
[299.248s] -- Installing: /home/stepan/ws_ros2/install/px4_msgs/include/px4_msgs/px4_msgs/msg/detail/sensor_selection__rosidl_typesupport_fastrtps_cpp.hpp
[299.248s] -- Installing: /home/stepan/ws_ros2/install/px4_msgs/include/px4_msgs/px4_msgs/msg/detail/internal_combustion_engine_status__rosidl_typesupport_fastrtps_cpp.hpp
[299.249s] -- Installing: /home/stepan/ws_ros2/install/px4_msgs/include/px4_msgs/px4_msgs/msg/detail/position_controller_landing_status__rosidl_typesupport_fastrtps_cpp.hpp
[299.249s] -- Installing: /home/stepan/ws_ros2/install/px4_msgs/include/px4_msgs/px4_msgs/msg/detail/position_setpoint_triplet__rosidl_typesupport_fastrtps_cpp.hpp
[299.249s] -- Installing: /home/stepan/ws_ros2/install/px4_msgs/include/px4_msgs/px4_msgs/msg/detail/power_button_state__rosidl_typesupport_fastrtps_cpp.hpp
[299.249s] -- Installing: /home/stepan/ws_ros2/install/px4_msgs/include/px4_msgs/px4_msgs/msg/detail/vehicle_imu_status__rosidl_typesupport_fastrtps_cpp.hpp
[299.249s] -- Installing: /home/stepan/ws_ros2/install/px4_msgs/include/px4_msgs/px4_msgs/msg/detail/landing_gear_wheel__rosidl_typesupport_fastrtps_cpp.hpp
[299.249s] -- Installing: /home/stepan/ws_ros2/install/px4_msgs/include/px4_msgs/px4_msgs/msg/detail/open_drone_id_arm_status__rosidl_typesupport_fastrtps_cpp.hpp
[299.249s] -- Installing: /home/stepan/ws_ros2/install/px4_msgs/include/px4_msgs/px4_msgs/msg/detail/actuator_servos_trim__rosidl_typesupport_fastrtps_cpp.hpp
[299.249s] -- Installing: /home/stepan/ws_ros2/install/px4_msgs/include/px4_msgs/px4_msgs/msg/detail/vehicle_imu__rosidl_typesupport_fastrtps_cpp.hpp
[299.249s] -- Installing: /home/stepan/ws_ros2/install/px4_msgs/include/px4_msgs/px4_msgs/msg/detail/position_setpoint__rosidl_typesupport_fastrtps_cpp.hpp
[299.249s] -- Installing: /home/stepan/ws_ros2/install/px4_msgs/include/px4_msgs/px4_msgs/msg/detail/vehicle_optical_flow__rosidl_typesupport_fastrtps_cpp.hpp
[299.249s] -- Installing: /home/stepan/ws_ros2/install/px4_msgs/include/px4_msgs/px4_msgs/msg/detail/telemetry_status__rosidl_typesupport_fastrtps_cpp.hpp
[299.249s] -- Installing: /home/stepan/ws_ros2/install/px4_msgs/include/px4_msgs/px4_msgs/msg/detail/sensor_gnss_relative__rosidl_typesupport_fastrtps_cpp.hpp
[299.249s] -- Installing: /home/stepan/ws_ros2/install/px4_msgs/include/px4_msgs/px4_msgs/msg/detail/actuator_motors__rosidl_typesupport_fastrtps_cpp.hpp
[299.250s] -- Installing: /home/stepan/ws_ros2/install/px4_msgs/include/px4_msgs/px4_msgs/msg/detail/parameter_update__rosidl_typesupport_fastrtps_cpp.hpp
[299.250s] -- Installing: /home/stepan/ws_ros2/install/px4_msgs/include/px4_msgs/px4_msgs/msg/detail/sensor_combined__rosidl_typesupport_fastrtps_cpp.hpp
[299.250s] -- Installing: /home/stepan/ws_ros2/install/px4_msgs/include/px4_msgs/px4_msgs/msg/detail/rtl_status__rosidl_typesupport_fastrtps_cpp.hpp
[299.250s] -- Installing: /home/stepan/ws_ros2/install/px4_msgs/include/px4_msgs/px4_msgs/msg/detail/distance_sensor__rosidl_typesupport_fastrtps_cpp.hpp
[299.250s] -- Installing: /home/stepan/ws_ros2/install/px4_msgs/include/px4_msgs/px4_msgs/msg/detail/button_event__rosidl_typesupport_fastrtps_cpp.hpp
[299.250s] -- Installing: /home/stepan/ws_ros2/install/px4_msgs/include/px4_msgs/px4_msgs/msg/detail/sensor_preflight_mag__rosidl_typesupport_fastrtps_cpp.hpp
[299.250s] -- Installing: /home/stepan/ws_ros2/install/px4_msgs/include/px4_msgs/px4_msgs/msg/detail/can_interface_status__rosidl_typesupport_fastrtps_cpp.hpp
[299.250s] -- Installing: /home/stepan/ws_ros2/install/px4_msgs/include/px4_msgs/px4_msgs/msg/detail/timesync_status__rosidl_typesupport_fastrtps_cpp.hpp
[299.250s] -- Installing: /home/stepan/ws_ros2/install/px4_msgs/include/px4_msgs/px4_msgs/msg/detail/sensor_uwb__rosidl_typesupport_fastrtps_cpp.hpp
[299.250s] -- Installing: /home/stepan/ws_ros2/install/px4_msgs/include/px4_msgs/px4_msgs/msg/detail/radio_status__rosidl_typesupport_fastrtps_cpp.hpp
[299.250s] -- Installing: /home/stepan/ws_ros2/install/px4_msgs/include/px4_msgs/px4_msgs/msg/detail/vehicle_attitude__rosidl_typesupport_fastrtps_cpp.hpp
[299.250s] -- Installing: /home/stepan/ws_ros2/install/px4_msgs/include/px4_msgs/px4_msgs/msg/detail/wind__rosidl_typesupport_fastrtps_cpp.hpp
[299.250s] -- Installing: /home/stepan/ws_ros2/install/px4_msgs/include/px4_msgs/px4_msgs/msg/detail/mission_result__rosidl_typesupport_fastrtps_cpp.hpp
[299.251s] -- Installing: /home/stepan/ws_ros2/install/px4_msgs/include/px4_msgs/px4_msgs/msg/detail/sensors_status_imu__rosidl_typesupport_fastrtps_cpp.hpp
[299.251s] -- Installing: /home/stepan/ws_ros2/install/px4_msgs/include/px4_msgs/px4_msgs/msg/detail/debug_vect__rosidl_typesupport_fastrtps_cpp.hpp
[299.251s] -- Installing: /home/stepan/ws_ros2/install/px4_msgs/include/px4_msgs/px4_msgs/msg/detail/estimator_event_flags__rosidl_typesupport_fastrtps_cpp.hpp
[299.251s] -- Installing: /home/stepan/ws_ros2/install/px4_msgs/include/px4_msgs/px4_msgs/msg/detail/internal_combustion_engine_control__rosidl_typesupport_fastrtps_cpp.hpp
[299.251s] -- Installing: /home/stepan/ws_ros2/install/px4_msgs/include/px4_msgs/px4_msgs/msg/detail/arming_check_reply__rosidl_typesupport_fastrtps_cpp.hpp
[299.251s] -- Installing: /home/stepan/ws_ros2/install/px4_msgs/include/px4_msgs/px4_msgs/msg/detail/parameter_reset_request__rosidl_typesupport_fastrtps_cpp.hpp
[299.251s] -- Installing: /home/stepan/ws_ros2/install/px4_msgs/include/px4_msgs/px4_msgs/msg/detail/cellular_status__rosidl_typesupport_fastrtps_cpp.hpp
[299.251s] -- Installing: /home/stepan/ws_ros2/install/px4_msgs/include/px4_msgs/px4_msgs/msg/detail/fuel_tank_status__rosidl_typesupport_fastrtps_cpp.hpp
[299.251s] -- Installing: /home/stepan/ws_ros2/install/px4_msgs/include/px4_msgs/px4_msgs/msg/detail/uavcan_parameter_value__rosidl_typesupport_fastrtps_cpp.hpp
[299.251s] -- Installing: /home/stepan/ws_ros2/install/px4_msgs/include/px4_msgs/px4_msgs/msg/detail/input_rc__rosidl_typesupport_fastrtps_cpp.hpp
[299.251s] -- Installing: /home/stepan/ws_ros2/install/px4_msgs/include/px4_msgs/px4_msgs/msg/detail/rover_rate_setpoint__rosidl_typesupport_fastrtps_cpp.hpp
[299.251s] -- Installing: /home/stepan/ws_ros2/install/px4_msgs/include/px4_msgs/px4_msgs/msg/detail/rover_position_setpoint__rosidl_typesupport_fastrtps_cpp.hpp
[299.251s] -- Installing: /home/stepan/ws_ros2/install/px4_msgs/include/px4_msgs/px4_msgs/msg/detail/gps_dump__rosidl_typesupport_fastrtps_cpp.hpp
[299.252s] -- Installing: /home/stepan/ws_ros2/install/px4_msgs/include/px4_msgs/px4_msgs/msg/detail/vehicle_local_position_setpoint__rosidl_typesupport_fastrtps_cpp.hpp
[299.252s] -- Installing: /home/stepan/ws_ros2/install/px4_msgs/include/px4_msgs/px4_msgs/msg/detail/landing_gear__rosidl_typesupport_fastrtps_cpp.hpp
[299.252s] -- Installing: /home/stepan/ws_ros2/install/px4_msgs/include/px4_msgs/px4_msgs/msg/detail/ulog_stream__rosidl_typesupport_fastrtps_cpp.hpp
[299.252s] -- Installing: /home/stepan/ws_ros2/install/px4_msgs/include/px4_msgs/px4_msgs/msg/detail/tiltrotor_extra_controls__rosidl_typesupport_fastrtps_cpp.hpp
[299.252s] -- Installing: /home/stepan/ws_ros2/install/px4_msgs/include/px4_msgs/px4_msgs/msg/detail/actuator_outputs__rosidl_typesupport_fastrtps_cpp.hpp
[299.252s] -- Installing: /home/stepan/ws_ros2/install/px4_msgs/include/px4_msgs/px4_msgs/msg/detail/rtl_time_estimate__rosidl_typesupport_fastrtps_cpp.hpp
[299.252s] -- Installing: /home/stepan/ws_ros2/install/px4_msgs/include/px4_msgs/px4_msgs/msg/detail/vehicle_torque_setpoint__rosidl_typesupport_fastrtps_cpp.hpp
[299.252s] -- Installing: /home/stepan/ws_ros2/install/px4_msgs/include/px4_msgs/px4_msgs/msg/detail/system_power__rosidl_typesupport_fastrtps_cpp.hpp
[299.252s] -- Installing: /home/stepan/ws_ros2/install/px4_msgs/include/px4_msgs/px4_msgs/msg/detail/estimator_aid_source2d__rosidl_typesupport_fastrtps_cpp.hpp
[299.252s] -- Installing: /home/stepan/ws_ros2/install/px4_msgs/include/px4_msgs/px4_msgs/msg/detail/tecs_status__rosidl_typesupport_fastrtps_cpp.hpp
[299.252s] -- Installing: /home/stepan/ws_ros2/install/px4_msgs/include/px4_msgs/px4_msgs/msg/detail/esc_status__rosidl_typesupport_fastrtps_cpp.hpp
[299.253s] -- Installing: /home/stepan/ws_ros2/install/px4_msgs/include/px4_msgs/px4_msgs/msg/detail/vehicle_status__rosidl_typesupport_fastrtps_cpp.hpp
[299.253s] -- Installing: /home/stepan/ws_ros2/install/px4_msgs/include/px4_msgs/px4_msgs/msg/detail/gripper__rosidl_typesupport_fastrtps_cpp.hpp
[299.253s] -- Installing: /home/stepan/ws_ros2/install/px4_msgs/include/px4_msgs/px4_msgs/msg/detail/follow_target__rosidl_typesupport_fastrtps_cpp.hpp
[299.253s] -- Installing: /home/stepan/ws_ros2/install/px4_msgs/include/px4_msgs/px4_msgs/msg/detail/vehicle_angular_acceleration_setpoint__rosidl_typesupport_fastrtps_cpp.hpp
[299.253s] -- Installing: /home/stepan/ws_ros2/install/px4_msgs/include/px4_msgs/px4_msgs/msg/detail/manual_control_switches__rosidl_typesupport_fastrtps_cpp.hpp
[299.253s] -- Installing: /home/stepan/ws_ros2/install/px4_msgs/include/px4_msgs/px4_msgs/msg/detail/vehicle_rates_setpoint__rosidl_typesupport_fastrtps_cpp.hpp
[299.253s] -- Installing: /home/stepan/ws_ros2/install/px4_msgs/include/px4_msgs/px4_msgs/msg/detail/estimator_innovations__rosidl_typesupport_fastrtps_cpp.hpp
[299.253s] -- Installing: /home/stepan/ws_ros2/install/px4_msgs/include/px4_msgs/px4_msgs/msg/detail/ping__rosidl_typesupport_fastrtps_cpp.hpp
[299.253s] -- Installing: /home/stepan/ws_ros2/install/px4_msgs/include/px4_msgs/px4_msgs/msg/detail/pps_capture__rosidl_typesupport_fastrtps_cpp.hpp
[299.253s] -- Installing: /home/stepan/ws_ros2/install/px4_msgs/include/px4_msgs/px4_msgs/msg/detail/parameter_set_value_request__rosidl_typesupport_fastrtps_cpp.hpp
[299.253s] -- Installing: /home/stepan/ws_ros2/install/px4_msgs/include/px4_msgs/px4_msgs/msg/detail/follow_target_status__rosidl_typesupport_fastrtps_cpp.hpp
[299.253s] -- Installing: /home/stepan/ws_ros2/install/px4_msgs/include/px4_msgs/px4_msgs/msg/detail/vehicle_air_data__rosidl_typesupport_fastrtps_cpp.hpp
[299.253s] -- Installing: /home/stepan/ws_ros2/install/px4_msgs/include/px4_msgs/px4_msgs/msg/detail/register_ext_component_reply__rosidl_typesupport_fastrtps_cpp.hpp
[299.253s] -- Installing: /home/stepan/ws_ros2/install/px4_msgs/include/px4_msgs/px4_msgs/msg/detail/qshell_retval__rosidl_typesupport_fastrtps_cpp.hpp
[299.254s] -- Installing: /home/stepan/ws_ros2/install/px4_msgs/include/px4_msgs/px4_msgs/msg/detail/uavcan_parameter_request__rosidl_typesupport_fastrtps_cpp.hpp
[299.254s] -- Installing: /home/stepan/ws_ros2/install/px4_msgs/include/px4_msgs/px4_msgs/msg/detail/launch_detection_status__rosidl_typesupport_fastrtps_cpp.hpp
[299.254s] -- Installing: /home/stepan/ws_ros2/install/px4_msgs/include/px4_msgs/px4_msgs/msg/detail/vehicle_magnetometer__rosidl_typesupport_fastrtps_cpp.hpp
[299.254s] -- Installing: /home/stepan/ws_ros2/install/px4_msgs/include/px4_msgs/px4_msgs/msg/detail/estimator_gps_status__rosidl_typesupport_fastrtps_cpp.hpp
[299.254s] -- Installing: /home/stepan/ws_ros2/install/px4_msgs/include/px4_msgs/px4_msgs/msg/detail/ekf2_timestamps__rosidl_typesupport_fastrtps_cpp.hpp
[299.254s] -- Installing: /home/stepan/ws_ros2/install/px4_msgs/include/px4_msgs/px4_msgs/msg/detail/vehicle_acceleration__rosidl_typesupport_fastrtps_cpp.hpp
[299.254s] -- Installing: /home/stepan/ws_ros2/install/px4_msgs/include/px4_msgs/px4_msgs/msg/detail/velocity_limits__rosidl_typesupport_fastrtps_cpp.hpp
[299.254s] -- Installing: /home/stepan/ws_ros2/install/px4_msgs/include/px4_msgs/px4_msgs/msg/detail/airspeed__rosidl_typesupport_fastrtps_cpp.hpp
[299.254s] -- Installing: /home/stepan/ws_ros2/install/px4_msgs/include/px4_msgs/px4_msgs/msg/detail/follow_target_estimator__rosidl_typesupport_fastrtps_cpp.hpp
[299.254s] -- Installing: /home/stepan/ws_ros2/install/px4_msgs/include/px4_msgs/px4_msgs/msg/detail/sensor_accel_fifo__rosidl_typesupport_fastrtps_cpp.hpp
[299.254s] -- Installing: /home/stepan/ws_ros2/install/px4_msgs/include/px4_msgs/px4_msgs/msg/detail/actuator_armed__rosidl_typesupport_fastrtps_cpp.hpp
[299.254s] -- Installing: /home/stepan/ws_ros2/install/px4_msgs/include/px4_msgs/px4_msgs/msg/detail/px4io_status__rosidl_typesupport_fastrtps_cpp.hpp
[299.255s] -- Installing: /home/stepan/ws_ros2/install/px4_msgs/include/px4_msgs/px4_msgs/msg/detail/parameter_set_used_request__rosidl_typesupport_fastrtps_cpp.hpp
[299.255s] -- Installing: /home/stepan/ws_ros2/install/px4_msgs/include/px4_msgs/px4_msgs/msg/detail/estimator_bias3d__rosidl_typesupport_fastrtps_cpp.hpp
[299.255s] -- Installing: /home/stepan/ws_ros2/install/px4_msgs/include/px4_msgs/px4_msgs/msg/detail/sensor_hygrometer__rosidl_typesupport_fastrtps_cpp.hpp
[299.255s] -- Installing: /home/stepan/ws_ros2/install/px4_msgs/include/px4_msgs/px4_msgs/msg/detail/event__rosidl_typesupport_fastrtps_cpp.hpp
[299.255s] -- Installing: /home/stepan/ws_ros2/install/px4_msgs/include/px4_msgs/px4_msgs/msg/detail/vehicle_odometry__rosidl_typesupport_fastrtps_cpp.hpp
[299.255s] -- Installing: /home/stepan/ws_ros2/install/px4_msgs/include/px4_msgs/px4_msgs/msg/detail/rover_velocity_status__rosidl_typesupport_fastrtps_cpp.hpp
[299.255s] -- Installing: /home/stepan/ws_ros2/install/px4_msgs/include/px4_msgs/px4_msgs/msg/detail/rover_steering_setpoint__rosidl_typesupport_fastrtps_cpp.hpp
[299.255s] -- Installing: /home/stepan/ws_ros2/install/px4_msgs/include/px4_msgs/px4_msgs/msg/detail/parameter_set_value_response__rosidl_typesupport_fastrtps_cpp.hpp
[299.255s] -- Installing: /home/stepan/ws_ros2/install/px4_msgs/include/px4_msgs/px4_msgs/msg/detail/airspeed_validated__rosidl_typesupport_fastrtps_cpp.hpp
[299.255s] -- Installing: /home/stepan/ws_ros2/install/px4_msgs/include/px4_msgs/px4_msgs/msg/detail/autotune_attitude_control_status__rosidl_typesupport_fastrtps_cpp.hpp
[299.255s] -- Installing: /home/stepan/ws_ros2/install/px4_msgs/include/px4_msgs/px4_msgs/msg/detail/transponder_report__rosidl_typesupport_fastrtps_cpp.hpp
[299.255s] -- Installing: /home/stepan/ws_ros2/install/px4_msgs/include/px4_msgs/px4_msgs/msg/detail/actuator_controls_status__rosidl_typesupport_fastrtps_cpp.hpp
[299.256s] -- Installing: /home/stepan/ws_ros2/install/px4_msgs/include/px4_msgs/px4_msgs/msg/detail/gimbal_controls__rosidl_typesupport_fastrtps_cpp.hpp
[299.256s] -- Installing: /home/stepan/ws_ros2/install/px4_msgs/include/px4_msgs/px4_msgs/msg/rosidl_typesupport_fastrtps_cpp__visibility_control.h
[299.256s] -- Up-to-date: /home/stepan/ws_ros2/install/px4_msgs/include/px4_msgs/px4_msgs/srv
[299.256s] -- Up-to-date: /home/stepan/ws_ros2/install/px4_msgs/include/px4_msgs/px4_msgs/srv/detail
[299.256s] -- Installing: /home/stepan/ws_ros2/install/px4_msgs/include/px4_msgs/px4_msgs/srv/detail/dds_fastrtps
[299.256s] -- Installing: /home/stepan/ws_ros2/install/px4_msgs/include/px4_msgs/px4_msgs/srv/detail/vehicle_command__rosidl_typesupport_fastrtps_cpp.hpp
[299.256s] -- Installing: /home/stepan/ws_ros2/install/px4_msgs/lib/libpx4_msgs__rosidl_typesupport_fastrtps_cpp.so
[299.258s] -- Set runtime path of "/home/stepan/ws_ros2/install/px4_msgs/lib/libpx4_msgs__rosidl_typesupport_fastrtps_cpp.so" to ""
[299.258s] -- Up-to-date: /home/stepan/ws_ros2/install/px4_msgs/include/px4_msgs/px4_msgs
[299.258s] -- Up-to-date: /home/stepan/ws_ros2/install/px4_msgs/include/px4_msgs/px4_msgs/msg
[299.258s] -- Up-to-date: /home/stepan/ws_ros2/install/px4_msgs/include/px4_msgs/px4_msgs/msg/detail
[299.258s] -- Installing: /home/stepan/ws_ros2/install/px4_msgs/include/px4_msgs/px4_msgs/msg/detail/debug_key_value__rosidl_typesupport_introspection_c.h
[299.258s] -- Installing: /home/stepan/ws_ros2/install/px4_msgs/include/px4_msgs/px4_msgs/msg/detail/vehicle_command_ack__type_support.c
[299.258s] -- Installing: /home/stepan/ws_ros2/install/px4_msgs/include/px4_msgs/px4_msgs/msg/detail/estimator_states__rosidl_typesupport_introspection_c.h
[299.258s] -- Installing: /home/stepan/ws_ros2/install/px4_msgs/include/px4_msgs/px4_msgs/msg/detail/autotune_attitude_control_status__rosidl_typesupport_introspection_c.h
[299.258s] -- Installing: /home/stepan/ws_ros2/install/px4_msgs/include/px4_msgs/px4_msgs/msg/detail/sensor_gyro_fft__rosidl_typesupport_introspection_c.h
[299.258s] -- Installing: /home/stepan/ws_ros2/install/px4_msgs/include/px4_msgs/px4_msgs/msg/detail/follow_target__type_support.c
[299.259s] -- Installing: /home/stepan/ws_ros2/install/px4_msgs/include/px4_msgs/px4_msgs/msg/detail/can_interface_status__rosidl_typesupport_introspection_c.h
[299.259s] -- Installing: /home/stepan/ws_ros2/install/px4_msgs/include/px4_msgs/px4_msgs/msg/detail/estimator_aid_source2d__type_support.c
[299.259s] -- Installing: /home/stepan/ws_ros2/install/px4_msgs/include/px4_msgs/px4_msgs/msg/detail/sensor_uwb__rosidl_typesupport_introspection_c.h
[299.259s] -- Installing: /home/stepan/ws_ros2/install/px4_msgs/include/px4_msgs/px4_msgs/msg/detail/gimbal_manager_status__rosidl_typesupport_introspection_c.h
[299.259s] -- Installing: /home/stepan/ws_ros2/install/px4_msgs/include/px4_msgs/px4_msgs/msg/detail/sensor_gyro__type_support.c
[299.259s] -- Installing: /home/stepan/ws_ros2/install/px4_msgs/include/px4_msgs/px4_msgs/msg/detail/follow_target_estimator__rosidl_typesupport_introspection_c.h
[299.259s] -- Installing: /home/stepan/ws_ros2/install/px4_msgs/include/px4_msgs/px4_msgs/msg/detail/rtl_status__rosidl_typesupport_introspection_c.h
[299.259s] -- Installing: /home/stepan/ws_ros2/install/px4_msgs/include/px4_msgs/px4_msgs/msg/detail/debug_value__type_support.c
[299.259s] -- Installing: /home/stepan/ws_ros2/install/px4_msgs/include/px4_msgs/px4_msgs/msg/detail/onboard_computer_status__type_support.c
[299.259s] -- Installing: /home/stepan/ws_ros2/install/px4_msgs/include/px4_msgs/px4_msgs/msg/detail/gpio_in__rosidl_typesupport_introspection_c.h
[299.259s] -- Installing: /home/stepan/ws_ros2/install/px4_msgs/include/px4_msgs/px4_msgs/msg/detail/generator_status__rosidl_typesupport_introspection_c.h
[299.260s] -- Installing: /home/stepan/ws_ros2/install/px4_msgs/include/px4_msgs/px4_msgs/msg/detail/launch_detection_status__type_support.c
[299.260s] -- Installing: /home/stepan/ws_ros2/install/px4_msgs/include/px4_msgs/px4_msgs/msg/detail/camera_status__rosidl_typesupport_introspection_c.h
[299.260s] -- Installing: /home/stepan/ws_ros2/install/px4_msgs/include/px4_msgs/px4_msgs/msg/detail/sensor_uwb__type_support.c
[299.260s] -- Installing: /home/stepan/ws_ros2/install/px4_msgs/include/px4_msgs/px4_msgs/msg/detail/ulog_stream__type_support.c
[299.260s] -- Installing: /home/stepan/ws_ros2/install/px4_msgs/include/px4_msgs/px4_msgs/msg/detail/gimbal_device_information__type_support.c
[299.260s] -- Installing: /home/stepan/ws_ros2/install/px4_msgs/include/px4_msgs/px4_msgs/msg/detail/sensor_baro__rosidl_typesupport_introspection_c.h
[299.260s] -- Installing: /home/stepan/ws_ros2/install/px4_msgs/include/px4_msgs/px4_msgs/msg/detail/distance_sensor__type_support.c
[299.260s] -- Installing: /home/stepan/ws_ros2/install/px4_msgs/include/px4_msgs/px4_msgs/msg/detail/pure_pursuit_status__type_support.c
[299.260s] -- Installing: /home/stepan/ws_ros2/install/px4_msgs/include/px4_msgs/px4_msgs/msg/detail/power_monitor__rosidl_typesupport_introspection_c.h
[299.260s] -- Installing: /home/stepan/ws_ros2/install/px4_msgs/include/px4_msgs/px4_msgs/msg/detail/home_position__type_support.c
[299.260s] -- Installing: /home/stepan/ws_ros2/install/px4_msgs/include/px4_msgs/px4_msgs/msg/detail/mavlink_log__type_support.c
[299.260s] -- Installing: /home/stepan/ws_ros2/install/px4_msgs/include/px4_msgs/px4_msgs/msg/detail/position_setpoint__rosidl_typesupport_introspection_c.h
[299.261s] -- Installing: /home/stepan/ws_ros2/install/px4_msgs/include/px4_msgs/px4_msgs/msg/detail/position_setpoint_triplet__rosidl_typesupport_introspection_c.h
[299.261s] -- Installing: /home/stepan/ws_ros2/install/px4_msgs/include/px4_msgs/px4_msgs/msg/detail/gimbal_manager_set_attitude__type_support.c
[299.261s] -- Installing: /home/stepan/ws_ros2/install/px4_msgs/include/px4_msgs/px4_msgs/msg/detail/gpio_config__rosidl_typesupport_introspection_c.h
[299.261s] -- Installing: /home/stepan/ws_ros2/install/px4_msgs/include/px4_msgs/px4_msgs/msg/detail/dataman_response__rosidl_typesupport_introspection_c.h
[299.261s] -- Installing: /home/stepan/ws_ros2/install/px4_msgs/include/px4_msgs/px4_msgs/msg/detail/gps_inject_data__rosidl_typesupport_introspection_c.h
[299.261s] -- Installing: /home/stepan/ws_ros2/install/px4_msgs/include/px4_msgs/px4_msgs/msg/detail/qshell_retval__rosidl_typesupport_introspection_c.h
[299.261s] -- Installing: /home/stepan/ws_ros2/install/px4_msgs/include/px4_msgs/px4_msgs/msg/detail/estimator_innovations__rosidl_typesupport_introspection_c.h
[299.261s] -- Installing: /home/stepan/ws_ros2/install/px4_msgs/include/px4_msgs/px4_msgs/msg/detail/parameter_set_value_response__type_support.c
[299.261s] -- Installing: /home/stepan/ws_ros2/install/px4_msgs/include/px4_msgs/px4_msgs/msg/detail/estimator_gps_status__rosidl_typesupport_introspection_c.h
[299.261s] -- Installing: /home/stepan/ws_ros2/install/px4_msgs/include/px4_msgs/px4_msgs/msg/detail/gpio_in__type_support.c
[299.261s] -- Installing: /home/stepan/ws_ros2/install/px4_msgs/include/px4_msgs/px4_msgs/msg/detail/wind__rosidl_typesupport_introspection_c.h
[299.261s] -- Installing: /home/stepan/ws_ros2/install/px4_msgs/include/px4_msgs/px4_msgs/msg/detail/estimator_bias__rosidl_typesupport_introspection_c.h
[299.261s] -- Installing: /home/stepan/ws_ros2/install/px4_msgs/include/px4_msgs/px4_msgs/msg/detail/takeoff_status__rosidl_typesupport_introspection_c.h
[299.262s] -- Installing: /home/stepan/ws_ros2/install/px4_msgs/include/px4_msgs/px4_msgs/msg/detail/follow_target_estimator__type_support.c
[299.262s] -- Installing: /home/stepan/ws_ros2/install/px4_msgs/include/px4_msgs/px4_msgs/msg/detail/manual_control_switches__rosidl_typesupport_introspection_c.h
[299.262s] -- Installing: /home/stepan/ws_ros2/install/px4_msgs/include/px4_msgs/px4_msgs/msg/detail/orb_test_medium__rosidl_typesupport_introspection_c.h
[299.262s] -- Installing: /home/stepan/ws_ros2/install/px4_msgs/include/px4_msgs/px4_msgs/msg/detail/launch_detection_status__rosidl_typesupport_introspection_c.h
[299.262s] -- Installing: /home/stepan/ws_ros2/install/px4_msgs/include/px4_msgs/px4_msgs/msg/detail/estimator_aid_source3d__rosidl_typesupport_introspection_c.h
[299.262s] -- Installing: /home/stepan/ws_ros2/install/px4_msgs/include/px4_msgs/px4_msgs/msg/detail/open_drone_id_system__rosidl_typesupport_introspection_c.h
[299.262s] -- Installing: /home/stepan/ws_ros2/install/px4_msgs/include/px4_msgs/px4_msgs/msg/detail/rover_attitude_setpoint__type_support.c
[299.262s] -- Installing: /home/stepan/ws_ros2/install/px4_msgs/include/px4_msgs/px4_msgs/msg/detail/event__type_support.c
[299.262s] -- Installing: /home/stepan/ws_ros2/install/px4_msgs/include/px4_msgs/px4_msgs/msg/detail/sensor_selection__rosidl_typesupport_introspection_c.h
[299.262s] -- Installing: /home/stepan/ws_ros2/install/px4_msgs/include/px4_msgs/px4_msgs/msg/detail/trajectory_setpoint6dof__type_support.c
[299.262s] -- Installing: /home/stepan/ws_ros2/install/px4_msgs/include/px4_msgs/px4_msgs/msg/detail/internal_combustion_engine_control__type_support.c
[299.262s] -- Installing: /home/stepan/ws_ros2/install/px4_msgs/include/px4_msgs/px4_msgs/msg/detail/esc_report__type_support.c
[299.263s] -- Installing: /home/stepan/ws_ros2/install/px4_msgs/include/px4_msgs/px4_msgs/msg/detail/debug_value__rosidl_typesupport_introspection_c.h
[299.263s] -- Installing: /home/stepan/ws_ros2/install/px4_msgs/include/px4_msgs/px4_msgs/msg/detail/estimator_aid_source1d__type_support.c
[299.263s] -- Installing: /home/stepan/ws_ros2/install/px4_msgs/include/px4_msgs/px4_msgs/msg/detail/sensor_gyro_fifo__type_support.c
[299.263s] -- Installing: /home/stepan/ws_ros2/install/px4_msgs/include/px4_msgs/px4_msgs/msg/detail/heater_status__type_support.c
[299.263s] -- Installing: /home/stepan/ws_ros2/install/px4_msgs/include/px4_msgs/px4_msgs/msg/detail/sensors_status_imu__rosidl_typesupport_introspection_c.h
[299.263s] -- Installing: /home/stepan/ws_ros2/install/px4_msgs/include/px4_msgs/px4_msgs/msg/detail/vehicle_local_position__type_support.c
[299.263s] -- Installing: /home/stepan/ws_ros2/install/px4_msgs/include/px4_msgs/px4_msgs/msg/detail/sensors_status__rosidl_typesupport_introspection_c.h
[299.263s] -- Installing: /home/stepan/ws_ros2/install/px4_msgs/include/px4_msgs/px4_msgs/msg/detail/goto_setpoint__type_support.c
[299.263s] -- Installing: /home/stepan/ws_ros2/install/px4_msgs/include/px4_msgs/px4_msgs/msg/detail/gpio_config__type_support.c
[299.263s] -- Installing: /home/stepan/ws_ros2/install/px4_msgs/include/px4_msgs/px4_msgs/msg/detail/pwm_input__type_support.c
[299.263s] -- Installing: /home/stepan/ws_ros2/install/px4_msgs/include/px4_msgs/px4_msgs/msg/detail/parameter_reset_request__type_support.c
[299.263s] -- Installing: /home/stepan/ws_ros2/install/px4_msgs/include/px4_msgs/px4_msgs/msg/detail/differential_pressure__rosidl_typesupport_introspection_c.h
[299.264s] -- Installing: /home/stepan/ws_ros2/install/px4_msgs/include/px4_msgs/px4_msgs/msg/detail/vehicle_optical_flow_vel__type_support.c
[299.264s] -- Installing: /home/stepan/ws_ros2/install/px4_msgs/include/px4_msgs/px4_msgs/msg/detail/ackermann_velocity_setpoint__type_support.c
[299.264s] -- Installing: /home/stepan/ws_ros2/install/px4_msgs/include/px4_msgs/px4_msgs/msg/detail/actuator_servos_trim__type_support.c
[299.264s] -- Installing: /home/stepan/ws_ros2/install/px4_msgs/include/px4_msgs/px4_msgs/msg/detail/sensors_status_imu__type_support.c
[299.264s] -- Installing: /home/stepan/ws_ros2/install/px4_msgs/include/px4_msgs/px4_msgs/msg/detail/vehicle_optical_flow_vel__rosidl_typesupport_introspection_c.h
[299.264s] -- Installing: /home/stepan/ws_ros2/install/px4_msgs/include/px4_msgs/px4_msgs/msg/detail/vehicle_attitude_setpoint__rosidl_typesupport_introspection_c.h
[299.264s] -- Installing: /home/stepan/ws_ros2/install/px4_msgs/include/px4_msgs/px4_msgs/msg/detail/satellite_info__rosidl_typesupport_introspection_c.h
[299.264s] -- Installing: /home/stepan/ws_ros2/install/px4_msgs/include/px4_msgs/px4_msgs/msg/detail/heater_status__rosidl_typesupport_introspection_c.h
[299.264s] -- Installing: /home/stepan/ws_ros2/install/px4_msgs/include/px4_msgs/px4_msgs/msg/detail/position_controller_status__rosidl_typesupport_introspection_c.h
[299.264s] -- Installing: /home/stepan/ws_ros2/install/px4_msgs/include/px4_msgs/px4_msgs/msg/detail/sensor_accel__rosidl_typesupport_introspection_c.h
[299.264s] -- Installing: /home/stepan/ws_ros2/install/px4_msgs/include/px4_msgs/px4_msgs/msg/detail/figure_eight_status__type_support.c
[299.264s] -- Installing: /home/stepan/ws_ros2/install/px4_msgs/include/px4_msgs/px4_msgs/msg/detail/hover_thrust_estimate__rosidl_typesupport_introspection_c.h
[299.264s] -- Installing: /home/stepan/ws_ros2/install/px4_msgs/include/px4_msgs/px4_msgs/msg/detail/camera_trigger__type_support.c
[299.265s] -- Installing: /home/stepan/ws_ros2/install/px4_msgs/include/px4_msgs/px4_msgs/msg/detail/mode_completed__rosidl_typesupport_introspection_c.h
[299.265s] -- Installing: /home/stepan/ws_ros2/install/px4_msgs/include/px4_msgs/px4_msgs/msg/detail/vehicle_torque_setpoint__rosidl_typesupport_introspection_c.h
[299.265s] -- Installing: /home/stepan/ws_ros2/install/px4_msgs/include/px4_msgs/px4_msgs/msg/detail/sensor_hygrometer__type_support.c
[299.265s] -- Installing: /home/stepan/ws_ros2/install/px4_msgs/include/px4_msgs/px4_msgs/msg/detail/iridiumsbd_status__rosidl_typesupport_introspection_c.h
[299.265s] -- Installing: /home/stepan/ws_ros2/install/px4_msgs/include/px4_msgs/px4_msgs/msg/detail/vehicle_thrust_setpoint__rosidl_typesupport_introspection_c.h
[299.265s] -- Installing: /home/stepan/ws_ros2/install/px4_msgs/include/px4_msgs/px4_msgs/msg/detail/rover_velocity_status__rosidl_typesupport_introspection_c.h
[299.265s] -- Installing: /home/stepan/ws_ros2/install/px4_msgs/include/px4_msgs/px4_msgs/msg/detail/event__rosidl_typesupport_introspection_c.h
[299.265s] -- Installing: /home/stepan/ws_ros2/install/px4_msgs/include/px4_msgs/px4_msgs/msg/detail/tecs_status__rosidl_typesupport_introspection_c.h
[299.265s] -- Installing: /home/stepan/ws_ros2/install/px4_msgs/include/px4_msgs/px4_msgs/msg/detail/gps_inject_data__type_support.c
[299.265s] -- Installing: /home/stepan/ws_ros2/install/px4_msgs/include/px4_msgs/px4_msgs/msg/detail/wheel_encoders__rosidl_typesupport_introspection_c.h
[299.265s] -- Installing: /home/stepan/ws_ros2/install/px4_msgs/include/px4_msgs/px4_msgs/msg/detail/normalized_unsigned_setpoint__rosidl_typesupport_introspection_c.h
[299.265s] -- Installing: /home/stepan/ws_ros2/install/px4_msgs/include/px4_msgs/px4_msgs/msg/detail/config_overrides__type_support.c
[299.266s] -- Installing: /home/stepan/ws_ros2/install/px4_msgs/include/px4_msgs/px4_msgs/msg/detail/irlock_report__rosidl_typesupport_introspection_c.h
[299.266s] -- Installing: /home/stepan/ws_ros2/install/px4_msgs/include/px4_msgs/px4_msgs/msg/detail/gimbal_manager_status__type_support.c
[299.266s] -- Installing: /home/stepan/ws_ros2/install/px4_msgs/include/px4_msgs/px4_msgs/msg/detail/position_controller_status__type_support.c
[299.266s] -- Installing: /home/stepan/ws_ros2/install/px4_msgs/include/px4_msgs/px4_msgs/msg/detail/vehicle_air_data__type_support.c
[299.266s] -- Installing: /home/stepan/ws_ros2/install/px4_msgs/include/px4_msgs/px4_msgs/msg/detail/airspeed_validated__type_support.c
[299.266s] -- Installing: /home/stepan/ws_ros2/install/px4_msgs/include/px4_msgs/px4_msgs/msg/detail/action_request__type_support.c
[299.266s] -- Installing: /home/stepan/ws_ros2/install/px4_msgs/include/px4_msgs/px4_msgs/msg/detail/open_drone_id_self_id__type_support.c
[299.266s] -- Installing: /home/stepan/ws_ros2/install/px4_msgs/include/px4_msgs/px4_msgs/msg/detail/gimbal_device_attitude_status__rosidl_typesupport_introspection_c.h
[299.266s] -- Installing: /home/stepan/ws_ros2/install/px4_msgs/include/px4_msgs/px4_msgs/msg/detail/rate_ctrl_status__type_support.c
[299.266s] -- Installing: /home/stepan/ws_ros2/install/px4_msgs/include/px4_msgs/px4_msgs/msg/detail/landing_gear__rosidl_typesupport_introspection_c.h
[299.266s] -- Installing: /home/stepan/ws_ros2/install/px4_msgs/include/px4_msgs/px4_msgs/msg/detail/landing_gear_wheel__rosidl_typesupport_introspection_c.h
[299.266s] -- Installing: /home/stepan/ws_ros2/install/px4_msgs/include/px4_msgs/px4_msgs/msg/detail/flight_phase_estimation__rosidl_typesupport_introspection_c.h
[299.267s] -- Installing: /home/stepan/ws_ros2/install/px4_msgs/include/px4_msgs/px4_msgs/msg/detail/rtl_time_estimate__rosidl_typesupport_introspection_c.h
[299.267s] -- Installing: /home/stepan/ws_ros2/install/px4_msgs/include/px4_msgs/px4_msgs/msg/detail/vehicle_attitude__type_support.c
[299.267s] -- Installing: /home/stepan/ws_ros2/install/px4_msgs/include/px4_msgs/px4_msgs/msg/detail/qshell_req__rosidl_typesupport_introspection_c.h
[299.267s] -- Installing: /home/stepan/ws_ros2/install/px4_msgs/include/px4_msgs/px4_msgs/msg/detail/logger_status__rosidl_typesupport_introspection_c.h
[299.267s] -- Installing: /home/stepan/ws_ros2/install/px4_msgs/include/px4_msgs/px4_msgs/msg/detail/geofence_result__type_support.c
[299.267s] -- Installing: /home/stepan/ws_ros2/install/px4_msgs/include/px4_msgs/px4_msgs/msg/detail/vehicle_imu_status__rosidl_typesupport_introspection_c.h
[299.267s] -- Installing: /home/stepan/ws_ros2/install/px4_msgs/include/px4_msgs/px4_msgs/msg/detail/tiltrotor_extra_controls__type_support.c
[299.267s] -- Installing: /home/stepan/ws_ros2/install/px4_msgs/include/px4_msgs/px4_msgs/msg/detail/geofence_result__rosidl_typesupport_introspection_c.h
[299.267s] -- Installing: /home/stepan/ws_ros2/install/px4_msgs/include/px4_msgs/px4_msgs/msg/detail/landing_target_innovations__rosidl_typesupport_introspection_c.h
[299.267s] -- Installing: /home/stepan/ws_ros2/install/px4_msgs/include/px4_msgs/px4_msgs/msg/detail/estimator_status_flags__type_support.c
[299.267s] -- Installing: /home/stepan/ws_ros2/install/px4_msgs/include/px4_msgs/px4_msgs/msg/detail/sensor_gnss_relative__type_support.c
[299.267s] -- Installing: /home/stepan/ws_ros2/install/px4_msgs/include/px4_msgs/px4_msgs/msg/detail/iridiumsbd_status__type_support.c
[299.268s] -- Installing: /home/stepan/ws_ros2/install/px4_msgs/include/px4_msgs/px4_msgs/msg/detail/ping__type_support.c
[299.268s] -- Installing: /home/stepan/ws_ros2/install/px4_msgs/include/px4_msgs/px4_msgs/msg/detail/rover_rate_status__rosidl_typesupport_introspection_c.h
[299.268s] -- Installing: /home/stepan/ws_ros2/install/px4_msgs/include/px4_msgs/px4_msgs/msg/detail/airspeed_validated__rosidl_typesupport_introspection_c.h
[299.268s] -- Installing: /home/stepan/ws_ros2/install/px4_msgs/include/px4_msgs/px4_msgs/msg/detail/yaw_estimator_status__type_support.c
[299.268s] -- Installing: /home/stepan/ws_ros2/install/px4_msgs/include/px4_msgs/px4_msgs/msg/detail/system_power__rosidl_typesupport_introspection_c.h
[299.268s] -- Installing: /home/stepan/ws_ros2/install/px4_msgs/include/px4_msgs/px4_msgs/msg/detail/logger_status__type_support.c
[299.268s] -- Installing: /home/stepan/ws_ros2/install/px4_msgs/include/px4_msgs/px4_msgs/msg/detail/rover_rate_setpoint__rosidl_typesupport_introspection_c.h
[299.268s] -- Installing: /home/stepan/ws_ros2/install/px4_msgs/include/px4_msgs/px4_msgs/msg/detail/sensor_airflow__rosidl_typesupport_introspection_c.h
[299.268s] -- Installing: /home/stepan/ws_ros2/install/px4_msgs/include/px4_msgs/px4_msgs/msg/detail/transponder_report__rosidl_typesupport_introspection_c.h
[299.268s] -- Installing: /home/stepan/ws_ros2/install/px4_msgs/include/px4_msgs/px4_msgs/msg/detail/estimator_event_flags__rosidl_typesupport_introspection_c.h
[299.268s] -- Installing: /home/stepan/ws_ros2/install/px4_msgs/include/px4_msgs/px4_msgs/msg/detail/px4io_status__type_support.c
[299.268s] -- Installing: /home/stepan/ws_ros2/install/px4_msgs/include/px4_msgs/px4_msgs/msg/detail/power_button_state__rosidl_typesupport_introspection_c.h
[299.269s] -- Installing: /home/stepan/ws_ros2/install/px4_msgs/include/px4_msgs/px4_msgs/msg/detail/gimbal_controls__rosidl_typesupport_introspection_c.h
[299.269s] -- Installing: /home/stepan/ws_ros2/install/px4_msgs/include/px4_msgs/px4_msgs/msg/detail/health_report__rosidl_typesupport_introspection_c.h
[299.269s] -- Installing: /home/stepan/ws_ros2/install/px4_msgs/include/px4_msgs/px4_msgs/msg/detail/internal_combustion_engine_control__rosidl_typesupport_introspection_c.h
[299.269s] -- Installing: /home/stepan/ws_ros2/install/px4_msgs/include/px4_msgs/px4_msgs/msg/detail/qshell_retval__type_support.c
[299.269s] -- Installing: /home/stepan/ws_ros2/install/px4_msgs/include/px4_msgs/px4_msgs/msg/detail/mission__rosidl_typesupport_introspection_c.h
[299.269s] -- Installing: /home/stepan/ws_ros2/install/px4_msgs/include/px4_msgs/px4_msgs/msg/detail/estimator_event_flags__type_support.c
[299.269s] -- Installing: /home/stepan/ws_ros2/install/px4_msgs/include/px4_msgs/px4_msgs/msg/detail/debug_key_value__type_support.c
[299.269s] -- Installing: /home/stepan/ws_ros2/install/px4_msgs/include/px4_msgs/px4_msgs/msg/detail/open_drone_id_arm_status__rosidl_typesupport_introspection_c.h
[299.269s] -- Installing: /home/stepan/ws_ros2/install/px4_msgs/include/px4_msgs/px4_msgs/msg/detail/mag_worker_data__rosidl_typesupport_introspection_c.h
[299.269s] -- Installing: /home/stepan/ws_ros2/install/px4_msgs/include/px4_msgs/px4_msgs/msg/detail/estimator_status__rosidl_typesupport_introspection_c.h
[299.269s] -- Installing: /home/stepan/ws_ros2/install/px4_msgs/include/px4_msgs/px4_msgs/msg/detail/failsafe_flags__type_support.c
[299.269s] -- Installing: /home/stepan/ws_ros2/install/px4_msgs/include/px4_msgs/px4_msgs/msg/detail/sensors_status__type_support.c
[299.270s] -- Installing: /home/stepan/ws_ros2/install/px4_msgs/include/px4_msgs/px4_msgs/msg/detail/rc_parameter_map__type_support.c
[299.270s] -- Installing: /home/stepan/ws_ros2/install/px4_msgs/include/px4_msgs/px4_msgs/msg/detail/velocity_limits__type_support.c
[299.270s] -- Installing: /home/stepan/ws_ros2/install/px4_msgs/include/px4_msgs/px4_msgs/msg/detail/px4io_status__rosidl_typesupport_introspection_c.h
[299.270s] -- Installing: /home/stepan/ws_ros2/install/px4_msgs/include/px4_msgs/px4_msgs/msg/detail/geofence_status__type_support.c
[299.270s] -- Installing: /home/stepan/ws_ros2/install/px4_msgs/include/px4_msgs/px4_msgs/msg/detail/ackermann_velocity_setpoint__rosidl_typesupport_introspection_c.h
[299.270s] -- Installing: /home/stepan/ws_ros2/install/px4_msgs/include/px4_msgs/px4_msgs/msg/detail/parameter_set_value_request__rosidl_typesupport_introspection_c.h
[299.270s] -- Installing: /home/stepan/ws_ros2/install/px4_msgs/include/px4_msgs/px4_msgs/msg/detail/gimbal_manager_set_attitude__rosidl_typesupport_introspection_c.h
[299.270s] -- Installing: /home/stepan/ws_ros2/install/px4_msgs/include/px4_msgs/px4_msgs/msg/detail/sensor_gyro_fft__type_support.c
[299.270s] -- Installing: /home/stepan/ws_ros2/install/px4_msgs/include/px4_msgs/px4_msgs/msg/detail/gpio_out__type_support.c
[299.270s] -- Installing: /home/stepan/ws_ros2/install/px4_msgs/include/px4_msgs/px4_msgs/msg/detail/vtol_vehicle_status__type_support.c
[299.270s] -- Installing: /home/stepan/ws_ros2/install/px4_msgs/include/px4_msgs/px4_msgs/msg/detail/sensor_hygrometer__rosidl_typesupport_introspection_c.h
[299.270s] -- Installing: /home/stepan/ws_ros2/install/px4_msgs/include/px4_msgs/px4_msgs/msg/detail/navigator_mission_item__type_support.c
[299.271s] -- Installing: /home/stepan/ws_ros2/install/px4_msgs/include/px4_msgs/px4_msgs/msg/detail/sensor_preflight_mag__rosidl_typesupport_introspection_c.h
[299.271s] -- Installing: /home/stepan/ws_ros2/install/px4_msgs/include/px4_msgs/px4_msgs/msg/detail/flight_phase_estimation__type_support.c
[299.271s] -- Installing: /home/stepan/ws_ros2/install/px4_msgs/include/px4_msgs/px4_msgs/msg/detail/open_drone_id_operator_id__type_support.c
[299.271s] -- Installing: /home/stepan/ws_ros2/install/px4_msgs/include/px4_msgs/px4_msgs/msg/detail/vehicle_constraints__rosidl_typesupport_introspection_c.h
[299.271s] -- Installing: /home/stepan/ws_ros2/install/px4_msgs/include/px4_msgs/px4_msgs/msg/detail/vehicle_roi__type_support.c
[299.271s] -- Installing: /home/stepan/ws_ros2/install/px4_msgs/include/px4_msgs/px4_msgs/msg/detail/register_ext_component_request__rosidl_typesupport_introspection_c.h
[299.271s] -- Installing: /home/stepan/ws_ros2/install/px4_msgs/include/px4_msgs/px4_msgs/msg/detail/collision_constraints__rosidl_typesupport_introspection_c.h
[299.271s] -- Installing: /home/stepan/ws_ros2/install/px4_msgs/include/px4_msgs/px4_msgs/msg/detail/offboard_control_mode__type_support.c
[299.271s] -- Installing: /home/stepan/ws_ros2/install/px4_msgs/include/px4_msgs/px4_msgs/msg/detail/system_power__type_support.c
[299.271s] -- Installing: /home/stepan/ws_ros2/install/px4_msgs/include/px4_msgs/px4_msgs/msg/detail/distance_sensor__rosidl_typesupport_introspection_c.h
[299.271s] -- Installing: /home/stepan/ws_ros2/install/px4_msgs/include/px4_msgs/px4_msgs/msg/detail/sensor_mag__rosidl_typesupport_introspection_c.h
[299.271s] -- Installing: /home/stepan/ws_ros2/install/px4_msgs/include/px4_msgs/px4_msgs/msg/detail/cpuload__type_support.c
[299.272s] -- Installing: /home/stepan/ws_ros2/install/px4_msgs/include/px4_msgs/px4_msgs/msg/detail/sensor_gps__type_support.c
[299.272s] -- Installing: /home/stepan/ws_ros2/install/px4_msgs/include/px4_msgs/px4_msgs/msg/detail/esc_status__rosidl_typesupport_introspection_c.h
[299.272s] -- Installing: /home/stepan/ws_ros2/install/px4_msgs/include/px4_msgs/px4_msgs/msg/detail/vehicle_imu_status__type_support.c
[299.272s] -- Installing: /home/stepan/ws_ros2/install/px4_msgs/include/px4_msgs/px4_msgs/msg/detail/estimator_gps_status__type_support.c
[299.272s] -- Installing: /home/stepan/ws_ros2/install/px4_msgs/include/px4_msgs/px4_msgs/msg/detail/position_controller_landing_status__type_support.c
[299.272s] -- Installing: /home/stepan/ws_ros2/install/px4_msgs/include/px4_msgs/px4_msgs/msg/detail/rpm__rosidl_typesupport_introspection_c.h
[299.272s] -- Installing: /home/stepan/ws_ros2/install/px4_msgs/include/px4_msgs/px4_msgs/msg/detail/rover_steering_setpoint__type_support.c
[299.272s] -- Installing: /home/stepan/ws_ros2/install/px4_msgs/include/px4_msgs/px4_msgs/msg/detail/cpuload__rosidl_typesupport_introspection_c.h
[299.272s] -- Installing: /home/stepan/ws_ros2/install/px4_msgs/include/px4_msgs/px4_msgs/msg/detail/landing_target_innovations__type_support.c
[299.272s] -- Installing: /home/stepan/ws_ros2/install/px4_msgs/include/px4_msgs/px4_msgs/msg/detail/vehicle_angular_velocity__type_support.c
[299.272s] -- Installing: /home/stepan/ws_ros2/install/px4_msgs/include/px4_msgs/px4_msgs/msg/detail/telemetry_status__rosidl_typesupport_introspection_c.h
[299.273s] -- Installing: /home/stepan/ws_ros2/install/px4_msgs/include/px4_msgs/px4_msgs/msg/detail/rover_rate_setpoint__type_support.c
[299.273s] -- Installing: /home/stepan/ws_ros2/install/px4_msgs/include/px4_msgs/px4_msgs/msg/detail/input_rc__rosidl_typesupport_introspection_c.h
[299.273s] -- Installing: /home/stepan/ws_ros2/install/px4_msgs/include/px4_msgs/px4_msgs/msg/detail/actuator_servos__type_support.c
[299.273s] -- Installing: /home/stepan/ws_ros2/install/px4_msgs/include/px4_msgs/px4_msgs/msg/detail/landing_gear_wheel__type_support.c
[299.273s] -- Installing: /home/stepan/ws_ros2/install/px4_msgs/include/px4_msgs/px4_msgs/msg/detail/estimator_selector_status__rosidl_typesupport_introspection_c.h
[299.273s] -- Installing: /home/stepan/ws_ros2/install/px4_msgs/include/px4_msgs/px4_msgs/msg/detail/pps_capture__type_support.c
[299.273s] -- Installing: /home/stepan/ws_ros2/install/px4_msgs/include/px4_msgs/px4_msgs/msg/detail/vehicle_angular_velocity__rosidl_typesupport_introspection_c.h
[299.273s] -- Installing: /home/stepan/ws_ros2/install/px4_msgs/include/px4_msgs/px4_msgs/msg/detail/vehicle_global_position__type_support.c
[299.273s] -- Installing: /home/stepan/ws_ros2/install/px4_msgs/include/px4_msgs/px4_msgs/msg/detail/sensor_gyro__rosidl_typesupport_introspection_c.h
[299.273s] -- Installing: /home/stepan/ws_ros2/install/px4_msgs/include/px4_msgs/px4_msgs/msg/detail/orb_test__rosidl_typesupport_introspection_c.h
[299.273s] -- Installing: /home/stepan/ws_ros2/install/px4_msgs/include/px4_msgs/px4_msgs/msg/detail/navigator_mission_item__rosidl_typesupport_introspection_c.h
[299.273s] -- Installing: /home/stepan/ws_ros2/install/px4_msgs/include/px4_msgs/px4_msgs/msg/detail/uavcan_parameter_value__rosidl_typesupport_introspection_c.h
[299.274s] -- Installing: /home/stepan/ws_ros2/install/px4_msgs/include/px4_msgs/px4_msgs/msg/detail/vehicle_thrust_setpoint__type_support.c
[299.274s] -- Installing: /home/stepan/ws_ros2/install/px4_msgs/include/px4_msgs/px4_msgs/msg/detail/generator_status__type_support.c
[299.274s] -- Installing: /home/stepan/ws_ros2/install/px4_msgs/include/px4_msgs/px4_msgs/msg/detail/sensor_gyro_fifo__rosidl_typesupport_introspection_c.h
[299.274s] -- Installing: /home/stepan/ws_ros2/install/px4_msgs/include/px4_msgs/px4_msgs/msg/detail/unregister_ext_component__rosidl_typesupport_introspection_c.h
[299.274s] -- Installing: /home/stepan/ws_ros2/install/px4_msgs/include/px4_msgs/px4_msgs/msg/detail/dataman_request__rosidl_typesupport_introspection_c.h
[299.274s] -- Installing: /home/stepan/ws_ros2/install/px4_msgs/include/px4_msgs/px4_msgs/msg/detail/rover_attitude_status__type_support.c
[299.274s] -- Installing: /home/stepan/ws_ros2/install/px4_msgs/include/px4_msgs/px4_msgs/msg/detail/actuator_armed__rosidl_typesupport_introspection_c.h
[299.274s] -- Installing: /home/stepan/ws_ros2/install/px4_msgs/include/px4_msgs/px4_msgs/msg/detail/hover_thrust_estimate__type_support.c
[299.274s] -- Installing: /home/stepan/ws_ros2/install/px4_msgs/include/px4_msgs/px4_msgs/msg/detail/message_format_request__type_support.c
[299.274s] -- Installing: /home/stepan/ws_ros2/install/px4_msgs/include/px4_msgs/px4_msgs/msg/detail/action_request__rosidl_typesupport_introspection_c.h
[299.274s] -- Installing: /home/stepan/ws_ros2/install/px4_msgs/include/px4_msgs/px4_msgs/msg/detail/task_stack_info__rosidl_typesupport_introspection_c.h
[299.274s] -- Installing: /home/stepan/ws_ros2/install/px4_msgs/include/px4_msgs/px4_msgs/msg/detail/sensor_correction__type_support.c
[299.275s] -- Installing: /home/stepan/ws_ros2/install/px4_msgs/include/px4_msgs/px4_msgs/msg/detail/vehicle_angular_acceleration_setpoint__rosidl_typesupport_introspection_c.h
[299.275s] -- Installing: /home/stepan/ws_ros2/install/px4_msgs/include/px4_msgs/px4_msgs/msg/detail/radio_status__rosidl_typesupport_introspection_c.h
[299.275s] -- Installing: /home/stepan/ws_ros2/install/px4_msgs/include/px4_msgs/px4_msgs/msg/detail/sensor_airflow__type_support.c
[299.275s] -- Installing: /home/stepan/ws_ros2/install/px4_msgs/include/px4_msgs/px4_msgs/msg/detail/sensor_accel__type_support.c
[299.275s] -- Installing: /home/stepan/ws_ros2/install/px4_msgs/include/px4_msgs/px4_msgs/msg/detail/debug_array__type_support.c
[299.275s] -- Installing: /home/stepan/ws_ros2/install/px4_msgs/include/px4_msgs/px4_msgs/msg/detail/orb_test_large__type_support.c
[299.275s] -- Installing: /home/stepan/ws_ros2/install/px4_msgs/include/px4_msgs/px4_msgs/msg/detail/vehicle_command_ack__rosidl_typesupport_introspection_c.h
[299.275s] -- Installing: /home/stepan/ws_ros2/install/px4_msgs/include/px4_msgs/px4_msgs/msg/detail/mission_result__rosidl_typesupport_introspection_c.h
[299.275s] -- Installing: /home/stepan/ws_ros2/install/px4_msgs/include/px4_msgs/px4_msgs/msg/detail/vehicle_status__rosidl_typesupport_introspection_c.h
[299.275s] -- Installing: /home/stepan/ws_ros2/install/px4_msgs/include/px4_msgs/px4_msgs/msg/detail/actuator_controls_status__rosidl_typesupport_introspection_c.h
[299.275s] -- Installing: /home/stepan/ws_ros2/install/px4_msgs/include/px4_msgs/px4_msgs/msg/detail/navigator_status__rosidl_typesupport_introspection_c.h
[299.275s] -- Installing: /home/stepan/ws_ros2/install/px4_msgs/include/px4_msgs/px4_msgs/msg/detail/follow_target__rosidl_typesupport_introspection_c.h
[299.276s] -- Installing: /home/stepan/ws_ros2/install/px4_msgs/include/px4_msgs/px4_msgs/msg/detail/parameter_set_used_request__rosidl_typesupport_introspection_c.h
[299.276s] -- Installing: /home/stepan/ws_ros2/install/px4_msgs/include/px4_msgs/px4_msgs/msg/detail/manual_control_switches__type_support.c
[299.276s] -- Installing: /home/stepan/ws_ros2/install/px4_msgs/include/px4_msgs/px4_msgs/msg/detail/open_drone_id_self_id__rosidl_typesupport_introspection_c.h
[299.276s] -- Installing: /home/stepan/ws_ros2/install/px4_msgs/include/px4_msgs/px4_msgs/msg/detail/vehicle_imu__rosidl_typesupport_introspection_c.h
[299.276s] -- Installing: /home/stepan/ws_ros2/install/px4_msgs/include/px4_msgs/px4_msgs/msg/detail/follow_target_status__rosidl_typesupport_introspection_c.h
[299.276s] -- Installing: /home/stepan/ws_ros2/install/px4_msgs/include/px4_msgs/px4_msgs/msg/detail/led_control__rosidl_typesupport_introspection_c.h
[299.276s] -- Installing: /home/stepan/ws_ros2/install/px4_msgs/include/px4_msgs/px4_msgs/msg/detail/gimbal_device_set_attitude__rosidl_typesupport_introspection_c.h
[299.276s] -- Installing: /home/stepan/ws_ros2/install/px4_msgs/include/px4_msgs/px4_msgs/msg/detail/camera_trigger__rosidl_typesupport_introspection_c.h
[299.276s] -- Installing: /home/stepan/ws_ros2/install/px4_msgs/include/px4_msgs/px4_msgs/msg/detail/orb_test_medium__type_support.c
[299.276s] -- Installing: /home/stepan/ws_ros2/install/px4_msgs/include/px4_msgs/px4_msgs/msg/detail/rover_throttle_setpoint__rosidl_typesupport_introspection_c.h
[299.276s] -- Installing: /home/stepan/ws_ros2/install/px4_msgs/include/px4_msgs/px4_msgs/msg/detail/vehicle_land_detected__type_support.c
[299.276s] -- Installing: /home/stepan/ws_ros2/install/px4_msgs/include/px4_msgs/px4_msgs/msg/detail/landing_target_pose__rosidl_typesupport_introspection_c.h
[299.276s] -- Installing: /home/stepan/ws_ros2/install/px4_msgs/include/px4_msgs/px4_msgs/msg/detail/parameter_set_value_request__type_support.c
[299.277s] -- Installing: /home/stepan/ws_ros2/install/px4_msgs/include/px4_msgs/px4_msgs/msg/detail/sensor_gnss_relative__rosidl_typesupport_introspection_c.h
[299.277s] -- Installing: /home/stepan/ws_ros2/install/px4_msgs/include/px4_msgs/px4_msgs/msg/detail/tune_control__rosidl_typesupport_introspection_c.h
[299.277s] -- Installing: /home/stepan/ws_ros2/install/px4_msgs/include/px4_msgs/px4_msgs/msg/detail/actuator_motors__rosidl_typesupport_introspection_c.h
[299.277s] -- Installing: /home/stepan/ws_ros2/install/px4_msgs/include/px4_msgs/px4_msgs/msg/detail/debug_array__rosidl_typesupport_introspection_c.h
[299.277s] -- Installing: /home/stepan/ws_ros2/install/px4_msgs/include/px4_msgs/px4_msgs/msg/detail/geofence_status__rosidl_typesupport_introspection_c.h
[299.277s] -- Installing: /home/stepan/ws_ros2/install/px4_msgs/include/px4_msgs/px4_msgs/msg/detail/actuator_motors__type_support.c
[299.277s] -- Installing: /home/stepan/ws_ros2/install/px4_msgs/include/px4_msgs/px4_msgs/msg/detail/vehicle_imu__type_support.c
[299.277s] -- Installing: /home/stepan/ws_ros2/install/px4_msgs/include/px4_msgs/px4_msgs/msg/detail/estimator_innovations__type_support.c
[299.277s] -- Installing: /home/stepan/ws_ros2/install/px4_msgs/include/px4_msgs/px4_msgs/msg/detail/trajectory_setpoint__rosidl_typesupport_introspection_c.h
[299.277s] -- Installing: /home/stepan/ws_ros2/install/px4_msgs/include/px4_msgs/px4_msgs/msg/detail/pps_capture__rosidl_typesupport_introspection_c.h
[299.277s] -- Installing: /home/stepan/ws_ros2/install/px4_msgs/include/px4_msgs/px4_msgs/msg/detail/log_message__rosidl_typesupport_introspection_c.h
[299.277s] -- Installing: /home/stepan/ws_ros2/install/px4_msgs/include/px4_msgs/px4_msgs/msg/detail/estimator_sensor_bias__rosidl_typesupport_introspection_c.h
[299.278s] -- Installing: /home/stepan/ws_ros2/install/px4_msgs/include/px4_msgs/px4_msgs/msg/detail/trajectory_setpoint__type_support.c
[299.278s] -- Installing: /home/stepan/ws_ros2/install/px4_msgs/include/px4_msgs/px4_msgs/msg/detail/position_setpoint_triplet__type_support.c
[299.278s] -- Installing: /home/stepan/ws_ros2/install/px4_msgs/include/px4_msgs/px4_msgs/msg/detail/gimbal_manager_set_manual_control__rosidl_typesupport_introspection_c.h
[299.278s] -- Installing: /home/stepan/ws_ros2/install/px4_msgs/include/px4_msgs/px4_msgs/msg/detail/actuator_armed__type_support.c
[299.278s] -- Installing: /home/stepan/ws_ros2/install/px4_msgs/include/px4_msgs/px4_msgs/msg/detail/battery_status__type_support.c
[299.278s] -- Installing: /home/stepan/ws_ros2/install/px4_msgs/include/px4_msgs/px4_msgs/msg/detail/airspeed__rosidl_typesupport_introspection_c.h
[299.278s] -- Installing: /home/stepan/ws_ros2/install/px4_msgs/include/px4_msgs/px4_msgs/msg/detail/vehicle_magnetometer__rosidl_typesupport_introspection_c.h
[299.278s] -- Installing: /home/stepan/ws_ros2/install/px4_msgs/include/px4_msgs/px4_msgs/msg/detail/rover_velocity_status__type_support.c
[299.278s] -- Installing: /home/stepan/ws_ros2/install/px4_msgs/include/px4_msgs/px4_msgs/msg/detail/gimbal_device_attitude_status__type_support.c
[299.278s] -- Installing: /home/stepan/ws_ros2/install/px4_msgs/include/px4_msgs/px4_msgs/msg/detail/vehicle_command__type_support.c
[299.278s] -- Installing: /home/stepan/ws_ros2/install/px4_msgs/include/px4_msgs/px4_msgs/msg/detail/vehicle_air_data__rosidl_typesupport_introspection_c.h
[299.278s] -- Installing: /home/stepan/ws_ros2/install/px4_msgs/include/px4_msgs/px4_msgs/msg/detail/npfg_status__type_support.c
[299.279s] -- Installing: /home/stepan/ws_ros2/install/px4_msgs/include/px4_msgs/px4_msgs/msg/detail/unregister_ext_component__type_support.c
[299.279s] -- Installing: /home/stepan/ws_ros2/install/px4_msgs/include/px4_msgs/px4_msgs/msg/detail/sensor_optical_flow__rosidl_typesupport_introspection_c.h
[299.279s] -- Installing: /home/stepan/ws_ros2/install/px4_msgs/include/px4_msgs/px4_msgs/msg/detail/actuator_servos__rosidl_typesupport_introspection_c.h
[299.279s] -- Installing: /home/stepan/ws_ros2/install/px4_msgs/include/px4_msgs/px4_msgs/msg/detail/wheel_encoders__type_support.c
[299.279s] -- Installing: /home/stepan/ws_ros2/install/px4_msgs/include/px4_msgs/px4_msgs/msg/detail/vehicle_acceleration__rosidl_typesupport_introspection_c.h
[299.279s] -- Installing: /home/stepan/ws_ros2/install/px4_msgs/include/px4_msgs/px4_msgs/msg/detail/gpio_request__rosidl_typesupport_introspection_c.h
[299.279s] -- Installing: /home/stepan/ws_ros2/install/px4_msgs/include/px4_msgs/px4_msgs/msg/detail/control_allocator_status__type_support.c
[299.279s] -- Installing: /home/stepan/ws_ros2/install/px4_msgs/include/px4_msgs/px4_msgs/msg/detail/obstacle_distance__type_support.c
[299.279s] -- Installing: /home/stepan/ws_ros2/install/px4_msgs/include/px4_msgs/px4_msgs/msg/detail/mount_orientation__type_support.c
[299.279s] -- Installing: /home/stepan/ws_ros2/install/px4_msgs/include/px4_msgs/px4_msgs/msg/detail/timesync_status__type_support.c
[299.279s] -- Installing: /home/stepan/ws_ros2/install/px4_msgs/include/px4_msgs/px4_msgs/msg/detail/rtl_time_estimate__type_support.c
[299.279s] -- Installing: /home/stepan/ws_ros2/install/px4_msgs/include/px4_msgs/px4_msgs/msg/detail/dataman_request__type_support.c
[299.280s] -- Installing: /home/stepan/ws_ros2/install/px4_msgs/include/px4_msgs/px4_msgs/msg/detail/gimbal_manager_set_manual_control__type_support.c
[299.280s] -- Installing: /home/stepan/ws_ros2/install/px4_msgs/include/px4_msgs/px4_msgs/msg/detail/camera_status__type_support.c
[299.280s] -- Installing: /home/stepan/ws_ros2/install/px4_msgs/include/px4_msgs/px4_msgs/msg/detail/uavcan_parameter_request__rosidl_typesupport_introspection_c.h
[299.280s] -- Installing: /home/stepan/ws_ros2/install/px4_msgs/include/px4_msgs/px4_msgs/msg/detail/orbit_status__type_support.c
[299.280s] -- Installing: /home/stepan/ws_ros2/install/px4_msgs/include/px4_msgs/px4_msgs/msg/detail/differential_pressure__type_support.c
[299.280s] -- Installing: /home/stepan/ws_ros2/install/px4_msgs/include/px4_msgs/px4_msgs/msg/detail/distance_sensor_mode_change_request__type_support.c
[299.280s] -- Installing: /home/stepan/ws_ros2/install/px4_msgs/include/px4_msgs/px4_msgs/msg/detail/orb_test__type_support.c
[299.280s] -- Installing: /home/stepan/ws_ros2/install/px4_msgs/include/px4_msgs/px4_msgs/msg/detail/ekf2_timestamps__rosidl_typesupport_introspection_c.h
[299.280s] -- Installing: /home/stepan/ws_ros2/install/px4_msgs/include/px4_msgs/px4_msgs/msg/detail/mount_orientation__rosidl_typesupport_introspection_c.h
[299.280s] -- Installing: /home/stepan/ws_ros2/install/px4_msgs/include/px4_msgs/px4_msgs/msg/detail/obstacle_distance__rosidl_typesupport_introspection_c.h
[299.280s] -- Installing: /home/stepan/ws_ros2/install/px4_msgs/include/px4_msgs/px4_msgs/msg/detail/mag_worker_data__type_support.c
[299.280s] -- Installing: /home/stepan/ws_ros2/install/px4_msgs/include/px4_msgs/px4_msgs/msg/detail/airspeed_wind__rosidl_typesupport_introspection_c.h
[299.281s] -- Installing: /home/stepan/ws_ros2/install/px4_msgs/include/px4_msgs/px4_msgs/msg/detail/arming_check_reply__type_support.c
[299.281s] -- Installing: /home/stepan/ws_ros2/install/px4_msgs/include/px4_msgs/px4_msgs/msg/detail/velocity_limits__rosidl_typesupport_introspection_c.h
[299.281s] -- Installing: /home/stepan/ws_ros2/install/px4_msgs/include/px4_msgs/px4_msgs/msg/detail/autotune_attitude_control_status__type_support.c
[299.281s] -- Installing: /home/stepan/ws_ros2/install/px4_msgs/include/px4_msgs/px4_msgs/msg/detail/rover_steering_setpoint__rosidl_typesupport_introspection_c.h
[299.281s] -- Installing: /home/stepan/ws_ros2/install/px4_msgs/include/px4_msgs/px4_msgs/msg/detail/sensor_optical_flow__type_support.c
[299.281s] -- Installing: /home/stepan/ws_ros2/install/px4_msgs/include/px4_msgs/px4_msgs/msg/detail/uavcan_parameter_request__type_support.c
[299.281s] -- Installing: /home/stepan/ws_ros2/install/px4_msgs/include/px4_msgs/px4_msgs/msg/detail/led_control__type_support.c
[299.281s] -- Installing: /home/stepan/ws_ros2/install/px4_msgs/include/px4_msgs/px4_msgs/msg/detail/parameter_update__type_support.c
[299.281s] -- Installing: /home/stepan/ws_ros2/install/px4_msgs/include/px4_msgs/px4_msgs/msg/detail/vehicle_control_mode__type_support.c
[299.281s] -- Installing: /home/stepan/ws_ros2/install/px4_msgs/include/px4_msgs/px4_msgs/msg/detail/message_format_response__rosidl_typesupport_introspection_c.h
[299.281s] -- Installing: /home/stepan/ws_ros2/install/px4_msgs/include/px4_msgs/px4_msgs/msg/detail/ulog_stream__rosidl_typesupport_introspection_c.h
[299.281s] -- Installing: /home/stepan/ws_ros2/install/px4_msgs/include/px4_msgs/px4_msgs/msg/detail/internal_combustion_engine_status__rosidl_typesupport_introspection_c.h
[299.282s] -- Installing: /home/stepan/ws_ros2/install/px4_msgs/include/px4_msgs/px4_msgs/msg/detail/ekf2_timestamps__type_support.c
[299.282s] -- Installing: /home/stepan/ws_ros2/install/px4_msgs/include/px4_msgs/px4_msgs/msg/detail/config_overrides__rosidl_typesupport_introspection_c.h
[299.282s] -- Installing: /home/stepan/ws_ros2/install/px4_msgs/include/px4_msgs/px4_msgs/msg/detail/vehicle_angular_acceleration_setpoint__type_support.c
[299.282s] -- Installing: /home/stepan/ws_ros2/install/px4_msgs/include/px4_msgs/px4_msgs/msg/detail/adc_report__type_support.c
[299.282s] -- Installing: /home/stepan/ws_ros2/install/px4_msgs/include/px4_msgs/px4_msgs/msg/detail/arming_check_reply__rosidl_typesupport_introspection_c.h
[299.282s] -- Installing: /home/stepan/ws_ros2/install/px4_msgs/include/px4_msgs/px4_msgs/msg/detail/manual_control_setpoint__rosidl_typesupport_introspection_c.h
[299.282s] -- Installing: /home/stepan/ws_ros2/install/px4_msgs/include/px4_msgs/px4_msgs/msg/detail/vehicle_local_position_setpoint__rosidl_typesupport_introspection_c.h
[299.282s] -- Installing: /home/stepan/ws_ros2/install/px4_msgs/include/px4_msgs/px4_msgs/msg/detail/gpio_out__rosidl_typesupport_introspection_c.h
[299.282s] -- Installing: /home/stepan/ws_ros2/install/px4_msgs/include/px4_msgs/px4_msgs/msg/detail/takeoff_status__type_support.c
[299.282s] -- Installing: /home/stepan/ws_ros2/install/px4_msgs/include/px4_msgs/px4_msgs/msg/detail/failsafe_flags__rosidl_typesupport_introspection_c.h
[299.282s] -- Installing: /home/stepan/ws_ros2/install/px4_msgs/include/px4_msgs/px4_msgs/msg/detail/actuator_controls_status__type_support.c
[299.282s] -- Installing: /home/stepan/ws_ros2/install/px4_msgs/include/px4_msgs/px4_msgs/msg/detail/arming_check_request__rosidl_typesupport_introspection_c.h
[299.283s] -- Installing: /home/stepan/ws_ros2/install/px4_msgs/include/px4_msgs/px4_msgs/msg/detail/distance_sensor_mode_change_request__rosidl_typesupport_introspection_c.h
[299.283s] -- Installing: /home/stepan/ws_ros2/install/px4_msgs/include/px4_msgs/px4_msgs/msg/detail/manual_control_setpoint__type_support.c
[299.283s] -- Installing: /home/stepan/ws_ros2/install/px4_msgs/include/px4_msgs/px4_msgs/msg/detail/gps_dump__type_support.c
[299.283s] -- Installing: /home/stepan/ws_ros2/install/px4_msgs/include/px4_msgs/px4_msgs/msg/detail/fuel_tank_status__type_support.c
[299.283s] -- Installing: /home/stepan/ws_ros2/install/px4_msgs/include/px4_msgs/px4_msgs/msg/detail/airspeed__type_support.c
[299.283s] -- Installing: /home/stepan/ws_ros2/install/px4_msgs/include/px4_msgs/px4_msgs/msg/detail/estimator_states__type_support.c
[299.283s] -- Installing: /home/stepan/ws_ros2/install/px4_msgs/include/px4_msgs/px4_msgs/msg/detail/vehicle_land_detected__rosidl_typesupport_introspection_c.h
[299.283s] -- Installing: /home/stepan/ws_ros2/install/px4_msgs/include/px4_msgs/px4_msgs/msg/detail/trajectory_setpoint6dof__rosidl_typesupport_introspection_c.h
[299.283s] -- Installing: /home/stepan/ws_ros2/install/px4_msgs/include/px4_msgs/px4_msgs/msg/detail/open_drone_id_arm_status__type_support.c
[299.283s] -- Installing: /home/stepan/ws_ros2/install/px4_msgs/include/px4_msgs/px4_msgs/msg/detail/estimator_aid_source3d__type_support.c
[299.283s] -- Installing: /home/stepan/ws_ros2/install/px4_msgs/include/px4_msgs/px4_msgs/msg/detail/satellite_info__type_support.c
[299.283s] -- Installing: /home/stepan/ws_ros2/install/px4_msgs/include/px4_msgs/px4_msgs/msg/detail/mavlink_log__rosidl_typesupport_introspection_c.h
[299.284s] -- Installing: /home/stepan/ws_ros2/install/px4_msgs/include/px4_msgs/px4_msgs/msg/detail/power_button_state__type_support.c
[299.284s] -- Installing: /home/stepan/ws_ros2/install/px4_msgs/include/px4_msgs/px4_msgs/msg/detail/follow_target_status__type_support.c
[299.284s] -- Installing: /home/stepan/ws_ros2/install/px4_msgs/include/px4_msgs/px4_msgs/msg/detail/estimator_bias__type_support.c
[299.284s] -- Installing: /home/stepan/ws_ros2/install/px4_msgs/include/px4_msgs/px4_msgs/msg/detail/sensor_accel_fifo__rosidl_typesupport_introspection_c.h
[299.284s] -- Installing: /home/stepan/ws_ros2/install/px4_msgs/include/px4_msgs/px4_msgs/msg/detail/control_allocator_status__rosidl_typesupport_introspection_c.h
[299.284s] -- Installing: /home/stepan/ws_ros2/install/px4_msgs/include/px4_msgs/px4_msgs/msg/detail/sensor_selection__type_support.c
[299.284s] -- Installing: /home/stepan/ws_ros2/install/px4_msgs/include/px4_msgs/px4_msgs/msg/detail/normalized_unsigned_setpoint__type_support.c
[299.284s] -- Installing: /home/stepan/ws_ros2/install/px4_msgs/include/px4_msgs/px4_msgs/msg/detail/pwm_input__rosidl_typesupport_introspection_c.h
[299.284s] -- Installing: /home/stepan/ws_ros2/install/px4_msgs/include/px4_msgs/px4_msgs/msg/detail/gimbal_controls__type_support.c
[299.284s] -- Installing: /home/stepan/ws_ros2/install/px4_msgs/include/px4_msgs/px4_msgs/msg/detail/vtol_vehicle_status__rosidl_typesupport_introspection_c.h
[299.284s] -- Installing: /home/stepan/ws_ros2/install/px4_msgs/include/px4_msgs/px4_msgs/msg/detail/sensor_baro__type_support.c
[299.284s] -- Installing: /home/stepan/ws_ros2/install/px4_msgs/include/px4_msgs/px4_msgs/msg/detail/mission_result__type_support.c
[299.284s] -- Installing: /home/stepan/ws_ros2/install/px4_msgs/include/px4_msgs/px4_msgs/msg/detail/tecs_status__type_support.c
[299.285s] -- Installing: /home/stepan/ws_ros2/install/px4_msgs/include/px4_msgs/px4_msgs/msg/detail/rc_channels__rosidl_typesupport_introspection_c.h
[299.285s] -- Installing: /home/stepan/ws_ros2/install/px4_msgs/include/px4_msgs/px4_msgs/msg/detail/gripper__rosidl_typesupport_introspection_c.h
[299.285s] -- Installing: /home/stepan/ws_ros2/install/px4_msgs/include/px4_msgs/px4_msgs/msg/detail/actuator_test__type_support.c
[299.285s] -- Installing: /home/stepan/ws_ros2/install/px4_msgs/include/px4_msgs/px4_msgs/msg/detail/navigator_status__type_support.c
[299.285s] -- Installing: /home/stepan/ws_ros2/install/px4_msgs/include/px4_msgs/px4_msgs/msg/detail/sensor_accel_fifo__type_support.c
[299.285s] -- Installing: /home/stepan/ws_ros2/install/px4_msgs/include/px4_msgs/px4_msgs/msg/detail/camera_capture__type_support.c
[299.285s] -- Installing: /home/stepan/ws_ros2/install/px4_msgs/include/px4_msgs/px4_msgs/msg/detail/vehicle_roi__rosidl_typesupport_introspection_c.h
[299.285s] -- Installing: /home/stepan/ws_ros2/install/px4_msgs/include/px4_msgs/px4_msgs/msg/detail/npfg_status__rosidl_typesupport_introspection_c.h
[299.285s] -- Installing: /home/stepan/ws_ros2/install/px4_msgs/include/px4_msgs/px4_msgs/msg/detail/vehicle_control_mode__rosidl_typesupport_introspection_c.h
[299.285s] -- Installing: /home/stepan/ws_ros2/install/px4_msgs/include/px4_msgs/px4_msgs/msg/detail/vehicle_attitude_setpoint__type_support.c
[299.285s] -- Installing: /home/stepan/ws_ros2/install/px4_msgs/include/px4_msgs/px4_msgs/msg/detail/parameter_reset_request__rosidl_typesupport_introspection_c.h
[299.285s] -- Installing: /home/stepan/ws_ros2/install/px4_msgs/include/px4_msgs/px4_msgs/msg/detail/position_setpoint__type_support.c
[299.286s] -- Installing: /home/stepan/ws_ros2/install/px4_msgs/include/px4_msgs/px4_msgs/msg/detail/estimator_sensor_bias__type_support.c
[299.286s] -- Installing: /home/stepan/ws_ros2/install/px4_msgs/include/px4_msgs/px4_msgs/msg/detail/vehicle_attitude__rosidl_typesupport_introspection_c.h
[299.286s] -- Installing: /home/stepan/ws_ros2/install/px4_msgs/include/px4_msgs/px4_msgs/msg/detail/landing_gear__type_support.c
[299.286s] -- Installing: /home/stepan/ws_ros2/install/px4_msgs/include/px4_msgs/px4_msgs/msg/detail/ulog_stream_ack__rosidl_typesupport_introspection_c.h
[299.286s] -- Installing: /home/stepan/ws_ros2/install/px4_msgs/include/px4_msgs/px4_msgs/msg/detail/ulog_stream_ack__type_support.c
[299.286s] -- Installing: /home/stepan/ws_ros2/install/px4_msgs/include/px4_msgs/px4_msgs/msg/detail/mavlink_tunnel__type_support.c
[299.286s] -- Installing: /home/stepan/ws_ros2/install/px4_msgs/include/px4_msgs/px4_msgs/msg/detail/tune_control__type_support.c
[299.286s] -- Installing: /home/stepan/ws_ros2/install/px4_msgs/include/px4_msgs/px4_msgs/msg/detail/parameter_set_used_request__type_support.c
[299.286s] -- Installing: /home/stepan/ws_ros2/install/px4_msgs/include/px4_msgs/px4_msgs/msg/detail/fuel_tank_status__rosidl_typesupport_introspection_c.h
[299.286s] -- Installing: /home/stepan/ws_ros2/install/px4_msgs/include/px4_msgs/px4_msgs/msg/detail/vehicle_local_position_setpoint__type_support.c
[299.286s] -- Installing: /home/stepan/ws_ros2/install/px4_msgs/include/px4_msgs/px4_msgs/msg/detail/qshell_req__type_support.c
[299.286s] -- Installing: /home/stepan/ws_ros2/install/px4_msgs/include/px4_msgs/px4_msgs/msg/detail/rpm__type_support.c
[299.287s] -- Installing: /home/stepan/ws_ros2/install/px4_msgs/include/px4_msgs/px4_msgs/msg/detail/sensor_combined__rosidl_typesupport_introspection_c.h
[299.287s] -- Installing: /home/stepan/ws_ros2/install/px4_msgs/include/px4_msgs/px4_msgs/msg/detail/gps_dump__rosidl_typesupport_introspection_c.h
[299.287s] -- Installing: /home/stepan/ws_ros2/install/px4_msgs/include/px4_msgs/px4_msgs/msg/detail/tiltrotor_extra_controls__rosidl_typesupport_introspection_c.h
[299.287s] -- Installing: /home/stepan/ws_ros2/install/px4_msgs/include/px4_msgs/px4_msgs/msg/detail/sensor_gps__rosidl_typesupport_introspection_c.h
[299.287s] -- Installing: /home/stepan/ws_ros2/install/px4_msgs/include/px4_msgs/px4_msgs/msg/detail/mode_completed__type_support.c
[299.287s] -- Installing: /home/stepan/ws_ros2/install/px4_msgs/include/px4_msgs/px4_msgs/msg/detail/power_monitor__type_support.c
[299.287s] -- Installing: /home/stepan/ws_ros2/install/px4_msgs/include/px4_msgs/px4_msgs/msg/detail/sensor_combined__type_support.c
[299.287s] -- Installing: /home/stepan/ws_ros2/install/px4_msgs/include/px4_msgs/px4_msgs/msg/detail/collision_constraints__type_support.c
[299.287s] -- Installing: /home/stepan/ws_ros2/install/px4_msgs/include/px4_msgs/px4_msgs/msg/detail/button_event__rosidl_typesupport_introspection_c.h
[299.287s] -- Installing: /home/stepan/ws_ros2/install/px4_msgs/include/px4_msgs/px4_msgs/msg/detail/rover_position_setpoint__type_support.c
[299.287s] -- Installing: /home/stepan/ws_ros2/install/px4_msgs/include/px4_msgs/px4_msgs/msg/detail/log_message__type_support.c
[299.287s] -- Installing: /home/stepan/ws_ros2/install/px4_msgs/include/px4_msgs/px4_msgs/msg/detail/vehicle_rates_setpoint__type_support.c
[299.288s] -- Installing: /home/stepan/ws_ros2/install/px4_msgs/include/px4_msgs/px4_msgs/msg/detail/internal_combustion_engine_status__type_support.c
[299.288s] -- Installing: /home/stepan/ws_ros2/install/px4_msgs/include/px4_msgs/px4_msgs/msg/detail/rover_attitude_setpoint__rosidl_typesupport_introspection_c.h
[299.288s] -- Installing: /home/stepan/ws_ros2/install/px4_msgs/include/px4_msgs/px4_msgs/msg/detail/register_ext_component_reply__type_support.c
[299.288s] -- Installing: /home/stepan/ws_ros2/install/px4_msgs/include/px4_msgs/px4_msgs/msg/detail/rover_attitude_status__rosidl_typesupport_introspection_c.h
[299.288s] -- Installing: /home/stepan/ws_ros2/install/px4_msgs/include/px4_msgs/px4_msgs/msg/detail/gimbal_device_information__rosidl_typesupport_introspection_c.h
[299.288s] -- Installing: /home/stepan/ws_ros2/install/px4_msgs/include/px4_msgs/px4_msgs/msg/detail/mission__type_support.c
[299.289s] -- Installing: /home/stepan/ws_ros2/install/px4_msgs/include/px4_msgs/px4_msgs/msg/detail/vehicle_torque_setpoint__type_support.c
[299.289s] -- Installing: /home/stepan/ws_ros2/install/px4_msgs/include/px4_msgs/px4_msgs/msg/detail/camera_capture__rosidl_typesupport_introspection_c.h
[299.289s] -- Installing: /home/stepan/ws_ros2/install/px4_msgs/include/px4_msgs/px4_msgs/msg/detail/offboard_control_mode__rosidl_typesupport_introspection_c.h
[299.289s] -- Installing: /home/stepan/ws_ros2/install/px4_msgs/include/px4_msgs/px4_msgs/msg/detail/esc_report__rosidl_typesupport_introspection_c.h
[299.289s] -- Installing: /home/stepan/ws_ros2/install/px4_msgs/include/px4_msgs/px4_msgs/msg/detail/sensor_preflight_mag__type_support.c
[299.289s] -- Installing: /home/stepan/ws_ros2/install/px4_msgs/include/px4_msgs/px4_msgs/msg/detail/debug_vect__type_support.c
[299.289s] -- Installing: /home/stepan/ws_ros2/install/px4_msgs/include/px4_msgs/px4_msgs/msg/detail/rover_rate_status__type_support.c
[299.289s] -- Installing: /home/stepan/ws_ros2/install/px4_msgs/include/px4_msgs/px4_msgs/msg/detail/debug_vect__rosidl_typesupport_introspection_c.h
[299.289s] -- Installing: /home/stepan/ws_ros2/install/px4_msgs/include/px4_msgs/px4_msgs/msg/detail/vehicle_rates_setpoint__rosidl_typesupport_introspection_c.h
[299.289s] -- Installing: /home/stepan/ws_ros2/install/px4_msgs/include/px4_msgs/px4_msgs/msg/detail/vehicle_acceleration__type_support.c
[299.290s] -- Installing: /home/stepan/ws_ros2/install/px4_msgs/include/px4_msgs/px4_msgs/msg/detail/ping__rosidl_typesupport_introspection_c.h
[299.290s] -- Installing: /home/stepan/ws_ros2/install/px4_msgs/include/px4_msgs/px4_msgs/msg/detail/vehicle_local_position__rosidl_typesupport_introspection_c.h
[299.290s] -- Installing: /home/stepan/ws_ros2/install/px4_msgs/include/px4_msgs/px4_msgs/msg/detail/register_ext_component_request__type_support.c
[299.290s] -- Installing: /home/stepan/ws_ros2/install/px4_msgs/include/px4_msgs/px4_msgs/msg/detail/task_stack_info__type_support.c
[299.290s] -- Installing: /home/stepan/ws_ros2/install/px4_msgs/include/px4_msgs/px4_msgs/msg/detail/cellular_status__rosidl_typesupport_introspection_c.h
[299.290s] -- Installing: /home/stepan/ws_ros2/install/px4_msgs/include/px4_msgs/px4_msgs/msg/detail/estimator_status_flags__rosidl_typesupport_introspection_c.h
[299.290s] -- Installing: /home/stepan/ws_ros2/install/px4_msgs/include/px4_msgs/px4_msgs/msg/detail/open_drone_id_system__type_support.c
[299.290s] -- Installing: /home/stepan/ws_ros2/install/px4_msgs/include/px4_msgs/px4_msgs/msg/detail/goto_setpoint__rosidl_typesupport_introspection_c.h
[299.290s] -- Installing: /home/stepan/ws_ros2/install/px4_msgs/include/px4_msgs/px4_msgs/msg/detail/home_position__rosidl_typesupport_introspection_c.h
[299.290s] -- Installing: /home/stepan/ws_ros2/install/px4_msgs/include/px4_msgs/px4_msgs/msg/detail/actuator_test__rosidl_typesupport_introspection_c.h
[299.290s] -- Installing: /home/stepan/ws_ros2/install/px4_msgs/include/px4_msgs/px4_msgs/msg/detail/vehicle_command__rosidl_typesupport_introspection_c.h
[299.290s] -- Installing: /home/stepan/ws_ros2/install/px4_msgs/include/px4_msgs/px4_msgs/msg/detail/can_interface_status__type_support.c
[299.291s] -- Installing: /home/stepan/ws_ros2/install/px4_msgs/include/px4_msgs/px4_msgs/msg/detail/open_drone_id_operator_id__rosidl_typesupport_introspection_c.h
[299.291s] -- Installing: /home/stepan/ws_ros2/install/px4_msgs/include/px4_msgs/px4_msgs/msg/detail/failure_detector_status__rosidl_typesupport_introspection_c.h
[299.291s] -- Installing: /home/stepan/ws_ros2/install/px4_msgs/include/px4_msgs/px4_msgs/msg/detail/radio_status__type_support.c
[299.291s] -- Installing: /home/stepan/ws_ros2/install/px4_msgs/include/px4_msgs/px4_msgs/msg/detail/sensor_correction__rosidl_typesupport_introspection_c.h
[299.291s] -- Installing: /home/stepan/ws_ros2/install/px4_msgs/include/px4_msgs/px4_msgs/msg/detail/figure_eight_status__rosidl_typesupport_introspection_c.h
[299.291s] -- Installing: /home/stepan/ws_ros2/install/px4_msgs/include/px4_msgs/px4_msgs/msg/detail/vehicle_magnetometer__type_support.c
[299.291s] -- Installing: /home/stepan/ws_ros2/install/px4_msgs/include/px4_msgs/px4_msgs/msg/detail/magnetometer_bias_estimate__type_support.c
[299.291s] -- Installing: /home/stepan/ws_ros2/install/px4_msgs/include/px4_msgs/px4_msgs/msg/detail/arming_check_request__type_support.c
[299.291s] -- Installing: /home/stepan/ws_ros2/install/px4_msgs/include/px4_msgs/px4_msgs/msg/detail/failure_detector_status__type_support.c
[299.291s] -- Installing: /home/stepan/ws_ros2/install/px4_msgs/include/px4_msgs/px4_msgs/msg/detail/rc_channels__type_support.c
[299.291s] -- Installing: /home/stepan/ws_ros2/install/px4_msgs/include/px4_msgs/px4_msgs/msg/detail/onboard_computer_status__rosidl_typesupport_introspection_c.h
[299.291s] -- Installing: /home/stepan/ws_ros2/install/px4_msgs/include/px4_msgs/px4_msgs/msg/detail/vehicle_constraints__type_support.c
[299.292s] -- Installing: /home/stepan/ws_ros2/install/px4_msgs/include/px4_msgs/px4_msgs/msg/detail/gimbal_manager_information__type_support.c
[299.292s] -- Installing: /home/stepan/ws_ros2/install/px4_msgs/include/px4_msgs/px4_msgs/msg/detail/vehicle_odometry__rosidl_typesupport_introspection_c.h
[299.292s] -- Installing: /home/stepan/ws_ros2/install/px4_msgs/include/px4_msgs/px4_msgs/msg/detail/message_format_request__rosidl_typesupport_introspection_c.h
[299.292s] -- Installing: /home/stepan/ws_ros2/install/px4_msgs/include/px4_msgs/px4_msgs/msg/detail/timesync_status__rosidl_typesupport_introspection_c.h
[299.292s] -- Installing: /home/stepan/ws_ros2/install/px4_msgs/include/px4_msgs/px4_msgs/msg/detail/airspeed_wind__type_support.c
[299.292s] -- Installing: /home/stepan/ws_ros2/install/px4_msgs/include/px4_msgs/px4_msgs/msg/detail/wind__type_support.c
[299.292s] -- Installing: /home/stepan/ws_ros2/install/px4_msgs/include/px4_msgs/px4_msgs/msg/detail/sensor_mag__type_support.c
[299.292s] -- Installing: /home/stepan/ws_ros2/install/px4_msgs/include/px4_msgs/px4_msgs/msg/detail/vehicle_optical_flow__rosidl_typesupport_introspection_c.h
[299.292s] -- Installing: /home/stepan/ws_ros2/install/px4_msgs/include/px4_msgs/px4_msgs/msg/detail/telemetry_status__type_support.c
[299.292s] -- Installing: /home/stepan/ws_ros2/install/px4_msgs/include/px4_msgs/px4_msgs/msg/detail/actuator_outputs__type_support.c
[299.292s] -- Installing: /home/stepan/ws_ros2/install/px4_msgs/include/px4_msgs/px4_msgs/msg/detail/transponder_report__type_support.c
[299.292s] -- Installing: /home/stepan/ws_ros2/install/px4_msgs/include/px4_msgs/px4_msgs/msg/detail/yaw_estimator_status__rosidl_typesupport_introspection_c.h
[299.293s] -- Installing: /home/stepan/ws_ros2/install/px4_msgs/include/px4_msgs/px4_msgs/msg/detail/parameter_set_value_response__rosidl_typesupport_introspection_c.h
[299.293s] -- Installing: /home/stepan/ws_ros2/install/px4_msgs/include/px4_msgs/px4_msgs/msg/detail/orb_test_large__rosidl_typesupport_introspection_c.h
[299.293s] -- Installing: /home/stepan/ws_ros2/install/px4_msgs/include/px4_msgs/px4_msgs/msg/detail/uavcan_parameter_value__type_support.c
[299.293s] -- Installing: /home/stepan/ws_ros2/install/px4_msgs/include/px4_msgs/px4_msgs/msg/detail/orbit_status__rosidl_typesupport_introspection_c.h
[299.293s] -- Installing: /home/stepan/ws_ros2/install/px4_msgs/include/px4_msgs/px4_msgs/msg/detail/estimator_aid_source2d__rosidl_typesupport_introspection_c.h
[299.293s] -- Installing: /home/stepan/ws_ros2/install/px4_msgs/include/px4_msgs/px4_msgs/msg/detail/gpio_request__type_support.c
[299.293s] -- Installing: /home/stepan/ws_ros2/install/px4_msgs/include/px4_msgs/px4_msgs/msg/detail/vehicle_status__type_support.c
[299.293s] -- Installing: /home/stepan/ws_ros2/install/px4_msgs/include/px4_msgs/px4_msgs/msg/detail/actuator_servos_trim__rosidl_typesupport_introspection_c.h
[299.293s] -- Installing: /home/stepan/ws_ros2/install/px4_msgs/include/px4_msgs/px4_msgs/msg/detail/position_controller_landing_status__rosidl_typesupport_introspection_c.h
[299.293s] -- Installing: /home/stepan/ws_ros2/install/px4_msgs/include/px4_msgs/px4_msgs/msg/detail/estimator_status__type_support.c
[299.293s] -- Installing: /home/stepan/ws_ros2/install/px4_msgs/include/px4_msgs/px4_msgs/msg/detail/rc_parameter_map__rosidl_typesupport_introspection_c.h
[299.293s] -- Installing: /home/stepan/ws_ros2/install/px4_msgs/include/px4_msgs/px4_msgs/msg/detail/landing_target_pose__type_support.c
[299.294s] -- Installing: /home/stepan/ws_ros2/install/px4_msgs/include/px4_msgs/px4_msgs/msg/detail/estimator_bias3d__type_support.c
[299.294s] -- Installing: /home/stepan/ws_ros2/install/px4_msgs/include/px4_msgs/px4_msgs/msg/detail/estimator_bias3d__rosidl_typesupport_introspection_c.h
[299.294s] -- Installing: /home/stepan/ws_ros2/install/px4_msgs/include/px4_msgs/px4_msgs/msg/detail/estimator_selector_status__type_support.c
[299.294s] -- Installing: /home/stepan/ws_ros2/install/px4_msgs/include/px4_msgs/px4_msgs/msg/detail/rover_position_setpoint__rosidl_typesupport_introspection_c.h
[299.294s] -- Installing: /home/stepan/ws_ros2/install/px4_msgs/include/px4_msgs/px4_msgs/msg/detail/cellular_status__type_support.c
[299.294s] -- Installing: /home/stepan/ws_ros2/install/px4_msgs/include/px4_msgs/px4_msgs/msg/detail/actuator_outputs__rosidl_typesupport_introspection_c.h
[299.294s] -- Installing: /home/stepan/ws_ros2/install/px4_msgs/include/px4_msgs/px4_msgs/msg/detail/dataman_response__type_support.c
[299.294s] -- Installing: /home/stepan/ws_ros2/install/px4_msgs/include/px4_msgs/px4_msgs/msg/detail/vehicle_odometry__type_support.c
[299.294s] -- Installing: /home/stepan/ws_ros2/install/px4_msgs/include/px4_msgs/px4_msgs/msg/detail/input_rc__type_support.c
[299.294s] -- Installing: /home/stepan/ws_ros2/install/px4_msgs/include/px4_msgs/px4_msgs/msg/detail/rate_ctrl_status__rosidl_typesupport_introspection_c.h
[299.294s] -- Installing: /home/stepan/ws_ros2/install/px4_msgs/include/px4_msgs/px4_msgs/msg/detail/gimbal_manager_information__rosidl_typesupport_introspection_c.h
[299.294s] -- Installing: /home/stepan/ws_ros2/install/px4_msgs/include/px4_msgs/px4_msgs/msg/detail/adc_report__rosidl_typesupport_introspection_c.h
[299.294s] -- Installing: /home/stepan/ws_ros2/install/px4_msgs/include/px4_msgs/px4_msgs/msg/detail/estimator_aid_source1d__rosidl_typesupport_introspection_c.h
[299.295s] -- Installing: /home/stepan/ws_ros2/install/px4_msgs/include/px4_msgs/px4_msgs/msg/detail/button_event__type_support.c
[299.295s] -- Installing: /home/stepan/ws_ros2/install/px4_msgs/include/px4_msgs/px4_msgs/msg/detail/health_report__type_support.c
[299.295s] -- Installing: /home/stepan/ws_ros2/install/px4_msgs/include/px4_msgs/px4_msgs/msg/detail/gimbal_device_set_attitude__type_support.c
[299.295s] -- Installing: /home/stepan/ws_ros2/install/px4_msgs/include/px4_msgs/px4_msgs/msg/detail/register_ext_component_reply__rosidl_typesupport_introspection_c.h
[299.295s] -- Installing: /home/stepan/ws_ros2/install/px4_msgs/include/px4_msgs/px4_msgs/msg/detail/battery_status__rosidl_typesupport_introspection_c.h
[299.295s] -- Installing: /home/stepan/ws_ros2/install/px4_msgs/include/px4_msgs/px4_msgs/msg/detail/vehicle_optical_flow__type_support.c
[299.295s] -- Installing: /home/stepan/ws_ros2/install/px4_msgs/include/px4_msgs/px4_msgs/msg/detail/gripper__type_support.c
[299.295s] -- Installing: /home/stepan/ws_ros2/install/px4_msgs/include/px4_msgs/px4_msgs/msg/detail/mavlink_tunnel__rosidl_typesupport_introspection_c.h
[299.295s] -- Installing: /home/stepan/ws_ros2/install/px4_msgs/include/px4_msgs/px4_msgs/msg/detail/rtl_status__type_support.c
[299.295s] -- Installing: /home/stepan/ws_ros2/install/px4_msgs/include/px4_msgs/px4_msgs/msg/detail/esc_status__type_support.c
[299.295s] -- Installing: /home/stepan/ws_ros2/install/px4_msgs/include/px4_msgs/px4_msgs/msg/detail/parameter_update__rosidl_typesupport_introspection_c.h
[299.295s] -- Installing: /home/stepan/ws_ros2/install/px4_msgs/include/px4_msgs/px4_msgs/msg/detail/rover_throttle_setpoint__type_support.c
[299.296s] -- Installing: /home/stepan/ws_ros2/install/px4_msgs/include/px4_msgs/px4_msgs/msg/detail/pure_pursuit_status__rosidl_typesupport_introspection_c.h
[299.296s] -- Installing: /home/stepan/ws_ros2/install/px4_msgs/include/px4_msgs/px4_msgs/msg/detail/vehicle_global_position__rosidl_typesupport_introspection_c.h
[299.296s] -- Installing: /home/stepan/ws_ros2/install/px4_msgs/include/px4_msgs/px4_msgs/msg/detail/irlock_report__type_support.c
[299.296s] -- Installing: /home/stepan/ws_ros2/install/px4_msgs/include/px4_msgs/px4_msgs/msg/detail/magnetometer_bias_estimate__rosidl_typesupport_introspection_c.h
[299.296s] -- Installing: /home/stepan/ws_ros2/install/px4_msgs/include/px4_msgs/px4_msgs/msg/detail/message_format_response__type_support.c
[299.296s] -- Installing: /home/stepan/ws_ros2/install/px4_msgs/include/px4_msgs/px4_msgs/msg/rosidl_typesupport_introspection_c__visibility_control.h
[299.296s] -- Up-to-date: /home/stepan/ws_ros2/install/px4_msgs/include/px4_msgs/px4_msgs/srv
[299.296s] -- Up-to-date: /home/stepan/ws_ros2/install/px4_msgs/include/px4_msgs/px4_msgs/srv/detail
[299.296s] -- Installing: /home/stepan/ws_ros2/install/px4_msgs/include/px4_msgs/px4_msgs/srv/detail/vehicle_command__type_support.c
[299.296s] -- Installing: /home/stepan/ws_ros2/install/px4_msgs/include/px4_msgs/px4_msgs/srv/detail/vehicle_command__rosidl_typesupport_introspection_c.h
[299.297s] -- Installing: /home/stepan/ws_ros2/install/px4_msgs/lib/libpx4_msgs__rosidl_typesupport_introspection_c.so
[299.298s] -- Set runtime path of "/home/stepan/ws_ros2/install/px4_msgs/lib/libpx4_msgs__rosidl_typesupport_introspection_c.so" to ""
[299.298s] -- Installing: /home/stepan/ws_ros2/install/px4_msgs/lib/libpx4_msgs__rosidl_typesupport_c.so
[299.299s] -- Set runtime path of "/home/stepan/ws_ros2/install/px4_msgs/lib/libpx4_msgs__rosidl_typesupport_c.so" to ""
[299.299s] -- Up-to-date: /home/stepan/ws_ros2/install/px4_msgs/include/px4_msgs/px4_msgs
[299.299s] -- Up-to-date: /home/stepan/ws_ros2/install/px4_msgs/include/px4_msgs/px4_msgs/msg
[299.299s] -- Up-to-date: /home/stepan/ws_ros2/install/px4_msgs/include/px4_msgs/px4_msgs/msg/detail
[299.299s] -- Installing: /home/stepan/ws_ros2/install/px4_msgs/include/px4_msgs/px4_msgs/msg/detail/cpuload__rosidl_typesupport_introspection_cpp.hpp
[299.299s] -- Installing: /home/stepan/ws_ros2/install/px4_msgs/include/px4_msgs/px4_msgs/msg/detail/ulog_stream_ack__type_support.cpp
[299.299s] -- Installing: /home/stepan/ws_ros2/install/px4_msgs/include/px4_msgs/px4_msgs/msg/detail/launch_detection_status__type_support.cpp
[299.299s] -- Installing: /home/stepan/ws_ros2/install/px4_msgs/include/px4_msgs/px4_msgs/msg/detail/health_report__rosidl_typesupport_introspection_cpp.hpp
[299.299s] -- Installing: /home/stepan/ws_ros2/install/px4_msgs/include/px4_msgs/px4_msgs/msg/detail/position_setpoint__rosidl_typesupport_introspection_cpp.hpp
[299.299s] -- Installing: /home/stepan/ws_ros2/install/px4_msgs/include/px4_msgs/px4_msgs/msg/detail/estimator_states__rosidl_typesupport_introspection_cpp.hpp
[299.299s] -- Installing: /home/stepan/ws_ros2/install/px4_msgs/include/px4_msgs/px4_msgs/msg/detail/figure_eight_status__type_support.cpp
[299.300s] -- Installing: /home/stepan/ws_ros2/install/px4_msgs/include/px4_msgs/px4_msgs/msg/detail/onboard_computer_status__type_support.cpp
[299.300s] -- Installing: /home/stepan/ws_ros2/install/px4_msgs/include/px4_msgs/px4_msgs/msg/detail/esc_status__type_support.cpp
[299.300s] -- Installing: /home/stepan/ws_ros2/install/px4_msgs/include/px4_msgs/px4_msgs/msg/detail/follow_target_estimator__rosidl_typesupport_introspection_cpp.hpp
[299.300s] -- Installing: /home/stepan/ws_ros2/install/px4_msgs/include/px4_msgs/px4_msgs/msg/detail/normalized_unsigned_setpoint__rosidl_typesupport_introspection_cpp.hpp
[299.300s] -- Installing: /home/stepan/ws_ros2/install/px4_msgs/include/px4_msgs/px4_msgs/msg/detail/uavcan_parameter_value__rosidl_typesupport_introspection_cpp.hpp
[299.300s] -- Installing: /home/stepan/ws_ros2/install/px4_msgs/include/px4_msgs/px4_msgs/msg/detail/vehicle_rates_setpoint__rosidl_typesupport_introspection_cpp.hpp
[299.300s] -- Installing: /home/stepan/ws_ros2/install/px4_msgs/include/px4_msgs/px4_msgs/msg/detail/pps_capture__type_support.cpp
[299.300s] -- Installing: /home/stepan/ws_ros2/install/px4_msgs/include/px4_msgs/px4_msgs/msg/detail/vehicle_angular_acceleration_setpoint__type_support.cpp
[299.300s] -- Installing: /home/stepan/ws_ros2/install/px4_msgs/include/px4_msgs/px4_msgs/msg/detail/sensors_status_imu__rosidl_typesupport_introspection_cpp.hpp
[299.300s] -- Installing: /home/stepan/ws_ros2/install/px4_msgs/include/px4_msgs/px4_msgs/msg/detail/estimator_aid_source1d__rosidl_typesupport_introspection_cpp.hpp
[299.300s] -- Installing: /home/stepan/ws_ros2/install/px4_msgs/include/px4_msgs/px4_msgs/msg/detail/estimator_selector_status__rosidl_typesupport_introspection_cpp.hpp
[299.300s] -- Installing: /home/stepan/ws_ros2/install/px4_msgs/include/px4_msgs/px4_msgs/msg/detail/vehicle_imu__type_support.cpp
[299.301s] -- Installing: /home/stepan/ws_ros2/install/px4_msgs/include/px4_msgs/px4_msgs/msg/detail/cellular_status__rosidl_typesupport_introspection_cpp.hpp
[299.301s] -- Installing: /home/stepan/ws_ros2/install/px4_msgs/include/px4_msgs/px4_msgs/msg/detail/dataman_response__rosidl_typesupport_introspection_cpp.hpp
[299.301s] -- Installing: /home/stepan/ws_ros2/install/px4_msgs/include/px4_msgs/px4_msgs/msg/detail/sensor_selection__rosidl_typesupport_introspection_cpp.hpp
[299.301s] -- Installing: /home/stepan/ws_ros2/install/px4_msgs/include/px4_msgs/px4_msgs/msg/detail/collision_constraints__type_support.cpp
[299.301s] -- Installing: /home/stepan/ws_ros2/install/px4_msgs/include/px4_msgs/px4_msgs/msg/detail/navigator_status__type_support.cpp
[299.301s] -- Installing: /home/stepan/ws_ros2/install/px4_msgs/include/px4_msgs/px4_msgs/msg/detail/sensors_status_imu__type_support.cpp
[299.301s] -- Installing: /home/stepan/ws_ros2/install/px4_msgs/include/px4_msgs/px4_msgs/msg/detail/failsafe_flags__rosidl_typesupport_introspection_cpp.hpp
[299.301s] -- Installing: /home/stepan/ws_ros2/install/px4_msgs/include/px4_msgs/px4_msgs/msg/detail/control_allocator_status__rosidl_typesupport_introspection_cpp.hpp
[299.301s] -- Installing: /home/stepan/ws_ros2/install/px4_msgs/include/px4_msgs/px4_msgs/msg/detail/vehicle_global_position__type_support.cpp
[299.301s] -- Installing: /home/stepan/ws_ros2/install/px4_msgs/include/px4_msgs/px4_msgs/msg/detail/vehicle_torque_setpoint__type_support.cpp
[299.301s] -- Installing: /home/stepan/ws_ros2/install/px4_msgs/include/px4_msgs/px4_msgs/msg/detail/orbit_status__type_support.cpp
[299.301s] -- Installing: /home/stepan/ws_ros2/install/px4_msgs/include/px4_msgs/px4_msgs/msg/detail/sensor_gps__type_support.cpp
[299.302s] -- Installing: /home/stepan/ws_ros2/install/px4_msgs/include/px4_msgs/px4_msgs/msg/detail/follow_target_status__type_support.cpp
[299.302s] -- Installing: /home/stepan/ws_ros2/install/px4_msgs/include/px4_msgs/px4_msgs/msg/detail/failure_detector_status__rosidl_typesupport_introspection_cpp.hpp
[299.302s] -- Installing: /home/stepan/ws_ros2/install/px4_msgs/include/px4_msgs/px4_msgs/msg/detail/message_format_request__type_support.cpp
[299.302s] -- Installing: /home/stepan/ws_ros2/install/px4_msgs/include/px4_msgs/px4_msgs/msg/detail/rover_attitude_setpoint__type_support.cpp
[299.302s] -- Installing: /home/stepan/ws_ros2/install/px4_msgs/include/px4_msgs/px4_msgs/msg/detail/wheel_encoders__rosidl_typesupport_introspection_cpp.hpp
[299.302s] -- Installing: /home/stepan/ws_ros2/install/px4_msgs/include/px4_msgs/px4_msgs/msg/detail/manual_control_setpoint__type_support.cpp
[299.302s] -- Installing: /home/stepan/ws_ros2/install/px4_msgs/include/px4_msgs/px4_msgs/msg/detail/airspeed_validated__rosidl_typesupport_introspection_cpp.hpp
[299.302s] -- Installing: /home/stepan/ws_ros2/install/px4_msgs/include/px4_msgs/px4_msgs/msg/detail/open_drone_id_arm_status__rosidl_typesupport_introspection_cpp.hpp
[299.302s] -- Installing: /home/stepan/ws_ros2/install/px4_msgs/include/px4_msgs/px4_msgs/msg/detail/vehicle_rates_setpoint__type_support.cpp
[299.302s] -- Installing: /home/stepan/ws_ros2/install/px4_msgs/include/px4_msgs/px4_msgs/msg/detail/mission__type_support.cpp
[299.302s] -- Installing: /home/stepan/ws_ros2/install/px4_msgs/include/px4_msgs/px4_msgs/msg/detail/vehicle_local_position_setpoint__rosidl_typesupport_introspection_cpp.hpp
[299.303s] -- Installing: /home/stepan/ws_ros2/install/px4_msgs/include/px4_msgs/px4_msgs/msg/detail/adc_report__rosidl_typesupport_introspection_cpp.hpp
[299.303s] -- Installing: /home/stepan/ws_ros2/install/px4_msgs/include/px4_msgs/px4_msgs/msg/detail/rover_steering_setpoint__rosidl_typesupport_introspection_cpp.hpp
[299.303s] -- Installing: /home/stepan/ws_ros2/install/px4_msgs/include/px4_msgs/px4_msgs/msg/detail/actuator_motors__type_support.cpp
[299.303s] -- Installing: /home/stepan/ws_ros2/install/px4_msgs/include/px4_msgs/px4_msgs/msg/detail/goto_setpoint__rosidl_typesupport_introspection_cpp.hpp
[299.303s] -- Installing: /home/stepan/ws_ros2/install/px4_msgs/include/px4_msgs/px4_msgs/msg/detail/sensor_hygrometer__rosidl_typesupport_introspection_cpp.hpp
[299.303s] -- Installing: /home/stepan/ws_ros2/install/px4_msgs/include/px4_msgs/px4_msgs/msg/detail/input_rc__rosidl_typesupport_introspection_cpp.hpp
[299.303s] -- Installing: /home/stepan/ws_ros2/install/px4_msgs/include/px4_msgs/px4_msgs/msg/detail/vehicle_magnetometer__rosidl_typesupport_introspection_cpp.hpp
[299.303s] -- Installing: /home/stepan/ws_ros2/install/px4_msgs/include/px4_msgs/px4_msgs/msg/detail/qshell_retval__rosidl_typesupport_introspection_cpp.hpp
[299.303s] -- Installing: /home/stepan/ws_ros2/install/px4_msgs/include/px4_msgs/px4_msgs/msg/detail/rover_rate_setpoint__rosidl_typesupport_introspection_cpp.hpp
[299.303s] -- Installing: /home/stepan/ws_ros2/install/px4_msgs/include/px4_msgs/px4_msgs/msg/detail/yaw_estimator_status__rosidl_typesupport_introspection_cpp.hpp
[299.303s] -- Installing: /home/stepan/ws_ros2/install/px4_msgs/include/px4_msgs/px4_msgs/msg/detail/log_message__type_support.cpp
[299.304s] -- Installing: /home/stepan/ws_ros2/install/px4_msgs/include/px4_msgs/px4_msgs/msg/detail/parameter_set_used_request__type_support.cpp
[299.304s] -- Installing: /home/stepan/ws_ros2/install/px4_msgs/include/px4_msgs/px4_msgs/msg/detail/gimbal_device_information__type_support.cpp
[299.304s] -- Installing: /home/stepan/ws_ros2/install/px4_msgs/include/px4_msgs/px4_msgs/msg/detail/power_button_state__type_support.cpp
[299.304s] -- Installing: /home/stepan/ws_ros2/install/px4_msgs/include/px4_msgs/px4_msgs/msg/detail/tiltrotor_extra_controls__rosidl_typesupport_introspection_cpp.hpp
[299.304s] -- Installing: /home/stepan/ws_ros2/install/px4_msgs/include/px4_msgs/px4_msgs/msg/detail/geofence_status__type_support.cpp
[299.304s] -- Installing: /home/stepan/ws_ros2/install/px4_msgs/include/px4_msgs/px4_msgs/msg/detail/mode_completed__rosidl_typesupport_introspection_cpp.hpp
[299.304s] -- Installing: /home/stepan/ws_ros2/install/px4_msgs/include/px4_msgs/px4_msgs/msg/detail/health_report__type_support.cpp
[299.304s] -- Installing: /home/stepan/ws_ros2/install/px4_msgs/include/px4_msgs/px4_msgs/msg/detail/parameter_set_value_request__type_support.cpp
[299.304s] -- Installing: /home/stepan/ws_ros2/install/px4_msgs/include/px4_msgs/px4_msgs/msg/detail/gimbal_manager_set_attitude__type_support.cpp
[299.304s] -- Installing: /home/stepan/ws_ros2/install/px4_msgs/include/px4_msgs/px4_msgs/msg/detail/estimator_gps_status__rosidl_typesupport_introspection_cpp.hpp
[299.305s] -- Installing: /home/stepan/ws_ros2/install/px4_msgs/include/px4_msgs/px4_msgs/msg/detail/config_overrides__rosidl_typesupport_introspection_cpp.hpp
[299.305s] -- Installing: /home/stepan/ws_ros2/install/px4_msgs/include/px4_msgs/px4_msgs/msg/detail/camera_capture__rosidl_typesupport_introspection_cpp.hpp
[299.305s] -- Installing: /home/stepan/ws_ros2/install/px4_msgs/include/px4_msgs/px4_msgs/msg/detail/ackermann_velocity_setpoint__rosidl_typesupport_introspection_cpp.hpp
[299.305s] -- Installing: /home/stepan/ws_ros2/install/px4_msgs/include/px4_msgs/px4_msgs/msg/detail/position_setpoint_triplet__rosidl_typesupport_introspection_cpp.hpp
[299.305s] -- Installing: /home/stepan/ws_ros2/install/px4_msgs/include/px4_msgs/px4_msgs/msg/detail/can_interface_status__type_support.cpp
[299.305s] -- Installing: /home/stepan/ws_ros2/install/px4_msgs/include/px4_msgs/px4_msgs/msg/detail/vehicle_attitude__rosidl_typesupport_introspection_cpp.hpp
[299.305s] -- Installing: /home/stepan/ws_ros2/install/px4_msgs/include/px4_msgs/px4_msgs/msg/detail/debug_value__type_support.cpp
[299.305s] -- Installing: /home/stepan/ws_ros2/install/px4_msgs/include/px4_msgs/px4_msgs/msg/detail/rover_attitude_setpoint__rosidl_typesupport_introspection_cpp.hpp
[299.305s] -- Installing: /home/stepan/ws_ros2/install/px4_msgs/include/px4_msgs/px4_msgs/msg/detail/vehicle_angular_velocity__type_support.cpp
[299.305s] -- Installing: /home/stepan/ws_ros2/install/px4_msgs/include/px4_msgs/px4_msgs/msg/detail/actuator_test__type_support.cpp
[299.305s] -- Installing: /home/stepan/ws_ros2/install/px4_msgs/include/px4_msgs/px4_msgs/msg/detail/actuator_motors__rosidl_typesupport_introspection_cpp.hpp
[299.305s] -- Installing: /home/stepan/ws_ros2/install/px4_msgs/include/px4_msgs/px4_msgs/msg/detail/sensor_baro__rosidl_typesupport_introspection_cpp.hpp
[299.306s] -- Installing: /home/stepan/ws_ros2/install/px4_msgs/include/px4_msgs/px4_msgs/msg/detail/sensor_hygrometer__type_support.cpp
[299.306s] -- Installing: /home/stepan/ws_ros2/install/px4_msgs/include/px4_msgs/px4_msgs/msg/detail/distance_sensor__rosidl_typesupport_introspection_cpp.hpp
[299.306s] -- Installing: /home/stepan/ws_ros2/install/px4_msgs/include/px4_msgs/px4_msgs/msg/detail/velocity_limits__rosidl_typesupport_introspection_cpp.hpp
[299.306s] -- Installing: /home/stepan/ws_ros2/install/px4_msgs/include/px4_msgs/px4_msgs/msg/detail/sensor_mag__type_support.cpp
[299.306s] -- Installing: /home/stepan/ws_ros2/install/px4_msgs/include/px4_msgs/px4_msgs/msg/detail/battery_status__rosidl_typesupport_introspection_cpp.hpp
[299.306s] -- Installing: /home/stepan/ws_ros2/install/px4_msgs/include/px4_msgs/px4_msgs/msg/detail/sensor_airflow__rosidl_typesupport_introspection_cpp.hpp
[299.306s] -- Installing: /home/stepan/ws_ros2/install/px4_msgs/include/px4_msgs/px4_msgs/msg/detail/rover_rate_setpoint__type_support.cpp
[299.306s] -- Installing: /home/stepan/ws_ros2/install/px4_msgs/include/px4_msgs/px4_msgs/msg/detail/estimator_status__rosidl_typesupport_introspection_cpp.hpp
[299.306s] -- Installing: /home/stepan/ws_ros2/install/px4_msgs/include/px4_msgs/px4_msgs/msg/detail/trajectory_setpoint__rosidl_typesupport_introspection_cpp.hpp
[299.306s] -- Installing: /home/stepan/ws_ros2/install/px4_msgs/include/px4_msgs/px4_msgs/msg/detail/camera_status__type_support.cpp
[299.306s] -- Installing: /home/stepan/ws_ros2/install/px4_msgs/include/px4_msgs/px4_msgs/msg/detail/vehicle_land_detected__type_support.cpp
[299.306s] -- Installing: /home/stepan/ws_ros2/install/px4_msgs/include/px4_msgs/px4_msgs/msg/detail/vehicle_imu_status__rosidl_typesupport_introspection_cpp.hpp
[299.307s] -- Installing: /home/stepan/ws_ros2/install/px4_msgs/include/px4_msgs/px4_msgs/msg/detail/log_message__rosidl_typesupport_introspection_cpp.hpp
[299.307s] -- Installing: /home/stepan/ws_ros2/install/px4_msgs/include/px4_msgs/px4_msgs/msg/detail/register_ext_component_reply__type_support.cpp
[299.307s] -- Installing: /home/stepan/ws_ros2/install/px4_msgs/include/px4_msgs/px4_msgs/msg/detail/vehicle_local_position__rosidl_typesupport_introspection_cpp.hpp
[299.307s] -- Installing: /home/stepan/ws_ros2/install/px4_msgs/include/px4_msgs/px4_msgs/msg/detail/open_drone_id_operator_id__type_support.cpp
[299.307s] -- Installing: /home/stepan/ws_ros2/install/px4_msgs/include/px4_msgs/px4_msgs/msg/detail/position_setpoint__type_support.cpp
[299.307s] -- Installing: /home/stepan/ws_ros2/install/px4_msgs/include/px4_msgs/px4_msgs/msg/detail/uavcan_parameter_request__rosidl_typesupport_introspection_cpp.hpp
[299.307s] -- Installing: /home/stepan/ws_ros2/install/px4_msgs/include/px4_msgs/px4_msgs/msg/detail/offboard_control_mode__type_support.cpp
[299.307s] -- Installing: /home/stepan/ws_ros2/install/px4_msgs/include/px4_msgs/px4_msgs/msg/detail/gimbal_device_information__rosidl_typesupport_introspection_cpp.hpp
[299.307s] -- Installing: /home/stepan/ws_ros2/install/px4_msgs/include/px4_msgs/px4_msgs/msg/detail/unregister_ext_component__rosidl_typesupport_introspection_cpp.hpp
[299.307s] -- Installing: /home/stepan/ws_ros2/install/px4_msgs/include/px4_msgs/px4_msgs/msg/detail/rate_ctrl_status__rosidl_typesupport_introspection_cpp.hpp
[299.307s] -- Installing: /home/stepan/ws_ros2/install/px4_msgs/include/px4_msgs/px4_msgs/msg/detail/gimbal_device_attitude_status__rosidl_typesupport_introspection_cpp.hpp
[299.307s] -- Installing: /home/stepan/ws_ros2/install/px4_msgs/include/px4_msgs/px4_msgs/msg/detail/sensor_preflight_mag__type_support.cpp
[299.308s] -- Installing: /home/stepan/ws_ros2/install/px4_msgs/include/px4_msgs/px4_msgs/msg/detail/vtol_vehicle_status__rosidl_typesupport_introspection_cpp.hpp
[299.308s] -- Installing: /home/stepan/ws_ros2/install/px4_msgs/include/px4_msgs/px4_msgs/msg/detail/vehicle_optical_flow__rosidl_typesupport_introspection_cpp.hpp
[299.308s] -- Installing: /home/stepan/ws_ros2/install/px4_msgs/include/px4_msgs/px4_msgs/msg/detail/gripper__type_support.cpp
[299.308s] -- Installing: /home/stepan/ws_ros2/install/px4_msgs/include/px4_msgs/px4_msgs/msg/detail/vehicle_optical_flow__type_support.cpp
[299.308s] -- Installing: /home/stepan/ws_ros2/install/px4_msgs/include/px4_msgs/px4_msgs/msg/detail/fuel_tank_status__rosidl_typesupport_introspection_cpp.hpp
[299.308s] -- Installing: /home/stepan/ws_ros2/install/px4_msgs/include/px4_msgs/px4_msgs/msg/detail/estimator_status_flags__rosidl_typesupport_introspection_cpp.hpp
[299.308s] -- Installing: /home/stepan/ws_ros2/install/px4_msgs/include/px4_msgs/px4_msgs/msg/detail/gps_inject_data__rosidl_typesupport_introspection_cpp.hpp
[299.308s] -- Installing: /home/stepan/ws_ros2/install/px4_msgs/include/px4_msgs/px4_msgs/msg/detail/gimbal_manager_set_attitude__rosidl_typesupport_introspection_cpp.hpp
[299.308s] -- Installing: /home/stepan/ws_ros2/install/px4_msgs/include/px4_msgs/px4_msgs/msg/detail/failure_detector_status__type_support.cpp
[299.308s] -- Installing: /home/stepan/ws_ros2/install/px4_msgs/include/px4_msgs/px4_msgs/msg/detail/rover_position_setpoint__rosidl_typesupport_introspection_cpp.hpp
[299.308s] -- Installing: /home/stepan/ws_ros2/install/px4_msgs/include/px4_msgs/px4_msgs/msg/detail/airspeed_wind__type_support.cpp
[299.309s] -- Installing: /home/stepan/ws_ros2/install/px4_msgs/include/px4_msgs/px4_msgs/msg/detail/estimator_aid_source2d__type_support.cpp
[299.309s] -- Installing: /home/stepan/ws_ros2/install/px4_msgs/include/px4_msgs/px4_msgs/msg/detail/event__type_support.cpp
[299.309s] -- Installing: /home/stepan/ws_ros2/install/px4_msgs/include/px4_msgs/px4_msgs/msg/detail/estimator_aid_source3d__type_support.cpp
[299.309s] -- Installing: /home/stepan/ws_ros2/install/px4_msgs/include/px4_msgs/px4_msgs/msg/detail/trajectory_setpoint6dof__rosidl_typesupport_introspection_cpp.hpp
[299.309s] -- Installing: /home/stepan/ws_ros2/install/px4_msgs/include/px4_msgs/px4_msgs/msg/detail/internal_combustion_engine_control__type_support.cpp
[299.309s] -- Installing: /home/stepan/ws_ros2/install/px4_msgs/include/px4_msgs/px4_msgs/msg/detail/rtl_time_estimate__type_support.cpp
[299.309s] -- Installing: /home/stepan/ws_ros2/install/px4_msgs/include/px4_msgs/px4_msgs/msg/detail/differential_pressure__type_support.cpp
[299.309s] -- Installing: /home/stepan/ws_ros2/install/px4_msgs/include/px4_msgs/px4_msgs/msg/detail/sensor_uwb__rosidl_typesupport_introspection_cpp.hpp
[299.309s] -- Installing: /home/stepan/ws_ros2/install/px4_msgs/include/px4_msgs/px4_msgs/msg/detail/system_power__rosidl_typesupport_introspection_cpp.hpp
[299.309s] -- Installing: /home/stepan/ws_ros2/install/px4_msgs/include/px4_msgs/px4_msgs/msg/detail/vehicle_global_position__rosidl_typesupport_introspection_cpp.hpp
[299.309s] -- Installing: /home/stepan/ws_ros2/install/px4_msgs/include/px4_msgs/px4_msgs/msg/detail/vehicle_local_position_setpoint__type_support.cpp
[299.309s] -- Installing: /home/stepan/ws_ros2/install/px4_msgs/include/px4_msgs/px4_msgs/msg/detail/sensor_gps__rosidl_typesupport_introspection_cpp.hpp
[299.310s] -- Installing: /home/stepan/ws_ros2/install/px4_msgs/include/px4_msgs/px4_msgs/msg/detail/vehicle_acceleration__type_support.cpp
[299.310s] -- Installing: /home/stepan/ws_ros2/install/px4_msgs/include/px4_msgs/px4_msgs/msg/detail/ulog_stream__rosidl_typesupport_introspection_cpp.hpp
[299.310s] -- Installing: /home/stepan/ws_ros2/install/px4_msgs/include/px4_msgs/px4_msgs/msg/detail/estimator_innovations__type_support.cpp
[299.310s] -- Installing: /home/stepan/ws_ros2/install/px4_msgs/include/px4_msgs/px4_msgs/msg/detail/uavcan_parameter_request__type_support.cpp
[299.310s] -- Installing: /home/stepan/ws_ros2/install/px4_msgs/include/px4_msgs/px4_msgs/msg/detail/estimator_event_flags__type_support.cpp
[299.310s] -- Installing: /home/stepan/ws_ros2/install/px4_msgs/include/px4_msgs/px4_msgs/msg/detail/sensor_gnss_relative__type_support.cpp
[299.310s] -- Installing: /home/stepan/ws_ros2/install/px4_msgs/include/px4_msgs/px4_msgs/msg/detail/open_drone_id_operator_id__rosidl_typesupport_introspection_cpp.hpp
[299.310s] -- Installing: /home/stepan/ws_ros2/install/px4_msgs/include/px4_msgs/px4_msgs/msg/detail/collision_constraints__rosidl_typesupport_introspection_cpp.hpp
[299.310s] -- Installing: /home/stepan/ws_ros2/install/px4_msgs/include/px4_msgs/px4_msgs/msg/detail/actuator_armed__rosidl_typesupport_introspection_cpp.hpp
[299.310s] -- Installing: /home/stepan/ws_ros2/install/px4_msgs/include/px4_msgs/px4_msgs/msg/detail/open_drone_id_self_id__rosidl_typesupport_introspection_cpp.hpp
[299.310s] -- Installing: /home/stepan/ws_ros2/install/px4_msgs/include/px4_msgs/px4_msgs/msg/detail/landing_target_pose__type_support.cpp
[299.310s] -- Installing: /home/stepan/ws_ros2/install/px4_msgs/include/px4_msgs/px4_msgs/msg/detail/landing_gear__type_support.cpp
[299.311s] -- Installing: /home/stepan/ws_ros2/install/px4_msgs/include/px4_msgs/px4_msgs/msg/detail/vehicle_optical_flow_vel__rosidl_typesupport_introspection_cpp.hpp
[299.311s] -- Installing: /home/stepan/ws_ros2/install/px4_msgs/include/px4_msgs/px4_msgs/msg/detail/generator_status__type_support.cpp
[299.311s] -- Installing: /home/stepan/ws_ros2/install/px4_msgs/include/px4_msgs/px4_msgs/msg/detail/hover_thrust_estimate__rosidl_typesupport_introspection_cpp.hpp
[299.311s] -- Installing: /home/stepan/ws_ros2/install/px4_msgs/include/px4_msgs/px4_msgs/msg/detail/actuator_servos_trim__rosidl_typesupport_introspection_cpp.hpp
[299.311s] -- Installing: /home/stepan/ws_ros2/install/px4_msgs/include/px4_msgs/px4_msgs/msg/detail/mavlink_tunnel__rosidl_typesupport_introspection_cpp.hpp
[299.311s] -- Installing: /home/stepan/ws_ros2/install/px4_msgs/include/px4_msgs/px4_msgs/msg/detail/orb_test__rosidl_typesupport_introspection_cpp.hpp
[299.311s] -- Installing: /home/stepan/ws_ros2/install/px4_msgs/include/px4_msgs/px4_msgs/msg/detail/qshell_retval__type_support.cpp
[299.311s] -- Installing: /home/stepan/ws_ros2/install/px4_msgs/include/px4_msgs/px4_msgs/msg/detail/orbit_status__rosidl_typesupport_introspection_cpp.hpp
[299.311s] -- Installing: /home/stepan/ws_ros2/install/px4_msgs/include/px4_msgs/px4_msgs/msg/detail/sensor_airflow__type_support.cpp
[299.311s] -- Installing: /home/stepan/ws_ros2/install/px4_msgs/include/px4_msgs/px4_msgs/msg/detail/vehicle_command_ack__type_support.cpp
[299.311s] -- Installing: /home/stepan/ws_ros2/install/px4_msgs/include/px4_msgs/px4_msgs/msg/detail/gimbal_manager_set_manual_control__type_support.cpp
[299.311s] -- Installing: /home/stepan/ws_ros2/install/px4_msgs/include/px4_msgs/px4_msgs/msg/detail/gpio_in__type_support.cpp
[299.312s] -- Installing: /home/stepan/ws_ros2/install/px4_msgs/include/px4_msgs/px4_msgs/msg/detail/orb_test_medium__rosidl_typesupport_introspection_cpp.hpp
[299.312s] -- Installing: /home/stepan/ws_ros2/install/px4_msgs/include/px4_msgs/px4_msgs/msg/detail/gpio_request__rosidl_typesupport_introspection_cpp.hpp
[299.312s] -- Installing: /home/stepan/ws_ros2/install/px4_msgs/include/px4_msgs/px4_msgs/msg/detail/vehicle_status__type_support.cpp
[299.312s] -- Installing: /home/stepan/ws_ros2/install/px4_msgs/include/px4_msgs/px4_msgs/msg/detail/control_allocator_status__type_support.cpp
[299.312s] -- Installing: /home/stepan/ws_ros2/install/px4_msgs/include/px4_msgs/px4_msgs/msg/detail/sensors_status__type_support.cpp
[299.312s] -- Installing: /home/stepan/ws_ros2/install/px4_msgs/include/px4_msgs/px4_msgs/msg/detail/px4io_status__rosidl_typesupport_introspection_cpp.hpp
[299.312s] -- Installing: /home/stepan/ws_ros2/install/px4_msgs/include/px4_msgs/px4_msgs/msg/detail/parameter_update__rosidl_typesupport_introspection_cpp.hpp
[299.312s] -- Installing: /home/stepan/ws_ros2/install/px4_msgs/include/px4_msgs/px4_msgs/msg/detail/position_setpoint_triplet__type_support.cpp
[299.312s] -- Installing: /home/stepan/ws_ros2/install/px4_msgs/include/px4_msgs/px4_msgs/msg/detail/estimator_sensor_bias__type_support.cpp
[299.312s] -- Installing: /home/stepan/ws_ros2/install/px4_msgs/include/px4_msgs/px4_msgs/msg/detail/normalized_unsigned_setpoint__type_support.cpp
[299.312s] -- Installing: /home/stepan/ws_ros2/install/px4_msgs/include/px4_msgs/px4_msgs/msg/detail/fuel_tank_status__type_support.cpp
[299.312s] -- Installing: /home/stepan/ws_ros2/install/px4_msgs/include/px4_msgs/px4_msgs/msg/detail/landing_target_pose__rosidl_typesupport_introspection_cpp.hpp
[299.313s] -- Installing: /home/stepan/ws_ros2/install/px4_msgs/include/px4_msgs/px4_msgs/msg/detail/estimator_aid_source1d__type_support.cpp
[299.313s] -- Installing: /home/stepan/ws_ros2/install/px4_msgs/include/px4_msgs/px4_msgs/msg/detail/internal_combustion_engine_control__rosidl_typesupport_introspection_cpp.hpp
[299.313s] -- Installing: /home/stepan/ws_ros2/install/px4_msgs/include/px4_msgs/px4_msgs/msg/detail/sensor_selection__type_support.cpp
[299.313s] -- Installing: /home/stepan/ws_ros2/install/px4_msgs/include/px4_msgs/px4_msgs/msg/detail/open_drone_id_arm_status__type_support.cpp
[299.313s] -- Installing: /home/stepan/ws_ros2/install/px4_msgs/include/px4_msgs/px4_msgs/msg/detail/task_stack_info__rosidl_typesupport_introspection_cpp.hpp
[299.313s] -- Installing: /home/stepan/ws_ros2/install/px4_msgs/include/px4_msgs/px4_msgs/msg/detail/rtl_time_estimate__rosidl_typesupport_introspection_cpp.hpp
[299.313s] -- Installing: /home/stepan/ws_ros2/install/px4_msgs/include/px4_msgs/px4_msgs/msg/detail/actuator_armed__type_support.cpp
[299.313s] -- Installing: /home/stepan/ws_ros2/install/px4_msgs/include/px4_msgs/px4_msgs/msg/detail/tune_control__rosidl_typesupport_introspection_cpp.hpp
[299.313s] -- Installing: /home/stepan/ws_ros2/install/px4_msgs/include/px4_msgs/px4_msgs/msg/detail/mission_result__type_support.cpp
[299.313s] -- Installing: /home/stepan/ws_ros2/install/px4_msgs/include/px4_msgs/px4_msgs/msg/detail/vehicle_control_mode__type_support.cpp
[299.313s] -- Installing: /home/stepan/ws_ros2/install/px4_msgs/include/px4_msgs/px4_msgs/msg/detail/pwm_input__type_support.cpp
[299.314s] -- Installing: /home/stepan/ws_ros2/install/px4_msgs/include/px4_msgs/px4_msgs/msg/detail/launch_detection_status__rosidl_typesupport_introspection_cpp.hpp
[299.314s] -- Installing: /home/stepan/ws_ros2/install/px4_msgs/include/px4_msgs/px4_msgs/msg/detail/wheel_encoders__type_support.cpp
[299.314s] -- Installing: /home/stepan/ws_ros2/install/px4_msgs/include/px4_msgs/px4_msgs/msg/detail/gps_dump__rosidl_typesupport_introspection_cpp.hpp
[299.314s] -- Installing: /home/stepan/ws_ros2/install/px4_msgs/include/px4_msgs/px4_msgs/msg/detail/actuator_servos_trim__type_support.cpp
[299.314s] -- Installing: /home/stepan/ws_ros2/install/px4_msgs/include/px4_msgs/px4_msgs/msg/detail/tune_control__type_support.cpp
[299.314s] -- Installing: /home/stepan/ws_ros2/install/px4_msgs/include/px4_msgs/px4_msgs/msg/detail/rc_parameter_map__rosidl_typesupport_introspection_cpp.hpp
[299.314s] -- Installing: /home/stepan/ws_ros2/install/px4_msgs/include/px4_msgs/px4_msgs/msg/detail/airspeed__type_support.cpp
[299.314s] -- Installing: /home/stepan/ws_ros2/install/px4_msgs/include/px4_msgs/px4_msgs/msg/detail/gimbal_device_attitude_status__type_support.cpp
[299.314s] -- Installing: /home/stepan/ws_ros2/install/px4_msgs/include/px4_msgs/px4_msgs/msg/detail/sensor_correction__type_support.cpp
[299.314s] -- Installing: /home/stepan/ws_ros2/install/px4_msgs/include/px4_msgs/px4_msgs/msg/detail/vehicle_command__type_support.cpp
[299.314s] -- Installing: /home/stepan/ws_ros2/install/px4_msgs/include/px4_msgs/px4_msgs/msg/detail/button_event__type_support.cpp
[299.314s] -- Installing: /home/stepan/ws_ros2/install/px4_msgs/include/px4_msgs/px4_msgs/msg/detail/sensor_gyro__rosidl_typesupport_introspection_cpp.hpp
[299.315s] -- Installing: /home/stepan/ws_ros2/install/px4_msgs/include/px4_msgs/px4_msgs/msg/detail/pure_pursuit_status__type_support.cpp
[299.315s] -- Installing: /home/stepan/ws_ros2/install/px4_msgs/include/px4_msgs/px4_msgs/msg/detail/trajectory_setpoint__type_support.cpp
[299.315s] -- Installing: /home/stepan/ws_ros2/install/px4_msgs/include/px4_msgs/px4_msgs/msg/detail/dataman_request__rosidl_typesupport_introspection_cpp.hpp
[299.315s] -- Installing: /home/stepan/ws_ros2/install/px4_msgs/include/px4_msgs/px4_msgs/msg/detail/geofence_result__type_support.cpp
[299.315s] -- Installing: /home/stepan/ws_ros2/install/px4_msgs/include/px4_msgs/px4_msgs/msg/detail/arming_check_request__rosidl_typesupport_introspection_cpp.hpp
[299.315s] -- Installing: /home/stepan/ws_ros2/install/px4_msgs/include/px4_msgs/px4_msgs/msg/detail/event__rosidl_typesupport_introspection_cpp.hpp
[299.315s] -- Installing: /home/stepan/ws_ros2/install/px4_msgs/include/px4_msgs/px4_msgs/msg/detail/vehicle_acceleration__rosidl_typesupport_introspection_cpp.hpp
[299.315s] -- Installing: /home/stepan/ws_ros2/install/px4_msgs/include/px4_msgs/px4_msgs/msg/detail/rover_velocity_status__rosidl_typesupport_introspection_cpp.hpp
[299.315s] -- Installing: /home/stepan/ws_ros2/install/px4_msgs/include/px4_msgs/px4_msgs/msg/detail/estimator_aid_source3d__rosidl_typesupport_introspection_cpp.hpp
[299.315s] -- Installing: /home/stepan/ws_ros2/install/px4_msgs/include/px4_msgs/px4_msgs/msg/detail/cpuload__type_support.cpp
[299.315s] -- Installing: /home/stepan/ws_ros2/install/px4_msgs/include/px4_msgs/px4_msgs/msg/detail/unregister_ext_component__type_support.cpp
[299.316s] -- Installing: /home/stepan/ws_ros2/install/px4_msgs/include/px4_msgs/px4_msgs/msg/detail/takeoff_status__rosidl_typesupport_introspection_cpp.hpp
[299.316s] -- Installing: /home/stepan/ws_ros2/install/px4_msgs/include/px4_msgs/px4_msgs/msg/detail/failsafe_flags__type_support.cpp
[299.316s] -- Installing: /home/stepan/ws_ros2/install/px4_msgs/include/px4_msgs/px4_msgs/msg/detail/can_interface_status__rosidl_typesupport_introspection_cpp.hpp
[299.316s] -- Installing: /home/stepan/ws_ros2/install/px4_msgs/include/px4_msgs/px4_msgs/msg/detail/vehicle_angular_velocity__rosidl_typesupport_introspection_cpp.hpp
[299.316s] -- Installing: /home/stepan/ws_ros2/install/px4_msgs/include/px4_msgs/px4_msgs/msg/detail/qshell_req__rosidl_typesupport_introspection_cpp.hpp
[299.316s] -- Installing: /home/stepan/ws_ros2/install/px4_msgs/include/px4_msgs/px4_msgs/msg/detail/position_controller_landing_status__type_support.cpp
[299.316s] -- Installing: /home/stepan/ws_ros2/install/px4_msgs/include/px4_msgs/px4_msgs/msg/detail/onboard_computer_status__rosidl_typesupport_introspection_cpp.hpp
[299.316s] -- Installing: /home/stepan/ws_ros2/install/px4_msgs/include/px4_msgs/px4_msgs/msg/detail/gimbal_manager_information__type_support.cpp
[299.316s] -- Installing: /home/stepan/ws_ros2/install/px4_msgs/include/px4_msgs/px4_msgs/msg/detail/power_button_state__rosidl_typesupport_introspection_cpp.hpp
[299.316s] -- Installing: /home/stepan/ws_ros2/install/px4_msgs/include/px4_msgs/px4_msgs/msg/detail/vehicle_constraints__rosidl_typesupport_introspection_cpp.hpp
[299.316s] -- Installing: /home/stepan/ws_ros2/install/px4_msgs/include/px4_msgs/px4_msgs/msg/detail/actuator_outputs__type_support.cpp
[299.316s] -- Installing: /home/stepan/ws_ros2/install/px4_msgs/include/px4_msgs/px4_msgs/msg/detail/vehicle_attitude_setpoint__type_support.cpp
[299.317s] -- Installing: /home/stepan/ws_ros2/install/px4_msgs/include/px4_msgs/px4_msgs/msg/detail/gimbal_device_set_attitude__type_support.cpp
[299.317s] -- Installing: /home/stepan/ws_ros2/install/px4_msgs/include/px4_msgs/px4_msgs/msg/detail/estimator_bias3d__type_support.cpp
[299.317s] -- Installing: /home/stepan/ws_ros2/install/px4_msgs/include/px4_msgs/px4_msgs/msg/detail/landing_gear__rosidl_typesupport_introspection_cpp.hpp
[299.317s] -- Installing: /home/stepan/ws_ros2/install/px4_msgs/include/px4_msgs/px4_msgs/msg/detail/vehicle_command__rosidl_typesupport_introspection_cpp.hpp
[299.317s] -- Installing: /home/stepan/ws_ros2/install/px4_msgs/include/px4_msgs/px4_msgs/msg/detail/register_ext_component_request__rosidl_typesupport_introspection_cpp.hpp
[299.317s] -- Installing: /home/stepan/ws_ros2/install/px4_msgs/include/px4_msgs/px4_msgs/msg/detail/parameter_set_used_request__rosidl_typesupport_introspection_cpp.hpp
[299.317s] -- Installing: /home/stepan/ws_ros2/install/px4_msgs/include/px4_msgs/px4_msgs/msg/detail/follow_target__rosidl_typesupport_introspection_cpp.hpp
[299.317s] -- Installing: /home/stepan/ws_ros2/install/px4_msgs/include/px4_msgs/px4_msgs/msg/detail/navigator_mission_item__rosidl_typesupport_introspection_cpp.hpp
[299.317s] -- Installing: /home/stepan/ws_ros2/install/px4_msgs/include/px4_msgs/px4_msgs/msg/detail/rc_channels__rosidl_typesupport_introspection_cpp.hpp
[299.317s] -- Installing: /home/stepan/ws_ros2/install/px4_msgs/include/px4_msgs/px4_msgs/msg/detail/distance_sensor_mode_change_request__rosidl_typesupport_introspection_cpp.hpp
[299.317s] -- Installing: /home/stepan/ws_ros2/install/px4_msgs/include/px4_msgs/px4_msgs/msg/detail/button_event__rosidl_typesupport_introspection_cpp.hpp
[299.317s] -- Installing: /home/stepan/ws_ros2/install/px4_msgs/include/px4_msgs/px4_msgs/msg/detail/logger_status__type_support.cpp
[299.318s] -- Installing: /home/stepan/ws_ros2/install/px4_msgs/include/px4_msgs/px4_msgs/msg/detail/irlock_report__type_support.cpp
[299.318s] -- Installing: /home/stepan/ws_ros2/install/px4_msgs/include/px4_msgs/px4_msgs/msg/detail/esc_status__rosidl_typesupport_introspection_cpp.hpp
[299.318s] -- Installing: /home/stepan/ws_ros2/install/px4_msgs/include/px4_msgs/px4_msgs/msg/detail/pwm_input__rosidl_typesupport_introspection_cpp.hpp
[299.318s] -- Installing: /home/stepan/ws_ros2/install/px4_msgs/include/px4_msgs/px4_msgs/msg/detail/gimbal_manager_status__type_support.cpp
[299.318s] -- Installing: /home/stepan/ws_ros2/install/px4_msgs/include/px4_msgs/px4_msgs/msg/detail/manual_control_setpoint__rosidl_typesupport_introspection_cpp.hpp
[299.318s] -- Installing: /home/stepan/ws_ros2/install/px4_msgs/include/px4_msgs/px4_msgs/msg/detail/vehicle_command_ack__rosidl_typesupport_introspection_cpp.hpp
[299.318s] -- Installing: /home/stepan/ws_ros2/install/px4_msgs/include/px4_msgs/px4_msgs/msg/detail/vehicle_attitude__type_support.cpp
[299.318s] -- Installing: /home/stepan/ws_ros2/install/px4_msgs/include/px4_msgs/px4_msgs/msg/detail/parameter_update__type_support.cpp
[299.318s] -- Installing: /home/stepan/ws_ros2/install/px4_msgs/include/px4_msgs/px4_msgs/msg/detail/sensor_accel_fifo__type_support.cpp
[299.318s] -- Installing: /home/stepan/ws_ros2/install/px4_msgs/include/px4_msgs/px4_msgs/msg/detail/magnetometer_bias_estimate__type_support.cpp
[299.318s] -- Installing: /home/stepan/ws_ros2/install/px4_msgs/include/px4_msgs/px4_msgs/msg/detail/mount_orientation__type_support.cpp
[299.318s] -- Installing: /home/stepan/ws_ros2/install/px4_msgs/include/px4_msgs/px4_msgs/msg/detail/rtl_status__rosidl_typesupport_introspection_cpp.hpp
[299.319s] -- Installing: /home/stepan/ws_ros2/install/px4_msgs/include/px4_msgs/px4_msgs/msg/detail/vehicle_optical_flow_vel__type_support.cpp
[299.319s] -- Installing: /home/stepan/ws_ros2/install/px4_msgs/include/px4_msgs/px4_msgs/msg/detail/open_drone_id_system__rosidl_typesupport_introspection_cpp.hpp
[299.319s] -- Installing: /home/stepan/ws_ros2/install/px4_msgs/include/px4_msgs/px4_msgs/msg/detail/gimbal_controls__type_support.cpp
[299.319s] -- Installing: /home/stepan/ws_ros2/install/px4_msgs/include/px4_msgs/px4_msgs/msg/detail/vehicle_thrust_setpoint__type_support.cpp
[299.319s] -- Installing: /home/stepan/ws_ros2/install/px4_msgs/include/px4_msgs/px4_msgs/msg/detail/sensor_optical_flow__type_support.cpp
[299.319s] -- Installing: /home/stepan/ws_ros2/install/px4_msgs/include/px4_msgs/px4_msgs/msg/detail/offboard_control_mode__rosidl_typesupport_introspection_cpp.hpp
[299.319s] -- Installing: /home/stepan/ws_ros2/install/px4_msgs/include/px4_msgs/px4_msgs/msg/detail/gimbal_manager_status__rosidl_typesupport_introspection_cpp.hpp
[299.319s] -- Installing: /home/stepan/ws_ros2/install/px4_msgs/include/px4_msgs/px4_msgs/msg/detail/landing_gear_wheel__rosidl_typesupport_introspection_cpp.hpp
[299.319s] -- Installing: /home/stepan/ws_ros2/install/px4_msgs/include/px4_msgs/px4_msgs/msg/detail/vehicle_angular_acceleration_setpoint__rosidl_typesupport_introspection_cpp.hpp
[299.319s] -- Installing: /home/stepan/ws_ros2/install/px4_msgs/include/px4_msgs/px4_msgs/msg/detail/power_monitor__type_support.cpp
[299.319s] -- Installing: /home/stepan/ws_ros2/install/px4_msgs/include/px4_msgs/px4_msgs/msg/detail/flight_phase_estimation__rosidl_typesupport_introspection_cpp.hpp
[299.319s] -- Installing: /home/stepan/ws_ros2/install/px4_msgs/include/px4_msgs/px4_msgs/msg/detail/mag_worker_data__rosidl_typesupport_introspection_cpp.hpp
[299.320s] -- Installing: /home/stepan/ws_ros2/install/px4_msgs/include/px4_msgs/px4_msgs/msg/detail/velocity_limits__type_support.cpp
[299.320s] -- Installing: /home/stepan/ws_ros2/install/px4_msgs/include/px4_msgs/px4_msgs/msg/detail/dataman_response__type_support.cpp
[299.320s] -- Installing: /home/stepan/ws_ros2/install/px4_msgs/include/px4_msgs/px4_msgs/msg/detail/wind__rosidl_typesupport_introspection_cpp.hpp
[299.320s] -- Installing: /home/stepan/ws_ros2/install/px4_msgs/include/px4_msgs/px4_msgs/msg/detail/landing_target_innovations__type_support.cpp
[299.320s] -- Installing: /home/stepan/ws_ros2/install/px4_msgs/include/px4_msgs/px4_msgs/msg/detail/navigator_status__rosidl_typesupport_introspection_cpp.hpp
[299.320s] -- Installing: /home/stepan/ws_ros2/install/px4_msgs/include/px4_msgs/px4_msgs/msg/detail/ekf2_timestamps__rosidl_typesupport_introspection_cpp.hpp
[299.320s] -- Installing: /home/stepan/ws_ros2/install/px4_msgs/include/px4_msgs/px4_msgs/msg/detail/rate_ctrl_status__type_support.cpp
[299.320s] -- Installing: /home/stepan/ws_ros2/install/px4_msgs/include/px4_msgs/px4_msgs/msg/detail/rc_parameter_map__type_support.cpp
[299.320s] -- Installing: /home/stepan/ws_ros2/install/px4_msgs/include/px4_msgs/px4_msgs/msg/detail/message_format_response__rosidl_typesupport_introspection_cpp.hpp
[299.320s] -- Installing: /home/stepan/ws_ros2/install/px4_msgs/include/px4_msgs/px4_msgs/msg/detail/orb_test_medium__type_support.cpp
[299.320s] -- Installing: /home/stepan/ws_ros2/install/px4_msgs/include/px4_msgs/px4_msgs/msg/detail/vehicle_air_data__rosidl_typesupport_introspection_cpp.hpp
[299.320s] -- Installing: /home/stepan/ws_ros2/install/px4_msgs/include/px4_msgs/px4_msgs/msg/detail/rover_throttle_setpoint__rosidl_typesupport_introspection_cpp.hpp
[299.321s] -- Installing: /home/stepan/ws_ros2/install/px4_msgs/include/px4_msgs/px4_msgs/msg/detail/estimator_innovations__rosidl_typesupport_introspection_cpp.hpp
[299.321s] -- Installing: /home/stepan/ws_ros2/install/px4_msgs/include/px4_msgs/px4_msgs/msg/detail/npfg_status__rosidl_typesupport_introspection_cpp.hpp
[299.321s] -- Installing: /home/stepan/ws_ros2/install/px4_msgs/include/px4_msgs/px4_msgs/msg/detail/position_controller_landing_status__rosidl_typesupport_introspection_cpp.hpp
[299.321s] -- Installing: /home/stepan/ws_ros2/install/px4_msgs/include/px4_msgs/px4_msgs/msg/detail/transponder_report__type_support.cpp
[299.321s] -- Installing: /home/stepan/ws_ros2/install/px4_msgs/include/px4_msgs/px4_msgs/msg/detail/vehicle_torque_setpoint__rosidl_typesupport_introspection_cpp.hpp
[299.321s] -- Installing: /home/stepan/ws_ros2/install/px4_msgs/include/px4_msgs/px4_msgs/msg/detail/message_format_response__type_support.cpp
[299.321s] -- Installing: /home/stepan/ws_ros2/install/px4_msgs/include/px4_msgs/px4_msgs/msg/detail/rpm__type_support.cpp
[299.321s] -- Installing: /home/stepan/ws_ros2/install/px4_msgs/include/px4_msgs/px4_msgs/msg/detail/sensor_accel_fifo__rosidl_typesupport_introspection_cpp.hpp
[299.321s] -- Installing: /home/stepan/ws_ros2/install/px4_msgs/include/px4_msgs/px4_msgs/msg/detail/message_format_request__rosidl_typesupport_introspection_cpp.hpp
[299.321s] -- Installing: /home/stepan/ws_ros2/install/px4_msgs/include/px4_msgs/px4_msgs/msg/detail/camera_capture__type_support.cpp
[299.321s] -- Installing: /home/stepan/ws_ros2/install/px4_msgs/include/px4_msgs/px4_msgs/msg/detail/ulog_stream__type_support.cpp
[299.321s] -- Installing: /home/stepan/ws_ros2/install/px4_msgs/include/px4_msgs/px4_msgs/msg/detail/parameter_set_value_request__rosidl_typesupport_introspection_cpp.hpp
[299.321s] -- Installing: /home/stepan/ws_ros2/install/px4_msgs/include/px4_msgs/px4_msgs/msg/detail/mag_worker_data__type_support.cpp
[299.322s] -- Installing: /home/stepan/ws_ros2/install/px4_msgs/include/px4_msgs/px4_msgs/msg/detail/sensor_combined__type_support.cpp
[299.322s] -- Installing: /home/stepan/ws_ros2/install/px4_msgs/include/px4_msgs/px4_msgs/msg/detail/rover_position_setpoint__type_support.cpp
[299.322s] -- Installing: /home/stepan/ws_ros2/install/px4_msgs/include/px4_msgs/px4_msgs/msg/detail/magnetometer_bias_estimate__rosidl_typesupport_introspection_cpp.hpp
[299.322s] -- Installing: /home/stepan/ws_ros2/install/px4_msgs/include/px4_msgs/px4_msgs/msg/detail/actuator_servos__rosidl_typesupport_introspection_cpp.hpp
[299.322s] -- Installing: /home/stepan/ws_ros2/install/px4_msgs/include/px4_msgs/px4_msgs/msg/detail/gpio_out__rosidl_typesupport_introspection_cpp.hpp
[299.322s] -- Installing: /home/stepan/ws_ros2/install/px4_msgs/include/px4_msgs/px4_msgs/msg/detail/manual_control_switches__type_support.cpp
[299.322s] -- Installing: /home/stepan/ws_ros2/install/px4_msgs/include/px4_msgs/px4_msgs/msg/detail/vtol_vehicle_status__type_support.cpp
[299.322s] -- Installing: /home/stepan/ws_ros2/install/px4_msgs/include/px4_msgs/px4_msgs/msg/detail/sensor_uwb__type_support.cpp
[299.322s] -- Installing: /home/stepan/ws_ros2/install/px4_msgs/include/px4_msgs/px4_msgs/msg/detail/ping__rosidl_typesupport_introspection_cpp.hpp
[299.322s] -- Installing: /home/stepan/ws_ros2/install/px4_msgs/include/px4_msgs/px4_msgs/msg/detail/led_control__rosidl_typesupport_introspection_cpp.hpp
[299.322s] -- Installing: /home/stepan/ws_ros2/install/px4_msgs/include/px4_msgs/px4_msgs/msg/detail/estimator_states__type_support.cpp
[299.322s] -- Installing: /home/stepan/ws_ros2/install/px4_msgs/include/px4_msgs/px4_msgs/msg/detail/internal_combustion_engine_status__rosidl_typesupport_introspection_cpp.hpp
[299.323s] -- Installing: /home/stepan/ws_ros2/install/px4_msgs/include/px4_msgs/px4_msgs/msg/detail/config_overrides__type_support.cpp
[299.323s] -- Installing: /home/stepan/ws_ros2/install/px4_msgs/include/px4_msgs/px4_msgs/msg/detail/airspeed_validated__type_support.cpp
[299.323s] -- Installing: /home/stepan/ws_ros2/install/px4_msgs/include/px4_msgs/px4_msgs/msg/detail/obstacle_distance__rosidl_typesupport_introspection_cpp.hpp
[299.323s] -- Installing: /home/stepan/ws_ros2/install/px4_msgs/include/px4_msgs/px4_msgs/msg/detail/npfg_status__type_support.cpp
[299.323s] -- Installing: /home/stepan/ws_ros2/install/px4_msgs/include/px4_msgs/px4_msgs/msg/detail/camera_trigger__type_support.cpp
[299.323s] -- Installing: /home/stepan/ws_ros2/install/px4_msgs/include/px4_msgs/px4_msgs/msg/detail/actuator_test__rosidl_typesupport_introspection_cpp.hpp
[299.323s] -- Installing: /home/stepan/ws_ros2/install/px4_msgs/include/px4_msgs/px4_msgs/msg/detail/sensor_gyro_fft__rosidl_typesupport_introspection_cpp.hpp
[299.323s] -- Installing: /home/stepan/ws_ros2/install/px4_msgs/include/px4_msgs/px4_msgs/msg/detail/gimbal_manager_information__rosidl_typesupport_introspection_cpp.hpp
[299.323s] -- Installing: /home/stepan/ws_ros2/install/px4_msgs/include/px4_msgs/px4_msgs/msg/detail/gpio_config__rosidl_typesupport_introspection_cpp.hpp
[299.323s] -- Installing: /home/stepan/ws_ros2/install/px4_msgs/include/px4_msgs/px4_msgs/msg/detail/follow_target_status__rosidl_typesupport_introspection_cpp.hpp
[299.323s] -- Installing: /home/stepan/ws_ros2/install/px4_msgs/include/px4_msgs/px4_msgs/msg/detail/parameter_set_value_response__type_support.cpp
[299.323s] -- Installing: /home/stepan/ws_ros2/install/px4_msgs/include/px4_msgs/px4_msgs/msg/detail/takeoff_status__type_support.cpp
[299.324s] -- Installing: /home/stepan/ws_ros2/install/px4_msgs/include/px4_msgs/px4_msgs/msg/detail/radio_status__type_support.cpp
[299.324s] -- Installing: /home/stepan/ws_ros2/install/px4_msgs/include/px4_msgs/px4_msgs/msg/detail/adc_report__type_support.cpp
[299.324s] -- Installing: /home/stepan/ws_ros2/install/px4_msgs/include/px4_msgs/px4_msgs/msg/detail/navigator_mission_item__type_support.cpp
[299.324s] -- Installing: /home/stepan/ws_ros2/install/px4_msgs/include/px4_msgs/px4_msgs/msg/detail/home_position__type_support.cpp
[299.324s] -- Installing: /home/stepan/ws_ros2/install/px4_msgs/include/px4_msgs/px4_msgs/msg/detail/mount_orientation__rosidl_typesupport_introspection_cpp.hpp
[299.324s] -- Installing: /home/stepan/ws_ros2/install/px4_msgs/include/px4_msgs/px4_msgs/msg/detail/heater_status__rosidl_typesupport_introspection_cpp.hpp
[299.324s] -- Installing: /home/stepan/ws_ros2/install/px4_msgs/include/px4_msgs/px4_msgs/msg/detail/irlock_report__rosidl_typesupport_introspection_cpp.hpp
[299.324s] -- Installing: /home/stepan/ws_ros2/install/px4_msgs/include/px4_msgs/px4_msgs/msg/detail/register_ext_component_request__type_support.cpp
[299.324s] -- Installing: /home/stepan/ws_ros2/install/px4_msgs/include/px4_msgs/px4_msgs/msg/detail/actuator_controls_status__rosidl_typesupport_introspection_cpp.hpp
[299.324s] -- Installing: /home/stepan/ws_ros2/install/px4_msgs/include/px4_msgs/px4_msgs/msg/detail/vehicle_thrust_setpoint__rosidl_typesupport_introspection_cpp.hpp
[299.324s] -- Installing: /home/stepan/ws_ros2/install/px4_msgs/include/px4_msgs/px4_msgs/msg/detail/distance_sensor_mode_change_request__type_support.cpp
[299.324s] -- Installing: /home/stepan/ws_ros2/install/px4_msgs/include/px4_msgs/px4_msgs/msg/detail/sensor_combined__rosidl_typesupport_introspection_cpp.hpp
[299.325s] -- Installing: /home/stepan/ws_ros2/install/px4_msgs/include/px4_msgs/px4_msgs/msg/detail/estimator_event_flags__rosidl_typesupport_introspection_cpp.hpp
[299.325s] -- Installing: /home/stepan/ws_ros2/install/px4_msgs/include/px4_msgs/px4_msgs/msg/detail/rover_attitude_status__rosidl_typesupport_introspection_cpp.hpp
[299.325s] -- Installing: /home/stepan/ws_ros2/install/px4_msgs/include/px4_msgs/px4_msgs/msg/detail/power_monitor__rosidl_typesupport_introspection_cpp.hpp
[299.325s] -- Installing: /home/stepan/ws_ros2/install/px4_msgs/include/px4_msgs/px4_msgs/msg/detail/mode_completed__type_support.cpp
[299.325s] -- Installing: /home/stepan/ws_ros2/install/px4_msgs/include/px4_msgs/px4_msgs/msg/detail/obstacle_distance__type_support.cpp
[299.325s] -- Installing: /home/stepan/ws_ros2/install/px4_msgs/include/px4_msgs/px4_msgs/msg/detail/mission_result__rosidl_typesupport_introspection_cpp.hpp
[299.325s] -- Installing: /home/stepan/ws_ros2/install/px4_msgs/include/px4_msgs/px4_msgs/msg/detail/vehicle_imu_status__type_support.cpp
[299.325s] -- Installing: /home/stepan/ws_ros2/install/px4_msgs/include/px4_msgs/px4_msgs/msg/detail/mavlink_log__rosidl_typesupport_introspection_cpp.hpp
[299.325s] -- Installing: /home/stepan/ws_ros2/install/px4_msgs/include/px4_msgs/px4_msgs/msg/detail/vehicle_roi__rosidl_typesupport_introspection_cpp.hpp
[299.325s] -- Installing: /home/stepan/ws_ros2/install/px4_msgs/include/px4_msgs/px4_msgs/msg/detail/rtl_status__type_support.cpp
[299.325s] -- Installing: /home/stepan/ws_ros2/install/px4_msgs/include/px4_msgs/px4_msgs/msg/detail/vehicle_odometry__type_support.cpp
[299.325s] -- Installing: /home/stepan/ws_ros2/install/px4_msgs/include/px4_msgs/px4_msgs/msg/detail/debug_key_value__rosidl_typesupport_introspection_cpp.hpp
[299.325s] -- Installing: /home/stepan/ws_ros2/install/px4_msgs/include/px4_msgs/px4_msgs/msg/detail/arming_check_reply__rosidl_typesupport_introspection_cpp.hpp
[299.326s] -- Installing: /home/stepan/ws_ros2/install/px4_msgs/include/px4_msgs/px4_msgs/msg/detail/rover_throttle_setpoint__type_support.cpp
[299.326s] -- Installing: /home/stepan/ws_ros2/install/px4_msgs/include/px4_msgs/px4_msgs/msg/detail/ping__type_support.cpp
[299.326s] -- Installing: /home/stepan/ws_ros2/install/px4_msgs/include/px4_msgs/px4_msgs/msg/detail/parameter_reset_request__rosidl_typesupport_introspection_cpp.hpp
[299.326s] -- Installing: /home/stepan/ws_ros2/install/px4_msgs/include/px4_msgs/px4_msgs/msg/detail/actuator_outputs__rosidl_typesupport_introspection_cpp.hpp
[299.326s] -- Installing: /home/stepan/ws_ros2/install/px4_msgs/include/px4_msgs/px4_msgs/msg/detail/actuator_controls_status__type_support.cpp
[299.326s] -- Installing: /home/stepan/ws_ros2/install/px4_msgs/include/px4_msgs/px4_msgs/msg/detail/rc_channels__type_support.cpp
[299.326s] -- Installing: /home/stepan/ws_ros2/install/px4_msgs/include/px4_msgs/px4_msgs/msg/detail/orb_test_large__type_support.cpp
[299.326s] -- Installing: /home/stepan/ws_ros2/install/px4_msgs/include/px4_msgs/px4_msgs/msg/detail/open_drone_id_self_id__type_support.cpp
[299.326s] -- Installing: /home/stepan/ws_ros2/install/px4_msgs/include/px4_msgs/px4_msgs/msg/detail/flight_phase_estimation__type_support.cpp
[299.326s] -- Installing: /home/stepan/ws_ros2/install/px4_msgs/include/px4_msgs/px4_msgs/msg/detail/gpio_out__type_support.cpp
[299.326s] -- Installing: /home/stepan/ws_ros2/install/px4_msgs/include/px4_msgs/px4_msgs/msg/detail/gripper__rosidl_typesupport_introspection_cpp.hpp
[299.327s] -- Installing: /home/stepan/ws_ros2/install/px4_msgs/include/px4_msgs/px4_msgs/msg/detail/px4io_status__type_support.cpp
[299.327s] -- Installing: /home/stepan/ws_ros2/install/px4_msgs/include/px4_msgs/px4_msgs/msg/detail/sensor_gyro_fft__type_support.cpp
[299.327s] -- Installing: /home/stepan/ws_ros2/install/px4_msgs/include/px4_msgs/px4_msgs/msg/detail/tecs_status__type_support.cpp
[299.327s] -- Installing: /home/stepan/ws_ros2/install/px4_msgs/include/px4_msgs/px4_msgs/msg/detail/battery_status__type_support.cpp
[299.327s] -- Installing: /home/stepan/ws_ros2/install/px4_msgs/include/px4_msgs/px4_msgs/msg/detail/ackermann_velocity_setpoint__type_support.cpp
[299.327s] -- Installing: /home/stepan/ws_ros2/install/px4_msgs/include/px4_msgs/px4_msgs/msg/detail/estimator_aid_source2d__rosidl_typesupport_introspection_cpp.hpp
[299.327s] -- Installing: /home/stepan/ws_ros2/install/px4_msgs/include/px4_msgs/px4_msgs/msg/detail/follow_target_estimator__type_support.cpp
[299.327s] -- Installing: /home/stepan/ws_ros2/install/px4_msgs/include/px4_msgs/px4_msgs/msg/detail/tiltrotor_extra_controls__type_support.cpp
[299.327s] -- Installing: /home/stepan/ws_ros2/install/px4_msgs/include/px4_msgs/px4_msgs/msg/detail/position_controller_status__type_support.cpp
[299.327s] -- Installing: /home/stepan/ws_ros2/install/px4_msgs/include/px4_msgs/px4_msgs/msg/detail/debug_array__rosidl_typesupport_introspection_cpp.hpp
[299.327s] -- Installing: /home/stepan/ws_ros2/install/px4_msgs/include/px4_msgs/px4_msgs/msg/detail/vehicle_local_position__type_support.cpp
[299.327s] -- Installing: /home/stepan/ws_ros2/install/px4_msgs/include/px4_msgs/px4_msgs/msg/detail/autotune_attitude_control_status__rosidl_typesupport_introspection_cpp.hpp
[299.328s] -- Installing: /home/stepan/ws_ros2/install/px4_msgs/include/px4_msgs/px4_msgs/msg/detail/estimator_bias3d__rosidl_typesupport_introspection_cpp.hpp
[299.328s] -- Installing: /home/stepan/ws_ros2/install/px4_msgs/include/px4_msgs/px4_msgs/msg/detail/radio_status__rosidl_typesupport_introspection_cpp.hpp
[299.328s] -- Installing: /home/stepan/ws_ros2/install/px4_msgs/include/px4_msgs/px4_msgs/msg/detail/orb_test__type_support.cpp
[299.328s] -- Installing: /home/stepan/ws_ros2/install/px4_msgs/include/px4_msgs/px4_msgs/msg/detail/transponder_report__rosidl_typesupport_introspection_cpp.hpp
[299.328s] -- Installing: /home/stepan/ws_ros2/install/px4_msgs/include/px4_msgs/px4_msgs/msg/detail/sensor_accel__type_support.cpp
[299.328s] -- Installing: /home/stepan/ws_ros2/install/px4_msgs/include/px4_msgs/px4_msgs/msg/detail/camera_trigger__rosidl_typesupport_introspection_cpp.hpp
[299.328s] -- Installing: /home/stepan/ws_ros2/install/px4_msgs/include/px4_msgs/px4_msgs/msg/detail/estimator_bias__type_support.cpp
[299.328s] -- Installing: /home/stepan/ws_ros2/install/px4_msgs/include/px4_msgs/px4_msgs/msg/detail/vehicle_status__rosidl_typesupport_introspection_cpp.hpp
[299.328s] -- Installing: /home/stepan/ws_ros2/install/px4_msgs/include/px4_msgs/px4_msgs/msg/detail/debug_vect__type_support.cpp
[299.328s] -- Installing: /home/stepan/ws_ros2/install/px4_msgs/include/px4_msgs/px4_msgs/msg/detail/sensor_accel__rosidl_typesupport_introspection_cpp.hpp
[299.328s] -- Installing: /home/stepan/ws_ros2/install/px4_msgs/include/px4_msgs/px4_msgs/msg/detail/gimbal_device_set_attitude__rosidl_typesupport_introspection_cpp.hpp
[299.328s] -- Installing: /home/stepan/ws_ros2/install/px4_msgs/include/px4_msgs/px4_msgs/msg/detail/uavcan_parameter_value__type_support.cpp
[299.329s] -- Installing: /home/stepan/ws_ros2/install/px4_msgs/include/px4_msgs/px4_msgs/msg/detail/camera_status__rosidl_typesupport_introspection_cpp.hpp
[299.329s] -- Installing: /home/stepan/ws_ros2/install/px4_msgs/include/px4_msgs/px4_msgs/msg/detail/timesync_status__rosidl_typesupport_introspection_cpp.hpp
[299.329s] -- Installing: /home/stepan/ws_ros2/install/px4_msgs/include/px4_msgs/px4_msgs/msg/detail/internal_combustion_engine_status__type_support.cpp
[299.329s] -- Installing: /home/stepan/ws_ros2/install/px4_msgs/include/px4_msgs/px4_msgs/msg/detail/logger_status__rosidl_typesupport_introspection_cpp.hpp
[299.329s] -- Installing: /home/stepan/ws_ros2/install/px4_msgs/include/px4_msgs/px4_msgs/msg/detail/rover_steering_setpoint__type_support.cpp
[299.329s] -- Installing: /home/stepan/ws_ros2/install/px4_msgs/include/px4_msgs/px4_msgs/msg/detail/sensor_gyro_fifo__type_support.cpp
[299.329s] -- Installing: /home/stepan/ws_ros2/install/px4_msgs/include/px4_msgs/px4_msgs/msg/detail/iridiumsbd_status__type_support.cpp
[299.329s] -- Installing: /home/stepan/ws_ros2/install/px4_msgs/include/px4_msgs/px4_msgs/msg/detail/telemetry_status__type_support.cpp
[299.329s] -- Installing: /home/stepan/ws_ros2/install/px4_msgs/include/px4_msgs/px4_msgs/msg/detail/sensors_status__rosidl_typesupport_introspection_cpp.hpp
[299.329s] -- Installing: /home/stepan/ws_ros2/install/px4_msgs/include/px4_msgs/px4_msgs/msg/detail/landing_gear_wheel__type_support.cpp
[299.329s] -- Installing: /home/stepan/ws_ros2/install/px4_msgs/include/px4_msgs/px4_msgs/msg/detail/sensor_gnss_relative__rosidl_typesupport_introspection_cpp.hpp
[299.330s] -- Installing: /home/stepan/ws_ros2/install/px4_msgs/include/px4_msgs/px4_msgs/msg/detail/airspeed_wind__rosidl_typesupport_introspection_cpp.hpp
[299.330s] -- Installing: /home/stepan/ws_ros2/install/px4_msgs/include/px4_msgs/px4_msgs/msg/detail/open_drone_id_system__type_support.cpp
[299.330s] -- Installing: /home/stepan/ws_ros2/install/px4_msgs/include/px4_msgs/px4_msgs/msg/detail/debug_array__type_support.cpp
[299.330s] -- Installing: /home/stepan/ws_ros2/install/px4_msgs/include/px4_msgs/px4_msgs/msg/detail/geofence_result__rosidl_typesupport_introspection_cpp.hpp
[299.330s] -- Installing: /home/stepan/ws_ros2/install/px4_msgs/include/px4_msgs/px4_msgs/msg/detail/vehicle_constraints__type_support.cpp
[299.330s] -- Installing: /home/stepan/ws_ros2/install/px4_msgs/include/px4_msgs/px4_msgs/msg/detail/manual_control_switches__rosidl_typesupport_introspection_cpp.hpp
[299.330s] -- Installing: /home/stepan/ws_ros2/install/px4_msgs/include/px4_msgs/px4_msgs/msg/detail/vehicle_attitude_setpoint__rosidl_typesupport_introspection_cpp.hpp
[299.330s] -- Installing: /home/stepan/ws_ros2/install/px4_msgs/include/px4_msgs/px4_msgs/msg/detail/input_rc__type_support.cpp
[299.330s] -- Installing: /home/stepan/ws_ros2/install/px4_msgs/include/px4_msgs/px4_msgs/msg/detail/ekf2_timestamps__type_support.cpp
[299.330s] -- Installing: /home/stepan/ws_ros2/install/px4_msgs/include/px4_msgs/px4_msgs/msg/detail/mavlink_log__type_support.cpp
[299.330s] -- Installing: /home/stepan/ws_ros2/install/px4_msgs/include/px4_msgs/px4_msgs/msg/detail/gpio_config__type_support.cpp
[299.330s] -- Installing: /home/stepan/ws_ros2/install/px4_msgs/include/px4_msgs/px4_msgs/msg/detail/vehicle_control_mode__rosidl_typesupport_introspection_cpp.hpp
[299.331s] -- Installing: /home/stepan/ws_ros2/install/px4_msgs/include/px4_msgs/px4_msgs/msg/detail/vehicle_magnetometer__type_support.cpp
[299.331s] -- Installing: /home/stepan/ws_ros2/install/px4_msgs/include/px4_msgs/px4_msgs/msg/detail/debug_value__rosidl_typesupport_introspection_cpp.hpp
[299.331s] -- Installing: /home/stepan/ws_ros2/install/px4_msgs/include/px4_msgs/px4_msgs/msg/detail/action_request__type_support.cpp
[299.331s] -- Installing: /home/stepan/ws_ros2/install/px4_msgs/include/px4_msgs/px4_msgs/msg/detail/task_stack_info__type_support.cpp
[299.331s] -- Installing: /home/stepan/ws_ros2/install/px4_msgs/include/px4_msgs/px4_msgs/msg/detail/debug_vect__rosidl_typesupport_introspection_cpp.hpp
[299.331s] -- Installing: /home/stepan/ws_ros2/install/px4_msgs/include/px4_msgs/px4_msgs/msg/detail/wind__type_support.cpp
[299.331s] -- Installing: /home/stepan/ws_ros2/install/px4_msgs/include/px4_msgs/px4_msgs/msg/detail/arming_check_reply__type_support.cpp
[299.331s] -- Installing: /home/stepan/ws_ros2/install/px4_msgs/include/px4_msgs/px4_msgs/msg/detail/gpio_request__type_support.cpp
[299.331s] -- Installing: /home/stepan/ws_ros2/install/px4_msgs/include/px4_msgs/px4_msgs/msg/detail/arming_check_request__type_support.cpp
[299.331s] -- Installing: /home/stepan/ws_ros2/install/px4_msgs/include/px4_msgs/px4_msgs/msg/detail/telemetry_status__rosidl_typesupport_introspection_cpp.hpp
[299.331s] -- Installing: /home/stepan/ws_ros2/install/px4_msgs/include/px4_msgs/px4_msgs/msg/detail/gimbal_controls__rosidl_typesupport_introspection_cpp.hpp
[299.331s] -- Installing: /home/stepan/ws_ros2/install/px4_msgs/include/px4_msgs/px4_msgs/msg/detail/estimator_selector_status__type_support.cpp
[299.332s] -- Installing: /home/stepan/ws_ros2/install/px4_msgs/include/px4_msgs/px4_msgs/msg/detail/rover_rate_status__rosidl_typesupport_introspection_cpp.hpp
[299.332s] -- Installing: /home/stepan/ws_ros2/install/px4_msgs/include/px4_msgs/px4_msgs/msg/detail/esc_report__rosidl_typesupport_introspection_cpp.hpp
[299.332s] -- Installing: /home/stepan/ws_ros2/install/px4_msgs/include/px4_msgs/px4_msgs/msg/detail/orb_test_large__rosidl_typesupport_introspection_cpp.hpp
[299.332s] -- Installing: /home/stepan/ws_ros2/install/px4_msgs/include/px4_msgs/px4_msgs/msg/detail/actuator_servos__type_support.cpp
[299.332s] -- Installing: /home/stepan/ws_ros2/install/px4_msgs/include/px4_msgs/px4_msgs/msg/detail/rover_rate_status__type_support.cpp
[299.332s] -- Installing: /home/stepan/ws_ros2/install/px4_msgs/include/px4_msgs/px4_msgs/msg/detail/dataman_request__type_support.cpp
[299.332s] -- Installing: /home/stepan/ws_ros2/install/px4_msgs/include/px4_msgs/px4_msgs/msg/detail/iridiumsbd_status__rosidl_typesupport_introspection_cpp.hpp
[299.332s] -- Installing: /home/stepan/ws_ros2/install/px4_msgs/include/px4_msgs/px4_msgs/msg/detail/estimator_bias__rosidl_typesupport_introspection_cpp.hpp
[299.332s] -- Installing: /home/stepan/ws_ros2/install/px4_msgs/include/px4_msgs/px4_msgs/msg/detail/parameter_set_value_response__rosidl_typesupport_introspection_cpp.hpp
[299.332s] -- Installing: /home/stepan/ws_ros2/install/px4_msgs/include/px4_msgs/px4_msgs/msg/detail/mission__rosidl_typesupport_introspection_cpp.hpp
[299.332s] -- Installing: /home/stepan/ws_ros2/install/px4_msgs/include/px4_msgs/px4_msgs/msg/detail/sensor_optical_flow__rosidl_typesupport_introspection_cpp.hpp
[299.332s] -- Installing: /home/stepan/ws_ros2/install/px4_msgs/include/px4_msgs/px4_msgs/msg/detail/mavlink_tunnel__type_support.cpp
[299.333s] -- Installing: /home/stepan/ws_ros2/install/px4_msgs/include/px4_msgs/px4_msgs/msg/detail/parameter_reset_request__type_support.cpp
[299.333s] -- Installing: /home/stepan/ws_ros2/install/px4_msgs/include/px4_msgs/px4_msgs/msg/detail/figure_eight_status__rosidl_typesupport_introspection_cpp.hpp
[299.333s] -- Installing: /home/stepan/ws_ros2/install/px4_msgs/include/px4_msgs/px4_msgs/msg/detail/airspeed__rosidl_typesupport_introspection_cpp.hpp
[299.333s] -- Installing: /home/stepan/ws_ros2/install/px4_msgs/include/px4_msgs/px4_msgs/msg/detail/follow_target__type_support.cpp
[299.333s] -- Installing: /home/stepan/ws_ros2/install/px4_msgs/include/px4_msgs/px4_msgs/msg/detail/tecs_status__rosidl_typesupport_introspection_cpp.hpp
[299.333s] -- Installing: /home/stepan/ws_ros2/install/px4_msgs/include/px4_msgs/px4_msgs/msg/detail/satellite_info__type_support.cpp
[299.333s] -- Installing: /home/stepan/ws_ros2/install/px4_msgs/include/px4_msgs/px4_msgs/msg/detail/estimator_status__type_support.cpp
[299.333s] -- Installing: /home/stepan/ws_ros2/install/px4_msgs/include/px4_msgs/px4_msgs/msg/detail/estimator_status_flags__type_support.cpp
[299.333s] -- Installing: /home/stepan/ws_ros2/install/px4_msgs/include/px4_msgs/px4_msgs/msg/detail/vehicle_air_data__type_support.cpp
[299.333s] -- Installing: /home/stepan/ws_ros2/install/px4_msgs/include/px4_msgs/px4_msgs/msg/detail/generator_status__rosidl_typesupport_introspection_cpp.hpp
[299.333s] -- Installing: /home/stepan/ws_ros2/install/px4_msgs/include/px4_msgs/px4_msgs/msg/detail/sensor_gyro_fifo__rosidl_typesupport_introspection_cpp.hpp
[299.334s] -- Installing: /home/stepan/ws_ros2/install/px4_msgs/include/px4_msgs/px4_msgs/msg/detail/gpio_in__rosidl_typesupport_introspection_cpp.hpp
[299.334s] -- Installing: /home/stepan/ws_ros2/install/px4_msgs/include/px4_msgs/px4_msgs/msg/detail/goto_setpoint__type_support.cpp
[299.334s] -- Installing: /home/stepan/ws_ros2/install/px4_msgs/include/px4_msgs/px4_msgs/msg/detail/gps_inject_data__type_support.cpp
[299.334s] -- Installing: /home/stepan/ws_ros2/install/px4_msgs/include/px4_msgs/px4_msgs/msg/detail/rpm__rosidl_typesupport_introspection_cpp.hpp
[299.334s] -- Installing: /home/stepan/ws_ros2/install/px4_msgs/include/px4_msgs/px4_msgs/msg/detail/cellular_status__type_support.cpp
[299.334s] -- Installing: /home/stepan/ws_ros2/install/px4_msgs/include/px4_msgs/px4_msgs/msg/detail/satellite_info__rosidl_typesupport_introspection_cpp.hpp
[299.334s] -- Installing: /home/stepan/ws_ros2/install/px4_msgs/include/px4_msgs/px4_msgs/msg/detail/qshell_req__type_support.cpp
[299.334s] -- Installing: /home/stepan/ws_ros2/install/px4_msgs/include/px4_msgs/px4_msgs/msg/detail/heater_status__type_support.cpp
[299.334s] -- Installing: /home/stepan/ws_ros2/install/px4_msgs/include/px4_msgs/px4_msgs/msg/detail/action_request__rosidl_typesupport_introspection_cpp.hpp
[299.334s] -- Installing: /home/stepan/ws_ros2/install/px4_msgs/include/px4_msgs/px4_msgs/msg/detail/rover_velocity_status__type_support.cpp
[299.334s] -- Installing: /home/stepan/ws_ros2/install/px4_msgs/include/px4_msgs/px4_msgs/msg/detail/vehicle_roi__type_support.cpp
[299.334s] -- Installing: /home/stepan/ws_ros2/install/px4_msgs/include/px4_msgs/px4_msgs/msg/detail/ulog_stream_ack__rosidl_typesupport_introspection_cpp.hpp
[299.334s] -- Installing: /home/stepan/ws_ros2/install/px4_msgs/include/px4_msgs/px4_msgs/msg/detail/estimator_sensor_bias__rosidl_typesupport_introspection_cpp.hpp
[299.335s] -- Installing: /home/stepan/ws_ros2/install/px4_msgs/include/px4_msgs/px4_msgs/msg/detail/trajectory_setpoint6dof__type_support.cpp
[299.335s] -- Installing: /home/stepan/ws_ros2/install/px4_msgs/include/px4_msgs/px4_msgs/msg/detail/gimbal_manager_set_manual_control__rosidl_typesupport_introspection_cpp.hpp
[299.335s] -- Installing: /home/stepan/ws_ros2/install/px4_msgs/include/px4_msgs/px4_msgs/msg/detail/led_control__type_support.cpp
[299.335s] -- Installing: /home/stepan/ws_ros2/install/px4_msgs/include/px4_msgs/px4_msgs/msg/detail/yaw_estimator_status__type_support.cpp
[299.335s] -- Installing: /home/stepan/ws_ros2/install/px4_msgs/include/px4_msgs/px4_msgs/msg/detail/sensor_mag__rosidl_typesupport_introspection_cpp.hpp
[299.335s] -- Installing: /home/stepan/ws_ros2/install/px4_msgs/include/px4_msgs/px4_msgs/msg/detail/timesync_status__type_support.cpp
[299.335s] -- Installing: /home/stepan/ws_ros2/install/px4_msgs/include/px4_msgs/px4_msgs/msg/detail/geofence_status__rosidl_typesupport_introspection_cpp.hpp
[299.335s] -- Installing: /home/stepan/ws_ros2/install/px4_msgs/include/px4_msgs/px4_msgs/msg/detail/gps_dump__type_support.cpp
[299.335s] -- Installing: /home/stepan/ws_ros2/install/px4_msgs/include/px4_msgs/px4_msgs/msg/detail/sensor_gyro__type_support.cpp
[299.335s] -- Installing: /home/stepan/ws_ros2/install/px4_msgs/include/px4_msgs/px4_msgs/msg/detail/esc_report__type_support.cpp
[299.335s] -- Installing: /home/stepan/ws_ros2/install/px4_msgs/include/px4_msgs/px4_msgs/msg/detail/differential_pressure__rosidl_typesupport_introspection_cpp.hpp
[299.335s] -- Installing: /home/stepan/ws_ros2/install/px4_msgs/include/px4_msgs/px4_msgs/msg/detail/sensor_correction__rosidl_typesupport_introspection_cpp.hpp
[299.336s] -- Installing: /home/stepan/ws_ros2/install/px4_msgs/include/px4_msgs/px4_msgs/msg/detail/vehicle_odometry__rosidl_typesupport_introspection_cpp.hpp
[299.336s] -- Installing: /home/stepan/ws_ros2/install/px4_msgs/include/px4_msgs/px4_msgs/msg/detail/vehicle_imu__rosidl_typesupport_introspection_cpp.hpp
[299.336s] -- Installing: /home/stepan/ws_ros2/install/px4_msgs/include/px4_msgs/px4_msgs/msg/detail/autotune_attitude_control_status__type_support.cpp
[299.336s] -- Installing: /home/stepan/ws_ros2/install/px4_msgs/include/px4_msgs/px4_msgs/msg/detail/debug_key_value__type_support.cpp
[299.336s] -- Installing: /home/stepan/ws_ros2/install/px4_msgs/include/px4_msgs/px4_msgs/msg/detail/pps_capture__rosidl_typesupport_introspection_cpp.hpp
[299.336s] -- Installing: /home/stepan/ws_ros2/install/px4_msgs/include/px4_msgs/px4_msgs/msg/detail/distance_sensor__type_support.cpp
[299.336s] -- Installing: /home/stepan/ws_ros2/install/px4_msgs/include/px4_msgs/px4_msgs/msg/detail/sensor_baro__type_support.cpp
[299.336s] -- Installing: /home/stepan/ws_ros2/install/px4_msgs/include/px4_msgs/px4_msgs/msg/detail/position_controller_status__rosidl_typesupport_introspection_cpp.hpp
[299.336s] -- Installing: /home/stepan/ws_ros2/install/px4_msgs/include/px4_msgs/px4_msgs/msg/detail/register_ext_component_reply__rosidl_typesupport_introspection_cpp.hpp
[299.336s] -- Installing: /home/stepan/ws_ros2/install/px4_msgs/include/px4_msgs/px4_msgs/msg/detail/estimator_gps_status__type_support.cpp
[299.336s] -- Installing: /home/stepan/ws_ros2/install/px4_msgs/include/px4_msgs/px4_msgs/msg/detail/vehicle_land_detected__rosidl_typesupport_introspection_cpp.hpp
[299.336s] -- Installing: /home/stepan/ws_ros2/install/px4_msgs/include/px4_msgs/px4_msgs/msg/detail/pure_pursuit_status__rosidl_typesupport_introspection_cpp.hpp
[299.337s] -- Installing: /home/stepan/ws_ros2/install/px4_msgs/include/px4_msgs/px4_msgs/msg/detail/home_position__rosidl_typesupport_introspection_cpp.hpp
[299.337s] -- Installing: /home/stepan/ws_ros2/install/px4_msgs/include/px4_msgs/px4_msgs/msg/detail/landing_target_innovations__rosidl_typesupport_introspection_cpp.hpp
[299.337s] -- Installing: /home/stepan/ws_ros2/install/px4_msgs/include/px4_msgs/px4_msgs/msg/detail/sensor_preflight_mag__rosidl_typesupport_introspection_cpp.hpp
[299.337s] -- Installing: /home/stepan/ws_ros2/install/px4_msgs/include/px4_msgs/px4_msgs/msg/detail/system_power__type_support.cpp
[299.337s] -- Installing: /home/stepan/ws_ros2/install/px4_msgs/include/px4_msgs/px4_msgs/msg/detail/hover_thrust_estimate__type_support.cpp
[299.337s] -- Installing: /home/stepan/ws_ros2/install/px4_msgs/include/px4_msgs/px4_msgs/msg/detail/rover_attitude_status__type_support.cpp
[299.337s] -- Up-to-date: /home/stepan/ws_ros2/install/px4_msgs/include/px4_msgs/px4_msgs/srv
[299.337s] -- Up-to-date: /home/stepan/ws_ros2/install/px4_msgs/include/px4_msgs/px4_msgs/srv/detail
[299.337s] -- Installing: /home/stepan/ws_ros2/install/px4_msgs/include/px4_msgs/px4_msgs/srv/detail/vehicle_command__type_support.cpp
[299.337s] -- Installing: /home/stepan/ws_ros2/install/px4_msgs/include/px4_msgs/px4_msgs/srv/detail/vehicle_command__rosidl_typesupport_introspection_cpp.hpp
[299.338s] -- Installing: /home/stepan/ws_ros2/install/px4_msgs/lib/libpx4_msgs__rosidl_typesupport_introspection_cpp.so
[299.339s] -- Set runtime path of "/home/stepan/ws_ros2/install/px4_msgs/lib/libpx4_msgs__rosidl_typesupport_introspection_cpp.so" to ""
[299.339s] -- Installing: /home/stepan/ws_ros2/install/px4_msgs/lib/libpx4_msgs__rosidl_typesupport_cpp.so
[299.340s] -- Set runtime path of "/home/stepan/ws_ros2/install/px4_msgs/lib/libpx4_msgs__rosidl_typesupport_cpp.so" to ""
[299.341s] -- Installing: /home/stepan/ws_ros2/install/px4_msgs/share/px4_msgs/environment/pythonpath.sh
[299.341s] -- Installing: /home/stepan/ws_ros2/install/px4_msgs/share/px4_msgs/environment/pythonpath.dsv
[299.341s] -- Installing: /home/stepan/ws_ros2/install/px4_msgs/local/lib/python3.10/dist-packages/px4_msgs-2.0.1-py3.10.egg-info
[299.341s] -- Installing: /home/stepan/ws_ros2/install/px4_msgs/local/lib/python3.10/dist-packages/px4_msgs-2.0.1-py3.10.egg-info/top_level.txt
[299.341s] -- Installing: /home/stepan/ws_ros2/install/px4_msgs/local/lib/python3.10/dist-packages/px4_msgs-2.0.1-py3.10.egg-info/PKG-INFO
[299.342s] -- Installing: /home/stepan/ws_ros2/install/px4_msgs/local/lib/python3.10/dist-packages/px4_msgs-2.0.1-py3.10.egg-info/dependency_links.txt
[299.342s] -- Installing: /home/stepan/ws_ros2/install/px4_msgs/local/lib/python3.10/dist-packages/px4_msgs-2.0.1-py3.10.egg-info/SOURCES.txt
[299.342s] -- Installing: /home/stepan/ws_ros2/install/px4_msgs/local/lib/python3.10/dist-packages/px4_msgs
[299.342s] -- Installing: /home/stepan/ws_ros2/install/px4_msgs/local/lib/python3.10/dist-packages/px4_msgs/_px4_msgs_s.ep.rosidl_typesupport_c.c
[299.343s] -- Installing: /home/stepan/ws_ros2/install/px4_msgs/local/lib/python3.10/dist-packages/px4_msgs/_px4_msgs_s.ep.rosidl_typesupport_introspection_c.c
[299.344s] -- Installing: /home/stepan/ws_ros2/install/px4_msgs/local/lib/python3.10/dist-packages/px4_msgs/px4_msgs_s__rosidl_typesupport_fastrtps_c.cpython-310-x86_64-linux-gnu.so
[299.344s] -- Installing: /home/stepan/ws_ros2/install/px4_msgs/local/lib/python3.10/dist-packages/px4_msgs/__init__.py
[299.344s] -- Installing: /home/stepan/ws_ros2/install/px4_msgs/local/lib/python3.10/dist-packages/px4_msgs/msg
[299.344s] -- Installing: /home/stepan/ws_ros2/install/px4_msgs/local/lib/python3.10/dist-packages/px4_msgs/msg/_logger_status.py
[299.345s] -- Installing: /home/stepan/ws_ros2/install/px4_msgs/local/lib/python3.10/dist-packages/px4_msgs/msg/_internal_combustion_engine_control.py
[299.345s] -- Installing: /home/stepan/ws_ros2/install/px4_msgs/local/lib/python3.10/dist-packages/px4_msgs/msg/_differential_pressure.py
[299.345s] -- Installing: /home/stepan/ws_ros2/install/px4_msgs/local/lib/python3.10/dist-packages/px4_msgs/msg/_vehicle_command.py
[299.345s] -- Installing: /home/stepan/ws_ros2/install/px4_msgs/local/lib/python3.10/dist-packages/px4_msgs/msg/_system_power.py
[299.345s] -- Installing: /home/stepan/ws_ros2/install/px4_msgs/local/lib/python3.10/dist-packages/px4_msgs/msg/_vehicle_magnetometer_s.c
[299.345s] -- Installing: /home/stepan/ws_ros2/install/px4_msgs/local/lib/python3.10/dist-packages/px4_msgs/msg/_landing_gear.py
[299.345s] -- Installing: /home/stepan/ws_ros2/install/px4_msgs/local/lib/python3.10/dist-packages/px4_msgs/msg/_sensor_optical_flow_s.c
[299.345s] -- Installing: /home/stepan/ws_ros2/install/px4_msgs/local/lib/python3.10/dist-packages/px4_msgs/msg/_sensor_hygrometer_s.c
[299.345s] -- Installing: /home/stepan/ws_ros2/install/px4_msgs/local/lib/python3.10/dist-packages/px4_msgs/msg/_rc_channels.py
[299.345s] -- Installing: /home/stepan/ws_ros2/install/px4_msgs/local/lib/python3.10/dist-packages/px4_msgs/msg/_rc_channels_s.c
[299.345s] -- Installing: /home/stepan/ws_ros2/install/px4_msgs/local/lib/python3.10/dist-packages/px4_msgs/msg/_estimator_gps_status.py
[299.346s] -- Installing: /home/stepan/ws_ros2/install/px4_msgs/local/lib/python3.10/dist-packages/px4_msgs/msg/_telemetry_status.py
[299.346s] -- Installing: /home/stepan/ws_ros2/install/px4_msgs/local/lib/python3.10/dist-packages/px4_msgs/msg/_gimbal_device_attitude_status_s.c
[299.346s] -- Installing: /home/stepan/ws_ros2/install/px4_msgs/local/lib/python3.10/dist-packages/px4_msgs/msg/_rover_steering_setpoint_s.c
[299.346s] -- Installing: /home/stepan/ws_ros2/install/px4_msgs/local/lib/python3.10/dist-packages/px4_msgs/msg/_collision_constraints.py
[299.346s] -- Installing: /home/stepan/ws_ros2/install/px4_msgs/local/lib/python3.10/dist-packages/px4_msgs/msg/_open_drone_id_system.py
[299.346s] -- Installing: /home/stepan/ws_ros2/install/px4_msgs/local/lib/python3.10/dist-packages/px4_msgs/msg/_ackermann_velocity_setpoint.py
[299.346s] -- Installing: /home/stepan/ws_ros2/install/px4_msgs/local/lib/python3.10/dist-packages/px4_msgs/msg/_vehicle_attitude_setpoint.py
[299.346s] -- Installing: /home/stepan/ws_ros2/install/px4_msgs/local/lib/python3.10/dist-packages/px4_msgs/msg/_flight_phase_estimation.py
[299.346s] -- Installing: /home/stepan/ws_ros2/install/px4_msgs/local/lib/python3.10/dist-packages/px4_msgs/msg/_rover_attitude_setpoint_s.c
[299.346s] -- Installing: /home/stepan/ws_ros2/install/px4_msgs/local/lib/python3.10/dist-packages/px4_msgs/msg/_vehicle_roi.py
[299.346s] -- Installing: /home/stepan/ws_ros2/install/px4_msgs/local/lib/python3.10/dist-packages/px4_msgs/msg/_sensor_gyro_fft.py
[299.346s] -- Installing: /home/stepan/ws_ros2/install/px4_msgs/local/lib/python3.10/dist-packages/px4_msgs/msg/_rpm.py
[299.347s] -- Installing: /home/stepan/ws_ros2/install/px4_msgs/local/lib/python3.10/dist-packages/px4_msgs/msg/_vehicle_attitude_setpoint_s.c
[299.347s] -- Installing: /home/stepan/ws_ros2/install/px4_msgs/local/lib/python3.10/dist-packages/px4_msgs/msg/_vehicle_constraints_s.c
[299.347s] -- Installing: /home/stepan/ws_ros2/install/px4_msgs/local/lib/python3.10/dist-packages/px4_msgs/msg/_event_s.c
[299.347s] -- Installing: /home/stepan/ws_ros2/install/px4_msgs/local/lib/python3.10/dist-packages/px4_msgs/msg/_landing_target_innovations_s.c
[299.347s] -- Installing: /home/stepan/ws_ros2/install/px4_msgs/local/lib/python3.10/dist-packages/px4_msgs/msg/_pure_pursuit_status_s.c
[299.347s] -- Installing: /home/stepan/ws_ros2/install/px4_msgs/local/lib/python3.10/dist-packages/px4_msgs/msg/_debug_array.py
[299.347s] -- Installing: /home/stepan/ws_ros2/install/px4_msgs/local/lib/python3.10/dist-packages/px4_msgs/msg/_actuator_armed_s.c
[299.347s] -- Installing: /home/stepan/ws_ros2/install/px4_msgs/local/lib/python3.10/dist-packages/px4_msgs/msg/_ulog_stream_ack.py
[299.347s] -- Installing: /home/stepan/ws_ros2/install/px4_msgs/local/lib/python3.10/dist-packages/px4_msgs/msg/_gimbal_controls_s.c
[299.347s] -- Installing: /home/stepan/ws_ros2/install/px4_msgs/local/lib/python3.10/dist-packages/px4_msgs/msg/_vehicle_status.py
[299.347s] -- Installing: /home/stepan/ws_ros2/install/px4_msgs/local/lib/python3.10/dist-packages/px4_msgs/msg/_actuator_controls_status.py
[299.348s] -- Installing: /home/stepan/ws_ros2/install/px4_msgs/local/lib/python3.10/dist-packages/px4_msgs/msg/_estimator_status_flags_s.c
[299.348s] -- Installing: /home/stepan/ws_ros2/install/px4_msgs/local/lib/python3.10/dist-packages/px4_msgs/msg/_mission_result_s.c
[299.348s] -- Installing: /home/stepan/ws_ros2/install/px4_msgs/local/lib/python3.10/dist-packages/px4_msgs/msg/_vehicle_torque_setpoint_s.c
[299.348s] -- Installing: /home/stepan/ws_ros2/install/px4_msgs/local/lib/python3.10/dist-packages/px4_msgs/msg/_airspeed_wind_s.c
[299.348s] -- Installing: /home/stepan/ws_ros2/install/px4_msgs/local/lib/python3.10/dist-packages/px4_msgs/msg/_message_format_request_s.c
[299.348s] -- Installing: /home/stepan/ws_ros2/install/px4_msgs/local/lib/python3.10/dist-packages/px4_msgs/msg/_mount_orientation_s.c
[299.348s] -- Installing: /home/stepan/ws_ros2/install/px4_msgs/local/lib/python3.10/dist-packages/px4_msgs/msg/_gimbal_device_set_attitude.py
[299.348s] -- Installing: /home/stepan/ws_ros2/install/px4_msgs/local/lib/python3.10/dist-packages/px4_msgs/msg/_vehicle_thrust_setpoint_s.c
[299.348s] -- Installing: /home/stepan/ws_ros2/install/px4_msgs/local/lib/python3.10/dist-packages/px4_msgs/msg/_sensor_selection_s.c
[299.348s] -- Installing: /home/stepan/ws_ros2/install/px4_msgs/local/lib/python3.10/dist-packages/px4_msgs/msg/_magnetometer_bias_estimate_s.c
[299.348s] -- Installing: /home/stepan/ws_ros2/install/px4_msgs/local/lib/python3.10/dist-packages/px4_msgs/msg/_position_controller_status_s.c
[299.348s] -- Installing: /home/stepan/ws_ros2/install/px4_msgs/local/lib/python3.10/dist-packages/px4_msgs/msg/_estimator_bias.py
[299.349s] -- Installing: /home/stepan/ws_ros2/install/px4_msgs/local/lib/python3.10/dist-packages/px4_msgs/msg/_cpuload.py
[299.349s] -- Installing: /home/stepan/ws_ros2/install/px4_msgs/local/lib/python3.10/dist-packages/px4_msgs/msg/_gimbal_manager_status_s.c
[299.349s] -- Installing: /home/stepan/ws_ros2/install/px4_msgs/local/lib/python3.10/dist-packages/px4_msgs/msg/_sensor_uwb.py
[299.349s] -- Installing: /home/stepan/ws_ros2/install/px4_msgs/local/lib/python3.10/dist-packages/px4_msgs/msg/_sensor_gps_s.c
[299.349s] -- Installing: /home/stepan/ws_ros2/install/px4_msgs/local/lib/python3.10/dist-packages/px4_msgs/msg/_control_allocator_status.py
[299.349s] -- Installing: /home/stepan/ws_ros2/install/px4_msgs/local/lib/python3.10/dist-packages/px4_msgs/msg/_camera_status_s.c
[299.349s] -- Installing: /home/stepan/ws_ros2/install/px4_msgs/local/lib/python3.10/dist-packages/px4_msgs/msg/_gpio_request_s.c
[299.349s] -- Installing: /home/stepan/ws_ros2/install/px4_msgs/local/lib/python3.10/dist-packages/px4_msgs/msg/_qshell_req.py
[299.349s] -- Installing: /home/stepan/ws_ros2/install/px4_msgs/local/lib/python3.10/dist-packages/px4_msgs/msg/_mission.py
[299.349s] -- Installing: /home/stepan/ws_ros2/install/px4_msgs/local/lib/python3.10/dist-packages/px4_msgs/msg/_ulog_stream_s.c
[299.349s] -- Installing: /home/stepan/ws_ros2/install/px4_msgs/local/lib/python3.10/dist-packages/px4_msgs/msg/_landing_gear_wheel.py
[299.349s] -- Installing: /home/stepan/ws_ros2/install/px4_msgs/local/lib/python3.10/dist-packages/px4_msgs/msg/_sensor_correction.py
[299.350s] -- Installing: /home/stepan/ws_ros2/install/px4_msgs/local/lib/python3.10/dist-packages/px4_msgs/msg/_sensor_hygrometer.py
[299.350s] -- Installing: /home/stepan/ws_ros2/install/px4_msgs/local/lib/python3.10/dist-packages/px4_msgs/msg/_pps_capture_s.c
[299.350s] -- Installing: /home/stepan/ws_ros2/install/px4_msgs/local/lib/python3.10/dist-packages/px4_msgs/msg/_px4io_status_s.c
[299.350s] -- Installing: /home/stepan/ws_ros2/install/px4_msgs/local/lib/python3.10/dist-packages/px4_msgs/msg/_sensor_gnss_relative_s.c
[299.350s] -- Installing: /home/stepan/ws_ros2/install/px4_msgs/local/lib/python3.10/dist-packages/px4_msgs/msg/_npfg_status.py
[299.350s] -- Installing: /home/stepan/ws_ros2/install/px4_msgs/local/lib/python3.10/dist-packages/px4_msgs/msg/_geofence_result.py
[299.350s] -- Installing: /home/stepan/ws_ros2/install/px4_msgs/local/lib/python3.10/dist-packages/px4_msgs/msg/_trajectory_setpoint.py
[299.350s] -- Installing: /home/stepan/ws_ros2/install/px4_msgs/local/lib/python3.10/dist-packages/px4_msgs/msg/_landing_target_pose_s.c
[299.350s] -- Installing: /home/stepan/ws_ros2/install/px4_msgs/local/lib/python3.10/dist-packages/px4_msgs/msg/_sensor_preflight_mag.py
[299.350s] -- Installing: /home/stepan/ws_ros2/install/px4_msgs/local/lib/python3.10/dist-packages/px4_msgs/msg/_adc_report.py
[299.350s] -- Installing: /home/stepan/ws_ros2/install/px4_msgs/local/lib/python3.10/dist-packages/px4_msgs/msg/_mag_worker_data_s.c
[299.351s] -- Installing: /home/stepan/ws_ros2/install/px4_msgs/local/lib/python3.10/dist-packages/px4_msgs/msg/_timesync_status_s.c
[299.351s] -- Installing: /home/stepan/ws_ros2/install/px4_msgs/local/lib/python3.10/dist-packages/px4_msgs/msg/_manual_control_switches.py
[299.351s] -- Installing: /home/stepan/ws_ros2/install/px4_msgs/local/lib/python3.10/dist-packages/px4_msgs/msg/_debug_key_value_s.c
[299.351s] -- Installing: /home/stepan/ws_ros2/install/px4_msgs/local/lib/python3.10/dist-packages/px4_msgs/msg/_follow_target_estimator.py
[299.351s] -- Installing: /home/stepan/ws_ros2/install/px4_msgs/local/lib/python3.10/dist-packages/px4_msgs/msg/_vehicle_torque_setpoint.py
[299.351s] -- Installing: /home/stepan/ws_ros2/install/px4_msgs/local/lib/python3.10/dist-packages/px4_msgs/msg/_config_overrides.py
[299.351s] -- Installing: /home/stepan/ws_ros2/install/px4_msgs/local/lib/python3.10/dist-packages/px4_msgs/msg/_obstacle_distance.py
[299.351s] -- Installing: /home/stepan/ws_ros2/install/px4_msgs/local/lib/python3.10/dist-packages/px4_msgs/msg/_vehicle_status_s.c
[299.351s] -- Installing: /home/stepan/ws_ros2/install/px4_msgs/local/lib/python3.10/dist-packages/px4_msgs/msg/_hover_thrust_estimate_s.c
[299.351s] -- Installing: /home/stepan/ws_ros2/install/px4_msgs/local/lib/python3.10/dist-packages/px4_msgs/msg/_rate_ctrl_status.py
[299.351s] -- Installing: /home/stepan/ws_ros2/install/px4_msgs/local/lib/python3.10/dist-packages/px4_msgs/msg/_gpio_config_s.c
[299.352s] -- Installing: /home/stepan/ws_ros2/install/px4_msgs/local/lib/python3.10/dist-packages/px4_msgs/msg/_arming_check_request.py
[299.352s] -- Installing: /home/stepan/ws_ros2/install/px4_msgs/local/lib/python3.10/dist-packages/px4_msgs/msg/_camera_trigger_s.c
[299.352s] -- Installing: /home/stepan/ws_ros2/install/px4_msgs/local/lib/python3.10/dist-packages/px4_msgs/msg/_camera_status.py
[299.352s] -- Installing: /home/stepan/ws_ros2/install/px4_msgs/local/lib/python3.10/dist-packages/px4_msgs/msg/_satellite_info.py
[299.352s] -- Installing: /home/stepan/ws_ros2/install/px4_msgs/local/lib/python3.10/dist-packages/px4_msgs/msg/_pure_pursuit_status.py
[299.352s] -- Installing: /home/stepan/ws_ros2/install/px4_msgs/local/lib/python3.10/dist-packages/px4_msgs/msg/_airspeed_s.c
[299.352s] -- Installing: /home/stepan/ws_ros2/install/px4_msgs/local/lib/python3.10/dist-packages/px4_msgs/msg/_button_event.py
[299.352s] -- Installing: /home/stepan/ws_ros2/install/px4_msgs/local/lib/python3.10/dist-packages/px4_msgs/msg/_rover_rate_setpoint.py
[299.352s] -- Installing: /home/stepan/ws_ros2/install/px4_msgs/local/lib/python3.10/dist-packages/px4_msgs/msg/_power_monitor_s.c
[299.352s] -- Installing: /home/stepan/ws_ros2/install/px4_msgs/local/lib/python3.10/dist-packages/px4_msgs/msg/_actuator_outputs_s.c
[299.352s] -- Installing: /home/stepan/ws_ros2/install/px4_msgs/local/lib/python3.10/dist-packages/px4_msgs/msg/_sensor_preflight_mag_s.c
[299.352s] -- Installing: /home/stepan/ws_ros2/install/px4_msgs/local/lib/python3.10/dist-packages/px4_msgs/msg/_navigator_status_s.c
[299.353s] -- Installing: /home/stepan/ws_ros2/install/px4_msgs/local/lib/python3.10/dist-packages/px4_msgs/msg/_dataman_response_s.c
[299.353s] -- Installing: /home/stepan/ws_ros2/install/px4_msgs/local/lib/python3.10/dist-packages/px4_msgs/msg/_position_setpoint_triplet_s.c
[299.353s] -- Installing: /home/stepan/ws_ros2/install/px4_msgs/local/lib/python3.10/dist-packages/px4_msgs/msg/_sensor_gyro_s.c
[299.353s] -- Installing: /home/stepan/ws_ros2/install/px4_msgs/local/lib/python3.10/dist-packages/px4_msgs/msg/_parameter_set_used_request.py
[299.353s] -- Installing: /home/stepan/ws_ros2/install/px4_msgs/local/lib/python3.10/dist-packages/px4_msgs/msg/_parameter_reset_request_s.c
[299.353s] -- Installing: /home/stepan/ws_ros2/install/px4_msgs/local/lib/python3.10/dist-packages/px4_msgs/msg/_actuator_servos_trim_s.c
[299.353s] -- Installing: /home/stepan/ws_ros2/install/px4_msgs/local/lib/python3.10/dist-packages/px4_msgs/msg/_cellular_status.py
[299.353s] -- Installing: /home/stepan/ws_ros2/install/px4_msgs/local/lib/python3.10/dist-packages/px4_msgs/msg/_task_stack_info_s.c
[299.353s] -- Installing: /home/stepan/ws_ros2/install/px4_msgs/local/lib/python3.10/dist-packages/px4_msgs/msg/_position_setpoint_s.c
[299.353s] -- Installing: /home/stepan/ws_ros2/install/px4_msgs/local/lib/python3.10/dist-packages/px4_msgs/msg/_follow_target.py
[299.353s] -- Installing: /home/stepan/ws_ros2/install/px4_msgs/local/lib/python3.10/dist-packages/px4_msgs/msg/_transponder_report.py
[299.354s] -- Installing: /home/stepan/ws_ros2/install/px4_msgs/local/lib/python3.10/dist-packages/px4_msgs/msg/_takeoff_status_s.c
[299.354s] -- Installing: /home/stepan/ws_ros2/install/px4_msgs/local/lib/python3.10/dist-packages/px4_msgs/msg/_vehicle_global_position_s.c
[299.354s] -- Installing: /home/stepan/ws_ros2/install/px4_msgs/local/lib/python3.10/dist-packages/px4_msgs/msg/_vehicle_air_data_s.c
[299.354s] -- Installing: /home/stepan/ws_ros2/install/px4_msgs/local/lib/python3.10/dist-packages/px4_msgs/msg/_mavlink_log_s.c
[299.354s] -- Installing: /home/stepan/ws_ros2/install/px4_msgs/local/lib/python3.10/dist-packages/px4_msgs/msg/_arming_check_reply_s.c
[299.354s] -- Installing: /home/stepan/ws_ros2/install/px4_msgs/local/lib/python3.10/dist-packages/px4_msgs/msg/_manual_control_switches_s.c
[299.354s] -- Installing: /home/stepan/ws_ros2/install/px4_msgs/local/lib/python3.10/dist-packages/px4_msgs/msg/_geofence_status_s.c
[299.354s] -- Installing: /home/stepan/ws_ros2/install/px4_msgs/local/lib/python3.10/dist-packages/px4_msgs/msg/_led_control.py
[299.354s] -- Installing: /home/stepan/ws_ros2/install/px4_msgs/local/lib/python3.10/dist-packages/px4_msgs/msg/_vehicle_acceleration.py
[299.354s] -- Installing: /home/stepan/ws_ros2/install/px4_msgs/local/lib/python3.10/dist-packages/px4_msgs/msg/_rover_attitude_setpoint.py
[299.354s] -- Installing: /home/stepan/ws_ros2/install/px4_msgs/local/lib/python3.10/dist-packages/px4_msgs/msg/_gimbal_manager_status.py
[299.355s] -- Installing: /home/stepan/ws_ros2/install/px4_msgs/local/lib/python3.10/dist-packages/px4_msgs/msg/_sensor_gnss_relative.py
[299.355s] -- Installing: /home/stepan/ws_ros2/install/px4_msgs/local/lib/python3.10/dist-packages/px4_msgs/msg/_airspeed_validated_s.c
[299.355s] -- Installing: /home/stepan/ws_ros2/install/px4_msgs/local/lib/python3.10/dist-packages/px4_msgs/msg/_debug_vect.py
[299.355s] -- Installing: /home/stepan/ws_ros2/install/px4_msgs/local/lib/python3.10/dist-packages/px4_msgs/msg/_sensor_optical_flow.py
[299.355s] -- Installing: /home/stepan/ws_ros2/install/px4_msgs/local/lib/python3.10/dist-packages/px4_msgs/msg/_esc_report.py
[299.355s] -- Installing: /home/stepan/ws_ros2/install/px4_msgs/local/lib/python3.10/dist-packages/px4_msgs/msg/_actuator_outputs.py
[299.355s] -- Installing: /home/stepan/ws_ros2/install/px4_msgs/local/lib/python3.10/dist-packages/px4_msgs/msg/_actuator_test_s.c
[299.355s] -- Installing: /home/stepan/ws_ros2/install/px4_msgs/local/lib/python3.10/dist-packages/px4_msgs/msg/_sensor_baro_s.c
[299.355s] -- Installing: /home/stepan/ws_ros2/install/px4_msgs/local/lib/python3.10/dist-packages/px4_msgs/msg/_tune_control_s.c
[299.355s] -- Installing: /home/stepan/ws_ros2/install/px4_msgs/local/lib/python3.10/dist-packages/px4_msgs/msg/_normalized_unsigned_setpoint.py
[299.355s] -- Installing: /home/stepan/ws_ros2/install/px4_msgs/local/lib/python3.10/dist-packages/px4_msgs/msg/_mavlink_tunnel_s.c
[299.356s] -- Installing: /home/stepan/ws_ros2/install/px4_msgs/local/lib/python3.10/dist-packages/px4_msgs/msg/_adc_report_s.c
[299.356s] -- Installing: /home/stepan/ws_ros2/install/px4_msgs/local/lib/python3.10/dist-packages/px4_msgs/msg/_estimator_bias3d.py
[299.356s] -- Installing: /home/stepan/ws_ros2/install/px4_msgs/local/lib/python3.10/dist-packages/px4_msgs/msg/_parameter_update.py
[299.356s] -- Installing: /home/stepan/ws_ros2/install/px4_msgs/local/lib/python3.10/dist-packages/px4_msgs/msg/_position_controller_landing_status_s.c
[299.356s] -- Installing: /home/stepan/ws_ros2/install/px4_msgs/local/lib/python3.10/dist-packages/px4_msgs/msg/_wind.py
[299.356s] -- Installing: /home/stepan/ws_ros2/install/px4_msgs/local/lib/python3.10/dist-packages/px4_msgs/msg/_input_rc_s.c
[299.356s] -- Installing: /home/stepan/ws_ros2/install/px4_msgs/local/lib/python3.10/dist-packages/px4_msgs/msg/_uavcan_parameter_request_s.c
[299.356s] -- Installing: /home/stepan/ws_ros2/install/px4_msgs/local/lib/python3.10/dist-packages/px4_msgs/msg/_velocity_limits_s.c
[299.356s] -- Installing: /home/stepan/ws_ros2/install/px4_msgs/local/lib/python3.10/dist-packages/px4_msgs/msg/_gpio_request.py
[299.356s] -- Installing: /home/stepan/ws_ros2/install/px4_msgs/local/lib/python3.10/dist-packages/px4_msgs/msg/__init__.py
[299.356s] -- Installing: /home/stepan/ws_ros2/install/px4_msgs/local/lib/python3.10/dist-packages/px4_msgs/msg/_orb_test_medium.py
[299.357s] -- Installing: /home/stepan/ws_ros2/install/px4_msgs/local/lib/python3.10/dist-packages/px4_msgs/msg/_power_button_state_s.c
[299.357s] -- Installing: /home/stepan/ws_ros2/install/px4_msgs/local/lib/python3.10/dist-packages/px4_msgs/msg/_sensor_gyro_fft_s.c
[299.357s] -- Installing: /home/stepan/ws_ros2/install/px4_msgs/local/lib/python3.10/dist-packages/px4_msgs/msg/_gps_dump.py
[299.357s] -- Installing: /home/stepan/ws_ros2/install/px4_msgs/local/lib/python3.10/dist-packages/px4_msgs/msg/_landing_gear_s.c
[299.357s] -- Installing: /home/stepan/ws_ros2/install/px4_msgs/local/lib/python3.10/dist-packages/px4_msgs/msg/_led_control_s.c
[299.357s] -- Installing: /home/stepan/ws_ros2/install/px4_msgs/local/lib/python3.10/dist-packages/px4_msgs/msg/_airspeed_validated.py
[299.357s] -- Installing: /home/stepan/ws_ros2/install/px4_msgs/local/lib/python3.10/dist-packages/px4_msgs/msg/_gripper_s.c
[299.357s] -- Installing: /home/stepan/ws_ros2/install/px4_msgs/local/lib/python3.10/dist-packages/px4_msgs/msg/_estimator_status_flags.py
[299.357s] -- Installing: /home/stepan/ws_ros2/install/px4_msgs/local/lib/python3.10/dist-packages/px4_msgs/msg/_unregister_ext_component.py
[299.357s] -- Installing: /home/stepan/ws_ros2/install/px4_msgs/local/lib/python3.10/dist-packages/px4_msgs/msg/_vehicle_odometry_s.c
[299.357s] -- Installing: /home/stepan/ws_ros2/install/px4_msgs/local/lib/python3.10/dist-packages/px4_msgs/msg/_sensor_mag_s.c
[299.358s] -- Installing: /home/stepan/ws_ros2/install/px4_msgs/local/lib/python3.10/dist-packages/px4_msgs/msg/_parameter_update_s.c
[299.358s] -- Installing: /home/stepan/ws_ros2/install/px4_msgs/local/lib/python3.10/dist-packages/px4_msgs/msg/_sensors_status_imu_s.c
[299.358s] -- Installing: /home/stepan/ws_ros2/install/px4_msgs/local/lib/python3.10/dist-packages/px4_msgs/msg/_rtl_time_estimate.py
[299.358s] -- Installing: /home/stepan/ws_ros2/install/px4_msgs/local/lib/python3.10/dist-packages/px4_msgs/msg/_estimator_event_flags.py
[299.358s] -- Installing: /home/stepan/ws_ros2/install/px4_msgs/local/lib/python3.10/dist-packages/px4_msgs/msg/_satellite_info_s.c
[299.358s] -- Installing: /home/stepan/ws_ros2/install/px4_msgs/local/lib/python3.10/dist-packages/px4_msgs/msg/_irlock_report.py
[299.358s] -- Installing: /home/stepan/ws_ros2/install/px4_msgs/local/lib/python3.10/dist-packages/px4_msgs/msg/_log_message_s.c
[299.358s] -- Installing: /home/stepan/ws_ros2/install/px4_msgs/local/lib/python3.10/dist-packages/px4_msgs/msg/_health_report.py
[299.358s] -- Installing: /home/stepan/ws_ros2/install/px4_msgs/local/lib/python3.10/dist-packages/px4_msgs/msg/_sensor_gyro_fifo_s.c
[299.358s] -- Installing: /home/stepan/ws_ros2/install/px4_msgs/local/lib/python3.10/dist-packages/px4_msgs/msg/_debug_vect_s.c
[299.358s] -- Installing: /home/stepan/ws_ros2/install/px4_msgs/local/lib/python3.10/dist-packages/px4_msgs/msg/_mode_completed.py
[299.358s] -- Installing: /home/stepan/ws_ros2/install/px4_msgs/local/lib/python3.10/dist-packages/px4_msgs/msg/_actuator_servos_s.c
[299.359s] -- Installing: /home/stepan/ws_ros2/install/px4_msgs/local/lib/python3.10/dist-packages/px4_msgs/msg/_sensor_gyro.py
[299.359s] -- Installing: /home/stepan/ws_ros2/install/px4_msgs/local/lib/python3.10/dist-packages/px4_msgs/msg/_goto_setpoint.py
[299.359s] -- Installing: /home/stepan/ws_ros2/install/px4_msgs/local/lib/python3.10/dist-packages/px4_msgs/msg/_irlock_report_s.c
[299.359s] -- Installing: /home/stepan/ws_ros2/install/px4_msgs/local/lib/python3.10/dist-packages/px4_msgs/msg/_obstacle_distance_s.c
[299.359s] -- Installing: /home/stepan/ws_ros2/install/px4_msgs/local/lib/python3.10/dist-packages/px4_msgs/msg/_wheel_encoders.py
[299.359s] -- Installing: /home/stepan/ws_ros2/install/px4_msgs/local/lib/python3.10/dist-packages/px4_msgs/msg/_debug_key_value.py
[299.359s] -- Installing: /home/stepan/ws_ros2/install/px4_msgs/local/lib/python3.10/dist-packages/px4_msgs/msg/_ekf2_timestamps_s.c
[299.359s] -- Installing: /home/stepan/ws_ros2/install/px4_msgs/local/lib/python3.10/dist-packages/px4_msgs/msg/_navigator_mission_item_s.c
[299.359s] -- Installing: /home/stepan/ws_ros2/install/px4_msgs/local/lib/python3.10/dist-packages/px4_msgs/msg/_message_format_response.py
[299.359s] -- Installing: /home/stepan/ws_ros2/install/px4_msgs/local/lib/python3.10/dist-packages/px4_msgs/msg/_battery_status_s.c
[299.360s] -- Installing: /home/stepan/ws_ros2/install/px4_msgs/local/lib/python3.10/dist-packages/px4_msgs/msg/_estimator_innovations.py
[299.360s] -- Installing: /home/stepan/ws_ros2/install/px4_msgs/local/lib/python3.10/dist-packages/px4_msgs/msg/_mode_completed_s.c
[299.360s] -- Installing: /home/stepan/ws_ros2/install/px4_msgs/local/lib/python3.10/dist-packages/px4_msgs/msg/_sensor_airflow.py
[299.360s] -- Installing: /home/stepan/ws_ros2/install/px4_msgs/local/lib/python3.10/dist-packages/px4_msgs/msg/_vehicle_imu_status.py
[299.360s] -- Installing: /home/stepan/ws_ros2/install/px4_msgs/local/lib/python3.10/dist-packages/px4_msgs/msg/_actuator_motors_s.c
[299.360s] -- Installing: /home/stepan/ws_ros2/install/px4_msgs/local/lib/python3.10/dist-packages/px4_msgs/msg/_vehicle_global_position.py
[299.360s] -- Installing: /home/stepan/ws_ros2/install/px4_msgs/local/lib/python3.10/dist-packages/px4_msgs/msg/_follow_target_s.c
[299.360s] -- Installing: /home/stepan/ws_ros2/install/px4_msgs/local/lib/python3.10/dist-packages/px4_msgs/msg/_pwm_input_s.c
[299.360s] -- Installing: /home/stepan/ws_ros2/install/px4_msgs/local/lib/python3.10/dist-packages/px4_msgs/msg/_debug_array_s.c
[299.360s] -- Installing: /home/stepan/ws_ros2/install/px4_msgs/local/lib/python3.10/dist-packages/px4_msgs/msg/_distance_sensor_s.c
[299.360s] -- Installing: /home/stepan/ws_ros2/install/px4_msgs/local/lib/python3.10/dist-packages/px4_msgs/msg/_sensor_correction_s.c
[299.360s] -- Installing: /home/stepan/ws_ros2/install/px4_msgs/local/lib/python3.10/dist-packages/px4_msgs/msg/_failure_detector_status.py
[299.361s] -- Installing: /home/stepan/ws_ros2/install/px4_msgs/local/lib/python3.10/dist-packages/px4_msgs/msg/_open_drone_id_arm_status_s.c
[299.361s] -- Installing: /home/stepan/ws_ros2/install/px4_msgs/local/lib/python3.10/dist-packages/px4_msgs/msg/_sensor_baro.py
[299.361s] -- Installing: /home/stepan/ws_ros2/install/px4_msgs/local/lib/python3.10/dist-packages/px4_msgs/msg/_flight_phase_estimation_s.c
[299.361s] -- Installing: /home/stepan/ws_ros2/install/px4_msgs/local/lib/python3.10/dist-packages/px4_msgs/msg/_orb_test_large.py
[299.361s] -- Installing: /home/stepan/ws_ros2/install/px4_msgs/local/lib/python3.10/dist-packages/px4_msgs/msg/_vehicle_command_ack.py
[299.361s] -- Installing: /home/stepan/ws_ros2/install/px4_msgs/local/lib/python3.10/dist-packages/px4_msgs/msg/_launch_detection_status_s.c
[299.361s] -- Installing: /home/stepan/ws_ros2/install/px4_msgs/local/lib/python3.10/dist-packages/px4_msgs/msg/_uavcan_parameter_value.py
[299.361s] -- Installing: /home/stepan/ws_ros2/install/px4_msgs/local/lib/python3.10/dist-packages/px4_msgs/msg/_sensor_selection.py
[299.361s] -- Installing: /home/stepan/ws_ros2/install/px4_msgs/local/lib/python3.10/dist-packages/px4_msgs/msg/_ulog_stream.py
[299.361s] -- Installing: /home/stepan/ws_ros2/install/px4_msgs/local/lib/python3.10/dist-packages/px4_msgs/msg/_rover_attitude_status_s.c
[299.361s] -- Installing: /home/stepan/ws_ros2/install/px4_msgs/local/lib/python3.10/dist-packages/px4_msgs/msg/_log_message.py
[299.362s] -- Installing: /home/stepan/ws_ros2/install/px4_msgs/local/lib/python3.10/dist-packages/px4_msgs/msg/_px4io_status.py
[299.362s] -- Installing: /home/stepan/ws_ros2/install/px4_msgs/local/lib/python3.10/dist-packages/px4_msgs/msg/_system_power_s.c
[299.362s] -- Installing: /home/stepan/ws_ros2/install/px4_msgs/local/lib/python3.10/dist-packages/px4_msgs/msg/_gimbal_device_information_s.c
[299.362s] -- Installing: /home/stepan/ws_ros2/install/px4_msgs/local/lib/python3.10/dist-packages/px4_msgs/msg/_rover_position_setpoint.py
[299.362s] -- Installing: /home/stepan/ws_ros2/install/px4_msgs/local/lib/python3.10/dist-packages/px4_msgs/msg/_sensor_accel_s.c
[299.362s] -- Installing: /home/stepan/ws_ros2/install/px4_msgs/local/lib/python3.10/dist-packages/px4_msgs/msg/_register_ext_component_reply_s.c
[299.362s] -- Installing: /home/stepan/ws_ros2/install/px4_msgs/local/lib/python3.10/dist-packages/px4_msgs/msg/_failsafe_flags_s.c
[299.362s] -- Installing: /home/stepan/ws_ros2/install/px4_msgs/local/lib/python3.10/dist-packages/px4_msgs/msg/_estimator_innovations_s.c
[299.362s] -- Installing: /home/stepan/ws_ros2/install/px4_msgs/local/lib/python3.10/dist-packages/px4_msgs/msg/_position_setpoint.py
[299.362s] -- Installing: /home/stepan/ws_ros2/install/px4_msgs/local/lib/python3.10/dist-packages/px4_msgs/msg/_follow_target_status_s.c
[299.363s] -- Installing: /home/stepan/ws_ros2/install/px4_msgs/local/lib/python3.10/dist-packages/px4_msgs/msg/_cellular_status_s.c
[299.363s] -- Installing: /home/stepan/ws_ros2/install/px4_msgs/local/lib/python3.10/dist-packages/px4_msgs/msg/_estimator_selector_status_s.c
[299.363s] -- Installing: /home/stepan/ws_ros2/install/px4_msgs/local/lib/python3.10/dist-packages/px4_msgs/msg/_vehicle_command_ack_s.c
[299.363s] -- Installing: /home/stepan/ws_ros2/install/px4_msgs/local/lib/python3.10/dist-packages/px4_msgs/msg/_gpio_in_s.c
[299.363s] -- Installing: /home/stepan/ws_ros2/install/px4_msgs/local/lib/python3.10/dist-packages/px4_msgs/msg/_arming_check_reply.py
[299.363s] -- Installing: /home/stepan/ws_ros2/install/px4_msgs/local/lib/python3.10/dist-packages/px4_msgs/msg/_navigator_mission_item.py
[299.363s] -- Installing: /home/stepan/ws_ros2/install/px4_msgs/local/lib/python3.10/dist-packages/px4_msgs/msg/_gpio_in.py
[299.363s] -- Installing: /home/stepan/ws_ros2/install/px4_msgs/local/lib/python3.10/dist-packages/px4_msgs/msg/_takeoff_status.py
[299.363s] -- Installing: /home/stepan/ws_ros2/install/px4_msgs/local/lib/python3.10/dist-packages/px4_msgs/msg/_tiltrotor_extra_controls.py
[299.363s] -- Installing: /home/stepan/ws_ros2/install/px4_msgs/local/lib/python3.10/dist-packages/px4_msgs/msg/_vehicle_land_detected_s.c
[299.363s] -- Installing: /home/stepan/ws_ros2/install/px4_msgs/local/lib/python3.10/dist-packages/px4_msgs/msg/_autotune_attitude_control_status_s.c
[299.363s] -- Installing: /home/stepan/ws_ros2/install/px4_msgs/local/lib/python3.10/dist-packages/px4_msgs/msg/_rover_rate_setpoint_s.c
[299.364s] -- Installing: /home/stepan/ws_ros2/install/px4_msgs/local/lib/python3.10/dist-packages/px4_msgs/msg/_esc_report_s.c
[299.364s] -- Installing: /home/stepan/ws_ros2/install/px4_msgs/local/lib/python3.10/dist-packages/px4_msgs/msg/_qshell_req_s.c
[299.364s] -- Installing: /home/stepan/ws_ros2/install/px4_msgs/local/lib/python3.10/dist-packages/px4_msgs/msg/_camera_capture_s.c
[299.364s] -- Installing: /home/stepan/ws_ros2/install/px4_msgs/local/lib/python3.10/dist-packages/px4_msgs/msg/_sensor_accel.py
[299.364s] -- Installing: /home/stepan/ws_ros2/install/px4_msgs/local/lib/python3.10/dist-packages/px4_msgs/msg/_rover_rate_status_s.c
[299.364s] -- Installing: /home/stepan/ws_ros2/install/px4_msgs/local/lib/python3.10/dist-packages/px4_msgs/msg/_config_overrides_s.c
[299.364s] -- Installing: /home/stepan/ws_ros2/install/px4_msgs/local/lib/python3.10/dist-packages/px4_msgs/msg/_orb_test_medium_s.c
[299.364s] -- Installing: /home/stepan/ws_ros2/install/px4_msgs/local/lib/python3.10/dist-packages/px4_msgs/msg/_rpm_s.c
[299.364s] -- Installing: /home/stepan/ws_ros2/install/px4_msgs/local/lib/python3.10/dist-packages/px4_msgs/msg/_battery_status.py
[299.364s] -- Installing: /home/stepan/ws_ros2/install/px4_msgs/local/lib/python3.10/dist-packages/px4_msgs/msg/_internal_combustion_engine_status.py
[299.364s] -- Installing: /home/stepan/ws_ros2/install/px4_msgs/local/lib/python3.10/dist-packages/px4_msgs/msg/_gimbal_device_attitude_status.py
[299.365s] -- Installing: /home/stepan/ws_ros2/install/px4_msgs/local/lib/python3.10/dist-packages/px4_msgs/msg/_hover_thrust_estimate.py
[299.365s] -- Installing: /home/stepan/ws_ros2/install/px4_msgs/local/lib/python3.10/dist-packages/px4_msgs/msg/_actuator_servos_trim.py
[299.365s] -- Installing: /home/stepan/ws_ros2/install/px4_msgs/local/lib/python3.10/dist-packages/px4_msgs/msg/_trajectory_setpoint_s.c
[299.365s] -- Installing: /home/stepan/ws_ros2/install/px4_msgs/local/lib/python3.10/dist-packages/px4_msgs/msg/_gimbal_device_information.py
[299.365s] -- Installing: /home/stepan/ws_ros2/install/px4_msgs/local/lib/python3.10/dist-packages/px4_msgs/msg/_vehicle_imu.py
[299.365s] -- Installing: /home/stepan/ws_ros2/install/px4_msgs/local/lib/python3.10/dist-packages/px4_msgs/msg/_landing_target_innovations.py
[299.365s] -- Installing: /home/stepan/ws_ros2/install/px4_msgs/local/lib/python3.10/dist-packages/px4_msgs/msg/_failure_detector_status_s.c
[299.365s] -- Installing: /home/stepan/ws_ros2/install/px4_msgs/local/lib/python3.10/dist-packages/px4_msgs/msg/_rtl_status.py
[299.365s] -- Installing: /home/stepan/ws_ros2/install/px4_msgs/local/lib/python3.10/dist-packages/px4_msgs/msg/_failsafe_flags.py
[299.365s] -- Installing: /home/stepan/ws_ros2/install/px4_msgs/local/lib/python3.10/dist-packages/px4_msgs/msg/_register_ext_component_request.py
[299.365s] -- Installing: /home/stepan/ws_ros2/install/px4_msgs/local/lib/python3.10/dist-packages/px4_msgs/msg/_register_ext_component_request_s.c
[299.366s] -- Installing: /home/stepan/ws_ros2/install/px4_msgs/local/lib/python3.10/dist-packages/px4_msgs/msg/_parameter_reset_request.py
[299.366s] -- Installing: /home/stepan/ws_ros2/install/px4_msgs/local/lib/python3.10/dist-packages/px4_msgs/msg/_vehicle_air_data.py
[299.366s] -- Installing: /home/stepan/ws_ros2/install/px4_msgs/local/lib/python3.10/dist-packages/px4_msgs/msg/_rover_throttle_setpoint_s.c
[299.366s] -- Installing: /home/stepan/ws_ros2/install/px4_msgs/local/lib/python3.10/dist-packages/px4_msgs/msg/_onboard_computer_status.py
[299.366s] -- Installing: /home/stepan/ws_ros2/install/px4_msgs/local/lib/python3.10/dist-packages/px4_msgs/msg/_power_monitor.py
[299.366s] -- Installing: /home/stepan/ws_ros2/install/px4_msgs/local/lib/python3.10/dist-packages/px4_msgs/msg/_internal_combustion_engine_status_s.c
[299.366s] -- Installing: /home/stepan/ws_ros2/install/px4_msgs/local/lib/python3.10/dist-packages/px4_msgs/msg/_vehicle_angular_velocity_s.c
[299.366s] -- Installing: /home/stepan/ws_ros2/install/px4_msgs/local/lib/python3.10/dist-packages/px4_msgs/msg/_gps_dump_s.c
[299.366s] -- Installing: /home/stepan/ws_ros2/install/px4_msgs/local/lib/python3.10/dist-packages/px4_msgs/msg/_gps_inject_data_s.c
[299.366s] -- Installing: /home/stepan/ws_ros2/install/px4_msgs/local/lib/python3.10/dist-packages/px4_msgs/msg/_generator_status_s.c
[299.366s] -- Installing: /home/stepan/ws_ros2/install/px4_msgs/local/lib/python3.10/dist-packages/px4_msgs/msg/_pwm_input.py
[299.367s] -- Installing: /home/stepan/ws_ros2/install/px4_msgs/local/lib/python3.10/dist-packages/px4_msgs/msg/_tecs_status_s.c
[299.367s] -- Installing: /home/stepan/ws_ros2/install/px4_msgs/local/lib/python3.10/dist-packages/px4_msgs/msg/_action_request.py
[299.367s] -- Installing: /home/stepan/ws_ros2/install/px4_msgs/local/lib/python3.10/dist-packages/px4_msgs/msg/_vehicle_constraints.py
[299.367s] -- Installing: /home/stepan/ws_ros2/install/px4_msgs/local/lib/python3.10/dist-packages/px4_msgs/msg/_mavlink_log.py
[299.367s] -- Installing: /home/stepan/ws_ros2/install/px4_msgs/local/lib/python3.10/dist-packages/px4_msgs/msg/_magnetometer_bias_estimate.py
[299.367s] -- Installing: /home/stepan/ws_ros2/install/px4_msgs/local/lib/python3.10/dist-packages/px4_msgs/msg/_open_drone_id_operator_id_s.c
[299.367s] -- Installing: /home/stepan/ws_ros2/install/px4_msgs/local/lib/python3.10/dist-packages/px4_msgs/msg/_sensor_gps.py
[299.367s] -- Installing: /home/stepan/ws_ros2/install/px4_msgs/local/lib/python3.10/dist-packages/px4_msgs/msg/_gimbal_device_set_attitude_s.c
[299.367s] -- Installing: /home/stepan/ws_ros2/install/px4_msgs/local/lib/python3.10/dist-packages/px4_msgs/msg/_sensors_status_imu.py
[299.367s] -- Installing: /home/stepan/ws_ros2/install/px4_msgs/local/lib/python3.10/dist-packages/px4_msgs/msg/_vehicle_rates_setpoint_s.c
[299.367s] -- Installing: /home/stepan/ws_ros2/install/px4_msgs/local/lib/python3.10/dist-packages/px4_msgs/msg/_parameter_set_used_request_s.c
[299.368s] -- Installing: /home/stepan/ws_ros2/install/px4_msgs/local/lib/python3.10/dist-packages/px4_msgs/msg/_open_drone_id_self_id_s.c
[299.368s] -- Installing: /home/stepan/ws_ros2/install/px4_msgs/local/lib/python3.10/dist-packages/px4_msgs/msg/_unregister_ext_component_s.c
[299.368s] -- Installing: /home/stepan/ws_ros2/install/px4_msgs/local/lib/python3.10/dist-packages/px4_msgs/msg/_velocity_limits.py
[299.368s] -- Installing: /home/stepan/ws_ros2/install/px4_msgs/local/lib/python3.10/dist-packages/px4_msgs/msg/_landing_gear_wheel_s.c
[299.368s] -- Installing: /home/stepan/ws_ros2/install/px4_msgs/local/lib/python3.10/dist-packages/px4_msgs/msg/_estimator_aid_source1d.py
[299.368s] -- Installing: /home/stepan/ws_ros2/install/px4_msgs/local/lib/python3.10/dist-packages/px4_msgs/msg/_follow_target_status.py
[299.368s] -- Installing: /home/stepan/ws_ros2/install/px4_msgs/local/lib/python3.10/dist-packages/px4_msgs/msg/_ping.py
[299.368s] -- Installing: /home/stepan/ws_ros2/install/px4_msgs/local/lib/python3.10/dist-packages/px4_msgs/msg/_button_event_s.c
[299.368s] -- Installing: /home/stepan/ws_ros2/install/px4_msgs/local/lib/python3.10/dist-packages/px4_msgs/msg/_dataman_response.py
[299.368s] -- Installing: /home/stepan/ws_ros2/install/px4_msgs/local/lib/python3.10/dist-packages/px4_msgs/msg/_airspeed.py
[299.368s] -- Installing: /home/stepan/ws_ros2/install/px4_msgs/local/lib/python3.10/dist-packages/px4_msgs/msg/_generator_status.py
[299.368s] -- Installing: /home/stepan/ws_ros2/install/px4_msgs/local/lib/python3.10/dist-packages/px4_msgs/msg/_sensor_combined_s.c
[299.369s] -- Installing: /home/stepan/ws_ros2/install/px4_msgs/local/lib/python3.10/dist-packages/px4_msgs/msg/_sensors_status_s.c
[299.369s] -- Installing: /home/stepan/ws_ros2/install/px4_msgs/local/lib/python3.10/dist-packages/px4_msgs/msg/_vehicle_attitude.py
[299.369s] -- Installing: /home/stepan/ws_ros2/install/px4_msgs/local/lib/python3.10/dist-packages/px4_msgs/msg/_vehicle_odometry.py
[299.369s] -- Installing: /home/stepan/ws_ros2/install/px4_msgs/local/lib/python3.10/dist-packages/px4_msgs/msg/_vehicle_local_position_setpoint_s.c
[299.369s] -- Installing: /home/stepan/ws_ros2/install/px4_msgs/local/lib/python3.10/dist-packages/px4_msgs/msg/_distance_sensor.py
[299.369s] -- Installing: /home/stepan/ws_ros2/install/px4_msgs/local/lib/python3.10/dist-packages/px4_msgs/msg/_dataman_request.py
[299.369s] -- Installing: /home/stepan/ws_ros2/install/px4_msgs/local/lib/python3.10/dist-packages/px4_msgs/msg/_iridiumsbd_status.py
[299.369s] -- Installing: /home/stepan/ws_ros2/install/px4_msgs/local/lib/python3.10/dist-packages/px4_msgs/msg/_vehicle_angular_acceleration_setpoint_s.c
[299.369s] -- Installing: /home/stepan/ws_ros2/install/px4_msgs/local/lib/python3.10/dist-packages/px4_msgs/msg/_gimbal_manager_set_manual_control_s.c
[299.369s] -- Installing: /home/stepan/ws_ros2/install/px4_msgs/local/lib/python3.10/dist-packages/px4_msgs/msg/_register_ext_component_reply.py
[299.369s] -- Installing: /home/stepan/ws_ros2/install/px4_msgs/local/lib/python3.10/dist-packages/px4_msgs/msg/_manual_control_setpoint.py
[299.370s] -- Installing: /home/stepan/ws_ros2/install/px4_msgs/local/lib/python3.10/dist-packages/px4_msgs/msg/_position_setpoint_triplet.py
[299.370s] -- Installing: /home/stepan/ws_ros2/install/px4_msgs/local/lib/python3.10/dist-packages/px4_msgs/msg/_vehicle_optical_flow_vel_s.c
[299.370s] -- Installing: /home/stepan/ws_ros2/install/px4_msgs/local/lib/python3.10/dist-packages/px4_msgs/msg/_rover_rate_status.py
[299.370s] -- Installing: /home/stepan/ws_ros2/install/px4_msgs/local/lib/python3.10/dist-packages/px4_msgs/msg/_radio_status_s.c
[299.370s] -- Installing: /home/stepan/ws_ros2/install/px4_msgs/local/lib/python3.10/dist-packages/px4_msgs/msg/_orb_test_large_s.c
[299.370s] -- Installing: /home/stepan/ws_ros2/install/px4_msgs/local/lib/python3.10/dist-packages/px4_msgs/msg/_trajectory_setpoint6dof_s.c
[299.370s] -- Installing: /home/stepan/ws_ros2/install/px4_msgs/local/lib/python3.10/dist-packages/px4_msgs/msg/_vehicle_imu_status_s.c
[299.370s] -- Installing: /home/stepan/ws_ros2/install/px4_msgs/local/lib/python3.10/dist-packages/px4_msgs/msg/_control_allocator_status_s.c
[299.370s] -- Installing: /home/stepan/ws_ros2/install/px4_msgs/local/lib/python3.10/dist-packages/px4_msgs/msg/_parameter_set_value_request_s.c
[299.370s] -- Installing: /home/stepan/ws_ros2/install/px4_msgs/local/lib/python3.10/dist-packages/px4_msgs/msg/_gimbal_manager_set_attitude.py
[299.370s] -- Installing: /home/stepan/ws_ros2/install/px4_msgs/local/lib/python3.10/dist-packages/px4_msgs/msg/_normalized_unsigned_setpoint_s.c
[299.370s] -- Installing: /home/stepan/ws_ros2/install/px4_msgs/local/lib/python3.10/dist-packages/px4_msgs/msg/_parameter_set_value_response.py
[299.371s] -- Installing: /home/stepan/ws_ros2/install/px4_msgs/local/lib/python3.10/dist-packages/px4_msgs/msg/_gpio_out_s.c
[299.371s] -- Installing: /home/stepan/ws_ros2/install/px4_msgs/local/lib/python3.10/dist-packages/px4_msgs/msg/_mavlink_tunnel.py
[299.371s] -- Installing: /home/stepan/ws_ros2/install/px4_msgs/local/lib/python3.10/dist-packages/px4_msgs/msg/_can_interface_status_s.c
[299.371s] -- Installing: /home/stepan/ws_ros2/install/px4_msgs/local/lib/python3.10/dist-packages/px4_msgs/msg/_ackermann_velocity_setpoint_s.c
[299.371s] -- Installing: /home/stepan/ws_ros2/install/px4_msgs/local/lib/python3.10/dist-packages/px4_msgs/msg/_parameter_set_value_request.py
[299.371s] -- Installing: /home/stepan/ws_ros2/install/px4_msgs/local/lib/python3.10/dist-packages/px4_msgs/msg/_sensor_gyro_fifo.py
[299.371s] -- Installing: /home/stepan/ws_ros2/install/px4_msgs/local/lib/python3.10/dist-packages/px4_msgs/msg/_ulog_stream_ack_s.c
[299.371s] -- Installing: /home/stepan/ws_ros2/install/px4_msgs/local/lib/python3.10/dist-packages/px4_msgs/msg/_vehicle_rates_setpoint.py
[299.371s] -- Installing: /home/stepan/ws_ros2/install/px4_msgs/local/lib/python3.10/dist-packages/px4_msgs/msg/_sensors_status.py
[299.371s] -- Installing: /home/stepan/ws_ros2/install/px4_msgs/local/lib/python3.10/dist-packages/px4_msgs/msg/_sensor_mag.py
[299.371s] -- Installing: /home/stepan/ws_ros2/install/px4_msgs/local/lib/python3.10/dist-packages/px4_msgs/msg/_estimator_bias3d_s.c
[299.372s] -- Installing: /home/stepan/ws_ros2/install/px4_msgs/local/lib/python3.10/dist-packages/px4_msgs/msg/_rover_attitude_status.py
[299.372s] -- Installing: /home/stepan/ws_ros2/install/px4_msgs/local/lib/python3.10/dist-packages/px4_msgs/msg/_rover_velocity_status_s.c
[299.372s] -- Installing: /home/stepan/ws_ros2/install/px4_msgs/local/lib/python3.10/dist-packages/px4_msgs/msg/_estimator_aid_source2d_s.c
[299.372s] -- Installing: /home/stepan/ws_ros2/install/px4_msgs/local/lib/python3.10/dist-packages/px4_msgs/msg/_onboard_computer_status_s.c
[299.372s] -- Installing: /home/stepan/ws_ros2/install/px4_msgs/local/lib/python3.10/dist-packages/px4_msgs/msg/_autotune_attitude_control_status.py
[299.372s] -- Installing: /home/stepan/ws_ros2/install/px4_msgs/local/lib/python3.10/dist-packages/px4_msgs/msg/_follow_target_estimator_s.c
[299.372s] -- Installing: /home/stepan/ws_ros2/install/px4_msgs/local/lib/python3.10/dist-packages/px4_msgs/msg/_message_format_response_s.c
[299.372s] -- Installing: /home/stepan/ws_ros2/install/px4_msgs/local/lib/python3.10/dist-packages/px4_msgs/msg/_vehicle_control_mode.py
[299.372s] -- Installing: /home/stepan/ws_ros2/install/px4_msgs/local/lib/python3.10/dist-packages/px4_msgs/msg/_vehicle_angular_acceleration_setpoint.py
[299.372s] -- Installing: /home/stepan/ws_ros2/install/px4_msgs/local/lib/python3.10/dist-packages/px4_msgs/msg/_orb_test.py
[299.373s] -- Installing: /home/stepan/ws_ros2/install/px4_msgs/local/lib/python3.10/dist-packages/px4_msgs/msg/_estimator_aid_source1d_s.c
[299.373s] -- Installing: /home/stepan/ws_ros2/install/px4_msgs/local/lib/python3.10/dist-packages/px4_msgs/msg/_offboard_control_mode.py
[299.373s] -- Installing: /home/stepan/ws_ros2/install/px4_msgs/local/lib/python3.10/dist-packages/px4_msgs/msg/_gimbal_manager_set_attitude_s.c
[299.373s] -- Installing: /home/stepan/ws_ros2/install/px4_msgs/local/lib/python3.10/dist-packages/px4_msgs/msg/_rc_parameter_map_s.c
[299.373s] -- Installing: /home/stepan/ws_ros2/install/px4_msgs/local/lib/python3.10/dist-packages/px4_msgs/msg/_actuator_armed.py
[299.373s] -- Installing: /home/stepan/ws_ros2/install/px4_msgs/local/lib/python3.10/dist-packages/px4_msgs/msg/_estimator_states.py
[299.373s] -- Installing: /home/stepan/ws_ros2/install/px4_msgs/local/lib/python3.10/dist-packages/px4_msgs/msg/_dataman_request_s.c
[299.373s] -- Installing: /home/stepan/ws_ros2/install/px4_msgs/local/lib/python3.10/dist-packages/px4_msgs/msg/_home_position_s.c
[299.373s] -- Installing: /home/stepan/ws_ros2/install/px4_msgs/local/lib/python3.10/dist-packages/px4_msgs/msg/_estimator_status.py
[299.373s] -- Installing: /home/stepan/ws_ros2/install/px4_msgs/local/lib/python3.10/dist-packages/px4_msgs/msg/_vehicle_roi_s.c
[299.373s] -- Installing: /home/stepan/ws_ros2/install/px4_msgs/local/lib/python3.10/dist-packages/px4_msgs/msg/_rtl_time_estimate_s.c
[299.374s] -- Installing: /home/stepan/ws_ros2/install/px4_msgs/local/lib/python3.10/dist-packages/px4_msgs/msg/_rover_steering_setpoint.py
[299.374s] -- Installing: /home/stepan/ws_ros2/install/px4_msgs/local/lib/python3.10/dist-packages/px4_msgs/msg/_rover_velocity_status.py
[299.374s] -- Installing: /home/stepan/ws_ros2/install/px4_msgs/local/lib/python3.10/dist-packages/px4_msgs/msg/_estimator_selector_status.py
[299.374s] -- Installing: /home/stepan/ws_ros2/install/px4_msgs/local/lib/python3.10/dist-packages/px4_msgs/msg/_vehicle_command_s.c
[299.374s] -- Installing: /home/stepan/ws_ros2/install/px4_msgs/local/lib/python3.10/dist-packages/px4_msgs/msg/_wheel_encoders_s.c
[299.374s] -- Installing: /home/stepan/ws_ros2/install/px4_msgs/local/lib/python3.10/dist-packages/px4_msgs/msg/_transponder_report_s.c
[299.374s] -- Installing: /home/stepan/ws_ros2/install/px4_msgs/local/lib/python3.10/dist-packages/px4_msgs/msg/_geofence_result_s.c
[299.374s] -- Installing: /home/stepan/ws_ros2/install/px4_msgs/local/lib/python3.10/dist-packages/px4_msgs/msg/_parameter_set_value_response_s.c
[299.374s] -- Installing: /home/stepan/ws_ros2/install/px4_msgs/local/lib/python3.10/dist-packages/px4_msgs/msg/_rate_ctrl_status_s.c
[299.374s] -- Installing: /home/stepan/ws_ros2/install/px4_msgs/local/lib/python3.10/dist-packages/px4_msgs/msg/_estimator_sensor_bias.py
[299.374s] -- Installing: /home/stepan/ws_ros2/install/px4_msgs/local/lib/python3.10/dist-packages/px4_msgs/msg/_fuel_tank_status.py
[299.375s] -- Installing: /home/stepan/ws_ros2/install/px4_msgs/local/lib/python3.10/dist-packages/px4_msgs/msg/_tune_control.py
[299.375s] -- Installing: /home/stepan/ws_ros2/install/px4_msgs/local/lib/python3.10/dist-packages/px4_msgs/msg/_input_rc.py
[299.375s] -- Installing: /home/stepan/ws_ros2/install/px4_msgs/local/lib/python3.10/dist-packages/px4_msgs/msg/_esc_status_s.c
[299.375s] -- Installing: /home/stepan/ws_ros2/install/px4_msgs/local/lib/python3.10/dist-packages/px4_msgs/msg/_open_drone_id_self_id.py
[299.375s] -- Installing: /home/stepan/ws_ros2/install/px4_msgs/local/lib/python3.10/dist-packages/px4_msgs/msg/_trajectory_setpoint6dof.py
[299.375s] -- Installing: /home/stepan/ws_ros2/install/px4_msgs/local/lib/python3.10/dist-packages/px4_msgs/msg/_ekf2_timestamps.py
[299.375s] -- Installing: /home/stepan/ws_ros2/install/px4_msgs/local/lib/python3.10/dist-packages/px4_msgs/msg/_gps_inject_data.py
[299.375s] -- Installing: /home/stepan/ws_ros2/install/px4_msgs/local/lib/python3.10/dist-packages/px4_msgs/msg/_debug_value_s.c
[299.375s] -- Installing: /home/stepan/ws_ros2/install/px4_msgs/local/lib/python3.10/dist-packages/px4_msgs/msg/_rover_position_setpoint_s.c
[299.375s] -- Installing: /home/stepan/ws_ros2/install/px4_msgs/local/lib/python3.10/dist-packages/px4_msgs/msg/_open_drone_id_system_s.c
[299.375s] -- Installing: /home/stepan/ws_ros2/install/px4_msgs/local/lib/python3.10/dist-packages/px4_msgs/msg/_vehicle_optical_flow.py
[299.375s] -- Installing: /home/stepan/ws_ros2/install/px4_msgs/local/lib/python3.10/dist-packages/px4_msgs/msg/_sensor_accel_fifo.py
[299.376s] -- Installing: /home/stepan/ws_ros2/install/px4_msgs/local/lib/python3.10/dist-packages/px4_msgs/msg/_offboard_control_mode_s.c
[299.376s] -- Installing: /home/stepan/ws_ros2/install/px4_msgs/local/lib/python3.10/dist-packages/px4_msgs/msg/_launch_detection_status.py
[299.376s] -- Installing: /home/stepan/ws_ros2/install/px4_msgs/local/lib/python3.10/dist-packages/px4_msgs/msg/_vehicle_attitude_s.c
[299.376s] -- Installing: /home/stepan/ws_ros2/install/px4_msgs/local/lib/python3.10/dist-packages/px4_msgs/msg/_gimbal_manager_information_s.c
[299.376s] -- Installing: /home/stepan/ws_ros2/install/px4_msgs/local/lib/python3.10/dist-packages/px4_msgs/msg/_vehicle_control_mode_s.c
[299.376s] -- Installing: /home/stepan/ws_ros2/install/px4_msgs/local/lib/python3.10/dist-packages/px4_msgs/msg/_mission_s.c
[299.376s] -- Installing: /home/stepan/ws_ros2/install/px4_msgs/local/lib/python3.10/dist-packages/px4_msgs/msg/_estimator_aid_source3d.py
[299.376s] -- Installing: /home/stepan/ws_ros2/install/px4_msgs/local/lib/python3.10/dist-packages/px4_msgs/msg/_orbit_status.py
[299.376s] -- Installing: /home/stepan/ws_ros2/install/px4_msgs/local/lib/python3.10/dist-packages/px4_msgs/msg/_actuator_motors.py
[299.376s] -- Installing: /home/stepan/ws_ros2/install/px4_msgs/local/lib/python3.10/dist-packages/px4_msgs/msg/_logger_status_s.c
[299.376s] -- Installing: /home/stepan/ws_ros2/install/px4_msgs/local/lib/python3.10/dist-packages/px4_msgs/msg/_vtol_vehicle_status_s.c
[299.377s] -- Installing: /home/stepan/ws_ros2/install/px4_msgs/local/lib/python3.10/dist-packages/px4_msgs/msg/_figure_eight_status.py
[299.377s] -- Installing: /home/stepan/ws_ros2/install/px4_msgs/local/lib/python3.10/dist-packages/px4_msgs/msg/_fuel_tank_status_s.c
[299.377s] -- Installing: /home/stepan/ws_ros2/install/px4_msgs/local/lib/python3.10/dist-packages/px4_msgs/msg/_ping_s.c
[299.377s] -- Installing: /home/stepan/ws_ros2/install/px4_msgs/local/lib/python3.10/dist-packages/px4_msgs/msg/_vehicle_acceleration_s.c
[299.377s] -- Installing: /home/stepan/ws_ros2/install/px4_msgs/local/lib/python3.10/dist-packages/px4_msgs/msg/_vehicle_local_position_s.c
[299.377s] -- Installing: /home/stepan/ws_ros2/install/px4_msgs/local/lib/python3.10/dist-packages/px4_msgs/msg/_collision_constraints_s.c
[299.377s] -- Installing: /home/stepan/ws_ros2/install/px4_msgs/local/lib/python3.10/dist-packages/px4_msgs/msg/_gimbal_controls.py
[299.377s] -- Installing: /home/stepan/ws_ros2/install/px4_msgs/local/lib/python3.10/dist-packages/px4_msgs/msg/_vehicle_imu_s.c
[299.377s] -- Installing: /home/stepan/ws_ros2/install/px4_msgs/local/lib/python3.10/dist-packages/px4_msgs/msg/_heater_status_s.c
[299.377s] -- Installing: /home/stepan/ws_ros2/install/px4_msgs/local/lib/python3.10/dist-packages/px4_msgs/msg/_differential_pressure_s.c
[299.377s] -- Installing: /home/stepan/ws_ros2/install/px4_msgs/local/lib/python3.10/dist-packages/px4_msgs/msg/_geofence_status.py
[299.377s] -- Installing: /home/stepan/ws_ros2/install/px4_msgs/local/lib/python3.10/dist-packages/px4_msgs/msg/_sensor_airflow_s.c
[299.378s] -- Installing: /home/stepan/ws_ros2/install/px4_msgs/local/lib/python3.10/dist-packages/px4_msgs/msg/_timesync_status.py
[299.378s] -- Installing: /home/stepan/ws_ros2/install/px4_msgs/local/lib/python3.10/dist-packages/px4_msgs/msg/_power_button_state.py
[299.378s] -- Installing: /home/stepan/ws_ros2/install/px4_msgs/local/lib/python3.10/dist-packages/px4_msgs/msg/_uavcan_parameter_value_s.c
[299.378s] -- Installing: /home/stepan/ws_ros2/install/px4_msgs/local/lib/python3.10/dist-packages/px4_msgs/msg/_orbit_status_s.c
[299.378s] -- Installing: /home/stepan/ws_ros2/install/px4_msgs/local/lib/python3.10/dist-packages/px4_msgs/msg/_camera_capture.py
[299.378s] -- Installing: /home/stepan/ws_ros2/install/px4_msgs/local/lib/python3.10/dist-packages/px4_msgs/msg/_cpuload_s.c
[299.378s] -- Installing: /home/stepan/ws_ros2/install/px4_msgs/local/lib/python3.10/dist-packages/px4_msgs/msg/_open_drone_id_arm_status.py
[299.378s] -- Installing: /home/stepan/ws_ros2/install/px4_msgs/local/lib/python3.10/dist-packages/px4_msgs/msg/_mount_orientation.py
[299.378s] -- Installing: /home/stepan/ws_ros2/install/px4_msgs/local/lib/python3.10/dist-packages/px4_msgs/msg/_estimator_aid_source2d.py
[299.378s] -- Installing: /home/stepan/ws_ros2/install/px4_msgs/local/lib/python3.10/dist-packages/px4_msgs/msg/_vehicle_local_position_setpoint.py
[299.378s] -- Installing: /home/stepan/ws_ros2/install/px4_msgs/local/lib/python3.10/dist-packages/px4_msgs/msg/_uavcan_parameter_request.py
[299.379s] -- Installing: /home/stepan/ws_ros2/install/px4_msgs/local/lib/python3.10/dist-packages/px4_msgs/msg/_actuator_controls_status_s.c
[299.379s] -- Installing: /home/stepan/ws_ros2/install/px4_msgs/local/lib/python3.10/dist-packages/px4_msgs/msg/_wind_s.c
[299.379s] -- Installing: /home/stepan/ws_ros2/install/px4_msgs/local/lib/python3.10/dist-packages/px4_msgs/msg/_internal_combustion_engine_control_s.c
[299.379s] -- Installing: /home/stepan/ws_ros2/install/px4_msgs/local/lib/python3.10/dist-packages/px4_msgs/msg/_qshell_retval.py
[299.379s] -- Installing: /home/stepan/ws_ros2/install/px4_msgs/local/lib/python3.10/dist-packages/px4_msgs/msg/_heater_status.py
[299.379s] -- Installing: /home/stepan/ws_ros2/install/px4_msgs/local/lib/python3.10/dist-packages/px4_msgs/msg/_sensor_combined.py
[299.379s] -- Installing: /home/stepan/ws_ros2/install/px4_msgs/local/lib/python3.10/dist-packages/px4_msgs/msg/_open_drone_id_operator_id.py
[299.379s] -- Installing: /home/stepan/ws_ros2/install/px4_msgs/local/lib/python3.10/dist-packages/px4_msgs/msg/_distance_sensor_mode_change_request_s.c
[299.379s] -- Installing: /home/stepan/ws_ros2/install/px4_msgs/local/lib/python3.10/dist-packages/px4_msgs/msg/_can_interface_status.py
[299.379s] -- Installing: /home/stepan/ws_ros2/install/px4_msgs/local/lib/python3.10/dist-packages/px4_msgs/msg/_camera_trigger.py
[299.379s] -- Installing: /home/stepan/ws_ros2/install/px4_msgs/local/lib/python3.10/dist-packages/px4_msgs/msg/_message_format_request.py
[299.380s] -- Installing: /home/stepan/ws_ros2/install/px4_msgs/local/lib/python3.10/dist-packages/px4_msgs/msg/_actuator_servos.py
[299.380s] -- Installing: /home/stepan/ws_ros2/install/px4_msgs/local/lib/python3.10/dist-packages/px4_msgs/msg/_vehicle_magnetometer.py
[299.380s] -- Installing: /home/stepan/ws_ros2/install/px4_msgs/local/lib/python3.10/dist-packages/px4_msgs/msg/_estimator_aid_source3d_s.c
[299.380s] -- Installing: /home/stepan/ws_ros2/install/px4_msgs/local/lib/python3.10/dist-packages/px4_msgs/msg/_gpio_out.py
[299.380s] -- Installing: /home/stepan/ws_ros2/install/px4_msgs/local/lib/python3.10/dist-packages/px4_msgs/msg/_yaw_estimator_status_s.c
[299.380s] -- Installing: /home/stepan/ws_ros2/install/px4_msgs/local/lib/python3.10/dist-packages/px4_msgs/msg/_vehicle_thrust_setpoint.py
[299.380s] -- Installing: /home/stepan/ws_ros2/install/px4_msgs/local/lib/python3.10/dist-packages/px4_msgs/msg/_goto_setpoint_s.c
[299.380s] -- Installing: /home/stepan/ws_ros2/install/px4_msgs/local/lib/python3.10/dist-packages/px4_msgs/msg/_npfg_status_s.c
[299.380s] -- Installing: /home/stepan/ws_ros2/install/px4_msgs/local/lib/python3.10/dist-packages/px4_msgs/msg/_estimator_bias_s.c
[299.380s] -- Installing: /home/stepan/ws_ros2/install/px4_msgs/local/lib/python3.10/dist-packages/px4_msgs/msg/_figure_eight_status_s.c
[299.380s] -- Installing: /home/stepan/ws_ros2/install/px4_msgs/local/lib/python3.10/dist-packages/px4_msgs/msg/_pps_capture.py
[299.380s] -- Installing: /home/stepan/ws_ros2/install/px4_msgs/local/lib/python3.10/dist-packages/px4_msgs/msg/_airspeed_wind.py
[299.381s] -- Installing: /home/stepan/ws_ros2/install/px4_msgs/local/lib/python3.10/dist-packages/px4_msgs/msg/_vtol_vehicle_status.py
[299.381s] -- Installing: /home/stepan/ws_ros2/install/px4_msgs/local/lib/python3.10/dist-packages/px4_msgs/msg/_telemetry_status_s.c
[299.381s] -- Installing: /home/stepan/ws_ros2/install/px4_msgs/local/lib/python3.10/dist-packages/px4_msgs/msg/_tecs_status.py
[299.381s] -- Installing: /home/stepan/ws_ros2/install/px4_msgs/local/lib/python3.10/dist-packages/px4_msgs/msg/_vehicle_optical_flow_vel.py
[299.381s] -- Installing: /home/stepan/ws_ros2/install/px4_msgs/local/lib/python3.10/dist-packages/px4_msgs/msg/_estimator_states_s.c
[299.381s] -- Installing: /home/stepan/ws_ros2/install/px4_msgs/local/lib/python3.10/dist-packages/px4_msgs/msg/_event.py
[299.381s] -- Installing: /home/stepan/ws_ros2/install/px4_msgs/local/lib/python3.10/dist-packages/px4_msgs/msg/_estimator_gps_status_s.c
[299.381s] -- Installing: /home/stepan/ws_ros2/install/px4_msgs/local/lib/python3.10/dist-packages/px4_msgs/msg/_vehicle_optical_flow_s.c
[299.381s] -- Installing: /home/stepan/ws_ros2/install/px4_msgs/local/lib/python3.10/dist-packages/px4_msgs/msg/_sensor_accel_fifo_s.c
[299.381s] -- Installing: /home/stepan/ws_ros2/install/px4_msgs/local/lib/python3.10/dist-packages/px4_msgs/msg/_debug_value.py
[299.381s] -- Installing: /home/stepan/ws_ros2/install/px4_msgs/local/lib/python3.10/dist-packages/px4_msgs/msg/_estimator_status_s.c
[299.382s] -- Installing: /home/stepan/ws_ros2/install/px4_msgs/local/lib/python3.10/dist-packages/px4_msgs/msg/_gripper.py
[299.382s] -- Installing: /home/stepan/ws_ros2/install/px4_msgs/local/lib/python3.10/dist-packages/px4_msgs/msg/_qshell_retval_s.c
[299.382s] -- Installing: /home/stepan/ws_ros2/install/px4_msgs/local/lib/python3.10/dist-packages/px4_msgs/msg/_position_controller_landing_status.py
[299.382s] -- Installing: /home/stepan/ws_ros2/install/px4_msgs/local/lib/python3.10/dist-packages/px4_msgs/msg/_home_position.py
[299.382s] -- Installing: /home/stepan/ws_ros2/install/px4_msgs/local/lib/python3.10/dist-packages/px4_msgs/msg/_task_stack_info.py
[299.382s] -- Installing: /home/stepan/ws_ros2/install/px4_msgs/local/lib/python3.10/dist-packages/px4_msgs/msg/_action_request_s.c
[299.382s] -- Installing: /home/stepan/ws_ros2/install/px4_msgs/local/lib/python3.10/dist-packages/px4_msgs/msg/_gimbal_manager_information.py
[299.382s] -- Installing: /home/stepan/ws_ros2/install/px4_msgs/local/lib/python3.10/dist-packages/px4_msgs/msg/_landing_target_pose.py
[299.382s] -- Installing: /home/stepan/ws_ros2/install/px4_msgs/local/lib/python3.10/dist-packages/px4_msgs/msg/_mag_worker_data.py
[299.382s] -- Installing: /home/stepan/ws_ros2/install/px4_msgs/local/lib/python3.10/dist-packages/px4_msgs/msg/_orb_test_s.c
[299.382s] -- Installing: /home/stepan/ws_ros2/install/px4_msgs/local/lib/python3.10/dist-packages/px4_msgs/msg/_rtl_status_s.c
[299.383s] -- Installing: /home/stepan/ws_ros2/install/px4_msgs/local/lib/python3.10/dist-packages/px4_msgs/msg/_vehicle_local_position.py
[299.383s] -- Installing: /home/stepan/ws_ros2/install/px4_msgs/local/lib/python3.10/dist-packages/px4_msgs/msg/_health_report_s.c
[299.383s] -- Installing: /home/stepan/ws_ros2/install/px4_msgs/local/lib/python3.10/dist-packages/px4_msgs/msg/_tiltrotor_extra_controls_s.c
[299.383s] -- Installing: /home/stepan/ws_ros2/install/px4_msgs/local/lib/python3.10/dist-packages/px4_msgs/msg/_sensor_uwb_s.c
[299.383s] -- Installing: /home/stepan/ws_ros2/install/px4_msgs/local/lib/python3.10/dist-packages/px4_msgs/msg/_yaw_estimator_status.py
[299.383s] -- Installing: /home/stepan/ws_ros2/install/px4_msgs/local/lib/python3.10/dist-packages/px4_msgs/msg/_esc_status.py
[299.383s] -- Installing: /home/stepan/ws_ros2/install/px4_msgs/local/lib/python3.10/dist-packages/px4_msgs/msg/_rover_throttle_setpoint.py
[299.383s] -- Installing: /home/stepan/ws_ros2/install/px4_msgs/local/lib/python3.10/dist-packages/px4_msgs/msg/_manual_control_setpoint_s.c
[299.383s] -- Installing: /home/stepan/ws_ros2/install/px4_msgs/local/lib/python3.10/dist-packages/px4_msgs/msg/_radio_status.py
[299.383s] -- Installing: /home/stepan/ws_ros2/install/px4_msgs/local/lib/python3.10/dist-packages/px4_msgs/msg/_rc_parameter_map.py
[299.383s] -- Installing: /home/stepan/ws_ros2/install/px4_msgs/local/lib/python3.10/dist-packages/px4_msgs/msg/_distance_sensor_mode_change_request.py
[299.384s] -- Installing: /home/stepan/ws_ros2/install/px4_msgs/local/lib/python3.10/dist-packages/px4_msgs/msg/_iridiumsbd_status_s.c
[299.384s] -- Installing: /home/stepan/ws_ros2/install/px4_msgs/local/lib/python3.10/dist-packages/px4_msgs/msg/_gimbal_manager_set_manual_control.py
[299.384s] -- Installing: /home/stepan/ws_ros2/install/px4_msgs/local/lib/python3.10/dist-packages/px4_msgs/msg/_vehicle_land_detected.py
[299.384s] -- Installing: /home/stepan/ws_ros2/install/px4_msgs/local/lib/python3.10/dist-packages/px4_msgs/msg/_estimator_sensor_bias_s.c
[299.384s] -- Installing: /home/stepan/ws_ros2/install/px4_msgs/local/lib/python3.10/dist-packages/px4_msgs/msg/_arming_check_request_s.c
[299.384s] -- Installing: /home/stepan/ws_ros2/install/px4_msgs/local/lib/python3.10/dist-packages/px4_msgs/msg/_position_controller_status.py
[299.384s] -- Installing: /home/stepan/ws_ros2/install/px4_msgs/local/lib/python3.10/dist-packages/px4_msgs/msg/_actuator_test.py
[299.384s] -- Installing: /home/stepan/ws_ros2/install/px4_msgs/local/lib/python3.10/dist-packages/px4_msgs/msg/_gpio_config.py
[299.384s] -- Installing: /home/stepan/ws_ros2/install/px4_msgs/local/lib/python3.10/dist-packages/px4_msgs/msg/_mission_result.py
[299.384s] -- Installing: /home/stepan/ws_ros2/install/px4_msgs/local/lib/python3.10/dist-packages/px4_msgs/msg/_estimator_event_flags_s.c
[299.384s] -- Installing: /home/stepan/ws_ros2/install/px4_msgs/local/lib/python3.10/dist-packages/px4_msgs/msg/_navigator_status.py
[299.385s] -- Installing: /home/stepan/ws_ros2/install/px4_msgs/local/lib/python3.10/dist-packages/px4_msgs/msg/_vehicle_angular_velocity.py
[299.385s] -- Installing: /home/stepan/ws_ros2/install/px4_msgs/local/lib/python3.10/dist-packages/px4_msgs/px4_msgs_s__rosidl_typesupport_c.cpython-310-x86_64-linux-gnu.so
[299.385s] -- Installing: /home/stepan/ws_ros2/install/px4_msgs/local/lib/python3.10/dist-packages/px4_msgs/_px4_msgs_s.ep.rosidl_typesupport_fastrtps_c.c
[299.386s] -- Installing: /home/stepan/ws_ros2/install/px4_msgs/local/lib/python3.10/dist-packages/px4_msgs/srv
[299.386s] -- Installing: /home/stepan/ws_ros2/install/px4_msgs/local/lib/python3.10/dist-packages/px4_msgs/srv/_vehicle_command.py
[299.386s] -- Installing: /home/stepan/ws_ros2/install/px4_msgs/local/lib/python3.10/dist-packages/px4_msgs/srv/__init__.py
[299.386s] -- Installing: /home/stepan/ws_ros2/install/px4_msgs/local/lib/python3.10/dist-packages/px4_msgs/srv/_vehicle_command_s.c
[299.386s] -- Installing: /home/stepan/ws_ros2/install/px4_msgs/local/lib/python3.10/dist-packages/px4_msgs/px4_msgs_s__rosidl_typesupport_introspection_c.cpython-310-x86_64-linux-gnu.so
[299.387s] -- Installing: /home/stepan/ws_ros2/install/px4_msgs/local/lib/python3.10/dist-packages/px4_msgs/libpx4_msgs__rosidl_generator_py.so
[299.528s] Listing '/home/stepan/ws_ros2/install/px4_msgs/local/lib/python3.10/dist-packages/px4_msgs'...
[299.528s] Compiling '/home/stepan/ws_ros2/install/px4_msgs/local/lib/python3.10/dist-packages/px4_msgs/__init__.py'...
[299.528s] Listing '/home/stepan/ws_ros2/install/px4_msgs/local/lib/python3.10/dist-packages/px4_msgs/msg'...
[299.528s] Compiling '/home/stepan/ws_ros2/install/px4_msgs/local/lib/python3.10/dist-packages/px4_msgs/msg/__init__.py'...
[299.528s] Compiling '/home/stepan/ws_ros2/install/px4_msgs/local/lib/python3.10/dist-packages/px4_msgs/msg/_ackermann_velocity_setpoint.py'...
[299.528s] Compiling '/home/stepan/ws_ros2/install/px4_msgs/local/lib/python3.10/dist-packages/px4_msgs/msg/_action_request.py'...
[299.528s] Compiling '/home/stepan/ws_ros2/install/px4_msgs/local/lib/python3.10/dist-packages/px4_msgs/msg/_actuator_armed.py'...
[299.528s] Compiling '/home/stepan/ws_ros2/install/px4_msgs/local/lib/python3.10/dist-packages/px4_msgs/msg/_actuator_controls_status.py'...
[299.528s] Compiling '/home/stepan/ws_ros2/install/px4_msgs/local/lib/python3.10/dist-packages/px4_msgs/msg/_actuator_motors.py'...
[299.528s] Compiling '/home/stepan/ws_ros2/install/px4_msgs/local/lib/python3.10/dist-packages/px4_msgs/msg/_actuator_outputs.py'...
[299.528s] Compiling '/home/stepan/ws_ros2/install/px4_msgs/local/lib/python3.10/dist-packages/px4_msgs/msg/_actuator_servos.py'...
[299.528s] Compiling '/home/stepan/ws_ros2/install/px4_msgs/local/lib/python3.10/dist-packages/px4_msgs/msg/_actuator_servos_trim.py'...
[299.529s] Compiling '/home/stepan/ws_ros2/install/px4_msgs/local/lib/python3.10/dist-packages/px4_msgs/msg/_actuator_test.py'...
[299.529s] Compiling '/home/stepan/ws_ros2/install/px4_msgs/local/lib/python3.10/dist-packages/px4_msgs/msg/_adc_report.py'...
[299.529s] Compiling '/home/stepan/ws_ros2/install/px4_msgs/local/lib/python3.10/dist-packages/px4_msgs/msg/_airspeed.py'...
[299.529s] Compiling '/home/stepan/ws_ros2/install/px4_msgs/local/lib/python3.10/dist-packages/px4_msgs/msg/_airspeed_validated.py'...
[299.529s] Compiling '/home/stepan/ws_ros2/install/px4_msgs/local/lib/python3.10/dist-packages/px4_msgs/msg/_airspeed_wind.py'...
[299.529s] Compiling '/home/stepan/ws_ros2/install/px4_msgs/local/lib/python3.10/dist-packages/px4_msgs/msg/_arming_check_reply.py'...
[299.529s] Compiling '/home/stepan/ws_ros2/install/px4_msgs/local/lib/python3.10/dist-packages/px4_msgs/msg/_arming_check_request.py'...
[299.529s] Compiling '/home/stepan/ws_ros2/install/px4_msgs/local/lib/python3.10/dist-packages/px4_msgs/msg/_autotune_attitude_control_status.py'...
[299.529s] Compiling '/home/stepan/ws_ros2/install/px4_msgs/local/lib/python3.10/dist-packages/px4_msgs/msg/_battery_status.py'...
[299.529s] Compiling '/home/stepan/ws_ros2/install/px4_msgs/local/lib/python3.10/dist-packages/px4_msgs/msg/_button_event.py'...
[299.529s] Compiling '/home/stepan/ws_ros2/install/px4_msgs/local/lib/python3.10/dist-packages/px4_msgs/msg/_camera_capture.py'...
[299.529s] Compiling '/home/stepan/ws_ros2/install/px4_msgs/local/lib/python3.10/dist-packages/px4_msgs/msg/_camera_status.py'...
[299.529s] Compiling '/home/stepan/ws_ros2/install/px4_msgs/local/lib/python3.10/dist-packages/px4_msgs/msg/_camera_trigger.py'...
[299.529s] Compiling '/home/stepan/ws_ros2/install/px4_msgs/local/lib/python3.10/dist-packages/px4_msgs/msg/_can_interface_status.py'...
[299.529s] Compiling '/home/stepan/ws_ros2/install/px4_msgs/local/lib/python3.10/dist-packages/px4_msgs/msg/_cellular_status.py'...
[299.529s] Compiling '/home/stepan/ws_ros2/install/px4_msgs/local/lib/python3.10/dist-packages/px4_msgs/msg/_collision_constraints.py'...
[299.529s] Compiling '/home/stepan/ws_ros2/install/px4_msgs/local/lib/python3.10/dist-packages/px4_msgs/msg/_config_overrides.py'...
[299.529s] Compiling '/home/stepan/ws_ros2/install/px4_msgs/local/lib/python3.10/dist-packages/px4_msgs/msg/_control_allocator_status.py'...
[299.529s] Compiling '/home/stepan/ws_ros2/install/px4_msgs/local/lib/python3.10/dist-packages/px4_msgs/msg/_cpuload.py'...
[299.529s] Compiling '/home/stepan/ws_ros2/install/px4_msgs/local/lib/python3.10/dist-packages/px4_msgs/msg/_dataman_request.py'...
[299.529s] Compiling '/home/stepan/ws_ros2/install/px4_msgs/local/lib/python3.10/dist-packages/px4_msgs/msg/_dataman_response.py'...
[299.530s] Compiling '/home/stepan/ws_ros2/install/px4_msgs/local/lib/python3.10/dist-packages/px4_msgs/msg/_debug_array.py'...
[299.530s] Compiling '/home/stepan/ws_ros2/install/px4_msgs/local/lib/python3.10/dist-packages/px4_msgs/msg/_debug_key_value.py'...
[299.530s] Compiling '/home/stepan/ws_ros2/install/px4_msgs/local/lib/python3.10/dist-packages/px4_msgs/msg/_debug_value.py'...
[299.530s] Compiling '/home/stepan/ws_ros2/install/px4_msgs/local/lib/python3.10/dist-packages/px4_msgs/msg/_debug_vect.py'...
[299.530s] Compiling '/home/stepan/ws_ros2/install/px4_msgs/local/lib/python3.10/dist-packages/px4_msgs/msg/_differential_pressure.py'...
[299.530s] Compiling '/home/stepan/ws_ros2/install/px4_msgs/local/lib/python3.10/dist-packages/px4_msgs/msg/_distance_sensor.py'...
[299.530s] Compiling '/home/stepan/ws_ros2/install/px4_msgs/local/lib/python3.10/dist-packages/px4_msgs/msg/_distance_sensor_mode_change_request.py'...
[299.530s] Compiling '/home/stepan/ws_ros2/install/px4_msgs/local/lib/python3.10/dist-packages/px4_msgs/msg/_ekf2_timestamps.py'...
[299.530s] Compiling '/home/stepan/ws_ros2/install/px4_msgs/local/lib/python3.10/dist-packages/px4_msgs/msg/_esc_report.py'...
[299.530s] Compiling '/home/stepan/ws_ros2/install/px4_msgs/local/lib/python3.10/dist-packages/px4_msgs/msg/_esc_status.py'...
[299.530s] Compiling '/home/stepan/ws_ros2/install/px4_msgs/local/lib/python3.10/dist-packages/px4_msgs/msg/_estimator_aid_source1d.py'...
[299.530s] Compiling '/home/stepan/ws_ros2/install/px4_msgs/local/lib/python3.10/dist-packages/px4_msgs/msg/_estimator_aid_source2d.py'...
[299.530s] Compiling '/home/stepan/ws_ros2/install/px4_msgs/local/lib/python3.10/dist-packages/px4_msgs/msg/_estimator_aid_source3d.py'...
[299.530s] Compiling '/home/stepan/ws_ros2/install/px4_msgs/local/lib/python3.10/dist-packages/px4_msgs/msg/_estimator_bias.py'...
[299.530s] Compiling '/home/stepan/ws_ros2/install/px4_msgs/local/lib/python3.10/dist-packages/px4_msgs/msg/_estimator_bias3d.py'...
[299.530s] Compiling '/home/stepan/ws_ros2/install/px4_msgs/local/lib/python3.10/dist-packages/px4_msgs/msg/_estimator_event_flags.py'...
[299.530s] Compiling '/home/stepan/ws_ros2/install/px4_msgs/local/lib/python3.10/dist-packages/px4_msgs/msg/_estimator_gps_status.py'...
[299.530s] Compiling '/home/stepan/ws_ros2/install/px4_msgs/local/lib/python3.10/dist-packages/px4_msgs/msg/_estimator_innovations.py'...
[299.530s] Compiling '/home/stepan/ws_ros2/install/px4_msgs/local/lib/python3.10/dist-packages/px4_msgs/msg/_estimator_selector_status.py'...
[299.530s] Compiling '/home/stepan/ws_ros2/install/px4_msgs/local/lib/python3.10/dist-packages/px4_msgs/msg/_estimator_sensor_bias.py'...
[299.531s] Compiling '/home/stepan/ws_ros2/install/px4_msgs/local/lib/python3.10/dist-packages/px4_msgs/msg/_estimator_states.py'...
[299.531s] Compiling '/home/stepan/ws_ros2/install/px4_msgs/local/lib/python3.10/dist-packages/px4_msgs/msg/_estimator_status.py'...
[299.531s] Compiling '/home/stepan/ws_ros2/install/px4_msgs/local/lib/python3.10/dist-packages/px4_msgs/msg/_estimator_status_flags.py'...
[299.531s] Compiling '/home/stepan/ws_ros2/install/px4_msgs/local/lib/python3.10/dist-packages/px4_msgs/msg/_event.py'...
[299.531s] Compiling '/home/stepan/ws_ros2/install/px4_msgs/local/lib/python3.10/dist-packages/px4_msgs/msg/_failsafe_flags.py'...
[299.531s] Compiling '/home/stepan/ws_ros2/install/px4_msgs/local/lib/python3.10/dist-packages/px4_msgs/msg/_failure_detector_status.py'...
[299.531s] Compiling '/home/stepan/ws_ros2/install/px4_msgs/local/lib/python3.10/dist-packages/px4_msgs/msg/_figure_eight_status.py'...
[299.531s] Compiling '/home/stepan/ws_ros2/install/px4_msgs/local/lib/python3.10/dist-packages/px4_msgs/msg/_flight_phase_estimation.py'...
[299.531s] Compiling '/home/stepan/ws_ros2/install/px4_msgs/local/lib/python3.10/dist-packages/px4_msgs/msg/_follow_target.py'...
[299.531s] Compiling '/home/stepan/ws_ros2/install/px4_msgs/local/lib/python3.10/dist-packages/px4_msgs/msg/_follow_target_estimator.py'...
[299.531s] Compiling '/home/stepan/ws_ros2/install/px4_msgs/local/lib/python3.10/dist-packages/px4_msgs/msg/_follow_target_status.py'...
[299.531s] Compiling '/home/stepan/ws_ros2/install/px4_msgs/local/lib/python3.10/dist-packages/px4_msgs/msg/_fuel_tank_status.py'...
[299.531s] Compiling '/home/stepan/ws_ros2/install/px4_msgs/local/lib/python3.10/dist-packages/px4_msgs/msg/_generator_status.py'...
[299.531s] Compiling '/home/stepan/ws_ros2/install/px4_msgs/local/lib/python3.10/dist-packages/px4_msgs/msg/_geofence_result.py'...
[299.615s] Compiling '/home/stepan/ws_ros2/install/px4_msgs/local/lib/python3.10/dist-packages/px4_msgs/msg/_geofence_status.py'...
[299.615s] Compiling '/home/stepan/ws_ros2/install/px4_msgs/local/lib/python3.10/dist-packages/px4_msgs/msg/_gimbal_controls.py'...
[299.615s] Compiling '/home/stepan/ws_ros2/install/px4_msgs/local/lib/python3.10/dist-packages/px4_msgs/msg/_gimbal_device_attitude_status.py'...
[299.615s] Compiling '/home/stepan/ws_ros2/install/px4_msgs/local/lib/python3.10/dist-packages/px4_msgs/msg/_gimbal_device_information.py'...
[299.615s] Compiling '/home/stepan/ws_ros2/install/px4_msgs/local/lib/python3.10/dist-packages/px4_msgs/msg/_gimbal_device_set_attitude.py'...
[299.615s] Compiling '/home/stepan/ws_ros2/install/px4_msgs/local/lib/python3.10/dist-packages/px4_msgs/msg/_gimbal_manager_information.py'...
[299.615s] Compiling '/home/stepan/ws_ros2/install/px4_msgs/local/lib/python3.10/dist-packages/px4_msgs/msg/_gimbal_manager_set_attitude.py'...
[299.615s] Compiling '/home/stepan/ws_ros2/install/px4_msgs/local/lib/python3.10/dist-packages/px4_msgs/msg/_gimbal_manager_set_manual_control.py'...
[299.615s] Compiling '/home/stepan/ws_ros2/install/px4_msgs/local/lib/python3.10/dist-packages/px4_msgs/msg/_gimbal_manager_status.py'...
[299.615s] Compiling '/home/stepan/ws_ros2/install/px4_msgs/local/lib/python3.10/dist-packages/px4_msgs/msg/_goto_setpoint.py'...
[299.615s] Compiling '/home/stepan/ws_ros2/install/px4_msgs/local/lib/python3.10/dist-packages/px4_msgs/msg/_gpio_config.py'...
[299.615s] Compiling '/home/stepan/ws_ros2/install/px4_msgs/local/lib/python3.10/dist-packages/px4_msgs/msg/_gpio_in.py'...
[299.615s] Compiling '/home/stepan/ws_ros2/install/px4_msgs/local/lib/python3.10/dist-packages/px4_msgs/msg/_gpio_out.py'...
[299.615s] Compiling '/home/stepan/ws_ros2/install/px4_msgs/local/lib/python3.10/dist-packages/px4_msgs/msg/_gpio_request.py'...
[299.615s] Compiling '/home/stepan/ws_ros2/install/px4_msgs/local/lib/python3.10/dist-packages/px4_msgs/msg/_gps_dump.py'...
[299.615s] Compiling '/home/stepan/ws_ros2/install/px4_msgs/local/lib/python3.10/dist-packages/px4_msgs/msg/_gps_inject_data.py'...
[299.615s] Compiling '/home/stepan/ws_ros2/install/px4_msgs/local/lib/python3.10/dist-packages/px4_msgs/msg/_gripper.py'...
[299.615s] Compiling '/home/stepan/ws_ros2/install/px4_msgs/local/lib/python3.10/dist-packages/px4_msgs/msg/_health_report.py'...
[299.616s] Compiling '/home/stepan/ws_ros2/install/px4_msgs/local/lib/python3.10/dist-packages/px4_msgs/msg/_heater_status.py'...
[299.616s] Compiling '/home/stepan/ws_ros2/install/px4_msgs/local/lib/python3.10/dist-packages/px4_msgs/msg/_home_position.py'...
[299.616s] Compiling '/home/stepan/ws_ros2/install/px4_msgs/local/lib/python3.10/dist-packages/px4_msgs/msg/_hover_thrust_estimate.py'...
[299.616s] Compiling '/home/stepan/ws_ros2/install/px4_msgs/local/lib/python3.10/dist-packages/px4_msgs/msg/_input_rc.py'...
[299.616s] Compiling '/home/stepan/ws_ros2/install/px4_msgs/local/lib/python3.10/dist-packages/px4_msgs/msg/_internal_combustion_engine_control.py'...
[299.616s] Compiling '/home/stepan/ws_ros2/install/px4_msgs/local/lib/python3.10/dist-packages/px4_msgs/msg/_internal_combustion_engine_status.py'...
[299.616s] Compiling '/home/stepan/ws_ros2/install/px4_msgs/local/lib/python3.10/dist-packages/px4_msgs/msg/_iridiumsbd_status.py'...
[299.616s] Compiling '/home/stepan/ws_ros2/install/px4_msgs/local/lib/python3.10/dist-packages/px4_msgs/msg/_irlock_report.py'...
[299.616s] Compiling '/home/stepan/ws_ros2/install/px4_msgs/local/lib/python3.10/dist-packages/px4_msgs/msg/_landing_gear.py'...
[299.616s] Compiling '/home/stepan/ws_ros2/install/px4_msgs/local/lib/python3.10/dist-packages/px4_msgs/msg/_landing_gear_wheel.py'...
[299.616s] Compiling '/home/stepan/ws_ros2/install/px4_msgs/local/lib/python3.10/dist-packages/px4_msgs/msg/_landing_target_innovations.py'...
[299.616s] Compiling '/home/stepan/ws_ros2/install/px4_msgs/local/lib/python3.10/dist-packages/px4_msgs/msg/_landing_target_pose.py'...
[299.616s] Compiling '/home/stepan/ws_ros2/install/px4_msgs/local/lib/python3.10/dist-packages/px4_msgs/msg/_launch_detection_status.py'...
[299.616s] Compiling '/home/stepan/ws_ros2/install/px4_msgs/local/lib/python3.10/dist-packages/px4_msgs/msg/_led_control.py'...
[299.616s] Compiling '/home/stepan/ws_ros2/install/px4_msgs/local/lib/python3.10/dist-packages/px4_msgs/msg/_log_message.py'...
[299.616s] Compiling '/home/stepan/ws_ros2/install/px4_msgs/local/lib/python3.10/dist-packages/px4_msgs/msg/_logger_status.py'...
[299.616s] Compiling '/home/stepan/ws_ros2/install/px4_msgs/local/lib/python3.10/dist-packages/px4_msgs/msg/_mag_worker_data.py'...
[299.616s] Compiling '/home/stepan/ws_ros2/install/px4_msgs/local/lib/python3.10/dist-packages/px4_msgs/msg/_magnetometer_bias_estimate.py'...
[299.616s] Compiling '/home/stepan/ws_ros2/install/px4_msgs/local/lib/python3.10/dist-packages/px4_msgs/msg/_manual_control_setpoint.py'...
[299.616s] Compiling '/home/stepan/ws_ros2/install/px4_msgs/local/lib/python3.10/dist-packages/px4_msgs/msg/_manual_control_switches.py'...
[299.617s] Compiling '/home/stepan/ws_ros2/install/px4_msgs/local/lib/python3.10/dist-packages/px4_msgs/msg/_mavlink_log.py'...
[299.617s] Compiling '/home/stepan/ws_ros2/install/px4_msgs/local/lib/python3.10/dist-packages/px4_msgs/msg/_mavlink_tunnel.py'...
[299.617s] Compiling '/home/stepan/ws_ros2/install/px4_msgs/local/lib/python3.10/dist-packages/px4_msgs/msg/_message_format_request.py'...
[299.617s] Compiling '/home/stepan/ws_ros2/install/px4_msgs/local/lib/python3.10/dist-packages/px4_msgs/msg/_message_format_response.py'...
[299.617s] Compiling '/home/stepan/ws_ros2/install/px4_msgs/local/lib/python3.10/dist-packages/px4_msgs/msg/_mission.py'...
[299.617s] Compiling '/home/stepan/ws_ros2/install/px4_msgs/local/lib/python3.10/dist-packages/px4_msgs/msg/_mission_result.py'...
[299.617s] Compiling '/home/stepan/ws_ros2/install/px4_msgs/local/lib/python3.10/dist-packages/px4_msgs/msg/_mode_completed.py'...
[299.617s] Compiling '/home/stepan/ws_ros2/install/px4_msgs/local/lib/python3.10/dist-packages/px4_msgs/msg/_mount_orientation.py'...
[299.617s] Compiling '/home/stepan/ws_ros2/install/px4_msgs/local/lib/python3.10/dist-packages/px4_msgs/msg/_navigator_mission_item.py'...
[299.617s] Compiling '/home/stepan/ws_ros2/install/px4_msgs/local/lib/python3.10/dist-packages/px4_msgs/msg/_navigator_status.py'...
[299.617s] Compiling '/home/stepan/ws_ros2/install/px4_msgs/local/lib/python3.10/dist-packages/px4_msgs/msg/_normalized_unsigned_setpoint.py'...
[299.617s] Compiling '/home/stepan/ws_ros2/install/px4_msgs/local/lib/python3.10/dist-packages/px4_msgs/msg/_npfg_status.py'...
[299.617s] Compiling '/home/stepan/ws_ros2/install/px4_msgs/local/lib/python3.10/dist-packages/px4_msgs/msg/_obstacle_distance.py'...
[299.617s] Compiling '/home/stepan/ws_ros2/install/px4_msgs/local/lib/python3.10/dist-packages/px4_msgs/msg/_offboard_control_mode.py'...
[299.617s] Compiling '/home/stepan/ws_ros2/install/px4_msgs/local/lib/python3.10/dist-packages/px4_msgs/msg/_onboard_computer_status.py'...
[299.617s] Compiling '/home/stepan/ws_ros2/install/px4_msgs/local/lib/python3.10/dist-packages/px4_msgs/msg/_open_drone_id_arm_status.py'...
[299.617s] Compiling '/home/stepan/ws_ros2/install/px4_msgs/local/lib/python3.10/dist-packages/px4_msgs/msg/_open_drone_id_operator_id.py'...
[299.617s] Compiling '/home/stepan/ws_ros2/install/px4_msgs/local/lib/python3.10/dist-packages/px4_msgs/msg/_open_drone_id_self_id.py'...
[299.617s] Compiling '/home/stepan/ws_ros2/install/px4_msgs/local/lib/python3.10/dist-packages/px4_msgs/msg/_open_drone_id_system.py'...
[299.617s] Compiling '/home/stepan/ws_ros2/install/px4_msgs/local/lib/python3.10/dist-packages/px4_msgs/msg/_orb_test.py'...
[299.618s] Compiling '/home/stepan/ws_ros2/install/px4_msgs/local/lib/python3.10/dist-packages/px4_msgs/msg/_orb_test_large.py'...
[299.618s] Compiling '/home/stepan/ws_ros2/install/px4_msgs/local/lib/python3.10/dist-packages/px4_msgs/msg/_orb_test_medium.py'...
[299.618s] Compiling '/home/stepan/ws_ros2/install/px4_msgs/local/lib/python3.10/dist-packages/px4_msgs/msg/_orbit_status.py'...
[299.618s] Compiling '/home/stepan/ws_ros2/install/px4_msgs/local/lib/python3.10/dist-packages/px4_msgs/msg/_parameter_reset_request.py'...
[299.618s] Compiling '/home/stepan/ws_ros2/install/px4_msgs/local/lib/python3.10/dist-packages/px4_msgs/msg/_parameter_set_used_request.py'...
[299.618s] Compiling '/home/stepan/ws_ros2/install/px4_msgs/local/lib/python3.10/dist-packages/px4_msgs/msg/_parameter_set_value_request.py'...
[299.618s] Compiling '/home/stepan/ws_ros2/install/px4_msgs/local/lib/python3.10/dist-packages/px4_msgs/msg/_parameter_set_value_response.py'...
[299.715s] Compiling '/home/stepan/ws_ros2/install/px4_msgs/local/lib/python3.10/dist-packages/px4_msgs/msg/_parameter_update.py'...
[299.715s] Compiling '/home/stepan/ws_ros2/install/px4_msgs/local/lib/python3.10/dist-packages/px4_msgs/msg/_ping.py'...
[299.715s] Compiling '/home/stepan/ws_ros2/install/px4_msgs/local/lib/python3.10/dist-packages/px4_msgs/msg/_position_controller_landing_status.py'...
[299.715s] Compiling '/home/stepan/ws_ros2/install/px4_msgs/local/lib/python3.10/dist-packages/px4_msgs/msg/_position_controller_status.py'...
[299.715s] Compiling '/home/stepan/ws_ros2/install/px4_msgs/local/lib/python3.10/dist-packages/px4_msgs/msg/_position_setpoint.py'...
[299.715s] Compiling '/home/stepan/ws_ros2/install/px4_msgs/local/lib/python3.10/dist-packages/px4_msgs/msg/_position_setpoint_triplet.py'...
[299.715s] Compiling '/home/stepan/ws_ros2/install/px4_msgs/local/lib/python3.10/dist-packages/px4_msgs/msg/_power_button_state.py'...
[299.715s] Compiling '/home/stepan/ws_ros2/install/px4_msgs/local/lib/python3.10/dist-packages/px4_msgs/msg/_power_monitor.py'...
[299.715s] Compiling '/home/stepan/ws_ros2/install/px4_msgs/local/lib/python3.10/dist-packages/px4_msgs/msg/_pps_capture.py'...
[299.715s] Compiling '/home/stepan/ws_ros2/install/px4_msgs/local/lib/python3.10/dist-packages/px4_msgs/msg/_pure_pursuit_status.py'...
[299.716s] Compiling '/home/stepan/ws_ros2/install/px4_msgs/local/lib/python3.10/dist-packages/px4_msgs/msg/_pwm_input.py'...
[299.716s] Compiling '/home/stepan/ws_ros2/install/px4_msgs/local/lib/python3.10/dist-packages/px4_msgs/msg/_px4io_status.py'...
[299.716s] Compiling '/home/stepan/ws_ros2/install/px4_msgs/local/lib/python3.10/dist-packages/px4_msgs/msg/_qshell_req.py'...
[299.716s] Compiling '/home/stepan/ws_ros2/install/px4_msgs/local/lib/python3.10/dist-packages/px4_msgs/msg/_qshell_retval.py'...
[299.716s] Compiling '/home/stepan/ws_ros2/install/px4_msgs/local/lib/python3.10/dist-packages/px4_msgs/msg/_radio_status.py'...
[299.716s] Compiling '/home/stepan/ws_ros2/install/px4_msgs/local/lib/python3.10/dist-packages/px4_msgs/msg/_rate_ctrl_status.py'...
[299.716s] Compiling '/home/stepan/ws_ros2/install/px4_msgs/local/lib/python3.10/dist-packages/px4_msgs/msg/_rc_channels.py'...
[299.716s] Compiling '/home/stepan/ws_ros2/install/px4_msgs/local/lib/python3.10/dist-packages/px4_msgs/msg/_rc_parameter_map.py'...
[299.716s] Compiling '/home/stepan/ws_ros2/install/px4_msgs/local/lib/python3.10/dist-packages/px4_msgs/msg/_register_ext_component_reply.py'...
[299.716s] Compiling '/home/stepan/ws_ros2/install/px4_msgs/local/lib/python3.10/dist-packages/px4_msgs/msg/_register_ext_component_request.py'...
[299.716s] Compiling '/home/stepan/ws_ros2/install/px4_msgs/local/lib/python3.10/dist-packages/px4_msgs/msg/_rover_attitude_setpoint.py'...
[299.716s] Compiling '/home/stepan/ws_ros2/install/px4_msgs/local/lib/python3.10/dist-packages/px4_msgs/msg/_rover_attitude_status.py'...
[299.716s] Compiling '/home/stepan/ws_ros2/install/px4_msgs/local/lib/python3.10/dist-packages/px4_msgs/msg/_rover_position_setpoint.py'...
[299.716s] Compiling '/home/stepan/ws_ros2/install/px4_msgs/local/lib/python3.10/dist-packages/px4_msgs/msg/_rover_rate_setpoint.py'...
[299.716s] Compiling '/home/stepan/ws_ros2/install/px4_msgs/local/lib/python3.10/dist-packages/px4_msgs/msg/_rover_rate_status.py'...
[299.716s] Compiling '/home/stepan/ws_ros2/install/px4_msgs/local/lib/python3.10/dist-packages/px4_msgs/msg/_rover_steering_setpoint.py'...
[299.716s] Compiling '/home/stepan/ws_ros2/install/px4_msgs/local/lib/python3.10/dist-packages/px4_msgs/msg/_rover_throttle_setpoint.py'...
[299.716s] Compiling '/home/stepan/ws_ros2/install/px4_msgs/local/lib/python3.10/dist-packages/px4_msgs/msg/_rover_velocity_status.py'...
[299.716s] Compiling '/home/stepan/ws_ros2/install/px4_msgs/local/lib/python3.10/dist-packages/px4_msgs/msg/_rpm.py'...
[299.716s] Compiling '/home/stepan/ws_ros2/install/px4_msgs/local/lib/python3.10/dist-packages/px4_msgs/msg/_rtl_status.py'...
[299.717s] Compiling '/home/stepan/ws_ros2/install/px4_msgs/local/lib/python3.10/dist-packages/px4_msgs/msg/_rtl_time_estimate.py'...
[299.717s] Compiling '/home/stepan/ws_ros2/install/px4_msgs/local/lib/python3.10/dist-packages/px4_msgs/msg/_satellite_info.py'...
[299.717s] Compiling '/home/stepan/ws_ros2/install/px4_msgs/local/lib/python3.10/dist-packages/px4_msgs/msg/_sensor_accel.py'...
[299.717s] Compiling '/home/stepan/ws_ros2/install/px4_msgs/local/lib/python3.10/dist-packages/px4_msgs/msg/_sensor_accel_fifo.py'...
[299.717s] Compiling '/home/stepan/ws_ros2/install/px4_msgs/local/lib/python3.10/dist-packages/px4_msgs/msg/_sensor_airflow.py'...
[299.717s] Compiling '/home/stepan/ws_ros2/install/px4_msgs/local/lib/python3.10/dist-packages/px4_msgs/msg/_sensor_baro.py'...
[299.717s] Compiling '/home/stepan/ws_ros2/install/px4_msgs/local/lib/python3.10/dist-packages/px4_msgs/msg/_sensor_combined.py'...
[299.717s] Compiling '/home/stepan/ws_ros2/install/px4_msgs/local/lib/python3.10/dist-packages/px4_msgs/msg/_sensor_correction.py'...
[299.717s] Compiling '/home/stepan/ws_ros2/install/px4_msgs/local/lib/python3.10/dist-packages/px4_msgs/msg/_sensor_gnss_relative.py'...
[299.717s] Compiling '/home/stepan/ws_ros2/install/px4_msgs/local/lib/python3.10/dist-packages/px4_msgs/msg/_sensor_gps.py'...
[299.717s] Compiling '/home/stepan/ws_ros2/install/px4_msgs/local/lib/python3.10/dist-packages/px4_msgs/msg/_sensor_gyro.py'...
[299.717s] Compiling '/home/stepan/ws_ros2/install/px4_msgs/local/lib/python3.10/dist-packages/px4_msgs/msg/_sensor_gyro_fft.py'...
[299.717s] Compiling '/home/stepan/ws_ros2/install/px4_msgs/local/lib/python3.10/dist-packages/px4_msgs/msg/_sensor_gyro_fifo.py'...
[299.717s] Compiling '/home/stepan/ws_ros2/install/px4_msgs/local/lib/python3.10/dist-packages/px4_msgs/msg/_sensor_hygrometer.py'...
[299.717s] Compiling '/home/stepan/ws_ros2/install/px4_msgs/local/lib/python3.10/dist-packages/px4_msgs/msg/_sensor_mag.py'...
[299.717s] Compiling '/home/stepan/ws_ros2/install/px4_msgs/local/lib/python3.10/dist-packages/px4_msgs/msg/_sensor_optical_flow.py'...
[299.717s] Compiling '/home/stepan/ws_ros2/install/px4_msgs/local/lib/python3.10/dist-packages/px4_msgs/msg/_sensor_preflight_mag.py'...
[299.717s] Compiling '/home/stepan/ws_ros2/install/px4_msgs/local/lib/python3.10/dist-packages/px4_msgs/msg/_sensor_selection.py'...
[299.717s] Compiling '/home/stepan/ws_ros2/install/px4_msgs/local/lib/python3.10/dist-packages/px4_msgs/msg/_sensor_uwb.py'...
[299.717s] Compiling '/home/stepan/ws_ros2/install/px4_msgs/local/lib/python3.10/dist-packages/px4_msgs/msg/_sensors_status.py'...
[299.718s] Compiling '/home/stepan/ws_ros2/install/px4_msgs/local/lib/python3.10/dist-packages/px4_msgs/msg/_sensors_status_imu.py'...
[299.718s] Compiling '/home/stepan/ws_ros2/install/px4_msgs/local/lib/python3.10/dist-packages/px4_msgs/msg/_system_power.py'...
[299.718s] Compiling '/home/stepan/ws_ros2/install/px4_msgs/local/lib/python3.10/dist-packages/px4_msgs/msg/_takeoff_status.py'...
[299.718s] Compiling '/home/stepan/ws_ros2/install/px4_msgs/local/lib/python3.10/dist-packages/px4_msgs/msg/_task_stack_info.py'...
[299.718s] Compiling '/home/stepan/ws_ros2/install/px4_msgs/local/lib/python3.10/dist-packages/px4_msgs/msg/_tecs_status.py'...
[299.718s] Compiling '/home/stepan/ws_ros2/install/px4_msgs/local/lib/python3.10/dist-packages/px4_msgs/msg/_telemetry_status.py'...
[299.718s] Compiling '/home/stepan/ws_ros2/install/px4_msgs/local/lib/python3.10/dist-packages/px4_msgs/msg/_tiltrotor_extra_controls.py'...
[299.718s] Compiling '/home/stepan/ws_ros2/install/px4_msgs/local/lib/python3.10/dist-packages/px4_msgs/msg/_timesync_status.py'...
[299.718s] Compiling '/home/stepan/ws_ros2/install/px4_msgs/local/lib/python3.10/dist-packages/px4_msgs/msg/_trajectory_setpoint.py'...
[299.718s] Compiling '/home/stepan/ws_ros2/install/px4_msgs/local/lib/python3.10/dist-packages/px4_msgs/msg/_trajectory_setpoint6dof.py'...
[299.718s] Compiling '/home/stepan/ws_ros2/install/px4_msgs/local/lib/python3.10/dist-packages/px4_msgs/msg/_transponder_report.py'...
[299.718s] Compiling '/home/stepan/ws_ros2/install/px4_msgs/local/lib/python3.10/dist-packages/px4_msgs/msg/_tune_control.py'...
[299.718s] Compiling '/home/stepan/ws_ros2/install/px4_msgs/local/lib/python3.10/dist-packages/px4_msgs/msg/_uavcan_parameter_request.py'...
[299.718s] Compiling '/home/stepan/ws_ros2/install/px4_msgs/local/lib/python3.10/dist-packages/px4_msgs/msg/_uavcan_parameter_value.py'...
[299.718s] Compiling '/home/stepan/ws_ros2/install/px4_msgs/local/lib/python3.10/dist-packages/px4_msgs/msg/_ulog_stream.py'...
[299.718s] Compiling '/home/stepan/ws_ros2/install/px4_msgs/local/lib/python3.10/dist-packages/px4_msgs/msg/_ulog_stream_ack.py'...
[299.776s] Compiling '/home/stepan/ws_ros2/install/px4_msgs/local/lib/python3.10/dist-packages/px4_msgs/msg/_unregister_ext_component.py'...
[299.776s] Compiling '/home/stepan/ws_ros2/install/px4_msgs/local/lib/python3.10/dist-packages/px4_msgs/msg/_vehicle_acceleration.py'...
[299.776s] Compiling '/home/stepan/ws_ros2/install/px4_msgs/local/lib/python3.10/dist-packages/px4_msgs/msg/_vehicle_air_data.py'...
[299.776s] Compiling '/home/stepan/ws_ros2/install/px4_msgs/local/lib/python3.10/dist-packages/px4_msgs/msg/_vehicle_angular_acceleration_setpoint.py'...
[299.776s] Compiling '/home/stepan/ws_ros2/install/px4_msgs/local/lib/python3.10/dist-packages/px4_msgs/msg/_vehicle_angular_velocity.py'...
[299.777s] Compiling '/home/stepan/ws_ros2/install/px4_msgs/local/lib/python3.10/dist-packages/px4_msgs/msg/_vehicle_attitude.py'...
[299.777s] Compiling '/home/stepan/ws_ros2/install/px4_msgs/local/lib/python3.10/dist-packages/px4_msgs/msg/_vehicle_attitude_setpoint.py'...
[299.777s] Compiling '/home/stepan/ws_ros2/install/px4_msgs/local/lib/python3.10/dist-packages/px4_msgs/msg/_vehicle_command.py'...
[299.777s] Compiling '/home/stepan/ws_ros2/install/px4_msgs/local/lib/python3.10/dist-packages/px4_msgs/msg/_vehicle_command_ack.py'...
[299.777s] Compiling '/home/stepan/ws_ros2/install/px4_msgs/local/lib/python3.10/dist-packages/px4_msgs/msg/_vehicle_constraints.py'...
[299.777s] Compiling '/home/stepan/ws_ros2/install/px4_msgs/local/lib/python3.10/dist-packages/px4_msgs/msg/_vehicle_control_mode.py'...
[299.777s] Compiling '/home/stepan/ws_ros2/install/px4_msgs/local/lib/python3.10/dist-packages/px4_msgs/msg/_vehicle_global_position.py'...
[299.777s] Compiling '/home/stepan/ws_ros2/install/px4_msgs/local/lib/python3.10/dist-packages/px4_msgs/msg/_vehicle_imu.py'...
[299.777s] Compiling '/home/stepan/ws_ros2/install/px4_msgs/local/lib/python3.10/dist-packages/px4_msgs/msg/_vehicle_imu_status.py'...
[299.777s] Compiling '/home/stepan/ws_ros2/install/px4_msgs/local/lib/python3.10/dist-packages/px4_msgs/msg/_vehicle_land_detected.py'...
[299.777s] Compiling '/home/stepan/ws_ros2/install/px4_msgs/local/lib/python3.10/dist-packages/px4_msgs/msg/_vehicle_local_position.py'...
[299.777s] Compiling '/home/stepan/ws_ros2/install/px4_msgs/local/lib/python3.10/dist-packages/px4_msgs/msg/_vehicle_local_position_setpoint.py'...
[299.777s] Compiling '/home/stepan/ws_ros2/install/px4_msgs/local/lib/python3.10/dist-packages/px4_msgs/msg/_vehicle_magnetometer.py'...
[299.777s] Compiling '/home/stepan/ws_ros2/install/px4_msgs/local/lib/python3.10/dist-packages/px4_msgs/msg/_vehicle_odometry.py'...
[299.777s] Compiling '/home/stepan/ws_ros2/install/px4_msgs/local/lib/python3.10/dist-packages/px4_msgs/msg/_vehicle_optical_flow.py'...
[299.777s] Compiling '/home/stepan/ws_ros2/install/px4_msgs/local/lib/python3.10/dist-packages/px4_msgs/msg/_vehicle_optical_flow_vel.py'...
[299.777s] Compiling '/home/stepan/ws_ros2/install/px4_msgs/local/lib/python3.10/dist-packages/px4_msgs/msg/_vehicle_rates_setpoint.py'...
[299.778s] Compiling '/home/stepan/ws_ros2/install/px4_msgs/local/lib/python3.10/dist-packages/px4_msgs/msg/_vehicle_roi.py'...
[299.778s] Compiling '/home/stepan/ws_ros2/install/px4_msgs/local/lib/python3.10/dist-packages/px4_msgs/msg/_vehicle_status.py'...
[299.778s] Compiling '/home/stepan/ws_ros2/install/px4_msgs/local/lib/python3.10/dist-packages/px4_msgs/msg/_vehicle_thrust_setpoint.py'...
[299.778s] Compiling '/home/stepan/ws_ros2/install/px4_msgs/local/lib/python3.10/dist-packages/px4_msgs/msg/_vehicle_torque_setpoint.py'...
[299.778s] Compiling '/home/stepan/ws_ros2/install/px4_msgs/local/lib/python3.10/dist-packages/px4_msgs/msg/_velocity_limits.py'...
[299.778s] Compiling '/home/stepan/ws_ros2/install/px4_msgs/local/lib/python3.10/dist-packages/px4_msgs/msg/_vtol_vehicle_status.py'...
[299.778s] Compiling '/home/stepan/ws_ros2/install/px4_msgs/local/lib/python3.10/dist-packages/px4_msgs/msg/_wheel_encoders.py'...
[299.778s] Compiling '/home/stepan/ws_ros2/install/px4_msgs/local/lib/python3.10/dist-packages/px4_msgs/msg/_wind.py'...
[299.778s] Compiling '/home/stepan/ws_ros2/install/px4_msgs/local/lib/python3.10/dist-packages/px4_msgs/msg/_yaw_estimator_status.py'...
[299.778s] Listing '/home/stepan/ws_ros2/install/px4_msgs/local/lib/python3.10/dist-packages/px4_msgs/srv'...
[299.778s] Compiling '/home/stepan/ws_ros2/install/px4_msgs/local/lib/python3.10/dist-packages/px4_msgs/srv/__init__.py'...
[299.778s] Compiling '/home/stepan/ws_ros2/install/px4_msgs/local/lib/python3.10/dist-packages/px4_msgs/srv/_vehicle_command.py'...
[299.782s] -- Installing: /home/stepan/ws_ros2/install/px4_msgs/local/lib/python3.10/dist-packages/px4_msgs/px4_msgs_s__rosidl_typesupport_fastrtps_c.cpython-310-x86_64-linux-gnu.so
[299.783s] -- Set runtime path of "/home/stepan/ws_ros2/install/px4_msgs/local/lib/python3.10/dist-packages/px4_msgs/px4_msgs_s__rosidl_typesupport_fastrtps_c.cpython-310-x86_64-linux-gnu.so" to ""
[299.783s] -- Installing: /home/stepan/ws_ros2/install/px4_msgs/local/lib/python3.10/dist-packages/px4_msgs/px4_msgs_s__rosidl_typesupport_introspection_c.cpython-310-x86_64-linux-gnu.so
[299.784s] -- Set runtime path of "/home/stepan/ws_ros2/install/px4_msgs/local/lib/python3.10/dist-packages/px4_msgs/px4_msgs_s__rosidl_typesupport_introspection_c.cpython-310-x86_64-linux-gnu.so" to ""
[299.784s] -- Installing: /home/stepan/ws_ros2/install/px4_msgs/local/lib/python3.10/dist-packages/px4_msgs/px4_msgs_s__rosidl_typesupport_c.cpython-310-x86_64-linux-gnu.so
[299.785s] -- Set runtime path of "/home/stepan/ws_ros2/install/px4_msgs/local/lib/python3.10/dist-packages/px4_msgs/px4_msgs_s__rosidl_typesupport_c.cpython-310-x86_64-linux-gnu.so" to ""
[299.786s] -- Installing: /home/stepan/ws_ros2/install/px4_msgs/lib/libpx4_msgs__rosidl_generator_py.so
[299.788s] -- Set runtime path of "/home/stepan/ws_ros2/install/px4_msgs/lib/libpx4_msgs__rosidl_generator_py.so" to ""
[299.788s] -- Installing: /home/stepan/ws_ros2/install/px4_msgs/share/px4_msgs/msg/AckermannVelocitySetpoint.idl
[299.788s] -- Installing: /home/stepan/ws_ros2/install/px4_msgs/share/px4_msgs/msg/ActionRequest.idl
[299.789s] -- Installing: /home/stepan/ws_ros2/install/px4_msgs/share/px4_msgs/msg/ActuatorArmed.idl
[299.789s] -- Installing: /home/stepan/ws_ros2/install/px4_msgs/share/px4_msgs/msg/ActuatorControlsStatus.idl
[299.790s] -- Installing: /home/stepan/ws_ros2/install/px4_msgs/share/px4_msgs/msg/ActuatorMotors.idl
[299.790s] -- Installing: /home/stepan/ws_ros2/install/px4_msgs/share/px4_msgs/msg/ActuatorOutputs.idl
[299.791s] -- Installing: /home/stepan/ws_ros2/install/px4_msgs/share/px4_msgs/msg/ActuatorServos.idl
[299.791s] -- Installing: /home/stepan/ws_ros2/install/px4_msgs/share/px4_msgs/msg/ActuatorServosTrim.idl
[299.791s] -- Installing: /home/stepan/ws_ros2/install/px4_msgs/share/px4_msgs/msg/ActuatorTest.idl
[299.792s] -- Installing: /home/stepan/ws_ros2/install/px4_msgs/share/px4_msgs/msg/AdcReport.idl
[299.792s] -- Installing: /home/stepan/ws_ros2/install/px4_msgs/share/px4_msgs/msg/Airspeed.idl
[299.792s] -- Installing: /home/stepan/ws_ros2/install/px4_msgs/share/px4_msgs/msg/AirspeedValidated.idl
[299.793s] -- Installing: /home/stepan/ws_ros2/install/px4_msgs/share/px4_msgs/msg/AirspeedWind.idl
[299.793s] -- Installing: /home/stepan/ws_ros2/install/px4_msgs/share/px4_msgs/msg/ArmingCheckReply.idl
[299.794s] -- Installing: /home/stepan/ws_ros2/install/px4_msgs/share/px4_msgs/msg/ArmingCheckRequest.idl
[299.794s] -- Installing: /home/stepan/ws_ros2/install/px4_msgs/share/px4_msgs/msg/AutotuneAttitudeControlStatus.idl
[299.794s] -- Installing: /home/stepan/ws_ros2/install/px4_msgs/share/px4_msgs/msg/BatteryStatus.idl
[299.795s] -- Installing: /home/stepan/ws_ros2/install/px4_msgs/share/px4_msgs/msg/ButtonEvent.idl
[299.795s] -- Installing: /home/stepan/ws_ros2/install/px4_msgs/share/px4_msgs/msg/CameraCapture.idl
[299.795s] -- Installing: /home/stepan/ws_ros2/install/px4_msgs/share/px4_msgs/msg/CameraStatus.idl
[299.796s] -- Installing: /home/stepan/ws_ros2/install/px4_msgs/share/px4_msgs/msg/CameraTrigger.idl
[299.796s] -- Installing: /home/stepan/ws_ros2/install/px4_msgs/share/px4_msgs/msg/CanInterfaceStatus.idl
[299.796s] -- Installing: /home/stepan/ws_ros2/install/px4_msgs/share/px4_msgs/msg/CellularStatus.idl
[299.797s] -- Installing: /home/stepan/ws_ros2/install/px4_msgs/share/px4_msgs/msg/CollisionConstraints.idl
[299.797s] -- Installing: /home/stepan/ws_ros2/install/px4_msgs/share/px4_msgs/msg/ConfigOverrides.idl
[299.798s] -- Installing: /home/stepan/ws_ros2/install/px4_msgs/share/px4_msgs/msg/ControlAllocatorStatus.idl
[299.798s] -- Installing: /home/stepan/ws_ros2/install/px4_msgs/share/px4_msgs/msg/Cpuload.idl
[299.799s] -- Installing: /home/stepan/ws_ros2/install/px4_msgs/share/px4_msgs/msg/DatamanRequest.idl
[299.799s] -- Installing: /home/stepan/ws_ros2/install/px4_msgs/share/px4_msgs/msg/DatamanResponse.idl
[299.799s] -- Installing: /home/stepan/ws_ros2/install/px4_msgs/share/px4_msgs/msg/DebugArray.idl
[299.800s] -- Installing: /home/stepan/ws_ros2/install/px4_msgs/share/px4_msgs/msg/DebugKeyValue.idl
[299.800s] -- Installing: /home/stepan/ws_ros2/install/px4_msgs/share/px4_msgs/msg/DebugValue.idl
[299.800s] -- Installing: /home/stepan/ws_ros2/install/px4_msgs/share/px4_msgs/msg/DebugVect.idl
[299.801s] -- Installing: /home/stepan/ws_ros2/install/px4_msgs/share/px4_msgs/msg/DifferentialPressure.idl
[299.801s] -- Installing: /home/stepan/ws_ros2/install/px4_msgs/share/px4_msgs/msg/DistanceSensor.idl
[299.802s] -- Installing: /home/stepan/ws_ros2/install/px4_msgs/share/px4_msgs/msg/DistanceSensorModeChangeRequest.idl
[299.802s] -- Installing: /home/stepan/ws_ros2/install/px4_msgs/share/px4_msgs/msg/Ekf2Timestamps.idl
[299.803s] -- Installing: /home/stepan/ws_ros2/install/px4_msgs/share/px4_msgs/msg/EscReport.idl
[299.803s] -- Installing: /home/stepan/ws_ros2/install/px4_msgs/share/px4_msgs/msg/EscStatus.idl
[299.804s] -- Installing: /home/stepan/ws_ros2/install/px4_msgs/share/px4_msgs/msg/EstimatorAidSource1d.idl
[299.804s] -- Installing: /home/stepan/ws_ros2/install/px4_msgs/share/px4_msgs/msg/EstimatorAidSource2d.idl
[299.805s] -- Installing: /home/stepan/ws_ros2/install/px4_msgs/share/px4_msgs/msg/EstimatorAidSource3d.idl
[299.805s] -- Installing: /home/stepan/ws_ros2/install/px4_msgs/share/px4_msgs/msg/EstimatorBias.idl
[299.805s] -- Installing: /home/stepan/ws_ros2/install/px4_msgs/share/px4_msgs/msg/EstimatorBias3d.idl
[299.806s] -- Installing: /home/stepan/ws_ros2/install/px4_msgs/share/px4_msgs/msg/EstimatorEventFlags.idl
[299.806s] -- Installing: /home/stepan/ws_ros2/install/px4_msgs/share/px4_msgs/msg/EstimatorGpsStatus.idl
[299.807s] -- Installing: /home/stepan/ws_ros2/install/px4_msgs/share/px4_msgs/msg/EstimatorInnovations.idl
[299.807s] -- Installing: /home/stepan/ws_ros2/install/px4_msgs/share/px4_msgs/msg/EstimatorSelectorStatus.idl
[299.808s] -- Installing: /home/stepan/ws_ros2/install/px4_msgs/share/px4_msgs/msg/EstimatorSensorBias.idl
[299.808s] -- Installing: /home/stepan/ws_ros2/install/px4_msgs/share/px4_msgs/msg/EstimatorStates.idl
[299.808s] -- Installing: /home/stepan/ws_ros2/install/px4_msgs/share/px4_msgs/msg/EstimatorStatus.idl
[299.809s] -- Installing: /home/stepan/ws_ros2/install/px4_msgs/share/px4_msgs/msg/EstimatorStatusFlags.idl
[299.809s] -- Installing: /home/stepan/ws_ros2/install/px4_msgs/share/px4_msgs/msg/Event.idl
[299.809s] -- Installing: /home/stepan/ws_ros2/install/px4_msgs/share/px4_msgs/msg/FailsafeFlags.idl
[299.810s] -- Installing: /home/stepan/ws_ros2/install/px4_msgs/share/px4_msgs/msg/FailureDetectorStatus.idl
[299.810s] -- Installing: /home/stepan/ws_ros2/install/px4_msgs/share/px4_msgs/msg/FigureEightStatus.idl
[299.811s] -- Installing: /home/stepan/ws_ros2/install/px4_msgs/share/px4_msgs/msg/FlightPhaseEstimation.idl
[299.811s] -- Installing: /home/stepan/ws_ros2/install/px4_msgs/share/px4_msgs/msg/FollowTarget.idl
[299.811s] -- Installing: /home/stepan/ws_ros2/install/px4_msgs/share/px4_msgs/msg/FollowTargetEstimator.idl
[299.812s] -- Installing: /home/stepan/ws_ros2/install/px4_msgs/share/px4_msgs/msg/FollowTargetStatus.idl
[299.812s] -- Installing: /home/stepan/ws_ros2/install/px4_msgs/share/px4_msgs/msg/FuelTankStatus.idl
[299.812s] -- Installing: /home/stepan/ws_ros2/install/px4_msgs/share/px4_msgs/msg/GeneratorStatus.idl
[299.813s] -- Installing: /home/stepan/ws_ros2/install/px4_msgs/share/px4_msgs/msg/GeofenceResult.idl
[299.813s] -- Installing: /home/stepan/ws_ros2/install/px4_msgs/share/px4_msgs/msg/GeofenceStatus.idl
[299.814s] -- Installing: /home/stepan/ws_ros2/install/px4_msgs/share/px4_msgs/msg/GimbalControls.idl
[299.814s] -- Installing: /home/stepan/ws_ros2/install/px4_msgs/share/px4_msgs/msg/GimbalDeviceAttitudeStatus.idl
[299.814s] -- Installing: /home/stepan/ws_ros2/install/px4_msgs/share/px4_msgs/msg/GimbalDeviceInformation.idl
[299.815s] -- Installing: /home/stepan/ws_ros2/install/px4_msgs/share/px4_msgs/msg/GimbalDeviceSetAttitude.idl
[299.815s] -- Installing: /home/stepan/ws_ros2/install/px4_msgs/share/px4_msgs/msg/GimbalManagerInformation.idl
[299.816s] -- Installing: /home/stepan/ws_ros2/install/px4_msgs/share/px4_msgs/msg/GimbalManagerSetAttitude.idl
[299.816s] -- Installing: /home/stepan/ws_ros2/install/px4_msgs/share/px4_msgs/msg/GimbalManagerSetManualControl.idl
[299.817s] -- Installing: /home/stepan/ws_ros2/install/px4_msgs/share/px4_msgs/msg/GimbalManagerStatus.idl
[299.818s] -- Installing: /home/stepan/ws_ros2/install/px4_msgs/share/px4_msgs/msg/GotoSetpoint.idl
[299.818s] -- Installing: /home/stepan/ws_ros2/install/px4_msgs/share/px4_msgs/msg/GpioConfig.idl
[299.818s] -- Installing: /home/stepan/ws_ros2/install/px4_msgs/share/px4_msgs/msg/GpioIn.idl
[299.819s] -- Installing: /home/stepan/ws_ros2/install/px4_msgs/share/px4_msgs/msg/GpioOut.idl
[299.819s] -- Installing: /home/stepan/ws_ros2/install/px4_msgs/share/px4_msgs/msg/GpioRequest.idl
[299.820s] -- Installing: /home/stepan/ws_ros2/install/px4_msgs/share/px4_msgs/msg/GpsDump.idl
[299.820s] -- Installing: /home/stepan/ws_ros2/install/px4_msgs/share/px4_msgs/msg/GpsInjectData.idl
[299.820s] -- Installing: /home/stepan/ws_ros2/install/px4_msgs/share/px4_msgs/msg/Gripper.idl
[299.821s] -- Installing: /home/stepan/ws_ros2/install/px4_msgs/share/px4_msgs/msg/HealthReport.idl
[299.821s] -- Installing: /home/stepan/ws_ros2/install/px4_msgs/share/px4_msgs/msg/HeaterStatus.idl
[299.821s] -- Installing: /home/stepan/ws_ros2/install/px4_msgs/share/px4_msgs/msg/HomePosition.idl
[299.822s] -- Installing: /home/stepan/ws_ros2/install/px4_msgs/share/px4_msgs/msg/HoverThrustEstimate.idl
[299.822s] -- Installing: /home/stepan/ws_ros2/install/px4_msgs/share/px4_msgs/msg/InputRc.idl
[299.822s] -- Installing: /home/stepan/ws_ros2/install/px4_msgs/share/px4_msgs/msg/InternalCombustionEngineControl.idl
[299.823s] -- Installing: /home/stepan/ws_ros2/install/px4_msgs/share/px4_msgs/msg/InternalCombustionEngineStatus.idl
[299.823s] -- Installing: /home/stepan/ws_ros2/install/px4_msgs/share/px4_msgs/msg/IridiumsbdStatus.idl
[299.824s] -- Installing: /home/stepan/ws_ros2/install/px4_msgs/share/px4_msgs/msg/IrlockReport.idl
[299.824s] -- Installing: /home/stepan/ws_ros2/install/px4_msgs/share/px4_msgs/msg/LandingGear.idl
[299.824s] -- Installing: /home/stepan/ws_ros2/install/px4_msgs/share/px4_msgs/msg/LandingGearWheel.idl
[299.825s] -- Installing: /home/stepan/ws_ros2/install/px4_msgs/share/px4_msgs/msg/LandingTargetInnovations.idl
[299.825s] -- Installing: /home/stepan/ws_ros2/install/px4_msgs/share/px4_msgs/msg/LandingTargetPose.idl
[299.825s] -- Installing: /home/stepan/ws_ros2/install/px4_msgs/share/px4_msgs/msg/LaunchDetectionStatus.idl
[299.826s] -- Installing: /home/stepan/ws_ros2/install/px4_msgs/share/px4_msgs/msg/LedControl.idl
[299.826s] -- Installing: /home/stepan/ws_ros2/install/px4_msgs/share/px4_msgs/msg/LogMessage.idl
[299.827s] -- Installing: /home/stepan/ws_ros2/install/px4_msgs/share/px4_msgs/msg/LoggerStatus.idl
[299.827s] -- Installing: /home/stepan/ws_ros2/install/px4_msgs/share/px4_msgs/msg/MagWorkerData.idl
[299.827s] -- Installing: /home/stepan/ws_ros2/install/px4_msgs/share/px4_msgs/msg/MagnetometerBiasEstimate.idl
[299.828s] -- Installing: /home/stepan/ws_ros2/install/px4_msgs/share/px4_msgs/msg/ManualControlSetpoint.idl
[299.828s] -- Installing: /home/stepan/ws_ros2/install/px4_msgs/share/px4_msgs/msg/ManualControlSwitches.idl
[299.828s] -- Installing: /home/stepan/ws_ros2/install/px4_msgs/share/px4_msgs/msg/MavlinkLog.idl
[299.829s] -- Installing: /home/stepan/ws_ros2/install/px4_msgs/share/px4_msgs/msg/MavlinkTunnel.idl
[299.829s] -- Installing: /home/stepan/ws_ros2/install/px4_msgs/share/px4_msgs/msg/MessageFormatRequest.idl
[299.830s] -- Installing: /home/stepan/ws_ros2/install/px4_msgs/share/px4_msgs/msg/MessageFormatResponse.idl
[299.830s] -- Installing: /home/stepan/ws_ros2/install/px4_msgs/share/px4_msgs/msg/Mission.idl
[299.830s] -- Installing: /home/stepan/ws_ros2/install/px4_msgs/share/px4_msgs/msg/MissionResult.idl
[299.831s] -- Installing: /home/stepan/ws_ros2/install/px4_msgs/share/px4_msgs/msg/ModeCompleted.idl
[299.831s] -- Installing: /home/stepan/ws_ros2/install/px4_msgs/share/px4_msgs/msg/MountOrientation.idl
[299.831s] -- Installing: /home/stepan/ws_ros2/install/px4_msgs/share/px4_msgs/msg/NavigatorMissionItem.idl
[299.832s] -- Installing: /home/stepan/ws_ros2/install/px4_msgs/share/px4_msgs/msg/NavigatorStatus.idl
[299.832s] -- Installing: /home/stepan/ws_ros2/install/px4_msgs/share/px4_msgs/msg/NormalizedUnsignedSetpoint.idl
[299.833s] -- Installing: /home/stepan/ws_ros2/install/px4_msgs/share/px4_msgs/msg/NpfgStatus.idl
[299.833s] -- Installing: /home/stepan/ws_ros2/install/px4_msgs/share/px4_msgs/msg/ObstacleDistance.idl
[299.833s] -- Installing: /home/stepan/ws_ros2/install/px4_msgs/share/px4_msgs/msg/OffboardControlMode.idl
[299.834s] -- Installing: /home/stepan/ws_ros2/install/px4_msgs/share/px4_msgs/msg/OnboardComputerStatus.idl
[299.834s] -- Installing: /home/stepan/ws_ros2/install/px4_msgs/share/px4_msgs/msg/OpenDroneIdArmStatus.idl
[299.834s] -- Installing: /home/stepan/ws_ros2/install/px4_msgs/share/px4_msgs/msg/OpenDroneIdOperatorId.idl
[299.835s] -- Installing: /home/stepan/ws_ros2/install/px4_msgs/share/px4_msgs/msg/OpenDroneIdSelfId.idl
[299.835s] -- Installing: /home/stepan/ws_ros2/install/px4_msgs/share/px4_msgs/msg/OpenDroneIdSystem.idl
[299.836s] -- Installing: /home/stepan/ws_ros2/install/px4_msgs/share/px4_msgs/msg/OrbTest.idl
[299.836s] -- Installing: /home/stepan/ws_ros2/install/px4_msgs/share/px4_msgs/msg/OrbTestLarge.idl
[299.836s] -- Installing: /home/stepan/ws_ros2/install/px4_msgs/share/px4_msgs/msg/OrbTestMedium.idl
[299.837s] -- Installing: /home/stepan/ws_ros2/install/px4_msgs/share/px4_msgs/msg/OrbitStatus.idl
[299.837s] -- Installing: /home/stepan/ws_ros2/install/px4_msgs/share/px4_msgs/msg/ParameterResetRequest.idl
[299.838s] -- Installing: /home/stepan/ws_ros2/install/px4_msgs/share/px4_msgs/msg/ParameterSetUsedRequest.idl
[299.838s] -- Installing: /home/stepan/ws_ros2/install/px4_msgs/share/px4_msgs/msg/ParameterSetValueRequest.idl
[299.838s] -- Installing: /home/stepan/ws_ros2/install/px4_msgs/share/px4_msgs/msg/ParameterSetValueResponse.idl
[299.839s] -- Installing: /home/stepan/ws_ros2/install/px4_msgs/share/px4_msgs/msg/ParameterUpdate.idl
[299.839s] -- Installing: /home/stepan/ws_ros2/install/px4_msgs/share/px4_msgs/msg/Ping.idl
[299.839s] -- Installing: /home/stepan/ws_ros2/install/px4_msgs/share/px4_msgs/msg/PositionControllerLandingStatus.idl
[299.840s] -- Installing: /home/stepan/ws_ros2/install/px4_msgs/share/px4_msgs/msg/PositionControllerStatus.idl
[299.840s] -- Installing: /home/stepan/ws_ros2/install/px4_msgs/share/px4_msgs/msg/PositionSetpoint.idl
[299.841s] -- Installing: /home/stepan/ws_ros2/install/px4_msgs/share/px4_msgs/msg/PositionSetpointTriplet.idl
[299.841s] -- Installing: /home/stepan/ws_ros2/install/px4_msgs/share/px4_msgs/msg/PowerButtonState.idl
[299.841s] -- Installing: /home/stepan/ws_ros2/install/px4_msgs/share/px4_msgs/msg/PowerMonitor.idl
[299.842s] -- Installing: /home/stepan/ws_ros2/install/px4_msgs/share/px4_msgs/msg/PpsCapture.idl
[299.842s] -- Installing: /home/stepan/ws_ros2/install/px4_msgs/share/px4_msgs/msg/PurePursuitStatus.idl
[299.842s] -- Installing: /home/stepan/ws_ros2/install/px4_msgs/share/px4_msgs/msg/PwmInput.idl
[299.843s] -- Installing: /home/stepan/ws_ros2/install/px4_msgs/share/px4_msgs/msg/Px4ioStatus.idl
[299.843s] -- Installing: /home/stepan/ws_ros2/install/px4_msgs/share/px4_msgs/msg/QshellReq.idl
[299.844s] -- Installing: /home/stepan/ws_ros2/install/px4_msgs/share/px4_msgs/msg/QshellRetval.idl
[299.844s] -- Installing: /home/stepan/ws_ros2/install/px4_msgs/share/px4_msgs/msg/RadioStatus.idl
[299.844s] -- Installing: /home/stepan/ws_ros2/install/px4_msgs/share/px4_msgs/msg/RateCtrlStatus.idl
[299.845s] -- Installing: /home/stepan/ws_ros2/install/px4_msgs/share/px4_msgs/msg/RcChannels.idl
[299.845s] -- Installing: /home/stepan/ws_ros2/install/px4_msgs/share/px4_msgs/msg/RcParameterMap.idl
[299.845s] -- Installing: /home/stepan/ws_ros2/install/px4_msgs/share/px4_msgs/msg/RegisterExtComponentReply.idl
[299.846s] -- Installing: /home/stepan/ws_ros2/install/px4_msgs/share/px4_msgs/msg/RegisterExtComponentRequest.idl
[299.846s] -- Installing: /home/stepan/ws_ros2/install/px4_msgs/share/px4_msgs/msg/RoverAttitudeSetpoint.idl
[299.846s] -- Installing: /home/stepan/ws_ros2/install/px4_msgs/share/px4_msgs/msg/RoverAttitudeStatus.idl
[299.847s] -- Installing: /home/stepan/ws_ros2/install/px4_msgs/share/px4_msgs/msg/RoverPositionSetpoint.idl
[299.847s] -- Installing: /home/stepan/ws_ros2/install/px4_msgs/share/px4_msgs/msg/RoverRateSetpoint.idl
[299.848s] -- Installing: /home/stepan/ws_ros2/install/px4_msgs/share/px4_msgs/msg/RoverRateStatus.idl
[299.848s] -- Installing: /home/stepan/ws_ros2/install/px4_msgs/share/px4_msgs/msg/RoverSteeringSetpoint.idl
[299.848s] -- Installing: /home/stepan/ws_ros2/install/px4_msgs/share/px4_msgs/msg/RoverThrottleSetpoint.idl
[299.849s] -- Installing: /home/stepan/ws_ros2/install/px4_msgs/share/px4_msgs/msg/RoverVelocityStatus.idl
[299.849s] -- Installing: /home/stepan/ws_ros2/install/px4_msgs/share/px4_msgs/msg/Rpm.idl
[299.849s] -- Installing: /home/stepan/ws_ros2/install/px4_msgs/share/px4_msgs/msg/RtlStatus.idl
[299.850s] -- Installing: /home/stepan/ws_ros2/install/px4_msgs/share/px4_msgs/msg/RtlTimeEstimate.idl
[299.850s] -- Installing: /home/stepan/ws_ros2/install/px4_msgs/share/px4_msgs/msg/SatelliteInfo.idl
[299.851s] -- Installing: /home/stepan/ws_ros2/install/px4_msgs/share/px4_msgs/msg/SensorAccel.idl
[299.851s] -- Installing: /home/stepan/ws_ros2/install/px4_msgs/share/px4_msgs/msg/SensorAccelFifo.idl
[299.851s] -- Installing: /home/stepan/ws_ros2/install/px4_msgs/share/px4_msgs/msg/SensorAirflow.idl
[299.852s] -- Installing: /home/stepan/ws_ros2/install/px4_msgs/share/px4_msgs/msg/SensorBaro.idl
[299.852s] -- Installing: /home/stepan/ws_ros2/install/px4_msgs/share/px4_msgs/msg/SensorCombined.idl
[299.852s] -- Installing: /home/stepan/ws_ros2/install/px4_msgs/share/px4_msgs/msg/SensorCorrection.idl
[299.853s] -- Installing: /home/stepan/ws_ros2/install/px4_msgs/share/px4_msgs/msg/SensorGnssRelative.idl
[299.853s] -- Installing: /home/stepan/ws_ros2/install/px4_msgs/share/px4_msgs/msg/SensorGps.idl
[299.854s] -- Installing: /home/stepan/ws_ros2/install/px4_msgs/share/px4_msgs/msg/SensorGyro.idl
[299.854s] -- Installing: /home/stepan/ws_ros2/install/px4_msgs/share/px4_msgs/msg/SensorGyroFft.idl
[299.854s] -- Installing: /home/stepan/ws_ros2/install/px4_msgs/share/px4_msgs/msg/SensorGyroFifo.idl
[299.855s] -- Installing: /home/stepan/ws_ros2/install/px4_msgs/share/px4_msgs/msg/SensorHygrometer.idl
[299.855s] -- Installing: /home/stepan/ws_ros2/install/px4_msgs/share/px4_msgs/msg/SensorMag.idl
[299.855s] -- Installing: /home/stepan/ws_ros2/install/px4_msgs/share/px4_msgs/msg/SensorOpticalFlow.idl
[299.856s] -- Installing: /home/stepan/ws_ros2/install/px4_msgs/share/px4_msgs/msg/SensorPreflightMag.idl
[299.856s] -- Installing: /home/stepan/ws_ros2/install/px4_msgs/share/px4_msgs/msg/SensorSelection.idl
[299.856s] -- Installing: /home/stepan/ws_ros2/install/px4_msgs/share/px4_msgs/msg/SensorUwb.idl
[299.857s] -- Installing: /home/stepan/ws_ros2/install/px4_msgs/share/px4_msgs/msg/SensorsStatus.idl
[299.857s] -- Installing: /home/stepan/ws_ros2/install/px4_msgs/share/px4_msgs/msg/SensorsStatusImu.idl
[299.858s] -- Installing: /home/stepan/ws_ros2/install/px4_msgs/share/px4_msgs/msg/SystemPower.idl
[299.858s] -- Installing: /home/stepan/ws_ros2/install/px4_msgs/share/px4_msgs/msg/TakeoffStatus.idl
[299.858s] -- Installing: /home/stepan/ws_ros2/install/px4_msgs/share/px4_msgs/msg/TaskStackInfo.idl
[299.859s] -- Installing: /home/stepan/ws_ros2/install/px4_msgs/share/px4_msgs/msg/TecsStatus.idl
[299.859s] -- Installing: /home/stepan/ws_ros2/install/px4_msgs/share/px4_msgs/msg/TelemetryStatus.idl
[299.860s] -- Installing: /home/stepan/ws_ros2/install/px4_msgs/share/px4_msgs/msg/TiltrotorExtraControls.idl
[299.860s] -- Installing: /home/stepan/ws_ros2/install/px4_msgs/share/px4_msgs/msg/TimesyncStatus.idl
[299.860s] -- Installing: /home/stepan/ws_ros2/install/px4_msgs/share/px4_msgs/msg/TrajectorySetpoint.idl
[299.860s] -- Installing: /home/stepan/ws_ros2/install/px4_msgs/share/px4_msgs/msg/TrajectorySetpoint6dof.idl
[299.861s] -- Installing: /home/stepan/ws_ros2/install/px4_msgs/share/px4_msgs/msg/TransponderReport.idl
[299.861s] -- Installing: /home/stepan/ws_ros2/install/px4_msgs/share/px4_msgs/msg/TuneControl.idl
[299.862s] -- Installing: /home/stepan/ws_ros2/install/px4_msgs/share/px4_msgs/msg/UavcanParameterRequest.idl
[299.862s] -- Installing: /home/stepan/ws_ros2/install/px4_msgs/share/px4_msgs/msg/UavcanParameterValue.idl
[299.862s] -- Installing: /home/stepan/ws_ros2/install/px4_msgs/share/px4_msgs/msg/UlogStream.idl
[299.863s] -- Installing: /home/stepan/ws_ros2/install/px4_msgs/share/px4_msgs/msg/UlogStreamAck.idl
[299.863s] -- Installing: /home/stepan/ws_ros2/install/px4_msgs/share/px4_msgs/msg/UnregisterExtComponent.idl
[299.863s] -- Installing: /home/stepan/ws_ros2/install/px4_msgs/share/px4_msgs/msg/VehicleAcceleration.idl
[299.864s] -- Installing: /home/stepan/ws_ros2/install/px4_msgs/share/px4_msgs/msg/VehicleAirData.idl
[299.864s] -- Installing: /home/stepan/ws_ros2/install/px4_msgs/share/px4_msgs/msg/VehicleAngularAccelerationSetpoint.idl
[299.865s] -- Installing: /home/stepan/ws_ros2/install/px4_msgs/share/px4_msgs/msg/VehicleAngularVelocity.idl
[299.865s] -- Installing: /home/stepan/ws_ros2/install/px4_msgs/share/px4_msgs/msg/VehicleAttitude.idl
[299.866s] -- Installing: /home/stepan/ws_ros2/install/px4_msgs/share/px4_msgs/msg/VehicleAttitudeSetpoint.idl
[299.866s] -- Installing: /home/stepan/ws_ros2/install/px4_msgs/share/px4_msgs/msg/VehicleCommand.idl
[299.866s] -- Installing: /home/stepan/ws_ros2/install/px4_msgs/share/px4_msgs/msg/VehicleCommandAck.idl
[299.867s] -- Installing: /home/stepan/ws_ros2/install/px4_msgs/share/px4_msgs/msg/VehicleConstraints.idl
[299.867s] -- Installing: /home/stepan/ws_ros2/install/px4_msgs/share/px4_msgs/msg/VehicleControlMode.idl
[299.868s] -- Installing: /home/stepan/ws_ros2/install/px4_msgs/share/px4_msgs/msg/VehicleGlobalPosition.idl
[299.868s] -- Installing: /home/stepan/ws_ros2/install/px4_msgs/share/px4_msgs/msg/VehicleImu.idl
[299.868s] -- Installing: /home/stepan/ws_ros2/install/px4_msgs/share/px4_msgs/msg/VehicleImuStatus.idl
[299.869s] -- Installing: /home/stepan/ws_ros2/install/px4_msgs/share/px4_msgs/msg/VehicleLandDetected.idl
[299.869s] -- Installing: /home/stepan/ws_ros2/install/px4_msgs/share/px4_msgs/msg/VehicleLocalPosition.idl
[299.869s] -- Installing: /home/stepan/ws_ros2/install/px4_msgs/share/px4_msgs/msg/VehicleLocalPositionSetpoint.idl
[299.870s] -- Installing: /home/stepan/ws_ros2/install/px4_msgs/share/px4_msgs/msg/VehicleMagnetometer.idl
[299.870s] -- Installing: /home/stepan/ws_ros2/install/px4_msgs/share/px4_msgs/msg/VehicleOdometry.idl
[299.870s] -- Installing: /home/stepan/ws_ros2/install/px4_msgs/share/px4_msgs/msg/VehicleOpticalFlow.idl
[299.871s] -- Installing: /home/stepan/ws_ros2/install/px4_msgs/share/px4_msgs/msg/VehicleOpticalFlowVel.idl
[299.871s] -- Installing: /home/stepan/ws_ros2/install/px4_msgs/share/px4_msgs/msg/VehicleRatesSetpoint.idl
[299.872s] -- Installing: /home/stepan/ws_ros2/install/px4_msgs/share/px4_msgs/msg/VehicleRoi.idl
[299.872s] -- Installing: /home/stepan/ws_ros2/install/px4_msgs/share/px4_msgs/msg/VehicleStatus.idl
[299.872s] -- Installing: /home/stepan/ws_ros2/install/px4_msgs/share/px4_msgs/msg/VehicleThrustSetpoint.idl
[299.873s] -- Installing: /home/stepan/ws_ros2/install/px4_msgs/share/px4_msgs/msg/VehicleTorqueSetpoint.idl
[299.873s] -- Installing: /home/stepan/ws_ros2/install/px4_msgs/share/px4_msgs/msg/VelocityLimits.idl
[299.873s] -- Installing: /home/stepan/ws_ros2/install/px4_msgs/share/px4_msgs/msg/VtolVehicleStatus.idl
[299.874s] -- Installing: /home/stepan/ws_ros2/install/px4_msgs/share/px4_msgs/msg/WheelEncoders.idl
[299.874s] -- Installing: /home/stepan/ws_ros2/install/px4_msgs/share/px4_msgs/msg/Wind.idl
[299.875s] -- Installing: /home/stepan/ws_ros2/install/px4_msgs/share/px4_msgs/msg/YawEstimatorStatus.idl
[299.875s] -- Installing: /home/stepan/ws_ros2/install/px4_msgs/share/px4_msgs/srv/VehicleCommand.idl
[299.875s] -- Installing: /home/stepan/ws_ros2/install/px4_msgs/share/px4_msgs/msg/AckermannVelocitySetpoint.msg
[299.876s] -- Installing: /home/stepan/ws_ros2/install/px4_msgs/share/px4_msgs/msg/ActionRequest.msg
[299.876s] -- Installing: /home/stepan/ws_ros2/install/px4_msgs/share/px4_msgs/msg/ActuatorArmed.msg
[299.877s] -- Installing: /home/stepan/ws_ros2/install/px4_msgs/share/px4_msgs/msg/ActuatorControlsStatus.msg
[299.877s] -- Installing: /home/stepan/ws_ros2/install/px4_msgs/share/px4_msgs/msg/ActuatorMotors.msg
[299.877s] -- Installing: /home/stepan/ws_ros2/install/px4_msgs/share/px4_msgs/msg/ActuatorOutputs.msg
[299.878s] -- Installing: /home/stepan/ws_ros2/install/px4_msgs/share/px4_msgs/msg/ActuatorServos.msg
[299.878s] -- Installing: /home/stepan/ws_ros2/install/px4_msgs/share/px4_msgs/msg/ActuatorServosTrim.msg
[299.878s] -- Installing: /home/stepan/ws_ros2/install/px4_msgs/share/px4_msgs/msg/ActuatorTest.msg
[299.879s] -- Installing: /home/stepan/ws_ros2/install/px4_msgs/share/px4_msgs/msg/AdcReport.msg
[299.879s] -- Installing: /home/stepan/ws_ros2/install/px4_msgs/share/px4_msgs/msg/Airspeed.msg
[299.880s] -- Installing: /home/stepan/ws_ros2/install/px4_msgs/share/px4_msgs/msg/AirspeedValidated.msg
[299.880s] -- Installing: /home/stepan/ws_ros2/install/px4_msgs/share/px4_msgs/msg/AirspeedWind.msg
[299.880s] -- Installing: /home/stepan/ws_ros2/install/px4_msgs/share/px4_msgs/msg/ArmingCheckReply.msg
[299.881s] -- Installing: /home/stepan/ws_ros2/install/px4_msgs/share/px4_msgs/msg/ArmingCheckRequest.msg
[299.881s] -- Installing: /home/stepan/ws_ros2/install/px4_msgs/share/px4_msgs/msg/AutotuneAttitudeControlStatus.msg
[299.882s] -- Installing: /home/stepan/ws_ros2/install/px4_msgs/share/px4_msgs/msg/BatteryStatus.msg
[299.882s] -- Installing: /home/stepan/ws_ros2/install/px4_msgs/share/px4_msgs/msg/ButtonEvent.msg
[299.883s] -- Installing: /home/stepan/ws_ros2/install/px4_msgs/share/px4_msgs/msg/CameraCapture.msg
[299.883s] -- Installing: /home/stepan/ws_ros2/install/px4_msgs/share/px4_msgs/msg/CameraStatus.msg
[299.883s] -- Installing: /home/stepan/ws_ros2/install/px4_msgs/share/px4_msgs/msg/CameraTrigger.msg
[299.884s] -- Installing: /home/stepan/ws_ros2/install/px4_msgs/share/px4_msgs/msg/CanInterfaceStatus.msg
[299.884s] -- Installing: /home/stepan/ws_ros2/install/px4_msgs/share/px4_msgs/msg/CellularStatus.msg
[299.885s] -- Installing: /home/stepan/ws_ros2/install/px4_msgs/share/px4_msgs/msg/CollisionConstraints.msg
[299.885s] -- Installing: /home/stepan/ws_ros2/install/px4_msgs/share/px4_msgs/msg/ConfigOverrides.msg
[299.885s] -- Installing: /home/stepan/ws_ros2/install/px4_msgs/share/px4_msgs/msg/ControlAllocatorStatus.msg
[299.886s] -- Installing: /home/stepan/ws_ros2/install/px4_msgs/share/px4_msgs/msg/Cpuload.msg
[299.886s] -- Installing: /home/stepan/ws_ros2/install/px4_msgs/share/px4_msgs/msg/DatamanRequest.msg
[299.886s] -- Installing: /home/stepan/ws_ros2/install/px4_msgs/share/px4_msgs/msg/DatamanResponse.msg
[299.887s] -- Installing: /home/stepan/ws_ros2/install/px4_msgs/share/px4_msgs/msg/DebugArray.msg
[299.887s] -- Installing: /home/stepan/ws_ros2/install/px4_msgs/share/px4_msgs/msg/DebugKeyValue.msg
[299.888s] -- Installing: /home/stepan/ws_ros2/install/px4_msgs/share/px4_msgs/msg/DebugValue.msg
[299.888s] -- Installing: /home/stepan/ws_ros2/install/px4_msgs/share/px4_msgs/msg/DebugVect.msg
[299.889s] -- Installing: /home/stepan/ws_ros2/install/px4_msgs/share/px4_msgs/msg/DifferentialPressure.msg
[299.889s] -- Installing: /home/stepan/ws_ros2/install/px4_msgs/share/px4_msgs/msg/DistanceSensor.msg
[299.889s] -- Installing: /home/stepan/ws_ros2/install/px4_msgs/share/px4_msgs/msg/DistanceSensorModeChangeRequest.msg
[299.890s] -- Installing: /home/stepan/ws_ros2/install/px4_msgs/share/px4_msgs/msg/Ekf2Timestamps.msg
[299.890s] -- Installing: /home/stepan/ws_ros2/install/px4_msgs/share/px4_msgs/msg/EscReport.msg
[299.891s] -- Installing: /home/stepan/ws_ros2/install/px4_msgs/share/px4_msgs/msg/EscStatus.msg
[299.891s] -- Installing: /home/stepan/ws_ros2/install/px4_msgs/share/px4_msgs/msg/EstimatorAidSource1d.msg
[299.891s] -- Installing: /home/stepan/ws_ros2/install/px4_msgs/share/px4_msgs/msg/EstimatorAidSource2d.msg
[299.892s] -- Installing: /home/stepan/ws_ros2/install/px4_msgs/share/px4_msgs/msg/EstimatorAidSource3d.msg
[299.892s] -- Installing: /home/stepan/ws_ros2/install/px4_msgs/share/px4_msgs/msg/EstimatorBias.msg
[299.892s] -- Installing: /home/stepan/ws_ros2/install/px4_msgs/share/px4_msgs/msg/EstimatorBias3d.msg
[299.893s] -- Installing: /home/stepan/ws_ros2/install/px4_msgs/share/px4_msgs/msg/EstimatorEventFlags.msg
[299.893s] -- Installing: /home/stepan/ws_ros2/install/px4_msgs/share/px4_msgs/msg/EstimatorGpsStatus.msg
[299.894s] -- Installing: /home/stepan/ws_ros2/install/px4_msgs/share/px4_msgs/msg/EstimatorInnovations.msg
[299.894s] -- Installing: /home/stepan/ws_ros2/install/px4_msgs/share/px4_msgs/msg/EstimatorSelectorStatus.msg
[299.894s] -- Installing: /home/stepan/ws_ros2/install/px4_msgs/share/px4_msgs/msg/EstimatorSensorBias.msg
[299.895s] -- Installing: /home/stepan/ws_ros2/install/px4_msgs/share/px4_msgs/msg/EstimatorStates.msg
[299.895s] -- Installing: /home/stepan/ws_ros2/install/px4_msgs/share/px4_msgs/msg/EstimatorStatus.msg
[299.895s] -- Installing: /home/stepan/ws_ros2/install/px4_msgs/share/px4_msgs/msg/EstimatorStatusFlags.msg
[299.896s] -- Installing: /home/stepan/ws_ros2/install/px4_msgs/share/px4_msgs/msg/Event.msg
[299.896s] -- Installing: /home/stepan/ws_ros2/install/px4_msgs/share/px4_msgs/msg/FailsafeFlags.msg
[299.896s] -- Installing: /home/stepan/ws_ros2/install/px4_msgs/share/px4_msgs/msg/FailureDetectorStatus.msg
[299.897s] -- Installing: /home/stepan/ws_ros2/install/px4_msgs/share/px4_msgs/msg/FigureEightStatus.msg
[299.897s] -- Installing: /home/stepan/ws_ros2/install/px4_msgs/share/px4_msgs/msg/FlightPhaseEstimation.msg
[299.898s] -- Installing: /home/stepan/ws_ros2/install/px4_msgs/share/px4_msgs/msg/FollowTarget.msg
[299.899s] -- Installing: /home/stepan/ws_ros2/install/px4_msgs/share/px4_msgs/msg/FollowTargetEstimator.msg
[299.899s] -- Installing: /home/stepan/ws_ros2/install/px4_msgs/share/px4_msgs/msg/FollowTargetStatus.msg
[299.900s] -- Installing: /home/stepan/ws_ros2/install/px4_msgs/share/px4_msgs/msg/FuelTankStatus.msg
[299.900s] -- Installing: /home/stepan/ws_ros2/install/px4_msgs/share/px4_msgs/msg/GeneratorStatus.msg
[299.901s] -- Installing: /home/stepan/ws_ros2/install/px4_msgs/share/px4_msgs/msg/GeofenceResult.msg
[299.902s] -- Installing: /home/stepan/ws_ros2/install/px4_msgs/share/px4_msgs/msg/GeofenceStatus.msg
[299.902s] -- Installing: /home/stepan/ws_ros2/install/px4_msgs/share/px4_msgs/msg/GimbalControls.msg
[299.903s] -- Installing: /home/stepan/ws_ros2/install/px4_msgs/share/px4_msgs/msg/GimbalDeviceAttitudeStatus.msg
[299.904s] -- Installing: /home/stepan/ws_ros2/install/px4_msgs/share/px4_msgs/msg/GimbalDeviceInformation.msg
[299.904s] -- Installing: /home/stepan/ws_ros2/install/px4_msgs/share/px4_msgs/msg/GimbalDeviceSetAttitude.msg
[299.905s] -- Installing: /home/stepan/ws_ros2/install/px4_msgs/share/px4_msgs/msg/GimbalManagerInformation.msg
[299.905s] -- Installing: /home/stepan/ws_ros2/install/px4_msgs/share/px4_msgs/msg/GimbalManagerSetAttitude.msg
[299.906s] -- Installing: /home/stepan/ws_ros2/install/px4_msgs/share/px4_msgs/msg/GimbalManagerSetManualControl.msg
[299.906s] -- Installing: /home/stepan/ws_ros2/install/px4_msgs/share/px4_msgs/msg/GimbalManagerStatus.msg
[299.907s] -- Installing: /home/stepan/ws_ros2/install/px4_msgs/share/px4_msgs/msg/GotoSetpoint.msg
[299.907s] -- Installing: /home/stepan/ws_ros2/install/px4_msgs/share/px4_msgs/msg/GpioConfig.msg
[299.908s] -- Installing: /home/stepan/ws_ros2/install/px4_msgs/share/px4_msgs/msg/GpioIn.msg
[299.909s] -- Installing: /home/stepan/ws_ros2/install/px4_msgs/share/px4_msgs/msg/GpioOut.msg
[299.909s] -- Installing: /home/stepan/ws_ros2/install/px4_msgs/share/px4_msgs/msg/GpioRequest.msg
[299.910s] -- Installing: /home/stepan/ws_ros2/install/px4_msgs/share/px4_msgs/msg/GpsDump.msg
[299.910s] -- Installing: /home/stepan/ws_ros2/install/px4_msgs/share/px4_msgs/msg/GpsInjectData.msg
[299.911s] -- Installing: /home/stepan/ws_ros2/install/px4_msgs/share/px4_msgs/msg/Gripper.msg
[299.911s] -- Installing: /home/stepan/ws_ros2/install/px4_msgs/share/px4_msgs/msg/HealthReport.msg
[299.912s] -- Installing: /home/stepan/ws_ros2/install/px4_msgs/share/px4_msgs/msg/HeaterStatus.msg
[299.913s] -- Installing: /home/stepan/ws_ros2/install/px4_msgs/share/px4_msgs/msg/HomePosition.msg
[299.914s] -- Installing: /home/stepan/ws_ros2/install/px4_msgs/share/px4_msgs/msg/HoverThrustEstimate.msg
[299.914s] -- Installing: /home/stepan/ws_ros2/install/px4_msgs/share/px4_msgs/msg/InputRc.msg
[299.915s] -- Installing: /home/stepan/ws_ros2/install/px4_msgs/share/px4_msgs/msg/InternalCombustionEngineControl.msg
[299.915s] -- Installing: /home/stepan/ws_ros2/install/px4_msgs/share/px4_msgs/msg/InternalCombustionEngineStatus.msg
[299.916s] -- Installing: /home/stepan/ws_ros2/install/px4_msgs/share/px4_msgs/msg/IridiumsbdStatus.msg
[299.916s] -- Installing: /home/stepan/ws_ros2/install/px4_msgs/share/px4_msgs/msg/IrlockReport.msg
[299.917s] -- Installing: /home/stepan/ws_ros2/install/px4_msgs/share/px4_msgs/msg/LandingGear.msg
[299.918s] -- Installing: /home/stepan/ws_ros2/install/px4_msgs/share/px4_msgs/msg/LandingGearWheel.msg
[299.918s] -- Installing: /home/stepan/ws_ros2/install/px4_msgs/share/px4_msgs/msg/LandingTargetInnovations.msg
[299.919s] -- Installing: /home/stepan/ws_ros2/install/px4_msgs/share/px4_msgs/msg/LandingTargetPose.msg
[299.919s] -- Installing: /home/stepan/ws_ros2/install/px4_msgs/share/px4_msgs/msg/LaunchDetectionStatus.msg
[299.920s] -- Installing: /home/stepan/ws_ros2/install/px4_msgs/share/px4_msgs/msg/LedControl.msg
[299.920s] -- Installing: /home/stepan/ws_ros2/install/px4_msgs/share/px4_msgs/msg/LogMessage.msg
[299.921s] -- Installing: /home/stepan/ws_ros2/install/px4_msgs/share/px4_msgs/msg/LoggerStatus.msg
[299.922s] -- Installing: /home/stepan/ws_ros2/install/px4_msgs/share/px4_msgs/msg/MagWorkerData.msg
[299.922s] -- Installing: /home/stepan/ws_ros2/install/px4_msgs/share/px4_msgs/msg/MagnetometerBiasEstimate.msg
[299.923s] -- Installing: /home/stepan/ws_ros2/install/px4_msgs/share/px4_msgs/msg/ManualControlSetpoint.msg
[299.923s] -- Installing: /home/stepan/ws_ros2/install/px4_msgs/share/px4_msgs/msg/ManualControlSwitches.msg
[299.924s] -- Installing: /home/stepan/ws_ros2/install/px4_msgs/share/px4_msgs/msg/MavlinkLog.msg
[299.925s] -- Installing: /home/stepan/ws_ros2/install/px4_msgs/share/px4_msgs/msg/MavlinkTunnel.msg
[299.925s] -- Installing: /home/stepan/ws_ros2/install/px4_msgs/share/px4_msgs/msg/MessageFormatRequest.msg
[299.925s] -- Installing: /home/stepan/ws_ros2/install/px4_msgs/share/px4_msgs/msg/MessageFormatResponse.msg
[299.926s] -- Installing: /home/stepan/ws_ros2/install/px4_msgs/share/px4_msgs/msg/Mission.msg
[299.927s] -- Installing: /home/stepan/ws_ros2/install/px4_msgs/share/px4_msgs/msg/MissionResult.msg
[299.928s] -- Installing: /home/stepan/ws_ros2/install/px4_msgs/share/px4_msgs/msg/ModeCompleted.msg
[299.928s] -- Installing: /home/stepan/ws_ros2/install/px4_msgs/share/px4_msgs/msg/MountOrientation.msg
[299.929s] -- Installing: /home/stepan/ws_ros2/install/px4_msgs/share/px4_msgs/msg/NavigatorMissionItem.msg
[299.930s] -- Installing: /home/stepan/ws_ros2/install/px4_msgs/share/px4_msgs/msg/NavigatorStatus.msg
[299.930s] -- Installing: /home/stepan/ws_ros2/install/px4_msgs/share/px4_msgs/msg/NormalizedUnsignedSetpoint.msg
[299.930s] -- Installing: /home/stepan/ws_ros2/install/px4_msgs/share/px4_msgs/msg/NpfgStatus.msg
[299.931s] -- Installing: /home/stepan/ws_ros2/install/px4_msgs/share/px4_msgs/msg/ObstacleDistance.msg
[299.932s] -- Installing: /home/stepan/ws_ros2/install/px4_msgs/share/px4_msgs/msg/OffboardControlMode.msg
[299.932s] -- Installing: /home/stepan/ws_ros2/install/px4_msgs/share/px4_msgs/msg/OnboardComputerStatus.msg
[299.933s] -- Installing: /home/stepan/ws_ros2/install/px4_msgs/share/px4_msgs/msg/OpenDroneIdArmStatus.msg
[299.933s] -- Installing: /home/stepan/ws_ros2/install/px4_msgs/share/px4_msgs/msg/OpenDroneIdOperatorId.msg
[299.934s] -- Installing: /home/stepan/ws_ros2/install/px4_msgs/share/px4_msgs/msg/OpenDroneIdSelfId.msg
[299.935s] -- Installing: /home/stepan/ws_ros2/install/px4_msgs/share/px4_msgs/msg/OpenDroneIdSystem.msg
[299.935s] -- Installing: /home/stepan/ws_ros2/install/px4_msgs/share/px4_msgs/msg/OrbTest.msg
[299.936s] -- Installing: /home/stepan/ws_ros2/install/px4_msgs/share/px4_msgs/msg/OrbTestLarge.msg
[299.937s] -- Installing: /home/stepan/ws_ros2/install/px4_msgs/share/px4_msgs/msg/OrbTestMedium.msg
[299.937s] -- Installing: /home/stepan/ws_ros2/install/px4_msgs/share/px4_msgs/msg/OrbitStatus.msg
[299.937s] -- Installing: /home/stepan/ws_ros2/install/px4_msgs/share/px4_msgs/msg/ParameterResetRequest.msg
[299.938s] -- Installing: /home/stepan/ws_ros2/install/px4_msgs/share/px4_msgs/msg/ParameterSetUsedRequest.msg
[299.939s] -- Installing: /home/stepan/ws_ros2/install/px4_msgs/share/px4_msgs/msg/ParameterSetValueRequest.msg
[299.939s] -- Installing: /home/stepan/ws_ros2/install/px4_msgs/share/px4_msgs/msg/ParameterSetValueResponse.msg
[299.940s] -- Installing: /home/stepan/ws_ros2/install/px4_msgs/share/px4_msgs/msg/ParameterUpdate.msg
[299.940s] -- Installing: /home/stepan/ws_ros2/install/px4_msgs/share/px4_msgs/msg/Ping.msg
[299.941s] -- Installing: /home/stepan/ws_ros2/install/px4_msgs/share/px4_msgs/msg/PositionControllerLandingStatus.msg
[299.942s] -- Installing: /home/stepan/ws_ros2/install/px4_msgs/share/px4_msgs/msg/PositionControllerStatus.msg
[299.942s] -- Installing: /home/stepan/ws_ros2/install/px4_msgs/share/px4_msgs/msg/PositionSetpoint.msg
[299.943s] -- Installing: /home/stepan/ws_ros2/install/px4_msgs/share/px4_msgs/msg/PositionSetpointTriplet.msg
[299.944s] -- Installing: /home/stepan/ws_ros2/install/px4_msgs/share/px4_msgs/msg/PowerButtonState.msg
[299.944s] -- Installing: /home/stepan/ws_ros2/install/px4_msgs/share/px4_msgs/msg/PowerMonitor.msg
[299.944s] -- Installing: /home/stepan/ws_ros2/install/px4_msgs/share/px4_msgs/msg/PpsCapture.msg
[299.945s] -- Installing: /home/stepan/ws_ros2/install/px4_msgs/share/px4_msgs/msg/PurePursuitStatus.msg
[299.946s] -- Installing: /home/stepan/ws_ros2/install/px4_msgs/share/px4_msgs/msg/PwmInput.msg
[299.946s] -- Installing: /home/stepan/ws_ros2/install/px4_msgs/share/px4_msgs/msg/Px4ioStatus.msg
[299.947s] -- Installing: /home/stepan/ws_ros2/install/px4_msgs/share/px4_msgs/msg/QshellReq.msg
[299.947s] -- Installing: /home/stepan/ws_ros2/install/px4_msgs/share/px4_msgs/msg/QshellRetval.msg
[299.948s] -- Installing: /home/stepan/ws_ros2/install/px4_msgs/share/px4_msgs/msg/RadioStatus.msg
[299.948s] -- Installing: /home/stepan/ws_ros2/install/px4_msgs/share/px4_msgs/msg/RateCtrlStatus.msg
[299.949s] -- Installing: /home/stepan/ws_ros2/install/px4_msgs/share/px4_msgs/msg/RcChannels.msg
[299.949s] -- Installing: /home/stepan/ws_ros2/install/px4_msgs/share/px4_msgs/msg/RcParameterMap.msg
[299.950s] -- Installing: /home/stepan/ws_ros2/install/px4_msgs/share/px4_msgs/msg/RegisterExtComponentReply.msg
[299.950s] -- Installing: /home/stepan/ws_ros2/install/px4_msgs/share/px4_msgs/msg/RegisterExtComponentRequest.msg
[299.950s] -- Installing: /home/stepan/ws_ros2/install/px4_msgs/share/px4_msgs/msg/RoverAttitudeSetpoint.msg
[299.951s] -- Installing: /home/stepan/ws_ros2/install/px4_msgs/share/px4_msgs/msg/RoverAttitudeStatus.msg
[299.951s] -- Installing: /home/stepan/ws_ros2/install/px4_msgs/share/px4_msgs/msg/RoverPositionSetpoint.msg
[299.952s] -- Installing: /home/stepan/ws_ros2/install/px4_msgs/share/px4_msgs/msg/RoverRateSetpoint.msg
[299.952s] -- Installing: /home/stepan/ws_ros2/install/px4_msgs/share/px4_msgs/msg/RoverRateStatus.msg
[299.952s] -- Installing: /home/stepan/ws_ros2/install/px4_msgs/share/px4_msgs/msg/RoverSteeringSetpoint.msg
[299.953s] -- Installing: /home/stepan/ws_ros2/install/px4_msgs/share/px4_msgs/msg/RoverThrottleSetpoint.msg
[299.953s] -- Installing: /home/stepan/ws_ros2/install/px4_msgs/share/px4_msgs/msg/RoverVelocityStatus.msg
[299.954s] -- Installing: /home/stepan/ws_ros2/install/px4_msgs/share/px4_msgs/msg/Rpm.msg
[299.954s] -- Installing: /home/stepan/ws_ros2/install/px4_msgs/share/px4_msgs/msg/RtlStatus.msg
[299.955s] -- Installing: /home/stepan/ws_ros2/install/px4_msgs/share/px4_msgs/msg/RtlTimeEstimate.msg
[299.955s] -- Installing: /home/stepan/ws_ros2/install/px4_msgs/share/px4_msgs/msg/SatelliteInfo.msg
[299.955s] -- Installing: /home/stepan/ws_ros2/install/px4_msgs/share/px4_msgs/msg/SensorAccel.msg
[299.956s] -- Installing: /home/stepan/ws_ros2/install/px4_msgs/share/px4_msgs/msg/SensorAccelFifo.msg
[299.956s] -- Installing: /home/stepan/ws_ros2/install/px4_msgs/share/px4_msgs/msg/SensorAirflow.msg
[299.957s] -- Installing: /home/stepan/ws_ros2/install/px4_msgs/share/px4_msgs/msg/SensorBaro.msg
[299.957s] -- Installing: /home/stepan/ws_ros2/install/px4_msgs/share/px4_msgs/msg/SensorCombined.msg
[299.957s] -- Installing: /home/stepan/ws_ros2/install/px4_msgs/share/px4_msgs/msg/SensorCorrection.msg
[299.958s] -- Installing: /home/stepan/ws_ros2/install/px4_msgs/share/px4_msgs/msg/SensorGnssRelative.msg
[299.958s] -- Installing: /home/stepan/ws_ros2/install/px4_msgs/share/px4_msgs/msg/SensorGps.msg
[299.958s] -- Installing: /home/stepan/ws_ros2/install/px4_msgs/share/px4_msgs/msg/SensorGyro.msg
[299.959s] -- Installing: /home/stepan/ws_ros2/install/px4_msgs/share/px4_msgs/msg/SensorGyroFft.msg
[299.959s] -- Installing: /home/stepan/ws_ros2/install/px4_msgs/share/px4_msgs/msg/SensorGyroFifo.msg
[299.960s] -- Installing: /home/stepan/ws_ros2/install/px4_msgs/share/px4_msgs/msg/SensorHygrometer.msg
[299.960s] -- Installing: /home/stepan/ws_ros2/install/px4_msgs/share/px4_msgs/msg/SensorMag.msg
[299.960s] -- Installing: /home/stepan/ws_ros2/install/px4_msgs/share/px4_msgs/msg/SensorOpticalFlow.msg
[299.961s] -- Installing: /home/stepan/ws_ros2/install/px4_msgs/share/px4_msgs/msg/SensorPreflightMag.msg
[299.961s] -- Installing: /home/stepan/ws_ros2/install/px4_msgs/share/px4_msgs/msg/SensorSelection.msg
[299.961s] -- Installing: /home/stepan/ws_ros2/install/px4_msgs/share/px4_msgs/msg/SensorUwb.msg
[299.962s] -- Installing: /home/stepan/ws_ros2/install/px4_msgs/share/px4_msgs/msg/SensorsStatus.msg
[299.962s] -- Installing: /home/stepan/ws_ros2/install/px4_msgs/share/px4_msgs/msg/SensorsStatusImu.msg
[299.963s] -- Installing: /home/stepan/ws_ros2/install/px4_msgs/share/px4_msgs/msg/SystemPower.msg
[299.963s] -- Installing: /home/stepan/ws_ros2/install/px4_msgs/share/px4_msgs/msg/TakeoffStatus.msg
[299.963s] -- Installing: /home/stepan/ws_ros2/install/px4_msgs/share/px4_msgs/msg/TaskStackInfo.msg
[299.964s] -- Installing: /home/stepan/ws_ros2/install/px4_msgs/share/px4_msgs/msg/TecsStatus.msg
[299.964s] -- Installing: /home/stepan/ws_ros2/install/px4_msgs/share/px4_msgs/msg/TelemetryStatus.msg
[299.965s] -- Installing: /home/stepan/ws_ros2/install/px4_msgs/share/px4_msgs/msg/TiltrotorExtraControls.msg
[299.965s] -- Installing: /home/stepan/ws_ros2/install/px4_msgs/share/px4_msgs/msg/TimesyncStatus.msg
[299.966s] -- Installing: /home/stepan/ws_ros2/install/px4_msgs/share/px4_msgs/msg/TrajectorySetpoint.msg
[299.966s] -- Installing: /home/stepan/ws_ros2/install/px4_msgs/share/px4_msgs/msg/TrajectorySetpoint6dof.msg
[299.966s] -- Installing: /home/stepan/ws_ros2/install/px4_msgs/share/px4_msgs/msg/TransponderReport.msg
[299.967s] -- Installing: /home/stepan/ws_ros2/install/px4_msgs/share/px4_msgs/msg/TuneControl.msg
[299.967s] -- Installing: /home/stepan/ws_ros2/install/px4_msgs/share/px4_msgs/msg/UavcanParameterRequest.msg
[299.967s] -- Installing: /home/stepan/ws_ros2/install/px4_msgs/share/px4_msgs/msg/UavcanParameterValue.msg
[299.968s] -- Installing: /home/stepan/ws_ros2/install/px4_msgs/share/px4_msgs/msg/UlogStream.msg
[299.968s] -- Installing: /home/stepan/ws_ros2/install/px4_msgs/share/px4_msgs/msg/UlogStreamAck.msg
[299.969s] -- Installing: /home/stepan/ws_ros2/install/px4_msgs/share/px4_msgs/msg/UnregisterExtComponent.msg
[299.969s] -- Installing: /home/stepan/ws_ros2/install/px4_msgs/share/px4_msgs/msg/VehicleAcceleration.msg
[299.969s] -- Installing: /home/stepan/ws_ros2/install/px4_msgs/share/px4_msgs/msg/VehicleAirData.msg
[299.970s] -- Installing: /home/stepan/ws_ros2/install/px4_msgs/share/px4_msgs/msg/VehicleAngularAccelerationSetpoint.msg
[299.970s] -- Installing: /home/stepan/ws_ros2/install/px4_msgs/share/px4_msgs/msg/VehicleAngularVelocity.msg
[299.971s] -- Installing: /home/stepan/ws_ros2/install/px4_msgs/share/px4_msgs/msg/VehicleAttitude.msg
[299.971s] -- Installing: /home/stepan/ws_ros2/install/px4_msgs/share/px4_msgs/msg/VehicleAttitudeSetpoint.msg
[299.971s] -- Installing: /home/stepan/ws_ros2/install/px4_msgs/share/px4_msgs/msg/VehicleCommand.msg
[299.972s] -- Installing: /home/stepan/ws_ros2/install/px4_msgs/share/px4_msgs/msg/VehicleCommandAck.msg
[299.972s] -- Installing: /home/stepan/ws_ros2/install/px4_msgs/share/px4_msgs/msg/VehicleConstraints.msg
[299.972s] -- Installing: /home/stepan/ws_ros2/install/px4_msgs/share/px4_msgs/msg/VehicleControlMode.msg
[299.973s] -- Installing: /home/stepan/ws_ros2/install/px4_msgs/share/px4_msgs/msg/VehicleGlobalPosition.msg
[299.973s] -- Installing: /home/stepan/ws_ros2/install/px4_msgs/share/px4_msgs/msg/VehicleImu.msg
[299.974s] -- Installing: /home/stepan/ws_ros2/install/px4_msgs/share/px4_msgs/msg/VehicleImuStatus.msg
[299.974s] -- Installing: /home/stepan/ws_ros2/install/px4_msgs/share/px4_msgs/msg/VehicleLandDetected.msg
[299.974s] -- Installing: /home/stepan/ws_ros2/install/px4_msgs/share/px4_msgs/msg/VehicleLocalPosition.msg
[299.975s] -- Installing: /home/stepan/ws_ros2/install/px4_msgs/share/px4_msgs/msg/VehicleLocalPositionSetpoint.msg
[299.975s] -- Installing: /home/stepan/ws_ros2/install/px4_msgs/share/px4_msgs/msg/VehicleMagnetometer.msg
[299.976s] -- Installing: /home/stepan/ws_ros2/install/px4_msgs/share/px4_msgs/msg/VehicleOdometry.msg
[299.976s] -- Installing: /home/stepan/ws_ros2/install/px4_msgs/share/px4_msgs/msg/VehicleOpticalFlow.msg
[299.976s] -- Installing: /home/stepan/ws_ros2/install/px4_msgs/share/px4_msgs/msg/VehicleOpticalFlowVel.msg
[299.977s] -- Installing: /home/stepan/ws_ros2/install/px4_msgs/share/px4_msgs/msg/VehicleRatesSetpoint.msg
[299.977s] -- Installing: /home/stepan/ws_ros2/install/px4_msgs/share/px4_msgs/msg/VehicleRoi.msg
[299.978s] -- Installing: /home/stepan/ws_ros2/install/px4_msgs/share/px4_msgs/msg/VehicleStatus.msg
[299.978s] -- Installing: /home/stepan/ws_ros2/install/px4_msgs/share/px4_msgs/msg/VehicleThrustSetpoint.msg
[299.978s] -- Installing: /home/stepan/ws_ros2/install/px4_msgs/share/px4_msgs/msg/VehicleTorqueSetpoint.msg
[299.979s] -- Installing: /home/stepan/ws_ros2/install/px4_msgs/share/px4_msgs/msg/VelocityLimits.msg
[299.979s] -- Installing: /home/stepan/ws_ros2/install/px4_msgs/share/px4_msgs/msg/VtolVehicleStatus.msg
[299.980s] -- Installing: /home/stepan/ws_ros2/install/px4_msgs/share/px4_msgs/msg/WheelEncoders.msg
[299.980s] -- Installing: /home/stepan/ws_ros2/install/px4_msgs/share/px4_msgs/msg/Wind.msg
[299.980s] -- Installing: /home/stepan/ws_ros2/install/px4_msgs/share/px4_msgs/msg/YawEstimatorStatus.msg
[299.981s] -- Installing: /home/stepan/ws_ros2/install/px4_msgs/share/px4_msgs/srv/VehicleCommand.srv
[299.981s] -- Installing: /home/stepan/ws_ros2/install/px4_msgs/share/px4_msgs/srv/VehicleCommand_Request.msg
[299.982s] -- Installing: /home/stepan/ws_ros2/install/px4_msgs/share/px4_msgs/srv/VehicleCommand_Response.msg
[299.982s] -- Installing: /home/stepan/ws_ros2/install/px4_msgs/share/ament_index/resource_index/package_run_dependencies/px4_msgs
[299.983s] -- Installing: /home/stepan/ws_ros2/install/px4_msgs/share/ament_index/resource_index/parent_prefix_path/px4_msgs
[299.983s] -- Installing: /home/stepan/ws_ros2/install/px4_msgs/share/px4_msgs/environment/ament_prefix_path.sh
[299.983s] -- Installing: /home/stepan/ws_ros2/install/px4_msgs/share/px4_msgs/environment/ament_prefix_path.dsv
[299.984s] -- Installing: /home/stepan/ws_ros2/install/px4_msgs/share/px4_msgs/environment/path.sh
[299.984s] -- Installing: /home/stepan/ws_ros2/install/px4_msgs/share/px4_msgs/environment/path.dsv
[299.985s] -- Installing: /home/stepan/ws_ros2/install/px4_msgs/share/px4_msgs/local_setup.bash
[299.985s] -- Installing: /home/stepan/ws_ros2/install/px4_msgs/share/px4_msgs/local_setup.sh
[299.985s] -- Installing: /home/stepan/ws_ros2/install/px4_msgs/share/px4_msgs/local_setup.zsh
[299.986s] -- Installing: /home/stepan/ws_ros2/install/px4_msgs/share/px4_msgs/local_setup.dsv
[299.986s] -- Installing: /home/stepan/ws_ros2/install/px4_msgs/share/px4_msgs/package.dsv
[299.987s] -- Installing: /home/stepan/ws_ros2/install/px4_msgs/share/ament_index/resource_index/packages/px4_msgs
[299.987s] -- Installing: /home/stepan/ws_ros2/install/px4_msgs/share/px4_msgs/cmake/export_px4_msgs__rosidl_generator_cExport.cmake
[299.987s] -- Installing: /home/stepan/ws_ros2/install/px4_msgs/share/px4_msgs/cmake/export_px4_msgs__rosidl_generator_cExport-noconfig.cmake
[299.988s] -- Installing: /home/stepan/ws_ros2/install/px4_msgs/share/px4_msgs/cmake/export_px4_msgs__rosidl_typesupport_fastrtps_cExport.cmake
[299.988s] -- Installing: /home/stepan/ws_ros2/install/px4_msgs/share/px4_msgs/cmake/export_px4_msgs__rosidl_typesupport_fastrtps_cExport-noconfig.cmake
[299.989s] -- Installing: /home/stepan/ws_ros2/install/px4_msgs/share/px4_msgs/cmake/export_px4_msgs__rosidl_generator_cppExport.cmake
[299.990s] -- Installing: /home/stepan/ws_ros2/install/px4_msgs/share/px4_msgs/cmake/export_px4_msgs__rosidl_typesupport_fastrtps_cppExport.cmake
[299.991s] -- Installing: /home/stepan/ws_ros2/install/px4_msgs/share/px4_msgs/cmake/export_px4_msgs__rosidl_typesupport_fastrtps_cppExport-noconfig.cmake
[299.991s] -- Installing: /home/stepan/ws_ros2/install/px4_msgs/share/px4_msgs/cmake/px4_msgs__rosidl_typesupport_introspection_cExport.cmake
[299.991s] -- Installing: /home/stepan/ws_ros2/install/px4_msgs/share/px4_msgs/cmake/px4_msgs__rosidl_typesupport_introspection_cExport-noconfig.cmake
[299.992s] -- Installing: /home/stepan/ws_ros2/install/px4_msgs/share/px4_msgs/cmake/px4_msgs__rosidl_typesupport_cExport.cmake
[299.992s] -- Installing: /home/stepan/ws_ros2/install/px4_msgs/share/px4_msgs/cmake/px4_msgs__rosidl_typesupport_cExport-noconfig.cmake
[299.993s] -- Installing: /home/stepan/ws_ros2/install/px4_msgs/share/px4_msgs/cmake/px4_msgs__rosidl_typesupport_introspection_cppExport.cmake
[299.993s] -- Installing: /home/stepan/ws_ros2/install/px4_msgs/share/px4_msgs/cmake/px4_msgs__rosidl_typesupport_introspection_cppExport-noconfig.cmake
[299.993s] -- Installing: /home/stepan/ws_ros2/install/px4_msgs/share/px4_msgs/cmake/px4_msgs__rosidl_typesupport_cppExport.cmake
[299.994s] -- Installing: /home/stepan/ws_ros2/install/px4_msgs/share/px4_msgs/cmake/px4_msgs__rosidl_typesupport_cppExport-noconfig.cmake
[299.994s] -- Installing: /home/stepan/ws_ros2/install/px4_msgs/share/px4_msgs/cmake/export_px4_msgs__rosidl_generator_pyExport.cmake
[299.994s] -- Installing: /home/stepan/ws_ros2/install/px4_msgs/share/px4_msgs/cmake/export_px4_msgs__rosidl_generator_pyExport-noconfig.cmake
[299.995s] -- Installing: /home/stepan/ws_ros2/install/px4_msgs/share/px4_msgs/cmake/rosidl_cmake-extras.cmake
[299.995s] -- Installing: /home/stepan/ws_ros2/install/px4_msgs/share/px4_msgs/cmake/ament_cmake_export_dependencies-extras.cmake
[299.996s] -- Installing: /home/stepan/ws_ros2/install/px4_msgs/share/px4_msgs/cmake/ament_cmake_export_include_directories-extras.cmake
[299.996s] -- Installing: /home/stepan/ws_ros2/install/px4_msgs/share/px4_msgs/cmake/ament_cmake_export_libraries-extras.cmake
[299.996s] -- Installing: /home/stepan/ws_ros2/install/px4_msgs/share/px4_msgs/cmake/ament_cmake_export_targets-extras.cmake
[299.997s] -- Installing: /home/stepan/ws_ros2/install/px4_msgs/share/px4_msgs/cmake/rosidl_cmake_export_typesupport_targets-extras.cmake
[299.997s] -- Installing: /home/stepan/ws_ros2/install/px4_msgs/share/px4_msgs/cmake/rosidl_cmake_export_typesupport_libraries-extras.cmake
[299.998s] -- Installing: /home/stepan/ws_ros2/install/px4_msgs/share/px4_msgs/cmake/px4_msgsConfig.cmake
[299.998s] -- Installing: /home/stepan/ws_ros2/install/px4_msgs/share/px4_msgs/cmake/px4_msgsConfig-version.cmake
[299.998s] -- Installing: /home/stepan/ws_ros2/install/px4_msgs/share/px4_msgs/package.xml
[300.004s] Invoked command in '/home/stepan/ws_ros2/build/px4_msgs' returned '0': CMAKE_PREFIX_PATH=/opt/ros/humble /usr/bin/cmake --install /home/stepan/ws_ros2/build/px4_msgs
