[0.027s] Invoking command in '/home/stepan/ws_ros2/build/px4_msgs': CMAKE_PREFIX_PATH=${CMAKE_PREFIX_PATH}:/opt/ros/humble /usr/bin/cmake --build /home/stepan/ws_ros2/build/px4_msgs -- -j8 -l8
[4.452s] [  0%] Built target px4_msgs__cpp
[4.504s] [  0%] Built target ament_cmake_python_copy_px4_msgs
[4.540s] [ 12%] Built target px4_msgs__rosidl_generator_c
[4.760s] [ 25%] Built target px4_msgs__rosidl_typesupport_c
[4.824s] [ 37%] Built target px4_msgs__rosidl_typesupport_cpp
[4.848s] [ 50%] Built target px4_msgs__rosidl_typesupport_introspection_c
[4.917s] [ 63%] Built target px4_msgs__rosidl_typesupport_introspection_cpp
[4.918s] [ 75%] Built target px4_msgs__rosidl_typesupport_fastrtps_cpp
[5.008s] [ 88%] Built target px4_msgs__rosidl_typesupport_fastrtps_c
[5.080s] [ 88%] Built target px4_msgs
[5.191s] [ 88%] Built target px4_msgs__py
[5.408s] running egg_info
[5.469s] writing px4_msgs.egg-info/PKG-INFO
[5.470s] writing dependency_links to px4_msgs.egg-info/dependency_links.txt
[5.472s] writing top-level names to px4_msgs.egg-info/top_level.txt
[5.547s] [100%] Built target px4_msgs__rosidl_generator_py
[5.632s] [100%] Built target px4_msgs__rosidl_typesupport_introspection_c__pyext
[5.633s] [100%] Built target px4_msgs__rosidl_typesupport_c__pyext
[5.634s] [100%] Built target px4_msgs__rosidl_typesupport_fastrtps_c__pyext
[5.696s] reading manifest file 'px4_msgs.egg-info/SOURCES.txt'
[5.721s] writing manifest file 'px4_msgs.egg-info/SOURCES.txt'
[5.835s] [100%] Built target ament_cmake_python_build_px4_msgs_egg
[5.874s] Invoked command in '/home/stepan/ws_ros2/build/px4_msgs' returned '0': CMAKE_PREFIX_PATH=${CMAKE_PREFIX_PATH}:/opt/ros/humble /usr/bin/cmake --build /home/stepan/ws_ros2/build/px4_msgs -- -j8 -l8
[5.901s] Invoking command in '/home/stepan/ws_ros2/build/px4_msgs': CMAKE_PREFIX_PATH=${CMAKE_PREFIX_PATH}:/opt/ros/humble /usr/bin/cmake --install /home/stepan/ws_ros2/build/px4_msgs
[5.931s] -- Install configuration: ""
[5.932s] -- Up-to-date: /home/stepan/ws_ros2/install/px4_msgs/share/ament_index/resource_index/rosidl_interfaces/px4_msgs
[5.933s] -- Up-to-date: /home/stepan/ws_ros2/install/px4_msgs/include/px4_msgs/px4_msgs
[5.935s] -- Up-to-date: /home/stepan/ws_ros2/install/px4_msgs/include/px4_msgs/px4_msgs/msg
[5.937s] -- Up-to-date: /home/stepan/ws_ros2/install/px4_msgs/include/px4_msgs/px4_msgs/msg/orb_test_medium.h
[5.938s] -- Up-to-date: /home/stepan/ws_ros2/install/px4_msgs/include/px4_msgs/px4_msgs/msg/power_button_state.h
[5.939s] -- Up-to-date: /home/stepan/ws_ros2/install/px4_msgs/include/px4_msgs/px4_msgs/msg/input_rc.h
[5.940s] -- Up-to-date: /home/stepan/ws_ros2/install/px4_msgs/include/px4_msgs/px4_msgs/msg/actuator_motors.h
[5.941s] -- Up-to-date: /home/stepan/ws_ros2/install/px4_msgs/include/px4_msgs/px4_msgs/msg/vehicle_air_data.h
[5.941s] -- Up-to-date: /home/stepan/ws_ros2/install/px4_msgs/include/px4_msgs/px4_msgs/msg/mode_completed.h
[5.941s] -- Up-to-date: /home/stepan/ws_ros2/install/px4_msgs/include/px4_msgs/px4_msgs/msg/power_monitor.h
[5.942s] -- Up-to-date: /home/stepan/ws_ros2/install/px4_msgs/include/px4_msgs/px4_msgs/msg/differential_pressure.h
[5.942s] -- Up-to-date: /home/stepan/ws_ros2/install/px4_msgs/include/px4_msgs/px4_msgs/msg/vehicle_land_detected.h
[5.943s] -- Up-to-date: /home/stepan/ws_ros2/install/px4_msgs/include/px4_msgs/px4_msgs/msg/action_request.h
[5.943s] -- Up-to-date: /home/stepan/ws_ros2/install/px4_msgs/include/px4_msgs/px4_msgs/msg/actuator_servos.h
[5.943s] -- Up-to-date: /home/stepan/ws_ros2/install/px4_msgs/include/px4_msgs/px4_msgs/msg/battery_status.h
[5.943s] -- Up-to-date: /home/stepan/ws_ros2/install/px4_msgs/include/px4_msgs/px4_msgs/msg/sensor_gnss_relative.h
[5.943s] -- Up-to-date: /home/stepan/ws_ros2/install/px4_msgs/include/px4_msgs/px4_msgs/msg/sensor_gyro.h
[5.943s] -- Up-to-date: /home/stepan/ws_ros2/install/px4_msgs/include/px4_msgs/px4_msgs/msg/register_ext_component_reply.h
[5.943s] -- Up-to-date: /home/stepan/ws_ros2/install/px4_msgs/include/px4_msgs/px4_msgs/msg/parameter_set_used_request.h
[5.944s] -- Up-to-date: /home/stepan/ws_ros2/install/px4_msgs/include/px4_msgs/px4_msgs/msg/esc_report.h
[5.944s] -- Up-to-date: /home/stepan/ws_ros2/install/px4_msgs/include/px4_msgs/px4_msgs/msg/vehicle_attitude.h
[5.945s] -- Up-to-date: /home/stepan/ws_ros2/install/px4_msgs/include/px4_msgs/px4_msgs/msg/uavcan_parameter_value.h
[5.945s] -- Up-to-date: /home/stepan/ws_ros2/install/px4_msgs/include/px4_msgs/px4_msgs/msg/landing_target_innovations.h
[5.945s] -- Up-to-date: /home/stepan/ws_ros2/install/px4_msgs/include/px4_msgs/px4_msgs/msg/vehicle_imu.h
[5.945s] -- Up-to-date: /home/stepan/ws_ros2/install/px4_msgs/include/px4_msgs/px4_msgs/msg/parameter_update.h
[5.945s] -- Up-to-date: /home/stepan/ws_ros2/install/px4_msgs/include/px4_msgs/px4_msgs/msg/config_overrides.h
[5.946s] -- Up-to-date: /home/stepan/ws_ros2/install/px4_msgs/include/px4_msgs/px4_msgs/msg/tecs_status.h
[5.946s] -- Up-to-date: /home/stepan/ws_ros2/install/px4_msgs/include/px4_msgs/px4_msgs/msg/home_position.h
[5.946s] -- Up-to-date: /home/stepan/ws_ros2/install/px4_msgs/include/px4_msgs/px4_msgs/msg/adc_report.h
[5.946s] -- Up-to-date: /home/stepan/ws_ros2/install/px4_msgs/include/px4_msgs/px4_msgs/msg/position_setpoint.h
[5.947s] -- Up-to-date: /home/stepan/ws_ros2/install/px4_msgs/include/px4_msgs/px4_msgs/msg/vehicle_rates_setpoint.h
[5.947s] -- Up-to-date: /home/stepan/ws_ros2/install/px4_msgs/include/px4_msgs/px4_msgs/msg/gps_inject_data.h
[5.947s] -- Up-to-date: /home/stepan/ws_ros2/install/px4_msgs/include/px4_msgs/px4_msgs/msg/estimator_aid_source3d.h
[5.947s] -- Up-to-date: /home/stepan/ws_ros2/install/px4_msgs/include/px4_msgs/px4_msgs/msg/log_message.h
[5.947s] -- Up-to-date: /home/stepan/ws_ros2/install/px4_msgs/include/px4_msgs/px4_msgs/msg/orb_test.h
[5.947s] -- Up-to-date: /home/stepan/ws_ros2/install/px4_msgs/include/px4_msgs/px4_msgs/msg/actuator_controls_status.h
[5.947s] -- Up-to-date: /home/stepan/ws_ros2/install/px4_msgs/include/px4_msgs/px4_msgs/msg/control_allocator_status.h
[5.948s] -- Up-to-date: /home/stepan/ws_ros2/install/px4_msgs/include/px4_msgs/px4_msgs/msg/vehicle_optical_flow.h
[5.948s] -- Up-to-date: /home/stepan/ws_ros2/install/px4_msgs/include/px4_msgs/px4_msgs/msg/system_power.h
[5.948s] -- Up-to-date: /home/stepan/ws_ros2/install/px4_msgs/include/px4_msgs/px4_msgs/msg/distance_sensor_mode_change_request.h
[5.948s] -- Up-to-date: /home/stepan/ws_ros2/install/px4_msgs/include/px4_msgs/px4_msgs/msg/position_controller_status.h
[5.948s] -- Up-to-date: /home/stepan/ws_ros2/install/px4_msgs/include/px4_msgs/px4_msgs/msg/gimbal_manager_set_manual_control.h
[5.948s] -- Up-to-date: /home/stepan/ws_ros2/install/px4_msgs/include/px4_msgs/px4_msgs/msg/estimator_aid_source1d.h
[5.948s] -- Up-to-date: /home/stepan/ws_ros2/install/px4_msgs/include/px4_msgs/px4_msgs/msg/vehicle_torque_setpoint.h
[5.948s] -- Up-to-date: /home/stepan/ws_ros2/install/px4_msgs/include/px4_msgs/px4_msgs/msg/gimbal_device_information.h
[5.948s] -- Up-to-date: /home/stepan/ws_ros2/install/px4_msgs/include/px4_msgs/px4_msgs/msg/generator_status.h
[5.949s] -- Up-to-date: /home/stepan/ws_ros2/install/px4_msgs/include/px4_msgs/px4_msgs/msg/actuator_servos_trim.h
[5.949s] -- Up-to-date: /home/stepan/ws_ros2/install/px4_msgs/include/px4_msgs/px4_msgs/msg/sensor_combined.h
[5.949s] -- Up-to-date: /home/stepan/ws_ros2/install/px4_msgs/include/px4_msgs/px4_msgs/msg/qshell_retval.h
[5.949s] -- Up-to-date: /home/stepan/ws_ros2/install/px4_msgs/include/px4_msgs/px4_msgs/msg/sensor_correction.h
[5.949s] -- Up-to-date: /home/stepan/ws_ros2/install/px4_msgs/include/px4_msgs/px4_msgs/msg/rover_position_setpoint.h
[5.952s] -- Up-to-date: /home/stepan/ws_ros2/install/px4_msgs/include/px4_msgs/px4_msgs/msg/register_ext_component_request.h
[5.953s] -- Up-to-date: /home/stepan/ws_ros2/install/px4_msgs/include/px4_msgs/px4_msgs/msg/camera_trigger.h
[5.955s] -- Up-to-date: /home/stepan/ws_ros2/install/px4_msgs/include/px4_msgs/px4_msgs/msg/rover_throttle_setpoint.h
[5.955s] -- Up-to-date: /home/stepan/ws_ros2/install/px4_msgs/include/px4_msgs/px4_msgs/msg/gpio_in.h
[5.956s] -- Up-to-date: /home/stepan/ws_ros2/install/px4_msgs/include/px4_msgs/px4_msgs/msg/qshell_req.h
[5.957s] -- Up-to-date: /home/stepan/ws_ros2/install/px4_msgs/include/px4_msgs/px4_msgs/msg/parameter_reset_request.h
[5.957s] -- Up-to-date: /home/stepan/ws_ros2/install/px4_msgs/include/px4_msgs/px4_msgs/msg/geofence_result.h
[5.959s] -- Up-to-date: /home/stepan/ws_ros2/install/px4_msgs/include/px4_msgs/px4_msgs/msg/heater_status.h
[5.959s] -- Up-to-date: /home/stepan/ws_ros2/install/px4_msgs/include/px4_msgs/px4_msgs/msg/camera_status.h
[5.959s] -- Up-to-date: /home/stepan/ws_ros2/install/px4_msgs/include/px4_msgs/px4_msgs/msg/position_controller_landing_status.h
[5.959s] -- Up-to-date: /home/stepan/ws_ros2/install/px4_msgs/include/px4_msgs/px4_msgs/msg/mission.h
[5.959s] -- Up-to-date: /home/stepan/ws_ros2/install/px4_msgs/include/px4_msgs/px4_msgs/msg/airspeed.h
[5.959s] -- Up-to-date: /home/stepan/ws_ros2/install/px4_msgs/include/px4_msgs/px4_msgs/msg/magnetometer_bias_estimate.h
[5.960s] -- Up-to-date: /home/stepan/ws_ros2/install/px4_msgs/include/px4_msgs/px4_msgs/msg/can_interface_status.h
[5.960s] -- Up-to-date: /home/stepan/ws_ros2/install/px4_msgs/include/px4_msgs/px4_msgs/msg/irlock_report.h
[5.960s] -- Up-to-date: /home/stepan/ws_ros2/install/px4_msgs/include/px4_msgs/px4_msgs/msg/satellite_info.h
[5.961s] -- Up-to-date: /home/stepan/ws_ros2/install/px4_msgs/include/px4_msgs/px4_msgs/msg/vtol_vehicle_status.h
[5.961s] -- Up-to-date: /home/stepan/ws_ros2/install/px4_msgs/include/px4_msgs/px4_msgs/msg/rover_attitude_setpoint.h
[5.961s] -- Up-to-date: /home/stepan/ws_ros2/install/px4_msgs/include/px4_msgs/px4_msgs/msg/manual_control_setpoint.h
[5.961s] -- Up-to-date: /home/stepan/ws_ros2/install/px4_msgs/include/px4_msgs/px4_msgs/msg/navigator_status.h
[5.962s] -- Up-to-date: /home/stepan/ws_ros2/install/px4_msgs/include/px4_msgs/px4_msgs/msg/trajectory_setpoint.h
[5.962s] -- Up-to-date: /home/stepan/ws_ros2/install/px4_msgs/include/px4_msgs/px4_msgs/msg/message_format_request.h
[5.962s] -- Up-to-date: /home/stepan/ws_ros2/install/px4_msgs/include/px4_msgs/px4_msgs/msg/autotune_attitude_control_status.h
[5.963s] -- Up-to-date: /home/stepan/ws_ros2/install/px4_msgs/include/px4_msgs/px4_msgs/msg/vehicle_odometry.h
[5.963s] -- Up-to-date: /home/stepan/ws_ros2/install/px4_msgs/include/px4_msgs/px4_msgs/msg/debug_array.h
[5.963s] -- Up-to-date: /home/stepan/ws_ros2/install/px4_msgs/include/px4_msgs/px4_msgs/msg/sensor_optical_flow.h
[5.963s] -- Up-to-date: /home/stepan/ws_ros2/install/px4_msgs/include/px4_msgs/px4_msgs/msg/velocity_limits.h
[5.963s] -- Up-to-date: /home/stepan/ws_ros2/install/px4_msgs/include/px4_msgs/px4_msgs/msg/gimbal_manager_set_attitude.h
[5.963s] -- Up-to-date: /home/stepan/ws_ros2/install/px4_msgs/include/px4_msgs/px4_msgs/msg/arming_check_request.h
[5.963s] -- Up-to-date: /home/stepan/ws_ros2/install/px4_msgs/include/px4_msgs/px4_msgs/msg/unregister_ext_component.h
[5.964s] -- Up-to-date: /home/stepan/ws_ros2/install/px4_msgs/include/px4_msgs/px4_msgs/msg/gimbal_controls.h
[5.964s] -- Up-to-date: /home/stepan/ws_ros2/install/px4_msgs/include/px4_msgs/px4_msgs/msg/sensors_status_imu.h
[5.964s] -- Up-to-date: /home/stepan/ws_ros2/install/px4_msgs/include/px4_msgs/px4_msgs/msg/estimator_selector_status.h
[5.964s] -- Up-to-date: /home/stepan/ws_ros2/install/px4_msgs/include/px4_msgs/px4_msgs/msg/airspeed_wind.h
[5.965s] -- Up-to-date: /home/stepan/ws_ros2/install/px4_msgs/include/px4_msgs/px4_msgs/msg/dataman_response.h
[5.966s] -- Up-to-date: /home/stepan/ws_ros2/install/px4_msgs/include/px4_msgs/px4_msgs/msg/landing_gear_wheel.h
[5.967s] -- Up-to-date: /home/stepan/ws_ros2/install/px4_msgs/include/px4_msgs/px4_msgs/msg/launch_detection_status.h
[5.969s] -- Up-to-date: /home/stepan/ws_ros2/install/px4_msgs/include/px4_msgs/px4_msgs/msg/rover_rate_setpoint.h
[5.969s] -- Up-to-date: /home/stepan/ws_ros2/install/px4_msgs/include/px4_msgs/px4_msgs/msg/wind.h
[5.970s] -- Up-to-date: /home/stepan/ws_ros2/install/px4_msgs/include/px4_msgs/px4_msgs/msg/sensor_accel_fifo.h
[5.971s] -- Up-to-date: /home/stepan/ws_ros2/install/px4_msgs/include/px4_msgs/px4_msgs/msg/follow_target_estimator.h
[5.971s] -- Up-to-date: /home/stepan/ws_ros2/install/px4_msgs/include/px4_msgs/px4_msgs/msg/hover_thrust_estimate.h
[5.972s] -- Up-to-date: /home/stepan/ws_ros2/install/px4_msgs/include/px4_msgs/px4_msgs/msg/vehicle_imu_status.h
[5.973s] -- Up-to-date: /home/stepan/ws_ros2/install/px4_msgs/include/px4_msgs/px4_msgs/msg/follow_target.h
[5.974s] -- Up-to-date: /home/stepan/ws_ros2/install/px4_msgs/include/px4_msgs/px4_msgs/msg/ackermann_velocity_setpoint.h
[5.975s] -- Up-to-date: /home/stepan/ws_ros2/install/px4_msgs/include/px4_msgs/px4_msgs/msg/sensors_status.h
[5.976s] -- Up-to-date: /home/stepan/ws_ros2/install/px4_msgs/include/px4_msgs/px4_msgs/msg/rc_channels.h
[5.977s] -- Up-to-date: /home/stepan/ws_ros2/install/px4_msgs/include/px4_msgs/px4_msgs/msg/estimator_bias.h
[5.977s] -- Up-to-date: /home/stepan/ws_ros2/install/px4_msgs/include/px4_msgs/px4_msgs/msg/estimator_status.h
[5.977s] -- Up-to-date: /home/stepan/ws_ros2/install/px4_msgs/include/px4_msgs/px4_msgs/msg/sensor_gyro_fifo.h
[5.977s] -- Up-to-date: /home/stepan/ws_ros2/install/px4_msgs/include/px4_msgs/px4_msgs/msg/sensor_selection.h
[5.978s] -- Up-to-date: /home/stepan/ws_ros2/install/px4_msgs/include/px4_msgs/px4_msgs/msg/sensor_airflow.h
[5.978s] -- Up-to-date: /home/stepan/ws_ros2/install/px4_msgs/include/px4_msgs/px4_msgs/msg/rate_ctrl_status.h
[5.978s] -- Up-to-date: /home/stepan/ws_ros2/install/px4_msgs/include/px4_msgs/px4_msgs/msg/failsafe_flags.h
[5.978s] -- Up-to-date: /home/stepan/ws_ros2/install/px4_msgs/include/px4_msgs/px4_msgs/msg/debug_key_value.h
[5.978s] -- Up-to-date: /home/stepan/ws_ros2/install/px4_msgs/include/px4_msgs/px4_msgs/msg/led_control.h
[5.979s] -- Up-to-date: /home/stepan/ws_ros2/install/px4_msgs/include/px4_msgs/px4_msgs/msg/gimbal_manager_status.h
[5.979s] -- Up-to-date: /home/stepan/ws_ros2/install/px4_msgs/include/px4_msgs/px4_msgs/msg/gpio_request.h
[5.979s] -- Up-to-date: /home/stepan/ws_ros2/install/px4_msgs/include/px4_msgs/px4_msgs/msg/transponder_report.h
[5.980s] -- Up-to-date: /home/stepan/ws_ros2/install/px4_msgs/include/px4_msgs/px4_msgs/msg/detail
[5.980s] -- Up-to-date: /home/stepan/ws_ros2/install/px4_msgs/include/px4_msgs/px4_msgs/msg/detail/sensor_correction__struct.h
[5.980s] -- Up-to-date: /home/stepan/ws_ros2/install/px4_msgs/include/px4_msgs/px4_msgs/msg/detail/figure_eight_status__functions.h
[5.980s] -- Up-to-date: /home/stepan/ws_ros2/install/px4_msgs/include/px4_msgs/px4_msgs/msg/detail/orb_test_medium__type_support.h
[5.980s] -- Up-to-date: /home/stepan/ws_ros2/install/px4_msgs/include/px4_msgs/px4_msgs/msg/detail/rover_steering_setpoint__struct.h
[5.980s] -- Up-to-date: /home/stepan/ws_ros2/install/px4_msgs/include/px4_msgs/px4_msgs/msg/detail/sensor_uwb__functions.c
[5.981s] -- Up-to-date: /home/stepan/ws_ros2/install/px4_msgs/include/px4_msgs/px4_msgs/msg/detail/gimbal_manager_set_manual_control__type_support.h
[5.981s] -- Up-to-date: /home/stepan/ws_ros2/install/px4_msgs/include/px4_msgs/px4_msgs/msg/detail/gpio_out__struct.h
[5.982s] -- Up-to-date: /home/stepan/ws_ros2/install/px4_msgs/include/px4_msgs/px4_msgs/msg/detail/vehicle_imu__type_support.h
[5.983s] -- Up-to-date: /home/stepan/ws_ros2/install/px4_msgs/include/px4_msgs/px4_msgs/msg/detail/follow_target__functions.c
[5.984s] -- Up-to-date: /home/stepan/ws_ros2/install/px4_msgs/include/px4_msgs/px4_msgs/msg/detail/landing_gear_wheel__type_support.h
[5.985s] -- Up-to-date: /home/stepan/ws_ros2/install/px4_msgs/include/px4_msgs/px4_msgs/msg/detail/vehicle_rates_setpoint__functions.c
[5.986s] -- Up-to-date: /home/stepan/ws_ros2/install/px4_msgs/include/px4_msgs/px4_msgs/msg/detail/vehicle_command_ack__struct.h
[5.986s] -- Up-to-date: /home/stepan/ws_ros2/install/px4_msgs/include/px4_msgs/px4_msgs/msg/detail/actuator_test__type_support.h
[5.987s] -- Up-to-date: /home/stepan/ws_ros2/install/px4_msgs/include/px4_msgs/px4_msgs/msg/detail/yaw_estimator_status__functions.h
[5.987s] -- Up-to-date: /home/stepan/ws_ros2/install/px4_msgs/include/px4_msgs/px4_msgs/msg/detail/debug_array__struct.h
[5.989s] -- Up-to-date: /home/stepan/ws_ros2/install/px4_msgs/include/px4_msgs/px4_msgs/msg/detail/actuator_servos_trim__functions.c
[5.989s] -- Up-to-date: /home/stepan/ws_ros2/install/px4_msgs/include/px4_msgs/px4_msgs/msg/detail/navigator_mission_item__struct.h
[5.990s] -- Up-to-date: /home/stepan/ws_ros2/install/px4_msgs/include/px4_msgs/px4_msgs/msg/detail/position_setpoint_triplet__functions.h
[5.990s] -- Up-to-date: /home/stepan/ws_ros2/install/px4_msgs/include/px4_msgs/px4_msgs/msg/detail/internal_combustion_engine_status__struct.h
[5.990s] -- Up-to-date: /home/stepan/ws_ros2/install/px4_msgs/include/px4_msgs/px4_msgs/msg/detail/vehicle_attitude_setpoint__functions.h
[5.991s] -- Up-to-date: /home/stepan/ws_ros2/install/px4_msgs/include/px4_msgs/px4_msgs/msg/detail/vehicle_attitude__functions.h
[5.991s] -- Up-to-date: /home/stepan/ws_ros2/install/px4_msgs/include/px4_msgs/px4_msgs/msg/detail/rover_position_setpoint__functions.c
[5.991s] -- Up-to-date: /home/stepan/ws_ros2/install/px4_msgs/include/px4_msgs/px4_msgs/msg/detail/estimator_aid_source1d__functions.h
[5.991s] -- Up-to-date: /home/stepan/ws_ros2/install/px4_msgs/include/px4_msgs/px4_msgs/msg/detail/follow_target__functions.h
[5.992s] -- Up-to-date: /home/stepan/ws_ros2/install/px4_msgs/include/px4_msgs/px4_msgs/msg/detail/rc_channels__type_support.h
[5.992s] -- Up-to-date: /home/stepan/ws_ros2/install/px4_msgs/include/px4_msgs/px4_msgs/msg/detail/gpio_out__functions.h
[5.992s] -- Up-to-date: /home/stepan/ws_ros2/install/px4_msgs/include/px4_msgs/px4_msgs/msg/detail/ulog_stream__type_support.h
[5.992s] -- Up-to-date: /home/stepan/ws_ros2/install/px4_msgs/include/px4_msgs/px4_msgs/msg/detail/parameter_reset_request__type_support.h
[5.993s] -- Up-to-date: /home/stepan/ws_ros2/install/px4_msgs/include/px4_msgs/px4_msgs/msg/detail/generator_status__struct.h
[5.993s] -- Up-to-date: /home/stepan/ws_ros2/install/px4_msgs/include/px4_msgs/px4_msgs/msg/detail/estimator_selector_status__functions.c
[5.993s] -- Up-to-date: /home/stepan/ws_ros2/install/px4_msgs/include/px4_msgs/px4_msgs/msg/detail/sensor_selection__functions.c
[5.993s] -- Up-to-date: /home/stepan/ws_ros2/install/px4_msgs/include/px4_msgs/px4_msgs/msg/detail/normalized_unsigned_setpoint__functions.h
[5.994s] -- Up-to-date: /home/stepan/ws_ros2/install/px4_msgs/include/px4_msgs/px4_msgs/msg/detail/rover_steering_setpoint__functions.h
[5.994s] -- Up-to-date: /home/stepan/ws_ros2/install/px4_msgs/include/px4_msgs/px4_msgs/msg/detail/vehicle_odometry__type_support.h
[5.994s] -- Up-to-date: /home/stepan/ws_ros2/install/px4_msgs/include/px4_msgs/px4_msgs/msg/detail/parameter_set_value_response__functions.h
[5.994s] -- Up-to-date: /home/stepan/ws_ros2/install/px4_msgs/include/px4_msgs/px4_msgs/msg/detail/vehicle_angular_acceleration_setpoint__type_support.h
[5.994s] -- Up-to-date: /home/stepan/ws_ros2/install/px4_msgs/include/px4_msgs/px4_msgs/msg/detail/actuator_test__functions.h
[5.994s] -- Up-to-date: /home/stepan/ws_ros2/install/px4_msgs/include/px4_msgs/px4_msgs/msg/detail/landing_target_pose__type_support.h
[5.995s] -- Up-to-date: /home/stepan/ws_ros2/install/px4_msgs/include/px4_msgs/px4_msgs/msg/detail/vehicle_angular_acceleration_setpoint__functions.h
[5.995s] -- Up-to-date: /home/stepan/ws_ros2/install/px4_msgs/include/px4_msgs/px4_msgs/msg/detail/wheel_encoders__functions.c
[5.995s] -- Up-to-date: /home/stepan/ws_ros2/install/px4_msgs/include/px4_msgs/px4_msgs/msg/detail/ekf2_timestamps__type_support.h
[5.996s] -- Up-to-date: /home/stepan/ws_ros2/install/px4_msgs/include/px4_msgs/px4_msgs/msg/detail/takeoff_status__functions.c
[5.996s] -- Up-to-date: /home/stepan/ws_ros2/install/px4_msgs/include/px4_msgs/px4_msgs/msg/detail/sensor_preflight_mag__functions.c
[5.996s] -- Up-to-date: /home/stepan/ws_ros2/install/px4_msgs/include/px4_msgs/px4_msgs/msg/detail/sensor_accel__functions.c
[5.996s] -- Up-to-date: /home/stepan/ws_ros2/install/px4_msgs/include/px4_msgs/px4_msgs/msg/detail/orb_test__functions.c
[5.996s] -- Up-to-date: /home/stepan/ws_ros2/install/px4_msgs/include/px4_msgs/px4_msgs/msg/detail/sensor_gnss_relative__functions.h
[5.996s] -- Up-to-date: /home/stepan/ws_ros2/install/px4_msgs/include/px4_msgs/px4_msgs/msg/detail/message_format_response__functions.h
[5.996s] -- Up-to-date: /home/stepan/ws_ros2/install/px4_msgs/include/px4_msgs/px4_msgs/msg/detail/sensor_gps__functions.c
[5.996s] -- Up-to-date: /home/stepan/ws_ros2/install/px4_msgs/include/px4_msgs/px4_msgs/msg/detail/failure_detector_status__type_support.h
[5.996s] -- Up-to-date: /home/stepan/ws_ros2/install/px4_msgs/include/px4_msgs/px4_msgs/msg/detail/hover_thrust_estimate__struct.h
[5.997s] -- Up-to-date: /home/stepan/ws_ros2/install/px4_msgs/include/px4_msgs/px4_msgs/msg/detail/orb_test__functions.h
[5.997s] -- Up-to-date: /home/stepan/ws_ros2/install/px4_msgs/include/px4_msgs/px4_msgs/msg/detail/position_setpoint__functions.c
[5.997s] -- Up-to-date: /home/stepan/ws_ros2/install/px4_msgs/include/px4_msgs/px4_msgs/msg/detail/sensor_accel_fifo__struct.h
[5.998s] -- Up-to-date: /home/stepan/ws_ros2/install/px4_msgs/include/px4_msgs/px4_msgs/msg/detail/sensors_status_imu__type_support.h
[5.998s] -- Up-to-date: /home/stepan/ws_ros2/install/px4_msgs/include/px4_msgs/px4_msgs/msg/detail/failsafe_flags__struct.h
[5.998s] -- Up-to-date: /home/stepan/ws_ros2/install/px4_msgs/include/px4_msgs/px4_msgs/msg/detail/tune_control__struct.h
[5.998s] -- Up-to-date: /home/stepan/ws_ros2/install/px4_msgs/include/px4_msgs/px4_msgs/msg/detail/rpm__type_support.h
[5.998s] -- Up-to-date: /home/stepan/ws_ros2/install/px4_msgs/include/px4_msgs/px4_msgs/msg/detail/pps_capture__functions.h
[5.999s] -- Up-to-date: /home/stepan/ws_ros2/install/px4_msgs/include/px4_msgs/px4_msgs/msg/detail/landing_target_innovations__struct.h
[5.999s] -- Up-to-date: /home/stepan/ws_ros2/install/px4_msgs/include/px4_msgs/px4_msgs/msg/detail/normalized_unsigned_setpoint__type_support.h
[5.999s] -- Up-to-date: /home/stepan/ws_ros2/install/px4_msgs/include/px4_msgs/px4_msgs/msg/detail/parameter_set_used_request__functions.h
[5.999s] -- Up-to-date: /home/stepan/ws_ros2/install/px4_msgs/include/px4_msgs/px4_msgs/msg/detail/offboard_control_mode__functions.h
[5.999s] -- Up-to-date: /home/stepan/ws_ros2/install/px4_msgs/include/px4_msgs/px4_msgs/msg/detail/actuator_servos_trim__struct.h
[5.999s] -- Up-to-date: /home/stepan/ws_ros2/install/px4_msgs/include/px4_msgs/px4_msgs/msg/detail/esc_status__type_support.h
[6.001s] -- Up-to-date: /home/stepan/ws_ros2/install/px4_msgs/include/px4_msgs/px4_msgs/msg/detail/transponder_report__struct.h
[6.003s] -- Up-to-date: /home/stepan/ws_ros2/install/px4_msgs/include/px4_msgs/px4_msgs/msg/detail/actuator_motors__functions.h
[6.005s] -- Up-to-date: /home/stepan/ws_ros2/install/px4_msgs/include/px4_msgs/px4_msgs/msg/detail/estimator_aid_source1d__functions.c
[6.005s] -- Up-to-date: /home/stepan/ws_ros2/install/px4_msgs/include/px4_msgs/px4_msgs/msg/detail/dataman_request__struct.h
[6.006s] -- Up-to-date: /home/stepan/ws_ros2/install/px4_msgs/include/px4_msgs/px4_msgs/msg/detail/wind__type_support.h
[6.006s] -- Up-to-date: /home/stepan/ws_ros2/install/px4_msgs/include/px4_msgs/px4_msgs/msg/detail/estimator_status_flags__struct.h
[6.007s] -- Up-to-date: /home/stepan/ws_ros2/install/px4_msgs/include/px4_msgs/px4_msgs/msg/detail/vehicle_constraints__functions.h
[6.007s] -- Up-to-date: /home/stepan/ws_ros2/install/px4_msgs/include/px4_msgs/px4_msgs/msg/detail/sensor_correction__type_support.h
[6.008s] -- Up-to-date: /home/stepan/ws_ros2/install/px4_msgs/include/px4_msgs/px4_msgs/msg/detail/rc_parameter_map__functions.c
[6.010s] -- Up-to-date: /home/stepan/ws_ros2/install/px4_msgs/include/px4_msgs/px4_msgs/msg/detail/timesync_status__functions.h
[6.010s] -- Up-to-date: /home/stepan/ws_ros2/install/px4_msgs/include/px4_msgs/px4_msgs/msg/detail/sensor_gyro__struct.h
[6.010s] -- Up-to-date: /home/stepan/ws_ros2/install/px4_msgs/include/px4_msgs/px4_msgs/msg/detail/ping__functions.h
[6.010s] -- Up-to-date: /home/stepan/ws_ros2/install/px4_msgs/include/px4_msgs/px4_msgs/msg/detail/telemetry_status__functions.c
[6.010s] -- Up-to-date: /home/stepan/ws_ros2/install/px4_msgs/include/px4_msgs/px4_msgs/msg/detail/rover_rate_setpoint__functions.c
[6.011s] -- Up-to-date: /home/stepan/ws_ros2/install/px4_msgs/include/px4_msgs/px4_msgs/msg/detail/vehicle_land_detected__struct.h
[6.011s] -- Up-to-date: /home/stepan/ws_ros2/install/px4_msgs/include/px4_msgs/px4_msgs/msg/detail/gps_dump__functions.c
[6.011s] -- Up-to-date: /home/stepan/ws_ros2/install/px4_msgs/include/px4_msgs/px4_msgs/msg/detail/landing_gear_wheel__struct.h
[6.011s] -- Up-to-date: /home/stepan/ws_ros2/install/px4_msgs/include/px4_msgs/px4_msgs/msg/detail/navigator_mission_item__functions.c
[6.011s] -- Up-to-date: /home/stepan/ws_ros2/install/px4_msgs/include/px4_msgs/px4_msgs/msg/detail/rtl_time_estimate__functions.c
[6.011s] -- Up-to-date: /home/stepan/ws_ros2/install/px4_msgs/include/px4_msgs/px4_msgs/msg/detail/config_overrides__functions.c
[6.012s] -- Up-to-date: /home/stepan/ws_ros2/install/px4_msgs/include/px4_msgs/px4_msgs/msg/detail/landing_target_pose__struct.h
[6.013s] -- Up-to-date: /home/stepan/ws_ros2/install/px4_msgs/include/px4_msgs/px4_msgs/msg/detail/rover_steering_setpoint__type_support.h
[6.013s] -- Up-to-date: /home/stepan/ws_ros2/install/px4_msgs/include/px4_msgs/px4_msgs/msg/detail/parameter_reset_request__struct.h
[6.013s] -- Up-to-date: /home/stepan/ws_ros2/install/px4_msgs/include/px4_msgs/px4_msgs/msg/detail/follow_target_status__functions.c
[6.013s] -- Up-to-date: /home/stepan/ws_ros2/install/px4_msgs/include/px4_msgs/px4_msgs/msg/detail/estimator_innovations__struct.h
[6.014s] -- Up-to-date: /home/stepan/ws_ros2/install/px4_msgs/include/px4_msgs/px4_msgs/msg/detail/follow_target_estimator__functions.h
[6.014s] -- Up-to-date: /home/stepan/ws_ros2/install/px4_msgs/include/px4_msgs/px4_msgs/msg/detail/vehicle_global_position__type_support.h
[6.014s] -- Up-to-date: /home/stepan/ws_ros2/install/px4_msgs/include/px4_msgs/px4_msgs/msg/detail/task_stack_info__type_support.h
[6.014s] -- Up-to-date: /home/stepan/ws_ros2/install/px4_msgs/include/px4_msgs/px4_msgs/msg/detail/action_request__struct.h
[6.014s] -- Up-to-date: /home/stepan/ws_ros2/install/px4_msgs/include/px4_msgs/px4_msgs/msg/detail/arming_check_request__functions.h
[6.014s] -- Up-to-date: /home/stepan/ws_ros2/install/px4_msgs/include/px4_msgs/px4_msgs/msg/detail/gps_inject_data__type_support.h
[6.015s] -- Up-to-date: /home/stepan/ws_ros2/install/px4_msgs/include/px4_msgs/px4_msgs/msg/detail/control_allocator_status__functions.c
[6.015s] -- Up-to-date: /home/stepan/ws_ros2/install/px4_msgs/include/px4_msgs/px4_msgs/msg/detail/navigator_status__functions.h
[6.016s] -- Up-to-date: /home/stepan/ws_ros2/install/px4_msgs/include/px4_msgs/px4_msgs/msg/detail/launch_detection_status__type_support.h
[6.017s] -- Up-to-date: /home/stepan/ws_ros2/install/px4_msgs/include/px4_msgs/px4_msgs/msg/detail/distance_sensor__functions.h
[6.018s] -- Up-to-date: /home/stepan/ws_ros2/install/px4_msgs/include/px4_msgs/px4_msgs/msg/detail/estimator_gps_status__functions.h
[6.018s] -- Up-to-date: /home/stepan/ws_ros2/install/px4_msgs/include/px4_msgs/px4_msgs/msg/detail/orb_test_medium__struct.h
[6.019s] -- Up-to-date: /home/stepan/ws_ros2/install/px4_msgs/include/px4_msgs/px4_msgs/msg/detail/vehicle_imu__functions.h
[6.020s] -- Up-to-date: /home/stepan/ws_ros2/install/px4_msgs/include/px4_msgs/px4_msgs/msg/detail/mavlink_tunnel__struct.h
[6.022s] -- Up-to-date: /home/stepan/ws_ros2/install/px4_msgs/include/px4_msgs/px4_msgs/msg/detail/vtol_vehicle_status__type_support.h
[6.022s] -- Up-to-date: /home/stepan/ws_ros2/install/px4_msgs/include/px4_msgs/px4_msgs/msg/detail/parameter_set_value_response__functions.c
[6.023s] -- Up-to-date: /home/stepan/ws_ros2/install/px4_msgs/include/px4_msgs/px4_msgs/msg/detail/parameter_reset_request__functions.c
[6.023s] -- Up-to-date: /home/stepan/ws_ros2/install/px4_msgs/include/px4_msgs/px4_msgs/msg/detail/estimator_status__functions.c
[6.023s] -- Up-to-date: /home/stepan/ws_ros2/install/px4_msgs/include/px4_msgs/px4_msgs/msg/detail/qshell_req__struct.h
[6.023s] -- Up-to-date: /home/stepan/ws_ros2/install/px4_msgs/include/px4_msgs/px4_msgs/msg/detail/timesync_status__type_support.h
[6.024s] -- Up-to-date: /home/stepan/ws_ros2/install/px4_msgs/include/px4_msgs/px4_msgs/msg/detail/distance_sensor_mode_change_request__type_support.h
[6.025s] -- Up-to-date: /home/stepan/ws_ros2/install/px4_msgs/include/px4_msgs/px4_msgs/msg/detail/event__type_support.h
[6.026s] -- Up-to-date: /home/stepan/ws_ros2/install/px4_msgs/include/px4_msgs/px4_msgs/msg/detail/geofence_status__functions.c
[6.026s] -- Up-to-date: /home/stepan/ws_ros2/install/px4_msgs/include/px4_msgs/px4_msgs/msg/detail/npfg_status__type_support.h
[6.026s] -- Up-to-date: /home/stepan/ws_ros2/install/px4_msgs/include/px4_msgs/px4_msgs/msg/detail/obstacle_distance__struct.h
[6.027s] -- Up-to-date: /home/stepan/ws_ros2/install/px4_msgs/include/px4_msgs/px4_msgs/msg/detail/estimator_gps_status__type_support.h
[6.028s] -- Up-to-date: /home/stepan/ws_ros2/install/px4_msgs/include/px4_msgs/px4_msgs/msg/detail/gpio_request__struct.h
[6.029s] -- Up-to-date: /home/stepan/ws_ros2/install/px4_msgs/include/px4_msgs/px4_msgs/msg/detail/camera_status__struct.h
[6.029s] -- Up-to-date: /home/stepan/ws_ros2/install/px4_msgs/include/px4_msgs/px4_msgs/msg/detail/gps_inject_data__struct.h
[6.029s] -- Up-to-date: /home/stepan/ws_ros2/install/px4_msgs/include/px4_msgs/px4_msgs/msg/detail/register_ext_component_request__functions.c
[6.029s] -- Up-to-date: /home/stepan/ws_ros2/install/px4_msgs/include/px4_msgs/px4_msgs/msg/detail/timesync_status__struct.h
[6.029s] -- Up-to-date: /home/stepan/ws_ros2/install/px4_msgs/include/px4_msgs/px4_msgs/msg/detail/actuator_armed__functions.h
[6.029s] -- Up-to-date: /home/stepan/ws_ros2/install/px4_msgs/include/px4_msgs/px4_msgs/msg/detail/trajectory_setpoint__functions.c
[6.030s] -- Up-to-date: /home/stepan/ws_ros2/install/px4_msgs/include/px4_msgs/px4_msgs/msg/detail/unregister_ext_component__struct.h
[6.030s] -- Up-to-date: /home/stepan/ws_ros2/install/px4_msgs/include/px4_msgs/px4_msgs/msg/detail/open_drone_id_self_id__functions.c
[6.030s] -- Up-to-date: /home/stepan/ws_ros2/install/px4_msgs/include/px4_msgs/px4_msgs/msg/detail/vehicle_command__type_support.h
[6.030s] -- Up-to-date: /home/stepan/ws_ros2/install/px4_msgs/include/px4_msgs/px4_msgs/msg/detail/battery_status__functions.h
[6.030s] -- Up-to-date: /home/stepan/ws_ros2/install/px4_msgs/include/px4_msgs/px4_msgs/msg/detail/vehicle_rates_setpoint__functions.h
[6.031s] -- Up-to-date: /home/stepan/ws_ros2/install/px4_msgs/include/px4_msgs/px4_msgs/msg/detail/sensors_status__struct.h
[6.031s] -- Up-to-date: /home/stepan/ws_ros2/install/px4_msgs/include/px4_msgs/px4_msgs/msg/detail/goto_setpoint__struct.h
[6.032s] -- Up-to-date: /home/stepan/ws_ros2/install/px4_msgs/include/px4_msgs/px4_msgs/msg/detail/position_setpoint__struct.h
[6.032s] -- Up-to-date: /home/stepan/ws_ros2/install/px4_msgs/include/px4_msgs/px4_msgs/msg/detail/rover_rate_status__struct.h
[6.033s] -- Up-to-date: /home/stepan/ws_ros2/install/px4_msgs/include/px4_msgs/px4_msgs/msg/detail/sensor_gnss_relative__functions.c
[6.033s] -- Up-to-date: /home/stepan/ws_ros2/install/px4_msgs/include/px4_msgs/px4_msgs/msg/detail/led_control__struct.h
[6.034s] -- Up-to-date: /home/stepan/ws_ros2/install/px4_msgs/include/px4_msgs/px4_msgs/msg/detail/cellular_status__functions.h
[6.035s] -- Up-to-date: /home/stepan/ws_ros2/install/px4_msgs/include/px4_msgs/px4_msgs/msg/detail/uavcan_parameter_value__functions.c
[6.037s] -- Up-to-date: /home/stepan/ws_ros2/install/px4_msgs/include/px4_msgs/px4_msgs/msg/detail/fuel_tank_status__functions.h
[6.039s] -- Up-to-date: /home/stepan/ws_ros2/install/px4_msgs/include/px4_msgs/px4_msgs/msg/detail/mission__functions.h
[6.040s] -- Up-to-date: /home/stepan/ws_ros2/install/px4_msgs/include/px4_msgs/px4_msgs/msg/detail/magnetometer_bias_estimate__struct.h
[6.040s] -- Up-to-date: /home/stepan/ws_ros2/install/px4_msgs/include/px4_msgs/px4_msgs/msg/detail/sensor_accel__struct.h
[6.041s] -- Up-to-date: /home/stepan/ws_ros2/install/px4_msgs/include/px4_msgs/px4_msgs/msg/detail/position_controller_status__functions.h
[6.042s] -- Up-to-date: /home/stepan/ws_ros2/install/px4_msgs/include/px4_msgs/px4_msgs/msg/detail/sensor_uwb__type_support.h
[6.043s] -- Up-to-date: /home/stepan/ws_ros2/install/px4_msgs/include/px4_msgs/px4_msgs/msg/detail/goto_setpoint__functions.h
[6.043s] -- Up-to-date: /home/stepan/ws_ros2/install/px4_msgs/include/px4_msgs/px4_msgs/msg/detail/gimbal_manager_set_manual_control__struct.h
[6.043s] -- Up-to-date: /home/stepan/ws_ros2/install/px4_msgs/include/px4_msgs/px4_msgs/msg/detail/actuator_servos_trim__type_support.h
[6.043s] -- Up-to-date: /home/stepan/ws_ros2/install/px4_msgs/include/px4_msgs/px4_msgs/msg/detail/sensor_mag__functions.c
[6.043s] -- Up-to-date: /home/stepan/ws_ros2/install/px4_msgs/include/px4_msgs/px4_msgs/msg/detail/power_monitor__struct.h
[6.044s] -- Up-to-date: /home/stepan/ws_ros2/install/px4_msgs/include/px4_msgs/px4_msgs/msg/detail/open_drone_id_arm_status__struct.h
[6.044s] -- Up-to-date: /home/stepan/ws_ros2/install/px4_msgs/include/px4_msgs/px4_msgs/msg/detail/estimator_bias__struct.h
[6.044s] -- Up-to-date: /home/stepan/ws_ros2/install/px4_msgs/include/px4_msgs/px4_msgs/msg/detail/landing_target_innovations__type_support.h
[6.044s] -- Up-to-date: /home/stepan/ws_ros2/install/px4_msgs/include/px4_msgs/px4_msgs/msg/detail/yaw_estimator_status__functions.c
[6.044s] -- Up-to-date: /home/stepan/ws_ros2/install/px4_msgs/include/px4_msgs/px4_msgs/msg/detail/gpio_config__struct.h
[6.044s] -- Up-to-date: /home/stepan/ws_ros2/install/px4_msgs/include/px4_msgs/px4_msgs/msg/detail/vehicle_local_position__functions.c
[6.044s] -- Up-to-date: /home/stepan/ws_ros2/install/px4_msgs/include/px4_msgs/px4_msgs/msg/detail/hover_thrust_estimate__type_support.h
[6.045s] -- Up-to-date: /home/stepan/ws_ros2/install/px4_msgs/include/px4_msgs/px4_msgs/msg/detail/airspeed_wind__struct.h
[6.045s] -- Up-to-date: /home/stepan/ws_ros2/install/px4_msgs/include/px4_msgs/px4_msgs/msg/detail/mag_worker_data__type_support.h
[6.045s] -- Up-to-date: /home/stepan/ws_ros2/install/px4_msgs/include/px4_msgs/px4_msgs/msg/detail/cellular_status__functions.c
[6.045s] -- Up-to-date: /home/stepan/ws_ros2/install/px4_msgs/include/px4_msgs/px4_msgs/msg/detail/actuator_test__functions.c
[6.045s] -- Up-to-date: /home/stepan/ws_ros2/install/px4_msgs/include/px4_msgs/px4_msgs/msg/detail/sensor_selection__struct.h
[6.046s] -- Up-to-date: /home/stepan/ws_ros2/install/px4_msgs/include/px4_msgs/px4_msgs/msg/detail/gimbal_manager_status__type_support.h
[6.046s] -- Up-to-date: /home/stepan/ws_ros2/install/px4_msgs/include/px4_msgs/px4_msgs/msg/detail/esc_status__functions.h
[6.046s] -- Up-to-date: /home/stepan/ws_ros2/install/px4_msgs/include/px4_msgs/px4_msgs/msg/detail/uavcan_parameter_request__struct.h
[6.046s] -- Up-to-date: /home/stepan/ws_ros2/install/px4_msgs/include/px4_msgs/px4_msgs/msg/detail/mavlink_log__struct.h
[6.046s] -- Up-to-date: /home/stepan/ws_ros2/install/px4_msgs/include/px4_msgs/px4_msgs/msg/detail/vehicle_control_mode__struct.h
[6.046s] -- Up-to-date: /home/stepan/ws_ros2/install/px4_msgs/include/px4_msgs/px4_msgs/msg/detail/button_event__functions.h
[6.046s] -- Up-to-date: /home/stepan/ws_ros2/install/px4_msgs/include/px4_msgs/px4_msgs/msg/detail/button_event__type_support.h
[6.048s] -- Up-to-date: /home/stepan/ws_ros2/install/px4_msgs/include/px4_msgs/px4_msgs/msg/detail/rover_position_setpoint__type_support.h
[6.049s] -- Up-to-date: /home/stepan/ws_ros2/install/px4_msgs/include/px4_msgs/px4_msgs/msg/detail/esc_status__struct.h
[6.050s] -- Up-to-date: /home/stepan/ws_ros2/install/px4_msgs/include/px4_msgs/px4_msgs/msg/detail/vehicle_imu__struct.h
[6.051s] -- Up-to-date: /home/stepan/ws_ros2/install/px4_msgs/include/px4_msgs/px4_msgs/msg/detail/onboard_computer_status__type_support.h
[6.051s] -- Up-to-date: /home/stepan/ws_ros2/install/px4_msgs/include/px4_msgs/px4_msgs/msg/detail/parameter_set_value_request__type_support.h
[6.052s] -- Up-to-date: /home/stepan/ws_ros2/install/px4_msgs/include/px4_msgs/px4_msgs/msg/detail/collision_constraints__struct.h
[6.052s] -- Up-to-date: /home/stepan/ws_ros2/install/px4_msgs/include/px4_msgs/px4_msgs/msg/detail/estimator_states__struct.h
[6.053s] -- Up-to-date: /home/stepan/ws_ros2/install/px4_msgs/include/px4_msgs/px4_msgs/msg/detail/wheel_encoders__struct.h
[6.054s] -- Up-to-date: /home/stepan/ws_ros2/install/px4_msgs/include/px4_msgs/px4_msgs/msg/detail/estimator_aid_source2d__struct.h
[6.054s] -- Up-to-date: /home/stepan/ws_ros2/install/px4_msgs/include/px4_msgs/px4_msgs/msg/detail/differential_pressure__functions.h
[6.055s] -- Up-to-date: /home/stepan/ws_ros2/install/px4_msgs/include/px4_msgs/px4_msgs/msg/detail/gimbal_manager_set_attitude__type_support.h
[6.056s] -- Up-to-date: /home/stepan/ws_ros2/install/px4_msgs/include/px4_msgs/px4_msgs/msg/detail/gimbal_controls__functions.h
[6.057s] -- Up-to-date: /home/stepan/ws_ros2/install/px4_msgs/include/px4_msgs/px4_msgs/msg/detail/logger_status__functions.h
[6.057s] -- Up-to-date: /home/stepan/ws_ros2/install/px4_msgs/include/px4_msgs/px4_msgs/msg/detail/gimbal_manager_information__type_support.h
[6.057s] -- Up-to-date: /home/stepan/ws_ros2/install/px4_msgs/include/px4_msgs/px4_msgs/msg/detail/mavlink_tunnel__functions.c
[6.058s] -- Up-to-date: /home/stepan/ws_ros2/install/px4_msgs/include/px4_msgs/px4_msgs/msg/detail/wind__functions.h
[6.058s] -- Up-to-date: /home/stepan/ws_ros2/install/px4_msgs/include/px4_msgs/px4_msgs/msg/detail/failsafe_flags__functions.c
[6.058s] -- Up-to-date: /home/stepan/ws_ros2/install/px4_msgs/include/px4_msgs/px4_msgs/msg/detail/gimbal_device_set_attitude__struct.h
[6.059s] -- Up-to-date: /home/stepan/ws_ros2/install/px4_msgs/include/px4_msgs/px4_msgs/msg/detail/message_format_response__struct.h
[6.059s] -- Up-to-date: /home/stepan/ws_ros2/install/px4_msgs/include/px4_msgs/px4_msgs/msg/detail/radio_status__functions.c
[6.059s] -- Up-to-date: /home/stepan/ws_ros2/install/px4_msgs/include/px4_msgs/px4_msgs/msg/detail/landing_target_innovations__functions.c
[6.059s] -- Up-to-date: /home/stepan/ws_ros2/install/px4_msgs/include/px4_msgs/px4_msgs/msg/detail/ekf2_timestamps__functions.h
[6.059s] -- Up-to-date: /home/stepan/ws_ros2/install/px4_msgs/include/px4_msgs/px4_msgs/msg/detail/parameter_update__functions.c
[6.059s] -- Up-to-date: /home/stepan/ws_ros2/install/px4_msgs/include/px4_msgs/px4_msgs/msg/detail/message_format_request__functions.h
[6.059s] -- Up-to-date: /home/stepan/ws_ros2/install/px4_msgs/include/px4_msgs/px4_msgs/msg/detail/trajectory_setpoint__struct.h
[6.060s] -- Up-to-date: /home/stepan/ws_ros2/install/px4_msgs/include/px4_msgs/px4_msgs/msg/detail/rover_attitude_setpoint__type_support.h
[6.061s] -- Up-to-date: /home/stepan/ws_ros2/install/px4_msgs/include/px4_msgs/px4_msgs/msg/detail/dataman_response__type_support.h
[6.061s] -- Up-to-date: /home/stepan/ws_ros2/install/px4_msgs/include/px4_msgs/px4_msgs/msg/detail/debug_key_value__functions.h
[6.061s] -- Up-to-date: /home/stepan/ws_ros2/install/px4_msgs/include/px4_msgs/px4_msgs/msg/detail/qshell_req__functions.h
[6.061s] -- Up-to-date: /home/stepan/ws_ros2/install/px4_msgs/include/px4_msgs/px4_msgs/msg/detail/follow_target_status__type_support.h
[6.061s] -- Up-to-date: /home/stepan/ws_ros2/install/px4_msgs/include/px4_msgs/px4_msgs/msg/detail/collision_constraints__functions.h
[6.062s] -- Up-to-date: /home/stepan/ws_ros2/install/px4_msgs/include/px4_msgs/px4_msgs/msg/detail/esc_report__struct.h
[6.062s] -- Up-to-date: /home/stepan/ws_ros2/install/px4_msgs/include/px4_msgs/px4_msgs/msg/detail/position_controller_status__struct.h
[6.062s] -- Up-to-date: /home/stepan/ws_ros2/install/px4_msgs/include/px4_msgs/px4_msgs/msg/detail/vehicle_control_mode__type_support.h
[6.062s] -- Up-to-date: /home/stepan/ws_ros2/install/px4_msgs/include/px4_msgs/px4_msgs/msg/detail/offboard_control_mode__functions.c
[6.062s] -- Up-to-date: /home/stepan/ws_ros2/install/px4_msgs/include/px4_msgs/px4_msgs/msg/detail/tiltrotor_extra_controls__struct.h
[6.063s] -- Up-to-date: /home/stepan/ws_ros2/install/px4_msgs/include/px4_msgs/px4_msgs/msg/detail/position_setpoint_triplet__type_support.h
[6.063s] -- Up-to-date: /home/stepan/ws_ros2/install/px4_msgs/include/px4_msgs/px4_msgs/msg/detail/gimbal_device_attitude_status__struct.h
[6.063s] -- Up-to-date: /home/stepan/ws_ros2/install/px4_msgs/include/px4_msgs/px4_msgs/msg/detail/gimbal_device_set_attitude__functions.c
[6.063s] -- Up-to-date: /home/stepan/ws_ros2/install/px4_msgs/include/px4_msgs/px4_msgs/msg/detail/airspeed_wind__type_support.h
[6.065s] -- Up-to-date: /home/stepan/ws_ros2/install/px4_msgs/include/px4_msgs/px4_msgs/msg/detail/ulog_stream_ack__functions.h
[6.066s] -- Up-to-date: /home/stepan/ws_ros2/install/px4_msgs/include/px4_msgs/px4_msgs/msg/detail/sensor_uwb__struct.h
[6.067s] -- Up-to-date: /home/stepan/ws_ros2/install/px4_msgs/include/px4_msgs/px4_msgs/msg/detail/power_monitor__type_support.h
[6.068s] -- Up-to-date: /home/stepan/ws_ros2/install/px4_msgs/include/px4_msgs/px4_msgs/msg/detail/estimator_selector_status__type_support.h
[6.069s] -- Up-to-date: /home/stepan/ws_ros2/install/px4_msgs/include/px4_msgs/px4_msgs/msg/detail/vehicle_constraints__type_support.h
[6.069s] -- Up-to-date: /home/stepan/ws_ros2/install/px4_msgs/include/px4_msgs/px4_msgs/msg/detail/airspeed__functions.h
[6.070s] -- Up-to-date: /home/stepan/ws_ros2/install/px4_msgs/include/px4_msgs/px4_msgs/msg/detail/normalized_unsigned_setpoint__struct.h
[6.071s] -- Up-to-date: /home/stepan/ws_ros2/install/px4_msgs/include/px4_msgs/px4_msgs/msg/detail/rover_attitude_status__type_support.h
[6.071s] -- Up-to-date: /home/stepan/ws_ros2/install/px4_msgs/include/px4_msgs/px4_msgs/msg/detail/irlock_report__struct.h
[6.071s] -- Up-to-date: /home/stepan/ws_ros2/install/px4_msgs/include/px4_msgs/px4_msgs/msg/detail/rover_velocity_status__struct.h
[6.073s] -- Up-to-date: /home/stepan/ws_ros2/install/px4_msgs/include/px4_msgs/px4_msgs/msg/detail/mission_result__functions.h
[6.074s] -- Up-to-date: /home/stepan/ws_ros2/install/px4_msgs/include/px4_msgs/px4_msgs/msg/detail/flight_phase_estimation__type_support.h
[6.074s] -- Up-to-date: /home/stepan/ws_ros2/install/px4_msgs/include/px4_msgs/px4_msgs/msg/detail/estimator_bias3d__functions.h
[6.075s] -- Up-to-date: /home/stepan/ws_ros2/install/px4_msgs/include/px4_msgs/px4_msgs/msg/detail/sensor_gnss_relative__struct.h
[6.075s] -- Up-to-date: /home/stepan/ws_ros2/install/px4_msgs/include/px4_msgs/px4_msgs/msg/detail/adc_report__struct.h
[6.075s] -- Up-to-date: /home/stepan/ws_ros2/install/px4_msgs/include/px4_msgs/px4_msgs/msg/detail/debug_key_value__functions.c
[6.075s] -- Up-to-date: /home/stepan/ws_ros2/install/px4_msgs/include/px4_msgs/px4_msgs/msg/detail/px4io_status__functions.c
[6.076s] -- Up-to-date: /home/stepan/ws_ros2/install/px4_msgs/include/px4_msgs/px4_msgs/msg/detail/estimator_event_flags__functions.c
[6.076s] -- Up-to-date: /home/stepan/ws_ros2/install/px4_msgs/include/px4_msgs/px4_msgs/msg/detail/mag_worker_data__functions.c
[6.076s] -- Up-to-date: /home/stepan/ws_ros2/install/px4_msgs/include/px4_msgs/px4_msgs/msg/detail/estimator_innovations__functions.h
[6.076s] -- Up-to-date: /home/stepan/ws_ros2/install/px4_msgs/include/px4_msgs/px4_msgs/msg/detail/vehicle_acceleration__functions.h
[6.076s] -- Up-to-date: /home/stepan/ws_ros2/install/px4_msgs/include/px4_msgs/px4_msgs/msg/detail/dataman_response__functions.c
[6.077s] -- Up-to-date: /home/stepan/ws_ros2/install/px4_msgs/include/px4_msgs/px4_msgs/msg/detail/transponder_report__type_support.h
[6.077s] -- Up-to-date: /home/stepan/ws_ros2/install/px4_msgs/include/px4_msgs/px4_msgs/msg/detail/hover_thrust_estimate__functions.h
[6.078s] -- Up-to-date: /home/stepan/ws_ros2/install/px4_msgs/include/px4_msgs/px4_msgs/msg/detail/vehicle_global_position__struct.h
[6.078s] -- Up-to-date: /home/stepan/ws_ros2/install/px4_msgs/include/px4_msgs/px4_msgs/msg/detail/gimbal_controls__struct.h
[6.078s] -- Up-to-date: /home/stepan/ws_ros2/install/px4_msgs/include/px4_msgs/px4_msgs/msg/detail/estimator_states__type_support.h
[6.078s] -- Up-to-date: /home/stepan/ws_ros2/install/px4_msgs/include/px4_msgs/px4_msgs/msg/detail/logger_status__functions.c
[6.079s] -- Up-to-date: /home/stepan/ws_ros2/install/px4_msgs/include/px4_msgs/px4_msgs/msg/detail/actuator_motors__functions.c
[6.079s] -- Up-to-date: /home/stepan/ws_ros2/install/px4_msgs/include/px4_msgs/px4_msgs/msg/detail/vehicle_thrust_setpoint__functions.h
[6.079s] -- Up-to-date: /home/stepan/ws_ros2/install/px4_msgs/include/px4_msgs/px4_msgs/msg/detail/airspeed_wind__functions.c
[6.079s] -- Up-to-date: /home/stepan/ws_ros2/install/px4_msgs/include/px4_msgs/px4_msgs/msg/detail/vehicle_attitude_setpoint__functions.c
[6.079s] -- Up-to-date: /home/stepan/ws_ros2/install/px4_msgs/include/px4_msgs/px4_msgs/msg/detail/arming_check_reply__struct.h
[6.080s] -- Up-to-date: /home/stepan/ws_ros2/install/px4_msgs/include/px4_msgs/px4_msgs/msg/detail/parameter_set_value_request__functions.h
[6.080s] -- Up-to-date: /home/stepan/ws_ros2/install/px4_msgs/include/px4_msgs/px4_msgs/msg/detail/vehicle_angular_acceleration_setpoint__struct.h
[6.080s] -- Up-to-date: /home/stepan/ws_ros2/install/px4_msgs/include/px4_msgs/px4_msgs/msg/detail/vehicle_roi__functions.c
[6.081s] -- Up-to-date: /home/stepan/ws_ros2/install/px4_msgs/include/px4_msgs/px4_msgs/msg/detail/rc_parameter_map__type_support.h
[6.083s] -- Up-to-date: /home/stepan/ws_ros2/install/px4_msgs/include/px4_msgs/px4_msgs/msg/detail/mavlink_log__functions.h
[6.084s] -- Up-to-date: /home/stepan/ws_ros2/install/px4_msgs/include/px4_msgs/px4_msgs/msg/detail/vehicle_optical_flow__struct.h
[6.084s] -- Up-to-date: /home/stepan/ws_ros2/install/px4_msgs/include/px4_msgs/px4_msgs/msg/detail/distance_sensor__functions.c
[6.084s] -- Up-to-date: /home/stepan/ws_ros2/install/px4_msgs/include/px4_msgs/px4_msgs/msg/detail/rc_channels__functions.h
[6.085s] -- Up-to-date: /home/stepan/ws_ros2/install/px4_msgs/include/px4_msgs/px4_msgs/msg/detail/arming_check_reply__functions.h
[6.085s] -- Up-to-date: /home/stepan/ws_ros2/install/px4_msgs/include/px4_msgs/px4_msgs/msg/detail/dataman_request__functions.c
[6.086s] -- Up-to-date: /home/stepan/ws_ros2/install/px4_msgs/include/px4_msgs/px4_msgs/msg/detail/unregister_ext_component__functions.c
[6.086s] -- Up-to-date: /home/stepan/ws_ros2/install/px4_msgs/include/px4_msgs/px4_msgs/msg/detail/parameter_update__functions.h
[6.087s] -- Up-to-date: /home/stepan/ws_ros2/install/px4_msgs/include/px4_msgs/px4_msgs/msg/detail/estimator_sensor_bias__type_support.h
[6.087s] -- Up-to-date: /home/stepan/ws_ros2/install/px4_msgs/include/px4_msgs/px4_msgs/msg/detail/sensor_gyro__type_support.h
[6.087s] -- Up-to-date: /home/stepan/ws_ros2/install/px4_msgs/include/px4_msgs/px4_msgs/msg/detail/px4io_status__functions.h
[6.088s] -- Up-to-date: /home/stepan/ws_ros2/install/px4_msgs/include/px4_msgs/px4_msgs/msg/detail/event__struct.h
[6.089s] -- Up-to-date: /home/stepan/ws_ros2/install/px4_msgs/include/px4_msgs/px4_msgs/msg/detail/rover_velocity_status__functions.h
[6.089s] -- Up-to-date: /home/stepan/ws_ros2/install/px4_msgs/include/px4_msgs/px4_msgs/msg/detail/ulog_stream_ack__struct.h
[6.090s] -- Up-to-date: /home/stepan/ws_ros2/install/px4_msgs/include/px4_msgs/px4_msgs/msg/detail/action_request__type_support.h
[6.090s] -- Up-to-date: /home/stepan/ws_ros2/install/px4_msgs/include/px4_msgs/px4_msgs/msg/detail/vehicle_command__functions.c
[6.090s] -- Up-to-date: /home/stepan/ws_ros2/install/px4_msgs/include/px4_msgs/px4_msgs/msg/detail/vtol_vehicle_status__functions.c
[6.090s] -- Up-to-date: /home/stepan/ws_ros2/install/px4_msgs/include/px4_msgs/px4_msgs/msg/detail/vehicle_rates_setpoint__struct.h
[6.091s] -- Up-to-date: /home/stepan/ws_ros2/install/px4_msgs/include/px4_msgs/px4_msgs/msg/detail/vehicle_acceleration__functions.c
[6.091s] -- Up-to-date: /home/stepan/ws_ros2/install/px4_msgs/include/px4_msgs/px4_msgs/msg/detail/sensors_status_imu__struct.h
[6.091s] -- Up-to-date: /home/stepan/ws_ros2/install/px4_msgs/include/px4_msgs/px4_msgs/msg/detail/autotune_attitude_control_status__type_support.h
[6.091s] -- Up-to-date: /home/stepan/ws_ros2/install/px4_msgs/include/px4_msgs/px4_msgs/msg/detail/flight_phase_estimation__struct.h
[6.091s] -- Up-to-date: /home/stepan/ws_ros2/install/px4_msgs/include/px4_msgs/px4_msgs/msg/detail/adc_report__functions.c
[6.092s] -- Up-to-date: /home/stepan/ws_ros2/install/px4_msgs/include/px4_msgs/px4_msgs/msg/detail/uavcan_parameter_value__struct.h
[6.093s] -- Up-to-date: /home/stepan/ws_ros2/install/px4_msgs/include/px4_msgs/px4_msgs/msg/detail/sensor_gyro_fft__type_support.h
[6.093s] -- Up-to-date: /home/stepan/ws_ros2/install/px4_msgs/include/px4_msgs/px4_msgs/msg/detail/sensor_preflight_mag__functions.h
[6.093s] -- Up-to-date: /home/stepan/ws_ros2/install/px4_msgs/include/px4_msgs/px4_msgs/msg/detail/gpio_request__functions.c
[6.094s] -- Up-to-date: /home/stepan/ws_ros2/install/px4_msgs/include/px4_msgs/px4_msgs/msg/detail/power_button_state__struct.h
[6.094s] -- Up-to-date: /home/stepan/ws_ros2/install/px4_msgs/include/px4_msgs/px4_msgs/msg/detail/ackermann_velocity_setpoint__functions.h
[6.094s] -- Up-to-date: /home/stepan/ws_ros2/install/px4_msgs/include/px4_msgs/px4_msgs/msg/detail/rate_ctrl_status__functions.h
[6.094s] -- Up-to-date: /home/stepan/ws_ros2/install/px4_msgs/include/px4_msgs/px4_msgs/msg/detail/button_event__functions.c
[6.095s] -- Up-to-date: /home/stepan/ws_ros2/install/px4_msgs/include/px4_msgs/px4_msgs/msg/detail/esc_report__functions.c
[6.095s] -- Up-to-date: /home/stepan/ws_ros2/install/px4_msgs/include/px4_msgs/px4_msgs/msg/detail/differential_pressure__struct.h
[6.095s] -- Up-to-date: /home/stepan/ws_ros2/install/px4_msgs/include/px4_msgs/px4_msgs/msg/detail/geofence_result__type_support.h
[6.095s] -- Up-to-date: /home/stepan/ws_ros2/install/px4_msgs/include/px4_msgs/px4_msgs/msg/detail/parameter_set_value_response__struct.h
[6.095s] -- Up-to-date: /home/stepan/ws_ros2/install/px4_msgs/include/px4_msgs/px4_msgs/msg/detail/debug_value__struct.h
[6.095s] -- Up-to-date: /home/stepan/ws_ros2/install/px4_msgs/include/px4_msgs/px4_msgs/msg/detail/event__functions.c
[6.095s] -- Up-to-date: /home/stepan/ws_ros2/install/px4_msgs/include/px4_msgs/px4_msgs/msg/detail/sensor_gps__type_support.h
[6.096s] -- Up-to-date: /home/stepan/ws_ros2/install/px4_msgs/include/px4_msgs/px4_msgs/msg/detail/esc_status__functions.c
[6.096s] -- Up-to-date: /home/stepan/ws_ros2/install/px4_msgs/include/px4_msgs/px4_msgs/msg/detail/sensor_selection__type_support.h
[6.096s] -- Up-to-date: /home/stepan/ws_ros2/install/px4_msgs/include/px4_msgs/px4_msgs/msg/detail/radio_status__functions.h
[6.096s] -- Up-to-date: /home/stepan/ws_ros2/install/px4_msgs/include/px4_msgs/px4_msgs/msg/detail/cpuload__functions.c
[6.096s] -- Up-to-date: /home/stepan/ws_ros2/install/px4_msgs/include/px4_msgs/px4_msgs/msg/detail/actuator_armed__functions.c
[6.097s] -- Up-to-date: /home/stepan/ws_ros2/install/px4_msgs/include/px4_msgs/px4_msgs/msg/detail/gimbal_device_information__functions.h
[6.097s] -- Up-to-date: /home/stepan/ws_ros2/install/px4_msgs/include/px4_msgs/px4_msgs/msg/detail/rpm__functions.h
[6.097s] -- Up-to-date: /home/stepan/ws_ros2/install/px4_msgs/include/px4_msgs/px4_msgs/msg/detail/launch_detection_status__struct.h
[6.097s] -- Up-to-date: /home/stepan/ws_ros2/install/px4_msgs/include/px4_msgs/px4_msgs/msg/detail/qshell_retval__functions.c
[6.097s] -- Up-to-date: /home/stepan/ws_ros2/install/px4_msgs/include/px4_msgs/px4_msgs/msg/detail/distance_sensor__type_support.h
[6.097s] -- Up-to-date: /home/stepan/ws_ros2/install/px4_msgs/include/px4_msgs/px4_msgs/msg/detail/sensor_accel_fifo__type_support.h
[6.098s] -- Up-to-date: /home/stepan/ws_ros2/install/px4_msgs/include/px4_msgs/px4_msgs/msg/detail/battery_status__functions.c
[6.098s] -- Up-to-date: /home/stepan/ws_ros2/install/px4_msgs/include/px4_msgs/px4_msgs/msg/detail/adc_report__type_support.h
[6.103s] -- Up-to-date: /home/stepan/ws_ros2/install/px4_msgs/include/px4_msgs/px4_msgs/msg/detail/rtl_status__functions.h
[6.103s] -- Up-to-date: /home/stepan/ws_ros2/install/px4_msgs/include/px4_msgs/px4_msgs/msg/detail/rover_rate_setpoint__functions.h
[6.104s] -- Up-to-date: /home/stepan/ws_ros2/install/px4_msgs/include/px4_msgs/px4_msgs/msg/detail/vehicle_odometry__functions.h
[6.104s] -- Up-to-date: /home/stepan/ws_ros2/install/px4_msgs/include/px4_msgs/px4_msgs/msg/detail/sensors_status__functions.c
[6.104s] -- Up-to-date: /home/stepan/ws_ros2/install/px4_msgs/include/px4_msgs/px4_msgs/msg/detail/position_controller_landing_status__struct.h
[6.106s] -- Up-to-date: /home/stepan/ws_ros2/install/px4_msgs/include/px4_msgs/px4_msgs/msg/detail/rover_attitude_status__functions.c
[6.106s] -- Up-to-date: /home/stepan/ws_ros2/install/px4_msgs/include/px4_msgs/px4_msgs/msg/detail/estimator_event_flags__functions.h
[6.107s] -- Up-to-date: /home/stepan/ws_ros2/install/px4_msgs/include/px4_msgs/px4_msgs/msg/detail/rtl_time_estimate__type_support.h
[6.108s] -- Up-to-date: /home/stepan/ws_ros2/install/px4_msgs/include/px4_msgs/px4_msgs/msg/detail/camera_trigger__functions.h
[6.109s] -- Up-to-date: /home/stepan/ws_ros2/install/px4_msgs/include/px4_msgs/px4_msgs/msg/detail/open_drone_id_system__type_support.h
[6.110s] -- Up-to-date: /home/stepan/ws_ros2/install/px4_msgs/include/px4_msgs/px4_msgs/msg/detail/rover_throttle_setpoint__type_support.h
[6.110s] -- Up-to-date: /home/stepan/ws_ros2/install/px4_msgs/include/px4_msgs/px4_msgs/msg/detail/vehicle_control_mode__functions.h
[6.110s] -- Up-to-date: /home/stepan/ws_ros2/install/px4_msgs/include/px4_msgs/px4_msgs/msg/detail/message_format_request__functions.c
[6.110s] -- Up-to-date: /home/stepan/ws_ros2/install/px4_msgs/include/px4_msgs/px4_msgs/msg/detail/event__functions.h
[6.111s] -- Up-to-date: /home/stepan/ws_ros2/install/px4_msgs/include/px4_msgs/px4_msgs/msg/detail/sensor_mag__type_support.h
[6.111s] -- Up-to-date: /home/stepan/ws_ros2/install/px4_msgs/include/px4_msgs/px4_msgs/msg/detail/mission__type_support.h
[6.111s] -- Up-to-date: /home/stepan/ws_ros2/install/px4_msgs/include/px4_msgs/px4_msgs/msg/detail/actuator_controls_status__functions.c
[6.111s] -- Up-to-date: /home/stepan/ws_ros2/install/px4_msgs/include/px4_msgs/px4_msgs/msg/detail/register_ext_component_reply__functions.h
[6.111s] -- Up-to-date: /home/stepan/ws_ros2/install/px4_msgs/include/px4_msgs/px4_msgs/msg/detail/vehicle_air_data__type_support.h
[6.111s] -- Up-to-date: /home/stepan/ws_ros2/install/px4_msgs/include/px4_msgs/px4_msgs/msg/detail/manual_control_setpoint__type_support.h
[6.112s] -- Up-to-date: /home/stepan/ws_ros2/install/px4_msgs/include/px4_msgs/px4_msgs/msg/detail/orb_test_large__type_support.h
[6.112s] -- Up-to-date: /home/stepan/ws_ros2/install/px4_msgs/include/px4_msgs/px4_msgs/msg/detail/home_position__type_support.h
[6.112s] -- Up-to-date: /home/stepan/ws_ros2/install/px4_msgs/include/px4_msgs/px4_msgs/msg/detail/mission__struct.h
[6.112s] -- Up-to-date: /home/stepan/ws_ros2/install/px4_msgs/include/px4_msgs/px4_msgs/msg/detail/estimator_sensor_bias__functions.c
[6.112s] -- Up-to-date: /home/stepan/ws_ros2/install/px4_msgs/include/px4_msgs/px4_msgs/msg/detail/vehicle_local_position__functions.h
[6.112s] -- Up-to-date: /home/stepan/ws_ros2/install/px4_msgs/include/px4_msgs/px4_msgs/msg/detail/power_monitor__functions.c
[6.113s] -- Up-to-date: /home/stepan/ws_ros2/install/px4_msgs/include/px4_msgs/px4_msgs/msg/detail/estimator_bias3d__struct.h
[6.113s] -- Up-to-date: /home/stepan/ws_ros2/install/px4_msgs/include/px4_msgs/px4_msgs/msg/detail/airspeed_validated__functions.h
[6.113s] -- Up-to-date: /home/stepan/ws_ros2/install/px4_msgs/include/px4_msgs/px4_msgs/msg/detail/can_interface_status__functions.h
[6.113s] -- Up-to-date: /home/stepan/ws_ros2/install/px4_msgs/include/px4_msgs/px4_msgs/msg/detail/trajectory_setpoint__functions.h
[6.113s] -- Up-to-date: /home/stepan/ws_ros2/install/px4_msgs/include/px4_msgs/px4_msgs/msg/detail/gimbal_device_attitude_status__type_support.h
[6.114s] -- Up-to-date: /home/stepan/ws_ros2/install/px4_msgs/include/px4_msgs/px4_msgs/msg/detail/mount_orientation__struct.h
[6.114s] -- Up-to-date: /home/stepan/ws_ros2/install/px4_msgs/include/px4_msgs/px4_msgs/msg/detail/parameter_set_value_request__struct.h
[6.114s] -- Up-to-date: /home/stepan/ws_ros2/install/px4_msgs/include/px4_msgs/px4_msgs/msg/detail/actuator_outputs__type_support.h
[6.114s] -- Up-to-date: /home/stepan/ws_ros2/install/px4_msgs/include/px4_msgs/px4_msgs/msg/detail/vehicle_imu_status__functions.h
[6.115s] -- Up-to-date: /home/stepan/ws_ros2/install/px4_msgs/include/px4_msgs/px4_msgs/msg/detail/sensor_preflight_mag__type_support.h
[6.115s] -- Up-to-date: /home/stepan/ws_ros2/install/px4_msgs/include/px4_msgs/px4_msgs/msg/detail/rover_attitude_setpoint__struct.h
[6.115s] -- Up-to-date: /home/stepan/ws_ros2/install/px4_msgs/include/px4_msgs/px4_msgs/msg/detail/sensor_accel__type_support.h
[6.115s] -- Up-to-date: /home/stepan/ws_ros2/install/px4_msgs/include/px4_msgs/px4_msgs/msg/detail/vehicle_optical_flow__type_support.h
[6.115s] -- Up-to-date: /home/stepan/ws_ros2/install/px4_msgs/include/px4_msgs/px4_msgs/msg/detail/open_drone_id_arm_status__functions.c
[6.115s] -- Up-to-date: /home/stepan/ws_ros2/install/px4_msgs/include/px4_msgs/px4_msgs/msg/detail/rover_throttle_setpoint__struct.h
[6.116s] -- Up-to-date: /home/stepan/ws_ros2/install/px4_msgs/include/px4_msgs/px4_msgs/msg/detail/estimator_aid_source2d__type_support.h
[6.117s] -- Up-to-date: /home/stepan/ws_ros2/install/px4_msgs/include/px4_msgs/px4_msgs/msg/detail/actuator_servos__type_support.h
[6.118s] -- Up-to-date: /home/stepan/ws_ros2/install/px4_msgs/include/px4_msgs/px4_msgs/msg/detail/vehicle_constraints__functions.c
[6.119s] -- Up-to-date: /home/stepan/ws_ros2/install/px4_msgs/include/px4_msgs/px4_msgs/msg/detail/input_rc__functions.h
[6.120s] -- Up-to-date: /home/stepan/ws_ros2/install/px4_msgs/include/px4_msgs/px4_msgs/msg/detail/vehicle_angular_velocity__struct.h
[6.120s] -- Up-to-date: /home/stepan/ws_ros2/install/px4_msgs/include/px4_msgs/px4_msgs/msg/detail/internal_combustion_engine_status__functions.h
[6.153s] -- Up-to-date: /home/stepan/ws_ros2/install/px4_msgs/include/px4_msgs/px4_msgs/msg/detail/position_setpoint_triplet__functions.c
[6.155s] -- Up-to-date: /home/stepan/ws_ros2/install/px4_msgs/include/px4_msgs/px4_msgs/msg/detail/velocity_limits__type_support.h
[6.156s] -- Up-to-date: /home/stepan/ws_ros2/install/px4_msgs/include/px4_msgs/px4_msgs/msg/detail/home_position__functions.c
[6.156s] -- Up-to-date: /home/stepan/ws_ros2/install/px4_msgs/include/px4_msgs/px4_msgs/msg/detail/navigator_mission_item__type_support.h
[6.156s] -- Up-to-date: /home/stepan/ws_ros2/install/px4_msgs/include/px4_msgs/px4_msgs/msg/detail/mission_result__struct.h
[6.156s] -- Up-to-date: /home/stepan/ws_ros2/install/px4_msgs/include/px4_msgs/px4_msgs/msg/detail/open_drone_id_operator_id__type_support.h
[6.156s] -- Up-to-date: /home/stepan/ws_ros2/install/px4_msgs/include/px4_msgs/px4_msgs/msg/detail/sensor_gyro_fft__functions.c
[6.157s] -- Up-to-date: /home/stepan/ws_ros2/install/px4_msgs/include/px4_msgs/px4_msgs/msg/detail/mode_completed__functions.h
[6.157s] -- Up-to-date: /home/stepan/ws_ros2/install/px4_msgs/include/px4_msgs/px4_msgs/msg/detail/mag_worker_data__struct.h
[6.157s] -- Up-to-date: /home/stepan/ws_ros2/install/px4_msgs/include/px4_msgs/px4_msgs/msg/detail/estimator_innovations__type_support.h
[6.158s] -- Up-to-date: /home/stepan/ws_ros2/install/px4_msgs/include/px4_msgs/px4_msgs/msg/detail/estimator_gps_status__struct.h
[6.158s] -- Up-to-date: /home/stepan/ws_ros2/install/px4_msgs/include/px4_msgs/px4_msgs/msg/detail/offboard_control_mode__type_support.h
[6.158s] -- Up-to-date: /home/stepan/ws_ros2/install/px4_msgs/include/px4_msgs/px4_msgs/msg/detail/register_ext_component_request__functions.h
[6.158s] -- Up-to-date: /home/stepan/ws_ros2/install/px4_msgs/include/px4_msgs/px4_msgs/msg/detail/sensor_combined__struct.h
[6.158s] -- Up-to-date: /home/stepan/ws_ros2/install/px4_msgs/include/px4_msgs/px4_msgs/msg/detail/distance_sensor_mode_change_request__functions.c
[6.159s] -- Up-to-date: /home/stepan/ws_ros2/install/px4_msgs/include/px4_msgs/px4_msgs/msg/detail/estimator_aid_source3d__functions.c
[6.159s] -- Up-to-date: /home/stepan/ws_ros2/install/px4_msgs/include/px4_msgs/px4_msgs/msg/detail/rover_rate_setpoint__struct.h
[6.159s] -- Up-to-date: /home/stepan/ws_ros2/install/px4_msgs/include/px4_msgs/px4_msgs/msg/detail/camera_capture__struct.h
[6.159s] -- Up-to-date: /home/stepan/ws_ros2/install/px4_msgs/include/px4_msgs/px4_msgs/msg/detail/sensor_baro__functions.c
[6.160s] -- Up-to-date: /home/stepan/ws_ros2/install/px4_msgs/include/px4_msgs/px4_msgs/msg/detail/mavlink_log__type_support.h
[6.160s] -- Up-to-date: /home/stepan/ws_ros2/install/px4_msgs/include/px4_msgs/px4_msgs/msg/detail/register_ext_component_reply__type_support.h
[6.160s] -- Up-to-date: /home/stepan/ws_ros2/install/px4_msgs/include/px4_msgs/px4_msgs/msg/detail/gripper__struct.h
[6.160s] -- Up-to-date: /home/stepan/ws_ros2/install/px4_msgs/include/px4_msgs/px4_msgs/msg/detail/yaw_estimator_status__type_support.h
[6.161s] -- Up-to-date: /home/stepan/ws_ros2/install/px4_msgs/include/px4_msgs/px4_msgs/msg/detail/rover_attitude_setpoint__functions.h
[6.161s] -- Up-to-date: /home/stepan/ws_ros2/install/px4_msgs/include/px4_msgs/px4_msgs/msg/detail/irlock_report__functions.h
[6.161s] -- Up-to-date: /home/stepan/ws_ros2/install/px4_msgs/include/px4_msgs/px4_msgs/msg/detail/distance_sensor_mode_change_request__struct.h
[6.161s] -- Up-to-date: /home/stepan/ws_ros2/install/px4_msgs/include/px4_msgs/px4_msgs/msg/detail/uavcan_parameter_request__functions.c
[6.162s] -- Up-to-date: /home/stepan/ws_ros2/install/px4_msgs/include/px4_msgs/px4_msgs/msg/detail/mission_result__functions.c
[6.162s] -- Up-to-date: /home/stepan/ws_ros2/install/px4_msgs/include/px4_msgs/px4_msgs/msg/detail/open_drone_id_arm_status__type_support.h
[6.162s] -- Up-to-date: /home/stepan/ws_ros2/install/px4_msgs/include/px4_msgs/px4_msgs/msg/detail/sensor_hygrometer__struct.h
[6.163s] -- Up-to-date: /home/stepan/ws_ros2/install/px4_msgs/include/px4_msgs/px4_msgs/msg/detail/mag_worker_data__functions.h
[6.163s] -- Up-to-date: /home/stepan/ws_ros2/install/px4_msgs/include/px4_msgs/px4_msgs/msg/detail/open_drone_id_self_id__functions.h
[6.163s] -- Up-to-date: /home/stepan/ws_ros2/install/px4_msgs/include/px4_msgs/px4_msgs/msg/detail/trajectory_setpoint6dof__type_support.h
[6.163s] -- Up-to-date: /home/stepan/ws_ros2/install/px4_msgs/include/px4_msgs/px4_msgs/msg/detail/pps_capture__type_support.h
[6.163s] -- Up-to-date: /home/stepan/ws_ros2/install/px4_msgs/include/px4_msgs/px4_msgs/msg/detail/parameter_update__type_support.h
[6.163s] -- Up-to-date: /home/stepan/ws_ros2/install/px4_msgs/include/px4_msgs/px4_msgs/msg/detail/parameter_set_used_request__struct.h
[6.163s] -- Up-to-date: /home/stepan/ws_ros2/install/px4_msgs/include/px4_msgs/px4_msgs/msg/detail/dataman_request__type_support.h
[6.164s] -- Up-to-date: /home/stepan/ws_ros2/install/px4_msgs/include/px4_msgs/px4_msgs/msg/detail/heater_status__functions.h
[6.164s] -- Up-to-date: /home/stepan/ws_ros2/install/px4_msgs/include/px4_msgs/px4_msgs/msg/detail/pwm_input__type_support.h
[6.164s] -- Up-to-date: /home/stepan/ws_ros2/install/px4_msgs/include/px4_msgs/px4_msgs/msg/detail/trajectory_setpoint6dof__struct.h
[6.164s] -- Up-to-date: /home/stepan/ws_ros2/install/px4_msgs/include/px4_msgs/px4_msgs/msg/detail/vehicle_command_ack__functions.h
[6.164s] -- Up-to-date: /home/stepan/ws_ros2/install/px4_msgs/include/px4_msgs/px4_msgs/msg/detail/estimator_aid_source3d__type_support.h
[6.164s] -- Up-to-date: /home/stepan/ws_ros2/install/px4_msgs/include/px4_msgs/px4_msgs/msg/detail/mount_orientation__functions.h
[6.164s] -- Up-to-date: /home/stepan/ws_ros2/install/px4_msgs/include/px4_msgs/px4_msgs/msg/detail/sensor_combined__functions.h
[6.164s] -- Up-to-date: /home/stepan/ws_ros2/install/px4_msgs/include/px4_msgs/px4_msgs/msg/detail/sensor_gyro_fifo__functions.h
[6.165s] -- Up-to-date: /home/stepan/ws_ros2/install/px4_msgs/include/px4_msgs/px4_msgs/msg/detail/takeoff_status__struct.h
[6.166s] -- Up-to-date: /home/stepan/ws_ros2/install/px4_msgs/include/px4_msgs/px4_msgs/msg/detail/gps_inject_data__functions.c
[6.166s] -- Up-to-date: /home/stepan/ws_ros2/install/px4_msgs/include/px4_msgs/px4_msgs/msg/detail/vehicle_attitude_setpoint__type_support.h
[6.166s] -- Up-to-date: /home/stepan/ws_ros2/install/px4_msgs/include/px4_msgs/px4_msgs/msg/detail/power_button_state__type_support.h
[6.167s] -- Up-to-date: /home/stepan/ws_ros2/install/px4_msgs/include/px4_msgs/px4_msgs/msg/detail/geofence_status__functions.h
[6.167s] -- Up-to-date: /home/stepan/ws_ros2/install/px4_msgs/include/px4_msgs/px4_msgs/msg/detail/task_stack_info__functions.c
[6.168s] -- Up-to-date: /home/stepan/ws_ros2/install/px4_msgs/include/px4_msgs/px4_msgs/msg/detail/rtl_time_estimate__functions.h
[6.169s] -- Up-to-date: /home/stepan/ws_ros2/install/px4_msgs/include/px4_msgs/px4_msgs/msg/detail/onboard_computer_status__struct.h
[6.169s] -- Up-to-date: /home/stepan/ws_ros2/install/px4_msgs/include/px4_msgs/px4_msgs/msg/detail/tiltrotor_extra_controls__type_support.h
[6.169s] -- Up-to-date: /home/stepan/ws_ros2/install/px4_msgs/include/px4_msgs/px4_msgs/msg/detail/failsafe_flags__type_support.h
[6.169s] -- Up-to-date: /home/stepan/ws_ros2/install/px4_msgs/include/px4_msgs/px4_msgs/msg/detail/debug_value__functions.h
[6.170s] -- Up-to-date: /home/stepan/ws_ros2/install/px4_msgs/include/px4_msgs/px4_msgs/msg/detail/position_controller_landing_status__type_support.h
[6.170s] -- Up-to-date: /home/stepan/ws_ros2/install/px4_msgs/include/px4_msgs/px4_msgs/msg/detail/debug_vect__type_support.h
[6.170s] -- Up-to-date: /home/stepan/ws_ros2/install/px4_msgs/include/px4_msgs/px4_msgs/msg/detail/debug_value__type_support.h
[6.171s] -- Up-to-date: /home/stepan/ws_ros2/install/px4_msgs/include/px4_msgs/px4_msgs/msg/detail/vehicle_rates_setpoint__type_support.h
[6.171s] -- Up-to-date: /home/stepan/ws_ros2/install/px4_msgs/include/px4_msgs/px4_msgs/msg/detail/tecs_status__struct.h
[6.171s] -- Up-to-date: /home/stepan/ws_ros2/install/px4_msgs/include/px4_msgs/px4_msgs/msg/detail/estimator_states__functions.c
[6.171s] -- Up-to-date: /home/stepan/ws_ros2/install/px4_msgs/include/px4_msgs/px4_msgs/msg/detail/system_power__struct.h
[6.172s] -- Up-to-date: /home/stepan/ws_ros2/install/px4_msgs/include/px4_msgs/px4_msgs/msg/detail/vehicle_local_position_setpoint__functions.h
[6.172s] -- Up-to-date: /home/stepan/ws_ros2/install/px4_msgs/include/px4_msgs/px4_msgs/msg/detail/qshell_retval__type_support.h
[6.173s] -- Up-to-date: /home/stepan/ws_ros2/install/px4_msgs/include/px4_msgs/px4_msgs/msg/detail/landing_gear__type_support.h
[6.173s] -- Up-to-date: /home/stepan/ws_ros2/install/px4_msgs/include/px4_msgs/px4_msgs/msg/detail/led_control__functions.h
[6.173s] -- Up-to-date: /home/stepan/ws_ros2/install/px4_msgs/include/px4_msgs/px4_msgs/msg/detail/gpio_out__functions.c
[6.174s] -- Up-to-date: /home/stepan/ws_ros2/install/px4_msgs/include/px4_msgs/px4_msgs/msg/detail/estimator_gps_status__functions.c
[6.175s] -- Up-to-date: /home/stepan/ws_ros2/install/px4_msgs/include/px4_msgs/px4_msgs/msg/detail/navigator_status__struct.h
[6.176s] -- Up-to-date: /home/stepan/ws_ros2/install/px4_msgs/include/px4_msgs/px4_msgs/msg/detail/satellite_info__functions.c
[6.176s] -- Up-to-date: /home/stepan/ws_ros2/install/px4_msgs/include/px4_msgs/px4_msgs/msg/detail/vehicle_local_position_setpoint__struct.h
[6.177s] -- Up-to-date: /home/stepan/ws_ros2/install/px4_msgs/include/px4_msgs/px4_msgs/msg/detail/rover_attitude_status__struct.h
[6.177s] -- Up-to-date: /home/stepan/ws_ros2/install/px4_msgs/include/px4_msgs/px4_msgs/msg/detail/sensor_hygrometer__functions.c
[6.177s] -- Up-to-date: /home/stepan/ws_ros2/install/px4_msgs/include/px4_msgs/px4_msgs/msg/detail/sensor_optical_flow__functions.h
[6.177s] -- Up-to-date: /home/stepan/ws_ros2/install/px4_msgs/include/px4_msgs/px4_msgs/msg/detail/gimbal_device_information__struct.h
[6.178s] -- Up-to-date: /home/stepan/ws_ros2/install/px4_msgs/include/px4_msgs/px4_msgs/msg/detail/health_report__functions.h
[6.178s] -- Up-to-date: /home/stepan/ws_ros2/install/px4_msgs/include/px4_msgs/px4_msgs/msg/detail/vehicle_control_mode__functions.c
[6.179s] -- Up-to-date: /home/stepan/ws_ros2/install/px4_msgs/include/px4_msgs/px4_msgs/msg/detail/tecs_status__type_support.h
[6.179s] -- Up-to-date: /home/stepan/ws_ros2/install/px4_msgs/include/px4_msgs/px4_msgs/msg/detail/estimator_bias3d__type_support.h
[6.179s] -- Up-to-date: /home/stepan/ws_ros2/install/px4_msgs/include/px4_msgs/px4_msgs/msg/detail/rover_rate_status__type_support.h
[6.179s] -- Up-to-date: /home/stepan/ws_ros2/install/px4_msgs/include/px4_msgs/px4_msgs/msg/detail/satellite_info__type_support.h
[6.180s] -- Up-to-date: /home/stepan/ws_ros2/install/px4_msgs/include/px4_msgs/px4_msgs/msg/detail/sensor_gyro_fft__functions.h
[6.180s] -- Up-to-date: /home/stepan/ws_ros2/install/px4_msgs/include/px4_msgs/px4_msgs/msg/detail/actuator_servos__functions.h
[6.180s] -- Up-to-date: /home/stepan/ws_ros2/install/px4_msgs/include/px4_msgs/px4_msgs/msg/detail/transponder_report__functions.h
[6.180s] -- Up-to-date: /home/stepan/ws_ros2/install/px4_msgs/include/px4_msgs/px4_msgs/msg/detail/tiltrotor_extra_controls__functions.h
[6.180s] -- Up-to-date: /home/stepan/ws_ros2/install/px4_msgs/include/px4_msgs/px4_msgs/msg/detail/estimator_aid_source2d__functions.c
[6.180s] -- Up-to-date: /home/stepan/ws_ros2/install/px4_msgs/include/px4_msgs/px4_msgs/msg/detail/iridiumsbd_status__type_support.h
[6.180s] -- Up-to-date: /home/stepan/ws_ros2/install/px4_msgs/include/px4_msgs/px4_msgs/msg/detail/px4io_status__type_support.h
[6.181s] -- Up-to-date: /home/stepan/ws_ros2/install/px4_msgs/include/px4_msgs/px4_msgs/msg/detail/rc_parameter_map__struct.h
[6.181s] -- Up-to-date: /home/stepan/ws_ros2/install/px4_msgs/include/px4_msgs/px4_msgs/msg/detail/gimbal_device_information__type_support.h
[6.181s] -- Up-to-date: /home/stepan/ws_ros2/install/px4_msgs/include/px4_msgs/px4_msgs/msg/detail/gripper__functions.c
[6.183s] -- Up-to-date: /home/stepan/ws_ros2/install/px4_msgs/include/px4_msgs/px4_msgs/msg/detail/sensor_gps__functions.h
[6.185s] -- Up-to-date: /home/stepan/ws_ros2/install/px4_msgs/include/px4_msgs/px4_msgs/msg/detail/estimator_sensor_bias__struct.h
[6.187s] -- Up-to-date: /home/stepan/ws_ros2/install/px4_msgs/include/px4_msgs/px4_msgs/msg/detail/control_allocator_status__struct.h
[6.187s] -- Up-to-date: /home/stepan/ws_ros2/install/px4_msgs/include/px4_msgs/px4_msgs/msg/detail/dataman_request__functions.h
[6.187s] -- Up-to-date: /home/stepan/ws_ros2/install/px4_msgs/include/px4_msgs/px4_msgs/msg/detail/goto_setpoint__functions.c
[6.189s] -- Up-to-date: /home/stepan/ws_ros2/install/px4_msgs/include/px4_msgs/px4_msgs/msg/detail/vehicle_imu_status__functions.c
[6.190s] -- Up-to-date: /home/stepan/ws_ros2/install/px4_msgs/include/px4_msgs/px4_msgs/msg/detail/yaw_estimator_status__struct.h
[6.191s] -- Up-to-date: /home/stepan/ws_ros2/install/px4_msgs/include/px4_msgs/px4_msgs/msg/detail/airspeed__functions.c
[6.192s] -- Up-to-date: /home/stepan/ws_ros2/install/px4_msgs/include/px4_msgs/px4_msgs/msg/detail/camera_trigger__functions.c
[6.192s] -- Up-to-date: /home/stepan/ws_ros2/install/px4_msgs/include/px4_msgs/px4_msgs/msg/detail/ulog_stream_ack__type_support.h
[6.193s] -- Up-to-date: /home/stepan/ws_ros2/install/px4_msgs/include/px4_msgs/px4_msgs/msg/detail/actuator_outputs__functions.h
[6.193s] -- Up-to-date: /home/stepan/ws_ros2/install/px4_msgs/include/px4_msgs/px4_msgs/msg/detail/differential_pressure__type_support.h
[6.193s] -- Up-to-date: /home/stepan/ws_ros2/install/px4_msgs/include/px4_msgs/px4_msgs/msg/detail/camera_status__type_support.h
[6.193s] -- Up-to-date: /home/stepan/ws_ros2/install/px4_msgs/include/px4_msgs/px4_msgs/msg/detail/wind__struct.h
[6.193s] -- Up-to-date: /home/stepan/ws_ros2/install/px4_msgs/include/px4_msgs/px4_msgs/msg/detail/vehicle_command__struct.h
[6.194s] -- Up-to-date: /home/stepan/ws_ros2/install/px4_msgs/include/px4_msgs/px4_msgs/msg/detail/velocity_limits__struct.h
[6.194s] -- Up-to-date: /home/stepan/ws_ros2/install/px4_msgs/include/px4_msgs/px4_msgs/msg/detail/airspeed_validated__functions.c
[6.195s] -- Up-to-date: /home/stepan/ws_ros2/install/px4_msgs/include/px4_msgs/px4_msgs/msg/detail/sensor_airflow__functions.c
[6.195s] -- Up-to-date: /home/stepan/ws_ros2/install/px4_msgs/include/px4_msgs/px4_msgs/msg/detail/iridiumsbd_status__struct.h
[6.195s] -- Up-to-date: /home/stepan/ws_ros2/install/px4_msgs/include/px4_msgs/px4_msgs/msg/detail/pure_pursuit_status__struct.h
[6.195s] -- Up-to-date: /home/stepan/ws_ros2/install/px4_msgs/include/px4_msgs/px4_msgs/msg/detail/debug_array__functions.c
[6.195s] -- Up-to-date: /home/stepan/ws_ros2/install/px4_msgs/include/px4_msgs/px4_msgs/msg/detail/vehicle_thrust_setpoint__functions.c
[6.196s] -- Up-to-date: /home/stepan/ws_ros2/install/px4_msgs/include/px4_msgs/px4_msgs/msg/detail/system_power__functions.h
[6.196s] -- Up-to-date: /home/stepan/ws_ros2/install/px4_msgs/include/px4_msgs/px4_msgs/msg/detail/arming_check_request__functions.c
[6.196s] -- Up-to-date: /home/stepan/ws_ros2/install/px4_msgs/include/px4_msgs/px4_msgs/msg/detail/parameter_set_value_request__functions.c
[6.197s] -- Up-to-date: /home/stepan/ws_ros2/install/px4_msgs/include/px4_msgs/px4_msgs/msg/detail/gimbal_device_set_attitude__functions.h
[6.197s] -- Up-to-date: /home/stepan/ws_ros2/install/px4_msgs/include/px4_msgs/px4_msgs/msg/detail/camera_capture__functions.c
[6.197s] -- Up-to-date: /home/stepan/ws_ros2/install/px4_msgs/include/px4_msgs/px4_msgs/msg/detail/sensors_status_imu__functions.h
[6.197s] -- Up-to-date: /home/stepan/ws_ros2/install/px4_msgs/include/px4_msgs/px4_msgs/msg/detail/vehicle_global_position__functions.c
[6.197s] -- Up-to-date: /home/stepan/ws_ros2/install/px4_msgs/include/px4_msgs/px4_msgs/msg/detail/orb_test_large__functions.h
[6.197s] -- Up-to-date: /home/stepan/ws_ros2/install/px4_msgs/include/px4_msgs/px4_msgs/msg/detail/health_report__struct.h
[6.198s] -- Up-to-date: /home/stepan/ws_ros2/install/px4_msgs/include/px4_msgs/px4_msgs/msg/detail/sensor_airflow__functions.h
[6.198s] -- Up-to-date: /home/stepan/ws_ros2/install/px4_msgs/include/px4_msgs/px4_msgs/msg/detail/navigator_status__type_support.h
[6.199s] -- Up-to-date: /home/stepan/ws_ros2/install/px4_msgs/include/px4_msgs/px4_msgs/msg/detail/parameter_reset_request__functions.h
[6.200s] -- Up-to-date: /home/stepan/ws_ros2/install/px4_msgs/include/px4_msgs/px4_msgs/msg/detail/manual_control_switches__functions.h
[6.200s] -- Up-to-date: /home/stepan/ws_ros2/install/px4_msgs/include/px4_msgs/px4_msgs/msg/detail/wheel_encoders__type_support.h
[6.201s] -- Up-to-date: /home/stepan/ws_ros2/install/px4_msgs/include/px4_msgs/px4_msgs/msg/detail/follow_target_status__struct.h
[6.202s] -- Up-to-date: /home/stepan/ws_ros2/install/px4_msgs/include/px4_msgs/px4_msgs/msg/detail/rover_position_setpoint__struct.h
[6.202s] -- Up-to-date: /home/stepan/ws_ros2/install/px4_msgs/include/px4_msgs/px4_msgs/msg/detail/follow_target_status__functions.h
[6.203s] -- Up-to-date: /home/stepan/ws_ros2/install/px4_msgs/include/px4_msgs/px4_msgs/msg/detail/estimator_sensor_bias__functions.h
[6.204s] -- Up-to-date: /home/stepan/ws_ros2/install/px4_msgs/include/px4_msgs/px4_msgs/msg/detail/estimator_bias3d__functions.c
[6.204s] -- Up-to-date: /home/stepan/ws_ros2/install/px4_msgs/include/px4_msgs/px4_msgs/msg/detail/vehicle_angular_velocity__type_support.h
[6.205s] -- Up-to-date: /home/stepan/ws_ros2/install/px4_msgs/include/px4_msgs/px4_msgs/msg/detail/actuator_servos__struct.h
[6.205s] -- Up-to-date: /home/stepan/ws_ros2/install/px4_msgs/include/px4_msgs/px4_msgs/msg/detail/sensor_gyro_fft__struct.h
[6.205s] -- Up-to-date: /home/stepan/ws_ros2/install/px4_msgs/include/px4_msgs/px4_msgs/msg/detail/pps_capture__struct.h
[6.206s] -- Up-to-date: /home/stepan/ws_ros2/install/px4_msgs/include/px4_msgs/px4_msgs/msg/detail/sensor_baro__functions.h
[6.206s] -- Up-to-date: /home/stepan/ws_ros2/install/px4_msgs/include/px4_msgs/px4_msgs/msg/detail/landing_target_innovations__functions.h
[6.206s] -- Up-to-date: /home/stepan/ws_ros2/install/px4_msgs/include/px4_msgs/px4_msgs/msg/detail/airspeed_validated__struct.h
[6.206s] -- Up-to-date: /home/stepan/ws_ros2/install/px4_msgs/include/px4_msgs/px4_msgs/msg/detail/health_report__functions.c
[6.207s] -- Up-to-date: /home/stepan/ws_ros2/install/px4_msgs/include/px4_msgs/px4_msgs/msg/detail/system_power__functions.c
[6.208s] -- Up-to-date: /home/stepan/ws_ros2/install/px4_msgs/include/px4_msgs/px4_msgs/msg/detail/esc_report__functions.h
[6.208s] -- Up-to-date: /home/stepan/ws_ros2/install/px4_msgs/include/px4_msgs/px4_msgs/msg/detail/vehicle_optical_flow__functions.c
[6.208s] -- Up-to-date: /home/stepan/ws_ros2/install/px4_msgs/include/px4_msgs/px4_msgs/msg/detail/unregister_ext_component__type_support.h
[6.209s] -- Up-to-date: /home/stepan/ws_ros2/install/px4_msgs/include/px4_msgs/px4_msgs/msg/detail/generator_status__functions.h
[6.209s] -- Up-to-date: /home/stepan/ws_ros2/install/px4_msgs/include/px4_msgs/px4_msgs/msg/detail/irlock_report__type_support.h
[6.209s] -- Up-to-date: /home/stepan/ws_ros2/install/px4_msgs/include/px4_msgs/px4_msgs/msg/detail/input_rc__functions.c
[6.209s] -- Up-to-date: /home/stepan/ws_ros2/install/px4_msgs/include/px4_msgs/px4_msgs/msg/detail/arming_check_request__struct.h
[6.209s] -- Up-to-date: /home/stepan/ws_ros2/install/px4_msgs/include/px4_msgs/px4_msgs/msg/detail/estimator_aid_source3d__functions.h
[6.210s] -- Up-to-date: /home/stepan/ws_ros2/install/px4_msgs/include/px4_msgs/px4_msgs/msg/detail/heater_status__struct.h
[6.210s] -- Up-to-date: /home/stepan/ws_ros2/install/px4_msgs/include/px4_msgs/px4_msgs/msg/detail/estimator_aid_source3d__struct.h
[6.210s] -- Up-to-date: /home/stepan/ws_ros2/install/px4_msgs/include/px4_msgs/px4_msgs/msg/detail/collision_constraints__type_support.h
[6.210s] -- Up-to-date: /home/stepan/ws_ros2/install/px4_msgs/include/px4_msgs/px4_msgs/msg/detail/home_position__functions.h
[6.210s] -- Up-to-date: /home/stepan/ws_ros2/install/px4_msgs/include/px4_msgs/px4_msgs/msg/detail/action_request__functions.h
[6.210s] -- Up-to-date: /home/stepan/ws_ros2/install/px4_msgs/include/px4_msgs/px4_msgs/msg/detail/gimbal_manager_information__struct.h
[6.210s] -- Up-to-date: /home/stepan/ws_ros2/install/px4_msgs/include/px4_msgs/px4_msgs/msg/detail/autotune_attitude_control_status__functions.c
[6.210s] -- Up-to-date: /home/stepan/ws_ros2/install/px4_msgs/include/px4_msgs/px4_msgs/msg/detail/ackermann_velocity_setpoint__struct.h
[6.211s] -- Up-to-date: /home/stepan/ws_ros2/install/px4_msgs/include/px4_msgs/px4_msgs/msg/detail/pwm_input__functions.h
[6.211s] -- Up-to-date: /home/stepan/ws_ros2/install/px4_msgs/include/px4_msgs/px4_msgs/msg/detail/magnetometer_bias_estimate__type_support.h
[6.211s] -- Up-to-date: /home/stepan/ws_ros2/install/px4_msgs/include/px4_msgs/px4_msgs/msg/detail/goto_setpoint__type_support.h
[6.211s] -- Up-to-date: /home/stepan/ws_ros2/install/px4_msgs/include/px4_msgs/px4_msgs/msg/detail/actuator_controls_status__struct.h
[6.211s] -- Up-to-date: /home/stepan/ws_ros2/install/px4_msgs/include/px4_msgs/px4_msgs/msg/detail/radio_status__struct.h
[6.212s] -- Up-to-date: /home/stepan/ws_ros2/install/px4_msgs/include/px4_msgs/px4_msgs/msg/detail/cellular_status__type_support.h
[6.212s] -- Up-to-date: /home/stepan/ws_ros2/install/px4_msgs/include/px4_msgs/px4_msgs/msg/detail/log_message__struct.h
[6.212s] -- Up-to-date: /home/stepan/ws_ros2/install/px4_msgs/include/px4_msgs/px4_msgs/msg/detail/logger_status__struct.h
[6.212s] -- Up-to-date: /home/stepan/ws_ros2/install/px4_msgs/include/px4_msgs/px4_msgs/msg/detail/telemetry_status__functions.h
[6.212s] -- Up-to-date: /home/stepan/ws_ros2/install/px4_msgs/include/px4_msgs/px4_msgs/msg/detail/task_stack_info__struct.h
[6.213s] -- Up-to-date: /home/stepan/ws_ros2/install/px4_msgs/include/px4_msgs/px4_msgs/msg/detail/vehicle_optical_flow_vel__functions.h
[6.213s] -- Up-to-date: /home/stepan/ws_ros2/install/px4_msgs/include/px4_msgs/px4_msgs/msg/detail/estimator_status_flags__functions.h
[6.213s] -- Up-to-date: /home/stepan/ws_ros2/install/px4_msgs/include/px4_msgs/px4_msgs/msg/detail/system_power__type_support.h
[6.213s] -- Up-to-date: /home/stepan/ws_ros2/install/px4_msgs/include/px4_msgs/px4_msgs/msg/detail/vehicle_angular_acceleration_setpoint__functions.c
[6.213s] -- Up-to-date: /home/stepan/ws_ros2/install/px4_msgs/include/px4_msgs/px4_msgs/msg/detail/debug_key_value__type_support.h
[6.213s] -- Up-to-date: /home/stepan/ws_ros2/install/px4_msgs/include/px4_msgs/px4_msgs/msg/detail/vehicle_status__functions.c
[6.213s] -- Up-to-date: /home/stepan/ws_ros2/install/px4_msgs/include/px4_msgs/px4_msgs/msg/detail/vehicle_thrust_setpoint__type_support.h
[6.213s] -- Up-to-date: /home/stepan/ws_ros2/install/px4_msgs/include/px4_msgs/px4_msgs/msg/detail/open_drone_id_system__functions.h
[6.214s] -- Up-to-date: /home/stepan/ws_ros2/install/px4_msgs/include/px4_msgs/px4_msgs/msg/detail/uavcan_parameter_value__type_support.h
[6.214s] -- Up-to-date: /home/stepan/ws_ros2/install/px4_msgs/include/px4_msgs/px4_msgs/msg/detail/trajectory_setpoint6dof__functions.c
[6.214s] -- Up-to-date: /home/stepan/ws_ros2/install/px4_msgs/include/px4_msgs/px4_msgs/msg/detail/actuator_outputs__struct.h
[6.214s] -- Up-to-date: /home/stepan/ws_ros2/install/px4_msgs/include/px4_msgs/px4_msgs/msg/detail/led_control__functions.c
[6.214s] -- Up-to-date: /home/stepan/ws_ros2/install/px4_msgs/include/px4_msgs/px4_msgs/msg/detail/sensor_selection__functions.h
[6.214s] -- Up-to-date: /home/stepan/ws_ros2/install/px4_msgs/include/px4_msgs/px4_msgs/msg/detail/geofence_status__type_support.h
[6.214s] -- Up-to-date: /home/stepan/ws_ros2/install/px4_msgs/include/px4_msgs/px4_msgs/msg/detail/flight_phase_estimation__functions.h
[6.214s] -- Up-to-date: /home/stepan/ws_ros2/install/px4_msgs/include/px4_msgs/px4_msgs/msg/detail/gps_dump__type_support.h
[6.215s] -- Up-to-date: /home/stepan/ws_ros2/install/px4_msgs/include/px4_msgs/px4_msgs/msg/detail/rover_steering_setpoint__functions.c
[6.216s] -- Up-to-date: /home/stepan/ws_ros2/install/px4_msgs/include/px4_msgs/px4_msgs/msg/detail/vehicle_torque_setpoint__functions.c
[6.216s] -- Up-to-date: /home/stepan/ws_ros2/install/px4_msgs/include/px4_msgs/px4_msgs/msg/detail/sensors_status_imu__functions.c
[6.217s] -- Up-to-date: /home/stepan/ws_ros2/install/px4_msgs/include/px4_msgs/px4_msgs/msg/detail/follow_target__type_support.h
[6.218s] -- Up-to-date: /home/stepan/ws_ros2/install/px4_msgs/include/px4_msgs/px4_msgs/msg/detail/autotune_attitude_control_status__functions.h
[6.218s] -- Up-to-date: /home/stepan/ws_ros2/install/px4_msgs/include/px4_msgs/px4_msgs/msg/detail/battery_status__type_support.h
[6.219s] -- Up-to-date: /home/stepan/ws_ros2/install/px4_msgs/include/px4_msgs/px4_msgs/msg/detail/debug_vect__functions.c
[6.219s] -- Up-to-date: /home/stepan/ws_ros2/install/px4_msgs/include/px4_msgs/px4_msgs/msg/detail/position_controller_status__type_support.h
[6.219s] -- Up-to-date: /home/stepan/ws_ros2/install/px4_msgs/include/px4_msgs/px4_msgs/msg/detail/figure_eight_status__type_support.h
[6.219s] -- Up-to-date: /home/stepan/ws_ros2/install/px4_msgs/include/px4_msgs/px4_msgs/msg/detail/control_allocator_status__functions.h
[6.220s] -- Up-to-date: /home/stepan/ws_ros2/install/px4_msgs/include/px4_msgs/px4_msgs/msg/detail/orb_test_large__functions.c
[6.220s] -- Up-to-date: /home/stepan/ws_ros2/install/px4_msgs/include/px4_msgs/px4_msgs/msg/detail/rpm__functions.c
[6.220s] -- Up-to-date: /home/stepan/ws_ros2/install/px4_msgs/include/px4_msgs/px4_msgs/msg/detail/gripper__functions.h
[6.220s] -- Up-to-date: /home/stepan/ws_ros2/install/px4_msgs/include/px4_msgs/px4_msgs/msg/detail/ping__functions.c
[6.220s] -- Up-to-date: /home/stepan/ws_ros2/install/px4_msgs/include/px4_msgs/px4_msgs/msg/detail/mavlink_log__functions.c
[6.221s] -- Up-to-date: /home/stepan/ws_ros2/install/px4_msgs/include/px4_msgs/px4_msgs/msg/detail/vtol_vehicle_status__struct.h
[6.221s] -- Up-to-date: /home/stepan/ws_ros2/install/px4_msgs/include/px4_msgs/px4_msgs/msg/detail/estimator_selector_status__struct.h
[6.221s] -- Up-to-date: /home/stepan/ws_ros2/install/px4_msgs/include/px4_msgs/px4_msgs/msg/detail/qshell_req__type_support.h
[6.222s] -- Up-to-date: /home/stepan/ws_ros2/install/px4_msgs/include/px4_msgs/px4_msgs/msg/detail/obstacle_distance__functions.h
[6.222s] -- Up-to-date: /home/stepan/ws_ros2/install/px4_msgs/include/px4_msgs/px4_msgs/msg/detail/register_ext_component_request__struct.h
[6.223s] -- Up-to-date: /home/stepan/ws_ros2/install/px4_msgs/include/px4_msgs/px4_msgs/msg/detail/vehicle_optical_flow_vel__struct.h
[6.223s] -- Up-to-date: /home/stepan/ws_ros2/install/px4_msgs/include/px4_msgs/px4_msgs/msg/detail/gimbal_manager_status__struct.h
[6.224s] -- Up-to-date: /home/stepan/ws_ros2/install/px4_msgs/include/px4_msgs/px4_msgs/msg/detail/gpio_request__type_support.h
[6.224s] -- Up-to-date: /home/stepan/ws_ros2/install/px4_msgs/include/px4_msgs/px4_msgs/msg/detail/logger_status__type_support.h
[6.225s] -- Up-to-date: /home/stepan/ws_ros2/install/px4_msgs/include/px4_msgs/px4_msgs/msg/detail/npfg_status__functions.c
[6.225s] -- Up-to-date: /home/stepan/ws_ros2/install/px4_msgs/include/px4_msgs/px4_msgs/msg/detail/distance_sensor__struct.h
[6.225s] -- Up-to-date: /home/stepan/ws_ros2/install/px4_msgs/include/px4_msgs/px4_msgs/msg/detail/uavcan_parameter_request__type_support.h
[6.225s] -- Up-to-date: /home/stepan/ws_ros2/install/px4_msgs/include/px4_msgs/px4_msgs/msg/detail/gimbal_manager_information__functions.c
[6.226s] -- Up-to-date: /home/stepan/ws_ros2/install/px4_msgs/include/px4_msgs/px4_msgs/msg/detail/sensor_mag__functions.h
[6.226s] -- Up-to-date: /home/stepan/ws_ros2/install/px4_msgs/include/px4_msgs/px4_msgs/msg/detail/gimbal_manager_set_attitude__functions.h
[6.226s] -- Up-to-date: /home/stepan/ws_ros2/install/px4_msgs/include/px4_msgs/px4_msgs/msg/detail/estimator_innovations__functions.c
[6.226s] -- Up-to-date: /home/stepan/ws_ros2/install/px4_msgs/include/px4_msgs/px4_msgs/msg/detail/flight_phase_estimation__functions.c
[6.226s] -- Up-to-date: /home/stepan/ws_ros2/install/px4_msgs/include/px4_msgs/px4_msgs/msg/detail/rtl_status__functions.c
[6.227s] -- Up-to-date: /home/stepan/ws_ros2/install/px4_msgs/include/px4_msgs/px4_msgs/msg/detail/fuel_tank_status__functions.c
[6.227s] -- Up-to-date: /home/stepan/ws_ros2/install/px4_msgs/include/px4_msgs/px4_msgs/msg/detail/vehicle_torque_setpoint__type_support.h
[6.227s] -- Up-to-date: /home/stepan/ws_ros2/install/px4_msgs/include/px4_msgs/px4_msgs/msg/detail/vehicle_acceleration__type_support.h
[6.227s] -- Up-to-date: /home/stepan/ws_ros2/install/px4_msgs/include/px4_msgs/px4_msgs/msg/detail/differential_pressure__functions.c
[6.227s] -- Up-to-date: /home/stepan/ws_ros2/install/px4_msgs/include/px4_msgs/px4_msgs/msg/detail/mode_completed__type_support.h
[6.228s] -- Up-to-date: /home/stepan/ws_ros2/install/px4_msgs/include/px4_msgs/px4_msgs/msg/detail/config_overrides__type_support.h
[6.228s] -- Up-to-date: /home/stepan/ws_ros2/install/px4_msgs/include/px4_msgs/px4_msgs/msg/detail/airspeed__struct.h
[6.228s] -- Up-to-date: /home/stepan/ws_ros2/install/px4_msgs/include/px4_msgs/px4_msgs/msg/detail/open_drone_id_system__functions.c
[6.228s] -- Up-to-date: /home/stepan/ws_ros2/install/px4_msgs/include/px4_msgs/px4_msgs/msg/detail/position_controller_status__functions.c
[6.228s] -- Up-to-date: /home/stepan/ws_ros2/install/px4_msgs/include/px4_msgs/px4_msgs/msg/detail/open_drone_id_arm_status__functions.h
[6.228s] -- Up-to-date: /home/stepan/ws_ros2/install/px4_msgs/include/px4_msgs/px4_msgs/msg/detail/manual_control_switches__type_support.h
[6.229s] -- Up-to-date: /home/stepan/ws_ros2/install/px4_msgs/include/px4_msgs/px4_msgs/msg/detail/generator_status__type_support.h
[6.229s] -- Up-to-date: /home/stepan/ws_ros2/install/px4_msgs/include/px4_msgs/px4_msgs/msg/detail/debug_vect__struct.h
[6.229s] -- Up-to-date: /home/stepan/ws_ros2/install/px4_msgs/include/px4_msgs/px4_msgs/msg/detail/camera_capture__type_support.h
[6.229s] -- Up-to-date: /home/stepan/ws_ros2/install/px4_msgs/include/px4_msgs/px4_msgs/msg/detail/cellular_status__struct.h
[6.229s] -- Up-to-date: /home/stepan/ws_ros2/install/px4_msgs/include/px4_msgs/px4_msgs/msg/detail/rate_ctrl_status__type_support.h
[6.229s] -- Up-to-date: /home/stepan/ws_ros2/install/px4_msgs/include/px4_msgs/px4_msgs/msg/detail/collision_constraints__functions.c
[6.229s] -- Up-to-date: /home/stepan/ws_ros2/install/px4_msgs/include/px4_msgs/px4_msgs/msg/detail/gpio_in__struct.h
[6.230s] -- Up-to-date: /home/stepan/ws_ros2/install/px4_msgs/include/px4_msgs/px4_msgs/msg/detail/vehicle_odometry__functions.c
[6.230s] -- Up-to-date: /home/stepan/ws_ros2/install/px4_msgs/include/px4_msgs/px4_msgs/msg/detail/control_allocator_status__type_support.h
[6.230s] -- Up-to-date: /home/stepan/ws_ros2/install/px4_msgs/include/px4_msgs/px4_msgs/msg/detail/rover_velocity_status__type_support.h
[6.230s] -- Up-to-date: /home/stepan/ws_ros2/install/px4_msgs/include/px4_msgs/px4_msgs/msg/detail/estimator_bias__functions.c
[6.230s] -- Up-to-date: /home/stepan/ws_ros2/install/px4_msgs/include/px4_msgs/px4_msgs/msg/detail/parameter_set_used_request__type_support.h
[6.230s] -- Up-to-date: /home/stepan/ws_ros2/install/px4_msgs/include/px4_msgs/px4_msgs/msg/detail/vehicle_land_detected__functions.h
[6.230s] -- Up-to-date: /home/stepan/ws_ros2/install/px4_msgs/include/px4_msgs/px4_msgs/msg/detail/debug_array__type_support.h
[6.230s] -- Up-to-date: /home/stepan/ws_ros2/install/px4_msgs/include/px4_msgs/px4_msgs/msg/detail/actuator_armed__type_support.h
[6.231s] -- Up-to-date: /home/stepan/ws_ros2/install/px4_msgs/include/px4_msgs/px4_msgs/msg/detail/esc_report__type_support.h
[6.231s] -- Up-to-date: /home/stepan/ws_ros2/install/px4_msgs/include/px4_msgs/px4_msgs/msg/detail/gpio_in__functions.h
[6.231s] -- Up-to-date: /home/stepan/ws_ros2/install/px4_msgs/include/px4_msgs/px4_msgs/msg/detail/camera_status__functions.c
[6.231s] -- Up-to-date: /home/stepan/ws_ros2/install/px4_msgs/include/px4_msgs/px4_msgs/msg/detail/actuator_outputs__functions.c
[6.232s] -- Up-to-date: /home/stepan/ws_ros2/install/px4_msgs/include/px4_msgs/px4_msgs/msg/detail/landing_gear_wheel__functions.c
[6.232s] -- Up-to-date: /home/stepan/ws_ros2/install/px4_msgs/include/px4_msgs/px4_msgs/msg/detail/navigator_status__functions.c
[6.233s] -- Up-to-date: /home/stepan/ws_ros2/install/px4_msgs/include/px4_msgs/px4_msgs/msg/detail/arming_check_reply__type_support.h
[6.234s] -- Up-to-date: /home/stepan/ws_ros2/install/px4_msgs/include/px4_msgs/px4_msgs/msg/detail/debug_key_value__struct.h
[6.234s] -- Up-to-date: /home/stepan/ws_ros2/install/px4_msgs/include/px4_msgs/px4_msgs/msg/detail/sensor_airflow__struct.h
[6.234s] -- Up-to-date: /home/stepan/ws_ros2/install/px4_msgs/include/px4_msgs/px4_msgs/msg/detail/cpuload__type_support.h
[6.235s] -- Up-to-date: /home/stepan/ws_ros2/install/px4_msgs/include/px4_msgs/px4_msgs/msg/detail/navigator_mission_item__functions.h
[6.235s] -- Up-to-date: /home/stepan/ws_ros2/install/px4_msgs/include/px4_msgs/px4_msgs/msg/detail/rtl_status__type_support.h
[6.236s] -- Up-to-date: /home/stepan/ws_ros2/install/px4_msgs/include/px4_msgs/px4_msgs/msg/detail/orbit_status__functions.h
[6.236s] -- Up-to-date: /home/stepan/ws_ros2/install/px4_msgs/include/px4_msgs/px4_msgs/msg/detail/follow_target_estimator__functions.c
[6.236s] -- Up-to-date: /home/stepan/ws_ros2/install/px4_msgs/include/px4_msgs/px4_msgs/msg/detail/register_ext_component_request__type_support.h
[6.236s] -- Up-to-date: /home/stepan/ws_ros2/install/px4_msgs/include/px4_msgs/px4_msgs/msg/detail/position_controller_landing_status__functions.h
[6.237s] -- Up-to-date: /home/stepan/ws_ros2/install/px4_msgs/include/px4_msgs/px4_msgs/msg/detail/estimator_states__functions.h
[6.237s] -- Up-to-date: /home/stepan/ws_ros2/install/px4_msgs/include/px4_msgs/px4_msgs/msg/detail/failure_detector_status__struct.h
[6.238s] -- Up-to-date: /home/stepan/ws_ros2/install/px4_msgs/include/px4_msgs/px4_msgs/msg/detail/satellite_info__functions.h
[6.238s] -- Up-to-date: /home/stepan/ws_ros2/install/px4_msgs/include/px4_msgs/px4_msgs/msg/detail/camera_capture__functions.h
[6.238s] -- Up-to-date: /home/stepan/ws_ros2/install/px4_msgs/include/px4_msgs/px4_msgs/msg/detail/rover_position_setpoint__functions.h
[6.238s] -- Up-to-date: /home/stepan/ws_ros2/install/px4_msgs/include/px4_msgs/px4_msgs/msg/detail/vehicle_imu_status__type_support.h
[6.239s] -- Up-to-date: /home/stepan/ws_ros2/install/px4_msgs/include/px4_msgs/px4_msgs/msg/detail/arming_check_reply__functions.c
[6.239s] -- Up-to-date: /home/stepan/ws_ros2/install/px4_msgs/include/px4_msgs/px4_msgs/msg/detail/gimbal_device_attitude_status__functions.h
[6.240s] -- Up-to-date: /home/stepan/ws_ros2/install/px4_msgs/include/px4_msgs/px4_msgs/msg/detail/figure_eight_status__struct.h
[6.240s] -- Up-to-date: /home/stepan/ws_ros2/install/px4_msgs/include/px4_msgs/px4_msgs/msg/detail/mount_orientation__type_support.h
[6.240s] -- Up-to-date: /home/stepan/ws_ros2/install/px4_msgs/include/px4_msgs/px4_msgs/msg/detail/log_message__type_support.h
[6.240s] -- Up-to-date: /home/stepan/ws_ros2/install/px4_msgs/include/px4_msgs/px4_msgs/msg/detail/vehicle_local_position_setpoint__type_support.h
[6.241s] -- Up-to-date: /home/stepan/ws_ros2/install/px4_msgs/include/px4_msgs/px4_msgs/msg/detail/airspeed_validated__type_support.h
[6.241s] -- Up-to-date: /home/stepan/ws_ros2/install/px4_msgs/include/px4_msgs/px4_msgs/msg/detail/follow_target_estimator__type_support.h
[6.242s] -- Up-to-date: /home/stepan/ws_ros2/install/px4_msgs/include/px4_msgs/px4_msgs/msg/detail/open_drone_id_operator_id__functions.c
[6.242s] -- Up-to-date: /home/stepan/ws_ros2/install/px4_msgs/include/px4_msgs/px4_msgs/msg/detail/sensor_gyro_fifo__struct.h
[6.242s] -- Up-to-date: /home/stepan/ws_ros2/install/px4_msgs/include/px4_msgs/px4_msgs/msg/detail/rover_attitude_setpoint__functions.c
[6.242s] -- Up-to-date: /home/stepan/ws_ros2/install/px4_msgs/include/px4_msgs/px4_msgs/msg/detail/health_report__type_support.h
[6.242s] -- Up-to-date: /home/stepan/ws_ros2/install/px4_msgs/include/px4_msgs/px4_msgs/msg/detail/log_message__functions.c
[6.243s] -- Up-to-date: /home/stepan/ws_ros2/install/px4_msgs/include/px4_msgs/px4_msgs/msg/detail/obstacle_distance__type_support.h
[6.243s] -- Up-to-date: /home/stepan/ws_ros2/install/px4_msgs/include/px4_msgs/px4_msgs/msg/detail/ulog_stream_ack__functions.c
[6.243s] -- Up-to-date: /home/stepan/ws_ros2/install/px4_msgs/include/px4_msgs/px4_msgs/msg/detail/magnetometer_bias_estimate__functions.h
[6.243s] -- Up-to-date: /home/stepan/ws_ros2/install/px4_msgs/include/px4_msgs/px4_msgs/msg/detail/camera_trigger__type_support.h
[6.243s] -- Up-to-date: /home/stepan/ws_ros2/install/px4_msgs/include/px4_msgs/px4_msgs/msg/detail/adc_report__functions.h
[6.243s] -- Up-to-date: /home/stepan/ws_ros2/install/px4_msgs/include/px4_msgs/px4_msgs/msg/detail/sensors_status__functions.h
[6.243s] -- Up-to-date: /home/stepan/ws_ros2/install/px4_msgs/include/px4_msgs/px4_msgs/msg/detail/failsafe_flags__functions.h
[6.243s] -- Up-to-date: /home/stepan/ws_ros2/install/px4_msgs/include/px4_msgs/px4_msgs/msg/detail/geofence_result__functions.h
[6.244s] -- Up-to-date: /home/stepan/ws_ros2/install/px4_msgs/include/px4_msgs/px4_msgs/msg/detail/tune_control__functions.c
[6.244s] -- Up-to-date: /home/stepan/ws_ros2/install/px4_msgs/include/px4_msgs/px4_msgs/msg/detail/estimator_selector_status__functions.h
[6.244s] -- Up-to-date: /home/stepan/ws_ros2/install/px4_msgs/include/px4_msgs/px4_msgs/msg/detail/normalized_unsigned_setpoint__functions.c
[6.244s] -- Up-to-date: /home/stepan/ws_ros2/install/px4_msgs/include/px4_msgs/px4_msgs/msg/detail/gpio_in__functions.c
[6.244s] -- Up-to-date: /home/stepan/ws_ros2/install/px4_msgs/include/px4_msgs/px4_msgs/msg/detail/rpm__struct.h
[6.244s] -- Up-to-date: /home/stepan/ws_ros2/install/px4_msgs/include/px4_msgs/px4_msgs/msg/detail/ulog_stream__functions.h
[6.244s] -- Up-to-date: /home/stepan/ws_ros2/install/px4_msgs/include/px4_msgs/px4_msgs/msg/detail/rover_attitude_status__functions.h
[6.245s] -- Up-to-date: /home/stepan/ws_ros2/install/px4_msgs/include/px4_msgs/px4_msgs/msg/detail/mode_completed__struct.h
[6.245s] -- Up-to-date: /home/stepan/ws_ros2/install/px4_msgs/include/px4_msgs/px4_msgs/msg/detail/sensor_hygrometer__functions.h
[6.245s] -- Up-to-date: /home/stepan/ws_ros2/install/px4_msgs/include/px4_msgs/px4_msgs/msg/detail/internal_combustion_engine_control__type_support.h
[6.245s] -- Up-to-date: /home/stepan/ws_ros2/install/px4_msgs/include/px4_msgs/px4_msgs/msg/detail/arming_check_request__type_support.h
[6.245s] -- Up-to-date: /home/stepan/ws_ros2/install/px4_msgs/include/px4_msgs/px4_msgs/msg/detail/sensor_accel_fifo__functions.c
[6.245s] -- Up-to-date: /home/stepan/ws_ros2/install/px4_msgs/include/px4_msgs/px4_msgs/msg/detail/vehicle_torque_setpoint__struct.h
[6.246s] -- Up-to-date: /home/stepan/ws_ros2/install/px4_msgs/include/px4_msgs/px4_msgs/msg/detail/heater_status__type_support.h
[6.246s] -- Up-to-date: /home/stepan/ws_ros2/install/px4_msgs/include/px4_msgs/px4_msgs/msg/detail/vehicle_command_ack__type_support.h
[6.246s] -- Up-to-date: /home/stepan/ws_ros2/install/px4_msgs/include/px4_msgs/px4_msgs/msg/detail/orbit_status__functions.c
[6.246s] -- Up-to-date: /home/stepan/ws_ros2/install/px4_msgs/include/px4_msgs/px4_msgs/msg/detail/rc_parameter_map__functions.h
[6.246s] -- Up-to-date: /home/stepan/ws_ros2/install/px4_msgs/include/px4_msgs/px4_msgs/msg/detail/sensor_optical_flow__struct.h
[6.246s] -- Up-to-date: /home/stepan/ws_ros2/install/px4_msgs/include/px4_msgs/px4_msgs/msg/detail/pwm_input__struct.h
[6.246s] -- Up-to-date: /home/stepan/ws_ros2/install/px4_msgs/include/px4_msgs/px4_msgs/msg/detail/qshell_req__functions.c
[6.247s] -- Up-to-date: /home/stepan/ws_ros2/install/px4_msgs/include/px4_msgs/px4_msgs/msg/detail/vehicle_land_detected__functions.c
[6.247s] -- Up-to-date: /home/stepan/ws_ros2/install/px4_msgs/include/px4_msgs/px4_msgs/msg/detail/follow_target__struct.h
[6.247s] -- Up-to-date: /home/stepan/ws_ros2/install/px4_msgs/include/px4_msgs/px4_msgs/msg/detail/npfg_status__functions.h
[6.247s] -- Up-to-date: /home/stepan/ws_ros2/install/px4_msgs/include/px4_msgs/px4_msgs/msg/detail/sensor_combined__type_support.h
[6.247s] -- Up-to-date: /home/stepan/ws_ros2/install/px4_msgs/include/px4_msgs/px4_msgs/msg/detail/airspeed_wind__functions.h
[6.247s] -- Up-to-date: /home/stepan/ws_ros2/install/px4_msgs/include/px4_msgs/px4_msgs/msg/detail/position_setpoint__type_support.h
[6.248s] -- Up-to-date: /home/stepan/ws_ros2/install/px4_msgs/include/px4_msgs/px4_msgs/msg/detail/estimator_status_flags__functions.c
[6.248s] -- Up-to-date: /home/stepan/ws_ros2/install/px4_msgs/include/px4_msgs/px4_msgs/msg/detail/pps_capture__functions.c
[6.249s] -- Up-to-date: /home/stepan/ws_ros2/install/px4_msgs/include/px4_msgs/px4_msgs/msg/detail/landing_gear__functions.c
[6.250s] -- Up-to-date: /home/stepan/ws_ros2/install/px4_msgs/include/px4_msgs/px4_msgs/msg/detail/vehicle_magnetometer__struct.h
[6.250s] -- Up-to-date: /home/stepan/ws_ros2/install/px4_msgs/include/px4_msgs/px4_msgs/msg/detail/register_ext_component_reply__functions.c
[6.250s] -- Up-to-date: /home/stepan/ws_ros2/install/px4_msgs/include/px4_msgs/px4_msgs/msg/detail/gpio_config__functions.h
[6.251s] -- Up-to-date: /home/stepan/ws_ros2/install/px4_msgs/include/px4_msgs/px4_msgs/msg/detail/camera_trigger__struct.h
[6.251s] -- Up-to-date: /home/stepan/ws_ros2/install/px4_msgs/include/px4_msgs/px4_msgs/msg/detail/actuator_controls_status__type_support.h
[6.252s] -- Up-to-date: /home/stepan/ws_ros2/install/px4_msgs/include/px4_msgs/px4_msgs/msg/detail/tune_control__type_support.h
[6.252s] -- Up-to-date: /home/stepan/ws_ros2/install/px4_msgs/include/px4_msgs/px4_msgs/msg/detail/qshell_retval__struct.h
[6.252s] -- Up-to-date: /home/stepan/ws_ros2/install/px4_msgs/include/px4_msgs/px4_msgs/msg/detail/vehicle_imu__functions.c
[6.252s] -- Up-to-date: /home/stepan/ws_ros2/install/px4_msgs/include/px4_msgs/px4_msgs/msg/detail/power_button_state__functions.c
[6.253s] -- Up-to-date: /home/stepan/ws_ros2/install/px4_msgs/include/px4_msgs/px4_msgs/msg/detail/sensor_uwb__functions.h
[6.253s] -- Up-to-date: /home/stepan/ws_ros2/install/px4_msgs/include/px4_msgs/px4_msgs/msg/detail/message_format_request__struct.h
[6.254s] -- Up-to-date: /home/stepan/ws_ros2/install/px4_msgs/include/px4_msgs/px4_msgs/msg/detail/pure_pursuit_status__type_support.h
[6.254s] -- Up-to-date: /home/stepan/ws_ros2/install/px4_msgs/include/px4_msgs/px4_msgs/msg/detail/action_request__functions.c
[6.254s] -- Up-to-date: /home/stepan/ws_ros2/install/px4_msgs/include/px4_msgs/px4_msgs/msg/detail/camera_status__functions.h
[6.254s] -- Up-to-date: /home/stepan/ws_ros2/install/px4_msgs/include/px4_msgs/px4_msgs/msg/detail/actuator_servos_trim__functions.h
[6.255s] -- Up-to-date: /home/stepan/ws_ros2/install/px4_msgs/include/px4_msgs/px4_msgs/msg/detail/rover_throttle_setpoint__functions.h
[6.255s] -- Up-to-date: /home/stepan/ws_ros2/install/px4_msgs/include/px4_msgs/px4_msgs/msg/detail/sensor_preflight_mag__struct.h
[6.255s] -- Up-to-date: /home/stepan/ws_ros2/install/px4_msgs/include/px4_msgs/px4_msgs/msg/detail/ulog_stream__functions.c
[6.255s] -- Up-to-date: /home/stepan/ws_ros2/install/px4_msgs/include/px4_msgs/px4_msgs/msg/detail/parameter_update__struct.h
[6.255s] -- Up-to-date: /home/stepan/ws_ros2/install/px4_msgs/include/px4_msgs/px4_msgs/msg/detail/takeoff_status__type_support.h
[6.256s] -- Up-to-date: /home/stepan/ws_ros2/install/px4_msgs/include/px4_msgs/px4_msgs/msg/detail/vehicle_odometry__struct.h
[6.257s] -- Up-to-date: /home/stepan/ws_ros2/install/px4_msgs/include/px4_msgs/px4_msgs/msg/detail/gpio_in__type_support.h
[6.257s] -- Up-to-date: /home/stepan/ws_ros2/install/px4_msgs/include/px4_msgs/px4_msgs/msg/detail/vehicle_magnetometer__functions.h
[6.257s] -- Up-to-date: /home/stepan/ws_ros2/install/px4_msgs/include/px4_msgs/px4_msgs/msg/detail/vehicle_local_position_setpoint__functions.c
[6.257s] -- Up-to-date: /home/stepan/ws_ros2/install/px4_msgs/include/px4_msgs/px4_msgs/msg/detail/vehicle_local_position__type_support.h
[6.257s] -- Up-to-date: /home/stepan/ws_ros2/install/px4_msgs/include/px4_msgs/px4_msgs/msg/detail/dataman_response__struct.h
[6.258s] -- Up-to-date: /home/stepan/ws_ros2/install/px4_msgs/include/px4_msgs/px4_msgs/msg/detail/rover_velocity_status__functions.c
[6.258s] -- Up-to-date: /home/stepan/ws_ros2/install/px4_msgs/include/px4_msgs/px4_msgs/msg/detail/onboard_computer_status__functions.h
[6.258s] -- Up-to-date: /home/stepan/ws_ros2/install/px4_msgs/include/px4_msgs/px4_msgs/msg/detail/input_rc__type_support.h
[6.258s] -- Up-to-date: /home/stepan/ws_ros2/install/px4_msgs/include/px4_msgs/px4_msgs/msg/detail/generator_status__functions.c
[6.259s] -- Up-to-date: /home/stepan/ws_ros2/install/px4_msgs/include/px4_msgs/px4_msgs/msg/detail/vehicle_magnetometer__functions.c
[6.259s] -- Up-to-date: /home/stepan/ws_ros2/install/px4_msgs/include/px4_msgs/px4_msgs/msg/detail/parameter_set_used_request__functions.c
[6.259s] -- Up-to-date: /home/stepan/ws_ros2/install/px4_msgs/include/px4_msgs/px4_msgs/msg/detail/led_control__type_support.h
[6.259s] -- Up-to-date: /home/stepan/ws_ros2/install/px4_msgs/include/px4_msgs/px4_msgs/msg/detail/iridiumsbd_status__functions.h
[6.259s] -- Up-to-date: /home/stepan/ws_ros2/install/px4_msgs/include/px4_msgs/px4_msgs/msg/detail/gimbal_device_attitude_status__functions.c
[6.259s] -- Up-to-date: /home/stepan/ws_ros2/install/px4_msgs/include/px4_msgs/px4_msgs/msg/detail/actuator_armed__struct.h
[6.260s] -- Up-to-date: /home/stepan/ws_ros2/install/px4_msgs/include/px4_msgs/px4_msgs/msg/detail/mode_completed__functions.c
[6.260s] -- Up-to-date: /home/stepan/ws_ros2/install/px4_msgs/include/px4_msgs/px4_msgs/msg/detail/iridiumsbd_status__functions.c
[6.260s] -- Up-to-date: /home/stepan/ws_ros2/install/px4_msgs/include/px4_msgs/px4_msgs/msg/detail/failure_detector_status__functions.c
[6.260s] -- Up-to-date: /home/stepan/ws_ros2/install/px4_msgs/include/px4_msgs/px4_msgs/msg/detail/estimator_event_flags__type_support.h
[6.260s] -- Up-to-date: /home/stepan/ws_ros2/install/px4_msgs/include/px4_msgs/px4_msgs/msg/detail/manual_control_setpoint__struct.h
[6.261s] -- Up-to-date: /home/stepan/ws_ros2/install/px4_msgs/include/px4_msgs/px4_msgs/msg/detail/airspeed__type_support.h
[6.261s] -- Up-to-date: /home/stepan/ws_ros2/install/px4_msgs/include/px4_msgs/px4_msgs/msg/detail/ackermann_velocity_setpoint__type_support.h
[6.261s] -- Up-to-date: /home/stepan/ws_ros2/install/px4_msgs/include/px4_msgs/px4_msgs/msg/detail/orb_test_medium__functions.h
[6.261s] -- Up-to-date: /home/stepan/ws_ros2/install/px4_msgs/include/px4_msgs/px4_msgs/msg/detail/mavlink_tunnel__functions.h
[6.261s] -- Up-to-date: /home/stepan/ws_ros2/install/px4_msgs/include/px4_msgs/px4_msgs/msg/detail/internal_combustion_engine_control__functions.c
[6.261s] -- Up-to-date: /home/stepan/ws_ros2/install/px4_msgs/include/px4_msgs/px4_msgs/msg/detail/ekf2_timestamps__functions.c
[6.262s] -- Up-to-date: /home/stepan/ws_ros2/install/px4_msgs/include/px4_msgs/px4_msgs/msg/detail/vehicle_angular_velocity__functions.h
[6.262s] -- Up-to-date: /home/stepan/ws_ros2/install/px4_msgs/include/px4_msgs/px4_msgs/msg/detail/gimbal_controls__functions.c
[6.262s] -- Up-to-date: /home/stepan/ws_ros2/install/px4_msgs/include/px4_msgs/px4_msgs/msg/detail/estimator_aid_source2d__functions.h
[6.262s] -- Up-to-date: /home/stepan/ws_ros2/install/px4_msgs/include/px4_msgs/px4_msgs/msg/detail/vehicle_local_position__struct.h
[6.262s] -- Up-to-date: /home/stepan/ws_ros2/install/px4_msgs/include/px4_msgs/px4_msgs/msg/detail/pure_pursuit_status__functions.c
[6.262s] -- Up-to-date: /home/stepan/ws_ros2/install/px4_msgs/include/px4_msgs/px4_msgs/msg/detail/vehicle_optical_flow_vel__functions.c
[6.262s] -- Up-to-date: /home/stepan/ws_ros2/install/px4_msgs/include/px4_msgs/px4_msgs/msg/detail/sensor_accel_fifo__functions.h
[6.263s] -- Up-to-date: /home/stepan/ws_ros2/install/px4_msgs/include/px4_msgs/px4_msgs/msg/detail/actuator_motors__type_support.h
[6.263s] -- Up-to-date: /home/stepan/ws_ros2/install/px4_msgs/include/px4_msgs/px4_msgs/msg/detail/sensor_optical_flow__type_support.h
[6.263s] -- Up-to-date: /home/stepan/ws_ros2/install/px4_msgs/include/px4_msgs/px4_msgs/msg/detail/gps_dump__functions.h
[6.263s] -- Up-to-date: /home/stepan/ws_ros2/install/px4_msgs/include/px4_msgs/px4_msgs/msg/detail/actuator_motors__struct.h
[6.263s] -- Up-to-date: /home/stepan/ws_ros2/install/px4_msgs/include/px4_msgs/px4_msgs/msg/detail/orbit_status__type_support.h
[6.263s] -- Up-to-date: /home/stepan/ws_ros2/install/px4_msgs/include/px4_msgs/px4_msgs/msg/detail/cpuload__functions.h
[6.263s] -- Up-to-date: /home/stepan/ws_ros2/install/px4_msgs/include/px4_msgs/px4_msgs/msg/detail/landing_target_pose__functions.h
[6.263s] -- Up-to-date: /home/stepan/ws_ros2/install/px4_msgs/include/px4_msgs/px4_msgs/msg/detail/vehicle_thrust_setpoint__struct.h
[6.264s] -- Up-to-date: /home/stepan/ws_ros2/install/px4_msgs/include/px4_msgs/px4_msgs/msg/detail/mission_result__type_support.h
[6.264s] -- Up-to-date: /home/stepan/ws_ros2/install/px4_msgs/include/px4_msgs/px4_msgs/msg/detail/estimator_status__functions.h
[6.265s] -- Up-to-date: /home/stepan/ws_ros2/install/px4_msgs/include/px4_msgs/px4_msgs/msg/detail/pwm_input__functions.c
[6.266s] -- Up-to-date: /home/stepan/ws_ros2/install/px4_msgs/include/px4_msgs/px4_msgs/msg/detail/vehicle_roi__functions.h
[6.267s] -- Up-to-date: /home/stepan/ws_ros2/install/px4_msgs/include/px4_msgs/px4_msgs/msg/detail/geofence_result__functions.c
[6.267s] -- Up-to-date: /home/stepan/ws_ros2/install/px4_msgs/include/px4_msgs/px4_msgs/msg/detail/qshell_retval__functions.h
[6.268s] -- Up-to-date: /home/stepan/ws_ros2/install/px4_msgs/include/px4_msgs/px4_msgs/msg/detail/gps_dump__struct.h
[6.268s] -- Up-to-date: /home/stepan/ws_ros2/install/px4_msgs/include/px4_msgs/px4_msgs/msg/detail/orbit_status__struct.h
[6.269s] -- Up-to-date: /home/stepan/ws_ros2/install/px4_msgs/include/px4_msgs/px4_msgs/msg/detail/sensor_gps__struct.h
[6.269s] -- Up-to-date: /home/stepan/ws_ros2/install/px4_msgs/include/px4_msgs/px4_msgs/msg/detail/debug_array__functions.h
[6.269s] -- Up-to-date: /home/stepan/ws_ros2/install/px4_msgs/include/px4_msgs/px4_msgs/msg/detail/position_setpoint_triplet__struct.h
[6.270s] -- Up-to-date: /home/stepan/ws_ros2/install/px4_msgs/include/px4_msgs/px4_msgs/msg/detail/gpio_config__functions.c
[6.270s] -- Up-to-date: /home/stepan/ws_ros2/install/px4_msgs/include/px4_msgs/px4_msgs/msg/detail/position_controller_landing_status__functions.c
[6.270s] -- Up-to-date: /home/stepan/ws_ros2/install/px4_msgs/include/px4_msgs/px4_msgs/msg/detail/open_drone_id_operator_id__struct.h
[6.270s] -- Up-to-date: /home/stepan/ws_ros2/install/px4_msgs/include/px4_msgs/px4_msgs/msg/detail/config_overrides__functions.h
[6.271s] -- Up-to-date: /home/stepan/ws_ros2/install/px4_msgs/include/px4_msgs/px4_msgs/msg/detail/transponder_report__functions.c
[6.271s] -- Up-to-date: /home/stepan/ws_ros2/install/px4_msgs/include/px4_msgs/px4_msgs/msg/detail/offboard_control_mode__struct.h
[6.271s] -- Up-to-date: /home/stepan/ws_ros2/install/px4_msgs/include/px4_msgs/px4_msgs/msg/detail/sensor_accel__functions.h
[6.271s] -- Up-to-date: /home/stepan/ws_ros2/install/px4_msgs/include/px4_msgs/px4_msgs/msg/detail/vehicle_status__functions.h
[6.271s] -- Up-to-date: /home/stepan/ws_ros2/install/px4_msgs/include/px4_msgs/px4_msgs/msg/detail/autotune_attitude_control_status__struct.h
[6.272s] -- Up-to-date: /home/stepan/ws_ros2/install/px4_msgs/include/px4_msgs/px4_msgs/msg/detail/uavcan_parameter_value__functions.h
[6.272s] -- Up-to-date: /home/stepan/ws_ros2/install/px4_msgs/include/px4_msgs/px4_msgs/msg/detail/landing_gear_wheel__functions.h
[6.272s] -- Up-to-date: /home/stepan/ws_ros2/install/px4_msgs/include/px4_msgs/px4_msgs/msg/detail/position_setpoint__functions.h
[6.273s] -- Up-to-date: /home/stepan/ws_ros2/install/px4_msgs/include/px4_msgs/px4_msgs/msg/detail/estimator_status__struct.h
[6.273s] -- Up-to-date: /home/stepan/ws_ros2/install/px4_msgs/include/px4_msgs/px4_msgs/msg/detail/vehicle_air_data__functions.h
[6.273s] -- Up-to-date: /home/stepan/ws_ros2/install/px4_msgs/include/px4_msgs/px4_msgs/msg/detail/gpio_out__type_support.h
[6.273s] -- Up-to-date: /home/stepan/ws_ros2/install/px4_msgs/include/px4_msgs/px4_msgs/msg/detail/estimator_status_flags__type_support.h
[6.273s] -- Up-to-date: /home/stepan/ws_ros2/install/px4_msgs/include/px4_msgs/px4_msgs/msg/detail/power_button_state__functions.h
[6.273s] -- Up-to-date: /home/stepan/ws_ros2/install/px4_msgs/include/px4_msgs/px4_msgs/msg/detail/vehicle_optical_flow__functions.h
[6.274s] -- Up-to-date: /home/stepan/ws_ros2/install/px4_msgs/include/px4_msgs/px4_msgs/msg/detail/manual_control_setpoint__functions.h
[6.274s] -- Up-to-date: /home/stepan/ws_ros2/install/px4_msgs/include/px4_msgs/px4_msgs/msg/detail/vtol_vehicle_status__functions.h
[6.274s] -- Up-to-date: /home/stepan/ws_ros2/install/px4_msgs/include/px4_msgs/px4_msgs/msg/detail/velocity_limits__functions.h
[6.274s] -- Up-to-date: /home/stepan/ws_ros2/install/px4_msgs/include/px4_msgs/px4_msgs/msg/detail/sensor_gyro__functions.c
[6.274s] -- Up-to-date: /home/stepan/ws_ros2/install/px4_msgs/include/px4_msgs/px4_msgs/msg/detail/magnetometer_bias_estimate__functions.c
[6.275s] -- Up-to-date: /home/stepan/ws_ros2/install/px4_msgs/include/px4_msgs/px4_msgs/msg/detail/gimbal_manager_set_attitude__struct.h
[6.275s] -- Up-to-date: /home/stepan/ws_ros2/install/px4_msgs/include/px4_msgs/px4_msgs/msg/detail/orb_test__struct.h
[6.275s] -- Up-to-date: /home/stepan/ws_ros2/install/px4_msgs/include/px4_msgs/px4_msgs/msg/detail/sensor_optical_flow__functions.c
[6.275s] -- Up-to-date: /home/stepan/ws_ros2/install/px4_msgs/include/px4_msgs/px4_msgs/msg/detail/actuator_controls_status__functions.h
[6.275s] -- Up-to-date: /home/stepan/ws_ros2/install/px4_msgs/include/px4_msgs/px4_msgs/msg/detail/sensor_correction__functions.h
[6.275s] -- Up-to-date: /home/stepan/ws_ros2/install/px4_msgs/include/px4_msgs/px4_msgs/msg/detail/unregister_ext_component__functions.h
[6.275s] -- Up-to-date: /home/stepan/ws_ros2/install/px4_msgs/include/px4_msgs/px4_msgs/msg/detail/gimbal_manager_status__functions.h
[6.276s] -- Up-to-date: /home/stepan/ws_ros2/install/px4_msgs/include/px4_msgs/px4_msgs/msg/detail/rate_ctrl_status__struct.h
[6.276s] -- Up-to-date: /home/stepan/ws_ros2/install/px4_msgs/include/px4_msgs/px4_msgs/msg/detail/battery_status__struct.h
[6.276s] -- Up-to-date: /home/stepan/ws_ros2/install/px4_msgs/include/px4_msgs/px4_msgs/msg/detail/rover_rate_status__functions.c
[6.276s] -- Up-to-date: /home/stepan/ws_ros2/install/px4_msgs/include/px4_msgs/px4_msgs/msg/detail/vehicle_roi__type_support.h
[6.276s] -- Up-to-date: /home/stepan/ws_ros2/install/px4_msgs/include/px4_msgs/px4_msgs/msg/detail/debug_value__functions.c
[6.276s] -- Up-to-date: /home/stepan/ws_ros2/install/px4_msgs/include/px4_msgs/px4_msgs/msg/detail/sensor_combined__functions.c
[6.276s] -- Up-to-date: /home/stepan/ws_ros2/install/px4_msgs/include/px4_msgs/px4_msgs/msg/detail/failure_detector_status__functions.h
[6.277s] -- Up-to-date: /home/stepan/ws_ros2/install/px4_msgs/include/px4_msgs/px4_msgs/msg/detail/gpio_config__type_support.h
[6.277s] -- Up-to-date: /home/stepan/ws_ros2/install/px4_msgs/include/px4_msgs/px4_msgs/msg/detail/input_rc__struct.h
[6.277s] -- Up-to-date: /home/stepan/ws_ros2/install/px4_msgs/include/px4_msgs/px4_msgs/msg/detail/vehicle_global_position__functions.h
[6.277s] -- Up-to-date: /home/stepan/ws_ros2/install/px4_msgs/include/px4_msgs/px4_msgs/msg/detail/internal_combustion_engine_control__struct.h
[6.277s] -- Up-to-date: /home/stepan/ws_ros2/install/px4_msgs/include/px4_msgs/px4_msgs/msg/detail/vehicle_acceleration__struct.h
[6.277s] -- Up-to-date: /home/stepan/ws_ros2/install/px4_msgs/include/px4_msgs/px4_msgs/msg/detail/follow_target_estimator__struct.h
[6.278s] -- Up-to-date: /home/stepan/ws_ros2/install/px4_msgs/include/px4_msgs/px4_msgs/msg/detail/landing_target_pose__functions.c
[6.278s] -- Up-to-date: /home/stepan/ws_ros2/install/px4_msgs/include/px4_msgs/px4_msgs/msg/detail/log_message__functions.h
[6.278s] -- Up-to-date: /home/stepan/ws_ros2/install/px4_msgs/include/px4_msgs/px4_msgs/msg/detail/internal_combustion_engine_control__functions.h
[6.278s] -- Up-to-date: /home/stepan/ws_ros2/install/px4_msgs/include/px4_msgs/px4_msgs/msg/detail/manual_control_switches__functions.c
[6.278s] -- Up-to-date: /home/stepan/ws_ros2/install/px4_msgs/include/px4_msgs/px4_msgs/msg/detail/distance_sensor_mode_change_request__functions.h
[6.278s] -- Up-to-date: /home/stepan/ws_ros2/install/px4_msgs/include/px4_msgs/px4_msgs/msg/detail/obstacle_distance__functions.c
[6.278s] -- Up-to-date: /home/stepan/ws_ros2/install/px4_msgs/include/px4_msgs/px4_msgs/msg/detail/orb_test_medium__functions.c
[6.279s] -- Up-to-date: /home/stepan/ws_ros2/install/px4_msgs/include/px4_msgs/px4_msgs/msg/detail/rover_rate_setpoint__type_support.h
[6.279s] -- Up-to-date: /home/stepan/ws_ros2/install/px4_msgs/include/px4_msgs/px4_msgs/msg/detail/telemetry_status__struct.h
[6.279s] -- Up-to-date: /home/stepan/ws_ros2/install/px4_msgs/include/px4_msgs/px4_msgs/msg/detail/gripper__type_support.h
[6.279s] -- Up-to-date: /home/stepan/ws_ros2/install/px4_msgs/include/px4_msgs/px4_msgs/msg/detail/gpio_request__functions.h
[6.279s] -- Up-to-date: /home/stepan/ws_ros2/install/px4_msgs/include/px4_msgs/px4_msgs/msg/detail/takeoff_status__functions.h
[6.279s] -- Up-to-date: /home/stepan/ws_ros2/install/px4_msgs/include/px4_msgs/px4_msgs/msg/detail/mavlink_tunnel__type_support.h
[6.280s] -- Up-to-date: /home/stepan/ws_ros2/install/px4_msgs/include/px4_msgs/px4_msgs/msg/detail/rtl_time_estimate__struct.h
[6.280s] -- Up-to-date: /home/stepan/ws_ros2/install/px4_msgs/include/px4_msgs/px4_msgs/msg/detail/sensor_airflow__type_support.h
[6.280s] -- Up-to-date: /home/stepan/ws_ros2/install/px4_msgs/include/px4_msgs/px4_msgs/msg/detail/parameter_set_value_response__type_support.h
[6.280s] -- Up-to-date: /home/stepan/ws_ros2/install/px4_msgs/include/px4_msgs/px4_msgs/msg/detail/gimbal_manager_set_attitude__functions.c
[6.280s] -- Up-to-date: /home/stepan/ws_ros2/install/px4_msgs/include/px4_msgs/px4_msgs/msg/detail/gimbal_manager_set_manual_control__functions.c
[6.282s] -- Up-to-date: /home/stepan/ws_ros2/install/px4_msgs/include/px4_msgs/px4_msgs/msg/detail/vehicle_air_data__struct.h
[6.283s] -- Up-to-date: /home/stepan/ws_ros2/install/px4_msgs/include/px4_msgs/px4_msgs/msg/detail/gimbal_controls__type_support.h
[6.284s] -- Up-to-date: /home/stepan/ws_ros2/install/px4_msgs/include/px4_msgs/px4_msgs/msg/detail/uavcan_parameter_request__functions.h
[6.285s] -- Up-to-date: /home/stepan/ws_ros2/install/px4_msgs/include/px4_msgs/px4_msgs/msg/detail/orb_test_large__struct.h
[6.286s] -- Up-to-date: /home/stepan/ws_ros2/install/px4_msgs/include/px4_msgs/px4_msgs/msg/detail/vehicle_torque_setpoint__functions.h
[6.286s] -- Up-to-date: /home/stepan/ws_ros2/install/px4_msgs/include/px4_msgs/px4_msgs/msg/detail/gimbal_manager_information__functions.h
[6.287s] -- Up-to-date: /home/stepan/ws_ros2/install/px4_msgs/include/px4_msgs/px4_msgs/msg/detail/rover_rate_status__functions.h
[6.287s] -- Up-to-date: /home/stepan/ws_ros2/install/px4_msgs/include/px4_msgs/px4_msgs/msg/detail/estimator_aid_source1d__type_support.h
[6.287s] -- Up-to-date: /home/stepan/ws_ros2/install/px4_msgs/include/px4_msgs/px4_msgs/msg/detail/vehicle_air_data__functions.c
[6.287s] -- Up-to-date: /home/stepan/ws_ros2/install/px4_msgs/include/px4_msgs/px4_msgs/msg/detail/velocity_limits__functions.c
[6.287s] -- Up-to-date: /home/stepan/ws_ros2/install/px4_msgs/include/px4_msgs/px4_msgs/msg/detail/debug_vect__functions.h
[6.288s] -- Up-to-date: /home/stepan/ws_ros2/install/px4_msgs/include/px4_msgs/px4_msgs/msg/detail/tune_control__functions.h
[6.288s] -- Up-to-date: /home/stepan/ws_ros2/install/px4_msgs/include/px4_msgs/px4_msgs/msg/detail/vehicle_attitude__type_support.h
[6.288s] -- Up-to-date: /home/stepan/ws_ros2/install/px4_msgs/include/px4_msgs/px4_msgs/msg/detail/sensor_baro__struct.h
[6.289s] -- Up-to-date: /home/stepan/ws_ros2/install/px4_msgs/include/px4_msgs/px4_msgs/msg/detail/sensor_mag__struct.h
[6.290s] -- Up-to-date: /home/stepan/ws_ros2/install/px4_msgs/include/px4_msgs/px4_msgs/msg/detail/ekf2_timestamps__struct.h
[6.290s] -- Up-to-date: /home/stepan/ws_ros2/install/px4_msgs/include/px4_msgs/px4_msgs/msg/detail/vehicle_angular_velocity__functions.c
[6.290s] -- Up-to-date: /home/stepan/ws_ros2/install/px4_msgs/include/px4_msgs/px4_msgs/msg/detail/launch_detection_status__functions.h
[6.290s] -- Up-to-date: /home/stepan/ws_ros2/install/px4_msgs/include/px4_msgs/px4_msgs/msg/detail/open_drone_id_self_id__struct.h
[6.290s] -- Up-to-date: /home/stepan/ws_ros2/install/px4_msgs/include/px4_msgs/px4_msgs/msg/detail/actuator_test__struct.h
[6.291s] -- Up-to-date: /home/stepan/ws_ros2/install/px4_msgs/include/px4_msgs/px4_msgs/msg/detail/sensor_baro__type_support.h
[6.291s] -- Up-to-date: /home/stepan/ws_ros2/install/px4_msgs/include/px4_msgs/px4_msgs/msg/detail/message_format_response__type_support.h
[6.291s] -- Up-to-date: /home/stepan/ws_ros2/install/px4_msgs/include/px4_msgs/px4_msgs/msg/detail/wind__functions.c
[6.292s] -- Up-to-date: /home/stepan/ws_ros2/install/px4_msgs/include/px4_msgs/px4_msgs/msg/detail/vehicle_status__type_support.h
[6.292s] -- Up-to-date: /home/stepan/ws_ros2/install/px4_msgs/include/px4_msgs/px4_msgs/msg/detail/rover_throttle_setpoint__functions.c
[6.292s] -- Up-to-date: /home/stepan/ws_ros2/install/px4_msgs/include/px4_msgs/px4_msgs/msg/detail/wheel_encoders__functions.h
[6.292s] -- Up-to-date: /home/stepan/ws_ros2/install/px4_msgs/include/px4_msgs/px4_msgs/msg/detail/estimator_aid_source1d__struct.h
[6.292s] -- Up-to-date: /home/stepan/ws_ros2/install/px4_msgs/include/px4_msgs/px4_msgs/msg/detail/vehicle_attitude_setpoint__struct.h
[6.293s] -- Up-to-date: /home/stepan/ws_ros2/install/px4_msgs/include/px4_msgs/px4_msgs/msg/detail/sensor_hygrometer__type_support.h
[6.293s] -- Up-to-date: /home/stepan/ws_ros2/install/px4_msgs/include/px4_msgs/px4_msgs/msg/detail/can_interface_status__type_support.h
[6.293s] -- Up-to-date: /home/stepan/ws_ros2/install/px4_msgs/include/px4_msgs/px4_msgs/msg/detail/figure_eight_status__functions.c
[6.293s] -- Up-to-date: /home/stepan/ws_ros2/install/px4_msgs/include/px4_msgs/px4_msgs/msg/detail/telemetry_status__type_support.h
[6.293s] -- Up-to-date: /home/stepan/ws_ros2/install/px4_msgs/include/px4_msgs/px4_msgs/msg/detail/ping__type_support.h
[6.293s] -- Up-to-date: /home/stepan/ws_ros2/install/px4_msgs/include/px4_msgs/px4_msgs/msg/detail/gimbal_device_information__functions.c
[6.294s] -- Up-to-date: /home/stepan/ws_ros2/install/px4_msgs/include/px4_msgs/px4_msgs/msg/detail/task_stack_info__functions.h
[6.294s] -- Up-to-date: /home/stepan/ws_ros2/install/px4_msgs/include/px4_msgs/px4_msgs/msg/detail/launch_detection_status__functions.c
[6.294s] -- Up-to-date: /home/stepan/ws_ros2/install/px4_msgs/include/px4_msgs/px4_msgs/msg/detail/vehicle_command_ack__functions.c
[6.294s] -- Up-to-date: /home/stepan/ws_ros2/install/px4_msgs/include/px4_msgs/px4_msgs/msg/detail/vehicle_optical_flow_vel__type_support.h
[6.294s] -- Up-to-date: /home/stepan/ws_ros2/install/px4_msgs/include/px4_msgs/px4_msgs/msg/detail/message_format_request__type_support.h
[6.294s] -- Up-to-date: /home/stepan/ws_ros2/install/px4_msgs/include/px4_msgs/px4_msgs/msg/detail/tecs_status__functions.c
[6.295s] -- Up-to-date: /home/stepan/ws_ros2/install/px4_msgs/include/px4_msgs/px4_msgs/msg/detail/radio_status__type_support.h
[6.295s] -- Up-to-date: /home/stepan/ws_ros2/install/px4_msgs/include/px4_msgs/px4_msgs/msg/detail/gps_inject_data__functions.h
[6.295s] -- Up-to-date: /home/stepan/ws_ros2/install/px4_msgs/include/px4_msgs/px4_msgs/msg/detail/sensor_gyro_fifo__functions.c
[6.295s] -- Up-to-date: /home/stepan/ws_ros2/install/px4_msgs/include/px4_msgs/px4_msgs/msg/detail/rtl_status__struct.h
[6.295s] -- Up-to-date: /home/stepan/ws_ros2/install/px4_msgs/include/px4_msgs/px4_msgs/msg/detail/irlock_report__functions.c
[6.295s] -- Up-to-date: /home/stepan/ws_ros2/install/px4_msgs/include/px4_msgs/px4_msgs/msg/detail/sensor_correction__functions.c
[6.295s] -- Up-to-date: /home/stepan/ws_ros2/install/px4_msgs/include/px4_msgs/px4_msgs/msg/detail/trajectory_setpoint6dof__functions.h
[6.295s] -- Up-to-date: /home/stepan/ws_ros2/install/px4_msgs/include/px4_msgs/px4_msgs/msg/detail/cpuload__struct.h
[6.296s] -- Up-to-date: /home/stepan/ws_ros2/install/px4_msgs/include/px4_msgs/px4_msgs/msg/detail/can_interface_status__functions.c
[6.296s] -- Up-to-date: /home/stepan/ws_ros2/install/px4_msgs/include/px4_msgs/px4_msgs/msg/detail/tecs_status__functions.h
[6.296s] -- Up-to-date: /home/stepan/ws_ros2/install/px4_msgs/include/px4_msgs/px4_msgs/msg/detail/vehicle_command__functions.h
[6.296s] -- Up-to-date: /home/stepan/ws_ros2/install/px4_msgs/include/px4_msgs/px4_msgs/msg/detail/sensors_status__type_support.h
[6.296s] -- Up-to-date: /home/stepan/ws_ros2/install/px4_msgs/include/px4_msgs/px4_msgs/msg/detail/internal_combustion_engine_status__type_support.h
[6.296s] -- Up-to-date: /home/stepan/ws_ros2/install/px4_msgs/include/px4_msgs/px4_msgs/msg/detail/power_monitor__functions.h
[6.296s] -- Up-to-date: /home/stepan/ws_ros2/install/px4_msgs/include/px4_msgs/px4_msgs/msg/detail/landing_gear__functions.h
[6.297s] -- Up-to-date: /home/stepan/ws_ros2/install/px4_msgs/include/px4_msgs/px4_msgs/msg/detail/ackermann_velocity_setpoint__functions.c
[6.297s] -- Up-to-date: /home/stepan/ws_ros2/install/px4_msgs/include/px4_msgs/px4_msgs/msg/detail/mission__functions.c
[6.297s] -- Up-to-date: /home/stepan/ws_ros2/install/px4_msgs/include/px4_msgs/px4_msgs/msg/detail/geofence_result__struct.h
[6.297s] -- Up-to-date: /home/stepan/ws_ros2/install/px4_msgs/include/px4_msgs/px4_msgs/msg/detail/npfg_status__struct.h
[6.297s] -- Up-to-date: /home/stepan/ws_ros2/install/px4_msgs/include/px4_msgs/px4_msgs/msg/detail/sensor_gnss_relative__type_support.h
[6.297s] -- Up-to-date: /home/stepan/ws_ros2/install/px4_msgs/include/px4_msgs/px4_msgs/msg/detail/vehicle_roi__struct.h
[6.298s] -- Up-to-date: /home/stepan/ws_ros2/install/px4_msgs/include/px4_msgs/px4_msgs/msg/detail/heater_status__functions.c
[6.299s] -- Up-to-date: /home/stepan/ws_ros2/install/px4_msgs/include/px4_msgs/px4_msgs/msg/detail/vehicle_attitude__struct.h
[6.299s] -- Up-to-date: /home/stepan/ws_ros2/install/px4_msgs/include/px4_msgs/px4_msgs/msg/detail/can_interface_status__struct.h
[6.299s] -- Up-to-date: /home/stepan/ws_ros2/install/px4_msgs/include/px4_msgs/px4_msgs/msg/detail/ulog_stream__struct.h
[6.299s] -- Up-to-date: /home/stepan/ws_ros2/install/px4_msgs/include/px4_msgs/px4_msgs/msg/detail/landing_gear__struct.h
[6.300s] -- Up-to-date: /home/stepan/ws_ros2/install/px4_msgs/include/px4_msgs/px4_msgs/msg/detail/button_event__struct.h
[6.300s] -- Up-to-date: /home/stepan/ws_ros2/install/px4_msgs/include/px4_msgs/px4_msgs/msg/detail/home_position__struct.h
[6.301s] -- Up-to-date: /home/stepan/ws_ros2/install/px4_msgs/include/px4_msgs/px4_msgs/msg/detail/fuel_tank_status__struct.h
[6.301s] -- Up-to-date: /home/stepan/ws_ros2/install/px4_msgs/include/px4_msgs/px4_msgs/msg/detail/hover_thrust_estimate__functions.c
[6.301s] -- Up-to-date: /home/stepan/ws_ros2/install/px4_msgs/include/px4_msgs/px4_msgs/msg/detail/mount_orientation__functions.c
[6.302s] -- Up-to-date: /home/stepan/ws_ros2/install/px4_msgs/include/px4_msgs/px4_msgs/msg/detail/message_format_response__functions.c
[6.302s] -- Up-to-date: /home/stepan/ws_ros2/install/px4_msgs/include/px4_msgs/px4_msgs/msg/detail/open_drone_id_operator_id__functions.h
[6.303s] -- Up-to-date: /home/stepan/ws_ros2/install/px4_msgs/include/px4_msgs/px4_msgs/msg/detail/pure_pursuit_status__functions.h
[6.303s] -- Up-to-date: /home/stepan/ws_ros2/install/px4_msgs/include/px4_msgs/px4_msgs/msg/detail/orb_test__type_support.h
[6.303s] -- Up-to-date: /home/stepan/ws_ros2/install/px4_msgs/include/px4_msgs/px4_msgs/msg/detail/estimator_bias__functions.h
[6.303s] -- Up-to-date: /home/stepan/ws_ros2/install/px4_msgs/include/px4_msgs/px4_msgs/msg/detail/internal_combustion_engine_status__functions.c
[6.303s] -- Up-to-date: /home/stepan/ws_ros2/install/px4_msgs/include/px4_msgs/px4_msgs/msg/detail/sensor_gyro_fifo__type_support.h
[6.303s] -- Up-to-date: /home/stepan/ws_ros2/install/px4_msgs/include/px4_msgs/px4_msgs/msg/detail/vehicle_status__struct.h
[6.304s] -- Up-to-date: /home/stepan/ws_ros2/install/px4_msgs/include/px4_msgs/px4_msgs/msg/detail/register_ext_component_reply__struct.h
[6.304s] -- Up-to-date: /home/stepan/ws_ros2/install/px4_msgs/include/px4_msgs/px4_msgs/msg/detail/config_overrides__struct.h
[6.304s] -- Up-to-date: /home/stepan/ws_ros2/install/px4_msgs/include/px4_msgs/px4_msgs/msg/detail/geofence_status__struct.h
[6.304s] -- Up-to-date: /home/stepan/ws_ros2/install/px4_msgs/include/px4_msgs/px4_msgs/msg/detail/px4io_status__struct.h
[6.304s] -- Up-to-date: /home/stepan/ws_ros2/install/px4_msgs/include/px4_msgs/px4_msgs/msg/detail/vehicle_imu_status__struct.h
[6.304s] -- Up-to-date: /home/stepan/ws_ros2/install/px4_msgs/include/px4_msgs/px4_msgs/msg/detail/sensor_gyro__functions.h
[6.304s] -- Up-to-date: /home/stepan/ws_ros2/install/px4_msgs/include/px4_msgs/px4_msgs/msg/detail/manual_control_switches__struct.h
[6.304s] -- Up-to-date: /home/stepan/ws_ros2/install/px4_msgs/include/px4_msgs/px4_msgs/msg/detail/rate_ctrl_status__functions.c
[6.305s] -- Up-to-date: /home/stepan/ws_ros2/install/px4_msgs/include/px4_msgs/px4_msgs/msg/detail/gimbal_device_set_attitude__type_support.h
[6.305s] -- Up-to-date: /home/stepan/ws_ros2/install/px4_msgs/include/px4_msgs/px4_msgs/msg/detail/vehicle_land_detected__type_support.h
[6.305s] -- Up-to-date: /home/stepan/ws_ros2/install/px4_msgs/include/px4_msgs/px4_msgs/msg/detail/vehicle_magnetometer__type_support.h
[6.306s] -- Up-to-date: /home/stepan/ws_ros2/install/px4_msgs/include/px4_msgs/px4_msgs/msg/detail/actuator_servos__functions.c
[6.307s] -- Up-to-date: /home/stepan/ws_ros2/install/px4_msgs/include/px4_msgs/px4_msgs/msg/detail/ping__struct.h
[6.307s] -- Up-to-date: /home/stepan/ws_ros2/install/px4_msgs/include/px4_msgs/px4_msgs/msg/detail/satellite_info__struct.h
[6.308s] -- Up-to-date: /home/stepan/ws_ros2/install/px4_msgs/include/px4_msgs/px4_msgs/msg/detail/gimbal_manager_status__functions.c
[6.308s] -- Up-to-date: /home/stepan/ws_ros2/install/px4_msgs/include/px4_msgs/px4_msgs/msg/detail/timesync_status__functions.c
[6.308s] -- Up-to-date: /home/stepan/ws_ros2/install/px4_msgs/include/px4_msgs/px4_msgs/msg/detail/vehicle_constraints__struct.h
[6.309s] -- Up-to-date: /home/stepan/ws_ros2/install/px4_msgs/include/px4_msgs/px4_msgs/msg/detail/manual_control_setpoint__functions.c
[6.309s] -- Up-to-date: /home/stepan/ws_ros2/install/px4_msgs/include/px4_msgs/px4_msgs/msg/detail/dataman_response__functions.h
[6.309s] -- Up-to-date: /home/stepan/ws_ros2/install/px4_msgs/include/px4_msgs/px4_msgs/msg/detail/open_drone_id_system__struct.h
[6.309s] -- Up-to-date: /home/stepan/ws_ros2/install/px4_msgs/include/px4_msgs/px4_msgs/msg/detail/estimator_event_flags__struct.h
[6.309s] -- Up-to-date: /home/stepan/ws_ros2/install/px4_msgs/include/px4_msgs/px4_msgs/msg/detail/estimator_bias__type_support.h
[6.310s] -- Up-to-date: /home/stepan/ws_ros2/install/px4_msgs/include/px4_msgs/px4_msgs/msg/detail/onboard_computer_status__functions.c
[6.310s] -- Up-to-date: /home/stepan/ws_ros2/install/px4_msgs/include/px4_msgs/px4_msgs/msg/detail/gimbal_manager_set_manual_control__functions.h
[6.310s] -- Up-to-date: /home/stepan/ws_ros2/install/px4_msgs/include/px4_msgs/px4_msgs/msg/detail/trajectory_setpoint__type_support.h
[6.310s] -- Up-to-date: /home/stepan/ws_ros2/install/px4_msgs/include/px4_msgs/px4_msgs/msg/detail/fuel_tank_status__type_support.h
[6.310s] -- Up-to-date: /home/stepan/ws_ros2/install/px4_msgs/include/px4_msgs/px4_msgs/msg/detail/tiltrotor_extra_controls__functions.c
[6.310s] -- Up-to-date: /home/stepan/ws_ros2/install/px4_msgs/include/px4_msgs/px4_msgs/msg/detail/rc_channels__functions.c
[6.311s] -- Up-to-date: /home/stepan/ws_ros2/install/px4_msgs/include/px4_msgs/px4_msgs/msg/detail/estimator_status__type_support.h
[6.311s] -- Up-to-date: /home/stepan/ws_ros2/install/px4_msgs/include/px4_msgs/px4_msgs/msg/detail/rc_channels__struct.h
[6.311s] -- Up-to-date: /home/stepan/ws_ros2/install/px4_msgs/include/px4_msgs/px4_msgs/msg/detail/open_drone_id_self_id__type_support.h
[6.311s] -- Up-to-date: /home/stepan/ws_ros2/install/px4_msgs/include/px4_msgs/px4_msgs/msg/detail/vehicle_attitude__functions.c
[6.311s] -- Up-to-date: /home/stepan/ws_ros2/install/px4_msgs/include/px4_msgs/px4_msgs/msg/navigator_mission_item.h
[6.311s] -- Up-to-date: /home/stepan/ws_ros2/install/px4_msgs/include/px4_msgs/px4_msgs/msg/sensor_preflight_mag.h
[6.312s] -- Up-to-date: /home/stepan/ws_ros2/install/px4_msgs/include/px4_msgs/px4_msgs/msg/pps_capture.h
[6.312s] -- Up-to-date: /home/stepan/ws_ros2/install/px4_msgs/include/px4_msgs/px4_msgs/msg/rpm.h
[6.312s] -- Up-to-date: /home/stepan/ws_ros2/install/px4_msgs/include/px4_msgs/px4_msgs/msg/uavcan_parameter_request.h
[6.312s] -- Up-to-date: /home/stepan/ws_ros2/install/px4_msgs/include/px4_msgs/px4_msgs/msg/collision_constraints.h
[6.312s] -- Up-to-date: /home/stepan/ws_ros2/install/px4_msgs/include/px4_msgs/px4_msgs/msg/failure_detector_status.h
[6.312s] -- Up-to-date: /home/stepan/ws_ros2/install/px4_msgs/include/px4_msgs/px4_msgs/msg/manual_control_switches.h
[6.312s] -- Up-to-date: /home/stepan/ws_ros2/install/px4_msgs/include/px4_msgs/px4_msgs/msg/mount_orientation.h
[6.312s] -- Up-to-date: /home/stepan/ws_ros2/install/px4_msgs/include/px4_msgs/px4_msgs/msg/vehicle_attitude_setpoint.h
[6.312s] -- Up-to-date: /home/stepan/ws_ros2/install/px4_msgs/include/px4_msgs/px4_msgs/msg/vehicle_magnetometer.h
[6.313s] -- Up-to-date: /home/stepan/ws_ros2/install/px4_msgs/include/px4_msgs/px4_msgs/msg/obstacle_distance.h
[6.313s] -- Up-to-date: /home/stepan/ws_ros2/install/px4_msgs/include/px4_msgs/px4_msgs/msg/telemetry_status.h
[6.313s] -- Up-to-date: /home/stepan/ws_ros2/install/px4_msgs/include/px4_msgs/px4_msgs/msg/rover_rate_status.h
[6.313s] -- Up-to-date: /home/stepan/ws_ros2/install/px4_msgs/include/px4_msgs/px4_msgs/msg/vehicle_roi.h
[6.313s] -- Up-to-date: /home/stepan/ws_ros2/install/px4_msgs/include/px4_msgs/px4_msgs/msg/follow_target_status.h
[6.313s] -- Up-to-date: /home/stepan/ws_ros2/install/px4_msgs/include/px4_msgs/px4_msgs/msg/orb_test_large.h
[6.314s] -- Up-to-date: /home/stepan/ws_ros2/install/px4_msgs/include/px4_msgs/px4_msgs/msg/onboard_computer_status.h
[6.314s] -- Up-to-date: /home/stepan/ws_ros2/install/px4_msgs/include/px4_msgs/px4_msgs/msg/camera_capture.h
[6.314s] -- Up-to-date: /home/stepan/ws_ros2/install/px4_msgs/include/px4_msgs/px4_msgs/msg/normalized_unsigned_setpoint.h
[6.314s] -- Up-to-date: /home/stepan/ws_ros2/install/px4_msgs/include/px4_msgs/px4_msgs/msg/vehicle_acceleration.h
[6.314s] -- Up-to-date: /home/stepan/ws_ros2/install/px4_msgs/include/px4_msgs/px4_msgs/msg/rtl_time_estimate.h
[6.315s] -- Up-to-date: /home/stepan/ws_ros2/install/px4_msgs/include/px4_msgs/px4_msgs/msg/task_stack_info.h
[6.315s] -- Up-to-date: /home/stepan/ws_ros2/install/px4_msgs/include/px4_msgs/px4_msgs/msg/dataman_request.h
[6.315s] -- Up-to-date: /home/stepan/ws_ros2/install/px4_msgs/include/px4_msgs/px4_msgs/msg/npfg_status.h
[6.315s] -- Up-to-date: /home/stepan/ws_ros2/install/px4_msgs/include/px4_msgs/px4_msgs/msg/esc_status.h
[6.315s] -- Up-to-date: /home/stepan/ws_ros2/install/px4_msgs/include/px4_msgs/px4_msgs/msg/estimator_aid_source2d.h
[6.316s] -- Up-to-date: /home/stepan/ws_ros2/install/px4_msgs/include/px4_msgs/px4_msgs/msg/distance_sensor.h
[6.316s] -- Up-to-date: /home/stepan/ws_ros2/install/px4_msgs/include/px4_msgs/px4_msgs/msg/iridiumsbd_status.h
[6.316s] -- Up-to-date: /home/stepan/ws_ros2/install/px4_msgs/include/px4_msgs/px4_msgs/msg/vehicle_thrust_setpoint.h
[6.317s] -- Up-to-date: /home/stepan/ws_ros2/install/px4_msgs/include/px4_msgs/px4_msgs/msg/mavlink_log.h
[6.317s] -- Up-to-date: /home/stepan/ws_ros2/install/px4_msgs/include/px4_msgs/px4_msgs/msg/gpio_config.h
[6.317s] -- Up-to-date: /home/stepan/ws_ros2/install/px4_msgs/include/px4_msgs/px4_msgs/msg/rosidl_generator_c__visibility_control.h
[6.317s] -- Up-to-date: /home/stepan/ws_ros2/install/px4_msgs/include/px4_msgs/px4_msgs/msg/vehicle_local_position_setpoint.h
[6.317s] -- Up-to-date: /home/stepan/ws_ros2/install/px4_msgs/include/px4_msgs/px4_msgs/msg/rover_steering_setpoint.h
[6.317s] -- Up-to-date: /home/stepan/ws_ros2/install/px4_msgs/include/px4_msgs/px4_msgs/msg/px4io_status.h
[6.318s] -- Up-to-date: /home/stepan/ws_ros2/install/px4_msgs/include/px4_msgs/px4_msgs/msg/estimator_innovations.h
[6.318s] -- Up-to-date: /home/stepan/ws_ros2/install/px4_msgs/include/px4_msgs/px4_msgs/msg/internal_combustion_engine_status.h
[6.318s] -- Up-to-date: /home/stepan/ws_ros2/install/px4_msgs/include/px4_msgs/px4_msgs/msg/vehicle_angular_acceleration_setpoint.h
[6.318s] -- Up-to-date: /home/stepan/ws_ros2/install/px4_msgs/include/px4_msgs/px4_msgs/msg/mission_result.h
[6.319s] -- Up-to-date: /home/stepan/ws_ros2/install/px4_msgs/include/px4_msgs/px4_msgs/msg/sensor_uwb.h
[6.319s] -- Up-to-date: /home/stepan/ws_ros2/install/px4_msgs/include/px4_msgs/px4_msgs/msg/sensor_hygrometer.h
[6.319s] -- Up-to-date: /home/stepan/ws_ros2/install/px4_msgs/include/px4_msgs/px4_msgs/msg/rover_velocity_status.h
[6.319s] -- Up-to-date: /home/stepan/ws_ros2/install/px4_msgs/include/px4_msgs/px4_msgs/msg/parameter_set_value_response.h
[6.319s] -- Up-to-date: /home/stepan/ws_ros2/install/px4_msgs/include/px4_msgs/px4_msgs/msg/open_drone_id_arm_status.h
[6.319s] -- Up-to-date: /home/stepan/ws_ros2/install/px4_msgs/include/px4_msgs/px4_msgs/msg/sensor_baro.h
[6.319s] -- Up-to-date: /home/stepan/ws_ros2/install/px4_msgs/include/px4_msgs/px4_msgs/msg/flight_phase_estimation.h
[6.319s] -- Up-to-date: /home/stepan/ws_ros2/install/px4_msgs/include/px4_msgs/px4_msgs/msg/actuator_test.h
[6.320s] -- Up-to-date: /home/stepan/ws_ros2/install/px4_msgs/include/px4_msgs/px4_msgs/msg/mag_worker_data.h
[6.320s] -- Up-to-date: /home/stepan/ws_ros2/install/px4_msgs/include/px4_msgs/px4_msgs/msg/estimator_bias3d.h
[6.320s] -- Up-to-date: /home/stepan/ws_ros2/install/px4_msgs/include/px4_msgs/px4_msgs/msg/logger_status.h
[6.320s] -- Up-to-date: /home/stepan/ws_ros2/install/px4_msgs/include/px4_msgs/px4_msgs/msg/tiltrotor_extra_controls.h
[6.320s] -- Up-to-date: /home/stepan/ws_ros2/install/px4_msgs/include/px4_msgs/px4_msgs/msg/rc_parameter_map.h
[6.320s] -- Up-to-date: /home/stepan/ws_ros2/install/px4_msgs/include/px4_msgs/px4_msgs/msg/vehicle_constraints.h
[6.320s] -- Up-to-date: /home/stepan/ws_ros2/install/px4_msgs/include/px4_msgs/px4_msgs/msg/sensor_gps.h
[6.320s] -- Up-to-date: /home/stepan/ws_ros2/install/px4_msgs/include/px4_msgs/px4_msgs/msg/estimator_status_flags.h
[6.321s] -- Up-to-date: /home/stepan/ws_ros2/install/px4_msgs/include/px4_msgs/px4_msgs/msg/airspeed_validated.h
[6.321s] -- Up-to-date: /home/stepan/ws_ros2/install/px4_msgs/include/px4_msgs/px4_msgs/msg/pwm_input.h
[6.321s] -- Up-to-date: /home/stepan/ws_ros2/install/px4_msgs/include/px4_msgs/px4_msgs/msg/wheel_encoders.h
[6.321s] -- Up-to-date: /home/stepan/ws_ros2/install/px4_msgs/include/px4_msgs/px4_msgs/msg/position_setpoint_triplet.h
[6.321s] -- Up-to-date: /home/stepan/ws_ros2/install/px4_msgs/include/px4_msgs/px4_msgs/msg/vehicle_global_position.h
[6.322s] -- Up-to-date: /home/stepan/ws_ros2/install/px4_msgs/include/px4_msgs/px4_msgs/msg/internal_combustion_engine_control.h
[6.322s] -- Up-to-date: /home/stepan/ws_ros2/install/px4_msgs/include/px4_msgs/px4_msgs/msg/sensor_mag.h
[6.322s] -- Up-to-date: /home/stepan/ws_ros2/install/px4_msgs/include/px4_msgs/px4_msgs/msg/takeoff_status.h
[6.323s] -- Up-to-date: /home/stepan/ws_ros2/install/px4_msgs/include/px4_msgs/px4_msgs/msg/radio_status.h
[6.323s] -- Up-to-date: /home/stepan/ws_ros2/install/px4_msgs/include/px4_msgs/px4_msgs/msg/message_format_response.h
[6.323s] -- Up-to-date: /home/stepan/ws_ros2/install/px4_msgs/include/px4_msgs/px4_msgs/msg/timesync_status.h
[6.323s] -- Up-to-date: /home/stepan/ws_ros2/install/px4_msgs/include/px4_msgs/px4_msgs/msg/estimator_gps_status.h
[6.324s] -- Up-to-date: /home/stepan/ws_ros2/install/px4_msgs/include/px4_msgs/px4_msgs/msg/gpio_out.h
[6.324s] -- Up-to-date: /home/stepan/ws_ros2/install/px4_msgs/include/px4_msgs/px4_msgs/msg/open_drone_id_operator_id.h
[6.324s] -- Up-to-date: /home/stepan/ws_ros2/install/px4_msgs/include/px4_msgs/px4_msgs/msg/debug_vect.h
[6.324s] -- Up-to-date: /home/stepan/ws_ros2/install/px4_msgs/include/px4_msgs/px4_msgs/msg/vehicle_angular_velocity.h
[6.325s] -- Up-to-date: /home/stepan/ws_ros2/install/px4_msgs/include/px4_msgs/px4_msgs/msg/vehicle_control_mode.h
[6.325s] -- Up-to-date: /home/stepan/ws_ros2/install/px4_msgs/include/px4_msgs/px4_msgs/msg/open_drone_id_self_id.h
[6.325s] -- Up-to-date: /home/stepan/ws_ros2/install/px4_msgs/include/px4_msgs/px4_msgs/msg/event.h
[6.326s] -- Up-to-date: /home/stepan/ws_ros2/install/px4_msgs/include/px4_msgs/px4_msgs/msg/parameter_set_value_request.h
[6.326s] -- Up-to-date: /home/stepan/ws_ros2/install/px4_msgs/include/px4_msgs/px4_msgs/msg/actuator_armed.h
[6.326s] -- Up-to-date: /home/stepan/ws_ros2/install/px4_msgs/include/px4_msgs/px4_msgs/msg/landing_gear.h
[6.327s] -- Up-to-date: /home/stepan/ws_ros2/install/px4_msgs/include/px4_msgs/px4_msgs/msg/gimbal_device_attitude_status.h
[6.327s] -- Up-to-date: /home/stepan/ws_ros2/install/px4_msgs/include/px4_msgs/px4_msgs/msg/gps_dump.h
[6.327s] -- Up-to-date: /home/stepan/ws_ros2/install/px4_msgs/include/px4_msgs/px4_msgs/msg/sensor_accel.h
[6.327s] -- Up-to-date: /home/stepan/ws_ros2/install/px4_msgs/include/px4_msgs/px4_msgs/msg/goto_setpoint.h
[6.327s] -- Up-to-date: /home/stepan/ws_ros2/install/px4_msgs/include/px4_msgs/px4_msgs/msg/gimbal_manager_information.h
[6.328s] -- Up-to-date: /home/stepan/ws_ros2/install/px4_msgs/include/px4_msgs/px4_msgs/msg/yaw_estimator_status.h
[6.328s] -- Up-to-date: /home/stepan/ws_ros2/install/px4_msgs/include/px4_msgs/px4_msgs/msg/trajectory_setpoint6dof.h
[6.328s] -- Up-to-date: /home/stepan/ws_ros2/install/px4_msgs/include/px4_msgs/px4_msgs/msg/vehicle_local_position.h
[6.328s] -- Up-to-date: /home/stepan/ws_ros2/install/px4_msgs/include/px4_msgs/px4_msgs/msg/sensor_gyro_fft.h
[6.328s] -- Up-to-date: /home/stepan/ws_ros2/install/px4_msgs/include/px4_msgs/px4_msgs/msg/estimator_event_flags.h
[6.328s] -- Up-to-date: /home/stepan/ws_ros2/install/px4_msgs/include/px4_msgs/px4_msgs/msg/ekf2_timestamps.h
[6.329s] -- Up-to-date: /home/stepan/ws_ros2/install/px4_msgs/include/px4_msgs/px4_msgs/msg/cellular_status.h
[6.329s] -- Up-to-date: /home/stepan/ws_ros2/install/px4_msgs/include/px4_msgs/px4_msgs/msg/fuel_tank_status.h
[6.329s] -- Up-to-date: /home/stepan/ws_ros2/install/px4_msgs/include/px4_msgs/px4_msgs/msg/vehicle_command_ack.h
[6.329s] -- Up-to-date: /home/stepan/ws_ros2/install/px4_msgs/include/px4_msgs/px4_msgs/msg/cpuload.h
[6.329s] -- Up-to-date: /home/stepan/ws_ros2/install/px4_msgs/include/px4_msgs/px4_msgs/msg/tune_control.h
[6.329s] -- Up-to-date: /home/stepan/ws_ros2/install/px4_msgs/include/px4_msgs/px4_msgs/msg/rtl_status.h
[6.329s] -- Up-to-date: /home/stepan/ws_ros2/install/px4_msgs/include/px4_msgs/px4_msgs/msg/geofence_status.h
[6.330s] -- Up-to-date: /home/stepan/ws_ros2/install/px4_msgs/include/px4_msgs/px4_msgs/msg/ping.h
[6.330s] -- Up-to-date: /home/stepan/ws_ros2/install/px4_msgs/include/px4_msgs/px4_msgs/msg/offboard_control_mode.h
[6.330s] -- Up-to-date: /home/stepan/ws_ros2/install/px4_msgs/include/px4_msgs/px4_msgs/msg/landing_target_pose.h
[6.330s] -- Up-to-date: /home/stepan/ws_ros2/install/px4_msgs/include/px4_msgs/px4_msgs/msg/estimator_sensor_bias.h
[6.330s] -- Up-to-date: /home/stepan/ws_ros2/install/px4_msgs/include/px4_msgs/px4_msgs/msg/arming_check_reply.h
[6.330s] -- Up-to-date: /home/stepan/ws_ros2/install/px4_msgs/include/px4_msgs/px4_msgs/msg/button_event.h
[6.331s] -- Up-to-date: /home/stepan/ws_ros2/install/px4_msgs/include/px4_msgs/px4_msgs/msg/vehicle_command.h
[6.331s] -- Up-to-date: /home/stepan/ws_ros2/install/px4_msgs/include/px4_msgs/px4_msgs/msg/ulog_stream.h
[6.331s] -- Up-to-date: /home/stepan/ws_ros2/install/px4_msgs/include/px4_msgs/px4_msgs/msg/orbit_status.h
[6.331s] -- Up-to-date: /home/stepan/ws_ros2/install/px4_msgs/include/px4_msgs/px4_msgs/msg/gripper.h
[6.331s] -- Up-to-date: /home/stepan/ws_ros2/install/px4_msgs/include/px4_msgs/px4_msgs/msg/gimbal_device_set_attitude.h
[6.331s] -- Up-to-date: /home/stepan/ws_ros2/install/px4_msgs/include/px4_msgs/px4_msgs/msg/open_drone_id_system.h
[6.332s] -- Up-to-date: /home/stepan/ws_ros2/install/px4_msgs/include/px4_msgs/px4_msgs/msg/debug_value.h
[6.332s] -- Up-to-date: /home/stepan/ws_ros2/install/px4_msgs/include/px4_msgs/px4_msgs/msg/rover_attitude_status.h
[6.332s] -- Up-to-date: /home/stepan/ws_ros2/install/px4_msgs/include/px4_msgs/px4_msgs/msg/health_report.h
[6.332s] -- Up-to-date: /home/stepan/ws_ros2/install/px4_msgs/include/px4_msgs/px4_msgs/msg/mavlink_tunnel.h
[6.332s] -- Up-to-date: /home/stepan/ws_ros2/install/px4_msgs/include/px4_msgs/px4_msgs/msg/vehicle_status.h
[6.332s] -- Up-to-date: /home/stepan/ws_ros2/install/px4_msgs/include/px4_msgs/px4_msgs/msg/figure_eight_status.h
[6.332s] -- Up-to-date: /home/stepan/ws_ros2/install/px4_msgs/include/px4_msgs/px4_msgs/msg/ulog_stream_ack.h
[6.332s] -- Up-to-date: /home/stepan/ws_ros2/install/px4_msgs/include/px4_msgs/px4_msgs/msg/actuator_outputs.h
[6.333s] -- Up-to-date: /home/stepan/ws_ros2/install/px4_msgs/include/px4_msgs/px4_msgs/msg/pure_pursuit_status.h
[6.333s] -- Up-to-date: /home/stepan/ws_ros2/install/px4_msgs/include/px4_msgs/px4_msgs/msg/vehicle_optical_flow_vel.h
[6.333s] -- Up-to-date: /home/stepan/ws_ros2/install/px4_msgs/include/px4_msgs/px4_msgs/msg/estimator_states.h
[6.334s] -- Up-to-date: /home/stepan/ws_ros2/install/px4_msgs/include/px4_msgs/px4_msgs/srv
[6.334s] -- Up-to-date: /home/stepan/ws_ros2/install/px4_msgs/include/px4_msgs/px4_msgs/srv/detail
[6.334s] -- Up-to-date: /home/stepan/ws_ros2/install/px4_msgs/include/px4_msgs/px4_msgs/srv/detail/vehicle_command__type_support.h
[6.334s] -- Up-to-date: /home/stepan/ws_ros2/install/px4_msgs/include/px4_msgs/px4_msgs/srv/detail/vehicle_command__functions.c
[6.335s] -- Up-to-date: /home/stepan/ws_ros2/install/px4_msgs/include/px4_msgs/px4_msgs/srv/detail/vehicle_command__struct.h
[6.336s] -- Up-to-date: /home/stepan/ws_ros2/install/px4_msgs/include/px4_msgs/px4_msgs/srv/detail/vehicle_command__functions.h
[6.336s] -- Up-to-date: /home/stepan/ws_ros2/install/px4_msgs/include/px4_msgs/px4_msgs/srv/vehicle_command.h
[6.336s] -- Up-to-date: /home/stepan/ws_ros2/install/px4_msgs/share/px4_msgs/environment/library_path.sh
[6.337s] -- Up-to-date: /home/stepan/ws_ros2/install/px4_msgs/share/px4_msgs/environment/library_path.dsv
[6.337s] -- Up-to-date: /home/stepan/ws_ros2/install/px4_msgs/lib/libpx4_msgs__rosidl_generator_c.so
[6.337s] -- Up-to-date: /home/stepan/ws_ros2/install/px4_msgs/include/px4_msgs/px4_msgs
[6.338s] -- Up-to-date: /home/stepan/ws_ros2/install/px4_msgs/include/px4_msgs/px4_msgs/msg
[6.338s] -- Up-to-date: /home/stepan/ws_ros2/install/px4_msgs/include/px4_msgs/px4_msgs/msg/detail
[6.338s] -- Up-to-date: /home/stepan/ws_ros2/install/px4_msgs/include/px4_msgs/px4_msgs/msg/detail/estimator_states__rosidl_typesupport_fastrtps_c.h
[6.338s] -- Up-to-date: /home/stepan/ws_ros2/install/px4_msgs/include/px4_msgs/px4_msgs/msg/detail/gimbal_device_set_attitude__rosidl_typesupport_fastrtps_c.h
[6.339s] -- Up-to-date: /home/stepan/ws_ros2/install/px4_msgs/include/px4_msgs/px4_msgs/msg/detail/landing_target_innovations__rosidl_typesupport_fastrtps_c.h
[6.339s] -- Up-to-date: /home/stepan/ws_ros2/install/px4_msgs/include/px4_msgs/px4_msgs/msg/detail/uavcan_parameter_value__rosidl_typesupport_fastrtps_c.h
[6.340s] -- Up-to-date: /home/stepan/ws_ros2/install/px4_msgs/include/px4_msgs/px4_msgs/msg/detail/vehicle_command__rosidl_typesupport_fastrtps_c.h
[6.340s] -- Up-to-date: /home/stepan/ws_ros2/install/px4_msgs/include/px4_msgs/px4_msgs/msg/detail/vehicle_angular_acceleration_setpoint__rosidl_typesupport_fastrtps_c.h
[6.340s] -- Up-to-date: /home/stepan/ws_ros2/install/px4_msgs/include/px4_msgs/px4_msgs/msg/detail/open_drone_id_self_id__rosidl_typesupport_fastrtps_c.h
[6.341s] -- Up-to-date: /home/stepan/ws_ros2/install/px4_msgs/include/px4_msgs/px4_msgs/msg/detail/pure_pursuit_status__rosidl_typesupport_fastrtps_c.h
[6.341s] -- Up-to-date: /home/stepan/ws_ros2/install/px4_msgs/include/px4_msgs/px4_msgs/msg/detail/ulog_stream_ack__rosidl_typesupport_fastrtps_c.h
[6.342s] -- Up-to-date: /home/stepan/ws_ros2/install/px4_msgs/include/px4_msgs/px4_msgs/msg/detail/estimator_event_flags__rosidl_typesupport_fastrtps_c.h
[6.342s] -- Up-to-date: /home/stepan/ws_ros2/install/px4_msgs/include/px4_msgs/px4_msgs/msg/detail/sensor_mag__rosidl_typesupport_fastrtps_c.h
[6.343s] -- Up-to-date: /home/stepan/ws_ros2/install/px4_msgs/include/px4_msgs/px4_msgs/msg/detail/rpm__rosidl_typesupport_fastrtps_c.h
[6.343s] -- Up-to-date: /home/stepan/ws_ros2/install/px4_msgs/include/px4_msgs/px4_msgs/msg/detail/esc_status__rosidl_typesupport_fastrtps_c.h
[6.343s] -- Up-to-date: /home/stepan/ws_ros2/install/px4_msgs/include/px4_msgs/px4_msgs/msg/detail/sensor_gyro_fft__rosidl_typesupport_fastrtps_c.h
[6.343s] -- Up-to-date: /home/stepan/ws_ros2/install/px4_msgs/include/px4_msgs/px4_msgs/msg/detail/estimator_status_flags__rosidl_typesupport_fastrtps_c.h
[6.343s] -- Up-to-date: /home/stepan/ws_ros2/install/px4_msgs/include/px4_msgs/px4_msgs/msg/detail/sensor_baro__rosidl_typesupport_fastrtps_c.h
[6.344s] -- Up-to-date: /home/stepan/ws_ros2/install/px4_msgs/include/px4_msgs/px4_msgs/msg/detail/airspeed__rosidl_typesupport_fastrtps_c.h
[6.344s] -- Up-to-date: /home/stepan/ws_ros2/install/px4_msgs/include/px4_msgs/px4_msgs/msg/detail/vehicle_control_mode__rosidl_typesupport_fastrtps_c.h
[6.344s] -- Up-to-date: /home/stepan/ws_ros2/install/px4_msgs/include/px4_msgs/px4_msgs/msg/detail/vtol_vehicle_status__rosidl_typesupport_fastrtps_c.h
[6.344s] -- Up-to-date: /home/stepan/ws_ros2/install/px4_msgs/include/px4_msgs/px4_msgs/msg/detail/offboard_control_mode__rosidl_typesupport_fastrtps_c.h
[6.344s] -- Up-to-date: /home/stepan/ws_ros2/install/px4_msgs/include/px4_msgs/px4_msgs/msg/detail/differential_pressure__rosidl_typesupport_fastrtps_c.h
[6.344s] -- Up-to-date: /home/stepan/ws_ros2/install/px4_msgs/include/px4_msgs/px4_msgs/msg/detail/orb_test_large__rosidl_typesupport_fastrtps_c.h
[6.344s] -- Up-to-date: /home/stepan/ws_ros2/install/px4_msgs/include/px4_msgs/px4_msgs/msg/detail/internal_combustion_engine_status__rosidl_typesupport_fastrtps_c.h
[6.345s] -- Up-to-date: /home/stepan/ws_ros2/install/px4_msgs/include/px4_msgs/px4_msgs/msg/detail/vehicle_optical_flow__rosidl_typesupport_fastrtps_c.h
[6.345s] -- Up-to-date: /home/stepan/ws_ros2/install/px4_msgs/include/px4_msgs/px4_msgs/msg/detail/estimator_selector_status__rosidl_typesupport_fastrtps_c.h
[6.345s] -- Up-to-date: /home/stepan/ws_ros2/install/px4_msgs/include/px4_msgs/px4_msgs/msg/detail/power_monitor__rosidl_typesupport_fastrtps_c.h
[6.345s] -- Up-to-date: /home/stepan/ws_ros2/install/px4_msgs/include/px4_msgs/px4_msgs/msg/detail/open_drone_id_arm_status__rosidl_typesupport_fastrtps_c.h
[6.345s] -- Up-to-date: /home/stepan/ws_ros2/install/px4_msgs/include/px4_msgs/px4_msgs/msg/detail/debug_vect__rosidl_typesupport_fastrtps_c.h
[6.345s] -- Up-to-date: /home/stepan/ws_ros2/install/px4_msgs/include/px4_msgs/px4_msgs/msg/detail/vehicle_imu__rosidl_typesupport_fastrtps_c.h
[6.345s] -- Up-to-date: /home/stepan/ws_ros2/install/px4_msgs/include/px4_msgs/px4_msgs/msg/detail/adc_report__rosidl_typesupport_fastrtps_c.h
[6.346s] -- Up-to-date: /home/stepan/ws_ros2/install/px4_msgs/include/px4_msgs/px4_msgs/msg/detail/dataman_response__rosidl_typesupport_fastrtps_c.h
[6.346s] -- Up-to-date: /home/stepan/ws_ros2/install/px4_msgs/include/px4_msgs/px4_msgs/msg/detail/gimbal_manager_information__rosidl_typesupport_fastrtps_c.h
[6.346s] -- Up-to-date: /home/stepan/ws_ros2/install/px4_msgs/include/px4_msgs/px4_msgs/msg/detail/vehicle_air_data__rosidl_typesupport_fastrtps_c.h
[6.346s] -- Up-to-date: /home/stepan/ws_ros2/install/px4_msgs/include/px4_msgs/px4_msgs/msg/detail/parameter_set_value_request__rosidl_typesupport_fastrtps_c.h
[6.346s] -- Up-to-date: /home/stepan/ws_ros2/install/px4_msgs/include/px4_msgs/px4_msgs/msg/detail/config_overrides__rosidl_typesupport_fastrtps_c.h
[6.347s] -- Up-to-date: /home/stepan/ws_ros2/install/px4_msgs/include/px4_msgs/px4_msgs/msg/detail/navigator_mission_item__rosidl_typesupport_fastrtps_c.h
[6.347s] -- Up-to-date: /home/stepan/ws_ros2/install/px4_msgs/include/px4_msgs/px4_msgs/msg/detail/debug_key_value__rosidl_typesupport_fastrtps_c.h
[6.347s] -- Up-to-date: /home/stepan/ws_ros2/install/px4_msgs/include/px4_msgs/px4_msgs/msg/detail/arming_check_reply__rosidl_typesupport_fastrtps_c.h
[6.347s] -- Up-to-date: /home/stepan/ws_ros2/install/px4_msgs/include/px4_msgs/px4_msgs/msg/detail/camera_capture__rosidl_typesupport_fastrtps_c.h
[6.347s] -- Up-to-date: /home/stepan/ws_ros2/install/px4_msgs/include/px4_msgs/px4_msgs/msg/detail/cellular_status__rosidl_typesupport_fastrtps_c.h
[6.347s] -- Up-to-date: /home/stepan/ws_ros2/install/px4_msgs/include/px4_msgs/px4_msgs/msg/detail/sensor_correction__rosidl_typesupport_fastrtps_c.h
[6.348s] -- Up-to-date: /home/stepan/ws_ros2/install/px4_msgs/include/px4_msgs/px4_msgs/msg/detail/camera_status__rosidl_typesupport_fastrtps_c.h
[6.348s] -- Up-to-date: /home/stepan/ws_ros2/install/px4_msgs/include/px4_msgs/px4_msgs/msg/detail/landing_gear__rosidl_typesupport_fastrtps_c.h
[6.348s] -- Up-to-date: /home/stepan/ws_ros2/install/px4_msgs/include/px4_msgs/px4_msgs/msg/detail/onboard_computer_status__rosidl_typesupport_fastrtps_c.h
[6.348s] -- Up-to-date: /home/stepan/ws_ros2/install/px4_msgs/include/px4_msgs/px4_msgs/msg/detail/failure_detector_status__rosidl_typesupport_fastrtps_c.h
[6.348s] -- Up-to-date: /home/stepan/ws_ros2/install/px4_msgs/include/px4_msgs/px4_msgs/msg/detail/rate_ctrl_status__rosidl_typesupport_fastrtps_c.h
[6.348s] -- Up-to-date: /home/stepan/ws_ros2/install/px4_msgs/include/px4_msgs/px4_msgs/msg/detail/sensor_gyro_fifo__rosidl_typesupport_fastrtps_c.h
[6.348s] -- Up-to-date: /home/stepan/ws_ros2/install/px4_msgs/include/px4_msgs/px4_msgs/msg/detail/sensor_gnss_relative__rosidl_typesupport_fastrtps_c.h
[6.348s] -- Up-to-date: /home/stepan/ws_ros2/install/px4_msgs/include/px4_msgs/px4_msgs/msg/detail/rtl_time_estimate__rosidl_typesupport_fastrtps_c.h
[6.348s] -- Up-to-date: /home/stepan/ws_ros2/install/px4_msgs/include/px4_msgs/px4_msgs/msg/detail/follow_target_estimator__rosidl_typesupport_fastrtps_c.h
[6.349s] -- Up-to-date: /home/stepan/ws_ros2/install/px4_msgs/include/px4_msgs/px4_msgs/msg/detail/landing_gear_wheel__rosidl_typesupport_fastrtps_c.h
[6.349s] -- Up-to-date: /home/stepan/ws_ros2/install/px4_msgs/include/px4_msgs/px4_msgs/msg/detail/cpuload__rosidl_typesupport_fastrtps_c.h
[6.349s] -- Up-to-date: /home/stepan/ws_ros2/install/px4_msgs/include/px4_msgs/px4_msgs/msg/detail/geofence_result__rosidl_typesupport_fastrtps_c.h
[6.349s] -- Up-to-date: /home/stepan/ws_ros2/install/px4_msgs/include/px4_msgs/px4_msgs/msg/detail/gps_inject_data__rosidl_typesupport_fastrtps_c.h
[6.349s] -- Up-to-date: /home/stepan/ws_ros2/install/px4_msgs/include/px4_msgs/px4_msgs/msg/detail/follow_target__rosidl_typesupport_fastrtps_c.h
[6.350s] -- Up-to-date: /home/stepan/ws_ros2/install/px4_msgs/include/px4_msgs/px4_msgs/msg/detail/mission_result__rosidl_typesupport_fastrtps_c.h
[6.351s] -- Up-to-date: /home/stepan/ws_ros2/install/px4_msgs/include/px4_msgs/px4_msgs/msg/detail/irlock_report__rosidl_typesupport_fastrtps_c.h
[6.351s] -- Up-to-date: /home/stepan/ws_ros2/install/px4_msgs/include/px4_msgs/px4_msgs/msg/detail/heater_status__rosidl_typesupport_fastrtps_c.h
[6.351s] -- Up-to-date: /home/stepan/ws_ros2/install/px4_msgs/include/px4_msgs/px4_msgs/msg/detail/camera_trigger__rosidl_typesupport_fastrtps_c.h
[6.351s] -- Up-to-date: /home/stepan/ws_ros2/install/px4_msgs/include/px4_msgs/px4_msgs/msg/detail/vehicle_magnetometer__rosidl_typesupport_fastrtps_c.h
[6.352s] -- Up-to-date: /home/stepan/ws_ros2/install/px4_msgs/include/px4_msgs/px4_msgs/msg/detail/event__rosidl_typesupport_fastrtps_c.h
[6.353s] -- Up-to-date: /home/stepan/ws_ros2/install/px4_msgs/include/px4_msgs/px4_msgs/msg/detail/sensor_accel_fifo__rosidl_typesupport_fastrtps_c.h
[6.353s] -- Up-to-date: /home/stepan/ws_ros2/install/px4_msgs/include/px4_msgs/px4_msgs/msg/detail/gimbal_device_information__rosidl_typesupport_fastrtps_c.h
[6.353s] -- Up-to-date: /home/stepan/ws_ros2/install/px4_msgs/include/px4_msgs/px4_msgs/msg/detail/sensor_gps__rosidl_typesupport_fastrtps_c.h
[6.354s] -- Up-to-date: /home/stepan/ws_ros2/install/px4_msgs/include/px4_msgs/px4_msgs/msg/detail/register_ext_component_reply__rosidl_typesupport_fastrtps_c.h
[6.354s] -- Up-to-date: /home/stepan/ws_ros2/install/px4_msgs/include/px4_msgs/px4_msgs/msg/detail/sensor_uwb__rosidl_typesupport_fastrtps_c.h
[6.355s] -- Up-to-date: /home/stepan/ws_ros2/install/px4_msgs/include/px4_msgs/px4_msgs/msg/detail/orb_test__rosidl_typesupport_fastrtps_c.h
[6.355s] -- Up-to-date: /home/stepan/ws_ros2/install/px4_msgs/include/px4_msgs/px4_msgs/msg/detail/unregister_ext_component__rosidl_typesupport_fastrtps_c.h
[6.355s] -- Up-to-date: /home/stepan/ws_ros2/install/px4_msgs/include/px4_msgs/px4_msgs/msg/detail/sensor_airflow__rosidl_typesupport_fastrtps_c.h
[6.356s] -- Up-to-date: /home/stepan/ws_ros2/install/px4_msgs/include/px4_msgs/px4_msgs/msg/detail/vehicle_roi__rosidl_typesupport_fastrtps_c.h
[6.356s] -- Up-to-date: /home/stepan/ws_ros2/install/px4_msgs/include/px4_msgs/px4_msgs/msg/detail/uavcan_parameter_request__rosidl_typesupport_fastrtps_c.h
[6.357s] -- Up-to-date: /home/stepan/ws_ros2/install/px4_msgs/include/px4_msgs/px4_msgs/msg/detail/dataman_request__rosidl_typesupport_fastrtps_c.h
[6.357s] -- Up-to-date: /home/stepan/ws_ros2/install/px4_msgs/include/px4_msgs/px4_msgs/msg/detail/estimator_gps_status__rosidl_typesupport_fastrtps_c.h
[6.357s] -- Up-to-date: /home/stepan/ws_ros2/install/px4_msgs/include/px4_msgs/px4_msgs/msg/detail/position_setpoint_triplet__rosidl_typesupport_fastrtps_c.h
[6.357s] -- Up-to-date: /home/stepan/ws_ros2/install/px4_msgs/include/px4_msgs/px4_msgs/msg/detail/launch_detection_status__rosidl_typesupport_fastrtps_c.h
[6.358s] -- Up-to-date: /home/stepan/ws_ros2/install/px4_msgs/include/px4_msgs/px4_msgs/msg/detail/autotune_attitude_control_status__rosidl_typesupport_fastrtps_c.h
[6.359s] -- Up-to-date: /home/stepan/ws_ros2/install/px4_msgs/include/px4_msgs/px4_msgs/msg/detail/orbit_status__rosidl_typesupport_fastrtps_c.h
[6.359s] -- Up-to-date: /home/stepan/ws_ros2/install/px4_msgs/include/px4_msgs/px4_msgs/msg/detail/pwm_input__rosidl_typesupport_fastrtps_c.h
[6.359s] -- Up-to-date: /home/stepan/ws_ros2/install/px4_msgs/include/px4_msgs/px4_msgs/msg/detail/pps_capture__rosidl_typesupport_fastrtps_c.h
[6.359s] -- Up-to-date: /home/stepan/ws_ros2/install/px4_msgs/include/px4_msgs/px4_msgs/msg/detail/failsafe_flags__rosidl_typesupport_fastrtps_c.h
[6.360s] -- Up-to-date: /home/stepan/ws_ros2/install/px4_msgs/include/px4_msgs/px4_msgs/msg/detail/wheel_encoders__rosidl_typesupport_fastrtps_c.h
[6.360s] -- Up-to-date: /home/stepan/ws_ros2/install/px4_msgs/include/px4_msgs/px4_msgs/msg/detail/navigator_status__rosidl_typesupport_fastrtps_c.h
[6.360s] -- Up-to-date: /home/stepan/ws_ros2/install/px4_msgs/include/px4_msgs/px4_msgs/msg/detail/airspeed_wind__rosidl_typesupport_fastrtps_c.h
[6.360s] -- Up-to-date: /home/stepan/ws_ros2/install/px4_msgs/include/px4_msgs/px4_msgs/msg/detail/gimbal_controls__rosidl_typesupport_fastrtps_c.h
[6.360s] -- Up-to-date: /home/stepan/ws_ros2/install/px4_msgs/include/px4_msgs/px4_msgs/msg/detail/debug_array__rosidl_typesupport_fastrtps_c.h
[6.361s] -- Up-to-date: /home/stepan/ws_ros2/install/px4_msgs/include/px4_msgs/px4_msgs/msg/detail/gimbal_manager_status__rosidl_typesupport_fastrtps_c.h
[6.361s] -- Up-to-date: /home/stepan/ws_ros2/install/px4_msgs/include/px4_msgs/px4_msgs/msg/detail/goto_setpoint__rosidl_typesupport_fastrtps_c.h
[6.361s] -- Up-to-date: /home/stepan/ws_ros2/install/px4_msgs/include/px4_msgs/px4_msgs/msg/detail/radio_status__rosidl_typesupport_fastrtps_c.h
[6.361s] -- Up-to-date: /home/stepan/ws_ros2/install/px4_msgs/include/px4_msgs/px4_msgs/msg/detail/qshell_req__rosidl_typesupport_fastrtps_c.h
[6.361s] -- Up-to-date: /home/stepan/ws_ros2/install/px4_msgs/include/px4_msgs/px4_msgs/msg/detail/vehicle_global_position__rosidl_typesupport_fastrtps_c.h
[6.361s] -- Up-to-date: /home/stepan/ws_ros2/install/px4_msgs/include/px4_msgs/px4_msgs/msg/detail/generator_status__rosidl_typesupport_fastrtps_c.h
[6.362s] -- Up-to-date: /home/stepan/ws_ros2/install/px4_msgs/include/px4_msgs/px4_msgs/msg/detail/hover_thrust_estimate__rosidl_typesupport_fastrtps_c.h
[6.362s] -- Up-to-date: /home/stepan/ws_ros2/install/px4_msgs/include/px4_msgs/px4_msgs/msg/detail/tecs_status__rosidl_typesupport_fastrtps_c.h
[6.362s] -- Up-to-date: /home/stepan/ws_ros2/install/px4_msgs/include/px4_msgs/px4_msgs/msg/detail/telemetry_status__rosidl_typesupport_fastrtps_c.h
[6.362s] -- Up-to-date: /home/stepan/ws_ros2/install/px4_msgs/include/px4_msgs/px4_msgs/msg/detail/ulog_stream__rosidl_typesupport_fastrtps_c.h
[6.362s] -- Up-to-date: /home/stepan/ws_ros2/install/px4_msgs/include/px4_msgs/px4_msgs/msg/detail/sensor_hygrometer__rosidl_typesupport_fastrtps_c.h
[6.362s] -- Up-to-date: /home/stepan/ws_ros2/install/px4_msgs/include/px4_msgs/px4_msgs/msg/detail/gripper__rosidl_typesupport_fastrtps_c.h
[6.362s] -- Up-to-date: /home/stepan/ws_ros2/install/px4_msgs/include/px4_msgs/px4_msgs/msg/detail/manual_control_switches__rosidl_typesupport_fastrtps_c.h
[6.363s] -- Up-to-date: /home/stepan/ws_ros2/install/px4_msgs/include/px4_msgs/px4_msgs/msg/detail/estimator_sensor_bias__rosidl_typesupport_fastrtps_c.h
[6.363s] -- Up-to-date: /home/stepan/ws_ros2/install/px4_msgs/include/px4_msgs/px4_msgs/msg/detail/mount_orientation__rosidl_typesupport_fastrtps_c.h
[6.363s] -- Up-to-date: /home/stepan/ws_ros2/install/px4_msgs/include/px4_msgs/px4_msgs/msg/detail/parameter_reset_request__rosidl_typesupport_fastrtps_c.h
[6.363s] -- Up-to-date: /home/stepan/ws_ros2/install/px4_msgs/include/px4_msgs/px4_msgs/msg/detail/gimbal_manager_set_manual_control__rosidl_typesupport_fastrtps_c.h
[6.363s] -- Up-to-date: /home/stepan/ws_ros2/install/px4_msgs/include/px4_msgs/px4_msgs/msg/detail/estimator_bias__rosidl_typesupport_fastrtps_c.h
[6.363s] -- Up-to-date: /home/stepan/ws_ros2/install/px4_msgs/include/px4_msgs/px4_msgs/msg/detail/system_power__rosidl_typesupport_fastrtps_c.h
[6.364s] -- Up-to-date: /home/stepan/ws_ros2/install/px4_msgs/include/px4_msgs/px4_msgs/msg/detail/mission__rosidl_typesupport_fastrtps_c.h
[6.364s] -- Up-to-date: /home/stepan/ws_ros2/install/px4_msgs/include/px4_msgs/px4_msgs/msg/detail/mavlink_tunnel__rosidl_typesupport_fastrtps_c.h
[6.364s] -- Up-to-date: /home/stepan/ws_ros2/install/px4_msgs/include/px4_msgs/px4_msgs/msg/detail/vehicle_status__rosidl_typesupport_fastrtps_c.h
[6.364s] -- Up-to-date: /home/stepan/ws_ros2/install/px4_msgs/include/px4_msgs/px4_msgs/msg/detail/position_controller_status__rosidl_typesupport_fastrtps_c.h
[6.364s] -- Up-to-date: /home/stepan/ws_ros2/install/px4_msgs/include/px4_msgs/px4_msgs/msg/detail/trajectory_setpoint__rosidl_typesupport_fastrtps_c.h
[6.364s] -- Up-to-date: /home/stepan/ws_ros2/install/px4_msgs/include/px4_msgs/px4_msgs/msg/detail/satellite_info__rosidl_typesupport_fastrtps_c.h
[6.365s] -- Up-to-date: /home/stepan/ws_ros2/install/px4_msgs/include/px4_msgs/px4_msgs/msg/detail/transponder_report__rosidl_typesupport_fastrtps_c.h
[6.365s] -- Up-to-date: /home/stepan/ws_ros2/install/px4_msgs/include/px4_msgs/px4_msgs/msg/detail/sensor_preflight_mag__rosidl_typesupport_fastrtps_c.h
[6.365s] -- Up-to-date: /home/stepan/ws_ros2/install/px4_msgs/include/px4_msgs/px4_msgs/msg/detail/actuator_test__rosidl_typesupport_fastrtps_c.h
[6.365s] -- Up-to-date: /home/stepan/ws_ros2/install/px4_msgs/include/px4_msgs/px4_msgs/msg/detail/position_setpoint__rosidl_typesupport_fastrtps_c.h
[6.365s] -- Up-to-date: /home/stepan/ws_ros2/install/px4_msgs/include/px4_msgs/px4_msgs/msg/detail/home_position__rosidl_typesupport_fastrtps_c.h
[6.365s] -- Up-to-date: /home/stepan/ws_ros2/install/px4_msgs/include/px4_msgs/px4_msgs/msg/detail/register_ext_component_request__rosidl_typesupport_fastrtps_c.h
[6.365s] -- Up-to-date: /home/stepan/ws_ros2/install/px4_msgs/include/px4_msgs/px4_msgs/msg/detail/timesync_status__rosidl_typesupport_fastrtps_c.h
[6.366s] -- Up-to-date: /home/stepan/ws_ros2/install/px4_msgs/include/px4_msgs/px4_msgs/msg/detail/mavlink_log__rosidl_typesupport_fastrtps_c.h
[6.366s] -- Up-to-date: /home/stepan/ws_ros2/install/px4_msgs/include/px4_msgs/px4_msgs/msg/detail/iridiumsbd_status__rosidl_typesupport_fastrtps_c.h
[6.366s] -- Up-to-date: /home/stepan/ws_ros2/install/px4_msgs/include/px4_msgs/px4_msgs/msg/detail/estimator_aid_source3d__rosidl_typesupport_fastrtps_c.h
[6.366s] -- Up-to-date: /home/stepan/ws_ros2/install/px4_msgs/include/px4_msgs/px4_msgs/msg/detail/tiltrotor_extra_controls__rosidl_typesupport_fastrtps_c.h
[6.366s] -- Up-to-date: /home/stepan/ws_ros2/install/px4_msgs/include/px4_msgs/px4_msgs/msg/detail/yaw_estimator_status__rosidl_typesupport_fastrtps_c.h
[6.367s] -- Up-to-date: /home/stepan/ws_ros2/install/px4_msgs/include/px4_msgs/px4_msgs/msg/detail/internal_combustion_engine_control__rosidl_typesupport_fastrtps_c.h
[6.368s] -- Up-to-date: /home/stepan/ws_ros2/install/px4_msgs/include/px4_msgs/px4_msgs/msg/detail/vehicle_constraints__rosidl_typesupport_fastrtps_c.h
[6.368s] -- Up-to-date: /home/stepan/ws_ros2/install/px4_msgs/include/px4_msgs/px4_msgs/msg/detail/vehicle_attitude__rosidl_typesupport_fastrtps_c.h
[6.369s] -- Up-to-date: /home/stepan/ws_ros2/install/px4_msgs/include/px4_msgs/px4_msgs/msg/detail/vehicle_thrust_setpoint__rosidl_typesupport_fastrtps_c.h
[6.370s] -- Up-to-date: /home/stepan/ws_ros2/install/px4_msgs/include/px4_msgs/px4_msgs/msg/detail/magnetometer_bias_estimate__rosidl_typesupport_fastrtps_c.h
[6.370s] -- Up-to-date: /home/stepan/ws_ros2/install/px4_msgs/include/px4_msgs/px4_msgs/msg/detail/geofence_status__rosidl_typesupport_fastrtps_c.h
[6.371s] -- Up-to-date: /home/stepan/ws_ros2/install/px4_msgs/include/px4_msgs/px4_msgs/msg/detail/flight_phase_estimation__rosidl_typesupport_fastrtps_c.h
[6.371s] -- Up-to-date: /home/stepan/ws_ros2/install/px4_msgs/include/px4_msgs/px4_msgs/msg/detail/px4io_status__rosidl_typesupport_fastrtps_c.h
[6.371s] -- Up-to-date: /home/stepan/ws_ros2/install/px4_msgs/include/px4_msgs/px4_msgs/msg/detail/control_allocator_status__rosidl_typesupport_fastrtps_c.h
[6.372s] -- Up-to-date: /home/stepan/ws_ros2/install/px4_msgs/include/px4_msgs/px4_msgs/msg/detail/sensor_optical_flow__rosidl_typesupport_fastrtps_c.h
[6.372s] -- Up-to-date: /home/stepan/ws_ros2/install/px4_msgs/include/px4_msgs/px4_msgs/msg/detail/actuator_servos_trim__rosidl_typesupport_fastrtps_c.h
[6.372s] -- Up-to-date: /home/stepan/ws_ros2/install/px4_msgs/include/px4_msgs/px4_msgs/msg/detail/log_message__rosidl_typesupport_fastrtps_c.h
[6.372s] -- Up-to-date: /home/stepan/ws_ros2/install/px4_msgs/include/px4_msgs/px4_msgs/msg/detail/estimator_bias3d__rosidl_typesupport_fastrtps_c.h
[6.373s] -- Up-to-date: /home/stepan/ws_ros2/install/px4_msgs/include/px4_msgs/px4_msgs/msg/detail/estimator_innovations__rosidl_typesupport_fastrtps_c.h
[6.373s] -- Up-to-date: /home/stepan/ws_ros2/install/px4_msgs/include/px4_msgs/px4_msgs/msg/detail/led_control__rosidl_typesupport_fastrtps_c.h
[6.374s] -- Up-to-date: /home/stepan/ws_ros2/install/px4_msgs/include/px4_msgs/px4_msgs/msg/detail/manual_control_setpoint__rosidl_typesupport_fastrtps_c.h
[6.374s] -- Up-to-date: /home/stepan/ws_ros2/install/px4_msgs/include/px4_msgs/px4_msgs/msg/detail/estimator_aid_source2d__rosidl_typesupport_fastrtps_c.h
[6.375s] -- Up-to-date: /home/stepan/ws_ros2/install/px4_msgs/include/px4_msgs/px4_msgs/msg/detail/gimbal_manager_set_attitude__rosidl_typesupport_fastrtps_c.h
[6.375s] -- Up-to-date: /home/stepan/ws_ros2/install/px4_msgs/include/px4_msgs/px4_msgs/msg/detail/gpio_out__rosidl_typesupport_fastrtps_c.h
[6.376s] -- Up-to-date: /home/stepan/ws_ros2/install/px4_msgs/include/px4_msgs/px4_msgs/msg/detail/sensor_accel__rosidl_typesupport_fastrtps_c.h
[6.376s] -- Up-to-date: /home/stepan/ws_ros2/install/px4_msgs/include/px4_msgs/px4_msgs/msg/detail/fuel_tank_status__rosidl_typesupport_fastrtps_c.h
[6.376s] -- Up-to-date: /home/stepan/ws_ros2/install/px4_msgs/include/px4_msgs/px4_msgs/msg/detail/vehicle_optical_flow_vel__rosidl_typesupport_fastrtps_c.h
[6.377s] -- Up-to-date: /home/stepan/ws_ros2/install/px4_msgs/include/px4_msgs/px4_msgs/msg/detail/parameter_update__rosidl_typesupport_fastrtps_c.h
[6.377s] -- Up-to-date: /home/stepan/ws_ros2/install/px4_msgs/include/px4_msgs/px4_msgs/msg/detail/logger_status__rosidl_typesupport_fastrtps_c.h
[6.377s] -- Up-to-date: /home/stepan/ws_ros2/install/px4_msgs/include/px4_msgs/px4_msgs/msg/detail/battery_status__rosidl_typesupport_fastrtps_c.h
[6.377s] -- Up-to-date: /home/stepan/ws_ros2/install/px4_msgs/include/px4_msgs/px4_msgs/msg/detail/ackermann_velocity_setpoint__rosidl_typesupport_fastrtps_c.h
[6.377s] -- Up-to-date: /home/stepan/ws_ros2/install/px4_msgs/include/px4_msgs/px4_msgs/msg/detail/parameter_set_value_response__rosidl_typesupport_fastrtps_c.h
[6.378s] -- Up-to-date: /home/stepan/ws_ros2/install/px4_msgs/include/px4_msgs/px4_msgs/msg/detail/gpio_request__rosidl_typesupport_fastrtps_c.h
[6.378s] -- Up-to-date: /home/stepan/ws_ros2/install/px4_msgs/include/px4_msgs/px4_msgs/msg/detail/figure_eight_status__rosidl_typesupport_fastrtps_c.h
[6.378s] -- Up-to-date: /home/stepan/ws_ros2/install/px4_msgs/include/px4_msgs/px4_msgs/msg/detail/position_controller_landing_status__rosidl_typesupport_fastrtps_c.h
[6.378s] -- Up-to-date: /home/stepan/ws_ros2/install/px4_msgs/include/px4_msgs/px4_msgs/msg/detail/actuator_controls_status__rosidl_typesupport_fastrtps_c.h
[6.378s] -- Up-to-date: /home/stepan/ws_ros2/install/px4_msgs/include/px4_msgs/px4_msgs/msg/detail/vehicle_angular_velocity__rosidl_typesupport_fastrtps_c.h
[6.378s] -- Up-to-date: /home/stepan/ws_ros2/install/px4_msgs/include/px4_msgs/px4_msgs/msg/detail/debug_value__rosidl_typesupport_fastrtps_c.h
[6.378s] -- Up-to-date: /home/stepan/ws_ros2/install/px4_msgs/include/px4_msgs/px4_msgs/msg/detail/takeoff_status__rosidl_typesupport_fastrtps_c.h
[6.379s] -- Up-to-date: /home/stepan/ws_ros2/install/px4_msgs/include/px4_msgs/px4_msgs/msg/detail/gps_dump__rosidl_typesupport_fastrtps_c.h
[6.379s] -- Up-to-date: /home/stepan/ws_ros2/install/px4_msgs/include/px4_msgs/px4_msgs/msg/detail/ping__rosidl_typesupport_fastrtps_c.h
[6.379s] -- Up-to-date: /home/stepan/ws_ros2/install/px4_msgs/include/px4_msgs/px4_msgs/msg/detail/vehicle_acceleration__rosidl_typesupport_fastrtps_c.h
[6.379s] -- Up-to-date: /home/stepan/ws_ros2/install/px4_msgs/include/px4_msgs/px4_msgs/msg/detail/rover_position_setpoint__rosidl_typesupport_fastrtps_c.h
[6.379s] -- Up-to-date: /home/stepan/ws_ros2/install/px4_msgs/include/px4_msgs/px4_msgs/msg/detail/gimbal_device_attitude_status__rosidl_typesupport_fastrtps_c.h
[6.379s] -- Up-to-date: /home/stepan/ws_ros2/install/px4_msgs/include/px4_msgs/px4_msgs/msg/detail/vehicle_odometry__rosidl_typesupport_fastrtps_c.h
[6.380s] -- Up-to-date: /home/stepan/ws_ros2/install/px4_msgs/include/px4_msgs/px4_msgs/msg/detail/parameter_set_used_request__rosidl_typesupport_fastrtps_c.h
[6.380s] -- Up-to-date: /home/stepan/ws_ros2/install/px4_msgs/include/px4_msgs/px4_msgs/msg/detail/rover_rate_setpoint__rosidl_typesupport_fastrtps_c.h
[6.380s] -- Up-to-date: /home/stepan/ws_ros2/install/px4_msgs/include/px4_msgs/px4_msgs/msg/detail/actuator_armed__rosidl_typesupport_fastrtps_c.h
[6.380s] -- Up-to-date: /home/stepan/ws_ros2/install/px4_msgs/include/px4_msgs/px4_msgs/msg/detail/vehicle_local_position__rosidl_typesupport_fastrtps_c.h
[6.380s] -- Up-to-date: /home/stepan/ws_ros2/install/px4_msgs/include/px4_msgs/px4_msgs/msg/detail/rc_parameter_map__rosidl_typesupport_fastrtps_c.h
[6.380s] -- Up-to-date: /home/stepan/ws_ros2/install/px4_msgs/include/px4_msgs/px4_msgs/msg/detail/tune_control__rosidl_typesupport_fastrtps_c.h
[6.381s] -- Up-to-date: /home/stepan/ws_ros2/install/px4_msgs/include/px4_msgs/px4_msgs/msg/detail/airspeed_validated__rosidl_typesupport_fastrtps_c.h
[6.381s] -- Up-to-date: /home/stepan/ws_ros2/install/px4_msgs/include/px4_msgs/px4_msgs/msg/detail/rc_channels__rosidl_typesupport_fastrtps_c.h
[6.381s] -- Up-to-date: /home/stepan/ws_ros2/install/px4_msgs/include/px4_msgs/px4_msgs/msg/detail/vehicle_rates_setpoint__rosidl_typesupport_fastrtps_c.h
[6.381s] -- Up-to-date: /home/stepan/ws_ros2/install/px4_msgs/include/px4_msgs/px4_msgs/msg/detail/distance_sensor__rosidl_typesupport_fastrtps_c.h
[6.381s] -- Up-to-date: /home/stepan/ws_ros2/install/px4_msgs/include/px4_msgs/px4_msgs/msg/detail/estimator_status__rosidl_typesupport_fastrtps_c.h
[6.381s] -- Up-to-date: /home/stepan/ws_ros2/install/px4_msgs/include/px4_msgs/px4_msgs/msg/detail/input_rc__rosidl_typesupport_fastrtps_c.h
[6.382s] -- Up-to-date: /home/stepan/ws_ros2/install/px4_msgs/include/px4_msgs/px4_msgs/msg/detail/sensor_selection__rosidl_typesupport_fastrtps_c.h
[6.382s] -- Up-to-date: /home/stepan/ws_ros2/install/px4_msgs/include/px4_msgs/px4_msgs/msg/detail/ekf2_timestamps__rosidl_typesupport_fastrtps_c.h
[6.382s] -- Up-to-date: /home/stepan/ws_ros2/install/px4_msgs/include/px4_msgs/px4_msgs/msg/detail/sensors_status__rosidl_typesupport_fastrtps_c.h
[6.382s] -- Up-to-date: /home/stepan/ws_ros2/install/px4_msgs/include/px4_msgs/px4_msgs/msg/detail/vehicle_imu_status__rosidl_typesupport_fastrtps_c.h
[6.382s] -- Up-to-date: /home/stepan/ws_ros2/install/px4_msgs/include/px4_msgs/px4_msgs/msg/detail/qshell_retval__rosidl_typesupport_fastrtps_c.h
[6.382s] -- Up-to-date: /home/stepan/ws_ros2/install/px4_msgs/include/px4_msgs/px4_msgs/msg/detail/vehicle_command_ack__rosidl_typesupport_fastrtps_c.h
[6.382s] -- Up-to-date: /home/stepan/ws_ros2/install/px4_msgs/include/px4_msgs/px4_msgs/msg/detail/arming_check_request__rosidl_typesupport_fastrtps_c.h
[6.383s] -- Up-to-date: /home/stepan/ws_ros2/install/px4_msgs/include/px4_msgs/px4_msgs/msg/detail/rover_throttle_setpoint__rosidl_typesupport_fastrtps_c.h
[6.383s] -- Up-to-date: /home/stepan/ws_ros2/install/px4_msgs/include/px4_msgs/px4_msgs/msg/detail/button_event__rosidl_typesupport_fastrtps_c.h
[6.383s] -- Up-to-date: /home/stepan/ws_ros2/install/px4_msgs/include/px4_msgs/px4_msgs/msg/detail/rover_velocity_status__rosidl_typesupport_fastrtps_c.h
[6.383s] -- Up-to-date: /home/stepan/ws_ros2/install/px4_msgs/include/px4_msgs/px4_msgs/msg/detail/rover_attitude_setpoint__rosidl_typesupport_fastrtps_c.h
[6.383s] -- Up-to-date: /home/stepan/ws_ros2/install/px4_msgs/include/px4_msgs/px4_msgs/msg/detail/vehicle_torque_setpoint__rosidl_typesupport_fastrtps_c.h
[6.383s] -- Up-to-date: /home/stepan/ws_ros2/install/px4_msgs/include/px4_msgs/px4_msgs/msg/detail/actuator_servos__rosidl_typesupport_fastrtps_c.h
[6.384s] -- Up-to-date: /home/stepan/ws_ros2/install/px4_msgs/include/px4_msgs/px4_msgs/msg/detail/mag_worker_data__rosidl_typesupport_fastrtps_c.h
[6.384s] -- Up-to-date: /home/stepan/ws_ros2/install/px4_msgs/include/px4_msgs/px4_msgs/msg/detail/esc_report__rosidl_typesupport_fastrtps_c.h
[6.384s] -- Up-to-date: /home/stepan/ws_ros2/install/px4_msgs/include/px4_msgs/px4_msgs/msg/detail/obstacle_distance__rosidl_typesupport_fastrtps_c.h
[6.385s] -- Up-to-date: /home/stepan/ws_ros2/install/px4_msgs/include/px4_msgs/px4_msgs/msg/detail/follow_target_status__rosidl_typesupport_fastrtps_c.h
[6.386s] -- Up-to-date: /home/stepan/ws_ros2/install/px4_msgs/include/px4_msgs/px4_msgs/msg/detail/actuator_motors__rosidl_typesupport_fastrtps_c.h
[6.386s] -- Up-to-date: /home/stepan/ws_ros2/install/px4_msgs/include/px4_msgs/px4_msgs/msg/detail/distance_sensor_mode_change_request__rosidl_typesupport_fastrtps_c.h
[6.387s] -- Up-to-date: /home/stepan/ws_ros2/install/px4_msgs/include/px4_msgs/px4_msgs/msg/detail/vehicle_local_position_setpoint__rosidl_typesupport_fastrtps_c.h
[6.387s] -- Up-to-date: /home/stepan/ws_ros2/install/px4_msgs/include/px4_msgs/px4_msgs/msg/detail/open_drone_id_operator_id__rosidl_typesupport_fastrtps_c.h
[6.388s] -- Up-to-date: /home/stepan/ws_ros2/install/px4_msgs/include/px4_msgs/px4_msgs/msg/detail/orb_test_medium__rosidl_typesupport_fastrtps_c.h
[6.389s] -- Up-to-date: /home/stepan/ws_ros2/install/px4_msgs/include/px4_msgs/px4_msgs/msg/detail/actuator_outputs__rosidl_typesupport_fastrtps_c.h
[6.389s] -- Up-to-date: /home/stepan/ws_ros2/install/px4_msgs/include/px4_msgs/px4_msgs/msg/detail/mode_completed__rosidl_typesupport_fastrtps_c.h
[6.390s] -- Up-to-date: /home/stepan/ws_ros2/install/px4_msgs/include/px4_msgs/px4_msgs/msg/detail/rover_rate_status__rosidl_typesupport_fastrtps_c.h
[6.391s] -- Up-to-date: /home/stepan/ws_ros2/install/px4_msgs/include/px4_msgs/px4_msgs/msg/detail/normalized_unsigned_setpoint__rosidl_typesupport_fastrtps_c.h
[6.391s] -- Up-to-date: /home/stepan/ws_ros2/install/px4_msgs/include/px4_msgs/px4_msgs/msg/detail/health_report__rosidl_typesupport_fastrtps_c.h
[6.392s] -- Up-to-date: /home/stepan/ws_ros2/install/px4_msgs/include/px4_msgs/px4_msgs/msg/detail/power_button_state__rosidl_typesupport_fastrtps_c.h
[6.392s] -- Up-to-date: /home/stepan/ws_ros2/install/px4_msgs/include/px4_msgs/px4_msgs/msg/detail/can_interface_status__rosidl_typesupport_fastrtps_c.h
[6.393s] -- Up-to-date: /home/stepan/ws_ros2/install/px4_msgs/include/px4_msgs/px4_msgs/msg/detail/estimator_aid_source1d__rosidl_typesupport_fastrtps_c.h
[6.393s] -- Up-to-date: /home/stepan/ws_ros2/install/px4_msgs/include/px4_msgs/px4_msgs/msg/detail/npfg_status__rosidl_typesupport_fastrtps_c.h
[6.393s] -- Up-to-date: /home/stepan/ws_ros2/install/px4_msgs/include/px4_msgs/px4_msgs/msg/detail/vehicle_attitude_setpoint__rosidl_typesupport_fastrtps_c.h
[6.393s] -- Up-to-date: /home/stepan/ws_ros2/install/px4_msgs/include/px4_msgs/px4_msgs/msg/detail/landing_target_pose__rosidl_typesupport_fastrtps_c.h
[6.394s] -- Up-to-date: /home/stepan/ws_ros2/install/px4_msgs/include/px4_msgs/px4_msgs/msg/detail/wind__rosidl_typesupport_fastrtps_c.h
[6.394s] -- Up-to-date: /home/stepan/ws_ros2/install/px4_msgs/include/px4_msgs/px4_msgs/msg/detail/collision_constraints__rosidl_typesupport_fastrtps_c.h
[6.395s] -- Up-to-date: /home/stepan/ws_ros2/install/px4_msgs/include/px4_msgs/px4_msgs/msg/detail/message_format_request__rosidl_typesupport_fastrtps_c.h
[6.395s] -- Up-to-date: /home/stepan/ws_ros2/install/px4_msgs/include/px4_msgs/px4_msgs/msg/detail/rover_steering_setpoint__rosidl_typesupport_fastrtps_c.h
[6.395s] -- Up-to-date: /home/stepan/ws_ros2/install/px4_msgs/include/px4_msgs/px4_msgs/msg/detail/gpio_config__rosidl_typesupport_fastrtps_c.h
[6.396s] -- Up-to-date: /home/stepan/ws_ros2/install/px4_msgs/include/px4_msgs/px4_msgs/msg/detail/velocity_limits__rosidl_typesupport_fastrtps_c.h
[6.396s] -- Up-to-date: /home/stepan/ws_ros2/install/px4_msgs/include/px4_msgs/px4_msgs/msg/detail/sensor_combined__rosidl_typesupport_fastrtps_c.h
[6.396s] -- Up-to-date: /home/stepan/ws_ros2/install/px4_msgs/include/px4_msgs/px4_msgs/msg/detail/action_request__rosidl_typesupport_fastrtps_c.h
[6.396s] -- Up-to-date: /home/stepan/ws_ros2/install/px4_msgs/include/px4_msgs/px4_msgs/msg/detail/task_stack_info__rosidl_typesupport_fastrtps_c.h
[6.396s] -- Up-to-date: /home/stepan/ws_ros2/install/px4_msgs/include/px4_msgs/px4_msgs/msg/detail/message_format_response__rosidl_typesupport_fastrtps_c.h
[6.396s] -- Up-to-date: /home/stepan/ws_ros2/install/px4_msgs/include/px4_msgs/px4_msgs/msg/detail/trajectory_setpoint6dof__rosidl_typesupport_fastrtps_c.h
[6.397s] -- Up-to-date: /home/stepan/ws_ros2/install/px4_msgs/include/px4_msgs/px4_msgs/msg/detail/open_drone_id_system__rosidl_typesupport_fastrtps_c.h
[6.397s] -- Up-to-date: /home/stepan/ws_ros2/install/px4_msgs/include/px4_msgs/px4_msgs/msg/detail/rover_attitude_status__rosidl_typesupport_fastrtps_c.h
[6.397s] -- Up-to-date: /home/stepan/ws_ros2/install/px4_msgs/include/px4_msgs/px4_msgs/msg/detail/rtl_status__rosidl_typesupport_fastrtps_c.h
[6.397s] -- Up-to-date: /home/stepan/ws_ros2/install/px4_msgs/include/px4_msgs/px4_msgs/msg/detail/sensors_status_imu__rosidl_typesupport_fastrtps_c.h
[6.397s] -- Up-to-date: /home/stepan/ws_ros2/install/px4_msgs/include/px4_msgs/px4_msgs/msg/detail/gpio_in__rosidl_typesupport_fastrtps_c.h
[6.397s] -- Up-to-date: /home/stepan/ws_ros2/install/px4_msgs/include/px4_msgs/px4_msgs/msg/detail/vehicle_land_detected__rosidl_typesupport_fastrtps_c.h
[6.397s] -- Up-to-date: /home/stepan/ws_ros2/install/px4_msgs/include/px4_msgs/px4_msgs/msg/detail/sensor_gyro__rosidl_typesupport_fastrtps_c.h
[6.398s] -- Up-to-date: /home/stepan/ws_ros2/install/px4_msgs/include/px4_msgs/px4_msgs/msg/rosidl_typesupport_fastrtps_c__visibility_control.h
[6.398s] -- Up-to-date: /home/stepan/ws_ros2/install/px4_msgs/include/px4_msgs/px4_msgs/srv
[6.398s] -- Up-to-date: /home/stepan/ws_ros2/install/px4_msgs/include/px4_msgs/px4_msgs/srv/detail
[6.398s] -- Up-to-date: /home/stepan/ws_ros2/install/px4_msgs/include/px4_msgs/px4_msgs/srv/detail/vehicle_command__rosidl_typesupport_fastrtps_c.h
[6.398s] -- Up-to-date: /home/stepan/ws_ros2/install/px4_msgs/lib/libpx4_msgs__rosidl_typesupport_fastrtps_c.so
[6.398s] -- Up-to-date: /home/stepan/ws_ros2/install/px4_msgs/include/px4_msgs/px4_msgs
[6.399s] -- Up-to-date: /home/stepan/ws_ros2/install/px4_msgs/include/px4_msgs/px4_msgs/msg
[6.399s] -- Up-to-date: /home/stepan/ws_ros2/install/px4_msgs/include/px4_msgs/px4_msgs/msg/rover_rate_setpoint.hpp
[6.399s] -- Up-to-date: /home/stepan/ws_ros2/install/px4_msgs/include/px4_msgs/px4_msgs/msg/rc_channels.hpp
[6.399s] -- Up-to-date: /home/stepan/ws_ros2/install/px4_msgs/include/px4_msgs/px4_msgs/msg/sensor_optical_flow.hpp
[6.399s] -- Up-to-date: /home/stepan/ws_ros2/install/px4_msgs/include/px4_msgs/px4_msgs/msg/actuator_outputs.hpp
[6.400s] -- Up-to-date: /home/stepan/ws_ros2/install/px4_msgs/include/px4_msgs/px4_msgs/msg/transponder_report.hpp
[6.400s] -- Up-to-date: /home/stepan/ws_ros2/install/px4_msgs/include/px4_msgs/px4_msgs/msg/ulog_stream.hpp
[6.400s] -- Up-to-date: /home/stepan/ws_ros2/install/px4_msgs/include/px4_msgs/px4_msgs/msg/estimator_sensor_bias.hpp
[6.400s] -- Up-to-date: /home/stepan/ws_ros2/install/px4_msgs/include/px4_msgs/px4_msgs/msg/navigator_mission_item.hpp
[6.401s] -- Up-to-date: /home/stepan/ws_ros2/install/px4_msgs/include/px4_msgs/px4_msgs/msg/iridiumsbd_status.hpp
[6.401s] -- Up-to-date: /home/stepan/ws_ros2/install/px4_msgs/include/px4_msgs/px4_msgs/msg/follow_target_estimator.hpp
[6.401s] -- Up-to-date: /home/stepan/ws_ros2/install/px4_msgs/include/px4_msgs/px4_msgs/msg/power_button_state.hpp
[6.401s] -- Up-to-date: /home/stepan/ws_ros2/install/px4_msgs/include/px4_msgs/px4_msgs/msg/navigator_status.hpp
[6.401s] -- Up-to-date: /home/stepan/ws_ros2/install/px4_msgs/include/px4_msgs/px4_msgs/msg/vehicle_imu.hpp
[6.401s] -- Up-to-date: /home/stepan/ws_ros2/install/px4_msgs/include/px4_msgs/px4_msgs/msg/button_event.hpp
[6.402s] -- Up-to-date: /home/stepan/ws_ros2/install/px4_msgs/include/px4_msgs/px4_msgs/msg/internal_combustion_engine_status.hpp
[6.402s] -- Up-to-date: /home/stepan/ws_ros2/install/px4_msgs/include/px4_msgs/px4_msgs/msg/sensors_status.hpp
[6.403s] -- Up-to-date: /home/stepan/ws_ros2/install/px4_msgs/include/px4_msgs/px4_msgs/msg/message_format_request.hpp
[6.403s] -- Up-to-date: /home/stepan/ws_ros2/install/px4_msgs/include/px4_msgs/px4_msgs/msg/arming_check_request.hpp
[6.404s] -- Up-to-date: /home/stepan/ws_ros2/install/px4_msgs/include/px4_msgs/px4_msgs/msg/gimbal_manager_information.hpp
[6.405s] -- Up-to-date: /home/stepan/ws_ros2/install/px4_msgs/include/px4_msgs/px4_msgs/msg/estimator_bias.hpp
[6.406s] -- Up-to-date: /home/stepan/ws_ros2/install/px4_msgs/include/px4_msgs/px4_msgs/msg/esc_report.hpp
[6.407s] -- Up-to-date: /home/stepan/ws_ros2/install/px4_msgs/include/px4_msgs/px4_msgs/msg/sensor_hygrometer.hpp
[6.408s] -- Up-to-date: /home/stepan/ws_ros2/install/px4_msgs/include/px4_msgs/px4_msgs/msg/adc_report.hpp
[6.409s] -- Up-to-date: /home/stepan/ws_ros2/install/px4_msgs/include/px4_msgs/px4_msgs/msg/estimator_aid_source2d.hpp
[6.410s] -- Up-to-date: /home/stepan/ws_ros2/install/px4_msgs/include/px4_msgs/px4_msgs/msg/led_control.hpp
[6.410s] -- Up-to-date: /home/stepan/ws_ros2/install/px4_msgs/include/px4_msgs/px4_msgs/msg/sensor_baro.hpp
[6.412s] -- Up-to-date: /home/stepan/ws_ros2/install/px4_msgs/include/px4_msgs/px4_msgs/msg/vehicle_constraints.hpp
[6.413s] -- Up-to-date: /home/stepan/ws_ros2/install/px4_msgs/include/px4_msgs/px4_msgs/msg/vehicle_attitude.hpp
[6.413s] -- Up-to-date: /home/stepan/ws_ros2/install/px4_msgs/include/px4_msgs/px4_msgs/msg/vehicle_air_data.hpp
[6.413s] -- Up-to-date: /home/stepan/ws_ros2/install/px4_msgs/include/px4_msgs/px4_msgs/msg/tecs_status.hpp
[6.413s] -- Up-to-date: /home/stepan/ws_ros2/install/px4_msgs/include/px4_msgs/px4_msgs/msg/parameter_reset_request.hpp
[6.414s] -- Up-to-date: /home/stepan/ws_ros2/install/px4_msgs/include/px4_msgs/px4_msgs/msg/trajectory_setpoint.hpp
[6.414s] -- Up-to-date: /home/stepan/ws_ros2/install/px4_msgs/include/px4_msgs/px4_msgs/msg/rc_parameter_map.hpp
[6.414s] -- Up-to-date: /home/stepan/ws_ros2/install/px4_msgs/include/px4_msgs/px4_msgs/msg/open_drone_id_system.hpp
[6.414s] -- Up-to-date: /home/stepan/ws_ros2/install/px4_msgs/include/px4_msgs/px4_msgs/msg/goto_setpoint.hpp
[6.414s] -- Up-to-date: /home/stepan/ws_ros2/install/px4_msgs/include/px4_msgs/px4_msgs/msg/vehicle_magnetometer.hpp
[6.415s] -- Up-to-date: /home/stepan/ws_ros2/install/px4_msgs/include/px4_msgs/px4_msgs/msg/gimbal_manager_status.hpp
[6.415s] -- Up-to-date: /home/stepan/ws_ros2/install/px4_msgs/include/px4_msgs/px4_msgs/msg/estimator_states.hpp
[6.416s] -- Up-to-date: /home/stepan/ws_ros2/install/px4_msgs/include/px4_msgs/px4_msgs/msg/rover_velocity_status.hpp
[6.416s] -- Up-to-date: /home/stepan/ws_ros2/install/px4_msgs/include/px4_msgs/px4_msgs/msg/wheel_encoders.hpp
[6.416s] -- Up-to-date: /home/stepan/ws_ros2/install/px4_msgs/include/px4_msgs/px4_msgs/msg/can_interface_status.hpp
[6.416s] -- Up-to-date: /home/stepan/ws_ros2/install/px4_msgs/include/px4_msgs/px4_msgs/msg/vehicle_global_position.hpp
[6.416s] -- Up-to-date: /home/stepan/ws_ros2/install/px4_msgs/include/px4_msgs/px4_msgs/msg/actuator_test.hpp
[6.417s] -- Up-to-date: /home/stepan/ws_ros2/install/px4_msgs/include/px4_msgs/px4_msgs/msg/gpio_out.hpp
[6.417s] -- Up-to-date: /home/stepan/ws_ros2/install/px4_msgs/include/px4_msgs/px4_msgs/msg/vehicle_angular_velocity.hpp
[6.417s] -- Up-to-date: /home/stepan/ws_ros2/install/px4_msgs/include/px4_msgs/px4_msgs/msg/mavlink_tunnel.hpp
[6.417s] -- Up-to-date: /home/stepan/ws_ros2/install/px4_msgs/include/px4_msgs/px4_msgs/msg/vehicle_optical_flow_vel.hpp
[6.417s] -- Up-to-date: /home/stepan/ws_ros2/install/px4_msgs/include/px4_msgs/px4_msgs/msg/parameter_set_value_response.hpp
[6.418s] -- Up-to-date: /home/stepan/ws_ros2/install/px4_msgs/include/px4_msgs/px4_msgs/msg/actuator_servos.hpp
[6.418s] -- Up-to-date: /home/stepan/ws_ros2/install/px4_msgs/include/px4_msgs/px4_msgs/msg/unregister_ext_component.hpp
[6.418s] -- Up-to-date: /home/stepan/ws_ros2/install/px4_msgs/include/px4_msgs/px4_msgs/msg/manual_control_switches.hpp
[6.418s] -- Up-to-date: /home/stepan/ws_ros2/install/px4_msgs/include/px4_msgs/px4_msgs/msg/gpio_in.hpp
[6.419s] -- Up-to-date: /home/stepan/ws_ros2/install/px4_msgs/include/px4_msgs/px4_msgs/msg/differential_pressure.hpp
[6.420s] -- Up-to-date: /home/stepan/ws_ros2/install/px4_msgs/include/px4_msgs/px4_msgs/msg/vehicle_acceleration.hpp
[6.420s] -- Up-to-date: /home/stepan/ws_ros2/install/px4_msgs/include/px4_msgs/px4_msgs/msg/log_message.hpp
[6.421s] -- Up-to-date: /home/stepan/ws_ros2/install/px4_msgs/include/px4_msgs/px4_msgs/msg/px4io_status.hpp
[6.423s] -- Up-to-date: /home/stepan/ws_ros2/install/px4_msgs/include/px4_msgs/px4_msgs/msg/vehicle_command_ack.hpp
[6.424s] -- Up-to-date: /home/stepan/ws_ros2/install/px4_msgs/include/px4_msgs/px4_msgs/msg/estimator_selector_status.hpp
[6.424s] -- Up-to-date: /home/stepan/ws_ros2/install/px4_msgs/include/px4_msgs/px4_msgs/msg/obstacle_distance.hpp
[6.425s] -- Up-to-date: /home/stepan/ws_ros2/install/px4_msgs/include/px4_msgs/px4_msgs/msg/telemetry_status.hpp
[6.425s] -- Up-to-date: /home/stepan/ws_ros2/install/px4_msgs/include/px4_msgs/px4_msgs/msg/qshell_retval.hpp
[6.426s] -- Up-to-date: /home/stepan/ws_ros2/install/px4_msgs/include/px4_msgs/px4_msgs/msg/magnetometer_bias_estimate.hpp
[6.426s] -- Up-to-date: /home/stepan/ws_ros2/install/px4_msgs/include/px4_msgs/px4_msgs/msg/collision_constraints.hpp
[6.427s] -- Up-to-date: /home/stepan/ws_ros2/install/px4_msgs/include/px4_msgs/px4_msgs/msg/sensor_correction.hpp
[6.427s] -- Up-to-date: /home/stepan/ws_ros2/install/px4_msgs/include/px4_msgs/px4_msgs/msg/actuator_armed.hpp
[6.427s] -- Up-to-date: /home/stepan/ws_ros2/install/px4_msgs/include/px4_msgs/px4_msgs/msg/distance_sensor_mode_change_request.hpp
[6.429s] -- Up-to-date: /home/stepan/ws_ros2/install/px4_msgs/include/px4_msgs/px4_msgs/msg/sensor_gyro_fifo.hpp
[6.429s] -- Up-to-date: /home/stepan/ws_ros2/install/px4_msgs/include/px4_msgs/px4_msgs/msg/open_drone_id_operator_id.hpp
[6.429s] -- Up-to-date: /home/stepan/ws_ros2/install/px4_msgs/include/px4_msgs/px4_msgs/msg/tiltrotor_extra_controls.hpp
[6.429s] -- Up-to-date: /home/stepan/ws_ros2/install/px4_msgs/include/px4_msgs/px4_msgs/msg/sensor_combined.hpp
[6.430s] -- Up-to-date: /home/stepan/ws_ros2/install/px4_msgs/include/px4_msgs/px4_msgs/msg/ekf2_timestamps.hpp
[6.430s] -- Up-to-date: /home/stepan/ws_ros2/install/px4_msgs/include/px4_msgs/px4_msgs/msg/rover_attitude_setpoint.hpp
[6.430s] -- Up-to-date: /home/stepan/ws_ros2/install/px4_msgs/include/px4_msgs/px4_msgs/msg/vehicle_optical_flow.hpp
[6.430s] -- Up-to-date: /home/stepan/ws_ros2/install/px4_msgs/include/px4_msgs/px4_msgs/msg/actuator_motors.hpp
[6.430s] -- Up-to-date: /home/stepan/ws_ros2/install/px4_msgs/include/px4_msgs/px4_msgs/msg/arming_check_reply.hpp
[6.431s] -- Up-to-date: /home/stepan/ws_ros2/install/px4_msgs/include/px4_msgs/px4_msgs/msg/gpio_config.hpp
[6.431s] -- Up-to-date: /home/stepan/ws_ros2/install/px4_msgs/include/px4_msgs/px4_msgs/msg/vehicle_thrust_setpoint.hpp
[6.431s] -- Up-to-date: /home/stepan/ws_ros2/install/px4_msgs/include/px4_msgs/px4_msgs/msg/vehicle_rates_setpoint.hpp
[6.431s] -- Up-to-date: /home/stepan/ws_ros2/install/px4_msgs/include/px4_msgs/px4_msgs/msg/mode_completed.hpp
[6.431s] -- Up-to-date: /home/stepan/ws_ros2/install/px4_msgs/include/px4_msgs/px4_msgs/msg/message_format_response.hpp
[6.431s] -- Up-to-date: /home/stepan/ws_ros2/install/px4_msgs/include/px4_msgs/px4_msgs/msg/gps_dump.hpp
[6.432s] -- Up-to-date: /home/stepan/ws_ros2/install/px4_msgs/include/px4_msgs/px4_msgs/msg/camera_status.hpp
[6.432s] -- Up-to-date: /home/stepan/ws_ros2/install/px4_msgs/include/px4_msgs/px4_msgs/msg/geofence_result.hpp
[6.432s] -- Up-to-date: /home/stepan/ws_ros2/install/px4_msgs/include/px4_msgs/px4_msgs/msg/rpm.hpp
[6.432s] -- Up-to-date: /home/stepan/ws_ros2/install/px4_msgs/include/px4_msgs/px4_msgs/msg/flight_phase_estimation.hpp
[6.433s] -- Up-to-date: /home/stepan/ws_ros2/install/px4_msgs/include/px4_msgs/px4_msgs/msg/estimator_aid_source3d.hpp
[6.433s] -- Up-to-date: /home/stepan/ws_ros2/install/px4_msgs/include/px4_msgs/px4_msgs/msg/home_position.hpp
[6.433s] -- Up-to-date: /home/stepan/ws_ros2/install/px4_msgs/include/px4_msgs/px4_msgs/msg/position_setpoint.hpp
[6.433s] -- Up-to-date: /home/stepan/ws_ros2/install/px4_msgs/include/px4_msgs/px4_msgs/msg/position_controller_status.hpp
[6.433s] -- Up-to-date: /home/stepan/ws_ros2/install/px4_msgs/include/px4_msgs/px4_msgs/msg/sensor_gyro_fft.hpp
[6.433s] -- Up-to-date: /home/stepan/ws_ros2/install/px4_msgs/include/px4_msgs/px4_msgs/msg/rtl_status.hpp
[6.434s] -- Up-to-date: /home/stepan/ws_ros2/install/px4_msgs/include/px4_msgs/px4_msgs/msg/position_setpoint_triplet.hpp
[6.434s] -- Up-to-date: /home/stepan/ws_ros2/install/px4_msgs/include/px4_msgs/px4_msgs/msg/npfg_status.hpp
[6.434s] -- Up-to-date: /home/stepan/ws_ros2/install/px4_msgs/include/px4_msgs/px4_msgs/msg/rover_throttle_setpoint.hpp
[6.434s] -- Up-to-date: /home/stepan/ws_ros2/install/px4_msgs/include/px4_msgs/px4_msgs/msg/action_request.hpp
[6.435s] -- Up-to-date: /home/stepan/ws_ros2/install/px4_msgs/include/px4_msgs/px4_msgs/msg/velocity_limits.hpp
[6.436s] -- Up-to-date: /home/stepan/ws_ros2/install/px4_msgs/include/px4_msgs/px4_msgs/msg/event.hpp
[6.437s] -- Up-to-date: /home/stepan/ws_ros2/install/px4_msgs/include/px4_msgs/px4_msgs/msg/actuator_controls_status.hpp
[6.438s] -- Up-to-date: /home/stepan/ws_ros2/install/px4_msgs/include/px4_msgs/px4_msgs/msg/mission_result.hpp
[6.439s] -- Up-to-date: /home/stepan/ws_ros2/install/px4_msgs/include/px4_msgs/px4_msgs/msg/launch_detection_status.hpp
[6.440s] -- Up-to-date: /home/stepan/ws_ros2/install/px4_msgs/include/px4_msgs/px4_msgs/msg/camera_trigger.hpp
[6.441s] -- Up-to-date: /home/stepan/ws_ros2/install/px4_msgs/include/px4_msgs/px4_msgs/msg/radio_status.hpp
[6.441s] -- Up-to-date: /home/stepan/ws_ros2/install/px4_msgs/include/px4_msgs/px4_msgs/msg/debug_value.hpp
[6.442s] -- Up-to-date: /home/stepan/ws_ros2/install/px4_msgs/include/px4_msgs/px4_msgs/msg/rate_ctrl_status.hpp
[6.442s] -- Up-to-date: /home/stepan/ws_ros2/install/px4_msgs/include/px4_msgs/px4_msgs/msg/landing_target_innovations.hpp
[6.443s] -- Up-to-date: /home/stepan/ws_ros2/install/px4_msgs/include/px4_msgs/px4_msgs/msg/vehicle_command.hpp
[6.443s] -- Up-to-date: /home/stepan/ws_ros2/install/px4_msgs/include/px4_msgs/px4_msgs/msg/offboard_control_mode.hpp
[6.444s] -- Up-to-date: /home/stepan/ws_ros2/install/px4_msgs/include/px4_msgs/px4_msgs/msg/rover_attitude_status.hpp
[6.444s] -- Up-to-date: /home/stepan/ws_ros2/install/px4_msgs/include/px4_msgs/px4_msgs/msg/manual_control_setpoint.hpp
[6.445s] -- Up-to-date: /home/stepan/ws_ros2/install/px4_msgs/include/px4_msgs/px4_msgs/msg/sensor_preflight_mag.hpp
[6.446s] -- Up-to-date: /home/stepan/ws_ros2/install/px4_msgs/include/px4_msgs/px4_msgs/msg/detail
[6.446s] -- Up-to-date: /home/stepan/ws_ros2/install/px4_msgs/include/px4_msgs/px4_msgs/msg/detail/gpio_out__struct.hpp
[6.446s] -- Up-to-date: /home/stepan/ws_ros2/install/px4_msgs/include/px4_msgs/px4_msgs/msg/detail/logger_status__struct.hpp
[6.446s] -- Up-to-date: /home/stepan/ws_ros2/install/px4_msgs/include/px4_msgs/px4_msgs/msg/detail/mavlink_log__struct.hpp
[6.446s] -- Up-to-date: /home/stepan/ws_ros2/install/px4_msgs/include/px4_msgs/px4_msgs/msg/detail/estimator_bias__builder.hpp
[6.447s] -- Up-to-date: /home/stepan/ws_ros2/install/px4_msgs/include/px4_msgs/px4_msgs/msg/detail/qshell_req__builder.hpp
[6.447s] -- Up-to-date: /home/stepan/ws_ros2/install/px4_msgs/include/px4_msgs/px4_msgs/msg/detail/position_setpoint__builder.hpp
[6.447s] -- Up-to-date: /home/stepan/ws_ros2/install/px4_msgs/include/px4_msgs/px4_msgs/msg/detail/gimbal_manager_status__traits.hpp
[6.447s] -- Up-to-date: /home/stepan/ws_ros2/install/px4_msgs/include/px4_msgs/px4_msgs/msg/detail/rc_parameter_map__struct.hpp
[6.447s] -- Up-to-date: /home/stepan/ws_ros2/install/px4_msgs/include/px4_msgs/px4_msgs/msg/detail/vehicle_roi__traits.hpp
[6.447s] -- Up-to-date: /home/stepan/ws_ros2/install/px4_msgs/include/px4_msgs/px4_msgs/msg/detail/autotune_attitude_control_status__traits.hpp
[6.448s] -- Up-to-date: /home/stepan/ws_ros2/install/px4_msgs/include/px4_msgs/px4_msgs/msg/detail/estimator_selector_status__builder.hpp
[6.448s] -- Up-to-date: /home/stepan/ws_ros2/install/px4_msgs/include/px4_msgs/px4_msgs/msg/detail/fuel_tank_status__type_support.hpp
[6.448s] -- Up-to-date: /home/stepan/ws_ros2/install/px4_msgs/include/px4_msgs/px4_msgs/msg/detail/mavlink_log__type_support.hpp
[6.448s] -- Up-to-date: /home/stepan/ws_ros2/install/px4_msgs/include/px4_msgs/px4_msgs/msg/detail/position_controller_status__type_support.hpp
[6.448s] -- Up-to-date: /home/stepan/ws_ros2/install/px4_msgs/include/px4_msgs/px4_msgs/msg/detail/task_stack_info__struct.hpp
[6.449s] -- Up-to-date: /home/stepan/ws_ros2/install/px4_msgs/include/px4_msgs/px4_msgs/msg/detail/position_setpoint_triplet__traits.hpp
[6.449s] -- Up-to-date: /home/stepan/ws_ros2/install/px4_msgs/include/px4_msgs/px4_msgs/msg/detail/distance_sensor_mode_change_request__traits.hpp
[6.449s] -- Up-to-date: /home/stepan/ws_ros2/install/px4_msgs/include/px4_msgs/px4_msgs/msg/detail/gpio_config__type_support.hpp
[6.449s] -- Up-to-date: /home/stepan/ws_ros2/install/px4_msgs/include/px4_msgs/px4_msgs/msg/detail/irlock_report__traits.hpp
[6.449s] -- Up-to-date: /home/stepan/ws_ros2/install/px4_msgs/include/px4_msgs/px4_msgs/msg/detail/ekf2_timestamps__struct.hpp
[6.450s] -- Up-to-date: /home/stepan/ws_ros2/install/px4_msgs/include/px4_msgs/px4_msgs/msg/detail/sensor_optical_flow__builder.hpp
[6.450s] -- Up-to-date: /home/stepan/ws_ros2/install/px4_msgs/include/px4_msgs/px4_msgs/msg/detail/iridiumsbd_status__traits.hpp
[6.450s] -- Up-to-date: /home/stepan/ws_ros2/install/px4_msgs/include/px4_msgs/px4_msgs/msg/detail/goto_setpoint__builder.hpp
[6.451s] -- Up-to-date: /home/stepan/ws_ros2/install/px4_msgs/include/px4_msgs/px4_msgs/msg/detail/adc_report__struct.hpp
[6.452s] -- Up-to-date: /home/stepan/ws_ros2/install/px4_msgs/include/px4_msgs/px4_msgs/msg/detail/message_format_response__builder.hpp
[6.452s] -- Up-to-date: /home/stepan/ws_ros2/install/px4_msgs/include/px4_msgs/px4_msgs/msg/detail/cpuload__traits.hpp
[6.453s] -- Up-to-date: /home/stepan/ws_ros2/install/px4_msgs/include/px4_msgs/px4_msgs/msg/detail/estimator_bias__traits.hpp
[6.455s] -- Up-to-date: /home/stepan/ws_ros2/install/px4_msgs/include/px4_msgs/px4_msgs/msg/detail/sensor_accel__struct.hpp
[6.456s] -- Up-to-date: /home/stepan/ws_ros2/install/px4_msgs/include/px4_msgs/px4_msgs/msg/detail/distance_sensor__builder.hpp
[6.456s] -- Up-to-date: /home/stepan/ws_ros2/install/px4_msgs/include/px4_msgs/px4_msgs/msg/detail/action_request__struct.hpp
[6.457s] -- Up-to-date: /home/stepan/ws_ros2/install/px4_msgs/include/px4_msgs/px4_msgs/msg/detail/geofence_result__builder.hpp
[6.458s] -- Up-to-date: /home/stepan/ws_ros2/install/px4_msgs/include/px4_msgs/px4_msgs/msg/detail/register_ext_component_reply__builder.hpp
[6.459s] -- Up-to-date: /home/stepan/ws_ros2/install/px4_msgs/include/px4_msgs/px4_msgs/msg/detail/rover_attitude_setpoint__struct.hpp
[6.459s] -- Up-to-date: /home/stepan/ws_ros2/install/px4_msgs/include/px4_msgs/px4_msgs/msg/detail/wind__builder.hpp
[6.461s] -- Up-to-date: /home/stepan/ws_ros2/install/px4_msgs/include/px4_msgs/px4_msgs/msg/detail/input_rc__type_support.hpp
[6.461s] -- Up-to-date: /home/stepan/ws_ros2/install/px4_msgs/include/px4_msgs/px4_msgs/msg/detail/cellular_status__builder.hpp
[6.461s] -- Up-to-date: /home/stepan/ws_ros2/install/px4_msgs/include/px4_msgs/px4_msgs/msg/detail/vehicle_roi__type_support.hpp
[6.462s] -- Up-to-date: /home/stepan/ws_ros2/install/px4_msgs/include/px4_msgs/px4_msgs/msg/detail/estimator_aid_source1d__traits.hpp
[6.462s] -- Up-to-date: /home/stepan/ws_ros2/install/px4_msgs/include/px4_msgs/px4_msgs/msg/detail/estimator_gps_status__traits.hpp
[6.462s] -- Up-to-date: /home/stepan/ws_ros2/install/px4_msgs/include/px4_msgs/px4_msgs/msg/detail/differential_pressure__traits.hpp
[6.462s] -- Up-to-date: /home/stepan/ws_ros2/install/px4_msgs/include/px4_msgs/px4_msgs/msg/detail/sensors_status_imu__builder.hpp
[6.463s] -- Up-to-date: /home/stepan/ws_ros2/install/px4_msgs/include/px4_msgs/px4_msgs/msg/detail/sensor_accel_fifo__type_support.hpp
[6.463s] -- Up-to-date: /home/stepan/ws_ros2/install/px4_msgs/include/px4_msgs/px4_msgs/msg/detail/gripper__builder.hpp
[6.463s] -- Up-to-date: /home/stepan/ws_ros2/install/px4_msgs/include/px4_msgs/px4_msgs/msg/detail/rover_rate_status__struct.hpp
[6.463s] -- Up-to-date: /home/stepan/ws_ros2/install/px4_msgs/include/px4_msgs/px4_msgs/msg/detail/camera_capture__struct.hpp
[6.463s] -- Up-to-date: /home/stepan/ws_ros2/install/px4_msgs/include/px4_msgs/px4_msgs/msg/detail/orbit_status__struct.hpp
[6.463s] -- Up-to-date: /home/stepan/ws_ros2/install/px4_msgs/include/px4_msgs/px4_msgs/msg/detail/radio_status__type_support.hpp
[6.464s] -- Up-to-date: /home/stepan/ws_ros2/install/px4_msgs/include/px4_msgs/px4_msgs/msg/detail/autotune_attitude_control_status__type_support.hpp
[6.464s] -- Up-to-date: /home/stepan/ws_ros2/install/px4_msgs/include/px4_msgs/px4_msgs/msg/detail/vehicle_local_position__traits.hpp
[6.464s] -- Up-to-date: /home/stepan/ws_ros2/install/px4_msgs/include/px4_msgs/px4_msgs/msg/detail/tune_control__builder.hpp
[6.464s] -- Up-to-date: /home/stepan/ws_ros2/install/px4_msgs/include/px4_msgs/px4_msgs/msg/detail/estimator_innovations__traits.hpp
[6.464s] -- Up-to-date: /home/stepan/ws_ros2/install/px4_msgs/include/px4_msgs/px4_msgs/msg/detail/rover_attitude_setpoint__traits.hpp
[6.465s] -- Up-to-date: /home/stepan/ws_ros2/install/px4_msgs/include/px4_msgs/px4_msgs/msg/detail/dataman_response__traits.hpp
[6.465s] -- Up-to-date: /home/stepan/ws_ros2/install/px4_msgs/include/px4_msgs/px4_msgs/msg/detail/esc_status__traits.hpp
[6.465s] -- Up-to-date: /home/stepan/ws_ros2/install/px4_msgs/include/px4_msgs/px4_msgs/msg/detail/estimator_innovations__type_support.hpp
[6.465s] -- Up-to-date: /home/stepan/ws_ros2/install/px4_msgs/include/px4_msgs/px4_msgs/msg/detail/actuator_controls_status__struct.hpp
[6.465s] -- Up-to-date: /home/stepan/ws_ros2/install/px4_msgs/include/px4_msgs/px4_msgs/msg/detail/sensor_mag__builder.hpp
[6.466s] -- Up-to-date: /home/stepan/ws_ros2/install/px4_msgs/include/px4_msgs/px4_msgs/msg/detail/vehicle_command__type_support.hpp
[6.467s] -- Up-to-date: /home/stepan/ws_ros2/install/px4_msgs/include/px4_msgs/px4_msgs/msg/detail/vehicle_magnetometer__type_support.hpp
[6.468s] -- Up-to-date: /home/stepan/ws_ros2/install/px4_msgs/include/px4_msgs/px4_msgs/msg/detail/actuator_test__struct.hpp
[6.469s] -- Up-to-date: /home/stepan/ws_ros2/install/px4_msgs/include/px4_msgs/px4_msgs/msg/detail/vehicle_optical_flow_vel__builder.hpp
[6.469s] -- Up-to-date: /home/stepan/ws_ros2/install/px4_msgs/include/px4_msgs/px4_msgs/msg/detail/yaw_estimator_status__struct.hpp
[6.470s] -- Up-to-date: /home/stepan/ws_ros2/install/px4_msgs/include/px4_msgs/px4_msgs/msg/detail/landing_target_pose__traits.hpp
[6.471s] -- Up-to-date: /home/stepan/ws_ros2/install/px4_msgs/include/px4_msgs/px4_msgs/msg/detail/uavcan_parameter_request__traits.hpp
[6.472s] -- Up-to-date: /home/stepan/ws_ros2/install/px4_msgs/include/px4_msgs/px4_msgs/msg/detail/generator_status__type_support.hpp
[6.472s] -- Up-to-date: /home/stepan/ws_ros2/install/px4_msgs/include/px4_msgs/px4_msgs/msg/detail/battery_status__struct.hpp
[6.473s] -- Up-to-date: /home/stepan/ws_ros2/install/px4_msgs/include/px4_msgs/px4_msgs/msg/detail/control_allocator_status__traits.hpp
[6.473s] -- Up-to-date: /home/stepan/ws_ros2/install/px4_msgs/include/px4_msgs/px4_msgs/msg/detail/sensor_mag__type_support.hpp
[6.473s] -- Up-to-date: /home/stepan/ws_ros2/install/px4_msgs/include/px4_msgs/px4_msgs/msg/detail/rate_ctrl_status__builder.hpp
[6.474s] -- Up-to-date: /home/stepan/ws_ros2/install/px4_msgs/include/px4_msgs/px4_msgs/msg/detail/follow_target_status__struct.hpp
[6.475s] -- Up-to-date: /home/stepan/ws_ros2/install/px4_msgs/include/px4_msgs/px4_msgs/msg/detail/actuator_outputs__struct.hpp
[6.476s] -- Up-to-date: /home/stepan/ws_ros2/install/px4_msgs/include/px4_msgs/px4_msgs/msg/detail/vehicle_rates_setpoint__builder.hpp
[6.476s] -- Up-to-date: /home/stepan/ws_ros2/install/px4_msgs/include/px4_msgs/px4_msgs/msg/detail/vehicle_global_position__type_support.hpp
[6.477s] -- Up-to-date: /home/stepan/ws_ros2/install/px4_msgs/include/px4_msgs/px4_msgs/msg/detail/sensor_uwb__type_support.hpp
[6.477s] -- Up-to-date: /home/stepan/ws_ros2/install/px4_msgs/include/px4_msgs/px4_msgs/msg/detail/takeoff_status__struct.hpp
[6.477s] -- Up-to-date: /home/stepan/ws_ros2/install/px4_msgs/include/px4_msgs/px4_msgs/msg/detail/vehicle_status__type_support.hpp
[6.477s] -- Up-to-date: /home/stepan/ws_ros2/install/px4_msgs/include/px4_msgs/px4_msgs/msg/detail/sensor_gyro_fft__traits.hpp
[6.477s] -- Up-to-date: /home/stepan/ws_ros2/install/px4_msgs/include/px4_msgs/px4_msgs/msg/detail/obstacle_distance__type_support.hpp
[6.478s] -- Up-to-date: /home/stepan/ws_ros2/install/px4_msgs/include/px4_msgs/px4_msgs/msg/detail/gimbal_manager_set_attitude__traits.hpp
[6.478s] -- Up-to-date: /home/stepan/ws_ros2/install/px4_msgs/include/px4_msgs/px4_msgs/msg/detail/failure_detector_status__struct.hpp
[6.478s] -- Up-to-date: /home/stepan/ws_ros2/install/px4_msgs/include/px4_msgs/px4_msgs/msg/detail/estimator_status_flags__struct.hpp
[6.478s] -- Up-to-date: /home/stepan/ws_ros2/install/px4_msgs/include/px4_msgs/px4_msgs/msg/detail/control_allocator_status__struct.hpp
[6.478s] -- Up-to-date: /home/stepan/ws_ros2/install/px4_msgs/include/px4_msgs/px4_msgs/msg/detail/vehicle_angular_acceleration_setpoint__builder.hpp
[6.479s] -- Up-to-date: /home/stepan/ws_ros2/install/px4_msgs/include/px4_msgs/px4_msgs/msg/detail/open_drone_id_self_id__traits.hpp
[6.479s] -- Up-to-date: /home/stepan/ws_ros2/install/px4_msgs/include/px4_msgs/px4_msgs/msg/detail/offboard_control_mode__struct.hpp
[6.479s] -- Up-to-date: /home/stepan/ws_ros2/install/px4_msgs/include/px4_msgs/px4_msgs/msg/detail/vehicle_magnetometer__struct.hpp
[6.479s] -- Up-to-date: /home/stepan/ws_ros2/install/px4_msgs/include/px4_msgs/px4_msgs/msg/detail/actuator_motors__type_support.hpp
[6.479s] -- Up-to-date: /home/stepan/ws_ros2/install/px4_msgs/include/px4_msgs/px4_msgs/msg/detail/mission__traits.hpp
[6.480s] -- Up-to-date: /home/stepan/ws_ros2/install/px4_msgs/include/px4_msgs/px4_msgs/msg/detail/debug_array__traits.hpp
[6.480s] -- Up-to-date: /home/stepan/ws_ros2/install/px4_msgs/include/px4_msgs/px4_msgs/msg/detail/vehicle_local_position_setpoint__struct.hpp
[6.480s] -- Up-to-date: /home/stepan/ws_ros2/install/px4_msgs/include/px4_msgs/px4_msgs/msg/detail/estimator_status_flags__traits.hpp
[6.480s] -- Up-to-date: /home/stepan/ws_ros2/install/px4_msgs/include/px4_msgs/px4_msgs/msg/detail/estimator_states__traits.hpp
[6.480s] -- Up-to-date: /home/stepan/ws_ros2/install/px4_msgs/include/px4_msgs/px4_msgs/msg/detail/fuel_tank_status__traits.hpp
[6.480s] -- Up-to-date: /home/stepan/ws_ros2/install/px4_msgs/include/px4_msgs/px4_msgs/msg/detail/esc_report__type_support.hpp
[6.481s] -- Up-to-date: /home/stepan/ws_ros2/install/px4_msgs/include/px4_msgs/px4_msgs/msg/detail/airspeed__builder.hpp
[6.481s] -- Up-to-date: /home/stepan/ws_ros2/install/px4_msgs/include/px4_msgs/px4_msgs/msg/detail/velocity_limits__builder.hpp
[6.481s] -- Up-to-date: /home/stepan/ws_ros2/install/px4_msgs/include/px4_msgs/px4_msgs/msg/detail/orb_test__type_support.hpp
[6.481s] -- Up-to-date: /home/stepan/ws_ros2/install/px4_msgs/include/px4_msgs/px4_msgs/msg/detail/actuator_test__builder.hpp
[6.482s] -- Up-to-date: /home/stepan/ws_ros2/install/px4_msgs/include/px4_msgs/px4_msgs/msg/detail/orb_test_large__traits.hpp
[6.482s] -- Up-to-date: /home/stepan/ws_ros2/install/px4_msgs/include/px4_msgs/px4_msgs/msg/detail/orb_test__struct.hpp
[6.482s] -- Up-to-date: /home/stepan/ws_ros2/install/px4_msgs/include/px4_msgs/px4_msgs/msg/detail/hover_thrust_estimate__type_support.hpp
[6.484s] -- Up-to-date: /home/stepan/ws_ros2/install/px4_msgs/include/px4_msgs/px4_msgs/msg/detail/camera_trigger__builder.hpp
[6.484s] -- Up-to-date: /home/stepan/ws_ros2/install/px4_msgs/include/px4_msgs/px4_msgs/msg/detail/parameter_set_used_request__type_support.hpp
[6.485s] -- Up-to-date: /home/stepan/ws_ros2/install/px4_msgs/include/px4_msgs/px4_msgs/msg/detail/gripper__type_support.hpp
[6.486s] -- Up-to-date: /home/stepan/ws_ros2/install/px4_msgs/include/px4_msgs/px4_msgs/msg/detail/manual_control_switches__type_support.hpp
[6.487s] -- Up-to-date: /home/stepan/ws_ros2/install/px4_msgs/include/px4_msgs/px4_msgs/msg/detail/vehicle_rates_setpoint__struct.hpp
[6.488s] -- Up-to-date: /home/stepan/ws_ros2/install/px4_msgs/include/px4_msgs/px4_msgs/msg/detail/vehicle_status__struct.hpp
[6.489s] -- Up-to-date: /home/stepan/ws_ros2/install/px4_msgs/include/px4_msgs/px4_msgs/msg/detail/mission_result__type_support.hpp
[6.489s] -- Up-to-date: /home/stepan/ws_ros2/install/px4_msgs/include/px4_msgs/px4_msgs/msg/detail/sensor_preflight_mag__traits.hpp
[6.490s] -- Up-to-date: /home/stepan/ws_ros2/install/px4_msgs/include/px4_msgs/px4_msgs/msg/detail/actuator_controls_status__builder.hpp
[6.490s] -- Up-to-date: /home/stepan/ws_ros2/install/px4_msgs/include/px4_msgs/px4_msgs/msg/detail/transponder_report__traits.hpp
[6.491s] -- Up-to-date: /home/stepan/ws_ros2/install/px4_msgs/include/px4_msgs/px4_msgs/msg/detail/failure_detector_status__type_support.hpp
[6.492s] -- Up-to-date: /home/stepan/ws_ros2/install/px4_msgs/include/px4_msgs/px4_msgs/msg/detail/trajectory_setpoint__traits.hpp
[6.493s] -- Up-to-date: /home/stepan/ws_ros2/install/px4_msgs/include/px4_msgs/px4_msgs/msg/detail/estimator_bias3d__traits.hpp
[6.493s] -- Up-to-date: /home/stepan/ws_ros2/install/px4_msgs/include/px4_msgs/px4_msgs/msg/detail/input_rc__builder.hpp
[6.494s] -- Up-to-date: /home/stepan/ws_ros2/install/px4_msgs/include/px4_msgs/px4_msgs/msg/detail/estimator_gps_status__struct.hpp
[6.494s] -- Up-to-date: /home/stepan/ws_ros2/install/px4_msgs/include/px4_msgs/px4_msgs/msg/detail/sensor_gyro_fifo__builder.hpp
[6.494s] -- Up-to-date: /home/stepan/ws_ros2/install/px4_msgs/include/px4_msgs/px4_msgs/msg/detail/rate_ctrl_status__type_support.hpp
[6.494s] -- Up-to-date: /home/stepan/ws_ros2/install/px4_msgs/include/px4_msgs/px4_msgs/msg/detail/health_report__struct.hpp
[6.494s] -- Up-to-date: /home/stepan/ws_ros2/install/px4_msgs/include/px4_msgs/px4_msgs/msg/detail/vehicle_roi__struct.hpp
[6.495s] -- Up-to-date: /home/stepan/ws_ros2/install/px4_msgs/include/px4_msgs/px4_msgs/msg/detail/satellite_info__type_support.hpp
[6.495s] -- Up-to-date: /home/stepan/ws_ros2/install/px4_msgs/include/px4_msgs/px4_msgs/msg/detail/yaw_estimator_status__type_support.hpp
[6.495s] -- Up-to-date: /home/stepan/ws_ros2/install/px4_msgs/include/px4_msgs/px4_msgs/msg/detail/sensor_uwb__struct.hpp
[6.495s] -- Up-to-date: /home/stepan/ws_ros2/install/px4_msgs/include/px4_msgs/px4_msgs/msg/detail/landing_gear_wheel__builder.hpp
[6.496s] -- Up-to-date: /home/stepan/ws_ros2/install/px4_msgs/include/px4_msgs/px4_msgs/msg/detail/sensor_gnss_relative__type_support.hpp
[6.496s] -- Up-to-date: /home/stepan/ws_ros2/install/px4_msgs/include/px4_msgs/px4_msgs/msg/detail/velocity_limits__type_support.hpp
[6.496s] -- Up-to-date: /home/stepan/ws_ros2/install/px4_msgs/include/px4_msgs/px4_msgs/msg/detail/actuator_controls_status__type_support.hpp
[6.496s] -- Up-to-date: /home/stepan/ws_ros2/install/px4_msgs/include/px4_msgs/px4_msgs/msg/detail/gimbal_device_information__type_support.hpp
[6.496s] -- Up-to-date: /home/stepan/ws_ros2/install/px4_msgs/include/px4_msgs/px4_msgs/msg/detail/mount_orientation__traits.hpp
[6.496s] -- Up-to-date: /home/stepan/ws_ros2/install/px4_msgs/include/px4_msgs/px4_msgs/msg/detail/debug_key_value__builder.hpp
[6.497s] -- Up-to-date: /home/stepan/ws_ros2/install/px4_msgs/include/px4_msgs/px4_msgs/msg/detail/geofence_result__traits.hpp
[6.497s] -- Up-to-date: /home/stepan/ws_ros2/install/px4_msgs/include/px4_msgs/px4_msgs/msg/detail/estimator_states__builder.hpp
[6.497s] -- Up-to-date: /home/stepan/ws_ros2/install/px4_msgs/include/px4_msgs/px4_msgs/msg/detail/message_format_response__traits.hpp
[6.497s] -- Up-to-date: /home/stepan/ws_ros2/install/px4_msgs/include/px4_msgs/px4_msgs/msg/detail/rover_throttle_setpoint__builder.hpp
[6.497s] -- Up-to-date: /home/stepan/ws_ros2/install/px4_msgs/include/px4_msgs/px4_msgs/msg/detail/tecs_status__traits.hpp
[6.498s] -- Up-to-date: /home/stepan/ws_ros2/install/px4_msgs/include/px4_msgs/px4_msgs/msg/detail/pps_capture__type_support.hpp
[6.498s] -- Up-to-date: /home/stepan/ws_ros2/install/px4_msgs/include/px4_msgs/px4_msgs/msg/detail/esc_report__traits.hpp
[6.498s] -- Up-to-date: /home/stepan/ws_ros2/install/px4_msgs/include/px4_msgs/px4_msgs/msg/detail/mount_orientation__builder.hpp
[6.498s] -- Up-to-date: /home/stepan/ws_ros2/install/px4_msgs/include/px4_msgs/px4_msgs/msg/detail/telemetry_status__type_support.hpp
[6.498s] -- Up-to-date: /home/stepan/ws_ros2/install/px4_msgs/include/px4_msgs/px4_msgs/msg/detail/dataman_request__struct.hpp
[6.499s] -- Up-to-date: /home/stepan/ws_ros2/install/px4_msgs/include/px4_msgs/px4_msgs/msg/detail/trajectory_setpoint6dof__traits.hpp
[6.499s] -- Up-to-date: /home/stepan/ws_ros2/install/px4_msgs/include/px4_msgs/px4_msgs/msg/detail/gripper__traits.hpp
[6.500s] -- Up-to-date: /home/stepan/ws_ros2/install/px4_msgs/include/px4_msgs/px4_msgs/msg/detail/sensor_gnss_relative__struct.hpp
[6.501s] -- Up-to-date: /home/stepan/ws_ros2/install/px4_msgs/include/px4_msgs/px4_msgs/msg/detail/gimbal_manager_status__type_support.hpp
[6.501s] -- Up-to-date: /home/stepan/ws_ros2/install/px4_msgs/include/px4_msgs/px4_msgs/msg/detail/wind__traits.hpp
[6.502s] -- Up-to-date: /home/stepan/ws_ros2/install/px4_msgs/include/px4_msgs/px4_msgs/msg/detail/debug_key_value__struct.hpp
[6.503s] -- Up-to-date: /home/stepan/ws_ros2/install/px4_msgs/include/px4_msgs/px4_msgs/msg/detail/system_power__type_support.hpp
[6.503s] -- Up-to-date: /home/stepan/ws_ros2/install/px4_msgs/include/px4_msgs/px4_msgs/msg/detail/rpm__struct.hpp
[6.504s] -- Up-to-date: /home/stepan/ws_ros2/install/px4_msgs/include/px4_msgs/px4_msgs/msg/detail/failure_detector_status__builder.hpp
[6.505s] -- Up-to-date: /home/stepan/ws_ros2/install/px4_msgs/include/px4_msgs/px4_msgs/msg/detail/can_interface_status__type_support.hpp
[6.506s] -- Up-to-date: /home/stepan/ws_ros2/install/px4_msgs/include/px4_msgs/px4_msgs/msg/detail/estimator_selector_status__type_support.hpp
[6.506s] -- Up-to-date: /home/stepan/ws_ros2/install/px4_msgs/include/px4_msgs/px4_msgs/msg/detail/vehicle_global_position__traits.hpp
[6.507s] -- Up-to-date: /home/stepan/ws_ros2/install/px4_msgs/include/px4_msgs/px4_msgs/msg/detail/can_interface_status__builder.hpp
[6.508s] -- Up-to-date: /home/stepan/ws_ros2/install/px4_msgs/include/px4_msgs/px4_msgs/msg/detail/sensor_combined__struct.hpp
[6.510s] -- Up-to-date: /home/stepan/ws_ros2/install/px4_msgs/include/px4_msgs/px4_msgs/msg/detail/failsafe_flags__builder.hpp
[6.511s] -- Up-to-date: /home/stepan/ws_ros2/install/px4_msgs/include/px4_msgs/px4_msgs/msg/detail/sensor_gyro_fft__type_support.hpp
[6.511s] -- Up-to-date: /home/stepan/ws_ros2/install/px4_msgs/include/px4_msgs/px4_msgs/msg/detail/message_format_request__builder.hpp
[6.511s] -- Up-to-date: /home/stepan/ws_ros2/install/px4_msgs/include/px4_msgs/px4_msgs/msg/detail/uavcan_parameter_request__struct.hpp
[6.511s] -- Up-to-date: /home/stepan/ws_ros2/install/px4_msgs/include/px4_msgs/px4_msgs/msg/detail/orb_test_large__struct.hpp
[6.511s] -- Up-to-date: /home/stepan/ws_ros2/install/px4_msgs/include/px4_msgs/px4_msgs/msg/detail/button_event__type_support.hpp
[6.512s] -- Up-to-date: /home/stepan/ws_ros2/install/px4_msgs/include/px4_msgs/px4_msgs/msg/detail/estimator_selector_status__struct.hpp
[6.512s] -- Up-to-date: /home/stepan/ws_ros2/install/px4_msgs/include/px4_msgs/px4_msgs/msg/detail/mission__struct.hpp
[6.513s] -- Up-to-date: /home/stepan/ws_ros2/install/px4_msgs/include/px4_msgs/px4_msgs/msg/detail/estimator_aid_source3d__traits.hpp
[6.513s] -- Up-to-date: /home/stepan/ws_ros2/install/px4_msgs/include/px4_msgs/px4_msgs/msg/detail/orb_test_medium__struct.hpp
[6.513s] -- Up-to-date: /home/stepan/ws_ros2/install/px4_msgs/include/px4_msgs/px4_msgs/msg/detail/px4io_status__type_support.hpp
[6.513s] -- Up-to-date: /home/stepan/ws_ros2/install/px4_msgs/include/px4_msgs/px4_msgs/msg/detail/control_allocator_status__type_support.hpp
[6.514s] -- Up-to-date: /home/stepan/ws_ros2/install/px4_msgs/include/px4_msgs/px4_msgs/msg/detail/landing_gear__traits.hpp
[6.514s] -- Up-to-date: /home/stepan/ws_ros2/install/px4_msgs/include/px4_msgs/px4_msgs/msg/detail/normalized_unsigned_setpoint__traits.hpp
[6.514s] -- Up-to-date: /home/stepan/ws_ros2/install/px4_msgs/include/px4_msgs/px4_msgs/msg/detail/parameter_reset_request__struct.hpp
[6.514s] -- Up-to-date: /home/stepan/ws_ros2/install/px4_msgs/include/px4_msgs/px4_msgs/msg/detail/rover_position_setpoint__builder.hpp
[6.514s] -- Up-to-date: /home/stepan/ws_ros2/install/px4_msgs/include/px4_msgs/px4_msgs/msg/detail/actuator_servos_trim__traits.hpp
[6.514s] -- Up-to-date: /home/stepan/ws_ros2/install/px4_msgs/include/px4_msgs/px4_msgs/msg/detail/gimbal_controls__traits.hpp
[6.514s] -- Up-to-date: /home/stepan/ws_ros2/install/px4_msgs/include/px4_msgs/px4_msgs/msg/detail/actuator_test__traits.hpp
[6.515s] -- Up-to-date: /home/stepan/ws_ros2/install/px4_msgs/include/px4_msgs/px4_msgs/msg/detail/sensor_airflow__struct.hpp
[6.515s] -- Up-to-date: /home/stepan/ws_ros2/install/px4_msgs/include/px4_msgs/px4_msgs/msg/detail/wheel_encoders__traits.hpp
[6.515s] -- Up-to-date: /home/stepan/ws_ros2/install/px4_msgs/include/px4_msgs/px4_msgs/msg/detail/vehicle_optical_flow_vel__traits.hpp
[6.515s] -- Up-to-date: /home/stepan/ws_ros2/install/px4_msgs/include/px4_msgs/px4_msgs/msg/detail/button_event__struct.hpp
[6.516s] -- Up-to-date: /home/stepan/ws_ros2/install/px4_msgs/include/px4_msgs/px4_msgs/msg/detail/pps_capture__struct.hpp
[6.516s] -- Up-to-date: /home/stepan/ws_ros2/install/px4_msgs/include/px4_msgs/px4_msgs/msg/detail/position_controller_status__builder.hpp
[6.516s] -- Up-to-date: /home/stepan/ws_ros2/install/px4_msgs/include/px4_msgs/px4_msgs/msg/detail/vehicle_land_detected__traits.hpp
[6.517s] -- Up-to-date: /home/stepan/ws_ros2/install/px4_msgs/include/px4_msgs/px4_msgs/msg/detail/pwm_input__builder.hpp
[6.518s] -- Up-to-date: /home/stepan/ws_ros2/install/px4_msgs/include/px4_msgs/px4_msgs/msg/detail/gps_dump__struct.hpp
[6.518s] -- Up-to-date: /home/stepan/ws_ros2/install/px4_msgs/include/px4_msgs/px4_msgs/msg/detail/position_controller_status__struct.hpp
[6.519s] -- Up-to-date: /home/stepan/ws_ros2/install/px4_msgs/include/px4_msgs/px4_msgs/msg/detail/sensor_hygrometer__struct.hpp
[6.519s] -- Up-to-date: /home/stepan/ws_ros2/install/px4_msgs/include/px4_msgs/px4_msgs/msg/detail/vehicle_angular_velocity__struct.hpp
[6.520s] -- Up-to-date: /home/stepan/ws_ros2/install/px4_msgs/include/px4_msgs/px4_msgs/msg/detail/estimator_status_flags__type_support.hpp
[6.520s] -- Up-to-date: /home/stepan/ws_ros2/install/px4_msgs/include/px4_msgs/px4_msgs/msg/detail/gimbal_device_information__traits.hpp
[6.522s] -- Up-to-date: /home/stepan/ws_ros2/install/px4_msgs/include/px4_msgs/px4_msgs/msg/detail/rover_velocity_status__type_support.hpp
[6.523s] -- Up-to-date: /home/stepan/ws_ros2/install/px4_msgs/include/px4_msgs/px4_msgs/msg/detail/rover_rate_setpoint__type_support.hpp
[6.531s] -- Up-to-date: /home/stepan/ws_ros2/install/px4_msgs/include/px4_msgs/px4_msgs/msg/detail/sensor_correction__struct.hpp
[6.531s] -- Up-to-date: /home/stepan/ws_ros2/install/px4_msgs/include/px4_msgs/px4_msgs/msg/detail/position_controller_landing_status__builder.hpp
[6.531s] -- Up-to-date: /home/stepan/ws_ros2/install/px4_msgs/include/px4_msgs/px4_msgs/msg/detail/arming_check_request__traits.hpp
[6.531s] -- Up-to-date: /home/stepan/ws_ros2/install/px4_msgs/include/px4_msgs/px4_msgs/msg/detail/mag_worker_data__traits.hpp
[6.532s] -- Up-to-date: /home/stepan/ws_ros2/install/px4_msgs/include/px4_msgs/px4_msgs/msg/detail/register_ext_component_request__traits.hpp
[6.533s] -- Up-to-date: /home/stepan/ws_ros2/install/px4_msgs/include/px4_msgs/px4_msgs/msg/detail/system_power__builder.hpp
[6.533s] -- Up-to-date: /home/stepan/ws_ros2/install/px4_msgs/include/px4_msgs/px4_msgs/msg/detail/gimbal_manager_status__struct.hpp
[6.534s] -- Up-to-date: /home/stepan/ws_ros2/install/px4_msgs/include/px4_msgs/px4_msgs/msg/detail/orb_test_large__type_support.hpp
[6.535s] -- Up-to-date: /home/stepan/ws_ros2/install/px4_msgs/include/px4_msgs/px4_msgs/msg/detail/task_stack_info__traits.hpp
[6.536s] -- Up-to-date: /home/stepan/ws_ros2/install/px4_msgs/include/px4_msgs/px4_msgs/msg/detail/arming_check_reply__struct.hpp
[6.537s] -- Up-to-date: /home/stepan/ws_ros2/install/px4_msgs/include/px4_msgs/px4_msgs/msg/detail/estimator_states__struct.hpp
[6.538s] -- Up-to-date: /home/stepan/ws_ros2/install/px4_msgs/include/px4_msgs/px4_msgs/msg/detail/rpm__traits.hpp
[6.538s] -- Up-to-date: /home/stepan/ws_ros2/install/px4_msgs/include/px4_msgs/px4_msgs/msg/detail/register_ext_component_reply__struct.hpp
[6.539s] -- Up-to-date: /home/stepan/ws_ros2/install/px4_msgs/include/px4_msgs/px4_msgs/msg/detail/cpuload__builder.hpp
[6.540s] -- Up-to-date: /home/stepan/ws_ros2/install/px4_msgs/include/px4_msgs/px4_msgs/msg/detail/vehicle_magnetometer__traits.hpp
[6.540s] -- Up-to-date: /home/stepan/ws_ros2/install/px4_msgs/include/px4_msgs/px4_msgs/msg/detail/log_message__type_support.hpp
[6.541s] -- Up-to-date: /home/stepan/ws_ros2/install/px4_msgs/include/px4_msgs/px4_msgs/msg/detail/vehicle_attitude__traits.hpp
[6.541s] -- Up-to-date: /home/stepan/ws_ros2/install/px4_msgs/include/px4_msgs/px4_msgs/msg/detail/wind__struct.hpp
[6.541s] -- Up-to-date: /home/stepan/ws_ros2/install/px4_msgs/include/px4_msgs/px4_msgs/msg/detail/gps_dump__builder.hpp
[6.542s] -- Up-to-date: /home/stepan/ws_ros2/install/px4_msgs/include/px4_msgs/px4_msgs/msg/detail/estimator_gps_status__builder.hpp
[6.543s] -- Up-to-date: /home/stepan/ws_ros2/install/px4_msgs/include/px4_msgs/px4_msgs/msg/detail/landing_target_innovations__struct.hpp
[6.543s] -- Up-to-date: /home/stepan/ws_ros2/install/px4_msgs/include/px4_msgs/px4_msgs/msg/detail/tecs_status__struct.hpp
[6.543s] -- Up-to-date: /home/stepan/ws_ros2/install/px4_msgs/include/px4_msgs/px4_msgs/msg/detail/uavcan_parameter_value__struct.hpp
[6.544s] -- Up-to-date: /home/stepan/ws_ros2/install/px4_msgs/include/px4_msgs/px4_msgs/msg/detail/vehicle_acceleration__traits.hpp
[6.544s] -- Up-to-date: /home/stepan/ws_ros2/install/px4_msgs/include/px4_msgs/px4_msgs/msg/detail/sensors_status_imu__traits.hpp
[6.544s] -- Up-to-date: /home/stepan/ws_ros2/install/px4_msgs/include/px4_msgs/px4_msgs/msg/detail/gripper__struct.hpp
[6.544s] -- Up-to-date: /home/stepan/ws_ros2/install/px4_msgs/include/px4_msgs/px4_msgs/msg/detail/rtl_time_estimate__struct.hpp
[6.544s] -- Up-to-date: /home/stepan/ws_ros2/install/px4_msgs/include/px4_msgs/px4_msgs/msg/detail/config_overrides__traits.hpp
[6.545s] -- Up-to-date: /home/stepan/ws_ros2/install/px4_msgs/include/px4_msgs/px4_msgs/msg/detail/ekf2_timestamps__type_support.hpp
[6.545s] -- Up-to-date: /home/stepan/ws_ros2/install/px4_msgs/include/px4_msgs/px4_msgs/msg/detail/mode_completed__builder.hpp
[6.545s] -- Up-to-date: /home/stepan/ws_ros2/install/px4_msgs/include/px4_msgs/px4_msgs/msg/detail/follow_target_estimator__builder.hpp
[6.545s] -- Up-to-date: /home/stepan/ws_ros2/install/px4_msgs/include/px4_msgs/px4_msgs/msg/detail/rpm__type_support.hpp
[6.545s] -- Up-to-date: /home/stepan/ws_ros2/install/px4_msgs/include/px4_msgs/px4_msgs/msg/detail/ping__traits.hpp
[6.545s] -- Up-to-date: /home/stepan/ws_ros2/install/px4_msgs/include/px4_msgs/px4_msgs/msg/detail/vehicle_imu__traits.hpp
[6.546s] -- Up-to-date: /home/stepan/ws_ros2/install/px4_msgs/include/px4_msgs/px4_msgs/msg/detail/dataman_request__type_support.hpp
[6.546s] -- Up-to-date: /home/stepan/ws_ros2/install/px4_msgs/include/px4_msgs/px4_msgs/msg/detail/gimbal_controls__struct.hpp
[6.546s] -- Up-to-date: /home/stepan/ws_ros2/install/px4_msgs/include/px4_msgs/px4_msgs/msg/detail/mission_result__struct.hpp
[6.546s] -- Up-to-date: /home/stepan/ws_ros2/install/px4_msgs/include/px4_msgs/px4_msgs/msg/detail/vehicle_local_position__builder.hpp
[6.546s] -- Up-to-date: /home/stepan/ws_ros2/install/px4_msgs/include/px4_msgs/px4_msgs/msg/detail/parameter_set_value_response__traits.hpp
[6.546s] -- Up-to-date: /home/stepan/ws_ros2/install/px4_msgs/include/px4_msgs/px4_msgs/msg/detail/task_stack_info__type_support.hpp
[6.546s] -- Up-to-date: /home/stepan/ws_ros2/install/px4_msgs/include/px4_msgs/px4_msgs/msg/detail/unregister_ext_component__builder.hpp
[6.546s] -- Up-to-date: /home/stepan/ws_ros2/install/px4_msgs/include/px4_msgs/px4_msgs/msg/detail/open_drone_id_operator_id__type_support.hpp
[6.547s] -- Up-to-date: /home/stepan/ws_ros2/install/px4_msgs/include/px4_msgs/px4_msgs/msg/detail/vehicle_imu__type_support.hpp
[6.547s] -- Up-to-date: /home/stepan/ws_ros2/install/px4_msgs/include/px4_msgs/px4_msgs/msg/detail/actuator_controls_status__traits.hpp
[6.547s] -- Up-to-date: /home/stepan/ws_ros2/install/px4_msgs/include/px4_msgs/px4_msgs/msg/detail/navigator_mission_item__struct.hpp
[6.548s] -- Up-to-date: /home/stepan/ws_ros2/install/px4_msgs/include/px4_msgs/px4_msgs/msg/detail/button_event__builder.hpp
[6.548s] -- Up-to-date: /home/stepan/ws_ros2/install/px4_msgs/include/px4_msgs/px4_msgs/msg/detail/vtol_vehicle_status__type_support.hpp
[6.548s] -- Up-to-date: /home/stepan/ws_ros2/install/px4_msgs/include/px4_msgs/px4_msgs/msg/detail/rover_velocity_status__builder.hpp
[6.548s] -- Up-to-date: /home/stepan/ws_ros2/install/px4_msgs/include/px4_msgs/px4_msgs/msg/detail/offboard_control_mode__type_support.hpp
[6.549s] -- Up-to-date: /home/stepan/ws_ros2/install/px4_msgs/include/px4_msgs/px4_msgs/msg/detail/sensor_optical_flow__type_support.hpp
[6.549s] -- Up-to-date: /home/stepan/ws_ros2/install/px4_msgs/include/px4_msgs/px4_msgs/msg/detail/flight_phase_estimation__struct.hpp
[6.549s] -- Up-to-date: /home/stepan/ws_ros2/install/px4_msgs/include/px4_msgs/px4_msgs/msg/detail/parameter_set_value_response__type_support.hpp
[6.550s] -- Up-to-date: /home/stepan/ws_ros2/install/px4_msgs/include/px4_msgs/px4_msgs/msg/detail/vehicle_angular_velocity__traits.hpp
[6.550s] -- Up-to-date: /home/stepan/ws_ros2/install/px4_msgs/include/px4_msgs/px4_msgs/msg/detail/follow_target__type_support.hpp
[6.551s] -- Up-to-date: /home/stepan/ws_ros2/install/px4_msgs/include/px4_msgs/px4_msgs/msg/detail/sensor_combined__traits.hpp
[6.551s] -- Up-to-date: /home/stepan/ws_ros2/install/px4_msgs/include/px4_msgs/px4_msgs/msg/detail/mag_worker_data__struct.hpp
[6.552s] -- Up-to-date: /home/stepan/ws_ros2/install/px4_msgs/include/px4_msgs/px4_msgs/msg/detail/camera_status__struct.hpp
[6.552s] -- Up-to-date: /home/stepan/ws_ros2/install/px4_msgs/include/px4_msgs/px4_msgs/msg/detail/message_format_request__struct.hpp
[6.553s] -- Up-to-date: /home/stepan/ws_ros2/install/px4_msgs/include/px4_msgs/px4_msgs/msg/detail/rover_attitude_status__type_support.hpp
[6.554s] -- Up-to-date: /home/stepan/ws_ros2/install/px4_msgs/include/px4_msgs/px4_msgs/msg/detail/open_drone_id_arm_status__struct.hpp
[6.555s] -- Up-to-date: /home/stepan/ws_ros2/install/px4_msgs/include/px4_msgs/px4_msgs/msg/detail/message_format_request__traits.hpp
[6.555s] -- Up-to-date: /home/stepan/ws_ros2/install/px4_msgs/include/px4_msgs/px4_msgs/msg/detail/wheel_encoders__struct.hpp
[6.556s] -- Up-to-date: /home/stepan/ws_ros2/install/px4_msgs/include/px4_msgs/px4_msgs/msg/detail/vtol_vehicle_status__traits.hpp
[6.556s] -- Up-to-date: /home/stepan/ws_ros2/install/px4_msgs/include/px4_msgs/px4_msgs/msg/detail/gpio_request__struct.hpp
[6.556s] -- Up-to-date: /home/stepan/ws_ros2/install/px4_msgs/include/px4_msgs/px4_msgs/msg/detail/event__builder.hpp
[6.557s] -- Up-to-date: /home/stepan/ws_ros2/install/px4_msgs/include/px4_msgs/px4_msgs/msg/detail/normalized_unsigned_setpoint__type_support.hpp
[6.557s] -- Up-to-date: /home/stepan/ws_ros2/install/px4_msgs/include/px4_msgs/px4_msgs/msg/detail/can_interface_status__traits.hpp
[6.557s] -- Up-to-date: /home/stepan/ws_ros2/install/px4_msgs/include/px4_msgs/px4_msgs/msg/detail/power_button_state__builder.hpp
[6.558s] -- Up-to-date: /home/stepan/ws_ros2/install/px4_msgs/include/px4_msgs/px4_msgs/msg/detail/input_rc__traits.hpp
[6.559s] -- Up-to-date: /home/stepan/ws_ros2/install/px4_msgs/include/px4_msgs/px4_msgs/msg/detail/parameter_update__builder.hpp
[6.560s] -- Up-to-date: /home/stepan/ws_ros2/install/px4_msgs/include/px4_msgs/px4_msgs/msg/detail/rtl_time_estimate__builder.hpp
[6.560s] -- Up-to-date: /home/stepan/ws_ros2/install/px4_msgs/include/px4_msgs/px4_msgs/msg/detail/gps_inject_data__type_support.hpp
[6.560s] -- Up-to-date: /home/stepan/ws_ros2/install/px4_msgs/include/px4_msgs/px4_msgs/msg/detail/open_drone_id_system__builder.hpp
[6.561s] -- Up-to-date: /home/stepan/ws_ros2/install/px4_msgs/include/px4_msgs/px4_msgs/msg/detail/gpio_config__struct.hpp
[6.561s] -- Up-to-date: /home/stepan/ws_ros2/install/px4_msgs/include/px4_msgs/px4_msgs/msg/detail/collision_constraints__type_support.hpp
[6.561s] -- Up-to-date: /home/stepan/ws_ros2/install/px4_msgs/include/px4_msgs/px4_msgs/msg/detail/qshell_req__traits.hpp
[6.561s] -- Up-to-date: /home/stepan/ws_ros2/install/px4_msgs/include/px4_msgs/px4_msgs/msg/detail/register_ext_component_request__builder.hpp
[6.561s] -- Up-to-date: /home/stepan/ws_ros2/install/px4_msgs/include/px4_msgs/px4_msgs/msg/detail/mission__type_support.hpp
[6.561s] -- Up-to-date: /home/stepan/ws_ros2/install/px4_msgs/include/px4_msgs/px4_msgs/msg/detail/estimator_status__struct.hpp
[6.562s] -- Up-to-date: /home/stepan/ws_ros2/install/px4_msgs/include/px4_msgs/px4_msgs/msg/detail/estimator_aid_source2d__struct.hpp
[6.562s] -- Up-to-date: /home/stepan/ws_ros2/install/px4_msgs/include/px4_msgs/px4_msgs/msg/detail/navigator_mission_item__type_support.hpp
[6.562s] -- Up-to-date: /home/stepan/ws_ros2/install/px4_msgs/include/px4_msgs/px4_msgs/msg/detail/gimbal_manager_status__builder.hpp
[6.563s] -- Up-to-date: /home/stepan/ws_ros2/install/px4_msgs/include/px4_msgs/px4_msgs/msg/detail/internal_combustion_engine_control__builder.hpp
[6.563s] -- Up-to-date: /home/stepan/ws_ros2/install/px4_msgs/include/px4_msgs/px4_msgs/msg/detail/button_event__traits.hpp
[6.563s] -- Up-to-date: /home/stepan/ws_ros2/install/px4_msgs/include/px4_msgs/px4_msgs/msg/detail/gimbal_manager_set_manual_control__type_support.hpp
[6.563s] -- Up-to-date: /home/stepan/ws_ros2/install/px4_msgs/include/px4_msgs/px4_msgs/msg/detail/rtl_status__type_support.hpp
[6.563s] -- Up-to-date: /home/stepan/ws_ros2/install/px4_msgs/include/px4_msgs/px4_msgs/msg/detail/manual_control_switches__builder.hpp
[6.563s] -- Up-to-date: /home/stepan/ws_ros2/install/px4_msgs/include/px4_msgs/px4_msgs/msg/detail/estimator_status__builder.hpp
[6.564s] -- Up-to-date: /home/stepan/ws_ros2/install/px4_msgs/include/px4_msgs/px4_msgs/msg/detail/unregister_ext_component__struct.hpp
[6.564s] -- Up-to-date: /home/stepan/ws_ros2/install/px4_msgs/include/px4_msgs/px4_msgs/msg/detail/pure_pursuit_status__struct.hpp
[6.564s] -- Up-to-date: /home/stepan/ws_ros2/install/px4_msgs/include/px4_msgs/px4_msgs/msg/detail/estimator_aid_source2d__type_support.hpp
[6.564s] -- Up-to-date: /home/stepan/ws_ros2/install/px4_msgs/include/px4_msgs/px4_msgs/msg/detail/gimbal_controls__type_support.hpp
[6.564s] -- Up-to-date: /home/stepan/ws_ros2/install/px4_msgs/include/px4_msgs/px4_msgs/msg/detail/debug_vect__traits.hpp
[6.564s] -- Up-to-date: /home/stepan/ws_ros2/install/px4_msgs/include/px4_msgs/px4_msgs/msg/detail/airspeed__struct.hpp
[6.564s] -- Up-to-date: /home/stepan/ws_ros2/install/px4_msgs/include/px4_msgs/px4_msgs/msg/detail/parameter_set_used_request__struct.hpp
[6.565s] -- Up-to-date: /home/stepan/ws_ros2/install/px4_msgs/include/px4_msgs/px4_msgs/msg/detail/vehicle_status__traits.hpp
[6.565s] -- Up-to-date: /home/stepan/ws_ros2/install/px4_msgs/include/px4_msgs/px4_msgs/msg/detail/vehicle_optical_flow__type_support.hpp
[6.565s] -- Up-to-date: /home/stepan/ws_ros2/install/px4_msgs/include/px4_msgs/px4_msgs/msg/detail/magnetometer_bias_estimate__struct.hpp
[6.565s] -- Up-to-date: /home/stepan/ws_ros2/install/px4_msgs/include/px4_msgs/px4_msgs/msg/detail/vehicle_thrust_setpoint__struct.hpp
[6.566s] -- Up-to-date: /home/stepan/ws_ros2/install/px4_msgs/include/px4_msgs/px4_msgs/msg/detail/internal_combustion_engine_control__traits.hpp
[6.566s] -- Up-to-date: /home/stepan/ws_ros2/install/px4_msgs/include/px4_msgs/px4_msgs/msg/detail/sensor_hygrometer__type_support.hpp
[6.566s] -- Up-to-date: /home/stepan/ws_ros2/install/px4_msgs/include/px4_msgs/px4_msgs/msg/detail/parameter_set_value_request__type_support.hpp
[6.566s] -- Up-to-date: /home/stepan/ws_ros2/install/px4_msgs/include/px4_msgs/px4_msgs/msg/detail/follow_target_status__traits.hpp
[6.566s] -- Up-to-date: /home/stepan/ws_ros2/install/px4_msgs/include/px4_msgs/px4_msgs/msg/detail/trajectory_setpoint__struct.hpp
[6.566s] -- Up-to-date: /home/stepan/ws_ros2/install/px4_msgs/include/px4_msgs/px4_msgs/msg/detail/follow_target_status__builder.hpp
[6.566s] -- Up-to-date: /home/stepan/ws_ros2/install/px4_msgs/include/px4_msgs/px4_msgs/msg/detail/airspeed_validated__traits.hpp
[6.567s] -- Up-to-date: /home/stepan/ws_ros2/install/px4_msgs/include/px4_msgs/px4_msgs/msg/detail/uavcan_parameter_value__builder.hpp
[6.567s] -- Up-to-date: /home/stepan/ws_ros2/install/px4_msgs/include/px4_msgs/px4_msgs/msg/detail/distance_sensor__traits.hpp
[6.568s] -- Up-to-date: /home/stepan/ws_ros2/install/px4_msgs/include/px4_msgs/px4_msgs/msg/detail/mavlink_tunnel__type_support.hpp
[6.568s] -- Up-to-date: /home/stepan/ws_ros2/install/px4_msgs/include/px4_msgs/px4_msgs/msg/detail/rover_rate_status__builder.hpp
[6.569s] -- Up-to-date: /home/stepan/ws_ros2/install/px4_msgs/include/px4_msgs/px4_msgs/msg/detail/position_controller_landing_status__traits.hpp
[6.570s] -- Up-to-date: /home/stepan/ws_ros2/install/px4_msgs/include/px4_msgs/px4_msgs/msg/detail/sensor_gyro_fft__struct.hpp
[6.571s] -- Up-to-date: /home/stepan/ws_ros2/install/px4_msgs/include/px4_msgs/px4_msgs/msg/detail/vehicle_air_data__type_support.hpp
[6.573s] -- Up-to-date: /home/stepan/ws_ros2/install/px4_msgs/include/px4_msgs/px4_msgs/msg/detail/rate_ctrl_status__traits.hpp
[6.573s] -- Up-to-date: /home/stepan/ws_ros2/install/px4_msgs/include/px4_msgs/px4_msgs/msg/detail/follow_target_estimator__struct.hpp
[6.573s] -- Up-to-date: /home/stepan/ws_ros2/install/px4_msgs/include/px4_msgs/px4_msgs/msg/detail/failsafe_flags__type_support.hpp
[6.574s] -- Up-to-date: /home/stepan/ws_ros2/install/px4_msgs/include/px4_msgs/px4_msgs/msg/detail/fuel_tank_status__builder.hpp
[6.574s] -- Up-to-date: /home/stepan/ws_ros2/install/px4_msgs/include/px4_msgs/px4_msgs/msg/detail/ackermann_velocity_setpoint__traits.hpp
[6.574s] -- Up-to-date: /home/stepan/ws_ros2/install/px4_msgs/include/px4_msgs/px4_msgs/msg/detail/sensor_selection__type_support.hpp
[6.575s] -- Up-to-date: /home/stepan/ws_ros2/install/px4_msgs/include/px4_msgs/px4_msgs/msg/detail/gimbal_manager_information__traits.hpp
[6.575s] -- Up-to-date: /home/stepan/ws_ros2/install/px4_msgs/include/px4_msgs/px4_msgs/msg/detail/open_drone_id_self_id__type_support.hpp
[6.575s] -- Up-to-date: /home/stepan/ws_ros2/install/px4_msgs/include/px4_msgs/px4_msgs/msg/detail/vtol_vehicle_status__builder.hpp
[6.576s] -- Up-to-date: /home/stepan/ws_ros2/install/px4_msgs/include/px4_msgs/px4_msgs/msg/detail/actuator_servos__type_support.hpp
[6.576s] -- Up-to-date: /home/stepan/ws_ros2/install/px4_msgs/include/px4_msgs/px4_msgs/msg/detail/geofence_status__builder.hpp
[6.577s] -- Up-to-date: /home/stepan/ws_ros2/install/px4_msgs/include/px4_msgs/px4_msgs/msg/detail/obstacle_distance__struct.hpp
[6.577s] -- Up-to-date: /home/stepan/ws_ros2/install/px4_msgs/include/px4_msgs/px4_msgs/msg/detail/vehicle_attitude__struct.hpp
[6.577s] -- Up-to-date: /home/stepan/ws_ros2/install/px4_msgs/include/px4_msgs/px4_msgs/msg/detail/offboard_control_mode__traits.hpp
[6.578s] -- Up-to-date: /home/stepan/ws_ros2/install/px4_msgs/include/px4_msgs/px4_msgs/msg/detail/sensor_accel_fifo__traits.hpp
[6.578s] -- Up-to-date: /home/stepan/ws_ros2/install/px4_msgs/include/px4_msgs/px4_msgs/msg/detail/rtl_status__struct.hpp
[6.578s] -- Up-to-date: /home/stepan/ws_ros2/install/px4_msgs/include/px4_msgs/px4_msgs/msg/detail/airspeed_wind__struct.hpp
[6.578s] -- Up-to-date: /home/stepan/ws_ros2/install/px4_msgs/include/px4_msgs/px4_msgs/msg/detail/power_monitor__traits.hpp
[6.578s] -- Up-to-date: /home/stepan/ws_ros2/install/px4_msgs/include/px4_msgs/px4_msgs/msg/detail/landing_target_pose__type_support.hpp
[6.579s] -- Up-to-date: /home/stepan/ws_ros2/install/px4_msgs/include/px4_msgs/px4_msgs/msg/detail/estimator_bias3d__builder.hpp
[6.579s] -- Up-to-date: /home/stepan/ws_ros2/install/px4_msgs/include/px4_msgs/px4_msgs/msg/detail/parameter_set_value_request__builder.hpp
[6.579s] -- Up-to-date: /home/stepan/ws_ros2/install/px4_msgs/include/px4_msgs/px4_msgs/msg/detail/gps_inject_data__struct.hpp
[6.579s] -- Up-to-date: /home/stepan/ws_ros2/install/px4_msgs/include/px4_msgs/px4_msgs/msg/detail/position_setpoint__type_support.hpp
[6.579s] -- Up-to-date: /home/stepan/ws_ros2/install/px4_msgs/include/px4_msgs/px4_msgs/msg/detail/estimator_aid_source1d__builder.hpp
[6.579s] -- Up-to-date: /home/stepan/ws_ros2/install/px4_msgs/include/px4_msgs/px4_msgs/msg/detail/failure_detector_status__traits.hpp
[6.580s] -- Up-to-date: /home/stepan/ws_ros2/install/px4_msgs/include/px4_msgs/px4_msgs/msg/detail/home_position__builder.hpp
[6.580s] -- Up-to-date: /home/stepan/ws_ros2/install/px4_msgs/include/px4_msgs/px4_msgs/msg/detail/position_setpoint_triplet__struct.hpp
[6.580s] -- Up-to-date: /home/stepan/ws_ros2/install/px4_msgs/include/px4_msgs/px4_msgs/msg/detail/landing_target_innovations__type_support.hpp
[6.580s] -- Up-to-date: /home/stepan/ws_ros2/install/px4_msgs/include/px4_msgs/px4_msgs/msg/detail/ulog_stream_ack__traits.hpp
[6.580s] -- Up-to-date: /home/stepan/ws_ros2/install/px4_msgs/include/px4_msgs/px4_msgs/msg/detail/register_ext_component_reply__type_support.hpp
[6.581s] -- Up-to-date: /home/stepan/ws_ros2/install/px4_msgs/include/px4_msgs/px4_msgs/msg/detail/trajectory_setpoint6dof__struct.hpp
[6.581s] -- Up-to-date: /home/stepan/ws_ros2/install/px4_msgs/include/px4_msgs/px4_msgs/msg/detail/position_setpoint__struct.hpp
[6.581s] -- Up-to-date: /home/stepan/ws_ros2/install/px4_msgs/include/px4_msgs/px4_msgs/msg/detail/qshell_req__struct.hpp
[6.581s] -- Up-to-date: /home/stepan/ws_ros2/install/px4_msgs/include/px4_msgs/px4_msgs/msg/detail/rc_channels__type_support.hpp
[6.581s] -- Up-to-date: /home/stepan/ws_ros2/install/px4_msgs/include/px4_msgs/px4_msgs/msg/detail/estimator_aid_source3d__builder.hpp
[6.582s] -- Up-to-date: /home/stepan/ws_ros2/install/px4_msgs/include/px4_msgs/px4_msgs/msg/detail/logger_status__traits.hpp
[6.582s] -- Up-to-date: /home/stepan/ws_ros2/install/px4_msgs/include/px4_msgs/px4_msgs/msg/detail/pwm_input__type_support.hpp
[6.582s] -- Up-to-date: /home/stepan/ws_ros2/install/px4_msgs/include/px4_msgs/px4_msgs/msg/detail/position_controller_status__traits.hpp
[6.582s] -- Up-to-date: /home/stepan/ws_ros2/install/px4_msgs/include/px4_msgs/px4_msgs/msg/detail/dataman_response__type_support.hpp
[6.582s] -- Up-to-date: /home/stepan/ws_ros2/install/px4_msgs/include/px4_msgs/px4_msgs/msg/detail/sensor_gyro__type_support.hpp
[6.583s] -- Up-to-date: /home/stepan/ws_ros2/install/px4_msgs/include/px4_msgs/px4_msgs/msg/detail/ulog_stream__type_support.hpp
[6.583s] -- Up-to-date: /home/stepan/ws_ros2/install/px4_msgs/include/px4_msgs/px4_msgs/msg/detail/airspeed_wind__type_support.hpp
[6.583s] -- Up-to-date: /home/stepan/ws_ros2/install/px4_msgs/include/px4_msgs/px4_msgs/msg/detail/arming_check_reply__builder.hpp
[6.583s] -- Up-to-date: /home/stepan/ws_ros2/install/px4_msgs/include/px4_msgs/px4_msgs/msg/detail/airspeed_validated__struct.hpp
[6.585s] -- Up-to-date: /home/stepan/ws_ros2/install/px4_msgs/include/px4_msgs/px4_msgs/msg/detail/position_setpoint_triplet__builder.hpp
[6.585s] -- Up-to-date: /home/stepan/ws_ros2/install/px4_msgs/include/px4_msgs/px4_msgs/msg/detail/task_stack_info__builder.hpp
[6.585s] -- Up-to-date: /home/stepan/ws_ros2/install/px4_msgs/include/px4_msgs/px4_msgs/msg/detail/estimator_innovations__builder.hpp
[6.587s] -- Up-to-date: /home/stepan/ws_ros2/install/px4_msgs/include/px4_msgs/px4_msgs/msg/detail/satellite_info__struct.hpp
[6.589s] -- Up-to-date: /home/stepan/ws_ros2/install/px4_msgs/include/px4_msgs/px4_msgs/msg/detail/rover_rate_status__traits.hpp
[6.590s] -- Up-to-date: /home/stepan/ws_ros2/install/px4_msgs/include/px4_msgs/px4_msgs/msg/detail/follow_target_status__type_support.hpp
[6.590s] -- Up-to-date: /home/stepan/ws_ros2/install/px4_msgs/include/px4_msgs/px4_msgs/msg/detail/navigator_mission_item__builder.hpp
[6.590s] -- Up-to-date: /home/stepan/ws_ros2/install/px4_msgs/include/px4_msgs/px4_msgs/msg/detail/actuator_motors__builder.hpp
[6.590s] -- Up-to-date: /home/stepan/ws_ros2/install/px4_msgs/include/px4_msgs/px4_msgs/msg/detail/vehicle_odometry__builder.hpp
[6.591s] -- Up-to-date: /home/stepan/ws_ros2/install/px4_msgs/include/px4_msgs/px4_msgs/msg/detail/gimbal_manager_set_manual_control__traits.hpp
[6.591s] -- Up-to-date: /home/stepan/ws_ros2/install/px4_msgs/include/px4_msgs/px4_msgs/msg/detail/rover_position_setpoint__struct.hpp
[6.592s] -- Up-to-date: /home/stepan/ws_ros2/install/px4_msgs/include/px4_msgs/px4_msgs/msg/detail/airspeed__type_support.hpp
[6.593s] -- Up-to-date: /home/stepan/ws_ros2/install/px4_msgs/include/px4_msgs/px4_msgs/msg/detail/health_report__traits.hpp
[6.594s] -- Up-to-date: /home/stepan/ws_ros2/install/px4_msgs/include/px4_msgs/px4_msgs/msg/detail/estimator_sensor_bias__type_support.hpp
[6.594s] -- Up-to-date: /home/stepan/ws_ros2/install/px4_msgs/include/px4_msgs/px4_msgs/msg/detail/gimbal_manager_set_attitude__builder.hpp
[6.594s] -- Up-to-date: /home/stepan/ws_ros2/install/px4_msgs/include/px4_msgs/px4_msgs/msg/detail/vehicle_roi__builder.hpp
[6.594s] -- Up-to-date: /home/stepan/ws_ros2/install/px4_msgs/include/px4_msgs/px4_msgs/msg/detail/estimator_aid_source3d__type_support.hpp
[6.594s] -- Up-to-date: /home/stepan/ws_ros2/install/px4_msgs/include/px4_msgs/px4_msgs/msg/detail/wind__type_support.hpp
[6.595s] -- Up-to-date: /home/stepan/ws_ros2/install/px4_msgs/include/px4_msgs/px4_msgs/msg/detail/sensor_gyro_fifo__traits.hpp
[6.595s] -- Up-to-date: /home/stepan/ws_ros2/install/px4_msgs/include/px4_msgs/px4_msgs/msg/detail/uavcan_parameter_value__traits.hpp
[6.595s] -- Up-to-date: /home/stepan/ws_ros2/install/px4_msgs/include/px4_msgs/px4_msgs/msg/detail/manual_control_switches__struct.hpp
[6.595s] -- Up-to-date: /home/stepan/ws_ros2/install/px4_msgs/include/px4_msgs/px4_msgs/msg/detail/landing_gear__type_support.hpp
[6.595s] -- Up-to-date: /home/stepan/ws_ros2/install/px4_msgs/include/px4_msgs/px4_msgs/msg/detail/actuator_servos__builder.hpp
[6.596s] -- Up-to-date: /home/stepan/ws_ros2/install/px4_msgs/include/px4_msgs/px4_msgs/msg/detail/telemetry_status__traits.hpp
[6.596s] -- Up-to-date: /home/stepan/ws_ros2/install/px4_msgs/include/px4_msgs/px4_msgs/msg/detail/estimator_bias3d__struct.hpp
[6.596s] -- Up-to-date: /home/stepan/ws_ros2/install/px4_msgs/include/px4_msgs/px4_msgs/msg/detail/vehicle_angular_acceleration_setpoint__struct.hpp
[6.596s] -- Up-to-date: /home/stepan/ws_ros2/install/px4_msgs/include/px4_msgs/px4_msgs/msg/detail/sensor_preflight_mag__struct.hpp
[6.596s] -- Up-to-date: /home/stepan/ws_ros2/install/px4_msgs/include/px4_msgs/px4_msgs/msg/detail/landing_gear_wheel__type_support.hpp
[6.596s] -- Up-to-date: /home/stepan/ws_ros2/install/px4_msgs/include/px4_msgs/px4_msgs/msg/detail/can_interface_status__struct.hpp
[6.596s] -- Up-to-date: /home/stepan/ws_ros2/install/px4_msgs/include/px4_msgs/px4_msgs/msg/detail/parameter_reset_request__builder.hpp
[6.597s] -- Up-to-date: /home/stepan/ws_ros2/install/px4_msgs/include/px4_msgs/px4_msgs/msg/detail/adc_report__builder.hpp
[6.597s] -- Up-to-date: /home/stepan/ws_ros2/install/px4_msgs/include/px4_msgs/px4_msgs/msg/detail/radio_status__traits.hpp
[6.597s] -- Up-to-date: /home/stepan/ws_ros2/install/px4_msgs/include/px4_msgs/px4_msgs/msg/detail/vehicle_rates_setpoint__traits.hpp
[6.597s] -- Up-to-date: /home/stepan/ws_ros2/install/px4_msgs/include/px4_msgs/px4_msgs/msg/detail/rtl_time_estimate__traits.hpp
[6.597s] -- Up-to-date: /home/stepan/ws_ros2/install/px4_msgs/include/px4_msgs/px4_msgs/msg/detail/power_monitor__type_support.hpp
[6.598s] -- Up-to-date: /home/stepan/ws_ros2/install/px4_msgs/include/px4_msgs/px4_msgs/msg/detail/estimator_event_flags__traits.hpp
[6.598s] -- Up-to-date: /home/stepan/ws_ros2/install/px4_msgs/include/px4_msgs/px4_msgs/msg/detail/rover_attitude_status__traits.hpp
[6.598s] -- Up-to-date: /home/stepan/ws_ros2/install/px4_msgs/include/px4_msgs/px4_msgs/msg/detail/gpio_config__builder.hpp
[6.598s] -- Up-to-date: /home/stepan/ws_ros2/install/px4_msgs/include/px4_msgs/px4_msgs/msg/detail/led_control__type_support.hpp
[6.598s] -- Up-to-date: /home/stepan/ws_ros2/install/px4_msgs/include/px4_msgs/px4_msgs/msg/detail/battery_status__traits.hpp
[6.598s] -- Up-to-date: /home/stepan/ws_ros2/install/px4_msgs/include/px4_msgs/px4_msgs/msg/detail/actuator_servos_trim__builder.hpp
[6.599s] -- Up-to-date: /home/stepan/ws_ros2/install/px4_msgs/include/px4_msgs/px4_msgs/msg/detail/open_drone_id_system__traits.hpp
[6.599s] -- Up-to-date: /home/stepan/ws_ros2/install/px4_msgs/include/px4_msgs/px4_msgs/msg/detail/gimbal_manager_information__builder.hpp
[6.599s] -- Up-to-date: /home/stepan/ws_ros2/install/px4_msgs/include/px4_msgs/px4_msgs/msg/detail/landing_target_pose__struct.hpp
[6.599s] -- Up-to-date: /home/stepan/ws_ros2/install/px4_msgs/include/px4_msgs/px4_msgs/msg/detail/vehicle_acceleration__builder.hpp
[6.599s] -- Up-to-date: /home/stepan/ws_ros2/install/px4_msgs/include/px4_msgs/px4_msgs/msg/detail/gimbal_device_attitude_status__type_support.hpp
[6.599s] -- Up-to-date: /home/stepan/ws_ros2/install/px4_msgs/include/px4_msgs/px4_msgs/msg/detail/sensor_selection__traits.hpp
[6.599s] -- Up-to-date: /home/stepan/ws_ros2/install/px4_msgs/include/px4_msgs/px4_msgs/msg/detail/parameter_update__type_support.hpp
[6.600s] -- Up-to-date: /home/stepan/ws_ros2/install/px4_msgs/include/px4_msgs/px4_msgs/msg/detail/vehicle_global_position__struct.hpp
[6.600s] -- Up-to-date: /home/stepan/ws_ros2/install/px4_msgs/include/px4_msgs/px4_msgs/msg/detail/sensor_hygrometer__traits.hpp
[6.600s] -- Up-to-date: /home/stepan/ws_ros2/install/px4_msgs/include/px4_msgs/px4_msgs/msg/detail/differential_pressure__struct.hpp
[6.600s] -- Up-to-date: /home/stepan/ws_ros2/install/px4_msgs/include/px4_msgs/px4_msgs/msg/detail/actuator_outputs__traits.hpp
[6.601s] -- Up-to-date: /home/stepan/ws_ros2/install/px4_msgs/include/px4_msgs/px4_msgs/msg/detail/airspeed_wind__builder.hpp
[6.602s] -- Up-to-date: /home/stepan/ws_ros2/install/px4_msgs/include/px4_msgs/px4_msgs/msg/detail/actuator_servos_trim__struct.hpp
[6.603s] -- Up-to-date: /home/stepan/ws_ros2/install/px4_msgs/include/px4_msgs/px4_msgs/msg/detail/home_position__traits.hpp
[6.603s] -- Up-to-date: /home/stepan/ws_ros2/install/px4_msgs/include/px4_msgs/px4_msgs/msg/detail/vehicle_local_position_setpoint__traits.hpp
[6.604s] -- Up-to-date: /home/stepan/ws_ros2/install/px4_msgs/include/px4_msgs/px4_msgs/msg/detail/gps_dump__type_support.hpp
[6.605s] -- Up-to-date: /home/stepan/ws_ros2/install/px4_msgs/include/px4_msgs/px4_msgs/msg/detail/vehicle_angular_acceleration_setpoint__type_support.hpp
[6.606s] -- Up-to-date: /home/stepan/ws_ros2/install/px4_msgs/include/px4_msgs/px4_msgs/msg/detail/vehicle_land_detected__builder.hpp
[6.607s] -- Up-to-date: /home/stepan/ws_ros2/install/px4_msgs/include/px4_msgs/px4_msgs/msg/detail/debug_value__builder.hpp
[6.607s] -- Up-to-date: /home/stepan/ws_ros2/install/px4_msgs/include/px4_msgs/px4_msgs/msg/detail/gpio_out__traits.hpp
[6.607s] -- Up-to-date: /home/stepan/ws_ros2/install/px4_msgs/include/px4_msgs/px4_msgs/msg/detail/health_report__builder.hpp
[6.608s] -- Up-to-date: /home/stepan/ws_ros2/install/px4_msgs/include/px4_msgs/px4_msgs/msg/detail/yaw_estimator_status__builder.hpp
[6.608s] -- Up-to-date: /home/stepan/ws_ros2/install/px4_msgs/include/px4_msgs/px4_msgs/msg/detail/mission_result__builder.hpp
[6.609s] -- Up-to-date: /home/stepan/ws_ros2/install/px4_msgs/include/px4_msgs/px4_msgs/msg/detail/generator_status__traits.hpp
[6.609s] -- Up-to-date: /home/stepan/ws_ros2/install/px4_msgs/include/px4_msgs/px4_msgs/msg/detail/vehicle_thrust_setpoint__traits.hpp
[6.610s] -- Up-to-date: /home/stepan/ws_ros2/install/px4_msgs/include/px4_msgs/px4_msgs/msg/detail/ulog_stream_ack__struct.hpp
[6.610s] -- Up-to-date: /home/stepan/ws_ros2/install/px4_msgs/include/px4_msgs/px4_msgs/msg/detail/gimbal_manager_set_attitude__struct.hpp
[6.611s] -- Up-to-date: /home/stepan/ws_ros2/install/px4_msgs/include/px4_msgs/px4_msgs/msg/detail/gimbal_controls__builder.hpp
[6.611s] -- Up-to-date: /home/stepan/ws_ros2/install/px4_msgs/include/px4_msgs/px4_msgs/msg/detail/takeoff_status__builder.hpp
[6.612s] -- Up-to-date: /home/stepan/ws_ros2/install/px4_msgs/include/px4_msgs/px4_msgs/msg/detail/vehicle_local_position__struct.hpp
[6.612s] -- Up-to-date: /home/stepan/ws_ros2/install/px4_msgs/include/px4_msgs/px4_msgs/msg/detail/sensor_selection__struct.hpp
[6.612s] -- Up-to-date: /home/stepan/ws_ros2/install/px4_msgs/include/px4_msgs/px4_msgs/msg/detail/internal_combustion_engine_status__traits.hpp
[6.612s] -- Up-to-date: /home/stepan/ws_ros2/install/px4_msgs/include/px4_msgs/px4_msgs/msg/detail/vehicle_local_position_setpoint__type_support.hpp
[6.612s] -- Up-to-date: /home/stepan/ws_ros2/install/px4_msgs/include/px4_msgs/px4_msgs/msg/detail/register_ext_component_request__type_support.hpp
[6.613s] -- Up-to-date: /home/stepan/ws_ros2/install/px4_msgs/include/px4_msgs/px4_msgs/msg/detail/rover_throttle_setpoint__struct.hpp
[6.613s] -- Up-to-date: /home/stepan/ws_ros2/install/px4_msgs/include/px4_msgs/px4_msgs/msg/detail/gpio_in__traits.hpp
[6.613s] -- Up-to-date: /home/stepan/ws_ros2/install/px4_msgs/include/px4_msgs/px4_msgs/msg/detail/estimator_aid_source1d__struct.hpp
[6.613s] -- Up-to-date: /home/stepan/ws_ros2/install/px4_msgs/include/px4_msgs/px4_msgs/msg/detail/rover_throttle_setpoint__traits.hpp
[6.613s] -- Up-to-date: /home/stepan/ws_ros2/install/px4_msgs/include/px4_msgs/px4_msgs/msg/detail/vehicle_attitude_setpoint__struct.hpp
[6.613s] -- Up-to-date: /home/stepan/ws_ros2/install/px4_msgs/include/px4_msgs/px4_msgs/msg/detail/register_ext_component_request__struct.hpp
[6.613s] -- Up-to-date: /home/stepan/ws_ros2/install/px4_msgs/include/px4_msgs/px4_msgs/msg/detail/sensor_correction__traits.hpp
[6.614s] -- Up-to-date: /home/stepan/ws_ros2/install/px4_msgs/include/px4_msgs/px4_msgs/msg/detail/internal_combustion_engine_status__struct.hpp
[6.614s] -- Up-to-date: /home/stepan/ws_ros2/install/px4_msgs/include/px4_msgs/px4_msgs/msg/detail/timesync_status__builder.hpp
[6.614s] -- Up-to-date: /home/stepan/ws_ros2/install/px4_msgs/include/px4_msgs/px4_msgs/msg/detail/sensor_airflow__type_support.hpp
[6.614s] -- Up-to-date: /home/stepan/ws_ros2/install/px4_msgs/include/px4_msgs/px4_msgs/msg/detail/esc_report__builder.hpp
[6.615s] -- Up-to-date: /home/stepan/ws_ros2/install/px4_msgs/include/px4_msgs/px4_msgs/msg/detail/message_format_response__type_support.hpp
[6.615s] -- Up-to-date: /home/stepan/ws_ros2/install/px4_msgs/include/px4_msgs/px4_msgs/msg/detail/mavlink_tunnel__builder.hpp
[6.615s] -- Up-to-date: /home/stepan/ws_ros2/install/px4_msgs/include/px4_msgs/px4_msgs/msg/detail/mount_orientation__struct.hpp
[6.615s] -- Up-to-date: /home/stepan/ws_ros2/install/px4_msgs/include/px4_msgs/px4_msgs/msg/detail/adc_report__traits.hpp
[6.615s] -- Up-to-date: /home/stepan/ws_ros2/install/px4_msgs/include/px4_msgs/px4_msgs/msg/detail/log_message__builder.hpp
[6.616s] -- Up-to-date: /home/stepan/ws_ros2/install/px4_msgs/include/px4_msgs/px4_msgs/msg/detail/arming_check_reply__traits.hpp
[6.616s] -- Up-to-date: /home/stepan/ws_ros2/install/px4_msgs/include/px4_msgs/px4_msgs/msg/detail/sensor_uwb__builder.hpp
[6.616s] -- Up-to-date: /home/stepan/ws_ros2/install/px4_msgs/include/px4_msgs/px4_msgs/msg/detail/sensor_accel_fifo__builder.hpp
[6.616s] -- Up-to-date: /home/stepan/ws_ros2/install/px4_msgs/include/px4_msgs/px4_msgs/msg/detail/sensor_preflight_mag__builder.hpp
[6.616s] -- Up-to-date: /home/stepan/ws_ros2/install/px4_msgs/include/px4_msgs/px4_msgs/msg/detail/irlock_report__type_support.hpp
[6.617s] -- Up-to-date: /home/stepan/ws_ros2/install/px4_msgs/include/px4_msgs/px4_msgs/msg/detail/pure_pursuit_status__traits.hpp
[6.617s] -- Up-to-date: /home/stepan/ws_ros2/install/px4_msgs/include/px4_msgs/px4_msgs/msg/detail/dataman_request__builder.hpp
[6.618s] -- Up-to-date: /home/stepan/ws_ros2/install/px4_msgs/include/px4_msgs/px4_msgs/msg/detail/ulog_stream__builder.hpp
[6.619s] -- Up-to-date: /home/stepan/ws_ros2/install/px4_msgs/include/px4_msgs/px4_msgs/msg/detail/ping__struct.hpp
[6.620s] -- Up-to-date: /home/stepan/ws_ros2/install/px4_msgs/include/px4_msgs/px4_msgs/msg/detail/control_allocator_status__builder.hpp
[6.621s] -- Up-to-date: /home/stepan/ws_ros2/install/px4_msgs/include/px4_msgs/px4_msgs/msg/detail/trajectory_setpoint__builder.hpp
[6.622s] -- Up-to-date: /home/stepan/ws_ros2/install/px4_msgs/include/px4_msgs/px4_msgs/msg/detail/actuator_motors__struct.hpp
[6.623s] -- Up-to-date: /home/stepan/ws_ros2/install/px4_msgs/include/px4_msgs/px4_msgs/msg/detail/actuator_servos_trim__type_support.hpp
[6.624s] -- Up-to-date: /home/stepan/ws_ros2/install/px4_msgs/include/px4_msgs/px4_msgs/msg/detail/ulog_stream_ack__builder.hpp
[6.624s] -- Up-to-date: /home/stepan/ws_ros2/install/px4_msgs/include/px4_msgs/px4_msgs/msg/detail/debug_array__builder.hpp
[6.625s] -- Up-to-date: /home/stepan/ws_ros2/install/px4_msgs/include/px4_msgs/px4_msgs/msg/detail/gps_inject_data__traits.hpp
[6.625s] -- Up-to-date: /home/stepan/ws_ros2/install/px4_msgs/include/px4_msgs/px4_msgs/msg/detail/normalized_unsigned_setpoint__builder.hpp
[6.626s] -- Up-to-date: /home/stepan/ws_ros2/install/px4_msgs/include/px4_msgs/px4_msgs/msg/detail/vehicle_attitude__builder.hpp
[6.626s] -- Up-to-date: /home/stepan/ws_ros2/install/px4_msgs/include/px4_msgs/px4_msgs/msg/detail/camera_trigger__type_support.hpp
[6.627s] -- Up-to-date: /home/stepan/ws_ros2/install/px4_msgs/include/px4_msgs/px4_msgs/msg/detail/vehicle_air_data__traits.hpp
[6.628s] -- Up-to-date: /home/stepan/ws_ros2/install/px4_msgs/include/px4_msgs/px4_msgs/msg/detail/gps_dump__traits.hpp
[6.628s] -- Up-to-date: /home/stepan/ws_ros2/install/px4_msgs/include/px4_msgs/px4_msgs/msg/detail/logger_status__type_support.hpp
[6.628s] -- Up-to-date: /home/stepan/ws_ros2/install/px4_msgs/include/px4_msgs/px4_msgs/msg/detail/estimator_event_flags__struct.hpp
[6.628s] -- Up-to-date: /home/stepan/ws_ros2/install/px4_msgs/include/px4_msgs/px4_msgs/msg/detail/gpio_in__type_support.hpp
[6.629s] -- Up-to-date: /home/stepan/ws_ros2/install/px4_msgs/include/px4_msgs/px4_msgs/msg/detail/flight_phase_estimation__traits.hpp
[6.629s] -- Up-to-date: /home/stepan/ws_ros2/install/px4_msgs/include/px4_msgs/px4_msgs/msg/detail/parameter_reset_request__type_support.hpp
[6.629s] -- Up-to-date: /home/stepan/ws_ros2/install/px4_msgs/include/px4_msgs/px4_msgs/msg/detail/vehicle_command_ack__type_support.hpp
[6.629s] -- Up-to-date: /home/stepan/ws_ros2/install/px4_msgs/include/px4_msgs/px4_msgs/msg/detail/timesync_status__struct.hpp
[6.630s] -- Up-to-date: /home/stepan/ws_ros2/install/px4_msgs/include/px4_msgs/px4_msgs/msg/detail/normalized_unsigned_setpoint__struct.hpp
[6.630s] -- Up-to-date: /home/stepan/ws_ros2/install/px4_msgs/include/px4_msgs/px4_msgs/msg/detail/orb_test_medium__builder.hpp
[6.630s] -- Up-to-date: /home/stepan/ws_ros2/install/px4_msgs/include/px4_msgs/px4_msgs/msg/detail/ping__type_support.hpp
[6.630s] -- Up-to-date: /home/stepan/ws_ros2/install/px4_msgs/include/px4_msgs/px4_msgs/msg/detail/ackermann_velocity_setpoint__struct.hpp
[6.630s] -- Up-to-date: /home/stepan/ws_ros2/install/px4_msgs/include/px4_msgs/px4_msgs/msg/detail/pwm_input__traits.hpp
[6.631s] -- Up-to-date: /home/stepan/ws_ros2/install/px4_msgs/include/px4_msgs/px4_msgs/msg/detail/esc_status__builder.hpp
[6.631s] -- Up-to-date: /home/stepan/ws_ros2/install/px4_msgs/include/px4_msgs/px4_msgs/msg/detail/unregister_ext_component__type_support.hpp
[6.631s] -- Up-to-date: /home/stepan/ws_ros2/install/px4_msgs/include/px4_msgs/px4_msgs/msg/detail/action_request__type_support.hpp
[6.631s] -- Up-to-date: /home/stepan/ws_ros2/install/px4_msgs/include/px4_msgs/px4_msgs/msg/detail/cellular_status__type_support.hpp
[6.631s] -- Up-to-date: /home/stepan/ws_ros2/install/px4_msgs/include/px4_msgs/px4_msgs/msg/detail/rover_rate_setpoint__traits.hpp
[6.632s] -- Up-to-date: /home/stepan/ws_ros2/install/px4_msgs/include/px4_msgs/px4_msgs/msg/detail/pure_pursuit_status__type_support.hpp
[6.632s] -- Up-to-date: /home/stepan/ws_ros2/install/px4_msgs/include/px4_msgs/px4_msgs/msg/detail/navigator_status__type_support.hpp
[6.632s] -- Up-to-date: /home/stepan/ws_ros2/install/px4_msgs/include/px4_msgs/px4_msgs/msg/detail/offboard_control_mode__builder.hpp
[6.632s] -- Up-to-date: /home/stepan/ws_ros2/install/px4_msgs/include/px4_msgs/px4_msgs/msg/detail/irlock_report__struct.hpp
[6.632s] -- Up-to-date: /home/stepan/ws_ros2/install/px4_msgs/include/px4_msgs/px4_msgs/msg/detail/orb_test_large__builder.hpp
[6.632s] -- Up-to-date: /home/stepan/ws_ros2/install/px4_msgs/include/px4_msgs/px4_msgs/msg/detail/rover_position_setpoint__traits.hpp
[6.633s] -- Up-to-date: /home/stepan/ws_ros2/install/px4_msgs/include/px4_msgs/px4_msgs/msg/detail/rtl_time_estimate__type_support.hpp
[6.633s] -- Up-to-date: /home/stepan/ws_ros2/install/px4_msgs/include/px4_msgs/px4_msgs/msg/detail/vehicle_command__traits.hpp
[6.633s] -- Up-to-date: /home/stepan/ws_ros2/install/px4_msgs/include/px4_msgs/px4_msgs/msg/detail/landing_gear_wheel__struct.hpp
[6.633s] -- Up-to-date: /home/stepan/ws_ros2/install/px4_msgs/include/px4_msgs/px4_msgs/msg/detail/autotune_attitude_control_status__builder.hpp
[6.633s] -- Up-to-date: /home/stepan/ws_ros2/install/px4_msgs/include/px4_msgs/px4_msgs/msg/detail/navigator_status__traits.hpp
[6.634s] -- Up-to-date: /home/stepan/ws_ros2/install/px4_msgs/include/px4_msgs/px4_msgs/msg/detail/gimbal_device_attitude_status__builder.hpp
[6.635s] -- Up-to-date: /home/stepan/ws_ros2/install/px4_msgs/include/px4_msgs/px4_msgs/msg/detail/heater_status__builder.hpp
[6.635s] -- Up-to-date: /home/stepan/ws_ros2/install/px4_msgs/include/px4_msgs/px4_msgs/msg/detail/parameter_set_value_request__traits.hpp
[6.637s] -- Up-to-date: /home/stepan/ws_ros2/install/px4_msgs/include/px4_msgs/px4_msgs/msg/detail/figure_eight_status__builder.hpp
[6.637s] -- Up-to-date: /home/stepan/ws_ros2/install/px4_msgs/include/px4_msgs/px4_msgs/msg/detail/actuator_servos__struct.hpp
[6.638s] -- Up-to-date: /home/stepan/ws_ros2/install/px4_msgs/include/px4_msgs/px4_msgs/msg/detail/ekf2_timestamps__traits.hpp
[6.639s] -- Up-to-date: /home/stepan/ws_ros2/install/px4_msgs/include/px4_msgs/px4_msgs/msg/detail/gimbal_manager_information__struct.hpp
[6.639s] -- Up-to-date: /home/stepan/ws_ros2/install/px4_msgs/include/px4_msgs/px4_msgs/msg/detail/internal_combustion_engine_control__type_support.hpp
[6.641s] -- Up-to-date: /home/stepan/ws_ros2/install/px4_msgs/include/px4_msgs/px4_msgs/msg/detail/distance_sensor_mode_change_request__type_support.hpp
[6.641s] -- Up-to-date: /home/stepan/ws_ros2/install/px4_msgs/include/px4_msgs/px4_msgs/msg/detail/message_format_response__struct.hpp
[6.641s] -- Up-to-date: /home/stepan/ws_ros2/install/px4_msgs/include/px4_msgs/px4_msgs/msg/detail/sensor_selection__builder.hpp
[6.642s] -- Up-to-date: /home/stepan/ws_ros2/install/px4_msgs/include/px4_msgs/px4_msgs/msg/detail/sensor_correction__builder.hpp
[6.642s] -- Up-to-date: /home/stepan/ws_ros2/install/px4_msgs/include/px4_msgs/px4_msgs/msg/detail/sensor_gyro__traits.hpp
[6.642s] -- Up-to-date: /home/stepan/ws_ros2/install/px4_msgs/include/px4_msgs/px4_msgs/msg/detail/follow_target__struct.hpp
[6.643s] -- Up-to-date: /home/stepan/ws_ros2/install/px4_msgs/include/px4_msgs/px4_msgs/msg/detail/vehicle_optical_flow__builder.hpp
[6.643s] -- Up-to-date: /home/stepan/ws_ros2/install/px4_msgs/include/px4_msgs/px4_msgs/msg/detail/vehicle_command_ack__struct.hpp
[6.643s] -- Up-to-date: /home/stepan/ws_ros2/install/px4_msgs/include/px4_msgs/px4_msgs/msg/detail/rate_ctrl_status__struct.hpp
[6.644s] -- Up-to-date: /home/stepan/ws_ros2/install/px4_msgs/include/px4_msgs/px4_msgs/msg/detail/vehicle_local_position_setpoint__builder.hpp
[6.645s] -- Up-to-date: /home/stepan/ws_ros2/install/px4_msgs/include/px4_msgs/px4_msgs/msg/detail/generator_status__struct.hpp
[6.645s] -- Up-to-date: /home/stepan/ws_ros2/install/px4_msgs/include/px4_msgs/px4_msgs/msg/detail/sensor_gps__type_support.hpp
[6.645s] -- Up-to-date: /home/stepan/ws_ros2/install/px4_msgs/include/px4_msgs/px4_msgs/msg/detail/tiltrotor_extra_controls__type_support.hpp
[6.645s] -- Up-to-date: /home/stepan/ws_ros2/install/px4_msgs/include/px4_msgs/px4_msgs/msg/detail/vehicle_magnetometer__builder.hpp
[6.646s] -- Up-to-date: /home/stepan/ws_ros2/install/px4_msgs/include/px4_msgs/px4_msgs/msg/detail/vehicle_imu_status__traits.hpp
[6.646s] -- Up-to-date: /home/stepan/ws_ros2/install/px4_msgs/include/px4_msgs/px4_msgs/msg/detail/iridiumsbd_status__builder.hpp
[6.646s] -- Up-to-date: /home/stepan/ws_ros2/install/px4_msgs/include/px4_msgs/px4_msgs/msg/detail/tecs_status__type_support.hpp
[6.646s] -- Up-to-date: /home/stepan/ws_ros2/install/px4_msgs/include/px4_msgs/px4_msgs/msg/detail/rc_parameter_map__builder.hpp
[6.646s] -- Up-to-date: /home/stepan/ws_ros2/install/px4_msgs/include/px4_msgs/px4_msgs/msg/detail/home_position__struct.hpp
[6.647s] -- Up-to-date: /home/stepan/ws_ros2/install/px4_msgs/include/px4_msgs/px4_msgs/msg/detail/magnetometer_bias_estimate__builder.hpp
[6.647s] -- Up-to-date: /home/stepan/ws_ros2/install/px4_msgs/include/px4_msgs/px4_msgs/msg/detail/mag_worker_data__builder.hpp
[6.647s] -- Up-to-date: /home/stepan/ws_ros2/install/px4_msgs/include/px4_msgs/px4_msgs/msg/detail/vehicle_angular_velocity__builder.hpp
[6.647s] -- Up-to-date: /home/stepan/ws_ros2/install/px4_msgs/include/px4_msgs/px4_msgs/msg/detail/estimator_event_flags__type_support.hpp
[6.647s] -- Up-to-date: /home/stepan/ws_ros2/install/px4_msgs/include/px4_msgs/px4_msgs/msg/detail/parameter_update__traits.hpp
[6.648s] -- Up-to-date: /home/stepan/ws_ros2/install/px4_msgs/include/px4_msgs/px4_msgs/msg/detail/debug_array__struct.hpp
[6.648s] -- Up-to-date: /home/stepan/ws_ros2/install/px4_msgs/include/px4_msgs/px4_msgs/msg/detail/esc_status__struct.hpp
[6.648s] -- Up-to-date: /home/stepan/ws_ros2/install/px4_msgs/include/px4_msgs/px4_msgs/msg/detail/mode_completed__traits.hpp
[6.648s] -- Up-to-date: /home/stepan/ws_ros2/install/px4_msgs/include/px4_msgs/px4_msgs/msg/detail/mode_completed__type_support.hpp
[6.648s] -- Up-to-date: /home/stepan/ws_ros2/install/px4_msgs/include/px4_msgs/px4_msgs/msg/detail/adc_report__type_support.hpp
[6.649s] -- Up-to-date: /home/stepan/ws_ros2/install/px4_msgs/include/px4_msgs/px4_msgs/msg/detail/ulog_stream__struct.hpp
[6.649s] -- Up-to-date: /home/stepan/ws_ros2/install/px4_msgs/include/px4_msgs/px4_msgs/msg/detail/hover_thrust_estimate__struct.hpp
[6.649s] -- Up-to-date: /home/stepan/ws_ros2/install/px4_msgs/include/px4_msgs/px4_msgs/msg/detail/landing_gear_wheel__traits.hpp
[6.649s] -- Up-to-date: /home/stepan/ws_ros2/install/px4_msgs/include/px4_msgs/px4_msgs/msg/detail/debug_value__type_support.hpp
[6.649s] -- Up-to-date: /home/stepan/ws_ros2/install/px4_msgs/include/px4_msgs/px4_msgs/msg/detail/sensors_status_imu__struct.hpp
[6.649s] -- Up-to-date: /home/stepan/ws_ros2/install/px4_msgs/include/px4_msgs/px4_msgs/msg/detail/differential_pressure__builder.hpp
[6.649s] -- Up-to-date: /home/stepan/ws_ros2/install/px4_msgs/include/px4_msgs/px4_msgs/msg/detail/geofence_result__struct.hpp
[6.650s] -- Up-to-date: /home/stepan/ws_ros2/install/px4_msgs/include/px4_msgs/px4_msgs/msg/detail/mission__builder.hpp
[6.650s] -- Up-to-date: /home/stepan/ws_ros2/install/px4_msgs/include/px4_msgs/px4_msgs/msg/detail/health_report__type_support.hpp
[6.650s] -- Up-to-date: /home/stepan/ws_ros2/install/px4_msgs/include/px4_msgs/px4_msgs/msg/detail/onboard_computer_status__traits.hpp
[6.650s] -- Up-to-date: /home/stepan/ws_ros2/install/px4_msgs/include/px4_msgs/px4_msgs/msg/detail/estimator_event_flags__builder.hpp
[6.651s] -- Up-to-date: /home/stepan/ws_ros2/install/px4_msgs/include/px4_msgs/px4_msgs/msg/detail/sensor_gps__struct.hpp
[6.654s] -- Up-to-date: /home/stepan/ws_ros2/install/px4_msgs/include/px4_msgs/px4_msgs/msg/detail/follow_target__traits.hpp
[6.655s] -- Up-to-date: /home/stepan/ws_ros2/install/px4_msgs/include/px4_msgs/px4_msgs/msg/detail/sensor_gnss_relative__traits.hpp
[6.656s] -- Up-to-date: /home/stepan/ws_ros2/install/px4_msgs/include/px4_msgs/px4_msgs/msg/detail/gpio_out__type_support.hpp
[6.657s] -- Up-to-date: /home/stepan/ws_ros2/install/px4_msgs/include/px4_msgs/px4_msgs/msg/detail/sensor_accel_fifo__struct.hpp
[6.658s] -- Up-to-date: /home/stepan/ws_ros2/install/px4_msgs/include/px4_msgs/px4_msgs/msg/detail/open_drone_id_system__type_support.hpp
[6.659s] -- Up-to-date: /home/stepan/ws_ros2/install/px4_msgs/include/px4_msgs/px4_msgs/msg/detail/gimbal_device_set_attitude__struct.hpp
[6.659s] -- Up-to-date: /home/stepan/ws_ros2/install/px4_msgs/include/px4_msgs/px4_msgs/msg/detail/action_request__builder.hpp
[6.660s] -- Up-to-date: /home/stepan/ws_ros2/install/px4_msgs/include/px4_msgs/px4_msgs/msg/detail/vehicle_torque_setpoint__type_support.hpp
[6.661s] -- Up-to-date: /home/stepan/ws_ros2/install/px4_msgs/include/px4_msgs/px4_msgs/msg/detail/magnetometer_bias_estimate__traits.hpp
[6.661s] -- Up-to-date: /home/stepan/ws_ros2/install/px4_msgs/include/px4_msgs/px4_msgs/msg/detail/uavcan_parameter_request__type_support.hpp
[6.662s] -- Up-to-date: /home/stepan/ws_ros2/install/px4_msgs/include/px4_msgs/px4_msgs/msg/detail/actuator_motors__traits.hpp
[6.662s] -- Up-to-date: /home/stepan/ws_ros2/install/px4_msgs/include/px4_msgs/px4_msgs/msg/detail/rtl_status__traits.hpp
[6.662s] -- Up-to-date: /home/stepan/ws_ros2/install/px4_msgs/include/px4_msgs/px4_msgs/msg/detail/trajectory_setpoint6dof__builder.hpp
[6.662s] -- Up-to-date: /home/stepan/ws_ros2/install/px4_msgs/include/px4_msgs/px4_msgs/msg/detail/rover_attitude_status__builder.hpp
[6.663s] -- Up-to-date: /home/stepan/ws_ros2/install/px4_msgs/include/px4_msgs/px4_msgs/msg/detail/gpio_config__traits.hpp
[6.663s] -- Up-to-date: /home/stepan/ws_ros2/install/px4_msgs/include/px4_msgs/px4_msgs/msg/detail/tiltrotor_extra_controls__traits.hpp
[6.663s] -- Up-to-date: /home/stepan/ws_ros2/install/px4_msgs/include/px4_msgs/px4_msgs/msg/detail/mavlink_log__builder.hpp
[6.663s] -- Up-to-date: /home/stepan/ws_ros2/install/px4_msgs/include/px4_msgs/px4_msgs/msg/detail/vehicle_control_mode__traits.hpp
[6.663s] -- Up-to-date: /home/stepan/ws_ros2/install/px4_msgs/include/px4_msgs/px4_msgs/msg/detail/vehicle_rates_setpoint__type_support.hpp
[6.664s] -- Up-to-date: /home/stepan/ws_ros2/install/px4_msgs/include/px4_msgs/px4_msgs/msg/detail/gpio_in__struct.hpp
[6.664s] -- Up-to-date: /home/stepan/ws_ros2/install/px4_msgs/include/px4_msgs/px4_msgs/msg/detail/vehicle_constraints__builder.hpp
[6.664s] -- Up-to-date: /home/stepan/ws_ros2/install/px4_msgs/include/px4_msgs/px4_msgs/msg/detail/estimator_bias3d__type_support.hpp
[6.664s] -- Up-to-date: /home/stepan/ws_ros2/install/px4_msgs/include/px4_msgs/px4_msgs/msg/detail/vehicle_angular_velocity__type_support.hpp
[6.664s] -- Up-to-date: /home/stepan/ws_ros2/install/px4_msgs/include/px4_msgs/px4_msgs/msg/detail/led_control__traits.hpp
[6.664s] -- Up-to-date: /home/stepan/ws_ros2/install/px4_msgs/include/px4_msgs/px4_msgs/msg/detail/vehicle_attitude_setpoint__traits.hpp
[6.665s] -- Up-to-date: /home/stepan/ws_ros2/install/px4_msgs/include/px4_msgs/px4_msgs/msg/detail/sensor_combined__type_support.hpp
[6.665s] -- Up-to-date: /home/stepan/ws_ros2/install/px4_msgs/include/px4_msgs/px4_msgs/msg/detail/gimbal_device_set_attitude__builder.hpp
[6.665s] -- Up-to-date: /home/stepan/ws_ros2/install/px4_msgs/include/px4_msgs/px4_msgs/msg/detail/geofence_result__type_support.hpp
[6.665s] -- Up-to-date: /home/stepan/ws_ros2/install/px4_msgs/include/px4_msgs/px4_msgs/msg/detail/airspeed_wind__traits.hpp
[6.666s] -- Up-to-date: /home/stepan/ws_ros2/install/px4_msgs/include/px4_msgs/px4_msgs/msg/detail/debug_vect__type_support.hpp
[6.666s] -- Up-to-date: /home/stepan/ws_ros2/install/px4_msgs/include/px4_msgs/px4_msgs/msg/detail/estimator_status__traits.hpp
[6.666s] -- Up-to-date: /home/stepan/ws_ros2/install/px4_msgs/include/px4_msgs/px4_msgs/msg/detail/gimbal_device_information__struct.hpp
[6.666s] -- Up-to-date: /home/stepan/ws_ros2/install/px4_msgs/include/px4_msgs/px4_msgs/msg/detail/cellular_status__struct.hpp
[6.666s] -- Up-to-date: /home/stepan/ws_ros2/install/px4_msgs/include/px4_msgs/px4_msgs/msg/detail/collision_constraints__builder.hpp
[6.667s] -- Up-to-date: /home/stepan/ws_ros2/install/px4_msgs/include/px4_msgs/px4_msgs/msg/detail/log_message__traits.hpp
[6.669s] -- Up-to-date: /home/stepan/ws_ros2/install/px4_msgs/include/px4_msgs/px4_msgs/msg/detail/camera_capture__type_support.hpp
[6.669s] -- Up-to-date: /home/stepan/ws_ros2/install/px4_msgs/include/px4_msgs/px4_msgs/msg/detail/takeoff_status__type_support.hpp
[6.670s] -- Up-to-date: /home/stepan/ws_ros2/install/px4_msgs/include/px4_msgs/px4_msgs/msg/detail/camera_capture__traits.hpp
[6.671s] -- Up-to-date: /home/stepan/ws_ros2/install/px4_msgs/include/px4_msgs/px4_msgs/msg/detail/rc_parameter_map__traits.hpp
[6.672s] -- Up-to-date: /home/stepan/ws_ros2/install/px4_msgs/include/px4_msgs/px4_msgs/msg/detail/ping__builder.hpp
[6.673s] -- Up-to-date: /home/stepan/ws_ros2/install/px4_msgs/include/px4_msgs/px4_msgs/msg/detail/orbit_status__builder.hpp
[6.674s] -- Up-to-date: /home/stepan/ws_ros2/install/px4_msgs/include/px4_msgs/px4_msgs/msg/detail/npfg_status__builder.hpp
[6.674s] -- Up-to-date: /home/stepan/ws_ros2/install/px4_msgs/include/px4_msgs/px4_msgs/msg/detail/sensor_gps__builder.hpp
[6.674s] -- Up-to-date: /home/stepan/ws_ros2/install/px4_msgs/include/px4_msgs/px4_msgs/msg/detail/vehicle_constraints__struct.hpp
[6.675s] -- Up-to-date: /home/stepan/ws_ros2/install/px4_msgs/include/px4_msgs/px4_msgs/msg/detail/open_drone_id_system__struct.hpp
[6.675s] -- Up-to-date: /home/stepan/ws_ros2/install/px4_msgs/include/px4_msgs/px4_msgs/msg/detail/navigator_status__struct.hpp
[6.675s] -- Up-to-date: /home/stepan/ws_ros2/install/px4_msgs/include/px4_msgs/px4_msgs/msg/detail/debug_value__struct.hpp
[6.676s] -- Up-to-date: /home/stepan/ws_ros2/install/px4_msgs/include/px4_msgs/px4_msgs/msg/detail/sensor_preflight_mag__type_support.hpp
[6.677s] -- Up-to-date: /home/stepan/ws_ros2/install/px4_msgs/include/px4_msgs/px4_msgs/msg/detail/irlock_report__builder.hpp
[6.677s] -- Up-to-date: /home/stepan/ws_ros2/install/px4_msgs/include/px4_msgs/px4_msgs/msg/detail/gpio_request__builder.hpp
[6.677s] -- Up-to-date: /home/stepan/ws_ros2/install/px4_msgs/include/px4_msgs/px4_msgs/msg/detail/sensor_gyro_fft__builder.hpp
[6.678s] -- Up-to-date: /home/stepan/ws_ros2/install/px4_msgs/include/px4_msgs/px4_msgs/msg/detail/rover_steering_setpoint__struct.hpp
[6.678s] -- Up-to-date: /home/stepan/ws_ros2/install/px4_msgs/include/px4_msgs/px4_msgs/msg/detail/radio_status__struct.hpp
[6.678s] -- Up-to-date: /home/stepan/ws_ros2/install/px4_msgs/include/px4_msgs/px4_msgs/msg/detail/estimator_aid_source2d__traits.hpp
[6.678s] -- Up-to-date: /home/stepan/ws_ros2/install/px4_msgs/include/px4_msgs/px4_msgs/msg/detail/sensor_gyro_fifo__struct.hpp
[6.678s] -- Up-to-date: /home/stepan/ws_ros2/install/px4_msgs/include/px4_msgs/px4_msgs/msg/detail/gimbal_device_attitude_status__traits.hpp
[6.678s] -- Up-to-date: /home/stepan/ws_ros2/install/px4_msgs/include/px4_msgs/px4_msgs/msg/detail/open_drone_id_arm_status__type_support.hpp
[6.679s] -- Up-to-date: /home/stepan/ws_ros2/install/px4_msgs/include/px4_msgs/px4_msgs/msg/detail/gimbal_manager_information__type_support.hpp
[6.679s] -- Up-to-date: /home/stepan/ws_ros2/install/px4_msgs/include/px4_msgs/px4_msgs/msg/detail/camera_status__type_support.hpp
[6.679s] -- Up-to-date: /home/stepan/ws_ros2/install/px4_msgs/include/px4_msgs/px4_msgs/msg/detail/gpio_in__builder.hpp
[6.679s] -- Up-to-date: /home/stepan/ws_ros2/install/px4_msgs/include/px4_msgs/px4_msgs/msg/detail/transponder_report__struct.hpp
[6.679s] -- Up-to-date: /home/stepan/ws_ros2/install/px4_msgs/include/px4_msgs/px4_msgs/msg/detail/gps_inject_data__builder.hpp
[6.679s] -- Up-to-date: /home/stepan/ws_ros2/install/px4_msgs/include/px4_msgs/px4_msgs/msg/detail/sensor_accel__builder.hpp
[6.680s] -- Up-to-date: /home/stepan/ws_ros2/install/px4_msgs/include/px4_msgs/px4_msgs/msg/detail/airspeed__traits.hpp
[6.680s] -- Up-to-date: /home/stepan/ws_ros2/install/px4_msgs/include/px4_msgs/px4_msgs/msg/detail/input_rc__struct.hpp
[6.680s] -- Up-to-date: /home/stepan/ws_ros2/install/px4_msgs/include/px4_msgs/px4_msgs/msg/detail/orb_test_medium__type_support.hpp
[6.680s] -- Up-to-date: /home/stepan/ws_ros2/install/px4_msgs/include/px4_msgs/px4_msgs/msg/detail/sensor_optical_flow__traits.hpp
[6.680s] -- Up-to-date: /home/stepan/ws_ros2/install/px4_msgs/include/px4_msgs/px4_msgs/msg/detail/takeoff_status__traits.hpp
[6.681s] -- Up-to-date: /home/stepan/ws_ros2/install/px4_msgs/include/px4_msgs/px4_msgs/msg/detail/open_drone_id_operator_id__builder.hpp
[6.681s] -- Up-to-date: /home/stepan/ws_ros2/install/px4_msgs/include/px4_msgs/px4_msgs/msg/detail/vehicle_angular_acceleration_setpoint__traits.hpp
[6.681s] -- Up-to-date: /home/stepan/ws_ros2/install/px4_msgs/include/px4_msgs/px4_msgs/msg/detail/distance_sensor_mode_change_request__builder.hpp
[6.681s] -- Up-to-date: /home/stepan/ws_ros2/install/px4_msgs/include/px4_msgs/px4_msgs/msg/detail/vehicle_constraints__type_support.hpp
[6.681s] -- Up-to-date: /home/stepan/ws_ros2/install/px4_msgs/include/px4_msgs/px4_msgs/msg/detail/camera_trigger__struct.hpp
[6.681s] -- Up-to-date: /home/stepan/ws_ros2/install/px4_msgs/include/px4_msgs/px4_msgs/msg/detail/npfg_status__traits.hpp
[6.682s] -- Up-to-date: /home/stepan/ws_ros2/install/px4_msgs/include/px4_msgs/px4_msgs/msg/detail/home_position__type_support.hpp
[6.682s] -- Up-to-date: /home/stepan/ws_ros2/install/px4_msgs/include/px4_msgs/px4_msgs/msg/detail/vehicle_control_mode__builder.hpp
[6.682s] -- Up-to-date: /home/stepan/ws_ros2/install/px4_msgs/include/px4_msgs/px4_msgs/msg/detail/launch_detection_status__traits.hpp
[6.682s] -- Up-to-date: /home/stepan/ws_ros2/install/px4_msgs/include/px4_msgs/px4_msgs/msg/detail/onboard_computer_status__builder.hpp
[6.682s] -- Up-to-date: /home/stepan/ws_ros2/install/px4_msgs/include/px4_msgs/px4_msgs/msg/detail/estimator_bias__type_support.hpp
[6.683s] -- Up-to-date: /home/stepan/ws_ros2/install/px4_msgs/include/px4_msgs/px4_msgs/msg/detail/vehicle_optical_flow_vel__struct.hpp
[6.683s] -- Up-to-date: /home/stepan/ws_ros2/install/px4_msgs/include/px4_msgs/px4_msgs/msg/detail/sensor_uwb__traits.hpp
[6.683s] -- Up-to-date: /home/stepan/ws_ros2/install/px4_msgs/include/px4_msgs/px4_msgs/msg/detail/gimbal_manager_set_attitude__type_support.hpp
[6.684s] -- Up-to-date: /home/stepan/ws_ros2/install/px4_msgs/include/px4_msgs/px4_msgs/msg/detail/open_drone_id_arm_status__traits.hpp
[6.685s] -- Up-to-date: /home/stepan/ws_ros2/install/px4_msgs/include/px4_msgs/px4_msgs/msg/detail/sensor_baro__type_support.hpp
[6.686s] -- Up-to-date: /home/stepan/ws_ros2/install/px4_msgs/include/px4_msgs/px4_msgs/msg/detail/timesync_status__traits.hpp
[6.687s] -- Up-to-date: /home/stepan/ws_ros2/install/px4_msgs/include/px4_msgs/px4_msgs/msg/detail/estimator_gps_status__type_support.hpp
[6.687s] -- Up-to-date: /home/stepan/ws_ros2/install/px4_msgs/include/px4_msgs/px4_msgs/msg/detail/figure_eight_status__type_support.hpp
[6.688s] -- Up-to-date: /home/stepan/ws_ros2/install/px4_msgs/include/px4_msgs/px4_msgs/msg/detail/battery_status__type_support.hpp
[6.689s] -- Up-to-date: /home/stepan/ws_ros2/install/px4_msgs/include/px4_msgs/px4_msgs/msg/detail/gimbal_device_set_attitude__traits.hpp
[6.690s] -- Up-to-date: /home/stepan/ws_ros2/install/px4_msgs/include/px4_msgs/px4_msgs/msg/detail/onboard_computer_status__type_support.hpp
[6.691s] -- Up-to-date: /home/stepan/ws_ros2/install/px4_msgs/include/px4_msgs/px4_msgs/msg/detail/actuator_outputs__type_support.hpp
[6.692s] -- Up-to-date: /home/stepan/ws_ros2/install/px4_msgs/include/px4_msgs/px4_msgs/msg/detail/vehicle_imu_status__struct.hpp
[6.692s] -- Up-to-date: /home/stepan/ws_ros2/install/px4_msgs/include/px4_msgs/px4_msgs/msg/detail/launch_detection_status__type_support.hpp
[6.692s] -- Up-to-date: /home/stepan/ws_ros2/install/px4_msgs/include/px4_msgs/px4_msgs/msg/detail/landing_target_pose__builder.hpp
[6.693s] -- Up-to-date: /home/stepan/ws_ros2/install/px4_msgs/include/px4_msgs/px4_msgs/msg/detail/qshell_retval__struct.hpp
[6.693s] -- Up-to-date: /home/stepan/ws_ros2/install/px4_msgs/include/px4_msgs/px4_msgs/msg/detail/cellular_status__traits.hpp
[6.693s] -- Up-to-date: /home/stepan/ws_ros2/install/px4_msgs/include/px4_msgs/px4_msgs/msg/detail/debug_key_value__traits.hpp
[6.694s] -- Up-to-date: /home/stepan/ws_ros2/install/px4_msgs/include/px4_msgs/px4_msgs/msg/detail/open_drone_id_self_id__builder.hpp
[6.695s] -- Up-to-date: /home/stepan/ws_ros2/install/px4_msgs/include/px4_msgs/px4_msgs/msg/detail/qshell_req__type_support.hpp
[6.695s] -- Up-to-date: /home/stepan/ws_ros2/install/px4_msgs/include/px4_msgs/px4_msgs/msg/detail/geofence_status__type_support.hpp
[6.695s] -- Up-to-date: /home/stepan/ws_ros2/install/px4_msgs/include/px4_msgs/px4_msgs/msg/detail/rover_steering_setpoint__traits.hpp
[6.696s] -- Up-to-date: /home/stepan/ws_ros2/install/px4_msgs/include/px4_msgs/px4_msgs/msg/detail/rover_attitude_status__struct.hpp
[6.696s] -- Up-to-date: /home/stepan/ws_ros2/install/px4_msgs/include/px4_msgs/px4_msgs/msg/detail/gimbal_device_attitude_status__struct.hpp
[6.696s] -- Up-to-date: /home/stepan/ws_ros2/install/px4_msgs/include/px4_msgs/px4_msgs/msg/detail/qshell_retval__type_support.hpp
[6.696s] -- Up-to-date: /home/stepan/ws_ros2/install/px4_msgs/include/px4_msgs/px4_msgs/msg/detail/pps_capture__builder.hpp
[6.697s] -- Up-to-date: /home/stepan/ws_ros2/install/px4_msgs/include/px4_msgs/px4_msgs/msg/detail/camera_status__builder.hpp
[6.697s] -- Up-to-date: /home/stepan/ws_ros2/install/px4_msgs/include/px4_msgs/px4_msgs/msg/detail/vehicle_attitude_setpoint__builder.hpp
[6.697s] -- Up-to-date: /home/stepan/ws_ros2/install/px4_msgs/include/px4_msgs/px4_msgs/msg/detail/power_button_state__type_support.hpp
[6.697s] -- Up-to-date: /home/stepan/ws_ros2/install/px4_msgs/include/px4_msgs/px4_msgs/msg/detail/failsafe_flags__struct.hpp
[6.697s] -- Up-to-date: /home/stepan/ws_ros2/install/px4_msgs/include/px4_msgs/px4_msgs/msg/detail/dataman_request__traits.hpp
[6.697s] -- Up-to-date: /home/stepan/ws_ros2/install/px4_msgs/include/px4_msgs/px4_msgs/msg/detail/uavcan_parameter_value__type_support.hpp
[6.698s] -- Up-to-date: /home/stepan/ws_ros2/install/px4_msgs/include/px4_msgs/px4_msgs/msg/detail/debug_vect__builder.hpp
[6.698s] -- Up-to-date: /home/stepan/ws_ros2/install/px4_msgs/include/px4_msgs/px4_msgs/msg/detail/vehicle_optical_flow__traits.hpp
[6.698s] -- Up-to-date: /home/stepan/ws_ros2/install/px4_msgs/include/px4_msgs/px4_msgs/msg/detail/goto_setpoint__type_support.hpp
[6.698s] -- Up-to-date: /home/stepan/ws_ros2/install/px4_msgs/include/px4_msgs/px4_msgs/msg/detail/rover_rate_setpoint__struct.hpp
[6.698s] -- Up-to-date: /home/stepan/ws_ros2/install/px4_msgs/include/px4_msgs/px4_msgs/msg/detail/orbit_status__traits.hpp
[6.698s] -- Up-to-date: /home/stepan/ws_ros2/install/px4_msgs/include/px4_msgs/px4_msgs/msg/detail/open_drone_id_self_id__struct.hpp
[6.698s] -- Up-to-date: /home/stepan/ws_ros2/install/px4_msgs/include/px4_msgs/px4_msgs/msg/detail/sensor_gyro_fifo__type_support.hpp
[6.699s] -- Up-to-date: /home/stepan/ws_ros2/install/px4_msgs/include/px4_msgs/px4_msgs/msg/detail/rover_position_setpoint__type_support.hpp
[6.699s] -- Up-to-date: /home/stepan/ws_ros2/install/px4_msgs/include/px4_msgs/px4_msgs/msg/detail/gimbal_manager_set_manual_control__builder.hpp
[6.699s] -- Up-to-date: /home/stepan/ws_ros2/install/px4_msgs/include/px4_msgs/px4_msgs/msg/detail/vehicle_thrust_setpoint__type_support.hpp
[6.699s] -- Up-to-date: /home/stepan/ws_ros2/install/px4_msgs/include/px4_msgs/px4_msgs/msg/detail/actuator_armed__struct.hpp
[6.699s] -- Up-to-date: /home/stepan/ws_ros2/install/px4_msgs/include/px4_msgs/px4_msgs/msg/detail/sensors_status__type_support.hpp
[6.699s] -- Up-to-date: /home/stepan/ws_ros2/install/px4_msgs/include/px4_msgs/px4_msgs/msg/detail/power_button_state__struct.hpp
[6.700s] -- Up-to-date: /home/stepan/ws_ros2/install/px4_msgs/include/px4_msgs/px4_msgs/msg/detail/figure_eight_status__traits.hpp
[6.700s] -- Up-to-date: /home/stepan/ws_ros2/install/px4_msgs/include/px4_msgs/px4_msgs/msg/detail/orb_test__traits.hpp
[6.700s] -- Up-to-date: /home/stepan/ws_ros2/install/px4_msgs/include/px4_msgs/px4_msgs/msg/detail/system_power__traits.hpp
[6.700s] -- Up-to-date: /home/stepan/ws_ros2/install/px4_msgs/include/px4_msgs/px4_msgs/msg/detail/register_ext_component_reply__traits.hpp
[6.700s] -- Up-to-date: /home/stepan/ws_ros2/install/px4_msgs/include/px4_msgs/px4_msgs/msg/detail/sensor_mag__traits.hpp
[6.700s] -- Up-to-date: /home/stepan/ws_ros2/install/px4_msgs/include/px4_msgs/px4_msgs/msg/detail/sensor_hygrometer__builder.hpp
[6.701s] -- Up-to-date: /home/stepan/ws_ros2/install/px4_msgs/include/px4_msgs/px4_msgs/msg/detail/sensor_gyro__builder.hpp
[6.701s] -- Up-to-date: /home/stepan/ws_ros2/install/px4_msgs/include/px4_msgs/px4_msgs/msg/detail/position_controller_landing_status__struct.hpp
[6.701s] -- Up-to-date: /home/stepan/ws_ros2/install/px4_msgs/include/px4_msgs/px4_msgs/msg/detail/rover_attitude_setpoint__type_support.hpp
[6.701s] -- Up-to-date: /home/stepan/ws_ros2/install/px4_msgs/include/px4_msgs/px4_msgs/msg/detail/vehicle_command_ack__builder.hpp
[6.701s] -- Up-to-date: /home/stepan/ws_ros2/install/px4_msgs/include/px4_msgs/px4_msgs/msg/detail/obstacle_distance__traits.hpp
[6.702s] -- Up-to-date: /home/stepan/ws_ros2/install/px4_msgs/include/px4_msgs/px4_msgs/msg/detail/iridiumsbd_status__type_support.hpp
[6.703s] -- Up-to-date: /home/stepan/ws_ros2/install/px4_msgs/include/px4_msgs/px4_msgs/msg/detail/flight_phase_estimation__builder.hpp
[6.703s] -- Up-to-date: /home/stepan/ws_ros2/install/px4_msgs/include/px4_msgs/px4_msgs/msg/detail/estimator_status__type_support.hpp
[6.704s] -- Up-to-date: /home/stepan/ws_ros2/install/px4_msgs/include/px4_msgs/px4_msgs/msg/detail/px4io_status__builder.hpp
[6.706s] -- Up-to-date: /home/stepan/ws_ros2/install/px4_msgs/include/px4_msgs/px4_msgs/msg/detail/arming_check_reply__type_support.hpp
[6.707s] -- Up-to-date: /home/stepan/ws_ros2/install/px4_msgs/include/px4_msgs/px4_msgs/msg/detail/open_drone_id_operator_id__traits.hpp
[6.708s] -- Up-to-date: /home/stepan/ws_ros2/install/px4_msgs/include/px4_msgs/px4_msgs/msg/detail/actuator_outputs__builder.hpp
[6.709s] -- Up-to-date: /home/stepan/ws_ros2/install/px4_msgs/include/px4_msgs/px4_msgs/msg/detail/vehicle_attitude__type_support.hpp
[6.710s] -- Up-to-date: /home/stepan/ws_ros2/install/px4_msgs/include/px4_msgs/px4_msgs/msg/detail/orb_test__builder.hpp
[6.710s] -- Up-to-date: /home/stepan/ws_ros2/install/px4_msgs/include/px4_msgs/px4_msgs/msg/detail/tune_control__struct.hpp
[6.710s] -- Up-to-date: /home/stepan/ws_ros2/install/px4_msgs/include/px4_msgs/px4_msgs/msg/detail/esc_status__type_support.hpp
[6.711s] -- Up-to-date: /home/stepan/ws_ros2/install/px4_msgs/include/px4_msgs/px4_msgs/msg/detail/arming_check_request__struct.hpp
[6.712s] -- Up-to-date: /home/stepan/ws_ros2/install/px4_msgs/include/px4_msgs/px4_msgs/msg/detail/led_control__struct.hpp
[6.712s] -- Up-to-date: /home/stepan/ws_ros2/install/px4_msgs/include/px4_msgs/px4_msgs/msg/detail/vehicle_status__builder.hpp
[6.713s] -- Up-to-date: /home/stepan/ws_ros2/install/px4_msgs/include/px4_msgs/px4_msgs/msg/detail/manual_control_setpoint__struct.hpp
[6.714s] -- Up-to-date: /home/stepan/ws_ros2/install/px4_msgs/include/px4_msgs/px4_msgs/msg/detail/estimator_sensor_bias__struct.hpp
[6.714s] -- Up-to-date: /home/stepan/ws_ros2/install/px4_msgs/include/px4_msgs/px4_msgs/msg/detail/sensor_mag__struct.hpp
[6.714s] -- Up-to-date: /home/stepan/ws_ros2/install/px4_msgs/include/px4_msgs/px4_msgs/msg/detail/vehicle_optical_flow__struct.hpp
[6.714s] -- Up-to-date: /home/stepan/ws_ros2/install/px4_msgs/include/px4_msgs/px4_msgs/msg/detail/power_button_state__traits.hpp
[6.714s] -- Up-to-date: /home/stepan/ws_ros2/install/px4_msgs/include/px4_msgs/px4_msgs/msg/detail/vehicle_command_ack__traits.hpp
[6.715s] -- Up-to-date: /home/stepan/ws_ros2/install/px4_msgs/include/px4_msgs/px4_msgs/msg/detail/px4io_status__struct.hpp
[6.715s] -- Up-to-date: /home/stepan/ws_ros2/install/px4_msgs/include/px4_msgs/px4_msgs/msg/detail/vehicle_command__struct.hpp
[6.715s] -- Up-to-date: /home/stepan/ws_ros2/install/px4_msgs/include/px4_msgs/px4_msgs/msg/detail/gimbal_device_set_attitude__type_support.hpp
[6.715s] -- Up-to-date: /home/stepan/ws_ros2/install/px4_msgs/include/px4_msgs/px4_msgs/msg/detail/sensor_baro__builder.hpp
[6.715s] -- Up-to-date: /home/stepan/ws_ros2/install/px4_msgs/include/px4_msgs/px4_msgs/msg/detail/navigator_status__builder.hpp
[6.716s] -- Up-to-date: /home/stepan/ws_ros2/install/px4_msgs/include/px4_msgs/px4_msgs/msg/detail/tiltrotor_extra_controls__builder.hpp
[6.716s] -- Up-to-date: /home/stepan/ws_ros2/install/px4_msgs/include/px4_msgs/px4_msgs/msg/detail/ulog_stream_ack__type_support.hpp
[6.716s] -- Up-to-date: /home/stepan/ws_ros2/install/px4_msgs/include/px4_msgs/px4_msgs/msg/detail/ackermann_velocity_setpoint__builder.hpp
[6.716s] -- Up-to-date: /home/stepan/ws_ros2/install/px4_msgs/include/px4_msgs/px4_msgs/msg/detail/gimbal_device_information__builder.hpp
[6.717s] -- Up-to-date: /home/stepan/ws_ros2/install/px4_msgs/include/px4_msgs/px4_msgs/msg/detail/estimator_selector_status__traits.hpp
[6.717s] -- Up-to-date: /home/stepan/ws_ros2/install/px4_msgs/include/px4_msgs/px4_msgs/msg/detail/led_control__builder.hpp
[6.718s] -- Up-to-date: /home/stepan/ws_ros2/install/px4_msgs/include/px4_msgs/px4_msgs/msg/detail/collision_constraints__traits.hpp
[6.718s] -- Up-to-date: /home/stepan/ws_ros2/install/px4_msgs/include/px4_msgs/px4_msgs/msg/detail/orb_test_medium__traits.hpp
[6.719s] -- Up-to-date: /home/stepan/ws_ros2/install/px4_msgs/include/px4_msgs/px4_msgs/msg/detail/system_power__struct.hpp
[6.719s] -- Up-to-date: /home/stepan/ws_ros2/install/px4_msgs/include/px4_msgs/px4_msgs/msg/detail/gpio_request__traits.hpp
[6.720s] -- Up-to-date: /home/stepan/ws_ros2/install/px4_msgs/include/px4_msgs/px4_msgs/msg/detail/rover_throttle_setpoint__type_support.hpp
[6.721s] -- Up-to-date: /home/stepan/ws_ros2/install/px4_msgs/include/px4_msgs/px4_msgs/msg/detail/follow_target__builder.hpp
[6.721s] -- Up-to-date: /home/stepan/ws_ros2/install/px4_msgs/include/px4_msgs/px4_msgs/msg/detail/failsafe_flags__traits.hpp
[6.723s] -- Up-to-date: /home/stepan/ws_ros2/install/px4_msgs/include/px4_msgs/px4_msgs/msg/detail/mode_completed__struct.hpp
[6.724s] -- Up-to-date: /home/stepan/ws_ros2/install/px4_msgs/include/px4_msgs/px4_msgs/msg/detail/vehicle_thrust_setpoint__builder.hpp
[6.725s] -- Up-to-date: /home/stepan/ws_ros2/install/px4_msgs/include/px4_msgs/px4_msgs/msg/detail/hover_thrust_estimate__traits.hpp
[6.726s] -- Up-to-date: /home/stepan/ws_ros2/install/px4_msgs/include/px4_msgs/px4_msgs/msg/detail/vehicle_odometry__struct.hpp
[6.727s] -- Up-to-date: /home/stepan/ws_ros2/install/px4_msgs/include/px4_msgs/px4_msgs/msg/detail/navigator_mission_item__traits.hpp
[6.727s] -- Up-to-date: /home/stepan/ws_ros2/install/px4_msgs/include/px4_msgs/px4_msgs/msg/detail/config_overrides__builder.hpp
[6.727s] -- Up-to-date: /home/stepan/ws_ros2/install/px4_msgs/include/px4_msgs/px4_msgs/msg/detail/obstacle_distance__builder.hpp
[6.728s] -- Up-to-date: /home/stepan/ws_ros2/install/px4_msgs/include/px4_msgs/px4_msgs/msg/detail/dataman_response__struct.hpp
[6.729s] -- Up-to-date: /home/stepan/ws_ros2/install/px4_msgs/include/px4_msgs/px4_msgs/msg/detail/goto_setpoint__struct.hpp
[6.729s] -- Up-to-date: /home/stepan/ws_ros2/install/px4_msgs/include/px4_msgs/px4_msgs/msg/detail/onboard_computer_status__struct.hpp
[6.731s] -- Up-to-date: /home/stepan/ws_ros2/install/px4_msgs/include/px4_msgs/px4_msgs/msg/detail/vehicle_torque_setpoint__struct.hpp
[6.731s] -- Up-to-date: /home/stepan/ws_ros2/install/px4_msgs/include/px4_msgs/px4_msgs/msg/detail/rc_parameter_map__type_support.hpp
[6.731s] -- Up-to-date: /home/stepan/ws_ros2/install/px4_msgs/include/px4_msgs/px4_msgs/msg/detail/estimator_sensor_bias__builder.hpp
[6.731s] -- Up-to-date: /home/stepan/ws_ros2/install/px4_msgs/include/px4_msgs/px4_msgs/msg/detail/sensor_airflow__builder.hpp
[6.732s] -- Up-to-date: /home/stepan/ws_ros2/install/px4_msgs/include/px4_msgs/px4_msgs/msg/detail/airspeed_validated__type_support.hpp
[6.732s] -- Up-to-date: /home/stepan/ws_ros2/install/px4_msgs/include/px4_msgs/px4_msgs/msg/detail/mavlink_tunnel__traits.hpp
[6.732s] -- Up-to-date: /home/stepan/ws_ros2/install/px4_msgs/include/px4_msgs/px4_msgs/msg/detail/arming_check_request__builder.hpp
[6.732s] -- Up-to-date: /home/stepan/ws_ros2/install/px4_msgs/include/px4_msgs/px4_msgs/msg/detail/actuator_armed__builder.hpp
[6.732s] -- Up-to-date: /home/stepan/ws_ros2/install/px4_msgs/include/px4_msgs/px4_msgs/msg/detail/sensor_combined__builder.hpp
[6.732s] -- Up-to-date: /home/stepan/ws_ros2/install/px4_msgs/include/px4_msgs/px4_msgs/msg/detail/rtl_status__builder.hpp
[6.733s] -- Up-to-date: /home/stepan/ws_ros2/install/px4_msgs/include/px4_msgs/px4_msgs/msg/detail/unregister_ext_component__traits.hpp
[6.733s] -- Up-to-date: /home/stepan/ws_ros2/install/px4_msgs/include/px4_msgs/px4_msgs/msg/detail/estimator_aid_source1d__type_support.hpp
[6.733s] -- Up-to-date: /home/stepan/ws_ros2/install/px4_msgs/include/px4_msgs/px4_msgs/msg/detail/sensor_gyro__struct.hpp
[6.733s] -- Up-to-date: /home/stepan/ws_ros2/install/px4_msgs/include/px4_msgs/px4_msgs/msg/detail/gpio_request__type_support.hpp
[6.733s] -- Up-to-date: /home/stepan/ws_ros2/install/px4_msgs/include/px4_msgs/px4_msgs/msg/detail/distance_sensor_mode_change_request__struct.hpp
[6.734s] -- Up-to-date: /home/stepan/ws_ros2/install/px4_msgs/include/px4_msgs/px4_msgs/msg/detail/dataman_response__builder.hpp
[6.734s] -- Up-to-date: /home/stepan/ws_ros2/install/px4_msgs/include/px4_msgs/px4_msgs/msg/detail/vehicle_odometry__traits.hpp
[6.734s] -- Up-to-date: /home/stepan/ws_ros2/install/px4_msgs/include/px4_msgs/px4_msgs/msg/detail/sensor_accel__traits.hpp
[6.734s] -- Up-to-date: /home/stepan/ws_ros2/install/px4_msgs/include/px4_msgs/px4_msgs/msg/detail/vehicle_acceleration__type_support.hpp
[6.734s] -- Up-to-date: /home/stepan/ws_ros2/install/px4_msgs/include/px4_msgs/px4_msgs/msg/detail/vehicle_imu__struct.hpp
[6.735s] -- Up-to-date: /home/stepan/ws_ros2/install/px4_msgs/include/px4_msgs/px4_msgs/msg/detail/estimator_innovations__struct.hpp
[6.735s] -- Up-to-date: /home/stepan/ws_ros2/install/px4_msgs/include/px4_msgs/px4_msgs/msg/detail/manual_control_setpoint__builder.hpp
[6.735s] -- Up-to-date: /home/stepan/ws_ros2/install/px4_msgs/include/px4_msgs/px4_msgs/msg/detail/goto_setpoint__traits.hpp
[6.735s] -- Up-to-date: /home/stepan/ws_ros2/install/px4_msgs/include/px4_msgs/px4_msgs/msg/detail/flight_phase_estimation__type_support.hpp
[6.735s] -- Up-to-date: /home/stepan/ws_ros2/install/px4_msgs/include/px4_msgs/px4_msgs/msg/detail/vehicle_control_mode__type_support.hpp
[6.736s] -- Up-to-date: /home/stepan/ws_ros2/install/px4_msgs/include/px4_msgs/px4_msgs/msg/detail/cpuload__struct.hpp
[6.737s] -- Up-to-date: /home/stepan/ws_ros2/install/px4_msgs/include/px4_msgs/px4_msgs/msg/detail/internal_combustion_engine_status__type_support.hpp
[6.738s] -- Up-to-date: /home/stepan/ws_ros2/install/px4_msgs/include/px4_msgs/px4_msgs/msg/detail/rc_channels__traits.hpp
[6.739s] -- Up-to-date: /home/stepan/ws_ros2/install/px4_msgs/include/px4_msgs/px4_msgs/msg/detail/rover_rate_status__type_support.hpp
[6.740s] -- Up-to-date: /home/stepan/ws_ros2/install/px4_msgs/include/px4_msgs/px4_msgs/msg/detail/actuator_armed__type_support.hpp
[6.741s] -- Up-to-date: /home/stepan/ws_ros2/install/px4_msgs/include/px4_msgs/px4_msgs/msg/detail/launch_detection_status__builder.hpp
[6.742s] -- Up-to-date: /home/stepan/ws_ros2/install/px4_msgs/include/px4_msgs/px4_msgs/msg/detail/pps_capture__traits.hpp
[6.742s] -- Up-to-date: /home/stepan/ws_ros2/install/px4_msgs/include/px4_msgs/px4_msgs/msg/detail/rc_channels__builder.hpp
[6.743s] -- Up-to-date: /home/stepan/ws_ros2/install/px4_msgs/include/px4_msgs/px4_msgs/msg/detail/event__type_support.hpp
[6.744s] -- Up-to-date: /home/stepan/ws_ros2/install/px4_msgs/include/px4_msgs/px4_msgs/msg/detail/sensor_optical_flow__struct.hpp
[6.744s] -- Up-to-date: /home/stepan/ws_ros2/install/px4_msgs/include/px4_msgs/px4_msgs/msg/detail/landing_target_innovations__builder.hpp
[6.745s] -- Up-to-date: /home/stepan/ws_ros2/install/px4_msgs/include/px4_msgs/px4_msgs/msg/detail/px4io_status__traits.hpp
[6.745s] -- Up-to-date: /home/stepan/ws_ros2/install/px4_msgs/include/px4_msgs/px4_msgs/msg/detail/landing_gear__struct.hpp
[6.745s] -- Up-to-date: /home/stepan/ws_ros2/install/px4_msgs/include/px4_msgs/px4_msgs/msg/detail/debug_key_value__type_support.hpp
[6.747s] -- Up-to-date: /home/stepan/ws_ros2/install/px4_msgs/include/px4_msgs/px4_msgs/msg/detail/velocity_limits__traits.hpp
[6.747s] -- Up-to-date: /home/stepan/ws_ros2/install/px4_msgs/include/px4_msgs/px4_msgs/msg/detail/pwm_input__struct.hpp
[6.747s] -- Up-to-date: /home/stepan/ws_ros2/install/px4_msgs/include/px4_msgs/px4_msgs/msg/detail/rover_steering_setpoint__type_support.hpp
[6.747s] -- Up-to-date: /home/stepan/ws_ros2/install/px4_msgs/include/px4_msgs/px4_msgs/msg/detail/velocity_limits__struct.hpp
[6.748s] -- Up-to-date: /home/stepan/ws_ros2/install/px4_msgs/include/px4_msgs/px4_msgs/msg/detail/parameter_reset_request__traits.hpp
[6.748s] -- Up-to-date: /home/stepan/ws_ros2/install/px4_msgs/include/px4_msgs/px4_msgs/msg/detail/figure_eight_status__struct.hpp
[6.748s] -- Up-to-date: /home/stepan/ws_ros2/install/px4_msgs/include/px4_msgs/px4_msgs/msg/detail/vtol_vehicle_status__struct.hpp
[6.748s] -- Up-to-date: /home/stepan/ws_ros2/install/px4_msgs/include/px4_msgs/px4_msgs/msg/detail/vehicle_land_detected__type_support.hpp
[6.748s] -- Up-to-date: /home/stepan/ws_ros2/install/px4_msgs/include/px4_msgs/px4_msgs/msg/detail/vehicle_control_mode__struct.hpp
[6.749s] -- Up-to-date: /home/stepan/ws_ros2/install/px4_msgs/include/px4_msgs/px4_msgs/msg/detail/manual_control_setpoint__traits.hpp
[6.749s] -- Up-to-date: /home/stepan/ws_ros2/install/px4_msgs/include/px4_msgs/px4_msgs/msg/detail/generator_status__builder.hpp
[6.749s] -- Up-to-date: /home/stepan/ws_ros2/install/px4_msgs/include/px4_msgs/px4_msgs/msg/detail/rover_steering_setpoint__builder.hpp
[6.749s] -- Up-to-date: /home/stepan/ws_ros2/install/px4_msgs/include/px4_msgs/px4_msgs/msg/detail/rpm__builder.hpp
[6.749s] -- Up-to-date: /home/stepan/ws_ros2/install/px4_msgs/include/px4_msgs/px4_msgs/msg/detail/sensor_baro__traits.hpp
[6.750s] -- Up-to-date: /home/stepan/ws_ros2/install/px4_msgs/include/px4_msgs/px4_msgs/msg/detail/parameter_update__struct.hpp
[6.750s] -- Up-to-date: /home/stepan/ws_ros2/install/px4_msgs/include/px4_msgs/px4_msgs/msg/detail/actuator_servos__traits.hpp
[6.750s] -- Up-to-date: /home/stepan/ws_ros2/install/px4_msgs/include/px4_msgs/px4_msgs/msg/detail/rover_velocity_status__struct.hpp
[6.750s] -- Up-to-date: /home/stepan/ws_ros2/install/px4_msgs/include/px4_msgs/px4_msgs/msg/detail/open_drone_id_arm_status__builder.hpp
[6.750s] -- Up-to-date: /home/stepan/ws_ros2/install/px4_msgs/include/px4_msgs/px4_msgs/msg/detail/rover_rate_setpoint__builder.hpp
[6.750s] -- Up-to-date: /home/stepan/ws_ros2/install/px4_msgs/include/px4_msgs/px4_msgs/msg/detail/airspeed_validated__builder.hpp
[6.751s] -- Up-to-date: /home/stepan/ws_ros2/install/px4_msgs/include/px4_msgs/px4_msgs/msg/detail/action_request__traits.hpp
[6.751s] -- Up-to-date: /home/stepan/ws_ros2/install/px4_msgs/include/px4_msgs/px4_msgs/msg/detail/vehicle_imu_status__type_support.hpp
[6.751s] -- Up-to-date: /home/stepan/ws_ros2/install/px4_msgs/include/px4_msgs/px4_msgs/msg/detail/vehicle_air_data__struct.hpp
[6.751s] -- Up-to-date: /home/stepan/ws_ros2/install/px4_msgs/include/px4_msgs/px4_msgs/msg/detail/wheel_encoders__builder.hpp
[6.752s] -- Up-to-date: /home/stepan/ws_ros2/install/px4_msgs/include/px4_msgs/px4_msgs/msg/detail/radio_status__builder.hpp
[6.753s] -- Up-to-date: /home/stepan/ws_ros2/install/px4_msgs/include/px4_msgs/px4_msgs/msg/detail/transponder_report__type_support.hpp
[6.754s] -- Up-to-date: /home/stepan/ws_ros2/install/px4_msgs/include/px4_msgs/px4_msgs/msg/detail/sensor_airflow__traits.hpp
[6.754s] -- Up-to-date: /home/stepan/ws_ros2/install/px4_msgs/include/px4_msgs/px4_msgs/msg/detail/parameter_set_value_response__builder.hpp
[6.755s] -- Up-to-date: /home/stepan/ws_ros2/install/px4_msgs/include/px4_msgs/px4_msgs/msg/detail/vehicle_acceleration__struct.hpp
[6.757s] -- Up-to-date: /home/stepan/ws_ros2/install/px4_msgs/include/px4_msgs/px4_msgs/msg/detail/open_drone_id_operator_id__struct.hpp
[6.758s] -- Up-to-date: /home/stepan/ws_ros2/install/px4_msgs/include/px4_msgs/px4_msgs/msg/detail/sensor_correction__type_support.hpp
[6.759s] -- Up-to-date: /home/stepan/ws_ros2/install/px4_msgs/include/px4_msgs/px4_msgs/msg/detail/estimator_status_flags__builder.hpp
[6.759s] -- Up-to-date: /home/stepan/ws_ros2/install/px4_msgs/include/px4_msgs/px4_msgs/msg/detail/autotune_attitude_control_status__struct.hpp
[6.760s] -- Up-to-date: /home/stepan/ws_ros2/install/px4_msgs/include/px4_msgs/px4_msgs/msg/detail/estimator_aid_source2d__builder.hpp
[6.760s] -- Up-to-date: /home/stepan/ws_ros2/install/px4_msgs/include/px4_msgs/px4_msgs/msg/detail/sensors_status__builder.hpp
[6.761s] -- Up-to-date: /home/stepan/ws_ros2/install/px4_msgs/include/px4_msgs/px4_msgs/msg/detail/sensor_accel__type_support.hpp
[6.762s] -- Up-to-date: /home/stepan/ws_ros2/install/px4_msgs/include/px4_msgs/px4_msgs/msg/detail/wheel_encoders__type_support.hpp
[6.763s] -- Up-to-date: /home/stepan/ws_ros2/install/px4_msgs/include/px4_msgs/px4_msgs/msg/detail/config_overrides__type_support.hpp
[6.763s] -- Up-to-date: /home/stepan/ws_ros2/install/px4_msgs/include/px4_msgs/px4_msgs/msg/detail/heater_status__traits.hpp
[6.763s] -- Up-to-date: /home/stepan/ws_ros2/install/px4_msgs/include/px4_msgs/px4_msgs/msg/detail/ekf2_timestamps__builder.hpp
[6.763s] -- Up-to-date: /home/stepan/ws_ros2/install/px4_msgs/include/px4_msgs/px4_msgs/msg/detail/sensor_baro__struct.hpp
[6.763s] -- Up-to-date: /home/stepan/ws_ros2/install/px4_msgs/include/px4_msgs/px4_msgs/msg/detail/orbit_status__type_support.hpp
[6.764s] -- Up-to-date: /home/stepan/ws_ros2/install/px4_msgs/include/px4_msgs/px4_msgs/msg/detail/camera_status__traits.hpp
[6.764s] -- Up-to-date: /home/stepan/ws_ros2/install/px4_msgs/include/px4_msgs/px4_msgs/msg/detail/telemetry_status__builder.hpp
[6.764s] -- Up-to-date: /home/stepan/ws_ros2/install/px4_msgs/include/px4_msgs/px4_msgs/msg/detail/position_setpoint_triplet__type_support.hpp
[6.764s] -- Up-to-date: /home/stepan/ws_ros2/install/px4_msgs/include/px4_msgs/px4_msgs/msg/detail/qshell_retval__builder.hpp
[6.764s] -- Up-to-date: /home/stepan/ws_ros2/install/px4_msgs/include/px4_msgs/px4_msgs/msg/detail/parameter_set_value_request__struct.hpp
[6.765s] -- Up-to-date: /home/stepan/ws_ros2/install/px4_msgs/include/px4_msgs/px4_msgs/msg/detail/parameter_set_value_response__struct.hpp
[6.765s] -- Up-to-date: /home/stepan/ws_ros2/install/px4_msgs/include/px4_msgs/px4_msgs/msg/detail/parameter_set_used_request__builder.hpp
[6.765s] -- Up-to-date: /home/stepan/ws_ros2/install/px4_msgs/include/px4_msgs/px4_msgs/msg/detail/parameter_set_used_request__traits.hpp
[6.765s] -- Up-to-date: /home/stepan/ws_ros2/install/px4_msgs/include/px4_msgs/px4_msgs/msg/detail/rover_attitude_setpoint__builder.hpp
[6.765s] -- Up-to-date: /home/stepan/ws_ros2/install/px4_msgs/include/px4_msgs/px4_msgs/msg/detail/debug_vect__struct.hpp
[6.765s] -- Up-to-date: /home/stepan/ws_ros2/install/px4_msgs/include/px4_msgs/px4_msgs/msg/detail/yaw_estimator_status__traits.hpp
[6.766s] -- Up-to-date: /home/stepan/ws_ros2/install/px4_msgs/include/px4_msgs/px4_msgs/msg/detail/tune_control__traits.hpp
[6.766s] -- Up-to-date: /home/stepan/ws_ros2/install/px4_msgs/include/px4_msgs/px4_msgs/msg/detail/vehicle_torque_setpoint__traits.hpp
[6.766s] -- Up-to-date: /home/stepan/ws_ros2/install/px4_msgs/include/px4_msgs/px4_msgs/msg/detail/sensors_status__traits.hpp
[6.766s] -- Up-to-date: /home/stepan/ws_ros2/install/px4_msgs/include/px4_msgs/px4_msgs/msg/detail/trajectory_setpoint6dof__type_support.hpp
[6.766s] -- Up-to-date: /home/stepan/ws_ros2/install/px4_msgs/include/px4_msgs/px4_msgs/msg/detail/vehicle_global_position__builder.hpp
[6.767s] -- Up-to-date: /home/stepan/ws_ros2/install/px4_msgs/include/px4_msgs/px4_msgs/msg/detail/collision_constraints__struct.hpp
[6.768s] -- Up-to-date: /home/stepan/ws_ros2/install/px4_msgs/include/px4_msgs/px4_msgs/msg/detail/rc_channels__struct.hpp
[6.768s] -- Up-to-date: /home/stepan/ws_ros2/install/px4_msgs/include/px4_msgs/px4_msgs/msg/detail/position_controller_landing_status__type_support.hpp
[6.768s] -- Up-to-date: /home/stepan/ws_ros2/install/px4_msgs/include/px4_msgs/px4_msgs/msg/detail/follow_target_estimator__traits.hpp
[6.768s] -- Up-to-date: /home/stepan/ws_ros2/install/px4_msgs/include/px4_msgs/px4_msgs/msg/detail/actuator_test__type_support.hpp
[6.769s] -- Up-to-date: /home/stepan/ws_ros2/install/px4_msgs/include/px4_msgs/px4_msgs/msg/detail/event__traits.hpp
[6.770s] -- Up-to-date: /home/stepan/ws_ros2/install/px4_msgs/include/px4_msgs/px4_msgs/msg/detail/timesync_status__type_support.hpp
[6.770s] -- Up-to-date: /home/stepan/ws_ros2/install/px4_msgs/include/px4_msgs/px4_msgs/msg/detail/estimator_sensor_bias__traits.hpp
[6.772s] -- Up-to-date: /home/stepan/ws_ros2/install/px4_msgs/include/px4_msgs/px4_msgs/msg/detail/mag_worker_data__type_support.hpp
[6.772s] -- Up-to-date: /home/stepan/ws_ros2/install/px4_msgs/include/px4_msgs/px4_msgs/msg/detail/mission_result__traits.hpp
[6.773s] -- Up-to-date: /home/stepan/ws_ros2/install/px4_msgs/include/px4_msgs/px4_msgs/msg/detail/distance_sensor__type_support.hpp
[6.774s] -- Up-to-date: /home/stepan/ws_ros2/install/px4_msgs/include/px4_msgs/px4_msgs/msg/detail/sensors_status_imu__type_support.hpp
[6.775s] -- Up-to-date: /home/stepan/ws_ros2/install/px4_msgs/include/px4_msgs/px4_msgs/msg/detail/estimator_bias__struct.hpp
[6.775s] -- Up-to-date: /home/stepan/ws_ros2/install/px4_msgs/include/px4_msgs/px4_msgs/msg/detail/geofence_status__struct.hpp
[6.775s] -- Up-to-date: /home/stepan/ws_ros2/install/px4_msgs/include/px4_msgs/px4_msgs/msg/detail/mount_orientation__type_support.hpp
[6.775s] -- Up-to-date: /home/stepan/ws_ros2/install/px4_msgs/include/px4_msgs/px4_msgs/msg/detail/internal_combustion_engine_status__builder.hpp
[6.776s] -- Up-to-date: /home/stepan/ws_ros2/install/px4_msgs/include/px4_msgs/px4_msgs/msg/detail/rover_velocity_status__traits.hpp
[6.776s] -- Up-to-date: /home/stepan/ws_ros2/install/px4_msgs/include/px4_msgs/px4_msgs/msg/detail/pure_pursuit_status__builder.hpp
[6.777s] -- Up-to-date: /home/stepan/ws_ros2/install/px4_msgs/include/px4_msgs/px4_msgs/msg/detail/estimator_aid_source3d__struct.hpp
[6.777s] -- Up-to-date: /home/stepan/ws_ros2/install/px4_msgs/include/px4_msgs/px4_msgs/msg/detail/vehicle_odometry__type_support.hpp
[6.778s] -- Up-to-date: /home/stepan/ws_ros2/install/px4_msgs/include/px4_msgs/px4_msgs/msg/detail/geofence_status__traits.hpp
[6.778s] -- Up-to-date: /home/stepan/ws_ros2/install/px4_msgs/include/px4_msgs/px4_msgs/msg/detail/arming_check_request__type_support.hpp
[6.779s] -- Up-to-date: /home/stepan/ws_ros2/install/px4_msgs/include/px4_msgs/px4_msgs/msg/detail/trajectory_setpoint__type_support.hpp
[6.779s] -- Up-to-date: /home/stepan/ws_ros2/install/px4_msgs/include/px4_msgs/px4_msgs/msg/detail/vehicle_command__builder.hpp
[6.779s] -- Up-to-date: /home/stepan/ws_ros2/install/px4_msgs/include/px4_msgs/px4_msgs/msg/detail/satellite_info__builder.hpp
[6.779s] -- Up-to-date: /home/stepan/ws_ros2/install/px4_msgs/include/px4_msgs/px4_msgs/msg/detail/npfg_status__struct.hpp
[6.779s] -- Up-to-date: /home/stepan/ws_ros2/install/px4_msgs/include/px4_msgs/px4_msgs/msg/detail/debug_value__traits.hpp
[6.779s] -- Up-to-date: /home/stepan/ws_ros2/install/px4_msgs/include/px4_msgs/px4_msgs/msg/detail/qshell_retval__traits.hpp
[6.780s] -- Up-to-date: /home/stepan/ws_ros2/install/px4_msgs/include/px4_msgs/px4_msgs/msg/detail/logger_status__builder.hpp
[6.780s] -- Up-to-date: /home/stepan/ws_ros2/install/px4_msgs/include/px4_msgs/px4_msgs/msg/detail/sensor_gps__traits.hpp
[6.780s] -- Up-to-date: /home/stepan/ws_ros2/install/px4_msgs/include/px4_msgs/px4_msgs/msg/detail/power_monitor__struct.hpp
[6.780s] -- Up-to-date: /home/stepan/ws_ros2/install/px4_msgs/include/px4_msgs/px4_msgs/msg/detail/message_format_request__type_support.hpp
[6.780s] -- Up-to-date: /home/stepan/ws_ros2/install/px4_msgs/include/px4_msgs/px4_msgs/msg/detail/vehicle_attitude_setpoint__type_support.hpp
[6.780s] -- Up-to-date: /home/stepan/ws_ros2/install/px4_msgs/include/px4_msgs/px4_msgs/msg/detail/heater_status__type_support.hpp
[6.781s] -- Up-to-date: /home/stepan/ws_ros2/install/px4_msgs/include/px4_msgs/px4_msgs/msg/detail/debug_array__type_support.hpp
[6.781s] -- Up-to-date: /home/stepan/ws_ros2/install/px4_msgs/include/px4_msgs/px4_msgs/msg/detail/vehicle_land_detected__struct.hpp
[6.781s] -- Up-to-date: /home/stepan/ws_ros2/install/px4_msgs/include/px4_msgs/px4_msgs/msg/detail/landing_gear__builder.hpp
[6.781s] -- Up-to-date: /home/stepan/ws_ros2/install/px4_msgs/include/px4_msgs/px4_msgs/msg/detail/vehicle_imu__builder.hpp
[6.781s] -- Up-to-date: /home/stepan/ws_ros2/install/px4_msgs/include/px4_msgs/px4_msgs/msg/detail/camera_trigger__traits.hpp
[6.781s] -- Up-to-date: /home/stepan/ws_ros2/install/px4_msgs/include/px4_msgs/px4_msgs/msg/detail/fuel_tank_status__struct.hpp
[6.782s] -- Up-to-date: /home/stepan/ws_ros2/install/px4_msgs/include/px4_msgs/px4_msgs/msg/detail/internal_combustion_engine_control__struct.hpp
[6.782s] -- Up-to-date: /home/stepan/ws_ros2/install/px4_msgs/include/px4_msgs/px4_msgs/msg/detail/log_message__struct.hpp
[6.782s] -- Up-to-date: /home/stepan/ws_ros2/install/px4_msgs/include/px4_msgs/px4_msgs/msg/detail/config_overrides__struct.hpp
[6.782s] -- Up-to-date: /home/stepan/ws_ros2/install/px4_msgs/include/px4_msgs/px4_msgs/msg/detail/iridiumsbd_status__struct.hpp
[6.783s] -- Up-to-date: /home/stepan/ws_ros2/install/px4_msgs/include/px4_msgs/px4_msgs/msg/detail/launch_detection_status__struct.hpp
[6.783s] -- Up-to-date: /home/stepan/ws_ros2/install/px4_msgs/include/px4_msgs/px4_msgs/msg/detail/differential_pressure__type_support.hpp
[6.783s] -- Up-to-date: /home/stepan/ws_ros2/install/px4_msgs/include/px4_msgs/px4_msgs/msg/detail/vehicle_local_position__type_support.hpp
[6.783s] -- Up-to-date: /home/stepan/ws_ros2/install/px4_msgs/include/px4_msgs/px4_msgs/msg/detail/vehicle_constraints__traits.hpp
[6.783s] -- Up-to-date: /home/stepan/ws_ros2/install/px4_msgs/include/px4_msgs/px4_msgs/msg/detail/npfg_status__type_support.hpp
[6.784s] -- Up-to-date: /home/stepan/ws_ros2/install/px4_msgs/include/px4_msgs/px4_msgs/msg/detail/ackermann_velocity_setpoint__type_support.hpp
[6.784s] -- Up-to-date: /home/stepan/ws_ros2/install/px4_msgs/include/px4_msgs/px4_msgs/msg/detail/cpuload__type_support.hpp
[6.784s] -- Up-to-date: /home/stepan/ws_ros2/install/px4_msgs/include/px4_msgs/px4_msgs/msg/detail/gimbal_manager_set_manual_control__struct.hpp
[6.784s] -- Up-to-date: /home/stepan/ws_ros2/install/px4_msgs/include/px4_msgs/px4_msgs/msg/detail/distance_sensor__struct.hpp
[6.784s] -- Up-to-date: /home/stepan/ws_ros2/install/px4_msgs/include/px4_msgs/px4_msgs/msg/detail/power_monitor__builder.hpp
[6.785s] -- Up-to-date: /home/stepan/ws_ros2/install/px4_msgs/include/px4_msgs/px4_msgs/msg/detail/vehicle_optical_flow_vel__type_support.hpp
[6.785s] -- Up-to-date: /home/stepan/ws_ros2/install/px4_msgs/include/px4_msgs/px4_msgs/msg/detail/tecs_status__builder.hpp
[6.785s] -- Up-to-date: /home/stepan/ws_ros2/install/px4_msgs/include/px4_msgs/px4_msgs/msg/detail/tune_control__type_support.hpp
[6.786s] -- Up-to-date: /home/stepan/ws_ros2/install/px4_msgs/include/px4_msgs/px4_msgs/msg/detail/battery_status__builder.hpp
[6.787s] -- Up-to-date: /home/stepan/ws_ros2/install/px4_msgs/include/px4_msgs/px4_msgs/msg/detail/manual_control_switches__traits.hpp
[6.788s] -- Up-to-date: /home/stepan/ws_ros2/install/px4_msgs/include/px4_msgs/px4_msgs/msg/detail/transponder_report__builder.hpp
[6.789s] -- Up-to-date: /home/stepan/ws_ros2/install/px4_msgs/include/px4_msgs/px4_msgs/msg/detail/esc_report__struct.hpp
[6.789s] -- Up-to-date: /home/stepan/ws_ros2/install/px4_msgs/include/px4_msgs/px4_msgs/msg/detail/gpio_out__builder.hpp
[6.790s] -- Up-to-date: /home/stepan/ws_ros2/install/px4_msgs/include/px4_msgs/px4_msgs/msg/detail/tiltrotor_extra_controls__struct.hpp
[6.791s] -- Up-to-date: /home/stepan/ws_ros2/install/px4_msgs/include/px4_msgs/px4_msgs/msg/detail/estimator_states__type_support.hpp
[6.792s] -- Up-to-date: /home/stepan/ws_ros2/install/px4_msgs/include/px4_msgs/px4_msgs/msg/detail/vehicle_torque_setpoint__builder.hpp
[6.793s] -- Up-to-date: /home/stepan/ws_ros2/install/px4_msgs/include/px4_msgs/px4_msgs/msg/detail/position_setpoint__traits.hpp
[6.794s] -- Up-to-date: /home/stepan/ws_ros2/install/px4_msgs/include/px4_msgs/px4_msgs/msg/detail/sensor_gnss_relative__builder.hpp
[6.794s] -- Up-to-date: /home/stepan/ws_ros2/install/px4_msgs/include/px4_msgs/px4_msgs/msg/detail/actuator_armed__traits.hpp
[6.794s] -- Up-to-date: /home/stepan/ws_ros2/install/px4_msgs/include/px4_msgs/px4_msgs/msg/detail/mavlink_tunnel__struct.hpp
[6.795s] -- Up-to-date: /home/stepan/ws_ros2/install/px4_msgs/include/px4_msgs/px4_msgs/msg/detail/heater_status__struct.hpp
[6.795s] -- Up-to-date: /home/stepan/ws_ros2/install/px4_msgs/include/px4_msgs/px4_msgs/msg/detail/ulog_stream__traits.hpp
[6.796s] -- Up-to-date: /home/stepan/ws_ros2/install/px4_msgs/include/px4_msgs/px4_msgs/msg/detail/hover_thrust_estimate__builder.hpp
[6.797s] -- Up-to-date: /home/stepan/ws_ros2/install/px4_msgs/include/px4_msgs/px4_msgs/msg/detail/magnetometer_bias_estimate__type_support.hpp
[6.797s] -- Up-to-date: /home/stepan/ws_ros2/install/px4_msgs/include/px4_msgs/px4_msgs/msg/detail/vehicle_imu_status__builder.hpp
[6.797s] -- Up-to-date: /home/stepan/ws_ros2/install/px4_msgs/include/px4_msgs/px4_msgs/msg/detail/sensors_status__struct.hpp
[6.798s] -- Up-to-date: /home/stepan/ws_ros2/install/px4_msgs/include/px4_msgs/px4_msgs/msg/detail/telemetry_status__struct.hpp
[6.798s] -- Up-to-date: /home/stepan/ws_ros2/install/px4_msgs/include/px4_msgs/px4_msgs/msg/detail/mavlink_log__traits.hpp
[6.798s] -- Up-to-date: /home/stepan/ws_ros2/install/px4_msgs/include/px4_msgs/px4_msgs/msg/detail/landing_target_innovations__traits.hpp
[6.798s] -- Up-to-date: /home/stepan/ws_ros2/install/px4_msgs/include/px4_msgs/px4_msgs/msg/detail/camera_capture__builder.hpp
[6.799s] -- Up-to-date: /home/stepan/ws_ros2/install/px4_msgs/include/px4_msgs/px4_msgs/msg/detail/satellite_info__traits.hpp
[6.799s] -- Up-to-date: /home/stepan/ws_ros2/install/px4_msgs/include/px4_msgs/px4_msgs/msg/detail/event__struct.hpp
[6.799s] -- Up-to-date: /home/stepan/ws_ros2/install/px4_msgs/include/px4_msgs/px4_msgs/msg/detail/uavcan_parameter_request__builder.hpp
[6.799s] -- Up-to-date: /home/stepan/ws_ros2/install/px4_msgs/include/px4_msgs/px4_msgs/msg/detail/manual_control_setpoint__type_support.hpp
[6.799s] -- Up-to-date: /home/stepan/ws_ros2/install/px4_msgs/include/px4_msgs/px4_msgs/msg/detail/follow_target_estimator__type_support.hpp
[6.799s] -- Up-to-date: /home/stepan/ws_ros2/install/px4_msgs/include/px4_msgs/px4_msgs/msg/detail/vehicle_air_data__builder.hpp
[6.800s] -- Up-to-date: /home/stepan/ws_ros2/install/px4_msgs/include/px4_msgs/px4_msgs/msg/ulog_stream_ack.hpp
[6.800s] -- Up-to-date: /home/stepan/ws_ros2/install/px4_msgs/include/px4_msgs/px4_msgs/msg/irlock_report.hpp
[6.800s] -- Up-to-date: /home/stepan/ws_ros2/install/px4_msgs/include/px4_msgs/px4_msgs/msg/mag_worker_data.hpp
[6.800s] -- Up-to-date: /home/stepan/ws_ros2/install/px4_msgs/include/px4_msgs/px4_msgs/msg/estimator_status.hpp
[6.800s] -- Up-to-date: /home/stepan/ws_ros2/install/px4_msgs/include/px4_msgs/px4_msgs/msg/gimbal_manager_set_manual_control.hpp
[6.801s] -- Up-to-date: /home/stepan/ws_ros2/install/px4_msgs/include/px4_msgs/px4_msgs/msg/debug_vect.hpp
[6.801s] -- Up-to-date: /home/stepan/ws_ros2/install/px4_msgs/include/px4_msgs/px4_msgs/msg/sensor_uwb.hpp
[6.801s] -- Up-to-date: /home/stepan/ws_ros2/install/px4_msgs/include/px4_msgs/px4_msgs/msg/power_monitor.hpp
[6.801s] -- Up-to-date: /home/stepan/ws_ros2/install/px4_msgs/include/px4_msgs/px4_msgs/msg/open_drone_id_self_id.hpp
[6.801s] -- Up-to-date: /home/stepan/ws_ros2/install/px4_msgs/include/px4_msgs/px4_msgs/msg/vehicle_imu_status.hpp
[6.802s] -- Up-to-date: /home/stepan/ws_ros2/install/px4_msgs/include/px4_msgs/px4_msgs/msg/hover_thrust_estimate.hpp
[6.802s] -- Up-to-date: /home/stepan/ws_ros2/install/px4_msgs/include/px4_msgs/px4_msgs/msg/vehicle_local_position_setpoint.hpp
[6.803s] -- Up-to-date: /home/stepan/ws_ros2/install/px4_msgs/include/px4_msgs/px4_msgs/msg/register_ext_component_reply.hpp
[6.804s] -- Up-to-date: /home/stepan/ws_ros2/install/px4_msgs/include/px4_msgs/px4_msgs/msg/rtl_time_estimate.hpp
[6.805s] -- Up-to-date: /home/stepan/ws_ros2/install/px4_msgs/include/px4_msgs/px4_msgs/msg/sensor_mag.hpp
[6.806s] -- Up-to-date: /home/stepan/ws_ros2/install/px4_msgs/include/px4_msgs/px4_msgs/msg/gps_inject_data.hpp
[6.806s] -- Up-to-date: /home/stepan/ws_ros2/install/px4_msgs/include/px4_msgs/px4_msgs/msg/failure_detector_status.hpp
[6.807s] -- Up-to-date: /home/stepan/ws_ros2/install/px4_msgs/include/px4_msgs/px4_msgs/msg/mission.hpp
[6.808s] -- Up-to-date: /home/stepan/ws_ros2/install/px4_msgs/include/px4_msgs/px4_msgs/msg/rover_position_setpoint.hpp
[6.809s] -- Up-to-date: /home/stepan/ws_ros2/install/px4_msgs/include/px4_msgs/px4_msgs/msg/vehicle_local_position.hpp
[6.810s] -- Up-to-date: /home/stepan/ws_ros2/install/px4_msgs/include/px4_msgs/px4_msgs/msg/normalized_unsigned_setpoint.hpp
[6.810s] -- Up-to-date: /home/stepan/ws_ros2/install/px4_msgs/include/px4_msgs/px4_msgs/msg/autotune_attitude_control_status.hpp
[6.811s] -- Up-to-date: /home/stepan/ws_ros2/install/px4_msgs/include/px4_msgs/px4_msgs/msg/vtol_vehicle_status.hpp
[6.811s] -- Up-to-date: /home/stepan/ws_ros2/install/px4_msgs/include/px4_msgs/px4_msgs/msg/pps_capture.hpp
[6.812s] -- Up-to-date: /home/stepan/ws_ros2/install/px4_msgs/include/px4_msgs/px4_msgs/msg/takeoff_status.hpp
[6.812s] -- Up-to-date: /home/stepan/ws_ros2/install/px4_msgs/include/px4_msgs/px4_msgs/msg/system_power.hpp
[6.812s] -- Up-to-date: /home/stepan/ws_ros2/install/px4_msgs/include/px4_msgs/px4_msgs/msg/gpio_request.hpp
[6.813s] -- Up-to-date: /home/stepan/ws_ros2/install/px4_msgs/include/px4_msgs/px4_msgs/msg/sensor_accel_fifo.hpp
[6.813s] -- Up-to-date: /home/stepan/ws_ros2/install/px4_msgs/include/px4_msgs/px4_msgs/msg/parameter_set_used_request.hpp
[6.813s] -- Up-to-date: /home/stepan/ws_ros2/install/px4_msgs/include/px4_msgs/px4_msgs/msg/gimbal_device_set_attitude.hpp
[6.814s] -- Up-to-date: /home/stepan/ws_ros2/install/px4_msgs/include/px4_msgs/px4_msgs/msg/debug_key_value.hpp
[6.814s] -- Up-to-date: /home/stepan/ws_ros2/install/px4_msgs/include/px4_msgs/px4_msgs/msg/figure_eight_status.hpp
[6.814s] -- Up-to-date: /home/stepan/ws_ros2/install/px4_msgs/include/px4_msgs/px4_msgs/msg/vehicle_land_detected.hpp
[6.814s] -- Up-to-date: /home/stepan/ws_ros2/install/px4_msgs/include/px4_msgs/px4_msgs/msg/pure_pursuit_status.hpp
[6.814s] -- Up-to-date: /home/stepan/ws_ros2/install/px4_msgs/include/px4_msgs/px4_msgs/msg/sensor_selection.hpp
[6.815s] -- Up-to-date: /home/stepan/ws_ros2/install/px4_msgs/include/px4_msgs/px4_msgs/msg/mavlink_log.hpp
[6.815s] -- Up-to-date: /home/stepan/ws_ros2/install/px4_msgs/include/px4_msgs/px4_msgs/msg/input_rc.hpp
[6.815s] -- Up-to-date: /home/stepan/ws_ros2/install/px4_msgs/include/px4_msgs/px4_msgs/msg/estimator_gps_status.hpp
[6.815s] -- Up-to-date: /home/stepan/ws_ros2/install/px4_msgs/include/px4_msgs/px4_msgs/msg/parameter_update.hpp
[6.815s] -- Up-to-date: /home/stepan/ws_ros2/install/px4_msgs/include/px4_msgs/px4_msgs/msg/uavcan_parameter_request.hpp
[6.815s] -- Up-to-date: /home/stepan/ws_ros2/install/px4_msgs/include/px4_msgs/px4_msgs/msg/vehicle_status.hpp
[6.816s] -- Up-to-date: /home/stepan/ws_ros2/install/px4_msgs/include/px4_msgs/px4_msgs/msg/gripper.hpp
[6.816s] -- Up-to-date: /home/stepan/ws_ros2/install/px4_msgs/include/px4_msgs/px4_msgs/msg/tune_control.hpp
[6.816s] -- Up-to-date: /home/stepan/ws_ros2/install/px4_msgs/include/px4_msgs/px4_msgs/msg/follow_target_status.hpp
[6.816s] -- Up-to-date: /home/stepan/ws_ros2/install/px4_msgs/include/px4_msgs/px4_msgs/msg/orb_test_medium.hpp
[6.816s] -- Up-to-date: /home/stepan/ws_ros2/install/px4_msgs/include/px4_msgs/px4_msgs/msg/fuel_tank_status.hpp
[6.817s] -- Up-to-date: /home/stepan/ws_ros2/install/px4_msgs/include/px4_msgs/px4_msgs/msg/vehicle_odometry.hpp
[6.817s] -- Up-to-date: /home/stepan/ws_ros2/install/px4_msgs/include/px4_msgs/px4_msgs/msg/camera_capture.hpp
[6.817s] -- Up-to-date: /home/stepan/ws_ros2/install/px4_msgs/include/px4_msgs/px4_msgs/msg/sensor_gps.hpp
[6.817s] -- Up-to-date: /home/stepan/ws_ros2/install/px4_msgs/include/px4_msgs/px4_msgs/msg/cellular_status.hpp
[6.817s] -- Up-to-date: /home/stepan/ws_ros2/install/px4_msgs/include/px4_msgs/px4_msgs/msg/estimator_aid_source1d.hpp
[6.817s] -- Up-to-date: /home/stepan/ws_ros2/install/px4_msgs/include/px4_msgs/px4_msgs/msg/orbit_status.hpp
[6.818s] -- Up-to-date: /home/stepan/ws_ros2/install/px4_msgs/include/px4_msgs/px4_msgs/msg/trajectory_setpoint6dof.hpp
[6.818s] -- Up-to-date: /home/stepan/ws_ros2/install/px4_msgs/include/px4_msgs/px4_msgs/msg/gimbal_device_attitude_status.hpp
[6.818s] -- Up-to-date: /home/stepan/ws_ros2/install/px4_msgs/include/px4_msgs/px4_msgs/msg/logger_status.hpp
[6.818s] -- Up-to-date: /home/stepan/ws_ros2/install/px4_msgs/include/px4_msgs/px4_msgs/msg/heater_status.hpp
[6.818s] -- Up-to-date: /home/stepan/ws_ros2/install/px4_msgs/include/px4_msgs/px4_msgs/msg/yaw_estimator_status.hpp
[6.818s] -- Up-to-date: /home/stepan/ws_ros2/install/px4_msgs/include/px4_msgs/px4_msgs/msg/pwm_input.hpp
[6.820s] -- Up-to-date: /home/stepan/ws_ros2/install/px4_msgs/include/px4_msgs/px4_msgs/msg/sensor_gnss_relative.hpp
[6.820s] -- Up-to-date: /home/stepan/ws_ros2/install/px4_msgs/include/px4_msgs/px4_msgs/msg/orb_test_large.hpp
[6.821s] -- Up-to-date: /home/stepan/ws_ros2/install/px4_msgs/include/px4_msgs/px4_msgs/msg/vehicle_torque_setpoint.hpp
[6.821s] -- Up-to-date: /home/stepan/ws_ros2/install/px4_msgs/include/px4_msgs/px4_msgs/msg/task_stack_info.hpp
[6.822s] -- Up-to-date: /home/stepan/ws_ros2/install/px4_msgs/include/px4_msgs/px4_msgs/msg/sensor_airflow.hpp
[6.823s] -- Up-to-date: /home/stepan/ws_ros2/install/px4_msgs/include/px4_msgs/px4_msgs/msg/satellite_info.hpp
[6.823s] -- Up-to-date: /home/stepan/ws_ros2/install/px4_msgs/include/px4_msgs/px4_msgs/msg/esc_status.hpp
[6.824s] -- Up-to-date: /home/stepan/ws_ros2/install/px4_msgs/include/px4_msgs/px4_msgs/msg/timesync_status.hpp
[6.825s] -- Up-to-date: /home/stepan/ws_ros2/install/px4_msgs/include/px4_msgs/px4_msgs/msg/uavcan_parameter_value.hpp
[6.825s] -- Up-to-date: /home/stepan/ws_ros2/install/px4_msgs/include/px4_msgs/px4_msgs/msg/sensor_accel.hpp
[6.825s] -- Up-to-date: /home/stepan/ws_ros2/install/px4_msgs/include/px4_msgs/px4_msgs/msg/vehicle_roi.hpp
[6.826s] -- Up-to-date: /home/stepan/ws_ros2/install/px4_msgs/include/px4_msgs/px4_msgs/msg/register_ext_component_request.hpp
[6.826s] -- Up-to-date: /home/stepan/ws_ros2/install/px4_msgs/include/px4_msgs/px4_msgs/msg/estimator_bias3d.hpp
[6.827s] -- Up-to-date: /home/stepan/ws_ros2/install/px4_msgs/include/px4_msgs/px4_msgs/msg/estimator_innovations.hpp
[6.827s] -- Up-to-date: /home/stepan/ws_ros2/install/px4_msgs/include/px4_msgs/px4_msgs/msg/qshell_req.hpp
[6.828s] -- Up-to-date: /home/stepan/ws_ros2/install/px4_msgs/include/px4_msgs/px4_msgs/msg/gimbal_controls.hpp
[6.829s] -- Up-to-date: /home/stepan/ws_ros2/install/px4_msgs/include/px4_msgs/px4_msgs/msg/distance_sensor.hpp
[6.829s] -- Up-to-date: /home/stepan/ws_ros2/install/px4_msgs/include/px4_msgs/px4_msgs/msg/gimbal_manager_set_attitude.hpp
[6.829s] -- Up-to-date: /home/stepan/ws_ros2/install/px4_msgs/include/px4_msgs/px4_msgs/msg/vehicle_control_mode.hpp
[6.830s] -- Up-to-date: /home/stepan/ws_ros2/install/px4_msgs/include/px4_msgs/px4_msgs/msg/landing_target_pose.hpp
[6.831s] -- Up-to-date: /home/stepan/ws_ros2/install/px4_msgs/include/px4_msgs/px4_msgs/msg/airspeed_validated.hpp
[6.831s] -- Up-to-date: /home/stepan/ws_ros2/install/px4_msgs/include/px4_msgs/px4_msgs/msg/sensors_status_imu.hpp
[6.831s] -- Up-to-date: /home/stepan/ws_ros2/install/px4_msgs/include/px4_msgs/px4_msgs/msg/landing_gear_wheel.hpp
[6.831s] -- Up-to-date: /home/stepan/ws_ros2/install/px4_msgs/include/px4_msgs/px4_msgs/msg/orb_test.hpp
[6.831s] -- Up-to-date: /home/stepan/ws_ros2/install/px4_msgs/include/px4_msgs/px4_msgs/msg/vehicle_attitude_setpoint.hpp
[6.832s] -- Up-to-date: /home/stepan/ws_ros2/install/px4_msgs/include/px4_msgs/px4_msgs/msg/dataman_response.hpp
[6.832s] -- Up-to-date: /home/stepan/ws_ros2/install/px4_msgs/include/px4_msgs/px4_msgs/msg/landing_gear.hpp
[6.832s] -- Up-to-date: /home/stepan/ws_ros2/install/px4_msgs/include/px4_msgs/px4_msgs/msg/airspeed.hpp
[6.832s] -- Up-to-date: /home/stepan/ws_ros2/install/px4_msgs/include/px4_msgs/px4_msgs/msg/internal_combustion_engine_control.hpp
[6.832s] -- Up-to-date: /home/stepan/ws_ros2/install/px4_msgs/include/px4_msgs/px4_msgs/msg/config_overrides.hpp
[6.833s] -- Up-to-date: /home/stepan/ws_ros2/install/px4_msgs/include/px4_msgs/px4_msgs/msg/rosidl_generator_cpp__visibility_control.hpp
[6.833s] -- Up-to-date: /home/stepan/ws_ros2/install/px4_msgs/include/px4_msgs/px4_msgs/msg/ackermann_velocity_setpoint.hpp
[6.833s] -- Up-to-date: /home/stepan/ws_ros2/install/px4_msgs/include/px4_msgs/px4_msgs/msg/control_allocator_status.hpp
[6.833s] -- Up-to-date: /home/stepan/ws_ros2/install/px4_msgs/include/px4_msgs/px4_msgs/msg/vehicle_angular_acceleration_setpoint.hpp
[6.833s] -- Up-to-date: /home/stepan/ws_ros2/install/px4_msgs/include/px4_msgs/px4_msgs/msg/cpuload.hpp
[6.834s] -- Up-to-date: /home/stepan/ws_ros2/install/px4_msgs/include/px4_msgs/px4_msgs/msg/ping.hpp
[6.834s] -- Up-to-date: /home/stepan/ws_ros2/install/px4_msgs/include/px4_msgs/px4_msgs/msg/health_report.hpp
[6.834s] -- Up-to-date: /home/stepan/ws_ros2/install/px4_msgs/include/px4_msgs/px4_msgs/msg/wind.hpp
[6.834s] -- Up-to-date: /home/stepan/ws_ros2/install/px4_msgs/include/px4_msgs/px4_msgs/msg/onboard_computer_status.hpp
[6.834s] -- Up-to-date: /home/stepan/ws_ros2/install/px4_msgs/include/px4_msgs/px4_msgs/msg/airspeed_wind.hpp
[6.835s] -- Up-to-date: /home/stepan/ws_ros2/install/px4_msgs/include/px4_msgs/px4_msgs/msg/rover_rate_status.hpp
[6.835s] -- Up-to-date: /home/stepan/ws_ros2/install/px4_msgs/include/px4_msgs/px4_msgs/msg/position_controller_landing_status.hpp
[6.836s] -- Up-to-date: /home/stepan/ws_ros2/install/px4_msgs/include/px4_msgs/px4_msgs/msg/rover_steering_setpoint.hpp
[6.837s] -- Up-to-date: /home/stepan/ws_ros2/install/px4_msgs/include/px4_msgs/px4_msgs/msg/parameter_set_value_request.hpp
[6.837s] -- Up-to-date: /home/stepan/ws_ros2/install/px4_msgs/include/px4_msgs/px4_msgs/msg/open_drone_id_arm_status.hpp
[6.838s] -- Up-to-date: /home/stepan/ws_ros2/install/px4_msgs/include/px4_msgs/px4_msgs/msg/generator_status.hpp
[6.839s] -- Up-to-date: /home/stepan/ws_ros2/install/px4_msgs/include/px4_msgs/px4_msgs/msg/geofence_status.hpp
[6.839s] -- Up-to-date: /home/stepan/ws_ros2/install/px4_msgs/include/px4_msgs/px4_msgs/msg/gimbal_device_information.hpp
[6.840s] -- Up-to-date: /home/stepan/ws_ros2/install/px4_msgs/include/px4_msgs/px4_msgs/msg/estimator_event_flags.hpp
[6.841s] -- Up-to-date: /home/stepan/ws_ros2/install/px4_msgs/include/px4_msgs/px4_msgs/msg/debug_array.hpp
[6.842s] -- Up-to-date: /home/stepan/ws_ros2/install/px4_msgs/include/px4_msgs/px4_msgs/msg/follow_target.hpp
[6.843s] -- Up-to-date: /home/stepan/ws_ros2/install/px4_msgs/include/px4_msgs/px4_msgs/msg/dataman_request.hpp
[6.843s] -- Up-to-date: /home/stepan/ws_ros2/install/px4_msgs/include/px4_msgs/px4_msgs/msg/actuator_servos_trim.hpp
[6.843s] -- Up-to-date: /home/stepan/ws_ros2/install/px4_msgs/include/px4_msgs/px4_msgs/msg/battery_status.hpp
[6.844s] -- Up-to-date: /home/stepan/ws_ros2/install/px4_msgs/include/px4_msgs/px4_msgs/msg/sensor_gyro.hpp
[6.844s] -- Up-to-date: /home/stepan/ws_ros2/install/px4_msgs/include/px4_msgs/px4_msgs/msg/failsafe_flags.hpp
[6.844s] -- Up-to-date: /home/stepan/ws_ros2/install/px4_msgs/include/px4_msgs/px4_msgs/msg/mount_orientation.hpp
[6.845s] -- Up-to-date: /home/stepan/ws_ros2/install/px4_msgs/include/px4_msgs/px4_msgs/msg/estimator_status_flags.hpp
[6.846s] -- Up-to-date: /home/stepan/ws_ros2/install/px4_msgs/include/px4_msgs/px4_msgs/srv
[6.846s] -- Up-to-date: /home/stepan/ws_ros2/install/px4_msgs/include/px4_msgs/px4_msgs/srv/vehicle_command.hpp
[6.848s] -- Up-to-date: /home/stepan/ws_ros2/install/px4_msgs/include/px4_msgs/px4_msgs/srv/detail
[6.848s] -- Up-to-date: /home/stepan/ws_ros2/install/px4_msgs/include/px4_msgs/px4_msgs/srv/detail/vehicle_command__type_support.hpp
[6.850s] -- Up-to-date: /home/stepan/ws_ros2/install/px4_msgs/include/px4_msgs/px4_msgs/srv/detail/vehicle_command__traits.hpp
[6.850s] -- Up-to-date: /home/stepan/ws_ros2/install/px4_msgs/include/px4_msgs/px4_msgs/srv/detail/vehicle_command__struct.hpp
[6.850s] -- Up-to-date: /home/stepan/ws_ros2/install/px4_msgs/include/px4_msgs/px4_msgs/srv/detail/vehicle_command__builder.hpp
[6.851s] -- Up-to-date: /home/stepan/ws_ros2/install/px4_msgs/include/px4_msgs/px4_msgs
[6.851s] -- Up-to-date: /home/stepan/ws_ros2/install/px4_msgs/include/px4_msgs/px4_msgs/msg
[6.851s] -- Up-to-date: /home/stepan/ws_ros2/install/px4_msgs/include/px4_msgs/px4_msgs/msg/detail
[6.851s] -- Up-to-date: /home/stepan/ws_ros2/install/px4_msgs/include/px4_msgs/px4_msgs/msg/detail/ackermann_velocity_setpoint__rosidl_typesupport_fastrtps_cpp.hpp
[6.852s] -- Up-to-date: /home/stepan/ws_ros2/install/px4_msgs/include/px4_msgs/px4_msgs/msg/detail/manual_control_setpoint__rosidl_typesupport_fastrtps_cpp.hpp
[6.852s] -- Up-to-date: /home/stepan/ws_ros2/install/px4_msgs/include/px4_msgs/px4_msgs/msg/detail/distance_sensor_mode_change_request__rosidl_typesupport_fastrtps_cpp.hpp
[6.852s] -- Up-to-date: /home/stepan/ws_ros2/install/px4_msgs/include/px4_msgs/px4_msgs/msg/detail/sensor_correction__rosidl_typesupport_fastrtps_cpp.hpp
[6.852s] -- Up-to-date: /home/stepan/ws_ros2/install/px4_msgs/include/px4_msgs/px4_msgs/msg/detail/dds_fastrtps
[6.853s] -- Up-to-date: /home/stepan/ws_ros2/install/px4_msgs/include/px4_msgs/px4_msgs/msg/detail/offboard_control_mode__rosidl_typesupport_fastrtps_cpp.hpp
[6.853s] -- Up-to-date: /home/stepan/ws_ros2/install/px4_msgs/include/px4_msgs/px4_msgs/msg/detail/open_drone_id_operator_id__rosidl_typesupport_fastrtps_cpp.hpp
[6.853s] -- Up-to-date: /home/stepan/ws_ros2/install/px4_msgs/include/px4_msgs/px4_msgs/msg/detail/sensor_baro__rosidl_typesupport_fastrtps_cpp.hpp
[6.853s] -- Up-to-date: /home/stepan/ws_ros2/install/px4_msgs/include/px4_msgs/px4_msgs/msg/detail/gpio_request__rosidl_typesupport_fastrtps_cpp.hpp
[6.854s] -- Up-to-date: /home/stepan/ws_ros2/install/px4_msgs/include/px4_msgs/px4_msgs/msg/detail/iridiumsbd_status__rosidl_typesupport_fastrtps_cpp.hpp
[6.854s] -- Up-to-date: /home/stepan/ws_ros2/install/px4_msgs/include/px4_msgs/px4_msgs/msg/detail/gimbal_manager_set_manual_control__rosidl_typesupport_fastrtps_cpp.hpp
[6.855s] -- Up-to-date: /home/stepan/ws_ros2/install/px4_msgs/include/px4_msgs/px4_msgs/msg/detail/rpm__rosidl_typesupport_fastrtps_cpp.hpp
[6.855s] -- Up-to-date: /home/stepan/ws_ros2/install/px4_msgs/include/px4_msgs/px4_msgs/msg/detail/adc_report__rosidl_typesupport_fastrtps_cpp.hpp
[6.855s] -- Up-to-date: /home/stepan/ws_ros2/install/px4_msgs/include/px4_msgs/px4_msgs/msg/detail/takeoff_status__rosidl_typesupport_fastrtps_cpp.hpp
[6.855s] -- Up-to-date: /home/stepan/ws_ros2/install/px4_msgs/include/px4_msgs/px4_msgs/msg/detail/failure_detector_status__rosidl_typesupport_fastrtps_cpp.hpp
[6.855s] -- Up-to-date: /home/stepan/ws_ros2/install/px4_msgs/include/px4_msgs/px4_msgs/msg/detail/rover_attitude_setpoint__rosidl_typesupport_fastrtps_cpp.hpp
[6.856s] -- Up-to-date: /home/stepan/ws_ros2/install/px4_msgs/include/px4_msgs/px4_msgs/msg/detail/vehicle_optical_flow_vel__rosidl_typesupport_fastrtps_cpp.hpp
[6.856s] -- Up-to-date: /home/stepan/ws_ros2/install/px4_msgs/include/px4_msgs/px4_msgs/msg/detail/open_drone_id_system__rosidl_typesupport_fastrtps_cpp.hpp
[6.856s] -- Up-to-date: /home/stepan/ws_ros2/install/px4_msgs/include/px4_msgs/px4_msgs/msg/detail/vehicle_thrust_setpoint__rosidl_typesupport_fastrtps_cpp.hpp
[6.856s] -- Up-to-date: /home/stepan/ws_ros2/install/px4_msgs/include/px4_msgs/px4_msgs/msg/detail/led_control__rosidl_typesupport_fastrtps_cpp.hpp
[6.857s] -- Up-to-date: /home/stepan/ws_ros2/install/px4_msgs/include/px4_msgs/px4_msgs/msg/detail/tune_control__rosidl_typesupport_fastrtps_cpp.hpp
[6.857s] -- Up-to-date: /home/stepan/ws_ros2/install/px4_msgs/include/px4_msgs/px4_msgs/msg/detail/action_request__rosidl_typesupport_fastrtps_cpp.hpp
[6.857s] -- Up-to-date: /home/stepan/ws_ros2/install/px4_msgs/include/px4_msgs/px4_msgs/msg/detail/heater_status__rosidl_typesupport_fastrtps_cpp.hpp
[6.858s] -- Up-to-date: /home/stepan/ws_ros2/install/px4_msgs/include/px4_msgs/px4_msgs/msg/detail/generator_status__rosidl_typesupport_fastrtps_cpp.hpp
[6.858s] -- Up-to-date: /home/stepan/ws_ros2/install/px4_msgs/include/px4_msgs/px4_msgs/msg/detail/vehicle_global_position__rosidl_typesupport_fastrtps_cpp.hpp
[6.859s] -- Up-to-date: /home/stepan/ws_ros2/install/px4_msgs/include/px4_msgs/px4_msgs/msg/detail/esc_report__rosidl_typesupport_fastrtps_cpp.hpp
[6.860s] -- Up-to-date: /home/stepan/ws_ros2/install/px4_msgs/include/px4_msgs/px4_msgs/msg/detail/vehicle_command__rosidl_typesupport_fastrtps_cpp.hpp
[6.861s] -- Up-to-date: /home/stepan/ws_ros2/install/px4_msgs/include/px4_msgs/px4_msgs/msg/detail/camera_trigger__rosidl_typesupport_fastrtps_cpp.hpp
[6.861s] -- Up-to-date: /home/stepan/ws_ros2/install/px4_msgs/include/px4_msgs/px4_msgs/msg/detail/differential_pressure__rosidl_typesupport_fastrtps_cpp.hpp
[6.864s] -- Up-to-date: /home/stepan/ws_ros2/install/px4_msgs/include/px4_msgs/px4_msgs/msg/detail/landing_target_pose__rosidl_typesupport_fastrtps_cpp.hpp
[6.865s] -- Up-to-date: /home/stepan/ws_ros2/install/px4_msgs/include/px4_msgs/px4_msgs/msg/detail/airspeed_wind__rosidl_typesupport_fastrtps_cpp.hpp
[6.867s] -- Up-to-date: /home/stepan/ws_ros2/install/px4_msgs/include/px4_msgs/px4_msgs/msg/detail/vehicle_land_detected__rosidl_typesupport_fastrtps_cpp.hpp
[6.867s] -- Up-to-date: /home/stepan/ws_ros2/install/px4_msgs/include/px4_msgs/px4_msgs/msg/detail/gimbal_manager_set_attitude__rosidl_typesupport_fastrtps_cpp.hpp
[6.868s] -- Up-to-date: /home/stepan/ws_ros2/install/px4_msgs/include/px4_msgs/px4_msgs/msg/detail/debug_array__rosidl_typesupport_fastrtps_cpp.hpp
[6.868s] -- Up-to-date: /home/stepan/ws_ros2/install/px4_msgs/include/px4_msgs/px4_msgs/msg/detail/gps_inject_data__rosidl_typesupport_fastrtps_cpp.hpp
[6.868s] -- Up-to-date: /home/stepan/ws_ros2/install/px4_msgs/include/px4_msgs/px4_msgs/msg/detail/orbit_status__rosidl_typesupport_fastrtps_cpp.hpp
[6.868s] -- Up-to-date: /home/stepan/ws_ros2/install/px4_msgs/include/px4_msgs/px4_msgs/msg/detail/debug_value__rosidl_typesupport_fastrtps_cpp.hpp
[6.868s] -- Up-to-date: /home/stepan/ws_ros2/install/px4_msgs/include/px4_msgs/px4_msgs/msg/detail/battery_status__rosidl_typesupport_fastrtps_cpp.hpp
[6.868s] -- Up-to-date: /home/stepan/ws_ros2/install/px4_msgs/include/px4_msgs/px4_msgs/msg/detail/vehicle_attitude_setpoint__rosidl_typesupport_fastrtps_cpp.hpp
[6.869s] -- Up-to-date: /home/stepan/ws_ros2/install/px4_msgs/include/px4_msgs/px4_msgs/msg/detail/gimbal_device_information__rosidl_typesupport_fastrtps_cpp.hpp
[6.869s] -- Up-to-date: /home/stepan/ws_ros2/install/px4_msgs/include/px4_msgs/px4_msgs/msg/detail/gimbal_manager_status__rosidl_typesupport_fastrtps_cpp.hpp
[6.869s] -- Up-to-date: /home/stepan/ws_ros2/install/px4_msgs/include/px4_msgs/px4_msgs/msg/detail/flight_phase_estimation__rosidl_typesupport_fastrtps_cpp.hpp
[6.869s] -- Up-to-date: /home/stepan/ws_ros2/install/px4_msgs/include/px4_msgs/px4_msgs/msg/detail/register_ext_component_request__rosidl_typesupport_fastrtps_cpp.hpp
[6.869s] -- Up-to-date: /home/stepan/ws_ros2/install/px4_msgs/include/px4_msgs/px4_msgs/msg/detail/vehicle_local_position__rosidl_typesupport_fastrtps_cpp.hpp
[6.870s] -- Up-to-date: /home/stepan/ws_ros2/install/px4_msgs/include/px4_msgs/px4_msgs/msg/detail/rover_rate_status__rosidl_typesupport_fastrtps_cpp.hpp
[6.870s] -- Up-to-date: /home/stepan/ws_ros2/install/px4_msgs/include/px4_msgs/px4_msgs/msg/detail/debug_key_value__rosidl_typesupport_fastrtps_cpp.hpp
[6.870s] -- Up-to-date: /home/stepan/ws_ros2/install/px4_msgs/include/px4_msgs/px4_msgs/msg/detail/vehicle_control_mode__rosidl_typesupport_fastrtps_cpp.hpp
[6.871s] -- Up-to-date: /home/stepan/ws_ros2/install/px4_msgs/include/px4_msgs/px4_msgs/msg/detail/estimator_aid_source1d__rosidl_typesupport_fastrtps_cpp.hpp
[6.871s] -- Up-to-date: /home/stepan/ws_ros2/install/px4_msgs/include/px4_msgs/px4_msgs/msg/detail/mission__rosidl_typesupport_fastrtps_cpp.hpp
[6.871s] -- Up-to-date: /home/stepan/ws_ros2/install/px4_msgs/include/px4_msgs/px4_msgs/msg/detail/orb_test_medium__rosidl_typesupport_fastrtps_cpp.hpp
[6.871s] -- Up-to-date: /home/stepan/ws_ros2/install/px4_msgs/include/px4_msgs/px4_msgs/msg/detail/sensor_mag__rosidl_typesupport_fastrtps_cpp.hpp
[6.871s] -- Up-to-date: /home/stepan/ws_ros2/install/px4_msgs/include/px4_msgs/px4_msgs/msg/detail/estimator_status_flags__rosidl_typesupport_fastrtps_cpp.hpp
[6.872s] -- Up-to-date: /home/stepan/ws_ros2/install/px4_msgs/include/px4_msgs/px4_msgs/msg/detail/rate_ctrl_status__rosidl_typesupport_fastrtps_cpp.hpp
[6.872s] -- Up-to-date: /home/stepan/ws_ros2/install/px4_msgs/include/px4_msgs/px4_msgs/msg/detail/estimator_selector_status__rosidl_typesupport_fastrtps_cpp.hpp
[6.873s] -- Up-to-date: /home/stepan/ws_ros2/install/px4_msgs/include/px4_msgs/px4_msgs/msg/detail/home_position__rosidl_typesupport_fastrtps_cpp.hpp
[6.873s] -- Up-to-date: /home/stepan/ws_ros2/install/px4_msgs/include/px4_msgs/px4_msgs/msg/detail/log_message__rosidl_typesupport_fastrtps_cpp.hpp
[6.873s] -- Up-to-date: /home/stepan/ws_ros2/install/px4_msgs/include/px4_msgs/px4_msgs/msg/detail/landing_target_innovations__rosidl_typesupport_fastrtps_cpp.hpp
[6.873s] -- Up-to-date: /home/stepan/ws_ros2/install/px4_msgs/include/px4_msgs/px4_msgs/msg/detail/rover_attitude_status__rosidl_typesupport_fastrtps_cpp.hpp
[6.873s] -- Up-to-date: /home/stepan/ws_ros2/install/px4_msgs/include/px4_msgs/px4_msgs/msg/detail/gimbal_device_set_attitude__rosidl_typesupport_fastrtps_cpp.hpp
[6.874s] -- Up-to-date: /home/stepan/ws_ros2/install/px4_msgs/include/px4_msgs/px4_msgs/msg/detail/task_stack_info__rosidl_typesupport_fastrtps_cpp.hpp
[6.874s] -- Up-to-date: /home/stepan/ws_ros2/install/px4_msgs/include/px4_msgs/px4_msgs/msg/detail/sensor_optical_flow__rosidl_typesupport_fastrtps_cpp.hpp
[6.874s] -- Up-to-date: /home/stepan/ws_ros2/install/px4_msgs/include/px4_msgs/px4_msgs/msg/detail/normalized_unsigned_setpoint__rosidl_typesupport_fastrtps_cpp.hpp
[6.874s] -- Up-to-date: /home/stepan/ws_ros2/install/px4_msgs/include/px4_msgs/px4_msgs/msg/detail/failsafe_flags__rosidl_typesupport_fastrtps_cpp.hpp
[6.874s] -- Up-to-date: /home/stepan/ws_ros2/install/px4_msgs/include/px4_msgs/px4_msgs/msg/detail/sensor_gyro_fft__rosidl_typesupport_fastrtps_cpp.hpp
[6.874s] -- Up-to-date: /home/stepan/ws_ros2/install/px4_msgs/include/px4_msgs/px4_msgs/msg/detail/obstacle_distance__rosidl_typesupport_fastrtps_cpp.hpp
[6.875s] -- Up-to-date: /home/stepan/ws_ros2/install/px4_msgs/include/px4_msgs/px4_msgs/msg/detail/vehicle_roi__rosidl_typesupport_fastrtps_cpp.hpp
[6.875s] -- Up-to-date: /home/stepan/ws_ros2/install/px4_msgs/include/px4_msgs/px4_msgs/msg/detail/message_format_response__rosidl_typesupport_fastrtps_cpp.hpp
[6.876s] -- Up-to-date: /home/stepan/ws_ros2/install/px4_msgs/include/px4_msgs/px4_msgs/msg/detail/trajectory_setpoint__rosidl_typesupport_fastrtps_cpp.hpp
[6.877s] -- Up-to-date: /home/stepan/ws_ros2/install/px4_msgs/include/px4_msgs/px4_msgs/msg/detail/estimator_states__rosidl_typesupport_fastrtps_cpp.hpp
[6.879s] -- Up-to-date: /home/stepan/ws_ros2/install/px4_msgs/include/px4_msgs/px4_msgs/msg/detail/dataman_request__rosidl_typesupport_fastrtps_cpp.hpp
[6.879s] -- Up-to-date: /home/stepan/ws_ros2/install/px4_msgs/include/px4_msgs/px4_msgs/msg/detail/sensor_gyro__rosidl_typesupport_fastrtps_cpp.hpp
[6.880s] -- Up-to-date: /home/stepan/ws_ros2/install/px4_msgs/include/px4_msgs/px4_msgs/msg/detail/sensor_gps__rosidl_typesupport_fastrtps_cpp.hpp
[6.881s] -- Up-to-date: /home/stepan/ws_ros2/install/px4_msgs/include/px4_msgs/px4_msgs/msg/detail/open_drone_id_self_id__rosidl_typesupport_fastrtps_cpp.hpp
[6.881s] -- Up-to-date: /home/stepan/ws_ros2/install/px4_msgs/include/px4_msgs/px4_msgs/msg/detail/unregister_ext_component__rosidl_typesupport_fastrtps_cpp.hpp
[6.882s] -- Up-to-date: /home/stepan/ws_ros2/install/px4_msgs/include/px4_msgs/px4_msgs/msg/detail/geofence_result__rosidl_typesupport_fastrtps_cpp.hpp
[6.882s] -- Up-to-date: /home/stepan/ws_ros2/install/px4_msgs/include/px4_msgs/px4_msgs/msg/detail/rc_parameter_map__rosidl_typesupport_fastrtps_cpp.hpp
[6.883s] -- Up-to-date: /home/stepan/ws_ros2/install/px4_msgs/include/px4_msgs/px4_msgs/msg/detail/sensor_airflow__rosidl_typesupport_fastrtps_cpp.hpp
[6.883s] -- Up-to-date: /home/stepan/ws_ros2/install/px4_msgs/include/px4_msgs/px4_msgs/msg/detail/vtol_vehicle_status__rosidl_typesupport_fastrtps_cpp.hpp
[6.883s] -- Up-to-date: /home/stepan/ws_ros2/install/px4_msgs/include/px4_msgs/px4_msgs/msg/detail/collision_constraints__rosidl_typesupport_fastrtps_cpp.hpp
[6.884s] -- Up-to-date: /home/stepan/ws_ros2/install/px4_msgs/include/px4_msgs/px4_msgs/msg/detail/sensors_status__rosidl_typesupport_fastrtps_cpp.hpp
[6.884s] -- Up-to-date: /home/stepan/ws_ros2/install/px4_msgs/include/px4_msgs/px4_msgs/msg/detail/estimator_sensor_bias__rosidl_typesupport_fastrtps_cpp.hpp
[6.885s] -- Up-to-date: /home/stepan/ws_ros2/install/px4_msgs/include/px4_msgs/px4_msgs/msg/detail/health_report__rosidl_typesupport_fastrtps_cpp.hpp
[6.886s] -- Up-to-date: /home/stepan/ws_ros2/install/px4_msgs/include/px4_msgs/px4_msgs/msg/detail/onboard_computer_status__rosidl_typesupport_fastrtps_cpp.hpp
[6.887s] -- Up-to-date: /home/stepan/ws_ros2/install/px4_msgs/include/px4_msgs/px4_msgs/msg/detail/gimbal_manager_information__rosidl_typesupport_fastrtps_cpp.hpp
[6.887s] -- Up-to-date: /home/stepan/ws_ros2/install/px4_msgs/include/px4_msgs/px4_msgs/msg/detail/dataman_response__rosidl_typesupport_fastrtps_cpp.hpp
[6.887s] -- Up-to-date: /home/stepan/ws_ros2/install/px4_msgs/include/px4_msgs/px4_msgs/msg/detail/orb_test__rosidl_typesupport_fastrtps_cpp.hpp
[6.888s] -- Up-to-date: /home/stepan/ws_ros2/install/px4_msgs/include/px4_msgs/px4_msgs/msg/detail/vehicle_constraints__rosidl_typesupport_fastrtps_cpp.hpp
[6.888s] -- Up-to-date: /home/stepan/ws_ros2/install/px4_msgs/include/px4_msgs/px4_msgs/msg/detail/navigator_mission_item__rosidl_typesupport_fastrtps_cpp.hpp
[6.888s] -- Up-to-date: /home/stepan/ws_ros2/install/px4_msgs/include/px4_msgs/px4_msgs/msg/detail/yaw_estimator_status__rosidl_typesupport_fastrtps_cpp.hpp
[6.888s] -- Up-to-date: /home/stepan/ws_ros2/install/px4_msgs/include/px4_msgs/px4_msgs/msg/detail/rc_channels__rosidl_typesupport_fastrtps_cpp.hpp
[6.888s] -- Up-to-date: /home/stepan/ws_ros2/install/px4_msgs/include/px4_msgs/px4_msgs/msg/detail/gpio_config__rosidl_typesupport_fastrtps_cpp.hpp
[6.889s] -- Up-to-date: /home/stepan/ws_ros2/install/px4_msgs/include/px4_msgs/px4_msgs/msg/detail/hover_thrust_estimate__rosidl_typesupport_fastrtps_cpp.hpp
[6.889s] -- Up-to-date: /home/stepan/ws_ros2/install/px4_msgs/include/px4_msgs/px4_msgs/msg/detail/goto_setpoint__rosidl_typesupport_fastrtps_cpp.hpp
[6.889s] -- Up-to-date: /home/stepan/ws_ros2/install/px4_msgs/include/px4_msgs/px4_msgs/msg/detail/sensor_gyro_fifo__rosidl_typesupport_fastrtps_cpp.hpp
[6.889s] -- Up-to-date: /home/stepan/ws_ros2/install/px4_msgs/include/px4_msgs/px4_msgs/msg/detail/gpio_in__rosidl_typesupport_fastrtps_cpp.hpp
[6.890s] -- Up-to-date: /home/stepan/ws_ros2/install/px4_msgs/include/px4_msgs/px4_msgs/msg/detail/config_overrides__rosidl_typesupport_fastrtps_cpp.hpp
[6.890s] -- Up-to-date: /home/stepan/ws_ros2/install/px4_msgs/include/px4_msgs/px4_msgs/msg/detail/vehicle_angular_velocity__rosidl_typesupport_fastrtps_cpp.hpp
[6.890s] -- Up-to-date: /home/stepan/ws_ros2/install/px4_msgs/include/px4_msgs/px4_msgs/msg/detail/arming_check_request__rosidl_typesupport_fastrtps_cpp.hpp
[6.890s] -- Up-to-date: /home/stepan/ws_ros2/install/px4_msgs/include/px4_msgs/px4_msgs/msg/detail/qshell_req__rosidl_typesupport_fastrtps_cpp.hpp
[6.891s] -- Up-to-date: /home/stepan/ws_ros2/install/px4_msgs/include/px4_msgs/px4_msgs/msg/detail/control_allocator_status__rosidl_typesupport_fastrtps_cpp.hpp
[6.891s] -- Up-to-date: /home/stepan/ws_ros2/install/px4_msgs/include/px4_msgs/px4_msgs/msg/detail/estimator_bias__rosidl_typesupport_fastrtps_cpp.hpp
[6.891s] -- Up-to-date: /home/stepan/ws_ros2/install/px4_msgs/include/px4_msgs/px4_msgs/msg/detail/camera_capture__rosidl_typesupport_fastrtps_cpp.hpp
[6.891s] -- Up-to-date: /home/stepan/ws_ros2/install/px4_msgs/include/px4_msgs/px4_msgs/msg/detail/magnetometer_bias_estimate__rosidl_typesupport_fastrtps_cpp.hpp
[6.891s] -- Up-to-date: /home/stepan/ws_ros2/install/px4_msgs/include/px4_msgs/px4_msgs/msg/detail/position_controller_status__rosidl_typesupport_fastrtps_cpp.hpp
[6.892s] -- Up-to-date: /home/stepan/ws_ros2/install/px4_msgs/include/px4_msgs/px4_msgs/msg/detail/mount_orientation__rosidl_typesupport_fastrtps_cpp.hpp
[6.892s] -- Up-to-date: /home/stepan/ws_ros2/install/px4_msgs/include/px4_msgs/px4_msgs/msg/detail/trajectory_setpoint6dof__rosidl_typesupport_fastrtps_cpp.hpp
[6.892s] -- Up-to-date: /home/stepan/ws_ros2/install/px4_msgs/include/px4_msgs/px4_msgs/msg/detail/irlock_report__rosidl_typesupport_fastrtps_cpp.hpp
[6.892s] -- Up-to-date: /home/stepan/ws_ros2/install/px4_msgs/include/px4_msgs/px4_msgs/msg/detail/actuator_servos__rosidl_typesupport_fastrtps_cpp.hpp
[6.892s] -- Up-to-date: /home/stepan/ws_ros2/install/px4_msgs/include/px4_msgs/px4_msgs/msg/detail/sensor_accel__rosidl_typesupport_fastrtps_cpp.hpp
[6.893s] -- Up-to-date: /home/stepan/ws_ros2/install/px4_msgs/include/px4_msgs/px4_msgs/msg/detail/figure_eight_status__rosidl_typesupport_fastrtps_cpp.hpp
[6.893s] -- Up-to-date: /home/stepan/ws_ros2/install/px4_msgs/include/px4_msgs/px4_msgs/msg/detail/navigator_status__rosidl_typesupport_fastrtps_cpp.hpp
[6.893s] -- Up-to-date: /home/stepan/ws_ros2/install/px4_msgs/include/px4_msgs/px4_msgs/msg/detail/power_monitor__rosidl_typesupport_fastrtps_cpp.hpp
[6.893s] -- Up-to-date: /home/stepan/ws_ros2/install/px4_msgs/include/px4_msgs/px4_msgs/msg/detail/mode_completed__rosidl_typesupport_fastrtps_cpp.hpp
[6.893s] -- Up-to-date: /home/stepan/ws_ros2/install/px4_msgs/include/px4_msgs/px4_msgs/msg/detail/geofence_status__rosidl_typesupport_fastrtps_cpp.hpp
[6.893s] -- Up-to-date: /home/stepan/ws_ros2/install/px4_msgs/include/px4_msgs/px4_msgs/msg/detail/npfg_status__rosidl_typesupport_fastrtps_cpp.hpp
[6.894s] -- Up-to-date: /home/stepan/ws_ros2/install/px4_msgs/include/px4_msgs/px4_msgs/msg/detail/actuator_test__rosidl_typesupport_fastrtps_cpp.hpp
[6.894s] -- Up-to-date: /home/stepan/ws_ros2/install/px4_msgs/include/px4_msgs/px4_msgs/msg/detail/estimator_aid_source3d__rosidl_typesupport_fastrtps_cpp.hpp
[6.894s] -- Up-to-date: /home/stepan/ws_ros2/install/px4_msgs/include/px4_msgs/px4_msgs/msg/detail/gpio_out__rosidl_typesupport_fastrtps_cpp.hpp
[6.894s] -- Up-to-date: /home/stepan/ws_ros2/install/px4_msgs/include/px4_msgs/px4_msgs/msg/detail/vehicle_command_ack__rosidl_typesupport_fastrtps_cpp.hpp
[6.895s] -- Up-to-date: /home/stepan/ws_ros2/install/px4_msgs/include/px4_msgs/px4_msgs/msg/detail/pwm_input__rosidl_typesupport_fastrtps_cpp.hpp
[6.895s] -- Up-to-date: /home/stepan/ws_ros2/install/px4_msgs/include/px4_msgs/px4_msgs/msg/detail/rover_throttle_setpoint__rosidl_typesupport_fastrtps_cpp.hpp
[6.896s] -- Up-to-date: /home/stepan/ws_ros2/install/px4_msgs/include/px4_msgs/px4_msgs/msg/detail/orb_test_large__rosidl_typesupport_fastrtps_cpp.hpp
[6.897s] -- Up-to-date: /home/stepan/ws_ros2/install/px4_msgs/include/px4_msgs/px4_msgs/msg/detail/wheel_encoders__rosidl_typesupport_fastrtps_cpp.hpp
[6.898s] -- Up-to-date: /home/stepan/ws_ros2/install/px4_msgs/include/px4_msgs/px4_msgs/msg/detail/pure_pursuit_status__rosidl_typesupport_fastrtps_cpp.hpp
[6.898s] -- Up-to-date: /home/stepan/ws_ros2/install/px4_msgs/include/px4_msgs/px4_msgs/msg/detail/mavlink_log__rosidl_typesupport_fastrtps_cpp.hpp
[6.899s] -- Up-to-date: /home/stepan/ws_ros2/install/px4_msgs/include/px4_msgs/px4_msgs/msg/detail/cpuload__rosidl_typesupport_fastrtps_cpp.hpp
[6.899s] -- Up-to-date: /home/stepan/ws_ros2/install/px4_msgs/include/px4_msgs/px4_msgs/msg/detail/mag_worker_data__rosidl_typesupport_fastrtps_cpp.hpp
[6.900s] -- Up-to-date: /home/stepan/ws_ros2/install/px4_msgs/include/px4_msgs/px4_msgs/msg/detail/mavlink_tunnel__rosidl_typesupport_fastrtps_cpp.hpp
[6.901s] -- Up-to-date: /home/stepan/ws_ros2/install/px4_msgs/include/px4_msgs/px4_msgs/msg/detail/gimbal_device_attitude_status__rosidl_typesupport_fastrtps_cpp.hpp
[6.901s] -- Up-to-date: /home/stepan/ws_ros2/install/px4_msgs/include/px4_msgs/px4_msgs/msg/detail/satellite_info__rosidl_typesupport_fastrtps_cpp.hpp
[6.901s] -- Up-to-date: /home/stepan/ws_ros2/install/px4_msgs/include/px4_msgs/px4_msgs/msg/detail/camera_status__rosidl_typesupport_fastrtps_cpp.hpp
[6.901s] -- Up-to-date: /home/stepan/ws_ros2/install/px4_msgs/include/px4_msgs/px4_msgs/msg/detail/ulog_stream_ack__rosidl_typesupport_fastrtps_cpp.hpp
[6.902s] -- Up-to-date: /home/stepan/ws_ros2/install/px4_msgs/include/px4_msgs/px4_msgs/msg/detail/logger_status__rosidl_typesupport_fastrtps_cpp.hpp
[6.903s] -- Up-to-date: /home/stepan/ws_ros2/install/px4_msgs/include/px4_msgs/px4_msgs/msg/detail/message_format_request__rosidl_typesupport_fastrtps_cpp.hpp
[6.903s] -- Up-to-date: /home/stepan/ws_ros2/install/px4_msgs/include/px4_msgs/px4_msgs/msg/detail/estimator_status__rosidl_typesupport_fastrtps_cpp.hpp
[6.904s] -- Up-to-date: /home/stepan/ws_ros2/install/px4_msgs/include/px4_msgs/px4_msgs/msg/detail/sensor_selection__rosidl_typesupport_fastrtps_cpp.hpp
[6.906s] -- Up-to-date: /home/stepan/ws_ros2/install/px4_msgs/include/px4_msgs/px4_msgs/msg/detail/internal_combustion_engine_status__rosidl_typesupport_fastrtps_cpp.hpp
[6.907s] -- Up-to-date: /home/stepan/ws_ros2/install/px4_msgs/include/px4_msgs/px4_msgs/msg/detail/position_controller_landing_status__rosidl_typesupport_fastrtps_cpp.hpp
[6.907s] -- Up-to-date: /home/stepan/ws_ros2/install/px4_msgs/include/px4_msgs/px4_msgs/msg/detail/position_setpoint_triplet__rosidl_typesupport_fastrtps_cpp.hpp
[6.908s] -- Up-to-date: /home/stepan/ws_ros2/install/px4_msgs/include/px4_msgs/px4_msgs/msg/detail/power_button_state__rosidl_typesupport_fastrtps_cpp.hpp
[6.908s] -- Up-to-date: /home/stepan/ws_ros2/install/px4_msgs/include/px4_msgs/px4_msgs/msg/detail/vehicle_imu_status__rosidl_typesupport_fastrtps_cpp.hpp
[6.908s] -- Up-to-date: /home/stepan/ws_ros2/install/px4_msgs/include/px4_msgs/px4_msgs/msg/detail/landing_gear_wheel__rosidl_typesupport_fastrtps_cpp.hpp
[6.908s] -- Up-to-date: /home/stepan/ws_ros2/install/px4_msgs/include/px4_msgs/px4_msgs/msg/detail/open_drone_id_arm_status__rosidl_typesupport_fastrtps_cpp.hpp
[6.908s] -- Up-to-date: /home/stepan/ws_ros2/install/px4_msgs/include/px4_msgs/px4_msgs/msg/detail/actuator_servos_trim__rosidl_typesupport_fastrtps_cpp.hpp
[6.909s] -- Up-to-date: /home/stepan/ws_ros2/install/px4_msgs/include/px4_msgs/px4_msgs/msg/detail/vehicle_imu__rosidl_typesupport_fastrtps_cpp.hpp
[6.909s] -- Up-to-date: /home/stepan/ws_ros2/install/px4_msgs/include/px4_msgs/px4_msgs/msg/detail/position_setpoint__rosidl_typesupport_fastrtps_cpp.hpp
[6.910s] -- Up-to-date: /home/stepan/ws_ros2/install/px4_msgs/include/px4_msgs/px4_msgs/msg/detail/vehicle_optical_flow__rosidl_typesupport_fastrtps_cpp.hpp
[6.910s] -- Up-to-date: /home/stepan/ws_ros2/install/px4_msgs/include/px4_msgs/px4_msgs/msg/detail/telemetry_status__rosidl_typesupport_fastrtps_cpp.hpp
[6.910s] -- Up-to-date: /home/stepan/ws_ros2/install/px4_msgs/include/px4_msgs/px4_msgs/msg/detail/sensor_gnss_relative__rosidl_typesupport_fastrtps_cpp.hpp
[6.911s] -- Up-to-date: /home/stepan/ws_ros2/install/px4_msgs/include/px4_msgs/px4_msgs/msg/detail/actuator_motors__rosidl_typesupport_fastrtps_cpp.hpp
[6.911s] -- Up-to-date: /home/stepan/ws_ros2/install/px4_msgs/include/px4_msgs/px4_msgs/msg/detail/parameter_update__rosidl_typesupport_fastrtps_cpp.hpp
[6.911s] -- Up-to-date: /home/stepan/ws_ros2/install/px4_msgs/include/px4_msgs/px4_msgs/msg/detail/sensor_combined__rosidl_typesupport_fastrtps_cpp.hpp
[6.911s] -- Up-to-date: /home/stepan/ws_ros2/install/px4_msgs/include/px4_msgs/px4_msgs/msg/detail/rtl_status__rosidl_typesupport_fastrtps_cpp.hpp
[6.911s] -- Up-to-date: /home/stepan/ws_ros2/install/px4_msgs/include/px4_msgs/px4_msgs/msg/detail/distance_sensor__rosidl_typesupport_fastrtps_cpp.hpp
[6.912s] -- Up-to-date: /home/stepan/ws_ros2/install/px4_msgs/include/px4_msgs/px4_msgs/msg/detail/button_event__rosidl_typesupport_fastrtps_cpp.hpp
[6.913s] -- Up-to-date: /home/stepan/ws_ros2/install/px4_msgs/include/px4_msgs/px4_msgs/msg/detail/sensor_preflight_mag__rosidl_typesupport_fastrtps_cpp.hpp
[6.914s] -- Up-to-date: /home/stepan/ws_ros2/install/px4_msgs/include/px4_msgs/px4_msgs/msg/detail/can_interface_status__rosidl_typesupport_fastrtps_cpp.hpp
[6.915s] -- Up-to-date: /home/stepan/ws_ros2/install/px4_msgs/include/px4_msgs/px4_msgs/msg/detail/timesync_status__rosidl_typesupport_fastrtps_cpp.hpp
[6.917s] -- Up-to-date: /home/stepan/ws_ros2/install/px4_msgs/include/px4_msgs/px4_msgs/msg/detail/sensor_uwb__rosidl_typesupport_fastrtps_cpp.hpp
[6.918s] -- Up-to-date: /home/stepan/ws_ros2/install/px4_msgs/include/px4_msgs/px4_msgs/msg/detail/radio_status__rosidl_typesupport_fastrtps_cpp.hpp
[6.918s] -- Up-to-date: /home/stepan/ws_ros2/install/px4_msgs/include/px4_msgs/px4_msgs/msg/detail/vehicle_attitude__rosidl_typesupport_fastrtps_cpp.hpp
[6.920s] -- Up-to-date: /home/stepan/ws_ros2/install/px4_msgs/include/px4_msgs/px4_msgs/msg/detail/wind__rosidl_typesupport_fastrtps_cpp.hpp
[6.921s] -- Up-to-date: /home/stepan/ws_ros2/install/px4_msgs/include/px4_msgs/px4_msgs/msg/detail/mission_result__rosidl_typesupport_fastrtps_cpp.hpp
[6.921s] -- Up-to-date: /home/stepan/ws_ros2/install/px4_msgs/include/px4_msgs/px4_msgs/msg/detail/sensors_status_imu__rosidl_typesupport_fastrtps_cpp.hpp
[6.922s] -- Up-to-date: /home/stepan/ws_ros2/install/px4_msgs/include/px4_msgs/px4_msgs/msg/detail/debug_vect__rosidl_typesupport_fastrtps_cpp.hpp
[6.922s] -- Up-to-date: /home/stepan/ws_ros2/install/px4_msgs/include/px4_msgs/px4_msgs/msg/detail/estimator_event_flags__rosidl_typesupport_fastrtps_cpp.hpp
[6.922s] -- Up-to-date: /home/stepan/ws_ros2/install/px4_msgs/include/px4_msgs/px4_msgs/msg/detail/internal_combustion_engine_control__rosidl_typesupport_fastrtps_cpp.hpp
[6.923s] -- Up-to-date: /home/stepan/ws_ros2/install/px4_msgs/include/px4_msgs/px4_msgs/msg/detail/arming_check_reply__rosidl_typesupport_fastrtps_cpp.hpp
[6.923s] -- Up-to-date: /home/stepan/ws_ros2/install/px4_msgs/include/px4_msgs/px4_msgs/msg/detail/parameter_reset_request__rosidl_typesupport_fastrtps_cpp.hpp
[6.923s] -- Up-to-date: /home/stepan/ws_ros2/install/px4_msgs/include/px4_msgs/px4_msgs/msg/detail/cellular_status__rosidl_typesupport_fastrtps_cpp.hpp
[6.924s] -- Up-to-date: /home/stepan/ws_ros2/install/px4_msgs/include/px4_msgs/px4_msgs/msg/detail/fuel_tank_status__rosidl_typesupport_fastrtps_cpp.hpp
[6.924s] -- Up-to-date: /home/stepan/ws_ros2/install/px4_msgs/include/px4_msgs/px4_msgs/msg/detail/uavcan_parameter_value__rosidl_typesupport_fastrtps_cpp.hpp
[6.924s] -- Up-to-date: /home/stepan/ws_ros2/install/px4_msgs/include/px4_msgs/px4_msgs/msg/detail/input_rc__rosidl_typesupport_fastrtps_cpp.hpp
[6.924s] -- Up-to-date: /home/stepan/ws_ros2/install/px4_msgs/include/px4_msgs/px4_msgs/msg/detail/rover_rate_setpoint__rosidl_typesupport_fastrtps_cpp.hpp
[6.924s] -- Up-to-date: /home/stepan/ws_ros2/install/px4_msgs/include/px4_msgs/px4_msgs/msg/detail/rover_position_setpoint__rosidl_typesupport_fastrtps_cpp.hpp
[6.925s] -- Up-to-date: /home/stepan/ws_ros2/install/px4_msgs/include/px4_msgs/px4_msgs/msg/detail/gps_dump__rosidl_typesupport_fastrtps_cpp.hpp
[6.925s] -- Up-to-date: /home/stepan/ws_ros2/install/px4_msgs/include/px4_msgs/px4_msgs/msg/detail/vehicle_local_position_setpoint__rosidl_typesupport_fastrtps_cpp.hpp
[6.925s] -- Up-to-date: /home/stepan/ws_ros2/install/px4_msgs/include/px4_msgs/px4_msgs/msg/detail/landing_gear__rosidl_typesupport_fastrtps_cpp.hpp
[6.925s] -- Up-to-date: /home/stepan/ws_ros2/install/px4_msgs/include/px4_msgs/px4_msgs/msg/detail/ulog_stream__rosidl_typesupport_fastrtps_cpp.hpp
[6.925s] -- Up-to-date: /home/stepan/ws_ros2/install/px4_msgs/include/px4_msgs/px4_msgs/msg/detail/tiltrotor_extra_controls__rosidl_typesupport_fastrtps_cpp.hpp
[6.926s] -- Up-to-date: /home/stepan/ws_ros2/install/px4_msgs/include/px4_msgs/px4_msgs/msg/detail/actuator_outputs__rosidl_typesupport_fastrtps_cpp.hpp
[6.926s] -- Up-to-date: /home/stepan/ws_ros2/install/px4_msgs/include/px4_msgs/px4_msgs/msg/detail/rtl_time_estimate__rosidl_typesupport_fastrtps_cpp.hpp
[6.926s] -- Up-to-date: /home/stepan/ws_ros2/install/px4_msgs/include/px4_msgs/px4_msgs/msg/detail/vehicle_torque_setpoint__rosidl_typesupport_fastrtps_cpp.hpp
[6.926s] -- Up-to-date: /home/stepan/ws_ros2/install/px4_msgs/include/px4_msgs/px4_msgs/msg/detail/system_power__rosidl_typesupport_fastrtps_cpp.hpp
[6.926s] -- Up-to-date: /home/stepan/ws_ros2/install/px4_msgs/include/px4_msgs/px4_msgs/msg/detail/estimator_aid_source2d__rosidl_typesupport_fastrtps_cpp.hpp
[6.926s] -- Up-to-date: /home/stepan/ws_ros2/install/px4_msgs/include/px4_msgs/px4_msgs/msg/detail/tecs_status__rosidl_typesupport_fastrtps_cpp.hpp
[6.927s] -- Up-to-date: /home/stepan/ws_ros2/install/px4_msgs/include/px4_msgs/px4_msgs/msg/detail/esc_status__rosidl_typesupport_fastrtps_cpp.hpp
[6.927s] -- Up-to-date: /home/stepan/ws_ros2/install/px4_msgs/include/px4_msgs/px4_msgs/msg/detail/vehicle_status__rosidl_typesupport_fastrtps_cpp.hpp
[6.927s] -- Up-to-date: /home/stepan/ws_ros2/install/px4_msgs/include/px4_msgs/px4_msgs/msg/detail/gripper__rosidl_typesupport_fastrtps_cpp.hpp
[6.927s] -- Up-to-date: /home/stepan/ws_ros2/install/px4_msgs/include/px4_msgs/px4_msgs/msg/detail/follow_target__rosidl_typesupport_fastrtps_cpp.hpp
[6.927s] -- Up-to-date: /home/stepan/ws_ros2/install/px4_msgs/include/px4_msgs/px4_msgs/msg/detail/vehicle_angular_acceleration_setpoint__rosidl_typesupport_fastrtps_cpp.hpp
[6.929s] -- Up-to-date: /home/stepan/ws_ros2/install/px4_msgs/include/px4_msgs/px4_msgs/msg/detail/manual_control_switches__rosidl_typesupport_fastrtps_cpp.hpp
[6.930s] -- Up-to-date: /home/stepan/ws_ros2/install/px4_msgs/include/px4_msgs/px4_msgs/msg/detail/vehicle_rates_setpoint__rosidl_typesupport_fastrtps_cpp.hpp
[6.931s] -- Up-to-date: /home/stepan/ws_ros2/install/px4_msgs/include/px4_msgs/px4_msgs/msg/detail/estimator_innovations__rosidl_typesupport_fastrtps_cpp.hpp
[6.932s] -- Up-to-date: /home/stepan/ws_ros2/install/px4_msgs/include/px4_msgs/px4_msgs/msg/detail/ping__rosidl_typesupport_fastrtps_cpp.hpp
[6.932s] -- Up-to-date: /home/stepan/ws_ros2/install/px4_msgs/include/px4_msgs/px4_msgs/msg/detail/pps_capture__rosidl_typesupport_fastrtps_cpp.hpp
[6.934s] -- Up-to-date: /home/stepan/ws_ros2/install/px4_msgs/include/px4_msgs/px4_msgs/msg/detail/parameter_set_value_request__rosidl_typesupport_fastrtps_cpp.hpp
[6.935s] -- Up-to-date: /home/stepan/ws_ros2/install/px4_msgs/include/px4_msgs/px4_msgs/msg/detail/follow_target_status__rosidl_typesupport_fastrtps_cpp.hpp
[6.937s] -- Up-to-date: /home/stepan/ws_ros2/install/px4_msgs/include/px4_msgs/px4_msgs/msg/detail/vehicle_air_data__rosidl_typesupport_fastrtps_cpp.hpp
[6.937s] -- Up-to-date: /home/stepan/ws_ros2/install/px4_msgs/include/px4_msgs/px4_msgs/msg/detail/register_ext_component_reply__rosidl_typesupport_fastrtps_cpp.hpp
[6.937s] -- Up-to-date: /home/stepan/ws_ros2/install/px4_msgs/include/px4_msgs/px4_msgs/msg/detail/qshell_retval__rosidl_typesupport_fastrtps_cpp.hpp
[6.937s] -- Up-to-date: /home/stepan/ws_ros2/install/px4_msgs/include/px4_msgs/px4_msgs/msg/detail/uavcan_parameter_request__rosidl_typesupport_fastrtps_cpp.hpp
[6.937s] -- Up-to-date: /home/stepan/ws_ros2/install/px4_msgs/include/px4_msgs/px4_msgs/msg/detail/launch_detection_status__rosidl_typesupport_fastrtps_cpp.hpp
[6.938s] -- Up-to-date: /home/stepan/ws_ros2/install/px4_msgs/include/px4_msgs/px4_msgs/msg/detail/vehicle_magnetometer__rosidl_typesupport_fastrtps_cpp.hpp
[6.938s] -- Up-to-date: /home/stepan/ws_ros2/install/px4_msgs/include/px4_msgs/px4_msgs/msg/detail/estimator_gps_status__rosidl_typesupport_fastrtps_cpp.hpp
[6.938s] -- Up-to-date: /home/stepan/ws_ros2/install/px4_msgs/include/px4_msgs/px4_msgs/msg/detail/ekf2_timestamps__rosidl_typesupport_fastrtps_cpp.hpp
[6.938s] -- Up-to-date: /home/stepan/ws_ros2/install/px4_msgs/include/px4_msgs/px4_msgs/msg/detail/vehicle_acceleration__rosidl_typesupport_fastrtps_cpp.hpp
[6.938s] -- Up-to-date: /home/stepan/ws_ros2/install/px4_msgs/include/px4_msgs/px4_msgs/msg/detail/velocity_limits__rosidl_typesupport_fastrtps_cpp.hpp
[6.939s] -- Up-to-date: /home/stepan/ws_ros2/install/px4_msgs/include/px4_msgs/px4_msgs/msg/detail/airspeed__rosidl_typesupport_fastrtps_cpp.hpp
[6.939s] -- Up-to-date: /home/stepan/ws_ros2/install/px4_msgs/include/px4_msgs/px4_msgs/msg/detail/follow_target_estimator__rosidl_typesupport_fastrtps_cpp.hpp
[6.939s] -- Up-to-date: /home/stepan/ws_ros2/install/px4_msgs/include/px4_msgs/px4_msgs/msg/detail/sensor_accel_fifo__rosidl_typesupport_fastrtps_cpp.hpp
[6.940s] -- Up-to-date: /home/stepan/ws_ros2/install/px4_msgs/include/px4_msgs/px4_msgs/msg/detail/actuator_armed__rosidl_typesupport_fastrtps_cpp.hpp
[6.940s] -- Up-to-date: /home/stepan/ws_ros2/install/px4_msgs/include/px4_msgs/px4_msgs/msg/detail/px4io_status__rosidl_typesupport_fastrtps_cpp.hpp
[6.940s] -- Up-to-date: /home/stepan/ws_ros2/install/px4_msgs/include/px4_msgs/px4_msgs/msg/detail/parameter_set_used_request__rosidl_typesupport_fastrtps_cpp.hpp
[6.940s] -- Up-to-date: /home/stepan/ws_ros2/install/px4_msgs/include/px4_msgs/px4_msgs/msg/detail/estimator_bias3d__rosidl_typesupport_fastrtps_cpp.hpp
[6.941s] -- Up-to-date: /home/stepan/ws_ros2/install/px4_msgs/include/px4_msgs/px4_msgs/msg/detail/sensor_hygrometer__rosidl_typesupport_fastrtps_cpp.hpp
[6.941s] -- Up-to-date: /home/stepan/ws_ros2/install/px4_msgs/include/px4_msgs/px4_msgs/msg/detail/event__rosidl_typesupport_fastrtps_cpp.hpp
[6.941s] -- Up-to-date: /home/stepan/ws_ros2/install/px4_msgs/include/px4_msgs/px4_msgs/msg/detail/vehicle_odometry__rosidl_typesupport_fastrtps_cpp.hpp
[6.941s] -- Up-to-date: /home/stepan/ws_ros2/install/px4_msgs/include/px4_msgs/px4_msgs/msg/detail/rover_velocity_status__rosidl_typesupport_fastrtps_cpp.hpp
[6.941s] -- Up-to-date: /home/stepan/ws_ros2/install/px4_msgs/include/px4_msgs/px4_msgs/msg/detail/rover_steering_setpoint__rosidl_typesupport_fastrtps_cpp.hpp
[6.941s] -- Up-to-date: /home/stepan/ws_ros2/install/px4_msgs/include/px4_msgs/px4_msgs/msg/detail/parameter_set_value_response__rosidl_typesupport_fastrtps_cpp.hpp
[6.942s] -- Up-to-date: /home/stepan/ws_ros2/install/px4_msgs/include/px4_msgs/px4_msgs/msg/detail/airspeed_validated__rosidl_typesupport_fastrtps_cpp.hpp
[6.942s] -- Up-to-date: /home/stepan/ws_ros2/install/px4_msgs/include/px4_msgs/px4_msgs/msg/detail/autotune_attitude_control_status__rosidl_typesupport_fastrtps_cpp.hpp
[6.942s] -- Up-to-date: /home/stepan/ws_ros2/install/px4_msgs/include/px4_msgs/px4_msgs/msg/detail/transponder_report__rosidl_typesupport_fastrtps_cpp.hpp
[6.942s] -- Up-to-date: /home/stepan/ws_ros2/install/px4_msgs/include/px4_msgs/px4_msgs/msg/detail/actuator_controls_status__rosidl_typesupport_fastrtps_cpp.hpp
[6.942s] -- Up-to-date: /home/stepan/ws_ros2/install/px4_msgs/include/px4_msgs/px4_msgs/msg/detail/gimbal_controls__rosidl_typesupport_fastrtps_cpp.hpp
[6.943s] -- Up-to-date: /home/stepan/ws_ros2/install/px4_msgs/include/px4_msgs/px4_msgs/msg/rosidl_typesupport_fastrtps_cpp__visibility_control.h
[6.943s] -- Up-to-date: /home/stepan/ws_ros2/install/px4_msgs/include/px4_msgs/px4_msgs/srv
[6.943s] -- Up-to-date: /home/stepan/ws_ros2/install/px4_msgs/include/px4_msgs/px4_msgs/srv/detail
[6.943s] -- Up-to-date: /home/stepan/ws_ros2/install/px4_msgs/include/px4_msgs/px4_msgs/srv/detail/dds_fastrtps
[6.943s] -- Up-to-date: /home/stepan/ws_ros2/install/px4_msgs/include/px4_msgs/px4_msgs/srv/detail/vehicle_command__rosidl_typesupport_fastrtps_cpp.hpp
[6.944s] -- Up-to-date: /home/stepan/ws_ros2/install/px4_msgs/lib/libpx4_msgs__rosidl_typesupport_fastrtps_cpp.so
[6.945s] -- Up-to-date: /home/stepan/ws_ros2/install/px4_msgs/include/px4_msgs/px4_msgs
[6.946s] -- Up-to-date: /home/stepan/ws_ros2/install/px4_msgs/include/px4_msgs/px4_msgs/msg
[6.947s] -- Up-to-date: /home/stepan/ws_ros2/install/px4_msgs/include/px4_msgs/px4_msgs/msg/detail
[6.947s] -- Up-to-date: /home/stepan/ws_ros2/install/px4_msgs/include/px4_msgs/px4_msgs/msg/detail/debug_key_value__rosidl_typesupport_introspection_c.h
[6.948s] -- Up-to-date: /home/stepan/ws_ros2/install/px4_msgs/include/px4_msgs/px4_msgs/msg/detail/vehicle_command_ack__type_support.c
[6.949s] -- Up-to-date: /home/stepan/ws_ros2/install/px4_msgs/include/px4_msgs/px4_msgs/msg/detail/estimator_states__rosidl_typesupport_introspection_c.h
[6.949s] -- Up-to-date: /home/stepan/ws_ros2/install/px4_msgs/include/px4_msgs/px4_msgs/msg/detail/autotune_attitude_control_status__rosidl_typesupport_introspection_c.h
[6.950s] -- Up-to-date: /home/stepan/ws_ros2/install/px4_msgs/include/px4_msgs/px4_msgs/msg/detail/sensor_gyro_fft__rosidl_typesupport_introspection_c.h
[6.950s] -- Up-to-date: /home/stepan/ws_ros2/install/px4_msgs/include/px4_msgs/px4_msgs/msg/detail/follow_target__type_support.c
[6.950s] -- Up-to-date: /home/stepan/ws_ros2/install/px4_msgs/include/px4_msgs/px4_msgs/msg/detail/can_interface_status__rosidl_typesupport_introspection_c.h
[6.951s] -- Up-to-date: /home/stepan/ws_ros2/install/px4_msgs/include/px4_msgs/px4_msgs/msg/detail/estimator_aid_source2d__type_support.c
[6.951s] -- Up-to-date: /home/stepan/ws_ros2/install/px4_msgs/include/px4_msgs/px4_msgs/msg/detail/sensor_uwb__rosidl_typesupport_introspection_c.h
[6.951s] -- Up-to-date: /home/stepan/ws_ros2/install/px4_msgs/include/px4_msgs/px4_msgs/msg/detail/gimbal_manager_status__rosidl_typesupport_introspection_c.h
[6.951s] -- Up-to-date: /home/stepan/ws_ros2/install/px4_msgs/include/px4_msgs/px4_msgs/msg/detail/sensor_gyro__type_support.c
[6.951s] -- Up-to-date: /home/stepan/ws_ros2/install/px4_msgs/include/px4_msgs/px4_msgs/msg/detail/follow_target_estimator__rosidl_typesupport_introspection_c.h
[6.951s] -- Up-to-date: /home/stepan/ws_ros2/install/px4_msgs/include/px4_msgs/px4_msgs/msg/detail/rtl_status__rosidl_typesupport_introspection_c.h
[6.952s] -- Up-to-date: /home/stepan/ws_ros2/install/px4_msgs/include/px4_msgs/px4_msgs/msg/detail/debug_value__type_support.c
[6.952s] -- Up-to-date: /home/stepan/ws_ros2/install/px4_msgs/include/px4_msgs/px4_msgs/msg/detail/onboard_computer_status__type_support.c
[6.952s] -- Up-to-date: /home/stepan/ws_ros2/install/px4_msgs/include/px4_msgs/px4_msgs/msg/detail/gpio_in__rosidl_typesupport_introspection_c.h
[6.952s] -- Up-to-date: /home/stepan/ws_ros2/install/px4_msgs/include/px4_msgs/px4_msgs/msg/detail/generator_status__rosidl_typesupport_introspection_c.h
[6.952s] -- Up-to-date: /home/stepan/ws_ros2/install/px4_msgs/include/px4_msgs/px4_msgs/msg/detail/launch_detection_status__type_support.c
[6.953s] -- Up-to-date: /home/stepan/ws_ros2/install/px4_msgs/include/px4_msgs/px4_msgs/msg/detail/camera_status__rosidl_typesupport_introspection_c.h
[6.953s] -- Up-to-date: /home/stepan/ws_ros2/install/px4_msgs/include/px4_msgs/px4_msgs/msg/detail/sensor_uwb__type_support.c
[6.953s] -- Up-to-date: /home/stepan/ws_ros2/install/px4_msgs/include/px4_msgs/px4_msgs/msg/detail/ulog_stream__type_support.c
[6.955s] -- Up-to-date: /home/stepan/ws_ros2/install/px4_msgs/include/px4_msgs/px4_msgs/msg/detail/gimbal_device_information__type_support.c
[6.955s] -- Up-to-date: /home/stepan/ws_ros2/install/px4_msgs/include/px4_msgs/px4_msgs/msg/detail/sensor_baro__rosidl_typesupport_introspection_c.h
[6.956s] -- Up-to-date: /home/stepan/ws_ros2/install/px4_msgs/include/px4_msgs/px4_msgs/msg/detail/distance_sensor__type_support.c
[6.956s] -- Up-to-date: /home/stepan/ws_ros2/install/px4_msgs/include/px4_msgs/px4_msgs/msg/detail/pure_pursuit_status__type_support.c
[6.957s] -- Up-to-date: /home/stepan/ws_ros2/install/px4_msgs/include/px4_msgs/px4_msgs/msg/detail/power_monitor__rosidl_typesupport_introspection_c.h
[6.957s] -- Up-to-date: /home/stepan/ws_ros2/install/px4_msgs/include/px4_msgs/px4_msgs/msg/detail/home_position__type_support.c
[6.957s] -- Up-to-date: /home/stepan/ws_ros2/install/px4_msgs/include/px4_msgs/px4_msgs/msg/detail/mavlink_log__type_support.c
[6.958s] -- Up-to-date: /home/stepan/ws_ros2/install/px4_msgs/include/px4_msgs/px4_msgs/msg/detail/position_setpoint__rosidl_typesupport_introspection_c.h
[6.958s] -- Up-to-date: /home/stepan/ws_ros2/install/px4_msgs/include/px4_msgs/px4_msgs/msg/detail/position_setpoint_triplet__rosidl_typesupport_introspection_c.h
[6.958s] -- Up-to-date: /home/stepan/ws_ros2/install/px4_msgs/include/px4_msgs/px4_msgs/msg/detail/gimbal_manager_set_attitude__type_support.c
[6.958s] -- Up-to-date: /home/stepan/ws_ros2/install/px4_msgs/include/px4_msgs/px4_msgs/msg/detail/gpio_config__rosidl_typesupport_introspection_c.h
[6.959s] -- Up-to-date: /home/stepan/ws_ros2/install/px4_msgs/include/px4_msgs/px4_msgs/msg/detail/dataman_response__rosidl_typesupport_introspection_c.h
[6.959s] -- Up-to-date: /home/stepan/ws_ros2/install/px4_msgs/include/px4_msgs/px4_msgs/msg/detail/gps_inject_data__rosidl_typesupport_introspection_c.h
[6.959s] -- Up-to-date: /home/stepan/ws_ros2/install/px4_msgs/include/px4_msgs/px4_msgs/msg/detail/qshell_retval__rosidl_typesupport_introspection_c.h
[6.959s] -- Up-to-date: /home/stepan/ws_ros2/install/px4_msgs/include/px4_msgs/px4_msgs/msg/detail/estimator_innovations__rosidl_typesupport_introspection_c.h
[6.959s] -- Up-to-date: /home/stepan/ws_ros2/install/px4_msgs/include/px4_msgs/px4_msgs/msg/detail/parameter_set_value_response__type_support.c
[6.959s] -- Up-to-date: /home/stepan/ws_ros2/install/px4_msgs/include/px4_msgs/px4_msgs/msg/detail/estimator_gps_status__rosidl_typesupport_introspection_c.h
[6.959s] -- Up-to-date: /home/stepan/ws_ros2/install/px4_msgs/include/px4_msgs/px4_msgs/msg/detail/gpio_in__type_support.c
[6.959s] -- Up-to-date: /home/stepan/ws_ros2/install/px4_msgs/include/px4_msgs/px4_msgs/msg/detail/wind__rosidl_typesupport_introspection_c.h
[6.960s] -- Up-to-date: /home/stepan/ws_ros2/install/px4_msgs/include/px4_msgs/px4_msgs/msg/detail/estimator_bias__rosidl_typesupport_introspection_c.h
[6.960s] -- Up-to-date: /home/stepan/ws_ros2/install/px4_msgs/include/px4_msgs/px4_msgs/msg/detail/takeoff_status__rosidl_typesupport_introspection_c.h
[6.960s] -- Up-to-date: /home/stepan/ws_ros2/install/px4_msgs/include/px4_msgs/px4_msgs/msg/detail/follow_target_estimator__type_support.c
[6.960s] -- Up-to-date: /home/stepan/ws_ros2/install/px4_msgs/include/px4_msgs/px4_msgs/msg/detail/manual_control_switches__rosidl_typesupport_introspection_c.h
[6.960s] -- Up-to-date: /home/stepan/ws_ros2/install/px4_msgs/include/px4_msgs/px4_msgs/msg/detail/orb_test_medium__rosidl_typesupport_introspection_c.h
[6.960s] -- Up-to-date: /home/stepan/ws_ros2/install/px4_msgs/include/px4_msgs/px4_msgs/msg/detail/launch_detection_status__rosidl_typesupport_introspection_c.h
[6.960s] -- Up-to-date: /home/stepan/ws_ros2/install/px4_msgs/include/px4_msgs/px4_msgs/msg/detail/estimator_aid_source3d__rosidl_typesupport_introspection_c.h
[6.961s] -- Up-to-date: /home/stepan/ws_ros2/install/px4_msgs/include/px4_msgs/px4_msgs/msg/detail/open_drone_id_system__rosidl_typesupport_introspection_c.h
[6.961s] -- Up-to-date: /home/stepan/ws_ros2/install/px4_msgs/include/px4_msgs/px4_msgs/msg/detail/rover_attitude_setpoint__type_support.c
[6.961s] -- Up-to-date: /home/stepan/ws_ros2/install/px4_msgs/include/px4_msgs/px4_msgs/msg/detail/event__type_support.c
[6.962s] -- Up-to-date: /home/stepan/ws_ros2/install/px4_msgs/include/px4_msgs/px4_msgs/msg/detail/sensor_selection__rosidl_typesupport_introspection_c.h
[6.963s] -- Up-to-date: /home/stepan/ws_ros2/install/px4_msgs/include/px4_msgs/px4_msgs/msg/detail/trajectory_setpoint6dof__type_support.c
[6.963s] -- Up-to-date: /home/stepan/ws_ros2/install/px4_msgs/include/px4_msgs/px4_msgs/msg/detail/internal_combustion_engine_control__type_support.c
[6.964s] -- Up-to-date: /home/stepan/ws_ros2/install/px4_msgs/include/px4_msgs/px4_msgs/msg/detail/esc_report__type_support.c
[6.965s] -- Up-to-date: /home/stepan/ws_ros2/install/px4_msgs/include/px4_msgs/px4_msgs/msg/detail/debug_value__rosidl_typesupport_introspection_c.h
[6.965s] -- Up-to-date: /home/stepan/ws_ros2/install/px4_msgs/include/px4_msgs/px4_msgs/msg/detail/estimator_aid_source1d__type_support.c
[6.966s] -- Up-to-date: /home/stepan/ws_ros2/install/px4_msgs/include/px4_msgs/px4_msgs/msg/detail/sensor_gyro_fifo__type_support.c
[6.967s] -- Up-to-date: /home/stepan/ws_ros2/install/px4_msgs/include/px4_msgs/px4_msgs/msg/detail/heater_status__type_support.c
[6.967s] -- Up-to-date: /home/stepan/ws_ros2/install/px4_msgs/include/px4_msgs/px4_msgs/msg/detail/sensors_status_imu__rosidl_typesupport_introspection_c.h
[6.968s] -- Up-to-date: /home/stepan/ws_ros2/install/px4_msgs/include/px4_msgs/px4_msgs/msg/detail/vehicle_local_position__type_support.c
[6.969s] -- Up-to-date: /home/stepan/ws_ros2/install/px4_msgs/include/px4_msgs/px4_msgs/msg/detail/sensors_status__rosidl_typesupport_introspection_c.h
[6.969s] -- Up-to-date: /home/stepan/ws_ros2/install/px4_msgs/include/px4_msgs/px4_msgs/msg/detail/goto_setpoint__type_support.c
[6.970s] -- Up-to-date: /home/stepan/ws_ros2/install/px4_msgs/include/px4_msgs/px4_msgs/msg/detail/gpio_config__type_support.c
[6.971s] -- Up-to-date: /home/stepan/ws_ros2/install/px4_msgs/include/px4_msgs/px4_msgs/msg/detail/pwm_input__type_support.c
[6.972s] -- Up-to-date: /home/stepan/ws_ros2/install/px4_msgs/include/px4_msgs/px4_msgs/msg/detail/parameter_reset_request__type_support.c
[6.972s] -- Up-to-date: /home/stepan/ws_ros2/install/px4_msgs/include/px4_msgs/px4_msgs/msg/detail/differential_pressure__rosidl_typesupport_introspection_c.h
[6.972s] -- Up-to-date: /home/stepan/ws_ros2/install/px4_msgs/include/px4_msgs/px4_msgs/msg/detail/vehicle_optical_flow_vel__type_support.c
[6.972s] -- Up-to-date: /home/stepan/ws_ros2/install/px4_msgs/include/px4_msgs/px4_msgs/msg/detail/ackermann_velocity_setpoint__type_support.c
[6.973s] -- Up-to-date: /home/stepan/ws_ros2/install/px4_msgs/include/px4_msgs/px4_msgs/msg/detail/actuator_servos_trim__type_support.c
[6.974s] -- Up-to-date: /home/stepan/ws_ros2/install/px4_msgs/include/px4_msgs/px4_msgs/msg/detail/sensors_status_imu__type_support.c
[6.974s] -- Up-to-date: /home/stepan/ws_ros2/install/px4_msgs/include/px4_msgs/px4_msgs/msg/detail/vehicle_optical_flow_vel__rosidl_typesupport_introspection_c.h
[6.975s] -- Up-to-date: /home/stepan/ws_ros2/install/px4_msgs/include/px4_msgs/px4_msgs/msg/detail/vehicle_attitude_setpoint__rosidl_typesupport_introspection_c.h
[6.976s] -- Up-to-date: /home/stepan/ws_ros2/install/px4_msgs/include/px4_msgs/px4_msgs/msg/detail/satellite_info__rosidl_typesupport_introspection_c.h
[6.976s] -- Up-to-date: /home/stepan/ws_ros2/install/px4_msgs/include/px4_msgs/px4_msgs/msg/detail/heater_status__rosidl_typesupport_introspection_c.h
[6.976s] -- Up-to-date: /home/stepan/ws_ros2/install/px4_msgs/include/px4_msgs/px4_msgs/msg/detail/position_controller_status__rosidl_typesupport_introspection_c.h
[6.977s] -- Up-to-date: /home/stepan/ws_ros2/install/px4_msgs/include/px4_msgs/px4_msgs/msg/detail/sensor_accel__rosidl_typesupport_introspection_c.h
[6.977s] -- Up-to-date: /home/stepan/ws_ros2/install/px4_msgs/include/px4_msgs/px4_msgs/msg/detail/figure_eight_status__type_support.c
[6.977s] -- Up-to-date: /home/stepan/ws_ros2/install/px4_msgs/include/px4_msgs/px4_msgs/msg/detail/hover_thrust_estimate__rosidl_typesupport_introspection_c.h
[6.978s] -- Up-to-date: /home/stepan/ws_ros2/install/px4_msgs/include/px4_msgs/px4_msgs/msg/detail/camera_trigger__type_support.c
[6.979s] -- Up-to-date: /home/stepan/ws_ros2/install/px4_msgs/include/px4_msgs/px4_msgs/msg/detail/mode_completed__rosidl_typesupport_introspection_c.h
[6.980s] -- Up-to-date: /home/stepan/ws_ros2/install/px4_msgs/include/px4_msgs/px4_msgs/msg/detail/vehicle_torque_setpoint__rosidl_typesupport_introspection_c.h
[6.981s] -- Up-to-date: /home/stepan/ws_ros2/install/px4_msgs/include/px4_msgs/px4_msgs/msg/detail/sensor_hygrometer__type_support.c
[6.982s] -- Up-to-date: /home/stepan/ws_ros2/install/px4_msgs/include/px4_msgs/px4_msgs/msg/detail/iridiumsbd_status__rosidl_typesupport_introspection_c.h
[6.982s] -- Up-to-date: /home/stepan/ws_ros2/install/px4_msgs/include/px4_msgs/px4_msgs/msg/detail/vehicle_thrust_setpoint__rosidl_typesupport_introspection_c.h
[6.983s] -- Up-to-date: /home/stepan/ws_ros2/install/px4_msgs/include/px4_msgs/px4_msgs/msg/detail/rover_velocity_status__rosidl_typesupport_introspection_c.h
[6.983s] -- Up-to-date: /home/stepan/ws_ros2/install/px4_msgs/include/px4_msgs/px4_msgs/msg/detail/event__rosidl_typesupport_introspection_c.h
[6.984s] -- Up-to-date: /home/stepan/ws_ros2/install/px4_msgs/include/px4_msgs/px4_msgs/msg/detail/tecs_status__rosidl_typesupport_introspection_c.h
[6.985s] -- Up-to-date: /home/stepan/ws_ros2/install/px4_msgs/include/px4_msgs/px4_msgs/msg/detail/gps_inject_data__type_support.c
[6.986s] -- Up-to-date: /home/stepan/ws_ros2/install/px4_msgs/include/px4_msgs/px4_msgs/msg/detail/wheel_encoders__rosidl_typesupport_introspection_c.h
[6.986s] -- Up-to-date: /home/stepan/ws_ros2/install/px4_msgs/include/px4_msgs/px4_msgs/msg/detail/normalized_unsigned_setpoint__rosidl_typesupport_introspection_c.h
[6.987s] -- Up-to-date: /home/stepan/ws_ros2/install/px4_msgs/include/px4_msgs/px4_msgs/msg/detail/config_overrides__type_support.c
[6.987s] -- Up-to-date: /home/stepan/ws_ros2/install/px4_msgs/include/px4_msgs/px4_msgs/msg/detail/irlock_report__rosidl_typesupport_introspection_c.h
[6.989s] -- Up-to-date: /home/stepan/ws_ros2/install/px4_msgs/include/px4_msgs/px4_msgs/msg/detail/gimbal_manager_status__type_support.c
[6.990s] -- Up-to-date: /home/stepan/ws_ros2/install/px4_msgs/include/px4_msgs/px4_msgs/msg/detail/position_controller_status__type_support.c
[6.991s] -- Up-to-date: /home/stepan/ws_ros2/install/px4_msgs/include/px4_msgs/px4_msgs/msg/detail/vehicle_air_data__type_support.c
[6.991s] -- Up-to-date: /home/stepan/ws_ros2/install/px4_msgs/include/px4_msgs/px4_msgs/msg/detail/airspeed_validated__type_support.c
[6.991s] -- Up-to-date: /home/stepan/ws_ros2/install/px4_msgs/include/px4_msgs/px4_msgs/msg/detail/action_request__type_support.c
[6.991s] -- Up-to-date: /home/stepan/ws_ros2/install/px4_msgs/include/px4_msgs/px4_msgs/msg/detail/open_drone_id_self_id__type_support.c
[6.992s] -- Up-to-date: /home/stepan/ws_ros2/install/px4_msgs/include/px4_msgs/px4_msgs/msg/detail/gimbal_device_attitude_status__rosidl_typesupport_introspection_c.h
[6.992s] -- Up-to-date: /home/stepan/ws_ros2/install/px4_msgs/include/px4_msgs/px4_msgs/msg/detail/rate_ctrl_status__type_support.c
[6.992s] -- Up-to-date: /home/stepan/ws_ros2/install/px4_msgs/include/px4_msgs/px4_msgs/msg/detail/landing_gear__rosidl_typesupport_introspection_c.h
[6.992s] -- Up-to-date: /home/stepan/ws_ros2/install/px4_msgs/include/px4_msgs/px4_msgs/msg/detail/landing_gear_wheel__rosidl_typesupport_introspection_c.h
[6.992s] -- Up-to-date: /home/stepan/ws_ros2/install/px4_msgs/include/px4_msgs/px4_msgs/msg/detail/flight_phase_estimation__rosidl_typesupport_introspection_c.h
[6.993s] -- Up-to-date: /home/stepan/ws_ros2/install/px4_msgs/include/px4_msgs/px4_msgs/msg/detail/rtl_time_estimate__rosidl_typesupport_introspection_c.h
[6.993s] -- Up-to-date: /home/stepan/ws_ros2/install/px4_msgs/include/px4_msgs/px4_msgs/msg/detail/vehicle_attitude__type_support.c
[6.993s] -- Up-to-date: /home/stepan/ws_ros2/install/px4_msgs/include/px4_msgs/px4_msgs/msg/detail/qshell_req__rosidl_typesupport_introspection_c.h
[6.993s] -- Up-to-date: /home/stepan/ws_ros2/install/px4_msgs/include/px4_msgs/px4_msgs/msg/detail/logger_status__rosidl_typesupport_introspection_c.h
[6.993s] -- Up-to-date: /home/stepan/ws_ros2/install/px4_msgs/include/px4_msgs/px4_msgs/msg/detail/geofence_result__type_support.c
[6.994s] -- Up-to-date: /home/stepan/ws_ros2/install/px4_msgs/include/px4_msgs/px4_msgs/msg/detail/vehicle_imu_status__rosidl_typesupport_introspection_c.h
[6.994s] -- Up-to-date: /home/stepan/ws_ros2/install/px4_msgs/include/px4_msgs/px4_msgs/msg/detail/tiltrotor_extra_controls__type_support.c
[6.994s] -- Up-to-date: /home/stepan/ws_ros2/install/px4_msgs/include/px4_msgs/px4_msgs/msg/detail/geofence_result__rosidl_typesupport_introspection_c.h
[6.994s] -- Up-to-date: /home/stepan/ws_ros2/install/px4_msgs/include/px4_msgs/px4_msgs/msg/detail/landing_target_innovations__rosidl_typesupport_introspection_c.h
[6.995s] -- Up-to-date: /home/stepan/ws_ros2/install/px4_msgs/include/px4_msgs/px4_msgs/msg/detail/estimator_status_flags__type_support.c
[6.995s] -- Up-to-date: /home/stepan/ws_ros2/install/px4_msgs/include/px4_msgs/px4_msgs/msg/detail/sensor_gnss_relative__type_support.c
[6.996s] -- Up-to-date: /home/stepan/ws_ros2/install/px4_msgs/include/px4_msgs/px4_msgs/msg/detail/iridiumsbd_status__type_support.c
[6.997s] -- Up-to-date: /home/stepan/ws_ros2/install/px4_msgs/include/px4_msgs/px4_msgs/msg/detail/ping__type_support.c
[6.998s] -- Up-to-date: /home/stepan/ws_ros2/install/px4_msgs/include/px4_msgs/px4_msgs/msg/detail/rover_rate_status__rosidl_typesupport_introspection_c.h
[6.999s] -- Up-to-date: /home/stepan/ws_ros2/install/px4_msgs/include/px4_msgs/px4_msgs/msg/detail/airspeed_validated__rosidl_typesupport_introspection_c.h
[7.000s] -- Up-to-date: /home/stepan/ws_ros2/install/px4_msgs/include/px4_msgs/px4_msgs/msg/detail/yaw_estimator_status__type_support.c
[7.000s] -- Up-to-date: /home/stepan/ws_ros2/install/px4_msgs/include/px4_msgs/px4_msgs/msg/detail/system_power__rosidl_typesupport_introspection_c.h
[7.001s] -- Up-to-date: /home/stepan/ws_ros2/install/px4_msgs/include/px4_msgs/px4_msgs/msg/detail/logger_status__type_support.c
[7.002s] -- Up-to-date: /home/stepan/ws_ros2/install/px4_msgs/include/px4_msgs/px4_msgs/msg/detail/rover_rate_setpoint__rosidl_typesupport_introspection_c.h
[7.002s] -- Up-to-date: /home/stepan/ws_ros2/install/px4_msgs/include/px4_msgs/px4_msgs/msg/detail/sensor_airflow__rosidl_typesupport_introspection_c.h
[7.002s] -- Up-to-date: /home/stepan/ws_ros2/install/px4_msgs/include/px4_msgs/px4_msgs/msg/detail/transponder_report__rosidl_typesupport_introspection_c.h
[7.003s] -- Up-to-date: /home/stepan/ws_ros2/install/px4_msgs/include/px4_msgs/px4_msgs/msg/detail/estimator_event_flags__rosidl_typesupport_introspection_c.h
[7.004s] -- Up-to-date: /home/stepan/ws_ros2/install/px4_msgs/include/px4_msgs/px4_msgs/msg/detail/px4io_status__type_support.c
[7.004s] -- Up-to-date: /home/stepan/ws_ros2/install/px4_msgs/include/px4_msgs/px4_msgs/msg/detail/power_button_state__rosidl_typesupport_introspection_c.h
[7.005s] -- Up-to-date: /home/stepan/ws_ros2/install/px4_msgs/include/px4_msgs/px4_msgs/msg/detail/gimbal_controls__rosidl_typesupport_introspection_c.h
[7.005s] -- Up-to-date: /home/stepan/ws_ros2/install/px4_msgs/include/px4_msgs/px4_msgs/msg/detail/health_report__rosidl_typesupport_introspection_c.h
[7.005s] -- Up-to-date: /home/stepan/ws_ros2/install/px4_msgs/include/px4_msgs/px4_msgs/msg/detail/internal_combustion_engine_control__rosidl_typesupport_introspection_c.h
[7.006s] -- Up-to-date: /home/stepan/ws_ros2/install/px4_msgs/include/px4_msgs/px4_msgs/msg/detail/qshell_retval__type_support.c
[7.006s] -- Up-to-date: /home/stepan/ws_ros2/install/px4_msgs/include/px4_msgs/px4_msgs/msg/detail/mission__rosidl_typesupport_introspection_c.h
[7.006s] -- Up-to-date: /home/stepan/ws_ros2/install/px4_msgs/include/px4_msgs/px4_msgs/msg/detail/estimator_event_flags__type_support.c
[7.007s] -- Up-to-date: /home/stepan/ws_ros2/install/px4_msgs/include/px4_msgs/px4_msgs/msg/detail/debug_key_value__type_support.c
[7.007s] -- Up-to-date: /home/stepan/ws_ros2/install/px4_msgs/include/px4_msgs/px4_msgs/msg/detail/open_drone_id_arm_status__rosidl_typesupport_introspection_c.h
[7.007s] -- Up-to-date: /home/stepan/ws_ros2/install/px4_msgs/include/px4_msgs/px4_msgs/msg/detail/mag_worker_data__rosidl_typesupport_introspection_c.h
[7.007s] -- Up-to-date: /home/stepan/ws_ros2/install/px4_msgs/include/px4_msgs/px4_msgs/msg/detail/estimator_status__rosidl_typesupport_introspection_c.h
[7.007s] -- Up-to-date: /home/stepan/ws_ros2/install/px4_msgs/include/px4_msgs/px4_msgs/msg/detail/failsafe_flags__type_support.c
[7.008s] -- Up-to-date: /home/stepan/ws_ros2/install/px4_msgs/include/px4_msgs/px4_msgs/msg/detail/sensors_status__type_support.c
[7.008s] -- Up-to-date: /home/stepan/ws_ros2/install/px4_msgs/include/px4_msgs/px4_msgs/msg/detail/rc_parameter_map__type_support.c
[7.008s] -- Up-to-date: /home/stepan/ws_ros2/install/px4_msgs/include/px4_msgs/px4_msgs/msg/detail/velocity_limits__type_support.c
[7.008s] -- Up-to-date: /home/stepan/ws_ros2/install/px4_msgs/include/px4_msgs/px4_msgs/msg/detail/px4io_status__rosidl_typesupport_introspection_c.h
[7.009s] -- Up-to-date: /home/stepan/ws_ros2/install/px4_msgs/include/px4_msgs/px4_msgs/msg/detail/geofence_status__type_support.c
[7.009s] -- Up-to-date: /home/stepan/ws_ros2/install/px4_msgs/include/px4_msgs/px4_msgs/msg/detail/ackermann_velocity_setpoint__rosidl_typesupport_introspection_c.h
[7.009s] -- Up-to-date: /home/stepan/ws_ros2/install/px4_msgs/include/px4_msgs/px4_msgs/msg/detail/parameter_set_value_request__rosidl_typesupport_introspection_c.h
[7.009s] -- Up-to-date: /home/stepan/ws_ros2/install/px4_msgs/include/px4_msgs/px4_msgs/msg/detail/gimbal_manager_set_attitude__rosidl_typesupport_introspection_c.h
[7.009s] -- Up-to-date: /home/stepan/ws_ros2/install/px4_msgs/include/px4_msgs/px4_msgs/msg/detail/sensor_gyro_fft__type_support.c
[7.009s] -- Up-to-date: /home/stepan/ws_ros2/install/px4_msgs/include/px4_msgs/px4_msgs/msg/detail/gpio_out__type_support.c
[7.010s] -- Up-to-date: /home/stepan/ws_ros2/install/px4_msgs/include/px4_msgs/px4_msgs/msg/detail/vtol_vehicle_status__type_support.c
[7.010s] -- Up-to-date: /home/stepan/ws_ros2/install/px4_msgs/include/px4_msgs/px4_msgs/msg/detail/sensor_hygrometer__rosidl_typesupport_introspection_c.h
[7.010s] -- Up-to-date: /home/stepan/ws_ros2/install/px4_msgs/include/px4_msgs/px4_msgs/msg/detail/navigator_mission_item__type_support.c
[7.010s] -- Up-to-date: /home/stepan/ws_ros2/install/px4_msgs/include/px4_msgs/px4_msgs/msg/detail/sensor_preflight_mag__rosidl_typesupport_introspection_c.h
[7.010s] -- Up-to-date: /home/stepan/ws_ros2/install/px4_msgs/include/px4_msgs/px4_msgs/msg/detail/flight_phase_estimation__type_support.c
[7.011s] -- Up-to-date: /home/stepan/ws_ros2/install/px4_msgs/include/px4_msgs/px4_msgs/msg/detail/open_drone_id_operator_id__type_support.c
[7.012s] -- Up-to-date: /home/stepan/ws_ros2/install/px4_msgs/include/px4_msgs/px4_msgs/msg/detail/vehicle_constraints__rosidl_typesupport_introspection_c.h
[7.013s] -- Up-to-date: /home/stepan/ws_ros2/install/px4_msgs/include/px4_msgs/px4_msgs/msg/detail/vehicle_roi__type_support.c
[7.013s] -- Up-to-date: /home/stepan/ws_ros2/install/px4_msgs/include/px4_msgs/px4_msgs/msg/detail/register_ext_component_request__rosidl_typesupport_introspection_c.h
[7.014s] -- Up-to-date: /home/stepan/ws_ros2/install/px4_msgs/include/px4_msgs/px4_msgs/msg/detail/collision_constraints__rosidl_typesupport_introspection_c.h
[7.015s] -- Up-to-date: /home/stepan/ws_ros2/install/px4_msgs/include/px4_msgs/px4_msgs/msg/detail/offboard_control_mode__type_support.c
[7.016s] -- Up-to-date: /home/stepan/ws_ros2/install/px4_msgs/include/px4_msgs/px4_msgs/msg/detail/system_power__type_support.c
[7.017s] -- Up-to-date: /home/stepan/ws_ros2/install/px4_msgs/include/px4_msgs/px4_msgs/msg/detail/distance_sensor__rosidl_typesupport_introspection_c.h
[7.017s] -- Up-to-date: /home/stepan/ws_ros2/install/px4_msgs/include/px4_msgs/px4_msgs/msg/detail/sensor_mag__rosidl_typesupport_introspection_c.h
[7.018s] -- Up-to-date: /home/stepan/ws_ros2/install/px4_msgs/include/px4_msgs/px4_msgs/msg/detail/cpuload__type_support.c
[7.018s] -- Up-to-date: /home/stepan/ws_ros2/install/px4_msgs/include/px4_msgs/px4_msgs/msg/detail/sensor_gps__type_support.c
[7.018s] -- Up-to-date: /home/stepan/ws_ros2/install/px4_msgs/include/px4_msgs/px4_msgs/msg/detail/esc_status__rosidl_typesupport_introspection_c.h
[7.020s] -- Up-to-date: /home/stepan/ws_ros2/install/px4_msgs/include/px4_msgs/px4_msgs/msg/detail/vehicle_imu_status__type_support.c
[7.020s] -- Up-to-date: /home/stepan/ws_ros2/install/px4_msgs/include/px4_msgs/px4_msgs/msg/detail/estimator_gps_status__type_support.c
[7.020s] -- Up-to-date: /home/stepan/ws_ros2/install/px4_msgs/include/px4_msgs/px4_msgs/msg/detail/position_controller_landing_status__type_support.c
[7.020s] -- Up-to-date: /home/stepan/ws_ros2/install/px4_msgs/include/px4_msgs/px4_msgs/msg/detail/rpm__rosidl_typesupport_introspection_c.h
[7.021s] -- Up-to-date: /home/stepan/ws_ros2/install/px4_msgs/include/px4_msgs/px4_msgs/msg/detail/rover_steering_setpoint__type_support.c
[7.021s] -- Up-to-date: /home/stepan/ws_ros2/install/px4_msgs/include/px4_msgs/px4_msgs/msg/detail/cpuload__rosidl_typesupport_introspection_c.h
[7.021s] -- Up-to-date: /home/stepan/ws_ros2/install/px4_msgs/include/px4_msgs/px4_msgs/msg/detail/landing_target_innovations__type_support.c
[7.022s] -- Up-to-date: /home/stepan/ws_ros2/install/px4_msgs/include/px4_msgs/px4_msgs/msg/detail/vehicle_angular_velocity__type_support.c
[7.023s] -- Up-to-date: /home/stepan/ws_ros2/install/px4_msgs/include/px4_msgs/px4_msgs/msg/detail/telemetry_status__rosidl_typesupport_introspection_c.h
[7.023s] -- Up-to-date: /home/stepan/ws_ros2/install/px4_msgs/include/px4_msgs/px4_msgs/msg/detail/rover_rate_setpoint__type_support.c
[7.023s] -- Up-to-date: /home/stepan/ws_ros2/install/px4_msgs/include/px4_msgs/px4_msgs/msg/detail/input_rc__rosidl_typesupport_introspection_c.h
[7.023s] -- Up-to-date: /home/stepan/ws_ros2/install/px4_msgs/include/px4_msgs/px4_msgs/msg/detail/actuator_servos__type_support.c
[7.024s] -- Up-to-date: /home/stepan/ws_ros2/install/px4_msgs/include/px4_msgs/px4_msgs/msg/detail/landing_gear_wheel__type_support.c
[7.024s] -- Up-to-date: /home/stepan/ws_ros2/install/px4_msgs/include/px4_msgs/px4_msgs/msg/detail/estimator_selector_status__rosidl_typesupport_introspection_c.h
[7.024s] -- Up-to-date: /home/stepan/ws_ros2/install/px4_msgs/include/px4_msgs/px4_msgs/msg/detail/pps_capture__type_support.c
[7.024s] -- Up-to-date: /home/stepan/ws_ros2/install/px4_msgs/include/px4_msgs/px4_msgs/msg/detail/vehicle_angular_velocity__rosidl_typesupport_introspection_c.h
[7.024s] -- Up-to-date: /home/stepan/ws_ros2/install/px4_msgs/include/px4_msgs/px4_msgs/msg/detail/vehicle_global_position__type_support.c
[7.025s] -- Up-to-date: /home/stepan/ws_ros2/install/px4_msgs/include/px4_msgs/px4_msgs/msg/detail/sensor_gyro__rosidl_typesupport_introspection_c.h
[7.025s] -- Up-to-date: /home/stepan/ws_ros2/install/px4_msgs/include/px4_msgs/px4_msgs/msg/detail/orb_test__rosidl_typesupport_introspection_c.h
[7.025s] -- Up-to-date: /home/stepan/ws_ros2/install/px4_msgs/include/px4_msgs/px4_msgs/msg/detail/navigator_mission_item__rosidl_typesupport_introspection_c.h
[7.025s] -- Up-to-date: /home/stepan/ws_ros2/install/px4_msgs/include/px4_msgs/px4_msgs/msg/detail/uavcan_parameter_value__rosidl_typesupport_introspection_c.h
[7.025s] -- Up-to-date: /home/stepan/ws_ros2/install/px4_msgs/include/px4_msgs/px4_msgs/msg/detail/vehicle_thrust_setpoint__type_support.c
[7.026s] -- Up-to-date: /home/stepan/ws_ros2/install/px4_msgs/include/px4_msgs/px4_msgs/msg/detail/generator_status__type_support.c
[7.027s] -- Up-to-date: /home/stepan/ws_ros2/install/px4_msgs/include/px4_msgs/px4_msgs/msg/detail/sensor_gyro_fifo__rosidl_typesupport_introspection_c.h
[7.027s] -- Up-to-date: /home/stepan/ws_ros2/install/px4_msgs/include/px4_msgs/px4_msgs/msg/detail/unregister_ext_component__rosidl_typesupport_introspection_c.h
[7.029s] -- Up-to-date: /home/stepan/ws_ros2/install/px4_msgs/include/px4_msgs/px4_msgs/msg/detail/dataman_request__rosidl_typesupport_introspection_c.h
[7.030s] -- Up-to-date: /home/stepan/ws_ros2/install/px4_msgs/include/px4_msgs/px4_msgs/msg/detail/rover_attitude_status__type_support.c
[7.031s] -- Up-to-date: /home/stepan/ws_ros2/install/px4_msgs/include/px4_msgs/px4_msgs/msg/detail/actuator_armed__rosidl_typesupport_introspection_c.h
[7.031s] -- Up-to-date: /home/stepan/ws_ros2/install/px4_msgs/include/px4_msgs/px4_msgs/msg/detail/hover_thrust_estimate__type_support.c
[7.032s] -- Up-to-date: /home/stepan/ws_ros2/install/px4_msgs/include/px4_msgs/px4_msgs/msg/detail/message_format_request__type_support.c
[7.032s] -- Up-to-date: /home/stepan/ws_ros2/install/px4_msgs/include/px4_msgs/px4_msgs/msg/detail/action_request__rosidl_typesupport_introspection_c.h
[7.032s] -- Up-to-date: /home/stepan/ws_ros2/install/px4_msgs/include/px4_msgs/px4_msgs/msg/detail/task_stack_info__rosidl_typesupport_introspection_c.h
[7.033s] -- Up-to-date: /home/stepan/ws_ros2/install/px4_msgs/include/px4_msgs/px4_msgs/msg/detail/sensor_correction__type_support.c
[7.034s] -- Up-to-date: /home/stepan/ws_ros2/install/px4_msgs/include/px4_msgs/px4_msgs/msg/detail/vehicle_angular_acceleration_setpoint__rosidl_typesupport_introspection_c.h
[7.034s] -- Up-to-date: /home/stepan/ws_ros2/install/px4_msgs/include/px4_msgs/px4_msgs/msg/detail/radio_status__rosidl_typesupport_introspection_c.h
[7.034s] -- Up-to-date: /home/stepan/ws_ros2/install/px4_msgs/include/px4_msgs/px4_msgs/msg/detail/sensor_airflow__type_support.c
[7.035s] -- Up-to-date: /home/stepan/ws_ros2/install/px4_msgs/include/px4_msgs/px4_msgs/msg/detail/sensor_accel__type_support.c
[7.035s] -- Up-to-date: /home/stepan/ws_ros2/install/px4_msgs/include/px4_msgs/px4_msgs/msg/detail/debug_array__type_support.c
[7.035s] -- Up-to-date: /home/stepan/ws_ros2/install/px4_msgs/include/px4_msgs/px4_msgs/msg/detail/orb_test_large__type_support.c
[7.035s] -- Up-to-date: /home/stepan/ws_ros2/install/px4_msgs/include/px4_msgs/px4_msgs/msg/detail/vehicle_command_ack__rosidl_typesupport_introspection_c.h
[7.035s] -- Up-to-date: /home/stepan/ws_ros2/install/px4_msgs/include/px4_msgs/px4_msgs/msg/detail/mission_result__rosidl_typesupport_introspection_c.h
[7.035s] -- Up-to-date: /home/stepan/ws_ros2/install/px4_msgs/include/px4_msgs/px4_msgs/msg/detail/vehicle_status__rosidl_typesupport_introspection_c.h
[7.036s] -- Up-to-date: /home/stepan/ws_ros2/install/px4_msgs/include/px4_msgs/px4_msgs/msg/detail/actuator_controls_status__rosidl_typesupport_introspection_c.h
[7.036s] -- Up-to-date: /home/stepan/ws_ros2/install/px4_msgs/include/px4_msgs/px4_msgs/msg/detail/navigator_status__rosidl_typesupport_introspection_c.h
[7.036s] -- Up-to-date: /home/stepan/ws_ros2/install/px4_msgs/include/px4_msgs/px4_msgs/msg/detail/follow_target__rosidl_typesupport_introspection_c.h
[7.036s] -- Up-to-date: /home/stepan/ws_ros2/install/px4_msgs/include/px4_msgs/px4_msgs/msg/detail/parameter_set_used_request__rosidl_typesupport_introspection_c.h
[7.037s] -- Up-to-date: /home/stepan/ws_ros2/install/px4_msgs/include/px4_msgs/px4_msgs/msg/detail/manual_control_switches__type_support.c
[7.037s] -- Up-to-date: /home/stepan/ws_ros2/install/px4_msgs/include/px4_msgs/px4_msgs/msg/detail/open_drone_id_self_id__rosidl_typesupport_introspection_c.h
[7.037s] -- Up-to-date: /home/stepan/ws_ros2/install/px4_msgs/include/px4_msgs/px4_msgs/msg/detail/vehicle_imu__rosidl_typesupport_introspection_c.h
[7.037s] -- Up-to-date: /home/stepan/ws_ros2/install/px4_msgs/include/px4_msgs/px4_msgs/msg/detail/follow_target_status__rosidl_typesupport_introspection_c.h
[7.037s] -- Up-to-date: /home/stepan/ws_ros2/install/px4_msgs/include/px4_msgs/px4_msgs/msg/detail/led_control__rosidl_typesupport_introspection_c.h
[7.037s] -- Up-to-date: /home/stepan/ws_ros2/install/px4_msgs/include/px4_msgs/px4_msgs/msg/detail/gimbal_device_set_attitude__rosidl_typesupport_introspection_c.h
[7.038s] -- Up-to-date: /home/stepan/ws_ros2/install/px4_msgs/include/px4_msgs/px4_msgs/msg/detail/camera_trigger__rosidl_typesupport_introspection_c.h
[7.038s] -- Up-to-date: /home/stepan/ws_ros2/install/px4_msgs/include/px4_msgs/px4_msgs/msg/detail/orb_test_medium__type_support.c
[7.038s] -- Up-to-date: /home/stepan/ws_ros2/install/px4_msgs/include/px4_msgs/px4_msgs/msg/detail/rover_throttle_setpoint__rosidl_typesupport_introspection_c.h
[7.038s] -- Up-to-date: /home/stepan/ws_ros2/install/px4_msgs/include/px4_msgs/px4_msgs/msg/detail/vehicle_land_detected__type_support.c
[7.039s] -- Up-to-date: /home/stepan/ws_ros2/install/px4_msgs/include/px4_msgs/px4_msgs/msg/detail/landing_target_pose__rosidl_typesupport_introspection_c.h
[7.039s] -- Up-to-date: /home/stepan/ws_ros2/install/px4_msgs/include/px4_msgs/px4_msgs/msg/detail/parameter_set_value_request__type_support.c
[7.039s] -- Up-to-date: /home/stepan/ws_ros2/install/px4_msgs/include/px4_msgs/px4_msgs/msg/detail/sensor_gnss_relative__rosidl_typesupport_introspection_c.h
[7.039s] -- Up-to-date: /home/stepan/ws_ros2/install/px4_msgs/include/px4_msgs/px4_msgs/msg/detail/tune_control__rosidl_typesupport_introspection_c.h
[7.039s] -- Up-to-date: /home/stepan/ws_ros2/install/px4_msgs/include/px4_msgs/px4_msgs/msg/detail/actuator_motors__rosidl_typesupport_introspection_c.h
[7.039s] -- Up-to-date: /home/stepan/ws_ros2/install/px4_msgs/include/px4_msgs/px4_msgs/msg/detail/debug_array__rosidl_typesupport_introspection_c.h
[7.040s] -- Up-to-date: /home/stepan/ws_ros2/install/px4_msgs/include/px4_msgs/px4_msgs/msg/detail/geofence_status__rosidl_typesupport_introspection_c.h
[7.040s] -- Up-to-date: /home/stepan/ws_ros2/install/px4_msgs/include/px4_msgs/px4_msgs/msg/detail/actuator_motors__type_support.c
[7.041s] -- Up-to-date: /home/stepan/ws_ros2/install/px4_msgs/include/px4_msgs/px4_msgs/msg/detail/vehicle_imu__type_support.c
[7.042s] -- Up-to-date: /home/stepan/ws_ros2/install/px4_msgs/include/px4_msgs/px4_msgs/msg/detail/estimator_innovations__type_support.c
[7.042s] -- Up-to-date: /home/stepan/ws_ros2/install/px4_msgs/include/px4_msgs/px4_msgs/msg/detail/trajectory_setpoint__rosidl_typesupport_introspection_c.h
[7.042s] -- Up-to-date: /home/stepan/ws_ros2/install/px4_msgs/include/px4_msgs/px4_msgs/msg/detail/pps_capture__rosidl_typesupport_introspection_c.h
[7.043s] -- Up-to-date: /home/stepan/ws_ros2/install/px4_msgs/include/px4_msgs/px4_msgs/msg/detail/log_message__rosidl_typesupport_introspection_c.h
[7.044s] -- Up-to-date: /home/stepan/ws_ros2/install/px4_msgs/include/px4_msgs/px4_msgs/msg/detail/estimator_sensor_bias__rosidl_typesupport_introspection_c.h
[7.044s] -- Up-to-date: /home/stepan/ws_ros2/install/px4_msgs/include/px4_msgs/px4_msgs/msg/detail/trajectory_setpoint__type_support.c
[7.045s] -- Up-to-date: /home/stepan/ws_ros2/install/px4_msgs/include/px4_msgs/px4_msgs/msg/detail/position_setpoint_triplet__type_support.c
[7.046s] -- Up-to-date: /home/stepan/ws_ros2/install/px4_msgs/include/px4_msgs/px4_msgs/msg/detail/gimbal_manager_set_manual_control__rosidl_typesupport_introspection_c.h
[7.046s] -- Up-to-date: /home/stepan/ws_ros2/install/px4_msgs/include/px4_msgs/px4_msgs/msg/detail/actuator_armed__type_support.c
[7.047s] -- Up-to-date: /home/stepan/ws_ros2/install/px4_msgs/include/px4_msgs/px4_msgs/msg/detail/battery_status__type_support.c
[7.047s] -- Up-to-date: /home/stepan/ws_ros2/install/px4_msgs/include/px4_msgs/px4_msgs/msg/detail/airspeed__rosidl_typesupport_introspection_c.h
[7.047s] -- Up-to-date: /home/stepan/ws_ros2/install/px4_msgs/include/px4_msgs/px4_msgs/msg/detail/vehicle_magnetometer__rosidl_typesupport_introspection_c.h
[7.047s] -- Up-to-date: /home/stepan/ws_ros2/install/px4_msgs/include/px4_msgs/px4_msgs/msg/detail/rover_velocity_status__type_support.c
[7.047s] -- Up-to-date: /home/stepan/ws_ros2/install/px4_msgs/include/px4_msgs/px4_msgs/msg/detail/gimbal_device_attitude_status__type_support.c
[7.048s] -- Up-to-date: /home/stepan/ws_ros2/install/px4_msgs/include/px4_msgs/px4_msgs/msg/detail/vehicle_command__type_support.c
[7.048s] -- Up-to-date: /home/stepan/ws_ros2/install/px4_msgs/include/px4_msgs/px4_msgs/msg/detail/vehicle_air_data__rosidl_typesupport_introspection_c.h
[7.049s] -- Up-to-date: /home/stepan/ws_ros2/install/px4_msgs/include/px4_msgs/px4_msgs/msg/detail/npfg_status__type_support.c
[7.049s] -- Up-to-date: /home/stepan/ws_ros2/install/px4_msgs/include/px4_msgs/px4_msgs/msg/detail/unregister_ext_component__type_support.c
[7.049s] -- Up-to-date: /home/stepan/ws_ros2/install/px4_msgs/include/px4_msgs/px4_msgs/msg/detail/sensor_optical_flow__rosidl_typesupport_introspection_c.h
[7.050s] -- Up-to-date: /home/stepan/ws_ros2/install/px4_msgs/include/px4_msgs/px4_msgs/msg/detail/actuator_servos__rosidl_typesupport_introspection_c.h
[7.050s] -- Up-to-date: /home/stepan/ws_ros2/install/px4_msgs/include/px4_msgs/px4_msgs/msg/detail/wheel_encoders__type_support.c
[7.050s] -- Up-to-date: /home/stepan/ws_ros2/install/px4_msgs/include/px4_msgs/px4_msgs/msg/detail/vehicle_acceleration__rosidl_typesupport_introspection_c.h
[7.050s] -- Up-to-date: /home/stepan/ws_ros2/install/px4_msgs/include/px4_msgs/px4_msgs/msg/detail/gpio_request__rosidl_typesupport_introspection_c.h
[7.050s] -- Up-to-date: /home/stepan/ws_ros2/install/px4_msgs/include/px4_msgs/px4_msgs/msg/detail/control_allocator_status__type_support.c
[7.050s] -- Up-to-date: /home/stepan/ws_ros2/install/px4_msgs/include/px4_msgs/px4_msgs/msg/detail/obstacle_distance__type_support.c
[7.051s] -- Up-to-date: /home/stepan/ws_ros2/install/px4_msgs/include/px4_msgs/px4_msgs/msg/detail/mount_orientation__type_support.c
[7.051s] -- Up-to-date: /home/stepan/ws_ros2/install/px4_msgs/include/px4_msgs/px4_msgs/msg/detail/timesync_status__type_support.c
[7.051s] -- Up-to-date: /home/stepan/ws_ros2/install/px4_msgs/include/px4_msgs/px4_msgs/msg/detail/rtl_time_estimate__type_support.c
[7.051s] -- Up-to-date: /home/stepan/ws_ros2/install/px4_msgs/include/px4_msgs/px4_msgs/msg/detail/dataman_request__type_support.c
[7.051s] -- Up-to-date: /home/stepan/ws_ros2/install/px4_msgs/include/px4_msgs/px4_msgs/msg/detail/gimbal_manager_set_manual_control__type_support.c
[7.051s] -- Up-to-date: /home/stepan/ws_ros2/install/px4_msgs/include/px4_msgs/px4_msgs/msg/detail/camera_status__type_support.c
[7.052s] -- Up-to-date: /home/stepan/ws_ros2/install/px4_msgs/include/px4_msgs/px4_msgs/msg/detail/uavcan_parameter_request__rosidl_typesupport_introspection_c.h
[7.052s] -- Up-to-date: /home/stepan/ws_ros2/install/px4_msgs/include/px4_msgs/px4_msgs/msg/detail/orbit_status__type_support.c
[7.052s] -- Up-to-date: /home/stepan/ws_ros2/install/px4_msgs/include/px4_msgs/px4_msgs/msg/detail/differential_pressure__type_support.c
[7.052s] -- Up-to-date: /home/stepan/ws_ros2/install/px4_msgs/include/px4_msgs/px4_msgs/msg/detail/distance_sensor_mode_change_request__type_support.c
[7.052s] -- Up-to-date: /home/stepan/ws_ros2/install/px4_msgs/include/px4_msgs/px4_msgs/msg/detail/orb_test__type_support.c
[7.052s] -- Up-to-date: /home/stepan/ws_ros2/install/px4_msgs/include/px4_msgs/px4_msgs/msg/detail/ekf2_timestamps__rosidl_typesupport_introspection_c.h
[7.052s] -- Up-to-date: /home/stepan/ws_ros2/install/px4_msgs/include/px4_msgs/px4_msgs/msg/detail/mount_orientation__rosidl_typesupport_introspection_c.h
[7.053s] -- Up-to-date: /home/stepan/ws_ros2/install/px4_msgs/include/px4_msgs/px4_msgs/msg/detail/obstacle_distance__rosidl_typesupport_introspection_c.h
[7.053s] -- Up-to-date: /home/stepan/ws_ros2/install/px4_msgs/include/px4_msgs/px4_msgs/msg/detail/mag_worker_data__type_support.c
[7.053s] -- Up-to-date: /home/stepan/ws_ros2/install/px4_msgs/include/px4_msgs/px4_msgs/msg/detail/airspeed_wind__rosidl_typesupport_introspection_c.h
[7.053s] -- Up-to-date: /home/stepan/ws_ros2/install/px4_msgs/include/px4_msgs/px4_msgs/msg/detail/arming_check_reply__type_support.c
[7.053s] -- Up-to-date: /home/stepan/ws_ros2/install/px4_msgs/include/px4_msgs/px4_msgs/msg/detail/velocity_limits__rosidl_typesupport_introspection_c.h
[7.053s] -- Up-to-date: /home/stepan/ws_ros2/install/px4_msgs/include/px4_msgs/px4_msgs/msg/detail/autotune_attitude_control_status__type_support.c
[7.053s] -- Up-to-date: /home/stepan/ws_ros2/install/px4_msgs/include/px4_msgs/px4_msgs/msg/detail/rover_steering_setpoint__rosidl_typesupport_introspection_c.h
[7.053s] -- Up-to-date: /home/stepan/ws_ros2/install/px4_msgs/include/px4_msgs/px4_msgs/msg/detail/sensor_optical_flow__type_support.c
[7.054s] -- Up-to-date: /home/stepan/ws_ros2/install/px4_msgs/include/px4_msgs/px4_msgs/msg/detail/uavcan_parameter_request__type_support.c
[7.054s] -- Up-to-date: /home/stepan/ws_ros2/install/px4_msgs/include/px4_msgs/px4_msgs/msg/detail/led_control__type_support.c
[7.054s] -- Up-to-date: /home/stepan/ws_ros2/install/px4_msgs/include/px4_msgs/px4_msgs/msg/detail/parameter_update__type_support.c
[7.054s] -- Up-to-date: /home/stepan/ws_ros2/install/px4_msgs/include/px4_msgs/px4_msgs/msg/detail/vehicle_control_mode__type_support.c
[7.055s] -- Up-to-date: /home/stepan/ws_ros2/install/px4_msgs/include/px4_msgs/px4_msgs/msg/detail/message_format_response__rosidl_typesupport_introspection_c.h
[7.055s] -- Up-to-date: /home/stepan/ws_ros2/install/px4_msgs/include/px4_msgs/px4_msgs/msg/detail/ulog_stream__rosidl_typesupport_introspection_c.h
[7.055s] -- Up-to-date: /home/stepan/ws_ros2/install/px4_msgs/include/px4_msgs/px4_msgs/msg/detail/internal_combustion_engine_status__rosidl_typesupport_introspection_c.h
[7.055s] -- Up-to-date: /home/stepan/ws_ros2/install/px4_msgs/include/px4_msgs/px4_msgs/msg/detail/ekf2_timestamps__type_support.c
[7.055s] -- Up-to-date: /home/stepan/ws_ros2/install/px4_msgs/include/px4_msgs/px4_msgs/msg/detail/config_overrides__rosidl_typesupport_introspection_c.h
[7.055s] -- Up-to-date: /home/stepan/ws_ros2/install/px4_msgs/include/px4_msgs/px4_msgs/msg/detail/vehicle_angular_acceleration_setpoint__type_support.c
[7.055s] -- Up-to-date: /home/stepan/ws_ros2/install/px4_msgs/include/px4_msgs/px4_msgs/msg/detail/adc_report__type_support.c
[7.057s] -- Up-to-date: /home/stepan/ws_ros2/install/px4_msgs/include/px4_msgs/px4_msgs/msg/detail/arming_check_reply__rosidl_typesupport_introspection_c.h
[7.059s] -- Up-to-date: /home/stepan/ws_ros2/install/px4_msgs/include/px4_msgs/px4_msgs/msg/detail/manual_control_setpoint__rosidl_typesupport_introspection_c.h
[7.061s] -- Up-to-date: /home/stepan/ws_ros2/install/px4_msgs/include/px4_msgs/px4_msgs/msg/detail/vehicle_local_position_setpoint__rosidl_typesupport_introspection_c.h
[7.063s] -- Up-to-date: /home/stepan/ws_ros2/install/px4_msgs/include/px4_msgs/px4_msgs/msg/detail/gpio_out__rosidl_typesupport_introspection_c.h
[7.063s] -- Up-to-date: /home/stepan/ws_ros2/install/px4_msgs/include/px4_msgs/px4_msgs/msg/detail/takeoff_status__type_support.c
[7.063s] -- Up-to-date: /home/stepan/ws_ros2/install/px4_msgs/include/px4_msgs/px4_msgs/msg/detail/failsafe_flags__rosidl_typesupport_introspection_c.h
[7.064s] -- Up-to-date: /home/stepan/ws_ros2/install/px4_msgs/include/px4_msgs/px4_msgs/msg/detail/actuator_controls_status__type_support.c
[7.065s] -- Up-to-date: /home/stepan/ws_ros2/install/px4_msgs/include/px4_msgs/px4_msgs/msg/detail/arming_check_request__rosidl_typesupport_introspection_c.h
[7.065s] -- Up-to-date: /home/stepan/ws_ros2/install/px4_msgs/include/px4_msgs/px4_msgs/msg/detail/distance_sensor_mode_change_request__rosidl_typesupport_introspection_c.h
[7.066s] -- Up-to-date: /home/stepan/ws_ros2/install/px4_msgs/include/px4_msgs/px4_msgs/msg/detail/manual_control_setpoint__type_support.c
[7.066s] -- Up-to-date: /home/stepan/ws_ros2/install/px4_msgs/include/px4_msgs/px4_msgs/msg/detail/gps_dump__type_support.c
[7.066s] -- Up-to-date: /home/stepan/ws_ros2/install/px4_msgs/include/px4_msgs/px4_msgs/msg/detail/fuel_tank_status__type_support.c
[7.066s] -- Up-to-date: /home/stepan/ws_ros2/install/px4_msgs/include/px4_msgs/px4_msgs/msg/detail/airspeed__type_support.c
[7.066s] -- Up-to-date: /home/stepan/ws_ros2/install/px4_msgs/include/px4_msgs/px4_msgs/msg/detail/estimator_states__type_support.c
[7.066s] -- Up-to-date: /home/stepan/ws_ros2/install/px4_msgs/include/px4_msgs/px4_msgs/msg/detail/vehicle_land_detected__rosidl_typesupport_introspection_c.h
[7.067s] -- Up-to-date: /home/stepan/ws_ros2/install/px4_msgs/include/px4_msgs/px4_msgs/msg/detail/trajectory_setpoint6dof__rosidl_typesupport_introspection_c.h
[7.067s] -- Up-to-date: /home/stepan/ws_ros2/install/px4_msgs/include/px4_msgs/px4_msgs/msg/detail/open_drone_id_arm_status__type_support.c
[7.067s] -- Up-to-date: /home/stepan/ws_ros2/install/px4_msgs/include/px4_msgs/px4_msgs/msg/detail/estimator_aid_source3d__type_support.c
[7.067s] -- Up-to-date: /home/stepan/ws_ros2/install/px4_msgs/include/px4_msgs/px4_msgs/msg/detail/satellite_info__type_support.c
[7.068s] -- Up-to-date: /home/stepan/ws_ros2/install/px4_msgs/include/px4_msgs/px4_msgs/msg/detail/mavlink_log__rosidl_typesupport_introspection_c.h
[7.069s] -- Up-to-date: /home/stepan/ws_ros2/install/px4_msgs/include/px4_msgs/px4_msgs/msg/detail/power_button_state__type_support.c
[7.069s] -- Up-to-date: /home/stepan/ws_ros2/install/px4_msgs/include/px4_msgs/px4_msgs/msg/detail/follow_target_status__type_support.c
[7.070s] -- Up-to-date: /home/stepan/ws_ros2/install/px4_msgs/include/px4_msgs/px4_msgs/msg/detail/estimator_bias__type_support.c
[7.071s] -- Up-to-date: /home/stepan/ws_ros2/install/px4_msgs/include/px4_msgs/px4_msgs/msg/detail/sensor_accel_fifo__rosidl_typesupport_introspection_c.h
[7.071s] -- Up-to-date: /home/stepan/ws_ros2/install/px4_msgs/include/px4_msgs/px4_msgs/msg/detail/control_allocator_status__rosidl_typesupport_introspection_c.h
[7.072s] -- Up-to-date: /home/stepan/ws_ros2/install/px4_msgs/include/px4_msgs/px4_msgs/msg/detail/sensor_selection__type_support.c
[7.072s] -- Up-to-date: /home/stepan/ws_ros2/install/px4_msgs/include/px4_msgs/px4_msgs/msg/detail/normalized_unsigned_setpoint__type_support.c
[7.072s] -- Up-to-date: /home/stepan/ws_ros2/install/px4_msgs/include/px4_msgs/px4_msgs/msg/detail/pwm_input__rosidl_typesupport_introspection_c.h
[7.074s] -- Up-to-date: /home/stepan/ws_ros2/install/px4_msgs/include/px4_msgs/px4_msgs/msg/detail/gimbal_controls__type_support.c
[7.075s] -- Up-to-date: /home/stepan/ws_ros2/install/px4_msgs/include/px4_msgs/px4_msgs/msg/detail/vtol_vehicle_status__rosidl_typesupport_introspection_c.h
[7.075s] -- Up-to-date: /home/stepan/ws_ros2/install/px4_msgs/include/px4_msgs/px4_msgs/msg/detail/sensor_baro__type_support.c
[7.075s] -- Up-to-date: /home/stepan/ws_ros2/install/px4_msgs/include/px4_msgs/px4_msgs/msg/detail/mission_result__type_support.c
[7.075s] -- Up-to-date: /home/stepan/ws_ros2/install/px4_msgs/include/px4_msgs/px4_msgs/msg/detail/tecs_status__type_support.c
[7.077s] -- Up-to-date: /home/stepan/ws_ros2/install/px4_msgs/include/px4_msgs/px4_msgs/msg/detail/rc_channels__rosidl_typesupport_introspection_c.h
[7.077s] -- Up-to-date: /home/stepan/ws_ros2/install/px4_msgs/include/px4_msgs/px4_msgs/msg/detail/gripper__rosidl_typesupport_introspection_c.h
[7.078s] -- Up-to-date: /home/stepan/ws_ros2/install/px4_msgs/include/px4_msgs/px4_msgs/msg/detail/actuator_test__type_support.c
[7.078s] -- Up-to-date: /home/stepan/ws_ros2/install/px4_msgs/include/px4_msgs/px4_msgs/msg/detail/navigator_status__type_support.c
[7.078s] -- Up-to-date: /home/stepan/ws_ros2/install/px4_msgs/include/px4_msgs/px4_msgs/msg/detail/sensor_accel_fifo__type_support.c
[7.078s] -- Up-to-date: /home/stepan/ws_ros2/install/px4_msgs/include/px4_msgs/px4_msgs/msg/detail/camera_capture__type_support.c
[7.078s] -- Up-to-date: /home/stepan/ws_ros2/install/px4_msgs/include/px4_msgs/px4_msgs/msg/detail/vehicle_roi__rosidl_typesupport_introspection_c.h
[7.079s] -- Up-to-date: /home/stepan/ws_ros2/install/px4_msgs/include/px4_msgs/px4_msgs/msg/detail/npfg_status__rosidl_typesupport_introspection_c.h
[7.079s] -- Up-to-date: /home/stepan/ws_ros2/install/px4_msgs/include/px4_msgs/px4_msgs/msg/detail/vehicle_control_mode__rosidl_typesupport_introspection_c.h
[7.079s] -- Up-to-date: /home/stepan/ws_ros2/install/px4_msgs/include/px4_msgs/px4_msgs/msg/detail/vehicle_attitude_setpoint__type_support.c
[7.079s] -- Up-to-date: /home/stepan/ws_ros2/install/px4_msgs/include/px4_msgs/px4_msgs/msg/detail/parameter_reset_request__rosidl_typesupport_introspection_c.h
[7.080s] -- Up-to-date: /home/stepan/ws_ros2/install/px4_msgs/include/px4_msgs/px4_msgs/msg/detail/position_setpoint__type_support.c
[7.080s] -- Up-to-date: /home/stepan/ws_ros2/install/px4_msgs/include/px4_msgs/px4_msgs/msg/detail/estimator_sensor_bias__type_support.c
[7.080s] -- Up-to-date: /home/stepan/ws_ros2/install/px4_msgs/include/px4_msgs/px4_msgs/msg/detail/vehicle_attitude__rosidl_typesupport_introspection_c.h
[7.080s] -- Up-to-date: /home/stepan/ws_ros2/install/px4_msgs/include/px4_msgs/px4_msgs/msg/detail/landing_gear__type_support.c
[7.080s] -- Up-to-date: /home/stepan/ws_ros2/install/px4_msgs/include/px4_msgs/px4_msgs/msg/detail/ulog_stream_ack__rosidl_typesupport_introspection_c.h
[7.080s] -- Up-to-date: /home/stepan/ws_ros2/install/px4_msgs/include/px4_msgs/px4_msgs/msg/detail/ulog_stream_ack__type_support.c
[7.080s] -- Up-to-date: /home/stepan/ws_ros2/install/px4_msgs/include/px4_msgs/px4_msgs/msg/detail/mavlink_tunnel__type_support.c
[7.080s] -- Up-to-date: /home/stepan/ws_ros2/install/px4_msgs/include/px4_msgs/px4_msgs/msg/detail/tune_control__type_support.c
[7.081s] -- Up-to-date: /home/stepan/ws_ros2/install/px4_msgs/include/px4_msgs/px4_msgs/msg/detail/parameter_set_used_request__type_support.c
[7.082s] -- Up-to-date: /home/stepan/ws_ros2/install/px4_msgs/include/px4_msgs/px4_msgs/msg/detail/fuel_tank_status__rosidl_typesupport_introspection_c.h
[7.083s] -- Up-to-date: /home/stepan/ws_ros2/install/px4_msgs/include/px4_msgs/px4_msgs/msg/detail/vehicle_local_position_setpoint__type_support.c
[7.083s] -- Up-to-date: /home/stepan/ws_ros2/install/px4_msgs/include/px4_msgs/px4_msgs/msg/detail/qshell_req__type_support.c
[7.084s] -- Up-to-date: /home/stepan/ws_ros2/install/px4_msgs/include/px4_msgs/px4_msgs/msg/detail/rpm__type_support.c
[7.084s] -- Up-to-date: /home/stepan/ws_ros2/install/px4_msgs/include/px4_msgs/px4_msgs/msg/detail/sensor_combined__rosidl_typesupport_introspection_c.h
[7.084s] -- Up-to-date: /home/stepan/ws_ros2/install/px4_msgs/include/px4_msgs/px4_msgs/msg/detail/gps_dump__rosidl_typesupport_introspection_c.h
[7.085s] -- Up-to-date: /home/stepan/ws_ros2/install/px4_msgs/include/px4_msgs/px4_msgs/msg/detail/tiltrotor_extra_controls__rosidl_typesupport_introspection_c.h
[7.085s] -- Up-to-date: /home/stepan/ws_ros2/install/px4_msgs/include/px4_msgs/px4_msgs/msg/detail/sensor_gps__rosidl_typesupport_introspection_c.h
[7.085s] -- Up-to-date: /home/stepan/ws_ros2/install/px4_msgs/include/px4_msgs/px4_msgs/msg/detail/mode_completed__type_support.c
[7.086s] -- Up-to-date: /home/stepan/ws_ros2/install/px4_msgs/include/px4_msgs/px4_msgs/msg/detail/power_monitor__type_support.c
[7.087s] -- Up-to-date: /home/stepan/ws_ros2/install/px4_msgs/include/px4_msgs/px4_msgs/msg/detail/sensor_combined__type_support.c
[7.087s] -- Up-to-date: /home/stepan/ws_ros2/install/px4_msgs/include/px4_msgs/px4_msgs/msg/detail/collision_constraints__type_support.c
[7.087s] -- Up-to-date: /home/stepan/ws_ros2/install/px4_msgs/include/px4_msgs/px4_msgs/msg/detail/button_event__rosidl_typesupport_introspection_c.h
[7.088s] -- Up-to-date: /home/stepan/ws_ros2/install/px4_msgs/include/px4_msgs/px4_msgs/msg/detail/rover_position_setpoint__type_support.c
[7.089s] -- Up-to-date: /home/stepan/ws_ros2/install/px4_msgs/include/px4_msgs/px4_msgs/msg/detail/log_message__type_support.c
[7.090s] -- Up-to-date: /home/stepan/ws_ros2/install/px4_msgs/include/px4_msgs/px4_msgs/msg/detail/vehicle_rates_setpoint__type_support.c
[7.091s] -- Up-to-date: /home/stepan/ws_ros2/install/px4_msgs/include/px4_msgs/px4_msgs/msg/detail/internal_combustion_engine_status__type_support.c
[7.091s] -- Up-to-date: /home/stepan/ws_ros2/install/px4_msgs/include/px4_msgs/px4_msgs/msg/detail/rover_attitude_setpoint__rosidl_typesupport_introspection_c.h
[7.091s] -- Up-to-date: /home/stepan/ws_ros2/install/px4_msgs/include/px4_msgs/px4_msgs/msg/detail/register_ext_component_reply__type_support.c
[7.092s] -- Up-to-date: /home/stepan/ws_ros2/install/px4_msgs/include/px4_msgs/px4_msgs/msg/detail/rover_attitude_status__rosidl_typesupport_introspection_c.h
[7.092s] -- Up-to-date: /home/stepan/ws_ros2/install/px4_msgs/include/px4_msgs/px4_msgs/msg/detail/gimbal_device_information__rosidl_typesupport_introspection_c.h
[7.092s] -- Up-to-date: /home/stepan/ws_ros2/install/px4_msgs/include/px4_msgs/px4_msgs/msg/detail/mission__type_support.c
[7.092s] -- Up-to-date: /home/stepan/ws_ros2/install/px4_msgs/include/px4_msgs/px4_msgs/msg/detail/vehicle_torque_setpoint__type_support.c
[7.092s] -- Up-to-date: /home/stepan/ws_ros2/install/px4_msgs/include/px4_msgs/px4_msgs/msg/detail/camera_capture__rosidl_typesupport_introspection_c.h
[7.092s] -- Up-to-date: /home/stepan/ws_ros2/install/px4_msgs/include/px4_msgs/px4_msgs/msg/detail/offboard_control_mode__rosidl_typesupport_introspection_c.h
[7.093s] -- Up-to-date: /home/stepan/ws_ros2/install/px4_msgs/include/px4_msgs/px4_msgs/msg/detail/esc_report__rosidl_typesupport_introspection_c.h
[7.093s] -- Up-to-date: /home/stepan/ws_ros2/install/px4_msgs/include/px4_msgs/px4_msgs/msg/detail/sensor_preflight_mag__type_support.c
[7.094s] -- Up-to-date: /home/stepan/ws_ros2/install/px4_msgs/include/px4_msgs/px4_msgs/msg/detail/debug_vect__type_support.c
[7.094s] -- Up-to-date: /home/stepan/ws_ros2/install/px4_msgs/include/px4_msgs/px4_msgs/msg/detail/rover_rate_status__type_support.c
[7.094s] -- Up-to-date: /home/stepan/ws_ros2/install/px4_msgs/include/px4_msgs/px4_msgs/msg/detail/debug_vect__rosidl_typesupport_introspection_c.h
[7.094s] -- Up-to-date: /home/stepan/ws_ros2/install/px4_msgs/include/px4_msgs/px4_msgs/msg/detail/vehicle_rates_setpoint__rosidl_typesupport_introspection_c.h
[7.095s] -- Up-to-date: /home/stepan/ws_ros2/install/px4_msgs/include/px4_msgs/px4_msgs/msg/detail/vehicle_acceleration__type_support.c
[7.095s] -- Up-to-date: /home/stepan/ws_ros2/install/px4_msgs/include/px4_msgs/px4_msgs/msg/detail/ping__rosidl_typesupport_introspection_c.h
[7.095s] -- Up-to-date: /home/stepan/ws_ros2/install/px4_msgs/include/px4_msgs/px4_msgs/msg/detail/vehicle_local_position__rosidl_typesupport_introspection_c.h
[7.095s] -- Up-to-date: /home/stepan/ws_ros2/install/px4_msgs/include/px4_msgs/px4_msgs/msg/detail/register_ext_component_request__type_support.c
[7.096s] -- Up-to-date: /home/stepan/ws_ros2/install/px4_msgs/include/px4_msgs/px4_msgs/msg/detail/task_stack_info__type_support.c
[7.096s] -- Up-to-date: /home/stepan/ws_ros2/install/px4_msgs/include/px4_msgs/px4_msgs/msg/detail/cellular_status__rosidl_typesupport_introspection_c.h
[7.096s] -- Up-to-date: /home/stepan/ws_ros2/install/px4_msgs/include/px4_msgs/px4_msgs/msg/detail/estimator_status_flags__rosidl_typesupport_introspection_c.h
[7.096s] -- Up-to-date: /home/stepan/ws_ros2/install/px4_msgs/include/px4_msgs/px4_msgs/msg/detail/open_drone_id_system__type_support.c
[7.096s] -- Up-to-date: /home/stepan/ws_ros2/install/px4_msgs/include/px4_msgs/px4_msgs/msg/detail/goto_setpoint__rosidl_typesupport_introspection_c.h
[7.097s] -- Up-to-date: /home/stepan/ws_ros2/install/px4_msgs/include/px4_msgs/px4_msgs/msg/detail/home_position__rosidl_typesupport_introspection_c.h
[7.097s] -- Up-to-date: /home/stepan/ws_ros2/install/px4_msgs/include/px4_msgs/px4_msgs/msg/detail/actuator_test__rosidl_typesupport_introspection_c.h
[7.099s] -- Up-to-date: /home/stepan/ws_ros2/install/px4_msgs/include/px4_msgs/px4_msgs/msg/detail/vehicle_command__rosidl_typesupport_introspection_c.h
[7.100s] -- Up-to-date: /home/stepan/ws_ros2/install/px4_msgs/include/px4_msgs/px4_msgs/msg/detail/can_interface_status__type_support.c
[7.101s] -- Up-to-date: /home/stepan/ws_ros2/install/px4_msgs/include/px4_msgs/px4_msgs/msg/detail/open_drone_id_operator_id__rosidl_typesupport_introspection_c.h
[7.101s] -- Up-to-date: /home/stepan/ws_ros2/install/px4_msgs/include/px4_msgs/px4_msgs/msg/detail/failure_detector_status__rosidl_typesupport_introspection_c.h
[7.102s] -- Up-to-date: /home/stepan/ws_ros2/install/px4_msgs/include/px4_msgs/px4_msgs/msg/detail/radio_status__type_support.c
[7.102s] -- Up-to-date: /home/stepan/ws_ros2/install/px4_msgs/include/px4_msgs/px4_msgs/msg/detail/sensor_correction__rosidl_typesupport_introspection_c.h
[7.103s] -- Up-to-date: /home/stepan/ws_ros2/install/px4_msgs/include/px4_msgs/px4_msgs/msg/detail/figure_eight_status__rosidl_typesupport_introspection_c.h
[7.103s] -- Up-to-date: /home/stepan/ws_ros2/install/px4_msgs/include/px4_msgs/px4_msgs/msg/detail/vehicle_magnetometer__type_support.c
[7.103s] -- Up-to-date: /home/stepan/ws_ros2/install/px4_msgs/include/px4_msgs/px4_msgs/msg/detail/magnetometer_bias_estimate__type_support.c
[7.104s] -- Up-to-date: /home/stepan/ws_ros2/install/px4_msgs/include/px4_msgs/px4_msgs/msg/detail/arming_check_request__type_support.c
[7.104s] -- Up-to-date: /home/stepan/ws_ros2/install/px4_msgs/include/px4_msgs/px4_msgs/msg/detail/failure_detector_status__type_support.c
[7.104s] -- Up-to-date: /home/stepan/ws_ros2/install/px4_msgs/include/px4_msgs/px4_msgs/msg/detail/rc_channels__type_support.c
[7.104s] -- Up-to-date: /home/stepan/ws_ros2/install/px4_msgs/include/px4_msgs/px4_msgs/msg/detail/onboard_computer_status__rosidl_typesupport_introspection_c.h
[7.105s] -- Up-to-date: /home/stepan/ws_ros2/install/px4_msgs/include/px4_msgs/px4_msgs/msg/detail/vehicle_constraints__type_support.c
[7.106s] -- Up-to-date: /home/stepan/ws_ros2/install/px4_msgs/include/px4_msgs/px4_msgs/msg/detail/gimbal_manager_information__type_support.c
[7.108s] -- Up-to-date: /home/stepan/ws_ros2/install/px4_msgs/include/px4_msgs/px4_msgs/msg/detail/vehicle_odometry__rosidl_typesupport_introspection_c.h
[7.108s] -- Up-to-date: /home/stepan/ws_ros2/install/px4_msgs/include/px4_msgs/px4_msgs/msg/detail/message_format_request__rosidl_typesupport_introspection_c.h
[7.108s] -- Up-to-date: /home/stepan/ws_ros2/install/px4_msgs/include/px4_msgs/px4_msgs/msg/detail/timesync_status__rosidl_typesupport_introspection_c.h
[7.109s] -- Up-to-date: /home/stepan/ws_ros2/install/px4_msgs/include/px4_msgs/px4_msgs/msg/detail/airspeed_wind__type_support.c
[7.109s] -- Up-to-date: /home/stepan/ws_ros2/install/px4_msgs/include/px4_msgs/px4_msgs/msg/detail/wind__type_support.c
[7.109s] -- Up-to-date: /home/stepan/ws_ros2/install/px4_msgs/include/px4_msgs/px4_msgs/msg/detail/sensor_mag__type_support.c
[7.109s] -- Up-to-date: /home/stepan/ws_ros2/install/px4_msgs/include/px4_msgs/px4_msgs/msg/detail/vehicle_optical_flow__rosidl_typesupport_introspection_c.h
[7.109s] -- Up-to-date: /home/stepan/ws_ros2/install/px4_msgs/include/px4_msgs/px4_msgs/msg/detail/telemetry_status__type_support.c
[7.110s] -- Up-to-date: /home/stepan/ws_ros2/install/px4_msgs/include/px4_msgs/px4_msgs/msg/detail/actuator_outputs__type_support.c
[7.110s] -- Up-to-date: /home/stepan/ws_ros2/install/px4_msgs/include/px4_msgs/px4_msgs/msg/detail/transponder_report__type_support.c
[7.110s] -- Up-to-date: /home/stepan/ws_ros2/install/px4_msgs/include/px4_msgs/px4_msgs/msg/detail/yaw_estimator_status__rosidl_typesupport_introspection_c.h
[7.110s] -- Up-to-date: /home/stepan/ws_ros2/install/px4_msgs/include/px4_msgs/px4_msgs/msg/detail/parameter_set_value_response__rosidl_typesupport_introspection_c.h
[7.111s] -- Up-to-date: /home/stepan/ws_ros2/install/px4_msgs/include/px4_msgs/px4_msgs/msg/detail/orb_test_large__rosidl_typesupport_introspection_c.h
[7.111s] -- Up-to-date: /home/stepan/ws_ros2/install/px4_msgs/include/px4_msgs/px4_msgs/msg/detail/uavcan_parameter_value__type_support.c
[7.111s] -- Up-to-date: /home/stepan/ws_ros2/install/px4_msgs/include/px4_msgs/px4_msgs/msg/detail/orbit_status__rosidl_typesupport_introspection_c.h
[7.111s] -- Up-to-date: /home/stepan/ws_ros2/install/px4_msgs/include/px4_msgs/px4_msgs/msg/detail/estimator_aid_source2d__rosidl_typesupport_introspection_c.h
[7.112s] -- Up-to-date: /home/stepan/ws_ros2/install/px4_msgs/include/px4_msgs/px4_msgs/msg/detail/gpio_request__type_support.c
[7.112s] -- Up-to-date: /home/stepan/ws_ros2/install/px4_msgs/include/px4_msgs/px4_msgs/msg/detail/vehicle_status__type_support.c
[7.112s] -- Up-to-date: /home/stepan/ws_ros2/install/px4_msgs/include/px4_msgs/px4_msgs/msg/detail/actuator_servos_trim__rosidl_typesupport_introspection_c.h
[7.113s] -- Up-to-date: /home/stepan/ws_ros2/install/px4_msgs/include/px4_msgs/px4_msgs/msg/detail/position_controller_landing_status__rosidl_typesupport_introspection_c.h
[7.113s] -- Up-to-date: /home/stepan/ws_ros2/install/px4_msgs/include/px4_msgs/px4_msgs/msg/detail/estimator_status__type_support.c
[7.113s] -- Up-to-date: /home/stepan/ws_ros2/install/px4_msgs/include/px4_msgs/px4_msgs/msg/detail/rc_parameter_map__rosidl_typesupport_introspection_c.h
[7.113s] -- Up-to-date: /home/stepan/ws_ros2/install/px4_msgs/include/px4_msgs/px4_msgs/msg/detail/landing_target_pose__type_support.c
[7.113s] -- Up-to-date: /home/stepan/ws_ros2/install/px4_msgs/include/px4_msgs/px4_msgs/msg/detail/estimator_bias3d__type_support.c
[7.113s] -- Up-to-date: /home/stepan/ws_ros2/install/px4_msgs/include/px4_msgs/px4_msgs/msg/detail/estimator_bias3d__rosidl_typesupport_introspection_c.h
[7.114s] -- Up-to-date: /home/stepan/ws_ros2/install/px4_msgs/include/px4_msgs/px4_msgs/msg/detail/estimator_selector_status__type_support.c
[7.115s] -- Up-to-date: /home/stepan/ws_ros2/install/px4_msgs/include/px4_msgs/px4_msgs/msg/detail/rover_position_setpoint__rosidl_typesupport_introspection_c.h
[7.115s] -- Up-to-date: /home/stepan/ws_ros2/install/px4_msgs/include/px4_msgs/px4_msgs/msg/detail/cellular_status__type_support.c
[7.115s] -- Up-to-date: /home/stepan/ws_ros2/install/px4_msgs/include/px4_msgs/px4_msgs/msg/detail/actuator_outputs__rosidl_typesupport_introspection_c.h
[7.115s] -- Up-to-date: /home/stepan/ws_ros2/install/px4_msgs/include/px4_msgs/px4_msgs/msg/detail/dataman_response__type_support.c
[7.115s] -- Up-to-date: /home/stepan/ws_ros2/install/px4_msgs/include/px4_msgs/px4_msgs/msg/detail/vehicle_odometry__type_support.c
[7.115s] -- Up-to-date: /home/stepan/ws_ros2/install/px4_msgs/include/px4_msgs/px4_msgs/msg/detail/input_rc__type_support.c
[7.116s] -- Up-to-date: /home/stepan/ws_ros2/install/px4_msgs/include/px4_msgs/px4_msgs/msg/detail/rate_ctrl_status__rosidl_typesupport_introspection_c.h
[7.116s] -- Up-to-date: /home/stepan/ws_ros2/install/px4_msgs/include/px4_msgs/px4_msgs/msg/detail/gimbal_manager_information__rosidl_typesupport_introspection_c.h
[7.116s] -- Up-to-date: /home/stepan/ws_ros2/install/px4_msgs/include/px4_msgs/px4_msgs/msg/detail/adc_report__rosidl_typesupport_introspection_c.h
[7.116s] -- Up-to-date: /home/stepan/ws_ros2/install/px4_msgs/include/px4_msgs/px4_msgs/msg/detail/estimator_aid_source1d__rosidl_typesupport_introspection_c.h
[7.116s] -- Up-to-date: /home/stepan/ws_ros2/install/px4_msgs/include/px4_msgs/px4_msgs/msg/detail/button_event__type_support.c
[7.116s] -- Up-to-date: /home/stepan/ws_ros2/install/px4_msgs/include/px4_msgs/px4_msgs/msg/detail/health_report__type_support.c
[7.116s] -- Up-to-date: /home/stepan/ws_ros2/install/px4_msgs/include/px4_msgs/px4_msgs/msg/detail/gimbal_device_set_attitude__type_support.c
[7.117s] -- Up-to-date: /home/stepan/ws_ros2/install/px4_msgs/include/px4_msgs/px4_msgs/msg/detail/register_ext_component_reply__rosidl_typesupport_introspection_c.h
[7.117s] -- Up-to-date: /home/stepan/ws_ros2/install/px4_msgs/include/px4_msgs/px4_msgs/msg/detail/battery_status__rosidl_typesupport_introspection_c.h
[7.117s] -- Up-to-date: /home/stepan/ws_ros2/install/px4_msgs/include/px4_msgs/px4_msgs/msg/detail/vehicle_optical_flow__type_support.c
[7.117s] -- Up-to-date: /home/stepan/ws_ros2/install/px4_msgs/include/px4_msgs/px4_msgs/msg/detail/gripper__type_support.c
[7.117s] -- Up-to-date: /home/stepan/ws_ros2/install/px4_msgs/include/px4_msgs/px4_msgs/msg/detail/mavlink_tunnel__rosidl_typesupport_introspection_c.h
[7.118s] -- Up-to-date: /home/stepan/ws_ros2/install/px4_msgs/include/px4_msgs/px4_msgs/msg/detail/rtl_status__type_support.c
[7.119s] -- Up-to-date: /home/stepan/ws_ros2/install/px4_msgs/include/px4_msgs/px4_msgs/msg/detail/esc_status__type_support.c
[7.119s] -- Up-to-date: /home/stepan/ws_ros2/install/px4_msgs/include/px4_msgs/px4_msgs/msg/detail/parameter_update__rosidl_typesupport_introspection_c.h
[7.119s] -- Up-to-date: /home/stepan/ws_ros2/install/px4_msgs/include/px4_msgs/px4_msgs/msg/detail/rover_throttle_setpoint__type_support.c
[7.119s] -- Up-to-date: /home/stepan/ws_ros2/install/px4_msgs/include/px4_msgs/px4_msgs/msg/detail/pure_pursuit_status__rosidl_typesupport_introspection_c.h
[7.119s] -- Up-to-date: /home/stepan/ws_ros2/install/px4_msgs/include/px4_msgs/px4_msgs/msg/detail/vehicle_global_position__rosidl_typesupport_introspection_c.h
[7.119s] -- Up-to-date: /home/stepan/ws_ros2/install/px4_msgs/include/px4_msgs/px4_msgs/msg/detail/irlock_report__type_support.c
[7.119s] -- Up-to-date: /home/stepan/ws_ros2/install/px4_msgs/include/px4_msgs/px4_msgs/msg/detail/magnetometer_bias_estimate__rosidl_typesupport_introspection_c.h
[7.119s] -- Up-to-date: /home/stepan/ws_ros2/install/px4_msgs/include/px4_msgs/px4_msgs/msg/detail/message_format_response__type_support.c
[7.120s] -- Up-to-date: /home/stepan/ws_ros2/install/px4_msgs/include/px4_msgs/px4_msgs/msg/rosidl_typesupport_introspection_c__visibility_control.h
[7.120s] -- Up-to-date: /home/stepan/ws_ros2/install/px4_msgs/include/px4_msgs/px4_msgs/srv
[7.120s] -- Up-to-date: /home/stepan/ws_ros2/install/px4_msgs/include/px4_msgs/px4_msgs/srv/detail
[7.120s] -- Up-to-date: /home/stepan/ws_ros2/install/px4_msgs/include/px4_msgs/px4_msgs/srv/detail/vehicle_command__type_support.c
[7.120s] -- Up-to-date: /home/stepan/ws_ros2/install/px4_msgs/include/px4_msgs/px4_msgs/srv/detail/vehicle_command__rosidl_typesupport_introspection_c.h
[7.120s] -- Up-to-date: /home/stepan/ws_ros2/install/px4_msgs/lib/libpx4_msgs__rosidl_typesupport_introspection_c.so
[7.121s] -- Up-to-date: /home/stepan/ws_ros2/install/px4_msgs/lib/libpx4_msgs__rosidl_typesupport_c.so
[7.121s] -- Up-to-date: /home/stepan/ws_ros2/install/px4_msgs/include/px4_msgs/px4_msgs
[7.121s] -- Up-to-date: /home/stepan/ws_ros2/install/px4_msgs/include/px4_msgs/px4_msgs/msg
[7.121s] -- Up-to-date: /home/stepan/ws_ros2/install/px4_msgs/include/px4_msgs/px4_msgs/msg/detail
[7.122s] -- Up-to-date: /home/stepan/ws_ros2/install/px4_msgs/include/px4_msgs/px4_msgs/msg/detail/cpuload__rosidl_typesupport_introspection_cpp.hpp
[7.122s] -- Up-to-date: /home/stepan/ws_ros2/install/px4_msgs/include/px4_msgs/px4_msgs/msg/detail/ulog_stream_ack__type_support.cpp
[7.122s] -- Up-to-date: /home/stepan/ws_ros2/install/px4_msgs/include/px4_msgs/px4_msgs/msg/detail/launch_detection_status__type_support.cpp
[7.122s] -- Up-to-date: /home/stepan/ws_ros2/install/px4_msgs/include/px4_msgs/px4_msgs/msg/detail/health_report__rosidl_typesupport_introspection_cpp.hpp
[7.122s] -- Up-to-date: /home/stepan/ws_ros2/install/px4_msgs/include/px4_msgs/px4_msgs/msg/detail/position_setpoint__rosidl_typesupport_introspection_cpp.hpp
[7.122s] -- Up-to-date: /home/stepan/ws_ros2/install/px4_msgs/include/px4_msgs/px4_msgs/msg/detail/estimator_states__rosidl_typesupport_introspection_cpp.hpp
[7.122s] -- Up-to-date: /home/stepan/ws_ros2/install/px4_msgs/include/px4_msgs/px4_msgs/msg/detail/figure_eight_status__type_support.cpp
[7.123s] -- Up-to-date: /home/stepan/ws_ros2/install/px4_msgs/include/px4_msgs/px4_msgs/msg/detail/onboard_computer_status__type_support.cpp
[7.123s] -- Up-to-date: /home/stepan/ws_ros2/install/px4_msgs/include/px4_msgs/px4_msgs/msg/detail/esc_status__type_support.cpp
[7.124s] -- Up-to-date: /home/stepan/ws_ros2/install/px4_msgs/include/px4_msgs/px4_msgs/msg/detail/follow_target_estimator__rosidl_typesupport_introspection_cpp.hpp
[7.124s] -- Up-to-date: /home/stepan/ws_ros2/install/px4_msgs/include/px4_msgs/px4_msgs/msg/detail/normalized_unsigned_setpoint__rosidl_typesupport_introspection_cpp.hpp
[7.124s] -- Up-to-date: /home/stepan/ws_ros2/install/px4_msgs/include/px4_msgs/px4_msgs/msg/detail/uavcan_parameter_value__rosidl_typesupport_introspection_cpp.hpp
[7.124s] -- Up-to-date: /home/stepan/ws_ros2/install/px4_msgs/include/px4_msgs/px4_msgs/msg/detail/vehicle_rates_setpoint__rosidl_typesupport_introspection_cpp.hpp
[7.124s] -- Up-to-date: /home/stepan/ws_ros2/install/px4_msgs/include/px4_msgs/px4_msgs/msg/detail/pps_capture__type_support.cpp
[7.125s] -- Up-to-date: /home/stepan/ws_ros2/install/px4_msgs/include/px4_msgs/px4_msgs/msg/detail/vehicle_angular_acceleration_setpoint__type_support.cpp
[7.125s] -- Up-to-date: /home/stepan/ws_ros2/install/px4_msgs/include/px4_msgs/px4_msgs/msg/detail/sensors_status_imu__rosidl_typesupport_introspection_cpp.hpp
[7.125s] -- Up-to-date: /home/stepan/ws_ros2/install/px4_msgs/include/px4_msgs/px4_msgs/msg/detail/estimator_aid_source1d__rosidl_typesupport_introspection_cpp.hpp
[7.125s] -- Up-to-date: /home/stepan/ws_ros2/install/px4_msgs/include/px4_msgs/px4_msgs/msg/detail/estimator_selector_status__rosidl_typesupport_introspection_cpp.hpp
[7.126s] -- Up-to-date: /home/stepan/ws_ros2/install/px4_msgs/include/px4_msgs/px4_msgs/msg/detail/vehicle_imu__type_support.cpp
[7.126s] -- Up-to-date: /home/stepan/ws_ros2/install/px4_msgs/include/px4_msgs/px4_msgs/msg/detail/cellular_status__rosidl_typesupport_introspection_cpp.hpp
[7.126s] -- Up-to-date: /home/stepan/ws_ros2/install/px4_msgs/include/px4_msgs/px4_msgs/msg/detail/dataman_response__rosidl_typesupport_introspection_cpp.hpp
[7.126s] -- Up-to-date: /home/stepan/ws_ros2/install/px4_msgs/include/px4_msgs/px4_msgs/msg/detail/sensor_selection__rosidl_typesupport_introspection_cpp.hpp
[7.126s] -- Up-to-date: /home/stepan/ws_ros2/install/px4_msgs/include/px4_msgs/px4_msgs/msg/detail/collision_constraints__type_support.cpp
[7.126s] -- Up-to-date: /home/stepan/ws_ros2/install/px4_msgs/include/px4_msgs/px4_msgs/msg/detail/navigator_status__type_support.cpp
[7.127s] -- Up-to-date: /home/stepan/ws_ros2/install/px4_msgs/include/px4_msgs/px4_msgs/msg/detail/sensors_status_imu__type_support.cpp
[7.127s] -- Up-to-date: /home/stepan/ws_ros2/install/px4_msgs/include/px4_msgs/px4_msgs/msg/detail/failsafe_flags__rosidl_typesupport_introspection_cpp.hpp
[7.127s] -- Up-to-date: /home/stepan/ws_ros2/install/px4_msgs/include/px4_msgs/px4_msgs/msg/detail/control_allocator_status__rosidl_typesupport_introspection_cpp.hpp
[7.127s] -- Up-to-date: /home/stepan/ws_ros2/install/px4_msgs/include/px4_msgs/px4_msgs/msg/detail/vehicle_global_position__type_support.cpp
[7.127s] -- Up-to-date: /home/stepan/ws_ros2/install/px4_msgs/include/px4_msgs/px4_msgs/msg/detail/vehicle_torque_setpoint__type_support.cpp
[7.127s] -- Up-to-date: /home/stepan/ws_ros2/install/px4_msgs/include/px4_msgs/px4_msgs/msg/detail/orbit_status__type_support.cpp
[7.128s] -- Up-to-date: /home/stepan/ws_ros2/install/px4_msgs/include/px4_msgs/px4_msgs/msg/detail/sensor_gps__type_support.cpp
[7.128s] -- Up-to-date: /home/stepan/ws_ros2/install/px4_msgs/include/px4_msgs/px4_msgs/msg/detail/follow_target_status__type_support.cpp
[7.128s] -- Up-to-date: /home/stepan/ws_ros2/install/px4_msgs/include/px4_msgs/px4_msgs/msg/detail/failure_detector_status__rosidl_typesupport_introspection_cpp.hpp
[7.128s] -- Up-to-date: /home/stepan/ws_ros2/install/px4_msgs/include/px4_msgs/px4_msgs/msg/detail/message_format_request__type_support.cpp
[7.128s] -- Up-to-date: /home/stepan/ws_ros2/install/px4_msgs/include/px4_msgs/px4_msgs/msg/detail/rover_attitude_setpoint__type_support.cpp
[7.128s] -- Up-to-date: /home/stepan/ws_ros2/install/px4_msgs/include/px4_msgs/px4_msgs/msg/detail/wheel_encoders__rosidl_typesupport_introspection_cpp.hpp
[7.128s] -- Up-to-date: /home/stepan/ws_ros2/install/px4_msgs/include/px4_msgs/px4_msgs/msg/detail/manual_control_setpoint__type_support.cpp
[7.129s] -- Up-to-date: /home/stepan/ws_ros2/install/px4_msgs/include/px4_msgs/px4_msgs/msg/detail/airspeed_validated__rosidl_typesupport_introspection_cpp.hpp
[7.129s] -- Up-to-date: /home/stepan/ws_ros2/install/px4_msgs/include/px4_msgs/px4_msgs/msg/detail/open_drone_id_arm_status__rosidl_typesupport_introspection_cpp.hpp
[7.129s] -- Up-to-date: /home/stepan/ws_ros2/install/px4_msgs/include/px4_msgs/px4_msgs/msg/detail/vehicle_rates_setpoint__type_support.cpp
[7.129s] -- Up-to-date: /home/stepan/ws_ros2/install/px4_msgs/include/px4_msgs/px4_msgs/msg/detail/mission__type_support.cpp
[7.129s] -- Up-to-date: /home/stepan/ws_ros2/install/px4_msgs/include/px4_msgs/px4_msgs/msg/detail/vehicle_local_position_setpoint__rosidl_typesupport_introspection_cpp.hpp
[7.129s] -- Up-to-date: /home/stepan/ws_ros2/install/px4_msgs/include/px4_msgs/px4_msgs/msg/detail/adc_report__rosidl_typesupport_introspection_cpp.hpp
[7.129s] -- Up-to-date: /home/stepan/ws_ros2/install/px4_msgs/include/px4_msgs/px4_msgs/msg/detail/rover_steering_setpoint__rosidl_typesupport_introspection_cpp.hpp
[7.129s] -- Up-to-date: /home/stepan/ws_ros2/install/px4_msgs/include/px4_msgs/px4_msgs/msg/detail/actuator_motors__type_support.cpp
[7.130s] -- Up-to-date: /home/stepan/ws_ros2/install/px4_msgs/include/px4_msgs/px4_msgs/msg/detail/goto_setpoint__rosidl_typesupport_introspection_cpp.hpp
[7.130s] -- Up-to-date: /home/stepan/ws_ros2/install/px4_msgs/include/px4_msgs/px4_msgs/msg/detail/sensor_hygrometer__rosidl_typesupport_introspection_cpp.hpp
[7.130s] -- Up-to-date: /home/stepan/ws_ros2/install/px4_msgs/include/px4_msgs/px4_msgs/msg/detail/input_rc__rosidl_typesupport_introspection_cpp.hpp
[7.131s] -- Up-to-date: /home/stepan/ws_ros2/install/px4_msgs/include/px4_msgs/px4_msgs/msg/detail/vehicle_magnetometer__rosidl_typesupport_introspection_cpp.hpp
[7.131s] -- Up-to-date: /home/stepan/ws_ros2/install/px4_msgs/include/px4_msgs/px4_msgs/msg/detail/qshell_retval__rosidl_typesupport_introspection_cpp.hpp
[7.131s] -- Up-to-date: /home/stepan/ws_ros2/install/px4_msgs/include/px4_msgs/px4_msgs/msg/detail/rover_rate_setpoint__rosidl_typesupport_introspection_cpp.hpp
[7.132s] -- Up-to-date: /home/stepan/ws_ros2/install/px4_msgs/include/px4_msgs/px4_msgs/msg/detail/yaw_estimator_status__rosidl_typesupport_introspection_cpp.hpp
[7.132s] -- Up-to-date: /home/stepan/ws_ros2/install/px4_msgs/include/px4_msgs/px4_msgs/msg/detail/log_message__type_support.cpp
[7.132s] -- Up-to-date: /home/stepan/ws_ros2/install/px4_msgs/include/px4_msgs/px4_msgs/msg/detail/parameter_set_used_request__type_support.cpp
[7.132s] -- Up-to-date: /home/stepan/ws_ros2/install/px4_msgs/include/px4_msgs/px4_msgs/msg/detail/gimbal_device_information__type_support.cpp
[7.133s] -- Up-to-date: /home/stepan/ws_ros2/install/px4_msgs/include/px4_msgs/px4_msgs/msg/detail/power_button_state__type_support.cpp
[7.133s] -- Up-to-date: /home/stepan/ws_ros2/install/px4_msgs/include/px4_msgs/px4_msgs/msg/detail/tiltrotor_extra_controls__rosidl_typesupport_introspection_cpp.hpp
[7.134s] -- Up-to-date: /home/stepan/ws_ros2/install/px4_msgs/include/px4_msgs/px4_msgs/msg/detail/geofence_status__type_support.cpp
[7.134s] -- Up-to-date: /home/stepan/ws_ros2/install/px4_msgs/include/px4_msgs/px4_msgs/msg/detail/mode_completed__rosidl_typesupport_introspection_cpp.hpp
[7.134s] -- Up-to-date: /home/stepan/ws_ros2/install/px4_msgs/include/px4_msgs/px4_msgs/msg/detail/health_report__type_support.cpp
[7.134s] -- Up-to-date: /home/stepan/ws_ros2/install/px4_msgs/include/px4_msgs/px4_msgs/msg/detail/parameter_set_value_request__type_support.cpp
[7.135s] -- Up-to-date: /home/stepan/ws_ros2/install/px4_msgs/include/px4_msgs/px4_msgs/msg/detail/gimbal_manager_set_attitude__type_support.cpp
[7.135s] -- Up-to-date: /home/stepan/ws_ros2/install/px4_msgs/include/px4_msgs/px4_msgs/msg/detail/estimator_gps_status__rosidl_typesupport_introspection_cpp.hpp
[7.135s] -- Up-to-date: /home/stepan/ws_ros2/install/px4_msgs/include/px4_msgs/px4_msgs/msg/detail/config_overrides__rosidl_typesupport_introspection_cpp.hpp
[7.135s] -- Up-to-date: /home/stepan/ws_ros2/install/px4_msgs/include/px4_msgs/px4_msgs/msg/detail/camera_capture__rosidl_typesupport_introspection_cpp.hpp
[7.135s] -- Up-to-date: /home/stepan/ws_ros2/install/px4_msgs/include/px4_msgs/px4_msgs/msg/detail/ackermann_velocity_setpoint__rosidl_typesupport_introspection_cpp.hpp
[7.135s] -- Up-to-date: /home/stepan/ws_ros2/install/px4_msgs/include/px4_msgs/px4_msgs/msg/detail/position_setpoint_triplet__rosidl_typesupport_introspection_cpp.hpp
[7.135s] -- Up-to-date: /home/stepan/ws_ros2/install/px4_msgs/include/px4_msgs/px4_msgs/msg/detail/can_interface_status__type_support.cpp
[7.136s] -- Up-to-date: /home/stepan/ws_ros2/install/px4_msgs/include/px4_msgs/px4_msgs/msg/detail/vehicle_attitude__rosidl_typesupport_introspection_cpp.hpp
[7.136s] -- Up-to-date: /home/stepan/ws_ros2/install/px4_msgs/include/px4_msgs/px4_msgs/msg/detail/debug_value__type_support.cpp
[7.136s] -- Up-to-date: /home/stepan/ws_ros2/install/px4_msgs/include/px4_msgs/px4_msgs/msg/detail/rover_attitude_setpoint__rosidl_typesupport_introspection_cpp.hpp
[7.136s] -- Up-to-date: /home/stepan/ws_ros2/install/px4_msgs/include/px4_msgs/px4_msgs/msg/detail/vehicle_angular_velocity__type_support.cpp
[7.136s] -- Up-to-date: /home/stepan/ws_ros2/install/px4_msgs/include/px4_msgs/px4_msgs/msg/detail/actuator_test__type_support.cpp
[7.136s] -- Up-to-date: /home/stepan/ws_ros2/install/px4_msgs/include/px4_msgs/px4_msgs/msg/detail/actuator_motors__rosidl_typesupport_introspection_cpp.hpp
[7.136s] -- Up-to-date: /home/stepan/ws_ros2/install/px4_msgs/include/px4_msgs/px4_msgs/msg/detail/sensor_baro__rosidl_typesupport_introspection_cpp.hpp
[7.136s] -- Up-to-date: /home/stepan/ws_ros2/install/px4_msgs/include/px4_msgs/px4_msgs/msg/detail/sensor_hygrometer__type_support.cpp
[7.137s] -- Up-to-date: /home/stepan/ws_ros2/install/px4_msgs/include/px4_msgs/px4_msgs/msg/detail/distance_sensor__rosidl_typesupport_introspection_cpp.hpp
[7.137s] -- Up-to-date: /home/stepan/ws_ros2/install/px4_msgs/include/px4_msgs/px4_msgs/msg/detail/velocity_limits__rosidl_typesupport_introspection_cpp.hpp
[7.137s] -- Up-to-date: /home/stepan/ws_ros2/install/px4_msgs/include/px4_msgs/px4_msgs/msg/detail/sensor_mag__type_support.cpp
[7.137s] -- Up-to-date: /home/stepan/ws_ros2/install/px4_msgs/include/px4_msgs/px4_msgs/msg/detail/battery_status__rosidl_typesupport_introspection_cpp.hpp
[7.138s] -- Up-to-date: /home/stepan/ws_ros2/install/px4_msgs/include/px4_msgs/px4_msgs/msg/detail/sensor_airflow__rosidl_typesupport_introspection_cpp.hpp
[7.138s] -- Up-to-date: /home/stepan/ws_ros2/install/px4_msgs/include/px4_msgs/px4_msgs/msg/detail/rover_rate_setpoint__type_support.cpp
[7.139s] -- Up-to-date: /home/stepan/ws_ros2/install/px4_msgs/include/px4_msgs/px4_msgs/msg/detail/estimator_status__rosidl_typesupport_introspection_cpp.hpp
[7.139s] -- Up-to-date: /home/stepan/ws_ros2/install/px4_msgs/include/px4_msgs/px4_msgs/msg/detail/trajectory_setpoint__rosidl_typesupport_introspection_cpp.hpp
[7.139s] -- Up-to-date: /home/stepan/ws_ros2/install/px4_msgs/include/px4_msgs/px4_msgs/msg/detail/camera_status__type_support.cpp
[7.139s] -- Up-to-date: /home/stepan/ws_ros2/install/px4_msgs/include/px4_msgs/px4_msgs/msg/detail/vehicle_land_detected__type_support.cpp
[7.139s] -- Up-to-date: /home/stepan/ws_ros2/install/px4_msgs/include/px4_msgs/px4_msgs/msg/detail/vehicle_imu_status__rosidl_typesupport_introspection_cpp.hpp
[7.140s] -- Up-to-date: /home/stepan/ws_ros2/install/px4_msgs/include/px4_msgs/px4_msgs/msg/detail/log_message__rosidl_typesupport_introspection_cpp.hpp
[7.140s] -- Up-to-date: /home/stepan/ws_ros2/install/px4_msgs/include/px4_msgs/px4_msgs/msg/detail/register_ext_component_reply__type_support.cpp
[7.140s] -- Up-to-date: /home/stepan/ws_ros2/install/px4_msgs/include/px4_msgs/px4_msgs/msg/detail/vehicle_local_position__rosidl_typesupport_introspection_cpp.hpp
[7.140s] -- Up-to-date: /home/stepan/ws_ros2/install/px4_msgs/include/px4_msgs/px4_msgs/msg/detail/open_drone_id_operator_id__type_support.cpp
[7.140s] -- Up-to-date: /home/stepan/ws_ros2/install/px4_msgs/include/px4_msgs/px4_msgs/msg/detail/position_setpoint__type_support.cpp
[7.140s] -- Up-to-date: /home/stepan/ws_ros2/install/px4_msgs/include/px4_msgs/px4_msgs/msg/detail/uavcan_parameter_request__rosidl_typesupport_introspection_cpp.hpp
[7.140s] -- Up-to-date: /home/stepan/ws_ros2/install/px4_msgs/include/px4_msgs/px4_msgs/msg/detail/offboard_control_mode__type_support.cpp
[7.140s] -- Up-to-date: /home/stepan/ws_ros2/install/px4_msgs/include/px4_msgs/px4_msgs/msg/detail/gimbal_device_information__rosidl_typesupport_introspection_cpp.hpp
[7.141s] -- Up-to-date: /home/stepan/ws_ros2/install/px4_msgs/include/px4_msgs/px4_msgs/msg/detail/unregister_ext_component__rosidl_typesupport_introspection_cpp.hpp
[7.141s] -- Up-to-date: /home/stepan/ws_ros2/install/px4_msgs/include/px4_msgs/px4_msgs/msg/detail/rate_ctrl_status__rosidl_typesupport_introspection_cpp.hpp
[7.141s] -- Up-to-date: /home/stepan/ws_ros2/install/px4_msgs/include/px4_msgs/px4_msgs/msg/detail/gimbal_device_attitude_status__rosidl_typesupport_introspection_cpp.hpp
[7.141s] -- Up-to-date: /home/stepan/ws_ros2/install/px4_msgs/include/px4_msgs/px4_msgs/msg/detail/sensor_preflight_mag__type_support.cpp
[7.142s] -- Up-to-date: /home/stepan/ws_ros2/install/px4_msgs/include/px4_msgs/px4_msgs/msg/detail/vtol_vehicle_status__rosidl_typesupport_introspection_cpp.hpp
[7.142s] -- Up-to-date: /home/stepan/ws_ros2/install/px4_msgs/include/px4_msgs/px4_msgs/msg/detail/vehicle_optical_flow__rosidl_typesupport_introspection_cpp.hpp
[7.142s] -- Up-to-date: /home/stepan/ws_ros2/install/px4_msgs/include/px4_msgs/px4_msgs/msg/detail/gripper__type_support.cpp
[7.142s] -- Up-to-date: /home/stepan/ws_ros2/install/px4_msgs/include/px4_msgs/px4_msgs/msg/detail/vehicle_optical_flow__type_support.cpp
[7.143s] -- Up-to-date: /home/stepan/ws_ros2/install/px4_msgs/include/px4_msgs/px4_msgs/msg/detail/fuel_tank_status__rosidl_typesupport_introspection_cpp.hpp
[7.143s] -- Up-to-date: /home/stepan/ws_ros2/install/px4_msgs/include/px4_msgs/px4_msgs/msg/detail/estimator_status_flags__rosidl_typesupport_introspection_cpp.hpp
[7.143s] -- Up-to-date: /home/stepan/ws_ros2/install/px4_msgs/include/px4_msgs/px4_msgs/msg/detail/gps_inject_data__rosidl_typesupport_introspection_cpp.hpp
[7.143s] -- Up-to-date: /home/stepan/ws_ros2/install/px4_msgs/include/px4_msgs/px4_msgs/msg/detail/gimbal_manager_set_attitude__rosidl_typesupport_introspection_cpp.hpp
[7.143s] -- Up-to-date: /home/stepan/ws_ros2/install/px4_msgs/include/px4_msgs/px4_msgs/msg/detail/failure_detector_status__type_support.cpp
[7.143s] -- Up-to-date: /home/stepan/ws_ros2/install/px4_msgs/include/px4_msgs/px4_msgs/msg/detail/rover_position_setpoint__rosidl_typesupport_introspection_cpp.hpp
[7.143s] -- Up-to-date: /home/stepan/ws_ros2/install/px4_msgs/include/px4_msgs/px4_msgs/msg/detail/airspeed_wind__type_support.cpp
[7.144s] -- Up-to-date: /home/stepan/ws_ros2/install/px4_msgs/include/px4_msgs/px4_msgs/msg/detail/estimator_aid_source2d__type_support.cpp
[7.144s] -- Up-to-date: /home/stepan/ws_ros2/install/px4_msgs/include/px4_msgs/px4_msgs/msg/detail/event__type_support.cpp
[7.144s] -- Up-to-date: /home/stepan/ws_ros2/install/px4_msgs/include/px4_msgs/px4_msgs/msg/detail/estimator_aid_source3d__type_support.cpp
[7.144s] -- Up-to-date: /home/stepan/ws_ros2/install/px4_msgs/include/px4_msgs/px4_msgs/msg/detail/trajectory_setpoint6dof__rosidl_typesupport_introspection_cpp.hpp
[7.144s] -- Up-to-date: /home/stepan/ws_ros2/install/px4_msgs/include/px4_msgs/px4_msgs/msg/detail/internal_combustion_engine_control__type_support.cpp
[7.144s] -- Up-to-date: /home/stepan/ws_ros2/install/px4_msgs/include/px4_msgs/px4_msgs/msg/detail/rtl_time_estimate__type_support.cpp
[7.144s] -- Up-to-date: /home/stepan/ws_ros2/install/px4_msgs/include/px4_msgs/px4_msgs/msg/detail/differential_pressure__type_support.cpp
[7.144s] -- Up-to-date: /home/stepan/ws_ros2/install/px4_msgs/include/px4_msgs/px4_msgs/msg/detail/sensor_uwb__rosidl_typesupport_introspection_cpp.hpp
[7.144s] -- Up-to-date: /home/stepan/ws_ros2/install/px4_msgs/include/px4_msgs/px4_msgs/msg/detail/system_power__rosidl_typesupport_introspection_cpp.hpp
[7.145s] -- Up-to-date: /home/stepan/ws_ros2/install/px4_msgs/include/px4_msgs/px4_msgs/msg/detail/vehicle_global_position__rosidl_typesupport_introspection_cpp.hpp
[7.145s] -- Up-to-date: /home/stepan/ws_ros2/install/px4_msgs/include/px4_msgs/px4_msgs/msg/detail/vehicle_local_position_setpoint__type_support.cpp
[7.145s] -- Up-to-date: /home/stepan/ws_ros2/install/px4_msgs/include/px4_msgs/px4_msgs/msg/detail/sensor_gps__rosidl_typesupport_introspection_cpp.hpp
[7.145s] -- Up-to-date: /home/stepan/ws_ros2/install/px4_msgs/include/px4_msgs/px4_msgs/msg/detail/vehicle_acceleration__type_support.cpp
[7.145s] -- Up-to-date: /home/stepan/ws_ros2/install/px4_msgs/include/px4_msgs/px4_msgs/msg/detail/ulog_stream__rosidl_typesupport_introspection_cpp.hpp
[7.145s] -- Up-to-date: /home/stepan/ws_ros2/install/px4_msgs/include/px4_msgs/px4_msgs/msg/detail/estimator_innovations__type_support.cpp
[7.145s] -- Up-to-date: /home/stepan/ws_ros2/install/px4_msgs/include/px4_msgs/px4_msgs/msg/detail/uavcan_parameter_request__type_support.cpp
[7.145s] -- Up-to-date: /home/stepan/ws_ros2/install/px4_msgs/include/px4_msgs/px4_msgs/msg/detail/estimator_event_flags__type_support.cpp
[7.146s] -- Up-to-date: /home/stepan/ws_ros2/install/px4_msgs/include/px4_msgs/px4_msgs/msg/detail/sensor_gnss_relative__type_support.cpp
[7.146s] -- Up-to-date: /home/stepan/ws_ros2/install/px4_msgs/include/px4_msgs/px4_msgs/msg/detail/open_drone_id_operator_id__rosidl_typesupport_introspection_cpp.hpp
[7.146s] -- Up-to-date: /home/stepan/ws_ros2/install/px4_msgs/include/px4_msgs/px4_msgs/msg/detail/collision_constraints__rosidl_typesupport_introspection_cpp.hpp
[7.146s] -- Up-to-date: /home/stepan/ws_ros2/install/px4_msgs/include/px4_msgs/px4_msgs/msg/detail/actuator_armed__rosidl_typesupport_introspection_cpp.hpp
[7.146s] -- Up-to-date: /home/stepan/ws_ros2/install/px4_msgs/include/px4_msgs/px4_msgs/msg/detail/open_drone_id_self_id__rosidl_typesupport_introspection_cpp.hpp
[7.146s] -- Up-to-date: /home/stepan/ws_ros2/install/px4_msgs/include/px4_msgs/px4_msgs/msg/detail/landing_target_pose__type_support.cpp
[7.146s] -- Up-to-date: /home/stepan/ws_ros2/install/px4_msgs/include/px4_msgs/px4_msgs/msg/detail/landing_gear__type_support.cpp
[7.146s] -- Up-to-date: /home/stepan/ws_ros2/install/px4_msgs/include/px4_msgs/px4_msgs/msg/detail/vehicle_optical_flow_vel__rosidl_typesupport_introspection_cpp.hpp
[7.147s] -- Up-to-date: /home/stepan/ws_ros2/install/px4_msgs/include/px4_msgs/px4_msgs/msg/detail/generator_status__type_support.cpp
[7.147s] -- Up-to-date: /home/stepan/ws_ros2/install/px4_msgs/include/px4_msgs/px4_msgs/msg/detail/hover_thrust_estimate__rosidl_typesupport_introspection_cpp.hpp
[7.148s] -- Up-to-date: /home/stepan/ws_ros2/install/px4_msgs/include/px4_msgs/px4_msgs/msg/detail/actuator_servos_trim__rosidl_typesupport_introspection_cpp.hpp
[7.148s] -- Up-to-date: /home/stepan/ws_ros2/install/px4_msgs/include/px4_msgs/px4_msgs/msg/detail/mavlink_tunnel__rosidl_typesupport_introspection_cpp.hpp
[7.148s] -- Up-to-date: /home/stepan/ws_ros2/install/px4_msgs/include/px4_msgs/px4_msgs/msg/detail/orb_test__rosidl_typesupport_introspection_cpp.hpp
[7.149s] -- Up-to-date: /home/stepan/ws_ros2/install/px4_msgs/include/px4_msgs/px4_msgs/msg/detail/qshell_retval__type_support.cpp
[7.149s] -- Up-to-date: /home/stepan/ws_ros2/install/px4_msgs/include/px4_msgs/px4_msgs/msg/detail/orbit_status__rosidl_typesupport_introspection_cpp.hpp
[7.150s] -- Up-to-date: /home/stepan/ws_ros2/install/px4_msgs/include/px4_msgs/px4_msgs/msg/detail/sensor_airflow__type_support.cpp
[7.153s] -- Up-to-date: /home/stepan/ws_ros2/install/px4_msgs/include/px4_msgs/px4_msgs/msg/detail/vehicle_command_ack__type_support.cpp
[7.153s] -- Up-to-date: /home/stepan/ws_ros2/install/px4_msgs/include/px4_msgs/px4_msgs/msg/detail/gimbal_manager_set_manual_control__type_support.cpp
[7.153s] -- Up-to-date: /home/stepan/ws_ros2/install/px4_msgs/include/px4_msgs/px4_msgs/msg/detail/gpio_in__type_support.cpp
[7.153s] -- Up-to-date: /home/stepan/ws_ros2/install/px4_msgs/include/px4_msgs/px4_msgs/msg/detail/orb_test_medium__rosidl_typesupport_introspection_cpp.hpp
[7.154s] -- Up-to-date: /home/stepan/ws_ros2/install/px4_msgs/include/px4_msgs/px4_msgs/msg/detail/gpio_request__rosidl_typesupport_introspection_cpp.hpp
[7.156s] -- Up-to-date: /home/stepan/ws_ros2/install/px4_msgs/include/px4_msgs/px4_msgs/msg/detail/vehicle_status__type_support.cpp
[7.157s] -- Up-to-date: /home/stepan/ws_ros2/install/px4_msgs/include/px4_msgs/px4_msgs/msg/detail/control_allocator_status__type_support.cpp
[7.158s] -- Up-to-date: /home/stepan/ws_ros2/install/px4_msgs/include/px4_msgs/px4_msgs/msg/detail/sensors_status__type_support.cpp
[7.158s] -- Up-to-date: /home/stepan/ws_ros2/install/px4_msgs/include/px4_msgs/px4_msgs/msg/detail/px4io_status__rosidl_typesupport_introspection_cpp.hpp
[7.158s] -- Up-to-date: /home/stepan/ws_ros2/install/px4_msgs/include/px4_msgs/px4_msgs/msg/detail/parameter_update__rosidl_typesupport_introspection_cpp.hpp
[7.158s] -- Up-to-date: /home/stepan/ws_ros2/install/px4_msgs/include/px4_msgs/px4_msgs/msg/detail/position_setpoint_triplet__type_support.cpp
[7.159s] -- Up-to-date: /home/stepan/ws_ros2/install/px4_msgs/include/px4_msgs/px4_msgs/msg/detail/estimator_sensor_bias__type_support.cpp
[7.161s] -- Up-to-date: /home/stepan/ws_ros2/install/px4_msgs/include/px4_msgs/px4_msgs/msg/detail/normalized_unsigned_setpoint__type_support.cpp
[7.161s] -- Up-to-date: /home/stepan/ws_ros2/install/px4_msgs/include/px4_msgs/px4_msgs/msg/detail/fuel_tank_status__type_support.cpp
[7.161s] -- Up-to-date: /home/stepan/ws_ros2/install/px4_msgs/include/px4_msgs/px4_msgs/msg/detail/landing_target_pose__rosidl_typesupport_introspection_cpp.hpp
[7.161s] -- Up-to-date: /home/stepan/ws_ros2/install/px4_msgs/include/px4_msgs/px4_msgs/msg/detail/estimator_aid_source1d__type_support.cpp
[7.161s] -- Up-to-date: /home/stepan/ws_ros2/install/px4_msgs/include/px4_msgs/px4_msgs/msg/detail/internal_combustion_engine_control__rosidl_typesupport_introspection_cpp.hpp
[7.162s] -- Up-to-date: /home/stepan/ws_ros2/install/px4_msgs/include/px4_msgs/px4_msgs/msg/detail/sensor_selection__type_support.cpp
[7.162s] -- Up-to-date: /home/stepan/ws_ros2/install/px4_msgs/include/px4_msgs/px4_msgs/msg/detail/open_drone_id_arm_status__type_support.cpp
[7.163s] -- Up-to-date: /home/stepan/ws_ros2/install/px4_msgs/include/px4_msgs/px4_msgs/msg/detail/task_stack_info__rosidl_typesupport_introspection_cpp.hpp
[7.163s] -- Up-to-date: /home/stepan/ws_ros2/install/px4_msgs/include/px4_msgs/px4_msgs/msg/detail/rtl_time_estimate__rosidl_typesupport_introspection_cpp.hpp
[7.163s] -- Up-to-date: /home/stepan/ws_ros2/install/px4_msgs/include/px4_msgs/px4_msgs/msg/detail/actuator_armed__type_support.cpp
[7.163s] -- Up-to-date: /home/stepan/ws_ros2/install/px4_msgs/include/px4_msgs/px4_msgs/msg/detail/tune_control__rosidl_typesupport_introspection_cpp.hpp
[7.163s] -- Up-to-date: /home/stepan/ws_ros2/install/px4_msgs/include/px4_msgs/px4_msgs/msg/detail/mission_result__type_support.cpp
[7.164s] -- Up-to-date: /home/stepan/ws_ros2/install/px4_msgs/include/px4_msgs/px4_msgs/msg/detail/vehicle_control_mode__type_support.cpp
[7.164s] -- Up-to-date: /home/stepan/ws_ros2/install/px4_msgs/include/px4_msgs/px4_msgs/msg/detail/pwm_input__type_support.cpp
[7.166s] -- Up-to-date: /home/stepan/ws_ros2/install/px4_msgs/include/px4_msgs/px4_msgs/msg/detail/launch_detection_status__rosidl_typesupport_introspection_cpp.hpp
[7.167s] -- Up-to-date: /home/stepan/ws_ros2/install/px4_msgs/include/px4_msgs/px4_msgs/msg/detail/wheel_encoders__type_support.cpp
[7.167s] -- Up-to-date: /home/stepan/ws_ros2/install/px4_msgs/include/px4_msgs/px4_msgs/msg/detail/gps_dump__rosidl_typesupport_introspection_cpp.hpp
[7.167s] -- Up-to-date: /home/stepan/ws_ros2/install/px4_msgs/include/px4_msgs/px4_msgs/msg/detail/actuator_servos_trim__type_support.cpp
[7.167s] -- Up-to-date: /home/stepan/ws_ros2/install/px4_msgs/include/px4_msgs/px4_msgs/msg/detail/tune_control__type_support.cpp
[7.167s] -- Up-to-date: /home/stepan/ws_ros2/install/px4_msgs/include/px4_msgs/px4_msgs/msg/detail/rc_parameter_map__rosidl_typesupport_introspection_cpp.hpp
[7.167s] -- Up-to-date: /home/stepan/ws_ros2/install/px4_msgs/include/px4_msgs/px4_msgs/msg/detail/airspeed__type_support.cpp
[7.168s] -- Up-to-date: /home/stepan/ws_ros2/install/px4_msgs/include/px4_msgs/px4_msgs/msg/detail/gimbal_device_attitude_status__type_support.cpp
[7.168s] -- Up-to-date: /home/stepan/ws_ros2/install/px4_msgs/include/px4_msgs/px4_msgs/msg/detail/sensor_correction__type_support.cpp
[7.168s] -- Up-to-date: /home/stepan/ws_ros2/install/px4_msgs/include/px4_msgs/px4_msgs/msg/detail/vehicle_command__type_support.cpp
[7.168s] -- Up-to-date: /home/stepan/ws_ros2/install/px4_msgs/include/px4_msgs/px4_msgs/msg/detail/button_event__type_support.cpp
[7.168s] -- Up-to-date: /home/stepan/ws_ros2/install/px4_msgs/include/px4_msgs/px4_msgs/msg/detail/sensor_gyro__rosidl_typesupport_introspection_cpp.hpp
[7.168s] -- Up-to-date: /home/stepan/ws_ros2/install/px4_msgs/include/px4_msgs/px4_msgs/msg/detail/pure_pursuit_status__type_support.cpp
[7.168s] -- Up-to-date: /home/stepan/ws_ros2/install/px4_msgs/include/px4_msgs/px4_msgs/msg/detail/trajectory_setpoint__type_support.cpp
[7.169s] -- Up-to-date: /home/stepan/ws_ros2/install/px4_msgs/include/px4_msgs/px4_msgs/msg/detail/dataman_request__rosidl_typesupport_introspection_cpp.hpp
[7.169s] -- Up-to-date: /home/stepan/ws_ros2/install/px4_msgs/include/px4_msgs/px4_msgs/msg/detail/geofence_result__type_support.cpp
[7.169s] -- Up-to-date: /home/stepan/ws_ros2/install/px4_msgs/include/px4_msgs/px4_msgs/msg/detail/arming_check_request__rosidl_typesupport_introspection_cpp.hpp
[7.169s] -- Up-to-date: /home/stepan/ws_ros2/install/px4_msgs/include/px4_msgs/px4_msgs/msg/detail/event__rosidl_typesupport_introspection_cpp.hpp
[7.169s] -- Up-to-date: /home/stepan/ws_ros2/install/px4_msgs/include/px4_msgs/px4_msgs/msg/detail/vehicle_acceleration__rosidl_typesupport_introspection_cpp.hpp
[7.169s] -- Up-to-date: /home/stepan/ws_ros2/install/px4_msgs/include/px4_msgs/px4_msgs/msg/detail/rover_velocity_status__rosidl_typesupport_introspection_cpp.hpp
[7.169s] -- Up-to-date: /home/stepan/ws_ros2/install/px4_msgs/include/px4_msgs/px4_msgs/msg/detail/estimator_aid_source3d__rosidl_typesupport_introspection_cpp.hpp
[7.169s] -- Up-to-date: /home/stepan/ws_ros2/install/px4_msgs/include/px4_msgs/px4_msgs/msg/detail/cpuload__type_support.cpp
[7.170s] -- Up-to-date: /home/stepan/ws_ros2/install/px4_msgs/include/px4_msgs/px4_msgs/msg/detail/unregister_ext_component__type_support.cpp
[7.170s] -- Up-to-date: /home/stepan/ws_ros2/install/px4_msgs/include/px4_msgs/px4_msgs/msg/detail/takeoff_status__rosidl_typesupport_introspection_cpp.hpp
[7.171s] -- Up-to-date: /home/stepan/ws_ros2/install/px4_msgs/include/px4_msgs/px4_msgs/msg/detail/failsafe_flags__type_support.cpp
[7.171s] -- Up-to-date: /home/stepan/ws_ros2/install/px4_msgs/include/px4_msgs/px4_msgs/msg/detail/can_interface_status__rosidl_typesupport_introspection_cpp.hpp
[7.171s] -- Up-to-date: /home/stepan/ws_ros2/install/px4_msgs/include/px4_msgs/px4_msgs/msg/detail/vehicle_angular_velocity__rosidl_typesupport_introspection_cpp.hpp
[7.171s] -- Up-to-date: /home/stepan/ws_ros2/install/px4_msgs/include/px4_msgs/px4_msgs/msg/detail/qshell_req__rosidl_typesupport_introspection_cpp.hpp
[7.171s] -- Up-to-date: /home/stepan/ws_ros2/install/px4_msgs/include/px4_msgs/px4_msgs/msg/detail/position_controller_landing_status__type_support.cpp
[7.171s] -- Up-to-date: /home/stepan/ws_ros2/install/px4_msgs/include/px4_msgs/px4_msgs/msg/detail/onboard_computer_status__rosidl_typesupport_introspection_cpp.hpp
[7.172s] -- Up-to-date: /home/stepan/ws_ros2/install/px4_msgs/include/px4_msgs/px4_msgs/msg/detail/gimbal_manager_information__type_support.cpp
[7.172s] -- Up-to-date: /home/stepan/ws_ros2/install/px4_msgs/include/px4_msgs/px4_msgs/msg/detail/power_button_state__rosidl_typesupport_introspection_cpp.hpp
[7.172s] -- Up-to-date: /home/stepan/ws_ros2/install/px4_msgs/include/px4_msgs/px4_msgs/msg/detail/vehicle_constraints__rosidl_typesupport_introspection_cpp.hpp
[7.172s] -- Up-to-date: /home/stepan/ws_ros2/install/px4_msgs/include/px4_msgs/px4_msgs/msg/detail/actuator_outputs__type_support.cpp
[7.172s] -- Up-to-date: /home/stepan/ws_ros2/install/px4_msgs/include/px4_msgs/px4_msgs/msg/detail/vehicle_attitude_setpoint__type_support.cpp
[7.172s] -- Up-to-date: /home/stepan/ws_ros2/install/px4_msgs/include/px4_msgs/px4_msgs/msg/detail/gimbal_device_set_attitude__type_support.cpp
[7.172s] -- Up-to-date: /home/stepan/ws_ros2/install/px4_msgs/include/px4_msgs/px4_msgs/msg/detail/estimator_bias3d__type_support.cpp
[7.172s] -- Up-to-date: /home/stepan/ws_ros2/install/px4_msgs/include/px4_msgs/px4_msgs/msg/detail/landing_gear__rosidl_typesupport_introspection_cpp.hpp
[7.173s] -- Up-to-date: /home/stepan/ws_ros2/install/px4_msgs/include/px4_msgs/px4_msgs/msg/detail/vehicle_command__rosidl_typesupport_introspection_cpp.hpp
[7.173s] -- Up-to-date: /home/stepan/ws_ros2/install/px4_msgs/include/px4_msgs/px4_msgs/msg/detail/register_ext_component_request__rosidl_typesupport_introspection_cpp.hpp
[7.174s] -- Up-to-date: /home/stepan/ws_ros2/install/px4_msgs/include/px4_msgs/px4_msgs/msg/detail/parameter_set_used_request__rosidl_typesupport_introspection_cpp.hpp
[7.174s] -- Up-to-date: /home/stepan/ws_ros2/install/px4_msgs/include/px4_msgs/px4_msgs/msg/detail/follow_target__rosidl_typesupport_introspection_cpp.hpp
[7.174s] -- Up-to-date: /home/stepan/ws_ros2/install/px4_msgs/include/px4_msgs/px4_msgs/msg/detail/navigator_mission_item__rosidl_typesupport_introspection_cpp.hpp
[7.175s] -- Up-to-date: /home/stepan/ws_ros2/install/px4_msgs/include/px4_msgs/px4_msgs/msg/detail/rc_channels__rosidl_typesupport_introspection_cpp.hpp
[7.176s] -- Up-to-date: /home/stepan/ws_ros2/install/px4_msgs/include/px4_msgs/px4_msgs/msg/detail/distance_sensor_mode_change_request__rosidl_typesupport_introspection_cpp.hpp
[7.177s] -- Up-to-date: /home/stepan/ws_ros2/install/px4_msgs/include/px4_msgs/px4_msgs/msg/detail/button_event__rosidl_typesupport_introspection_cpp.hpp
[7.177s] -- Up-to-date: /home/stepan/ws_ros2/install/px4_msgs/include/px4_msgs/px4_msgs/msg/detail/logger_status__type_support.cpp
[7.177s] -- Up-to-date: /home/stepan/ws_ros2/install/px4_msgs/include/px4_msgs/px4_msgs/msg/detail/irlock_report__type_support.cpp
[7.177s] -- Up-to-date: /home/stepan/ws_ros2/install/px4_msgs/include/px4_msgs/px4_msgs/msg/detail/esc_status__rosidl_typesupport_introspection_cpp.hpp
[7.177s] -- Up-to-date: /home/stepan/ws_ros2/install/px4_msgs/include/px4_msgs/px4_msgs/msg/detail/pwm_input__rosidl_typesupport_introspection_cpp.hpp
[7.177s] -- Up-to-date: /home/stepan/ws_ros2/install/px4_msgs/include/px4_msgs/px4_msgs/msg/detail/gimbal_manager_status__type_support.cpp
[7.178s] -- Up-to-date: /home/stepan/ws_ros2/install/px4_msgs/include/px4_msgs/px4_msgs/msg/detail/manual_control_setpoint__rosidl_typesupport_introspection_cpp.hpp
[7.178s] -- Up-to-date: /home/stepan/ws_ros2/install/px4_msgs/include/px4_msgs/px4_msgs/msg/detail/vehicle_command_ack__rosidl_typesupport_introspection_cpp.hpp
[7.178s] -- Up-to-date: /home/stepan/ws_ros2/install/px4_msgs/include/px4_msgs/px4_msgs/msg/detail/vehicle_attitude__type_support.cpp
[7.178s] -- Up-to-date: /home/stepan/ws_ros2/install/px4_msgs/include/px4_msgs/px4_msgs/msg/detail/parameter_update__type_support.cpp
[7.178s] -- Up-to-date: /home/stepan/ws_ros2/install/px4_msgs/include/px4_msgs/px4_msgs/msg/detail/sensor_accel_fifo__type_support.cpp
[7.179s] -- Up-to-date: /home/stepan/ws_ros2/install/px4_msgs/include/px4_msgs/px4_msgs/msg/detail/magnetometer_bias_estimate__type_support.cpp
[7.179s] -- Up-to-date: /home/stepan/ws_ros2/install/px4_msgs/include/px4_msgs/px4_msgs/msg/detail/mount_orientation__type_support.cpp
[7.181s] -- Up-to-date: /home/stepan/ws_ros2/install/px4_msgs/include/px4_msgs/px4_msgs/msg/detail/rtl_status__rosidl_typesupport_introspection_cpp.hpp
[7.185s] -- Up-to-date: /home/stepan/ws_ros2/install/px4_msgs/include/px4_msgs/px4_msgs/msg/detail/vehicle_optical_flow_vel__type_support.cpp
[7.185s] -- Up-to-date: /home/stepan/ws_ros2/install/px4_msgs/include/px4_msgs/px4_msgs/msg/detail/open_drone_id_system__rosidl_typesupport_introspection_cpp.hpp
[7.185s] -- Up-to-date: /home/stepan/ws_ros2/install/px4_msgs/include/px4_msgs/px4_msgs/msg/detail/gimbal_controls__type_support.cpp
[7.186s] -- Up-to-date: /home/stepan/ws_ros2/install/px4_msgs/include/px4_msgs/px4_msgs/msg/detail/vehicle_thrust_setpoint__type_support.cpp
[7.186s] -- Up-to-date: /home/stepan/ws_ros2/install/px4_msgs/include/px4_msgs/px4_msgs/msg/detail/sensor_optical_flow__type_support.cpp
[7.186s] -- Up-to-date: /home/stepan/ws_ros2/install/px4_msgs/include/px4_msgs/px4_msgs/msg/detail/offboard_control_mode__rosidl_typesupport_introspection_cpp.hpp
[7.188s] -- Up-to-date: /home/stepan/ws_ros2/install/px4_msgs/include/px4_msgs/px4_msgs/msg/detail/gimbal_manager_status__rosidl_typesupport_introspection_cpp.hpp
[7.188s] -- Up-to-date: /home/stepan/ws_ros2/install/px4_msgs/include/px4_msgs/px4_msgs/msg/detail/landing_gear_wheel__rosidl_typesupport_introspection_cpp.hpp
[7.188s] -- Up-to-date: /home/stepan/ws_ros2/install/px4_msgs/include/px4_msgs/px4_msgs/msg/detail/vehicle_angular_acceleration_setpoint__rosidl_typesupport_introspection_cpp.hpp
[7.188s] -- Up-to-date: /home/stepan/ws_ros2/install/px4_msgs/include/px4_msgs/px4_msgs/msg/detail/power_monitor__type_support.cpp
[7.189s] -- Up-to-date: /home/stepan/ws_ros2/install/px4_msgs/include/px4_msgs/px4_msgs/msg/detail/flight_phase_estimation__rosidl_typesupport_introspection_cpp.hpp
[7.189s] -- Up-to-date: /home/stepan/ws_ros2/install/px4_msgs/include/px4_msgs/px4_msgs/msg/detail/mag_worker_data__rosidl_typesupport_introspection_cpp.hpp
[7.191s] -- Up-to-date: /home/stepan/ws_ros2/install/px4_msgs/include/px4_msgs/px4_msgs/msg/detail/velocity_limits__type_support.cpp
[7.191s] -- Up-to-date: /home/stepan/ws_ros2/install/px4_msgs/include/px4_msgs/px4_msgs/msg/detail/dataman_response__type_support.cpp
[7.191s] -- Up-to-date: /home/stepan/ws_ros2/install/px4_msgs/include/px4_msgs/px4_msgs/msg/detail/wind__rosidl_typesupport_introspection_cpp.hpp
[7.192s] -- Up-to-date: /home/stepan/ws_ros2/install/px4_msgs/include/px4_msgs/px4_msgs/msg/detail/landing_target_innovations__type_support.cpp
[7.193s] -- Up-to-date: /home/stepan/ws_ros2/install/px4_msgs/include/px4_msgs/px4_msgs/msg/detail/navigator_status__rosidl_typesupport_introspection_cpp.hpp
[7.193s] -- Up-to-date: /home/stepan/ws_ros2/install/px4_msgs/include/px4_msgs/px4_msgs/msg/detail/ekf2_timestamps__rosidl_typesupport_introspection_cpp.hpp
[7.194s] -- Up-to-date: /home/stepan/ws_ros2/install/px4_msgs/include/px4_msgs/px4_msgs/msg/detail/rate_ctrl_status__type_support.cpp
[7.194s] -- Up-to-date: /home/stepan/ws_ros2/install/px4_msgs/include/px4_msgs/px4_msgs/msg/detail/rc_parameter_map__type_support.cpp
[7.194s] -- Up-to-date: /home/stepan/ws_ros2/install/px4_msgs/include/px4_msgs/px4_msgs/msg/detail/message_format_response__rosidl_typesupport_introspection_cpp.hpp
[7.194s] -- Up-to-date: /home/stepan/ws_ros2/install/px4_msgs/include/px4_msgs/px4_msgs/msg/detail/orb_test_medium__type_support.cpp
[7.194s] -- Up-to-date: /home/stepan/ws_ros2/install/px4_msgs/include/px4_msgs/px4_msgs/msg/detail/vehicle_air_data__rosidl_typesupport_introspection_cpp.hpp
[7.195s] -- Up-to-date: /home/stepan/ws_ros2/install/px4_msgs/include/px4_msgs/px4_msgs/msg/detail/rover_throttle_setpoint__rosidl_typesupport_introspection_cpp.hpp
[7.195s] -- Up-to-date: /home/stepan/ws_ros2/install/px4_msgs/include/px4_msgs/px4_msgs/msg/detail/estimator_innovations__rosidl_typesupport_introspection_cpp.hpp
[7.195s] -- Up-to-date: /home/stepan/ws_ros2/install/px4_msgs/include/px4_msgs/px4_msgs/msg/detail/npfg_status__rosidl_typesupport_introspection_cpp.hpp
[7.195s] -- Up-to-date: /home/stepan/ws_ros2/install/px4_msgs/include/px4_msgs/px4_msgs/msg/detail/position_controller_landing_status__rosidl_typesupport_introspection_cpp.hpp
[7.195s] -- Up-to-date: /home/stepan/ws_ros2/install/px4_msgs/include/px4_msgs/px4_msgs/msg/detail/transponder_report__type_support.cpp
[7.199s] -- Up-to-date: /home/stepan/ws_ros2/install/px4_msgs/include/px4_msgs/px4_msgs/msg/detail/vehicle_torque_setpoint__rosidl_typesupport_introspection_cpp.hpp
[7.200s] -- Up-to-date: /home/stepan/ws_ros2/install/px4_msgs/include/px4_msgs/px4_msgs/msg/detail/message_format_response__type_support.cpp
[7.201s] -- Up-to-date: /home/stepan/ws_ros2/install/px4_msgs/include/px4_msgs/px4_msgs/msg/detail/rpm__type_support.cpp
[7.201s] -- Up-to-date: /home/stepan/ws_ros2/install/px4_msgs/include/px4_msgs/px4_msgs/msg/detail/sensor_accel_fifo__rosidl_typesupport_introspection_cpp.hpp
[7.201s] -- Up-to-date: /home/stepan/ws_ros2/install/px4_msgs/include/px4_msgs/px4_msgs/msg/detail/message_format_request__rosidl_typesupport_introspection_cpp.hpp
[7.201s] -- Up-to-date: /home/stepan/ws_ros2/install/px4_msgs/include/px4_msgs/px4_msgs/msg/detail/camera_capture__type_support.cpp
[7.201s] -- Up-to-date: /home/stepan/ws_ros2/install/px4_msgs/include/px4_msgs/px4_msgs/msg/detail/ulog_stream__type_support.cpp
[7.201s] -- Up-to-date: /home/stepan/ws_ros2/install/px4_msgs/include/px4_msgs/px4_msgs/msg/detail/parameter_set_value_request__rosidl_typesupport_introspection_cpp.hpp
[7.201s] -- Up-to-date: /home/stepan/ws_ros2/install/px4_msgs/include/px4_msgs/px4_msgs/msg/detail/mag_worker_data__type_support.cpp
[7.201s] -- Up-to-date: /home/stepan/ws_ros2/install/px4_msgs/include/px4_msgs/px4_msgs/msg/detail/sensor_combined__type_support.cpp
[7.202s] -- Up-to-date: /home/stepan/ws_ros2/install/px4_msgs/include/px4_msgs/px4_msgs/msg/detail/rover_position_setpoint__type_support.cpp
[7.204s] -- Up-to-date: /home/stepan/ws_ros2/install/px4_msgs/include/px4_msgs/px4_msgs/msg/detail/magnetometer_bias_estimate__rosidl_typesupport_introspection_cpp.hpp
[7.204s] -- Up-to-date: /home/stepan/ws_ros2/install/px4_msgs/include/px4_msgs/px4_msgs/msg/detail/actuator_servos__rosidl_typesupport_introspection_cpp.hpp
[7.205s] -- Up-to-date: /home/stepan/ws_ros2/install/px4_msgs/include/px4_msgs/px4_msgs/msg/detail/gpio_out__rosidl_typesupport_introspection_cpp.hpp
[7.207s] -- Up-to-date: /home/stepan/ws_ros2/install/px4_msgs/include/px4_msgs/px4_msgs/msg/detail/manual_control_switches__type_support.cpp
[7.207s] -- Up-to-date: /home/stepan/ws_ros2/install/px4_msgs/include/px4_msgs/px4_msgs/msg/detail/vtol_vehicle_status__type_support.cpp
[7.208s] -- Up-to-date: /home/stepan/ws_ros2/install/px4_msgs/include/px4_msgs/px4_msgs/msg/detail/sensor_uwb__type_support.cpp
[7.208s] -- Up-to-date: /home/stepan/ws_ros2/install/px4_msgs/include/px4_msgs/px4_msgs/msg/detail/ping__rosidl_typesupport_introspection_cpp.hpp
[7.208s] -- Up-to-date: /home/stepan/ws_ros2/install/px4_msgs/include/px4_msgs/px4_msgs/msg/detail/led_control__rosidl_typesupport_introspection_cpp.hpp
[7.208s] -- Up-to-date: /home/stepan/ws_ros2/install/px4_msgs/include/px4_msgs/px4_msgs/msg/detail/estimator_states__type_support.cpp
[7.208s] -- Up-to-date: /home/stepan/ws_ros2/install/px4_msgs/include/px4_msgs/px4_msgs/msg/detail/internal_combustion_engine_status__rosidl_typesupport_introspection_cpp.hpp
[7.208s] -- Up-to-date: /home/stepan/ws_ros2/install/px4_msgs/include/px4_msgs/px4_msgs/msg/detail/config_overrides__type_support.cpp
[7.209s] -- Up-to-date: /home/stepan/ws_ros2/install/px4_msgs/include/px4_msgs/px4_msgs/msg/detail/airspeed_validated__type_support.cpp
[7.209s] -- Up-to-date: /home/stepan/ws_ros2/install/px4_msgs/include/px4_msgs/px4_msgs/msg/detail/obstacle_distance__rosidl_typesupport_introspection_cpp.hpp
[7.209s] -- Up-to-date: /home/stepan/ws_ros2/install/px4_msgs/include/px4_msgs/px4_msgs/msg/detail/npfg_status__type_support.cpp
[7.209s] -- Up-to-date: /home/stepan/ws_ros2/install/px4_msgs/include/px4_msgs/px4_msgs/msg/detail/camera_trigger__type_support.cpp
[7.210s] -- Up-to-date: /home/stepan/ws_ros2/install/px4_msgs/include/px4_msgs/px4_msgs/msg/detail/actuator_test__rosidl_typesupport_introspection_cpp.hpp
[7.210s] -- Up-to-date: /home/stepan/ws_ros2/install/px4_msgs/include/px4_msgs/px4_msgs/msg/detail/sensor_gyro_fft__rosidl_typesupport_introspection_cpp.hpp
[7.210s] -- Up-to-date: /home/stepan/ws_ros2/install/px4_msgs/include/px4_msgs/px4_msgs/msg/detail/gimbal_manager_information__rosidl_typesupport_introspection_cpp.hpp
[7.210s] -- Up-to-date: /home/stepan/ws_ros2/install/px4_msgs/include/px4_msgs/px4_msgs/msg/detail/gpio_config__rosidl_typesupport_introspection_cpp.hpp
[7.210s] -- Up-to-date: /home/stepan/ws_ros2/install/px4_msgs/include/px4_msgs/px4_msgs/msg/detail/follow_target_status__rosidl_typesupport_introspection_cpp.hpp
[7.210s] -- Up-to-date: /home/stepan/ws_ros2/install/px4_msgs/include/px4_msgs/px4_msgs/msg/detail/parameter_set_value_response__type_support.cpp
[7.210s] -- Up-to-date: /home/stepan/ws_ros2/install/px4_msgs/include/px4_msgs/px4_msgs/msg/detail/takeoff_status__type_support.cpp
[7.212s] -- Up-to-date: /home/stepan/ws_ros2/install/px4_msgs/include/px4_msgs/px4_msgs/msg/detail/radio_status__type_support.cpp
[7.212s] -- Up-to-date: /home/stepan/ws_ros2/install/px4_msgs/include/px4_msgs/px4_msgs/msg/detail/adc_report__type_support.cpp
[7.212s] -- Up-to-date: /home/stepan/ws_ros2/install/px4_msgs/include/px4_msgs/px4_msgs/msg/detail/navigator_mission_item__type_support.cpp
[7.212s] -- Up-to-date: /home/stepan/ws_ros2/install/px4_msgs/include/px4_msgs/px4_msgs/msg/detail/home_position__type_support.cpp
[7.212s] -- Up-to-date: /home/stepan/ws_ros2/install/px4_msgs/include/px4_msgs/px4_msgs/msg/detail/mount_orientation__rosidl_typesupport_introspection_cpp.hpp
[7.212s] -- Up-to-date: /home/stepan/ws_ros2/install/px4_msgs/include/px4_msgs/px4_msgs/msg/detail/heater_status__rosidl_typesupport_introspection_cpp.hpp
[7.212s] -- Up-to-date: /home/stepan/ws_ros2/install/px4_msgs/include/px4_msgs/px4_msgs/msg/detail/irlock_report__rosidl_typesupport_introspection_cpp.hpp
[7.212s] -- Up-to-date: /home/stepan/ws_ros2/install/px4_msgs/include/px4_msgs/px4_msgs/msg/detail/register_ext_component_request__type_support.cpp
[7.213s] -- Up-to-date: /home/stepan/ws_ros2/install/px4_msgs/include/px4_msgs/px4_msgs/msg/detail/actuator_controls_status__rosidl_typesupport_introspection_cpp.hpp
[7.213s] -- Up-to-date: /home/stepan/ws_ros2/install/px4_msgs/include/px4_msgs/px4_msgs/msg/detail/vehicle_thrust_setpoint__rosidl_typesupport_introspection_cpp.hpp
[7.213s] -- Up-to-date: /home/stepan/ws_ros2/install/px4_msgs/include/px4_msgs/px4_msgs/msg/detail/distance_sensor_mode_change_request__type_support.cpp
[7.213s] -- Up-to-date: /home/stepan/ws_ros2/install/px4_msgs/include/px4_msgs/px4_msgs/msg/detail/sensor_combined__rosidl_typesupport_introspection_cpp.hpp
[7.213s] -- Up-to-date: /home/stepan/ws_ros2/install/px4_msgs/include/px4_msgs/px4_msgs/msg/detail/estimator_event_flags__rosidl_typesupport_introspection_cpp.hpp
[7.213s] -- Up-to-date: /home/stepan/ws_ros2/install/px4_msgs/include/px4_msgs/px4_msgs/msg/detail/rover_attitude_status__rosidl_typesupport_introspection_cpp.hpp
[7.214s] -- Up-to-date: /home/stepan/ws_ros2/install/px4_msgs/include/px4_msgs/px4_msgs/msg/detail/power_monitor__rosidl_typesupport_introspection_cpp.hpp
[7.214s] -- Up-to-date: /home/stepan/ws_ros2/install/px4_msgs/include/px4_msgs/px4_msgs/msg/detail/mode_completed__type_support.cpp
[7.214s] -- Up-to-date: /home/stepan/ws_ros2/install/px4_msgs/include/px4_msgs/px4_msgs/msg/detail/obstacle_distance__type_support.cpp
[7.214s] -- Up-to-date: /home/stepan/ws_ros2/install/px4_msgs/include/px4_msgs/px4_msgs/msg/detail/mission_result__rosidl_typesupport_introspection_cpp.hpp
[7.214s] -- Up-to-date: /home/stepan/ws_ros2/install/px4_msgs/include/px4_msgs/px4_msgs/msg/detail/vehicle_imu_status__type_support.cpp
[7.214s] -- Up-to-date: /home/stepan/ws_ros2/install/px4_msgs/include/px4_msgs/px4_msgs/msg/detail/mavlink_log__rosidl_typesupport_introspection_cpp.hpp
[7.215s] -- Up-to-date: /home/stepan/ws_ros2/install/px4_msgs/include/px4_msgs/px4_msgs/msg/detail/vehicle_roi__rosidl_typesupport_introspection_cpp.hpp
[7.215s] -- Up-to-date: /home/stepan/ws_ros2/install/px4_msgs/include/px4_msgs/px4_msgs/msg/detail/rtl_status__type_support.cpp
[7.215s] -- Up-to-date: /home/stepan/ws_ros2/install/px4_msgs/include/px4_msgs/px4_msgs/msg/detail/vehicle_odometry__type_support.cpp
[7.215s] -- Up-to-date: /home/stepan/ws_ros2/install/px4_msgs/include/px4_msgs/px4_msgs/msg/detail/debug_key_value__rosidl_typesupport_introspection_cpp.hpp
[7.215s] -- Up-to-date: /home/stepan/ws_ros2/install/px4_msgs/include/px4_msgs/px4_msgs/msg/detail/arming_check_reply__rosidl_typesupport_introspection_cpp.hpp
[7.216s] -- Up-to-date: /home/stepan/ws_ros2/install/px4_msgs/include/px4_msgs/px4_msgs/msg/detail/rover_throttle_setpoint__type_support.cpp
[7.216s] -- Up-to-date: /home/stepan/ws_ros2/install/px4_msgs/include/px4_msgs/px4_msgs/msg/detail/ping__type_support.cpp
[7.216s] -- Up-to-date: /home/stepan/ws_ros2/install/px4_msgs/include/px4_msgs/px4_msgs/msg/detail/parameter_reset_request__rosidl_typesupport_introspection_cpp.hpp
[7.216s] -- Up-to-date: /home/stepan/ws_ros2/install/px4_msgs/include/px4_msgs/px4_msgs/msg/detail/actuator_outputs__rosidl_typesupport_introspection_cpp.hpp
[7.216s] -- Up-to-date: /home/stepan/ws_ros2/install/px4_msgs/include/px4_msgs/px4_msgs/msg/detail/actuator_controls_status__type_support.cpp
[7.216s] -- Up-to-date: /home/stepan/ws_ros2/install/px4_msgs/include/px4_msgs/px4_msgs/msg/detail/rc_channels__type_support.cpp
[7.216s] -- Up-to-date: /home/stepan/ws_ros2/install/px4_msgs/include/px4_msgs/px4_msgs/msg/detail/orb_test_large__type_support.cpp
[7.218s] -- Up-to-date: /home/stepan/ws_ros2/install/px4_msgs/include/px4_msgs/px4_msgs/msg/detail/open_drone_id_self_id__type_support.cpp
[7.219s] -- Up-to-date: /home/stepan/ws_ros2/install/px4_msgs/include/px4_msgs/px4_msgs/msg/detail/flight_phase_estimation__type_support.cpp
[7.219s] -- Up-to-date: /home/stepan/ws_ros2/install/px4_msgs/include/px4_msgs/px4_msgs/msg/detail/gpio_out__type_support.cpp
[7.219s] -- Up-to-date: /home/stepan/ws_ros2/install/px4_msgs/include/px4_msgs/px4_msgs/msg/detail/gripper__rosidl_typesupport_introspection_cpp.hpp
[7.219s] -- Up-to-date: /home/stepan/ws_ros2/install/px4_msgs/include/px4_msgs/px4_msgs/msg/detail/px4io_status__type_support.cpp
[7.219s] -- Up-to-date: /home/stepan/ws_ros2/install/px4_msgs/include/px4_msgs/px4_msgs/msg/detail/sensor_gyro_fft__type_support.cpp
[7.219s] -- Up-to-date: /home/stepan/ws_ros2/install/px4_msgs/include/px4_msgs/px4_msgs/msg/detail/tecs_status__type_support.cpp
[7.220s] -- Up-to-date: /home/stepan/ws_ros2/install/px4_msgs/include/px4_msgs/px4_msgs/msg/detail/battery_status__type_support.cpp
[7.220s] -- Up-to-date: /home/stepan/ws_ros2/install/px4_msgs/include/px4_msgs/px4_msgs/msg/detail/ackermann_velocity_setpoint__type_support.cpp
[7.220s] -- Up-to-date: /home/stepan/ws_ros2/install/px4_msgs/include/px4_msgs/px4_msgs/msg/detail/estimator_aid_source2d__rosidl_typesupport_introspection_cpp.hpp
[7.220s] -- Up-to-date: /home/stepan/ws_ros2/install/px4_msgs/include/px4_msgs/px4_msgs/msg/detail/follow_target_estimator__type_support.cpp
[7.221s] -- Up-to-date: /home/stepan/ws_ros2/install/px4_msgs/include/px4_msgs/px4_msgs/msg/detail/tiltrotor_extra_controls__type_support.cpp
[7.221s] -- Up-to-date: /home/stepan/ws_ros2/install/px4_msgs/include/px4_msgs/px4_msgs/msg/detail/position_controller_status__type_support.cpp
[7.221s] -- Up-to-date: /home/stepan/ws_ros2/install/px4_msgs/include/px4_msgs/px4_msgs/msg/detail/debug_array__rosidl_typesupport_introspection_cpp.hpp
[7.221s] -- Up-to-date: /home/stepan/ws_ros2/install/px4_msgs/include/px4_msgs/px4_msgs/msg/detail/vehicle_local_position__type_support.cpp
[7.221s] -- Up-to-date: /home/stepan/ws_ros2/install/px4_msgs/include/px4_msgs/px4_msgs/msg/detail/autotune_attitude_control_status__rosidl_typesupport_introspection_cpp.hpp
[7.221s] -- Up-to-date: /home/stepan/ws_ros2/install/px4_msgs/include/px4_msgs/px4_msgs/msg/detail/estimator_bias3d__rosidl_typesupport_introspection_cpp.hpp
[7.221s] -- Up-to-date: /home/stepan/ws_ros2/install/px4_msgs/include/px4_msgs/px4_msgs/msg/detail/radio_status__rosidl_typesupport_introspection_cpp.hpp
[7.222s] -- Up-to-date: /home/stepan/ws_ros2/install/px4_msgs/include/px4_msgs/px4_msgs/msg/detail/orb_test__type_support.cpp
[7.222s] -- Up-to-date: /home/stepan/ws_ros2/install/px4_msgs/include/px4_msgs/px4_msgs/msg/detail/transponder_report__rosidl_typesupport_introspection_cpp.hpp
[7.222s] -- Up-to-date: /home/stepan/ws_ros2/install/px4_msgs/include/px4_msgs/px4_msgs/msg/detail/sensor_accel__type_support.cpp
[7.222s] -- Up-to-date: /home/stepan/ws_ros2/install/px4_msgs/include/px4_msgs/px4_msgs/msg/detail/camera_trigger__rosidl_typesupport_introspection_cpp.hpp
[7.223s] -- Up-to-date: /home/stepan/ws_ros2/install/px4_msgs/include/px4_msgs/px4_msgs/msg/detail/estimator_bias__type_support.cpp
[7.223s] -- Up-to-date: /home/stepan/ws_ros2/install/px4_msgs/include/px4_msgs/px4_msgs/msg/detail/vehicle_status__rosidl_typesupport_introspection_cpp.hpp
[7.224s] -- Up-to-date: /home/stepan/ws_ros2/install/px4_msgs/include/px4_msgs/px4_msgs/msg/detail/debug_vect__type_support.cpp
[7.224s] -- Up-to-date: /home/stepan/ws_ros2/install/px4_msgs/include/px4_msgs/px4_msgs/msg/detail/sensor_accel__rosidl_typesupport_introspection_cpp.hpp
[7.225s] -- Up-to-date: /home/stepan/ws_ros2/install/px4_msgs/include/px4_msgs/px4_msgs/msg/detail/gimbal_device_set_attitude__rosidl_typesupport_introspection_cpp.hpp
[7.225s] -- Up-to-date: /home/stepan/ws_ros2/install/px4_msgs/include/px4_msgs/px4_msgs/msg/detail/uavcan_parameter_value__type_support.cpp
[7.225s] -- Up-to-date: /home/stepan/ws_ros2/install/px4_msgs/include/px4_msgs/px4_msgs/msg/detail/camera_status__rosidl_typesupport_introspection_cpp.hpp
[7.225s] -- Up-to-date: /home/stepan/ws_ros2/install/px4_msgs/include/px4_msgs/px4_msgs/msg/detail/timesync_status__rosidl_typesupport_introspection_cpp.hpp
[7.225s] -- Up-to-date: /home/stepan/ws_ros2/install/px4_msgs/include/px4_msgs/px4_msgs/msg/detail/internal_combustion_engine_status__type_support.cpp
[7.225s] -- Up-to-date: /home/stepan/ws_ros2/install/px4_msgs/include/px4_msgs/px4_msgs/msg/detail/logger_status__rosidl_typesupport_introspection_cpp.hpp
[7.225s] -- Up-to-date: /home/stepan/ws_ros2/install/px4_msgs/include/px4_msgs/px4_msgs/msg/detail/rover_steering_setpoint__type_support.cpp
[7.226s] -- Up-to-date: /home/stepan/ws_ros2/install/px4_msgs/include/px4_msgs/px4_msgs/msg/detail/sensor_gyro_fifo__type_support.cpp
[7.226s] -- Up-to-date: /home/stepan/ws_ros2/install/px4_msgs/include/px4_msgs/px4_msgs/msg/detail/iridiumsbd_status__type_support.cpp
[7.226s] -- Up-to-date: /home/stepan/ws_ros2/install/px4_msgs/include/px4_msgs/px4_msgs/msg/detail/telemetry_status__type_support.cpp
[7.227s] -- Up-to-date: /home/stepan/ws_ros2/install/px4_msgs/include/px4_msgs/px4_msgs/msg/detail/sensors_status__rosidl_typesupport_introspection_cpp.hpp
[7.228s] -- Up-to-date: /home/stepan/ws_ros2/install/px4_msgs/include/px4_msgs/px4_msgs/msg/detail/landing_gear_wheel__type_support.cpp
[7.228s] -- Up-to-date: /home/stepan/ws_ros2/install/px4_msgs/include/px4_msgs/px4_msgs/msg/detail/sensor_gnss_relative__rosidl_typesupport_introspection_cpp.hpp
[7.228s] -- Up-to-date: /home/stepan/ws_ros2/install/px4_msgs/include/px4_msgs/px4_msgs/msg/detail/airspeed_wind__rosidl_typesupport_introspection_cpp.hpp
[7.228s] -- Up-to-date: /home/stepan/ws_ros2/install/px4_msgs/include/px4_msgs/px4_msgs/msg/detail/open_drone_id_system__type_support.cpp
[7.228s] -- Up-to-date: /home/stepan/ws_ros2/install/px4_msgs/include/px4_msgs/px4_msgs/msg/detail/debug_array__type_support.cpp
[7.228s] -- Up-to-date: /home/stepan/ws_ros2/install/px4_msgs/include/px4_msgs/px4_msgs/msg/detail/geofence_result__rosidl_typesupport_introspection_cpp.hpp
[7.229s] -- Up-to-date: /home/stepan/ws_ros2/install/px4_msgs/include/px4_msgs/px4_msgs/msg/detail/vehicle_constraints__type_support.cpp
[7.229s] -- Up-to-date: /home/stepan/ws_ros2/install/px4_msgs/include/px4_msgs/px4_msgs/msg/detail/manual_control_switches__rosidl_typesupport_introspection_cpp.hpp
[7.229s] -- Up-to-date: /home/stepan/ws_ros2/install/px4_msgs/include/px4_msgs/px4_msgs/msg/detail/vehicle_attitude_setpoint__rosidl_typesupport_introspection_cpp.hpp
[7.229s] -- Up-to-date: /home/stepan/ws_ros2/install/px4_msgs/include/px4_msgs/px4_msgs/msg/detail/input_rc__type_support.cpp
[7.229s] -- Up-to-date: /home/stepan/ws_ros2/install/px4_msgs/include/px4_msgs/px4_msgs/msg/detail/ekf2_timestamps__type_support.cpp
[7.230s] -- Up-to-date: /home/stepan/ws_ros2/install/px4_msgs/include/px4_msgs/px4_msgs/msg/detail/mavlink_log__type_support.cpp
[7.231s] -- Up-to-date: /home/stepan/ws_ros2/install/px4_msgs/include/px4_msgs/px4_msgs/msg/detail/gpio_config__type_support.cpp
[7.231s] -- Up-to-date: /home/stepan/ws_ros2/install/px4_msgs/include/px4_msgs/px4_msgs/msg/detail/vehicle_control_mode__rosidl_typesupport_introspection_cpp.hpp
[7.232s] -- Up-to-date: /home/stepan/ws_ros2/install/px4_msgs/include/px4_msgs/px4_msgs/msg/detail/vehicle_magnetometer__type_support.cpp
[7.232s] -- Up-to-date: /home/stepan/ws_ros2/install/px4_msgs/include/px4_msgs/px4_msgs/msg/detail/debug_value__rosidl_typesupport_introspection_cpp.hpp
[7.233s] -- Up-to-date: /home/stepan/ws_ros2/install/px4_msgs/include/px4_msgs/px4_msgs/msg/detail/action_request__type_support.cpp
[7.233s] -- Up-to-date: /home/stepan/ws_ros2/install/px4_msgs/include/px4_msgs/px4_msgs/msg/detail/task_stack_info__type_support.cpp
[7.233s] -- Up-to-date: /home/stepan/ws_ros2/install/px4_msgs/include/px4_msgs/px4_msgs/msg/detail/debug_vect__rosidl_typesupport_introspection_cpp.hpp
[7.233s] -- Up-to-date: /home/stepan/ws_ros2/install/px4_msgs/include/px4_msgs/px4_msgs/msg/detail/wind__type_support.cpp
[7.233s] -- Up-to-date: /home/stepan/ws_ros2/install/px4_msgs/include/px4_msgs/px4_msgs/msg/detail/arming_check_reply__type_support.cpp
[7.234s] -- Up-to-date: /home/stepan/ws_ros2/install/px4_msgs/include/px4_msgs/px4_msgs/msg/detail/gpio_request__type_support.cpp
[7.234s] -- Up-to-date: /home/stepan/ws_ros2/install/px4_msgs/include/px4_msgs/px4_msgs/msg/detail/arming_check_request__type_support.cpp
[7.234s] -- Up-to-date: /home/stepan/ws_ros2/install/px4_msgs/include/px4_msgs/px4_msgs/msg/detail/telemetry_status__rosidl_typesupport_introspection_cpp.hpp
[7.234s] -- Up-to-date: /home/stepan/ws_ros2/install/px4_msgs/include/px4_msgs/px4_msgs/msg/detail/gimbal_controls__rosidl_typesupport_introspection_cpp.hpp
[7.235s] -- Up-to-date: /home/stepan/ws_ros2/install/px4_msgs/include/px4_msgs/px4_msgs/msg/detail/estimator_selector_status__type_support.cpp
[7.235s] -- Up-to-date: /home/stepan/ws_ros2/install/px4_msgs/include/px4_msgs/px4_msgs/msg/detail/rover_rate_status__rosidl_typesupport_introspection_cpp.hpp
[7.235s] -- Up-to-date: /home/stepan/ws_ros2/install/px4_msgs/include/px4_msgs/px4_msgs/msg/detail/esc_report__rosidl_typesupport_introspection_cpp.hpp
[7.235s] -- Up-to-date: /home/stepan/ws_ros2/install/px4_msgs/include/px4_msgs/px4_msgs/msg/detail/orb_test_large__rosidl_typesupport_introspection_cpp.hpp
[7.235s] -- Up-to-date: /home/stepan/ws_ros2/install/px4_msgs/include/px4_msgs/px4_msgs/msg/detail/actuator_servos__type_support.cpp
[7.236s] -- Up-to-date: /home/stepan/ws_ros2/install/px4_msgs/include/px4_msgs/px4_msgs/msg/detail/rover_rate_status__type_support.cpp
[7.236s] -- Up-to-date: /home/stepan/ws_ros2/install/px4_msgs/include/px4_msgs/px4_msgs/msg/detail/dataman_request__type_support.cpp
[7.236s] -- Up-to-date: /home/stepan/ws_ros2/install/px4_msgs/include/px4_msgs/px4_msgs/msg/detail/iridiumsbd_status__rosidl_typesupport_introspection_cpp.hpp
[7.236s] -- Up-to-date: /home/stepan/ws_ros2/install/px4_msgs/include/px4_msgs/px4_msgs/msg/detail/estimator_bias__rosidl_typesupport_introspection_cpp.hpp
[7.236s] -- Up-to-date: /home/stepan/ws_ros2/install/px4_msgs/include/px4_msgs/px4_msgs/msg/detail/parameter_set_value_response__rosidl_typesupport_introspection_cpp.hpp
[7.236s] -- Up-to-date: /home/stepan/ws_ros2/install/px4_msgs/include/px4_msgs/px4_msgs/msg/detail/mission__rosidl_typesupport_introspection_cpp.hpp
[7.236s] -- Up-to-date: /home/stepan/ws_ros2/install/px4_msgs/include/px4_msgs/px4_msgs/msg/detail/sensor_optical_flow__rosidl_typesupport_introspection_cpp.hpp
[7.236s] -- Up-to-date: /home/stepan/ws_ros2/install/px4_msgs/include/px4_msgs/px4_msgs/msg/detail/mavlink_tunnel__type_support.cpp
[7.237s] -- Up-to-date: /home/stepan/ws_ros2/install/px4_msgs/include/px4_msgs/px4_msgs/msg/detail/parameter_reset_request__type_support.cpp
[7.237s] -- Up-to-date: /home/stepan/ws_ros2/install/px4_msgs/include/px4_msgs/px4_msgs/msg/detail/figure_eight_status__rosidl_typesupport_introspection_cpp.hpp
[7.237s] -- Up-to-date: /home/stepan/ws_ros2/install/px4_msgs/include/px4_msgs/px4_msgs/msg/detail/airspeed__rosidl_typesupport_introspection_cpp.hpp
[7.237s] -- Up-to-date: /home/stepan/ws_ros2/install/px4_msgs/include/px4_msgs/px4_msgs/msg/detail/follow_target__type_support.cpp
[7.237s] -- Up-to-date: /home/stepan/ws_ros2/install/px4_msgs/include/px4_msgs/px4_msgs/msg/detail/tecs_status__rosidl_typesupport_introspection_cpp.hpp
[7.238s] -- Up-to-date: /home/stepan/ws_ros2/install/px4_msgs/include/px4_msgs/px4_msgs/msg/detail/satellite_info__type_support.cpp
[7.238s] -- Up-to-date: /home/stepan/ws_ros2/install/px4_msgs/include/px4_msgs/px4_msgs/msg/detail/estimator_status__type_support.cpp
[7.238s] -- Up-to-date: /home/stepan/ws_ros2/install/px4_msgs/include/px4_msgs/px4_msgs/msg/detail/estimator_status_flags__type_support.cpp
[7.238s] -- Up-to-date: /home/stepan/ws_ros2/install/px4_msgs/include/px4_msgs/px4_msgs/msg/detail/vehicle_air_data__type_support.cpp
[7.239s] -- Up-to-date: /home/stepan/ws_ros2/install/px4_msgs/include/px4_msgs/px4_msgs/msg/detail/generator_status__rosidl_typesupport_introspection_cpp.hpp
[7.239s] -- Up-to-date: /home/stepan/ws_ros2/install/px4_msgs/include/px4_msgs/px4_msgs/msg/detail/sensor_gyro_fifo__rosidl_typesupport_introspection_cpp.hpp
[7.239s] -- Up-to-date: /home/stepan/ws_ros2/install/px4_msgs/include/px4_msgs/px4_msgs/msg/detail/gpio_in__rosidl_typesupport_introspection_cpp.hpp
[7.239s] -- Up-to-date: /home/stepan/ws_ros2/install/px4_msgs/include/px4_msgs/px4_msgs/msg/detail/goto_setpoint__type_support.cpp
[7.240s] -- Up-to-date: /home/stepan/ws_ros2/install/px4_msgs/include/px4_msgs/px4_msgs/msg/detail/gps_inject_data__type_support.cpp
[7.240s] -- Up-to-date: /home/stepan/ws_ros2/install/px4_msgs/include/px4_msgs/px4_msgs/msg/detail/rpm__rosidl_typesupport_introspection_cpp.hpp
[7.240s] -- Up-to-date: /home/stepan/ws_ros2/install/px4_msgs/include/px4_msgs/px4_msgs/msg/detail/cellular_status__type_support.cpp
[7.241s] -- Up-to-date: /home/stepan/ws_ros2/install/px4_msgs/include/px4_msgs/px4_msgs/msg/detail/satellite_info__rosidl_typesupport_introspection_cpp.hpp
[7.241s] -- Up-to-date: /home/stepan/ws_ros2/install/px4_msgs/include/px4_msgs/px4_msgs/msg/detail/qshell_req__type_support.cpp
[7.241s] -- Up-to-date: /home/stepan/ws_ros2/install/px4_msgs/include/px4_msgs/px4_msgs/msg/detail/heater_status__type_support.cpp
[7.241s] -- Up-to-date: /home/stepan/ws_ros2/install/px4_msgs/include/px4_msgs/px4_msgs/msg/detail/action_request__rosidl_typesupport_introspection_cpp.hpp
[7.242s] -- Up-to-date: /home/stepan/ws_ros2/install/px4_msgs/include/px4_msgs/px4_msgs/msg/detail/rover_velocity_status__type_support.cpp
[7.242s] -- Up-to-date: /home/stepan/ws_ros2/install/px4_msgs/include/px4_msgs/px4_msgs/msg/detail/vehicle_roi__type_support.cpp
[7.242s] -- Up-to-date: /home/stepan/ws_ros2/install/px4_msgs/include/px4_msgs/px4_msgs/msg/detail/ulog_stream_ack__rosidl_typesupport_introspection_cpp.hpp
[7.242s] -- Up-to-date: /home/stepan/ws_ros2/install/px4_msgs/include/px4_msgs/px4_msgs/msg/detail/estimator_sensor_bias__rosidl_typesupport_introspection_cpp.hpp
[7.242s] -- Up-to-date: /home/stepan/ws_ros2/install/px4_msgs/include/px4_msgs/px4_msgs/msg/detail/trajectory_setpoint6dof__type_support.cpp
[7.242s] -- Up-to-date: /home/stepan/ws_ros2/install/px4_msgs/include/px4_msgs/px4_msgs/msg/detail/gimbal_manager_set_manual_control__rosidl_typesupport_introspection_cpp.hpp
[7.242s] -- Up-to-date: /home/stepan/ws_ros2/install/px4_msgs/include/px4_msgs/px4_msgs/msg/detail/led_control__type_support.cpp
[7.243s] -- Up-to-date: /home/stepan/ws_ros2/install/px4_msgs/include/px4_msgs/px4_msgs/msg/detail/yaw_estimator_status__type_support.cpp
[7.243s] -- Up-to-date: /home/stepan/ws_ros2/install/px4_msgs/include/px4_msgs/px4_msgs/msg/detail/sensor_mag__rosidl_typesupport_introspection_cpp.hpp
[7.243s] -- Up-to-date: /home/stepan/ws_ros2/install/px4_msgs/include/px4_msgs/px4_msgs/msg/detail/timesync_status__type_support.cpp
[7.243s] -- Up-to-date: /home/stepan/ws_ros2/install/px4_msgs/include/px4_msgs/px4_msgs/msg/detail/geofence_status__rosidl_typesupport_introspection_cpp.hpp
[7.243s] -- Up-to-date: /home/stepan/ws_ros2/install/px4_msgs/include/px4_msgs/px4_msgs/msg/detail/gps_dump__type_support.cpp
[7.243s] -- Up-to-date: /home/stepan/ws_ros2/install/px4_msgs/include/px4_msgs/px4_msgs/msg/detail/sensor_gyro__type_support.cpp
[7.244s] -- Up-to-date: /home/stepan/ws_ros2/install/px4_msgs/include/px4_msgs/px4_msgs/msg/detail/esc_report__type_support.cpp
[7.244s] -- Up-to-date: /home/stepan/ws_ros2/install/px4_msgs/include/px4_msgs/px4_msgs/msg/detail/differential_pressure__rosidl_typesupport_introspection_cpp.hpp
[7.244s] -- Up-to-date: /home/stepan/ws_ros2/install/px4_msgs/include/px4_msgs/px4_msgs/msg/detail/sensor_correction__rosidl_typesupport_introspection_cpp.hpp
[7.244s] -- Up-to-date: /home/stepan/ws_ros2/install/px4_msgs/include/px4_msgs/px4_msgs/msg/detail/vehicle_odometry__rosidl_typesupport_introspection_cpp.hpp
[7.244s] -- Up-to-date: /home/stepan/ws_ros2/install/px4_msgs/include/px4_msgs/px4_msgs/msg/detail/vehicle_imu__rosidl_typesupport_introspection_cpp.hpp
[7.244s] -- Up-to-date: /home/stepan/ws_ros2/install/px4_msgs/include/px4_msgs/px4_msgs/msg/detail/autotune_attitude_control_status__type_support.cpp
[7.244s] -- Up-to-date: /home/stepan/ws_ros2/install/px4_msgs/include/px4_msgs/px4_msgs/msg/detail/debug_key_value__type_support.cpp
[7.245s] -- Up-to-date: /home/stepan/ws_ros2/install/px4_msgs/include/px4_msgs/px4_msgs/msg/detail/pps_capture__rosidl_typesupport_introspection_cpp.hpp
[7.245s] -- Up-to-date: /home/stepan/ws_ros2/install/px4_msgs/include/px4_msgs/px4_msgs/msg/detail/distance_sensor__type_support.cpp
[7.245s] -- Up-to-date: /home/stepan/ws_ros2/install/px4_msgs/include/px4_msgs/px4_msgs/msg/detail/sensor_baro__type_support.cpp
[7.245s] -- Up-to-date: /home/stepan/ws_ros2/install/px4_msgs/include/px4_msgs/px4_msgs/msg/detail/position_controller_status__rosidl_typesupport_introspection_cpp.hpp
[7.245s] -- Up-to-date: /home/stepan/ws_ros2/install/px4_msgs/include/px4_msgs/px4_msgs/msg/detail/register_ext_component_reply__rosidl_typesupport_introspection_cpp.hpp
[7.245s] -- Up-to-date: /home/stepan/ws_ros2/install/px4_msgs/include/px4_msgs/px4_msgs/msg/detail/estimator_gps_status__type_support.cpp
[7.245s] -- Up-to-date: /home/stepan/ws_ros2/install/px4_msgs/include/px4_msgs/px4_msgs/msg/detail/vehicle_land_detected__rosidl_typesupport_introspection_cpp.hpp
[7.245s] -- Up-to-date: /home/stepan/ws_ros2/install/px4_msgs/include/px4_msgs/px4_msgs/msg/detail/pure_pursuit_status__rosidl_typesupport_introspection_cpp.hpp
[7.246s] -- Up-to-date: /home/stepan/ws_ros2/install/px4_msgs/include/px4_msgs/px4_msgs/msg/detail/home_position__rosidl_typesupport_introspection_cpp.hpp
[7.246s] -- Up-to-date: /home/stepan/ws_ros2/install/px4_msgs/include/px4_msgs/px4_msgs/msg/detail/landing_target_innovations__rosidl_typesupport_introspection_cpp.hpp
[7.246s] -- Up-to-date: /home/stepan/ws_ros2/install/px4_msgs/include/px4_msgs/px4_msgs/msg/detail/sensor_preflight_mag__rosidl_typesupport_introspection_cpp.hpp
[7.247s] -- Up-to-date: /home/stepan/ws_ros2/install/px4_msgs/include/px4_msgs/px4_msgs/msg/detail/system_power__type_support.cpp
[7.247s] -- Up-to-date: /home/stepan/ws_ros2/install/px4_msgs/include/px4_msgs/px4_msgs/msg/detail/hover_thrust_estimate__type_support.cpp
[7.247s] -- Up-to-date: /home/stepan/ws_ros2/install/px4_msgs/include/px4_msgs/px4_msgs/msg/detail/rover_attitude_status__type_support.cpp
[7.248s] -- Up-to-date: /home/stepan/ws_ros2/install/px4_msgs/include/px4_msgs/px4_msgs/srv
[7.248s] -- Up-to-date: /home/stepan/ws_ros2/install/px4_msgs/include/px4_msgs/px4_msgs/srv/detail
[7.249s] -- Up-to-date: /home/stepan/ws_ros2/install/px4_msgs/include/px4_msgs/px4_msgs/srv/detail/vehicle_command__type_support.cpp
[7.249s] -- Up-to-date: /home/stepan/ws_ros2/install/px4_msgs/include/px4_msgs/px4_msgs/srv/detail/vehicle_command__rosidl_typesupport_introspection_cpp.hpp
[7.249s] -- Up-to-date: /home/stepan/ws_ros2/install/px4_msgs/lib/libpx4_msgs__rosidl_typesupport_introspection_cpp.so
[7.250s] -- Up-to-date: /home/stepan/ws_ros2/install/px4_msgs/lib/libpx4_msgs__rosidl_typesupport_cpp.so
[7.250s] -- Up-to-date: /home/stepan/ws_ros2/install/px4_msgs/share/px4_msgs/environment/pythonpath.sh
[7.250s] -- Up-to-date: /home/stepan/ws_ros2/install/px4_msgs/share/px4_msgs/environment/pythonpath.dsv
[7.250s] -- Up-to-date: /home/stepan/ws_ros2/install/px4_msgs/local/lib/python3.10/dist-packages/px4_msgs-2.0.1-py3.10.egg-info
[7.250s] -- Installing: /home/stepan/ws_ros2/install/px4_msgs/local/lib/python3.10/dist-packages/px4_msgs-2.0.1-py3.10.egg-info/top_level.txt
[7.250s] -- Installing: /home/stepan/ws_ros2/install/px4_msgs/local/lib/python3.10/dist-packages/px4_msgs-2.0.1-py3.10.egg-info/PKG-INFO
[7.251s] -- Installing: /home/stepan/ws_ros2/install/px4_msgs/local/lib/python3.10/dist-packages/px4_msgs-2.0.1-py3.10.egg-info/dependency_links.txt
[7.251s] -- Installing: /home/stepan/ws_ros2/install/px4_msgs/local/lib/python3.10/dist-packages/px4_msgs-2.0.1-py3.10.egg-info/SOURCES.txt
[7.251s] -- Up-to-date: /home/stepan/ws_ros2/install/px4_msgs/local/lib/python3.10/dist-packages/px4_msgs
[7.251s] -- Up-to-date: /home/stepan/ws_ros2/install/px4_msgs/local/lib/python3.10/dist-packages/px4_msgs/_px4_msgs_s.ep.rosidl_typesupport_c.c
[7.252s] -- Up-to-date: /home/stepan/ws_ros2/install/px4_msgs/local/lib/python3.10/dist-packages/px4_msgs/_px4_msgs_s.ep.rosidl_typesupport_introspection_c.c
[7.252s] -- Up-to-date: /home/stepan/ws_ros2/install/px4_msgs/local/lib/python3.10/dist-packages/px4_msgs/px4_msgs_s__rosidl_typesupport_fastrtps_c.cpython-310-x86_64-linux-gnu.so
[7.252s] -- Up-to-date: /home/stepan/ws_ros2/install/px4_msgs/local/lib/python3.10/dist-packages/px4_msgs/__init__.py
[7.252s] -- Up-to-date: /home/stepan/ws_ros2/install/px4_msgs/local/lib/python3.10/dist-packages/px4_msgs/msg
[7.252s] -- Up-to-date: /home/stepan/ws_ros2/install/px4_msgs/local/lib/python3.10/dist-packages/px4_msgs/msg/_logger_status.py
[7.252s] -- Up-to-date: /home/stepan/ws_ros2/install/px4_msgs/local/lib/python3.10/dist-packages/px4_msgs/msg/_internal_combustion_engine_control.py
[7.252s] -- Up-to-date: /home/stepan/ws_ros2/install/px4_msgs/local/lib/python3.10/dist-packages/px4_msgs/msg/_differential_pressure.py
[7.252s] -- Up-to-date: /home/stepan/ws_ros2/install/px4_msgs/local/lib/python3.10/dist-packages/px4_msgs/msg/_vehicle_command.py
[7.253s] -- Up-to-date: /home/stepan/ws_ros2/install/px4_msgs/local/lib/python3.10/dist-packages/px4_msgs/msg/_system_power.py
[7.253s] -- Up-to-date: /home/stepan/ws_ros2/install/px4_msgs/local/lib/python3.10/dist-packages/px4_msgs/msg/_vehicle_magnetometer_s.c
[7.253s] -- Up-to-date: /home/stepan/ws_ros2/install/px4_msgs/local/lib/python3.10/dist-packages/px4_msgs/msg/_landing_gear.py
[7.253s] -- Up-to-date: /home/stepan/ws_ros2/install/px4_msgs/local/lib/python3.10/dist-packages/px4_msgs/msg/_sensor_optical_flow_s.c
[7.253s] -- Up-to-date: /home/stepan/ws_ros2/install/px4_msgs/local/lib/python3.10/dist-packages/px4_msgs/msg/_sensor_hygrometer_s.c
[7.254s] -- Up-to-date: /home/stepan/ws_ros2/install/px4_msgs/local/lib/python3.10/dist-packages/px4_msgs/msg/_rc_channels.py
[7.255s] -- Up-to-date: /home/stepan/ws_ros2/install/px4_msgs/local/lib/python3.10/dist-packages/px4_msgs/msg/_rc_channels_s.c
[7.257s] -- Up-to-date: /home/stepan/ws_ros2/install/px4_msgs/local/lib/python3.10/dist-packages/px4_msgs/msg/_estimator_gps_status.py
[7.257s] -- Up-to-date: /home/stepan/ws_ros2/install/px4_msgs/local/lib/python3.10/dist-packages/px4_msgs/msg/_telemetry_status.py
[7.258s] -- Up-to-date: /home/stepan/ws_ros2/install/px4_msgs/local/lib/python3.10/dist-packages/px4_msgs/msg/_gimbal_device_attitude_status_s.c
[7.258s] -- Up-to-date: /home/stepan/ws_ros2/install/px4_msgs/local/lib/python3.10/dist-packages/px4_msgs/msg/_rover_steering_setpoint_s.c
[7.258s] -- Up-to-date: /home/stepan/ws_ros2/install/px4_msgs/local/lib/python3.10/dist-packages/px4_msgs/msg/_collision_constraints.py
[7.258s] -- Up-to-date: /home/stepan/ws_ros2/install/px4_msgs/local/lib/python3.10/dist-packages/px4_msgs/msg/_open_drone_id_system.py
[7.258s] -- Up-to-date: /home/stepan/ws_ros2/install/px4_msgs/local/lib/python3.10/dist-packages/px4_msgs/msg/_ackermann_velocity_setpoint.py
[7.259s] -- Up-to-date: /home/stepan/ws_ros2/install/px4_msgs/local/lib/python3.10/dist-packages/px4_msgs/msg/_vehicle_attitude_setpoint.py
[7.259s] -- Up-to-date: /home/stepan/ws_ros2/install/px4_msgs/local/lib/python3.10/dist-packages/px4_msgs/msg/_flight_phase_estimation.py
[7.259s] -- Up-to-date: /home/stepan/ws_ros2/install/px4_msgs/local/lib/python3.10/dist-packages/px4_msgs/msg/_rover_attitude_setpoint_s.c
[7.259s] -- Up-to-date: /home/stepan/ws_ros2/install/px4_msgs/local/lib/python3.10/dist-packages/px4_msgs/msg/_vehicle_roi.py
[7.259s] -- Up-to-date: /home/stepan/ws_ros2/install/px4_msgs/local/lib/python3.10/dist-packages/px4_msgs/msg/_sensor_gyro_fft.py
[7.259s] -- Up-to-date: /home/stepan/ws_ros2/install/px4_msgs/local/lib/python3.10/dist-packages/px4_msgs/msg/_rpm.py
[7.259s] -- Up-to-date: /home/stepan/ws_ros2/install/px4_msgs/local/lib/python3.10/dist-packages/px4_msgs/msg/_vehicle_attitude_setpoint_s.c
[7.260s] -- Up-to-date: /home/stepan/ws_ros2/install/px4_msgs/local/lib/python3.10/dist-packages/px4_msgs/msg/_vehicle_constraints_s.c
[7.260s] -- Up-to-date: /home/stepan/ws_ros2/install/px4_msgs/local/lib/python3.10/dist-packages/px4_msgs/msg/_event_s.c
[7.260s] -- Up-to-date: /home/stepan/ws_ros2/install/px4_msgs/local/lib/python3.10/dist-packages/px4_msgs/msg/_landing_target_innovations_s.c
[7.260s] -- Up-to-date: /home/stepan/ws_ros2/install/px4_msgs/local/lib/python3.10/dist-packages/px4_msgs/msg/_pure_pursuit_status_s.c
[7.260s] -- Up-to-date: /home/stepan/ws_ros2/install/px4_msgs/local/lib/python3.10/dist-packages/px4_msgs/msg/_debug_array.py
[7.260s] -- Up-to-date: /home/stepan/ws_ros2/install/px4_msgs/local/lib/python3.10/dist-packages/px4_msgs/msg/_actuator_armed_s.c
[7.260s] -- Up-to-date: /home/stepan/ws_ros2/install/px4_msgs/local/lib/python3.10/dist-packages/px4_msgs/msg/_ulog_stream_ack.py
[7.261s] -- Up-to-date: /home/stepan/ws_ros2/install/px4_msgs/local/lib/python3.10/dist-packages/px4_msgs/msg/_gimbal_controls_s.c
[7.261s] -- Up-to-date: /home/stepan/ws_ros2/install/px4_msgs/local/lib/python3.10/dist-packages/px4_msgs/msg/_vehicle_status.py
[7.261s] -- Up-to-date: /home/stepan/ws_ros2/install/px4_msgs/local/lib/python3.10/dist-packages/px4_msgs/msg/_actuator_controls_status.py
[7.261s] -- Up-to-date: /home/stepan/ws_ros2/install/px4_msgs/local/lib/python3.10/dist-packages/px4_msgs/msg/_estimator_status_flags_s.c
[7.261s] -- Up-to-date: /home/stepan/ws_ros2/install/px4_msgs/local/lib/python3.10/dist-packages/px4_msgs/msg/_mission_result_s.c
[7.262s] -- Up-to-date: /home/stepan/ws_ros2/install/px4_msgs/local/lib/python3.10/dist-packages/px4_msgs/msg/_vehicle_torque_setpoint_s.c
[7.262s] -- Up-to-date: /home/stepan/ws_ros2/install/px4_msgs/local/lib/python3.10/dist-packages/px4_msgs/msg/_airspeed_wind_s.c
[7.262s] -- Up-to-date: /home/stepan/ws_ros2/install/px4_msgs/local/lib/python3.10/dist-packages/px4_msgs/msg/_message_format_request_s.c
[7.262s] -- Up-to-date: /home/stepan/ws_ros2/install/px4_msgs/local/lib/python3.10/dist-packages/px4_msgs/msg/_mount_orientation_s.c
[7.262s] -- Up-to-date: /home/stepan/ws_ros2/install/px4_msgs/local/lib/python3.10/dist-packages/px4_msgs/msg/_gimbal_device_set_attitude.py
[7.262s] -- Up-to-date: /home/stepan/ws_ros2/install/px4_msgs/local/lib/python3.10/dist-packages/px4_msgs/msg/_vehicle_thrust_setpoint_s.c
[7.262s] -- Up-to-date: /home/stepan/ws_ros2/install/px4_msgs/local/lib/python3.10/dist-packages/px4_msgs/msg/_sensor_selection_s.c
[7.263s] -- Up-to-date: /home/stepan/ws_ros2/install/px4_msgs/local/lib/python3.10/dist-packages/px4_msgs/msg/_magnetometer_bias_estimate_s.c
[7.263s] -- Up-to-date: /home/stepan/ws_ros2/install/px4_msgs/local/lib/python3.10/dist-packages/px4_msgs/msg/_position_controller_status_s.c
[7.263s] -- Up-to-date: /home/stepan/ws_ros2/install/px4_msgs/local/lib/python3.10/dist-packages/px4_msgs/msg/_estimator_bias.py
[7.264s] -- Up-to-date: /home/stepan/ws_ros2/install/px4_msgs/local/lib/python3.10/dist-packages/px4_msgs/msg/_cpuload.py
[7.264s] -- Up-to-date: /home/stepan/ws_ros2/install/px4_msgs/local/lib/python3.10/dist-packages/px4_msgs/msg/_gimbal_manager_status_s.c
[7.264s] -- Up-to-date: /home/stepan/ws_ros2/install/px4_msgs/local/lib/python3.10/dist-packages/px4_msgs/msg/_sensor_uwb.py
[7.264s] -- Up-to-date: /home/stepan/ws_ros2/install/px4_msgs/local/lib/python3.10/dist-packages/px4_msgs/msg/_sensor_gps_s.c
[7.265s] -- Up-to-date: /home/stepan/ws_ros2/install/px4_msgs/local/lib/python3.10/dist-packages/px4_msgs/msg/_control_allocator_status.py
[7.265s] -- Up-to-date: /home/stepan/ws_ros2/install/px4_msgs/local/lib/python3.10/dist-packages/px4_msgs/msg/_camera_status_s.c
[7.265s] -- Up-to-date: /home/stepan/ws_ros2/install/px4_msgs/local/lib/python3.10/dist-packages/px4_msgs/msg/_gpio_request_s.c
[7.265s] -- Up-to-date: /home/stepan/ws_ros2/install/px4_msgs/local/lib/python3.10/dist-packages/px4_msgs/msg/_qshell_req.py
[7.265s] -- Up-to-date: /home/stepan/ws_ros2/install/px4_msgs/local/lib/python3.10/dist-packages/px4_msgs/msg/_mission.py
[7.265s] -- Up-to-date: /home/stepan/ws_ros2/install/px4_msgs/local/lib/python3.10/dist-packages/px4_msgs/msg/_ulog_stream_s.c
[7.265s] -- Up-to-date: /home/stepan/ws_ros2/install/px4_msgs/local/lib/python3.10/dist-packages/px4_msgs/msg/_landing_gear_wheel.py
[7.265s] -- Up-to-date: /home/stepan/ws_ros2/install/px4_msgs/local/lib/python3.10/dist-packages/px4_msgs/msg/_sensor_correction.py
[7.266s] -- Up-to-date: /home/stepan/ws_ros2/install/px4_msgs/local/lib/python3.10/dist-packages/px4_msgs/msg/_sensor_hygrometer.py
[7.266s] -- Up-to-date: /home/stepan/ws_ros2/install/px4_msgs/local/lib/python3.10/dist-packages/px4_msgs/msg/_pps_capture_s.c
[7.267s] -- Up-to-date: /home/stepan/ws_ros2/install/px4_msgs/local/lib/python3.10/dist-packages/px4_msgs/msg/_px4io_status_s.c
[7.267s] -- Up-to-date: /home/stepan/ws_ros2/install/px4_msgs/local/lib/python3.10/dist-packages/px4_msgs/msg/_sensor_gnss_relative_s.c
[7.267s] -- Up-to-date: /home/stepan/ws_ros2/install/px4_msgs/local/lib/python3.10/dist-packages/px4_msgs/msg/_npfg_status.py
[7.268s] -- Up-to-date: /home/stepan/ws_ros2/install/px4_msgs/local/lib/python3.10/dist-packages/px4_msgs/msg/_geofence_result.py
[7.268s] -- Up-to-date: /home/stepan/ws_ros2/install/px4_msgs/local/lib/python3.10/dist-packages/px4_msgs/msg/_trajectory_setpoint.py
[7.268s] -- Up-to-date: /home/stepan/ws_ros2/install/px4_msgs/local/lib/python3.10/dist-packages/px4_msgs/msg/_landing_target_pose_s.c
[7.268s] -- Up-to-date: /home/stepan/ws_ros2/install/px4_msgs/local/lib/python3.10/dist-packages/px4_msgs/msg/_sensor_preflight_mag.py
[7.268s] -- Up-to-date: /home/stepan/ws_ros2/install/px4_msgs/local/lib/python3.10/dist-packages/px4_msgs/msg/_adc_report.py
[7.269s] -- Up-to-date: /home/stepan/ws_ros2/install/px4_msgs/local/lib/python3.10/dist-packages/px4_msgs/msg/_mag_worker_data_s.c
[7.269s] -- Up-to-date: /home/stepan/ws_ros2/install/px4_msgs/local/lib/python3.10/dist-packages/px4_msgs/msg/_timesync_status_s.c
[7.269s] -- Up-to-date: /home/stepan/ws_ros2/install/px4_msgs/local/lib/python3.10/dist-packages/px4_msgs/msg/_manual_control_switches.py
[7.269s] -- Up-to-date: /home/stepan/ws_ros2/install/px4_msgs/local/lib/python3.10/dist-packages/px4_msgs/msg/_debug_key_value_s.c
[7.269s] -- Up-to-date: /home/stepan/ws_ros2/install/px4_msgs/local/lib/python3.10/dist-packages/px4_msgs/msg/_follow_target_estimator.py
[7.269s] -- Up-to-date: /home/stepan/ws_ros2/install/px4_msgs/local/lib/python3.10/dist-packages/px4_msgs/msg/_vehicle_torque_setpoint.py
[7.269s] -- Up-to-date: /home/stepan/ws_ros2/install/px4_msgs/local/lib/python3.10/dist-packages/px4_msgs/msg/_config_overrides.py
[7.269s] -- Up-to-date: /home/stepan/ws_ros2/install/px4_msgs/local/lib/python3.10/dist-packages/px4_msgs/msg/_obstacle_distance.py
[7.269s] -- Up-to-date: /home/stepan/ws_ros2/install/px4_msgs/local/lib/python3.10/dist-packages/px4_msgs/msg/_vehicle_status_s.c
[7.270s] -- Up-to-date: /home/stepan/ws_ros2/install/px4_msgs/local/lib/python3.10/dist-packages/px4_msgs/msg/_hover_thrust_estimate_s.c
[7.270s] -- Up-to-date: /home/stepan/ws_ros2/install/px4_msgs/local/lib/python3.10/dist-packages/px4_msgs/msg/_rate_ctrl_status.py
[7.270s] -- Up-to-date: /home/stepan/ws_ros2/install/px4_msgs/local/lib/python3.10/dist-packages/px4_msgs/msg/_gpio_config_s.c
[7.270s] -- Up-to-date: /home/stepan/ws_ros2/install/px4_msgs/local/lib/python3.10/dist-packages/px4_msgs/msg/_arming_check_request.py
[7.270s] -- Up-to-date: /home/stepan/ws_ros2/install/px4_msgs/local/lib/python3.10/dist-packages/px4_msgs/msg/_camera_trigger_s.c
[7.271s] -- Up-to-date: /home/stepan/ws_ros2/install/px4_msgs/local/lib/python3.10/dist-packages/px4_msgs/msg/_camera_status.py
[7.272s] -- Up-to-date: /home/stepan/ws_ros2/install/px4_msgs/local/lib/python3.10/dist-packages/px4_msgs/msg/_satellite_info.py
[7.273s] -- Up-to-date: /home/stepan/ws_ros2/install/px4_msgs/local/lib/python3.10/dist-packages/px4_msgs/msg/_pure_pursuit_status.py
[7.273s] -- Up-to-date: /home/stepan/ws_ros2/install/px4_msgs/local/lib/python3.10/dist-packages/px4_msgs/msg/_airspeed_s.c
[7.274s] -- Up-to-date: /home/stepan/ws_ros2/install/px4_msgs/local/lib/python3.10/dist-packages/px4_msgs/msg/_button_event.py
[7.274s] -- Up-to-date: /home/stepan/ws_ros2/install/px4_msgs/local/lib/python3.10/dist-packages/px4_msgs/msg/_rover_rate_setpoint.py
[7.274s] -- Up-to-date: /home/stepan/ws_ros2/install/px4_msgs/local/lib/python3.10/dist-packages/px4_msgs/msg/_power_monitor_s.c
[7.274s] -- Up-to-date: /home/stepan/ws_ros2/install/px4_msgs/local/lib/python3.10/dist-packages/px4_msgs/msg/_actuator_outputs_s.c
[7.275s] -- Up-to-date: /home/stepan/ws_ros2/install/px4_msgs/local/lib/python3.10/dist-packages/px4_msgs/msg/_sensor_preflight_mag_s.c
[7.276s] -- Up-to-date: /home/stepan/ws_ros2/install/px4_msgs/local/lib/python3.10/dist-packages/px4_msgs/msg/_navigator_status_s.c
[7.276s] -- Up-to-date: /home/stepan/ws_ros2/install/px4_msgs/local/lib/python3.10/dist-packages/px4_msgs/msg/_dataman_response_s.c
[7.276s] -- Up-to-date: /home/stepan/ws_ros2/install/px4_msgs/local/lib/python3.10/dist-packages/px4_msgs/msg/_position_setpoint_triplet_s.c
[7.276s] -- Up-to-date: /home/stepan/ws_ros2/install/px4_msgs/local/lib/python3.10/dist-packages/px4_msgs/msg/_sensor_gyro_s.c
[7.276s] -- Up-to-date: /home/stepan/ws_ros2/install/px4_msgs/local/lib/python3.10/dist-packages/px4_msgs/msg/_parameter_set_used_request.py
[7.276s] -- Up-to-date: /home/stepan/ws_ros2/install/px4_msgs/local/lib/python3.10/dist-packages/px4_msgs/msg/_parameter_reset_request_s.c
[7.276s] -- Up-to-date: /home/stepan/ws_ros2/install/px4_msgs/local/lib/python3.10/dist-packages/px4_msgs/msg/_actuator_servos_trim_s.c
[7.277s] -- Up-to-date: /home/stepan/ws_ros2/install/px4_msgs/local/lib/python3.10/dist-packages/px4_msgs/msg/_cellular_status.py
[7.277s] -- Up-to-date: /home/stepan/ws_ros2/install/px4_msgs/local/lib/python3.10/dist-packages/px4_msgs/msg/_task_stack_info_s.c
[7.277s] -- Up-to-date: /home/stepan/ws_ros2/install/px4_msgs/local/lib/python3.10/dist-packages/px4_msgs/msg/_position_setpoint_s.c
[7.277s] -- Up-to-date: /home/stepan/ws_ros2/install/px4_msgs/local/lib/python3.10/dist-packages/px4_msgs/msg/_follow_target.py
[7.277s] -- Up-to-date: /home/stepan/ws_ros2/install/px4_msgs/local/lib/python3.10/dist-packages/px4_msgs/msg/_transponder_report.py
[7.277s] -- Up-to-date: /home/stepan/ws_ros2/install/px4_msgs/local/lib/python3.10/dist-packages/px4_msgs/msg/_takeoff_status_s.c
[7.278s] -- Up-to-date: /home/stepan/ws_ros2/install/px4_msgs/local/lib/python3.10/dist-packages/px4_msgs/msg/_vehicle_global_position_s.c
[7.278s] -- Up-to-date: /home/stepan/ws_ros2/install/px4_msgs/local/lib/python3.10/dist-packages/px4_msgs/msg/_vehicle_air_data_s.c
[7.279s] -- Up-to-date: /home/stepan/ws_ros2/install/px4_msgs/local/lib/python3.10/dist-packages/px4_msgs/msg/_mavlink_log_s.c
[7.279s] -- Up-to-date: /home/stepan/ws_ros2/install/px4_msgs/local/lib/python3.10/dist-packages/px4_msgs/msg/_arming_check_reply_s.c
[7.280s] -- Up-to-date: /home/stepan/ws_ros2/install/px4_msgs/local/lib/python3.10/dist-packages/px4_msgs/msg/_manual_control_switches_s.c
[7.281s] -- Up-to-date: /home/stepan/ws_ros2/install/px4_msgs/local/lib/python3.10/dist-packages/px4_msgs/msg/_geofence_status_s.c
[7.281s] -- Up-to-date: /home/stepan/ws_ros2/install/px4_msgs/local/lib/python3.10/dist-packages/px4_msgs/msg/_led_control.py
[7.281s] -- Up-to-date: /home/stepan/ws_ros2/install/px4_msgs/local/lib/python3.10/dist-packages/px4_msgs/msg/_vehicle_acceleration.py
[7.281s] -- Up-to-date: /home/stepan/ws_ros2/install/px4_msgs/local/lib/python3.10/dist-packages/px4_msgs/msg/_rover_attitude_setpoint.py
[7.282s] -- Up-to-date: /home/stepan/ws_ros2/install/px4_msgs/local/lib/python3.10/dist-packages/px4_msgs/msg/_gimbal_manager_status.py
[7.283s] -- Up-to-date: /home/stepan/ws_ros2/install/px4_msgs/local/lib/python3.10/dist-packages/px4_msgs/msg/_sensor_gnss_relative.py
[7.283s] -- Up-to-date: /home/stepan/ws_ros2/install/px4_msgs/local/lib/python3.10/dist-packages/px4_msgs/msg/_airspeed_validated_s.c
[7.283s] -- Up-to-date: /home/stepan/ws_ros2/install/px4_msgs/local/lib/python3.10/dist-packages/px4_msgs/msg/_debug_vect.py
[7.284s] -- Up-to-date: /home/stepan/ws_ros2/install/px4_msgs/local/lib/python3.10/dist-packages/px4_msgs/msg/_sensor_optical_flow.py
[7.285s] -- Up-to-date: /home/stepan/ws_ros2/install/px4_msgs/local/lib/python3.10/dist-packages/px4_msgs/msg/_esc_report.py
[7.285s] -- Up-to-date: /home/stepan/ws_ros2/install/px4_msgs/local/lib/python3.10/dist-packages/px4_msgs/msg/_actuator_outputs.py
[7.285s] -- Up-to-date: /home/stepan/ws_ros2/install/px4_msgs/local/lib/python3.10/dist-packages/px4_msgs/msg/_actuator_test_s.c
[7.286s] -- Up-to-date: /home/stepan/ws_ros2/install/px4_msgs/local/lib/python3.10/dist-packages/px4_msgs/msg/_sensor_baro_s.c
[7.286s] -- Up-to-date: /home/stepan/ws_ros2/install/px4_msgs/local/lib/python3.10/dist-packages/px4_msgs/msg/_tune_control_s.c
[7.286s] -- Up-to-date: /home/stepan/ws_ros2/install/px4_msgs/local/lib/python3.10/dist-packages/px4_msgs/msg/_normalized_unsigned_setpoint.py
[7.287s] -- Up-to-date: /home/stepan/ws_ros2/install/px4_msgs/local/lib/python3.10/dist-packages/px4_msgs/msg/_mavlink_tunnel_s.c
[7.287s] -- Up-to-date: /home/stepan/ws_ros2/install/px4_msgs/local/lib/python3.10/dist-packages/px4_msgs/msg/_adc_report_s.c
[7.288s] -- Up-to-date: /home/stepan/ws_ros2/install/px4_msgs/local/lib/python3.10/dist-packages/px4_msgs/msg/_estimator_bias3d.py
[7.289s] -- Up-to-date: /home/stepan/ws_ros2/install/px4_msgs/local/lib/python3.10/dist-packages/px4_msgs/msg/_parameter_update.py
[7.289s] -- Up-to-date: /home/stepan/ws_ros2/install/px4_msgs/local/lib/python3.10/dist-packages/px4_msgs/msg/_position_controller_landing_status_s.c
[7.289s] -- Up-to-date: /home/stepan/ws_ros2/install/px4_msgs/local/lib/python3.10/dist-packages/px4_msgs/msg/_wind.py
[7.289s] -- Up-to-date: /home/stepan/ws_ros2/install/px4_msgs/local/lib/python3.10/dist-packages/px4_msgs/msg/_input_rc_s.c
[7.289s] -- Up-to-date: /home/stepan/ws_ros2/install/px4_msgs/local/lib/python3.10/dist-packages/px4_msgs/msg/_uavcan_parameter_request_s.c
[7.289s] -- Up-to-date: /home/stepan/ws_ros2/install/px4_msgs/local/lib/python3.10/dist-packages/px4_msgs/msg/_velocity_limits_s.c
[7.289s] -- Up-to-date: /home/stepan/ws_ros2/install/px4_msgs/local/lib/python3.10/dist-packages/px4_msgs/msg/_gpio_request.py
[7.290s] -- Up-to-date: /home/stepan/ws_ros2/install/px4_msgs/local/lib/python3.10/dist-packages/px4_msgs/msg/__init__.py
[7.291s] -- Up-to-date: /home/stepan/ws_ros2/install/px4_msgs/local/lib/python3.10/dist-packages/px4_msgs/msg/_orb_test_medium.py
[7.291s] -- Up-to-date: /home/stepan/ws_ros2/install/px4_msgs/local/lib/python3.10/dist-packages/px4_msgs/msg/_power_button_state_s.c
[7.291s] -- Up-to-date: /home/stepan/ws_ros2/install/px4_msgs/local/lib/python3.10/dist-packages/px4_msgs/msg/_sensor_gyro_fft_s.c
[7.291s] -- Up-to-date: /home/stepan/ws_ros2/install/px4_msgs/local/lib/python3.10/dist-packages/px4_msgs/msg/_gps_dump.py
[7.292s] -- Up-to-date: /home/stepan/ws_ros2/install/px4_msgs/local/lib/python3.10/dist-packages/px4_msgs/msg/_landing_gear_s.c
[7.292s] -- Up-to-date: /home/stepan/ws_ros2/install/px4_msgs/local/lib/python3.10/dist-packages/px4_msgs/msg/_led_control_s.c
[7.292s] -- Up-to-date: /home/stepan/ws_ros2/install/px4_msgs/local/lib/python3.10/dist-packages/px4_msgs/msg/_airspeed_validated.py
[7.292s] -- Up-to-date: /home/stepan/ws_ros2/install/px4_msgs/local/lib/python3.10/dist-packages/px4_msgs/msg/_gripper_s.c
[7.292s] -- Up-to-date: /home/stepan/ws_ros2/install/px4_msgs/local/lib/python3.10/dist-packages/px4_msgs/msg/_estimator_status_flags.py
[7.293s] -- Up-to-date: /home/stepan/ws_ros2/install/px4_msgs/local/lib/python3.10/dist-packages/px4_msgs/msg/_unregister_ext_component.py
[7.293s] -- Up-to-date: /home/stepan/ws_ros2/install/px4_msgs/local/lib/python3.10/dist-packages/px4_msgs/msg/_vehicle_odometry_s.c
[7.293s] -- Up-to-date: /home/stepan/ws_ros2/install/px4_msgs/local/lib/python3.10/dist-packages/px4_msgs/msg/_sensor_mag_s.c
[7.293s] -- Up-to-date: /home/stepan/ws_ros2/install/px4_msgs/local/lib/python3.10/dist-packages/px4_msgs/msg/_parameter_update_s.c
[7.293s] -- Up-to-date: /home/stepan/ws_ros2/install/px4_msgs/local/lib/python3.10/dist-packages/px4_msgs/msg/_sensors_status_imu_s.c
[7.293s] -- Up-to-date: /home/stepan/ws_ros2/install/px4_msgs/local/lib/python3.10/dist-packages/px4_msgs/msg/_rtl_time_estimate.py
[7.294s] -- Up-to-date: /home/stepan/ws_ros2/install/px4_msgs/local/lib/python3.10/dist-packages/px4_msgs/msg/_estimator_event_flags.py
[7.294s] -- Up-to-date: /home/stepan/ws_ros2/install/px4_msgs/local/lib/python3.10/dist-packages/px4_msgs/msg/_satellite_info_s.c
[7.294s] -- Up-to-date: /home/stepan/ws_ros2/install/px4_msgs/local/lib/python3.10/dist-packages/px4_msgs/msg/_irlock_report.py
[7.294s] -- Up-to-date: /home/stepan/ws_ros2/install/px4_msgs/local/lib/python3.10/dist-packages/px4_msgs/msg/_log_message_s.c
[7.294s] -- Up-to-date: /home/stepan/ws_ros2/install/px4_msgs/local/lib/python3.10/dist-packages/px4_msgs/msg/_health_report.py
[7.294s] -- Up-to-date: /home/stepan/ws_ros2/install/px4_msgs/local/lib/python3.10/dist-packages/px4_msgs/msg/_sensor_gyro_fifo_s.c
[7.295s] -- Up-to-date: /home/stepan/ws_ros2/install/px4_msgs/local/lib/python3.10/dist-packages/px4_msgs/msg/_debug_vect_s.c
[7.295s] -- Up-to-date: /home/stepan/ws_ros2/install/px4_msgs/local/lib/python3.10/dist-packages/px4_msgs/msg/_mode_completed.py
[7.297s] -- Up-to-date: /home/stepan/ws_ros2/install/px4_msgs/local/lib/python3.10/dist-packages/px4_msgs/msg/_actuator_servos_s.c
[7.298s] -- Up-to-date: /home/stepan/ws_ros2/install/px4_msgs/local/lib/python3.10/dist-packages/px4_msgs/msg/_sensor_gyro.py
[7.301s] -- Up-to-date: /home/stepan/ws_ros2/install/px4_msgs/local/lib/python3.10/dist-packages/px4_msgs/msg/_goto_setpoint.py
[7.301s] -- Up-to-date: /home/stepan/ws_ros2/install/px4_msgs/local/lib/python3.10/dist-packages/px4_msgs/msg/_irlock_report_s.c
[7.301s] -- Up-to-date: /home/stepan/ws_ros2/install/px4_msgs/local/lib/python3.10/dist-packages/px4_msgs/msg/_obstacle_distance_s.c
[7.301s] -- Up-to-date: /home/stepan/ws_ros2/install/px4_msgs/local/lib/python3.10/dist-packages/px4_msgs/msg/_wheel_encoders.py
[7.302s] -- Up-to-date: /home/stepan/ws_ros2/install/px4_msgs/local/lib/python3.10/dist-packages/px4_msgs/msg/_debug_key_value.py
[7.302s] -- Up-to-date: /home/stepan/ws_ros2/install/px4_msgs/local/lib/python3.10/dist-packages/px4_msgs/msg/_ekf2_timestamps_s.c
[7.302s] -- Up-to-date: /home/stepan/ws_ros2/install/px4_msgs/local/lib/python3.10/dist-packages/px4_msgs/msg/_navigator_mission_item_s.c
[7.302s] -- Up-to-date: /home/stepan/ws_ros2/install/px4_msgs/local/lib/python3.10/dist-packages/px4_msgs/msg/_message_format_response.py
[7.302s] -- Up-to-date: /home/stepan/ws_ros2/install/px4_msgs/local/lib/python3.10/dist-packages/px4_msgs/msg/_battery_status_s.c
[7.302s] -- Up-to-date: /home/stepan/ws_ros2/install/px4_msgs/local/lib/python3.10/dist-packages/px4_msgs/msg/_estimator_innovations.py
[7.302s] -- Up-to-date: /home/stepan/ws_ros2/install/px4_msgs/local/lib/python3.10/dist-packages/px4_msgs/msg/_mode_completed_s.c
[7.303s] -- Up-to-date: /home/stepan/ws_ros2/install/px4_msgs/local/lib/python3.10/dist-packages/px4_msgs/msg/_sensor_airflow.py
[7.304s] -- Up-to-date: /home/stepan/ws_ros2/install/px4_msgs/local/lib/python3.10/dist-packages/px4_msgs/msg/_vehicle_imu_status.py
[7.304s] -- Up-to-date: /home/stepan/ws_ros2/install/px4_msgs/local/lib/python3.10/dist-packages/px4_msgs/msg/_actuator_motors_s.c
[7.304s] -- Up-to-date: /home/stepan/ws_ros2/install/px4_msgs/local/lib/python3.10/dist-packages/px4_msgs/msg/_vehicle_global_position.py
[7.304s] -- Up-to-date: /home/stepan/ws_ros2/install/px4_msgs/local/lib/python3.10/dist-packages/px4_msgs/msg/_follow_target_s.c
[7.304s] -- Up-to-date: /home/stepan/ws_ros2/install/px4_msgs/local/lib/python3.10/dist-packages/px4_msgs/msg/_pwm_input_s.c
[7.305s] -- Up-to-date: /home/stepan/ws_ros2/install/px4_msgs/local/lib/python3.10/dist-packages/px4_msgs/msg/_debug_array_s.c
[7.306s] -- Up-to-date: /home/stepan/ws_ros2/install/px4_msgs/local/lib/python3.10/dist-packages/px4_msgs/msg/_distance_sensor_s.c
[7.307s] -- Up-to-date: /home/stepan/ws_ros2/install/px4_msgs/local/lib/python3.10/dist-packages/px4_msgs/msg/_sensor_correction_s.c
[7.308s] -- Up-to-date: /home/stepan/ws_ros2/install/px4_msgs/local/lib/python3.10/dist-packages/px4_msgs/msg/_failure_detector_status.py
[7.308s] -- Up-to-date: /home/stepan/ws_ros2/install/px4_msgs/local/lib/python3.10/dist-packages/px4_msgs/msg/_open_drone_id_arm_status_s.c
[7.308s] -- Up-to-date: /home/stepan/ws_ros2/install/px4_msgs/local/lib/python3.10/dist-packages/px4_msgs/msg/_sensor_baro.py
[7.308s] -- Up-to-date: /home/stepan/ws_ros2/install/px4_msgs/local/lib/python3.10/dist-packages/px4_msgs/msg/_flight_phase_estimation_s.c
[7.308s] -- Up-to-date: /home/stepan/ws_ros2/install/px4_msgs/local/lib/python3.10/dist-packages/px4_msgs/msg/_orb_test_large.py
[7.309s] -- Up-to-date: /home/stepan/ws_ros2/install/px4_msgs/local/lib/python3.10/dist-packages/px4_msgs/msg/_vehicle_command_ack.py
[7.309s] -- Up-to-date: /home/stepan/ws_ros2/install/px4_msgs/local/lib/python3.10/dist-packages/px4_msgs/msg/_launch_detection_status_s.c
[7.309s] -- Up-to-date: /home/stepan/ws_ros2/install/px4_msgs/local/lib/python3.10/dist-packages/px4_msgs/msg/_uavcan_parameter_value.py
[7.309s] -- Up-to-date: /home/stepan/ws_ros2/install/px4_msgs/local/lib/python3.10/dist-packages/px4_msgs/msg/_sensor_selection.py
[7.309s] -- Up-to-date: /home/stepan/ws_ros2/install/px4_msgs/local/lib/python3.10/dist-packages/px4_msgs/msg/_ulog_stream.py
[7.309s] -- Up-to-date: /home/stepan/ws_ros2/install/px4_msgs/local/lib/python3.10/dist-packages/px4_msgs/msg/_rover_attitude_status_s.c
[7.310s] -- Up-to-date: /home/stepan/ws_ros2/install/px4_msgs/local/lib/python3.10/dist-packages/px4_msgs/msg/_log_message.py
[7.310s] -- Up-to-date: /home/stepan/ws_ros2/install/px4_msgs/local/lib/python3.10/dist-packages/px4_msgs/msg/_px4io_status.py
[7.310s] -- Up-to-date: /home/stepan/ws_ros2/install/px4_msgs/local/lib/python3.10/dist-packages/px4_msgs/msg/_system_power_s.c
[7.310s] -- Up-to-date: /home/stepan/ws_ros2/install/px4_msgs/local/lib/python3.10/dist-packages/px4_msgs/msg/_gimbal_device_information_s.c
[7.310s] -- Up-to-date: /home/stepan/ws_ros2/install/px4_msgs/local/lib/python3.10/dist-packages/px4_msgs/msg/_rover_position_setpoint.py
[7.310s] -- Up-to-date: /home/stepan/ws_ros2/install/px4_msgs/local/lib/python3.10/dist-packages/px4_msgs/msg/_sensor_accel_s.c
[7.310s] -- Up-to-date: /home/stepan/ws_ros2/install/px4_msgs/local/lib/python3.10/dist-packages/px4_msgs/msg/_register_ext_component_reply_s.c
[7.310s] -- Up-to-date: /home/stepan/ws_ros2/install/px4_msgs/local/lib/python3.10/dist-packages/px4_msgs/msg/_failsafe_flags_s.c
[7.311s] -- Up-to-date: /home/stepan/ws_ros2/install/px4_msgs/local/lib/python3.10/dist-packages/px4_msgs/msg/_estimator_innovations_s.c
[7.311s] -- Up-to-date: /home/stepan/ws_ros2/install/px4_msgs/local/lib/python3.10/dist-packages/px4_msgs/msg/_position_setpoint.py
[7.311s] -- Up-to-date: /home/stepan/ws_ros2/install/px4_msgs/local/lib/python3.10/dist-packages/px4_msgs/msg/_follow_target_status_s.c
[7.311s] -- Up-to-date: /home/stepan/ws_ros2/install/px4_msgs/local/lib/python3.10/dist-packages/px4_msgs/msg/_cellular_status_s.c
[7.312s] -- Up-to-date: /home/stepan/ws_ros2/install/px4_msgs/local/lib/python3.10/dist-packages/px4_msgs/msg/_estimator_selector_status_s.c
[7.312s] -- Up-to-date: /home/stepan/ws_ros2/install/px4_msgs/local/lib/python3.10/dist-packages/px4_msgs/msg/_vehicle_command_ack_s.c
[7.312s] -- Up-to-date: /home/stepan/ws_ros2/install/px4_msgs/local/lib/python3.10/dist-packages/px4_msgs/msg/_gpio_in_s.c
[7.312s] -- Up-to-date: /home/stepan/ws_ros2/install/px4_msgs/local/lib/python3.10/dist-packages/px4_msgs/msg/_arming_check_reply.py
[7.313s] -- Up-to-date: /home/stepan/ws_ros2/install/px4_msgs/local/lib/python3.10/dist-packages/px4_msgs/msg/_navigator_mission_item.py
[7.313s] -- Up-to-date: /home/stepan/ws_ros2/install/px4_msgs/local/lib/python3.10/dist-packages/px4_msgs/msg/_gpio_in.py
[7.313s] -- Up-to-date: /home/stepan/ws_ros2/install/px4_msgs/local/lib/python3.10/dist-packages/px4_msgs/msg/_takeoff_status.py
[7.313s] -- Up-to-date: /home/stepan/ws_ros2/install/px4_msgs/local/lib/python3.10/dist-packages/px4_msgs/msg/_tiltrotor_extra_controls.py
[7.313s] -- Up-to-date: /home/stepan/ws_ros2/install/px4_msgs/local/lib/python3.10/dist-packages/px4_msgs/msg/_vehicle_land_detected_s.c
[7.313s] -- Up-to-date: /home/stepan/ws_ros2/install/px4_msgs/local/lib/python3.10/dist-packages/px4_msgs/msg/_autotune_attitude_control_status_s.c
[7.313s] -- Up-to-date: /home/stepan/ws_ros2/install/px4_msgs/local/lib/python3.10/dist-packages/px4_msgs/msg/_rover_rate_setpoint_s.c
[7.314s] -- Up-to-date: /home/stepan/ws_ros2/install/px4_msgs/local/lib/python3.10/dist-packages/px4_msgs/msg/_esc_report_s.c
[7.315s] -- Up-to-date: /home/stepan/ws_ros2/install/px4_msgs/local/lib/python3.10/dist-packages/px4_msgs/msg/_qshell_req_s.c
[7.316s] -- Up-to-date: /home/stepan/ws_ros2/install/px4_msgs/local/lib/python3.10/dist-packages/px4_msgs/msg/_camera_capture_s.c
[7.316s] -- Up-to-date: /home/stepan/ws_ros2/install/px4_msgs/local/lib/python3.10/dist-packages/px4_msgs/msg/_sensor_accel.py
[7.317s] -- Up-to-date: /home/stepan/ws_ros2/install/px4_msgs/local/lib/python3.10/dist-packages/px4_msgs/msg/_rover_rate_status_s.c
[7.317s] -- Up-to-date: /home/stepan/ws_ros2/install/px4_msgs/local/lib/python3.10/dist-packages/px4_msgs/msg/_config_overrides_s.c
[7.317s] -- Up-to-date: /home/stepan/ws_ros2/install/px4_msgs/local/lib/python3.10/dist-packages/px4_msgs/msg/_orb_test_medium_s.c
[7.318s] -- Up-to-date: /home/stepan/ws_ros2/install/px4_msgs/local/lib/python3.10/dist-packages/px4_msgs/msg/_rpm_s.c
[7.318s] -- Up-to-date: /home/stepan/ws_ros2/install/px4_msgs/local/lib/python3.10/dist-packages/px4_msgs/msg/_battery_status.py
[7.318s] -- Up-to-date: /home/stepan/ws_ros2/install/px4_msgs/local/lib/python3.10/dist-packages/px4_msgs/msg/_internal_combustion_engine_status.py
[7.319s] -- Up-to-date: /home/stepan/ws_ros2/install/px4_msgs/local/lib/python3.10/dist-packages/px4_msgs/msg/_gimbal_device_attitude_status.py
[7.319s] -- Up-to-date: /home/stepan/ws_ros2/install/px4_msgs/local/lib/python3.10/dist-packages/px4_msgs/msg/_hover_thrust_estimate.py
[7.320s] -- Up-to-date: /home/stepan/ws_ros2/install/px4_msgs/local/lib/python3.10/dist-packages/px4_msgs/msg/_actuator_servos_trim.py
[7.320s] -- Up-to-date: /home/stepan/ws_ros2/install/px4_msgs/local/lib/python3.10/dist-packages/px4_msgs/msg/_trajectory_setpoint_s.c
[7.320s] -- Up-to-date: /home/stepan/ws_ros2/install/px4_msgs/local/lib/python3.10/dist-packages/px4_msgs/msg/_gimbal_device_information.py
[7.320s] -- Up-to-date: /home/stepan/ws_ros2/install/px4_msgs/local/lib/python3.10/dist-packages/px4_msgs/msg/_vehicle_imu.py
[7.320s] -- Up-to-date: /home/stepan/ws_ros2/install/px4_msgs/local/lib/python3.10/dist-packages/px4_msgs/msg/_landing_target_innovations.py
[7.321s] -- Up-to-date: /home/stepan/ws_ros2/install/px4_msgs/local/lib/python3.10/dist-packages/px4_msgs/msg/_failure_detector_status_s.c
[7.321s] -- Up-to-date: /home/stepan/ws_ros2/install/px4_msgs/local/lib/python3.10/dist-packages/px4_msgs/msg/_rtl_status.py
[7.321s] -- Up-to-date: /home/stepan/ws_ros2/install/px4_msgs/local/lib/python3.10/dist-packages/px4_msgs/msg/_failsafe_flags.py
[7.321s] -- Up-to-date: /home/stepan/ws_ros2/install/px4_msgs/local/lib/python3.10/dist-packages/px4_msgs/msg/_register_ext_component_request.py
[7.322s] -- Up-to-date: /home/stepan/ws_ros2/install/px4_msgs/local/lib/python3.10/dist-packages/px4_msgs/msg/_register_ext_component_request_s.c
[7.322s] -- Up-to-date: /home/stepan/ws_ros2/install/px4_msgs/local/lib/python3.10/dist-packages/px4_msgs/msg/_parameter_reset_request.py
[7.322s] -- Up-to-date: /home/stepan/ws_ros2/install/px4_msgs/local/lib/python3.10/dist-packages/px4_msgs/msg/_vehicle_air_data.py
[7.322s] -- Up-to-date: /home/stepan/ws_ros2/install/px4_msgs/local/lib/python3.10/dist-packages/px4_msgs/msg/_rover_throttle_setpoint_s.c
[7.323s] -- Up-to-date: /home/stepan/ws_ros2/install/px4_msgs/local/lib/python3.10/dist-packages/px4_msgs/msg/_onboard_computer_status.py
[7.323s] -- Up-to-date: /home/stepan/ws_ros2/install/px4_msgs/local/lib/python3.10/dist-packages/px4_msgs/msg/_power_monitor.py
[7.323s] -- Up-to-date: /home/stepan/ws_ros2/install/px4_msgs/local/lib/python3.10/dist-packages/px4_msgs/msg/_internal_combustion_engine_status_s.c
[7.323s] -- Up-to-date: /home/stepan/ws_ros2/install/px4_msgs/local/lib/python3.10/dist-packages/px4_msgs/msg/_vehicle_angular_velocity_s.c
[7.323s] -- Up-to-date: /home/stepan/ws_ros2/install/px4_msgs/local/lib/python3.10/dist-packages/px4_msgs/msg/_gps_dump_s.c
[7.324s] -- Up-to-date: /home/stepan/ws_ros2/install/px4_msgs/local/lib/python3.10/dist-packages/px4_msgs/msg/_gps_inject_data_s.c
[7.324s] -- Up-to-date: /home/stepan/ws_ros2/install/px4_msgs/local/lib/python3.10/dist-packages/px4_msgs/msg/_generator_status_s.c
[7.325s] -- Up-to-date: /home/stepan/ws_ros2/install/px4_msgs/local/lib/python3.10/dist-packages/px4_msgs/msg/_pwm_input.py
[7.325s] -- Up-to-date: /home/stepan/ws_ros2/install/px4_msgs/local/lib/python3.10/dist-packages/px4_msgs/msg/_tecs_status_s.c
[7.326s] -- Up-to-date: /home/stepan/ws_ros2/install/px4_msgs/local/lib/python3.10/dist-packages/px4_msgs/msg/_action_request.py
[7.326s] -- Up-to-date: /home/stepan/ws_ros2/install/px4_msgs/local/lib/python3.10/dist-packages/px4_msgs/msg/_vehicle_constraints.py
[7.326s] -- Up-to-date: /home/stepan/ws_ros2/install/px4_msgs/local/lib/python3.10/dist-packages/px4_msgs/msg/_mavlink_log.py
[7.326s] -- Up-to-date: /home/stepan/ws_ros2/install/px4_msgs/local/lib/python3.10/dist-packages/px4_msgs/msg/_magnetometer_bias_estimate.py
[7.326s] -- Up-to-date: /home/stepan/ws_ros2/install/px4_msgs/local/lib/python3.10/dist-packages/px4_msgs/msg/_open_drone_id_operator_id_s.c
[7.326s] -- Up-to-date: /home/stepan/ws_ros2/install/px4_msgs/local/lib/python3.10/dist-packages/px4_msgs/msg/_sensor_gps.py
[7.326s] -- Up-to-date: /home/stepan/ws_ros2/install/px4_msgs/local/lib/python3.10/dist-packages/px4_msgs/msg/_gimbal_device_set_attitude_s.c
[7.327s] -- Up-to-date: /home/stepan/ws_ros2/install/px4_msgs/local/lib/python3.10/dist-packages/px4_msgs/msg/_sensors_status_imu.py
[7.327s] -- Up-to-date: /home/stepan/ws_ros2/install/px4_msgs/local/lib/python3.10/dist-packages/px4_msgs/msg/_vehicle_rates_setpoint_s.c
[7.327s] -- Up-to-date: /home/stepan/ws_ros2/install/px4_msgs/local/lib/python3.10/dist-packages/px4_msgs/msg/_parameter_set_used_request_s.c
[7.327s] -- Up-to-date: /home/stepan/ws_ros2/install/px4_msgs/local/lib/python3.10/dist-packages/px4_msgs/msg/_open_drone_id_self_id_s.c
[7.327s] -- Up-to-date: /home/stepan/ws_ros2/install/px4_msgs/local/lib/python3.10/dist-packages/px4_msgs/msg/_unregister_ext_component_s.c
[7.327s] -- Up-to-date: /home/stepan/ws_ros2/install/px4_msgs/local/lib/python3.10/dist-packages/px4_msgs/msg/_velocity_limits.py
[7.328s] -- Up-to-date: /home/stepan/ws_ros2/install/px4_msgs/local/lib/python3.10/dist-packages/px4_msgs/msg/_landing_gear_wheel_s.c
[7.328s] -- Up-to-date: /home/stepan/ws_ros2/install/px4_msgs/local/lib/python3.10/dist-packages/px4_msgs/msg/_estimator_aid_source1d.py
[7.328s] -- Up-to-date: /home/stepan/ws_ros2/install/px4_msgs/local/lib/python3.10/dist-packages/px4_msgs/msg/_follow_target_status.py
[7.329s] -- Up-to-date: /home/stepan/ws_ros2/install/px4_msgs/local/lib/python3.10/dist-packages/px4_msgs/msg/_ping.py
[7.329s] -- Up-to-date: /home/stepan/ws_ros2/install/px4_msgs/local/lib/python3.10/dist-packages/px4_msgs/msg/_button_event_s.c
[7.329s] -- Up-to-date: /home/stepan/ws_ros2/install/px4_msgs/local/lib/python3.10/dist-packages/px4_msgs/msg/_dataman_response.py
[7.329s] -- Up-to-date: /home/stepan/ws_ros2/install/px4_msgs/local/lib/python3.10/dist-packages/px4_msgs/msg/_airspeed.py
[7.329s] -- Up-to-date: /home/stepan/ws_ros2/install/px4_msgs/local/lib/python3.10/dist-packages/px4_msgs/msg/_generator_status.py
[7.329s] -- Up-to-date: /home/stepan/ws_ros2/install/px4_msgs/local/lib/python3.10/dist-packages/px4_msgs/msg/_sensor_combined_s.c
[7.329s] -- Up-to-date: /home/stepan/ws_ros2/install/px4_msgs/local/lib/python3.10/dist-packages/px4_msgs/msg/_sensors_status_s.c
[7.330s] -- Up-to-date: /home/stepan/ws_ros2/install/px4_msgs/local/lib/python3.10/dist-packages/px4_msgs/msg/_vehicle_attitude.py
[7.333s] -- Up-to-date: /home/stepan/ws_ros2/install/px4_msgs/local/lib/python3.10/dist-packages/px4_msgs/msg/_vehicle_odometry.py
[7.334s] -- Up-to-date: /home/stepan/ws_ros2/install/px4_msgs/local/lib/python3.10/dist-packages/px4_msgs/msg/_vehicle_local_position_setpoint_s.c
[7.334s] -- Up-to-date: /home/stepan/ws_ros2/install/px4_msgs/local/lib/python3.10/dist-packages/px4_msgs/msg/_distance_sensor.py
[7.334s] -- Up-to-date: /home/stepan/ws_ros2/install/px4_msgs/local/lib/python3.10/dist-packages/px4_msgs/msg/_dataman_request.py
[7.334s] -- Up-to-date: /home/stepan/ws_ros2/install/px4_msgs/local/lib/python3.10/dist-packages/px4_msgs/msg/_iridiumsbd_status.py
[7.334s] -- Up-to-date: /home/stepan/ws_ros2/install/px4_msgs/local/lib/python3.10/dist-packages/px4_msgs/msg/_vehicle_angular_acceleration_setpoint_s.c
[7.335s] -- Up-to-date: /home/stepan/ws_ros2/install/px4_msgs/local/lib/python3.10/dist-packages/px4_msgs/msg/_gimbal_manager_set_manual_control_s.c
[7.335s] -- Up-to-date: /home/stepan/ws_ros2/install/px4_msgs/local/lib/python3.10/dist-packages/px4_msgs/msg/_register_ext_component_reply.py
[7.335s] -- Up-to-date: /home/stepan/ws_ros2/install/px4_msgs/local/lib/python3.10/dist-packages/px4_msgs/msg/_manual_control_setpoint.py
[7.335s] -- Up-to-date: /home/stepan/ws_ros2/install/px4_msgs/local/lib/python3.10/dist-packages/px4_msgs/msg/_position_setpoint_triplet.py
[7.335s] -- Up-to-date: /home/stepan/ws_ros2/install/px4_msgs/local/lib/python3.10/dist-packages/px4_msgs/msg/_vehicle_optical_flow_vel_s.c
[7.336s] -- Up-to-date: /home/stepan/ws_ros2/install/px4_msgs/local/lib/python3.10/dist-packages/px4_msgs/msg/_rover_rate_status.py
[7.336s] -- Up-to-date: /home/stepan/ws_ros2/install/px4_msgs/local/lib/python3.10/dist-packages/px4_msgs/msg/_radio_status_s.c
[7.337s] -- Up-to-date: /home/stepan/ws_ros2/install/px4_msgs/local/lib/python3.10/dist-packages/px4_msgs/msg/_orb_test_large_s.c
[7.338s] -- Up-to-date: /home/stepan/ws_ros2/install/px4_msgs/local/lib/python3.10/dist-packages/px4_msgs/msg/_trajectory_setpoint6dof_s.c
[7.339s] -- Up-to-date: /home/stepan/ws_ros2/install/px4_msgs/local/lib/python3.10/dist-packages/px4_msgs/msg/_vehicle_imu_status_s.c
[7.340s] -- Up-to-date: /home/stepan/ws_ros2/install/px4_msgs/local/lib/python3.10/dist-packages/px4_msgs/msg/_control_allocator_status_s.c
[7.342s] -- Up-to-date: /home/stepan/ws_ros2/install/px4_msgs/local/lib/python3.10/dist-packages/px4_msgs/msg/_parameter_set_value_request_s.c
[7.342s] -- Up-to-date: /home/stepan/ws_ros2/install/px4_msgs/local/lib/python3.10/dist-packages/px4_msgs/msg/_gimbal_manager_set_attitude.py
[7.342s] -- Up-to-date: /home/stepan/ws_ros2/install/px4_msgs/local/lib/python3.10/dist-packages/px4_msgs/msg/_normalized_unsigned_setpoint_s.c
[7.342s] -- Up-to-date: /home/stepan/ws_ros2/install/px4_msgs/local/lib/python3.10/dist-packages/px4_msgs/msg/_parameter_set_value_response.py
[7.342s] -- Up-to-date: /home/stepan/ws_ros2/install/px4_msgs/local/lib/python3.10/dist-packages/px4_msgs/msg/_gpio_out_s.c
[7.342s] -- Up-to-date: /home/stepan/ws_ros2/install/px4_msgs/local/lib/python3.10/dist-packages/px4_msgs/msg/_mavlink_tunnel.py
[7.343s] -- Up-to-date: /home/stepan/ws_ros2/install/px4_msgs/local/lib/python3.10/dist-packages/px4_msgs/msg/_can_interface_status_s.c
[7.344s] -- Up-to-date: /home/stepan/ws_ros2/install/px4_msgs/local/lib/python3.10/dist-packages/px4_msgs/msg/_ackermann_velocity_setpoint_s.c
[7.344s] -- Up-to-date: /home/stepan/ws_ros2/install/px4_msgs/local/lib/python3.10/dist-packages/px4_msgs/msg/_parameter_set_value_request.py
[7.345s] -- Up-to-date: /home/stepan/ws_ros2/install/px4_msgs/local/lib/python3.10/dist-packages/px4_msgs/msg/_sensor_gyro_fifo.py
[7.345s] -- Up-to-date: /home/stepan/ws_ros2/install/px4_msgs/local/lib/python3.10/dist-packages/px4_msgs/msg/_ulog_stream_ack_s.c
[7.345s] -- Up-to-date: /home/stepan/ws_ros2/install/px4_msgs/local/lib/python3.10/dist-packages/px4_msgs/msg/_vehicle_rates_setpoint.py
[7.345s] -- Up-to-date: /home/stepan/ws_ros2/install/px4_msgs/local/lib/python3.10/dist-packages/px4_msgs/msg/_sensors_status.py
[7.345s] -- Up-to-date: /home/stepan/ws_ros2/install/px4_msgs/local/lib/python3.10/dist-packages/px4_msgs/msg/_sensor_mag.py
[7.345s] -- Up-to-date: /home/stepan/ws_ros2/install/px4_msgs/local/lib/python3.10/dist-packages/px4_msgs/msg/_estimator_bias3d_s.c
[7.346s] -- Up-to-date: /home/stepan/ws_ros2/install/px4_msgs/local/lib/python3.10/dist-packages/px4_msgs/msg/_rover_attitude_status.py
[7.346s] -- Up-to-date: /home/stepan/ws_ros2/install/px4_msgs/local/lib/python3.10/dist-packages/px4_msgs/msg/_rover_velocity_status_s.c
[7.346s] -- Up-to-date: /home/stepan/ws_ros2/install/px4_msgs/local/lib/python3.10/dist-packages/px4_msgs/msg/_estimator_aid_source2d_s.c
[7.346s] -- Up-to-date: /home/stepan/ws_ros2/install/px4_msgs/local/lib/python3.10/dist-packages/px4_msgs/msg/_onboard_computer_status_s.c
[7.346s] -- Up-to-date: /home/stepan/ws_ros2/install/px4_msgs/local/lib/python3.10/dist-packages/px4_msgs/msg/_autotune_attitude_control_status.py
[7.346s] -- Up-to-date: /home/stepan/ws_ros2/install/px4_msgs/local/lib/python3.10/dist-packages/px4_msgs/msg/_follow_target_estimator_s.c
[7.346s] -- Up-to-date: /home/stepan/ws_ros2/install/px4_msgs/local/lib/python3.10/dist-packages/px4_msgs/msg/_message_format_response_s.c
[7.346s] -- Up-to-date: /home/stepan/ws_ros2/install/px4_msgs/local/lib/python3.10/dist-packages/px4_msgs/msg/_vehicle_control_mode.py
[7.347s] -- Up-to-date: /home/stepan/ws_ros2/install/px4_msgs/local/lib/python3.10/dist-packages/px4_msgs/msg/_vehicle_angular_acceleration_setpoint.py
[7.348s] -- Up-to-date: /home/stepan/ws_ros2/install/px4_msgs/local/lib/python3.10/dist-packages/px4_msgs/msg/_orb_test.py
[7.349s] -- Up-to-date: /home/stepan/ws_ros2/install/px4_msgs/local/lib/python3.10/dist-packages/px4_msgs/msg/_estimator_aid_source1d_s.c
[7.350s] -- Up-to-date: /home/stepan/ws_ros2/install/px4_msgs/local/lib/python3.10/dist-packages/px4_msgs/msg/_offboard_control_mode.py
[7.350s] -- Up-to-date: /home/stepan/ws_ros2/install/px4_msgs/local/lib/python3.10/dist-packages/px4_msgs/msg/_gimbal_manager_set_attitude_s.c
[7.350s] -- Up-to-date: /home/stepan/ws_ros2/install/px4_msgs/local/lib/python3.10/dist-packages/px4_msgs/msg/_rc_parameter_map_s.c
[7.351s] -- Up-to-date: /home/stepan/ws_ros2/install/px4_msgs/local/lib/python3.10/dist-packages/px4_msgs/msg/_actuator_armed.py
[7.351s] -- Up-to-date: /home/stepan/ws_ros2/install/px4_msgs/local/lib/python3.10/dist-packages/px4_msgs/msg/_estimator_states.py
[7.351s] -- Up-to-date: /home/stepan/ws_ros2/install/px4_msgs/local/lib/python3.10/dist-packages/px4_msgs/msg/_dataman_request_s.c
[7.351s] -- Up-to-date: /home/stepan/ws_ros2/install/px4_msgs/local/lib/python3.10/dist-packages/px4_msgs/msg/_home_position_s.c
[7.351s] -- Up-to-date: /home/stepan/ws_ros2/install/px4_msgs/local/lib/python3.10/dist-packages/px4_msgs/msg/_estimator_status.py
[7.352s] -- Up-to-date: /home/stepan/ws_ros2/install/px4_msgs/local/lib/python3.10/dist-packages/px4_msgs/msg/_vehicle_roi_s.c
[7.352s] -- Up-to-date: /home/stepan/ws_ros2/install/px4_msgs/local/lib/python3.10/dist-packages/px4_msgs/msg/_rtl_time_estimate_s.c
[7.352s] -- Up-to-date: /home/stepan/ws_ros2/install/px4_msgs/local/lib/python3.10/dist-packages/px4_msgs/msg/_rover_steering_setpoint.py
[7.352s] -- Up-to-date: /home/stepan/ws_ros2/install/px4_msgs/local/lib/python3.10/dist-packages/px4_msgs/msg/_rover_velocity_status.py
[7.352s] -- Up-to-date: /home/stepan/ws_ros2/install/px4_msgs/local/lib/python3.10/dist-packages/px4_msgs/msg/_estimator_selector_status.py
[7.352s] -- Up-to-date: /home/stepan/ws_ros2/install/px4_msgs/local/lib/python3.10/dist-packages/px4_msgs/msg/_vehicle_command_s.c
[7.352s] -- Up-to-date: /home/stepan/ws_ros2/install/px4_msgs/local/lib/python3.10/dist-packages/px4_msgs/msg/_wheel_encoders_s.c
[7.353s] -- Up-to-date: /home/stepan/ws_ros2/install/px4_msgs/local/lib/python3.10/dist-packages/px4_msgs/msg/_transponder_report_s.c
[7.353s] -- Up-to-date: /home/stepan/ws_ros2/install/px4_msgs/local/lib/python3.10/dist-packages/px4_msgs/msg/_geofence_result_s.c
[7.354s] -- Up-to-date: /home/stepan/ws_ros2/install/px4_msgs/local/lib/python3.10/dist-packages/px4_msgs/msg/_parameter_set_value_response_s.c
[7.354s] -- Up-to-date: /home/stepan/ws_ros2/install/px4_msgs/local/lib/python3.10/dist-packages/px4_msgs/msg/_rate_ctrl_status_s.c
[7.354s] -- Up-to-date: /home/stepan/ws_ros2/install/px4_msgs/local/lib/python3.10/dist-packages/px4_msgs/msg/_estimator_sensor_bias.py
[7.354s] -- Up-to-date: /home/stepan/ws_ros2/install/px4_msgs/local/lib/python3.10/dist-packages/px4_msgs/msg/_fuel_tank_status.py
[7.354s] -- Up-to-date: /home/stepan/ws_ros2/install/px4_msgs/local/lib/python3.10/dist-packages/px4_msgs/msg/_tune_control.py
[7.354s] -- Up-to-date: /home/stepan/ws_ros2/install/px4_msgs/local/lib/python3.10/dist-packages/px4_msgs/msg/_input_rc.py
[7.354s] -- Up-to-date: /home/stepan/ws_ros2/install/px4_msgs/local/lib/python3.10/dist-packages/px4_msgs/msg/_esc_status_s.c
[7.355s] -- Up-to-date: /home/stepan/ws_ros2/install/px4_msgs/local/lib/python3.10/dist-packages/px4_msgs/msg/_open_drone_id_self_id.py
[7.355s] -- Up-to-date: /home/stepan/ws_ros2/install/px4_msgs/local/lib/python3.10/dist-packages/px4_msgs/msg/_trajectory_setpoint6dof.py
[7.355s] -- Up-to-date: /home/stepan/ws_ros2/install/px4_msgs/local/lib/python3.10/dist-packages/px4_msgs/msg/_ekf2_timestamps.py
[7.355s] -- Up-to-date: /home/stepan/ws_ros2/install/px4_msgs/local/lib/python3.10/dist-packages/px4_msgs/msg/_gps_inject_data.py
[7.356s] -- Up-to-date: /home/stepan/ws_ros2/install/px4_msgs/local/lib/python3.10/dist-packages/px4_msgs/msg/_debug_value_s.c
[7.356s] -- Up-to-date: /home/stepan/ws_ros2/install/px4_msgs/local/lib/python3.10/dist-packages/px4_msgs/msg/_rover_position_setpoint_s.c
[7.356s] -- Up-to-date: /home/stepan/ws_ros2/install/px4_msgs/local/lib/python3.10/dist-packages/px4_msgs/msg/_open_drone_id_system_s.c
[7.356s] -- Up-to-date: /home/stepan/ws_ros2/install/px4_msgs/local/lib/python3.10/dist-packages/px4_msgs/msg/_vehicle_optical_flow.py
[7.356s] -- Up-to-date: /home/stepan/ws_ros2/install/px4_msgs/local/lib/python3.10/dist-packages/px4_msgs/msg/_sensor_accel_fifo.py
[7.356s] -- Up-to-date: /home/stepan/ws_ros2/install/px4_msgs/local/lib/python3.10/dist-packages/px4_msgs/msg/_offboard_control_mode_s.c
[7.357s] -- Up-to-date: /home/stepan/ws_ros2/install/px4_msgs/local/lib/python3.10/dist-packages/px4_msgs/msg/_launch_detection_status.py
[7.357s] -- Up-to-date: /home/stepan/ws_ros2/install/px4_msgs/local/lib/python3.10/dist-packages/px4_msgs/msg/_vehicle_attitude_s.c
[7.359s] -- Up-to-date: /home/stepan/ws_ros2/install/px4_msgs/local/lib/python3.10/dist-packages/px4_msgs/msg/_gimbal_manager_information_s.c
[7.359s] -- Up-to-date: /home/stepan/ws_ros2/install/px4_msgs/local/lib/python3.10/dist-packages/px4_msgs/msg/_vehicle_control_mode_s.c
[7.359s] -- Up-to-date: /home/stepan/ws_ros2/install/px4_msgs/local/lib/python3.10/dist-packages/px4_msgs/msg/_mission_s.c
[7.359s] -- Up-to-date: /home/stepan/ws_ros2/install/px4_msgs/local/lib/python3.10/dist-packages/px4_msgs/msg/_estimator_aid_source3d.py
[7.359s] -- Up-to-date: /home/stepan/ws_ros2/install/px4_msgs/local/lib/python3.10/dist-packages/px4_msgs/msg/_orbit_status.py
[7.360s] -- Up-to-date: /home/stepan/ws_ros2/install/px4_msgs/local/lib/python3.10/dist-packages/px4_msgs/msg/_actuator_motors.py
[7.360s] -- Up-to-date: /home/stepan/ws_ros2/install/px4_msgs/local/lib/python3.10/dist-packages/px4_msgs/msg/_logger_status_s.c
[7.360s] -- Up-to-date: /home/stepan/ws_ros2/install/px4_msgs/local/lib/python3.10/dist-packages/px4_msgs/msg/_vtol_vehicle_status_s.c
[7.360s] -- Up-to-date: /home/stepan/ws_ros2/install/px4_msgs/local/lib/python3.10/dist-packages/px4_msgs/msg/_figure_eight_status.py
[7.361s] -- Up-to-date: /home/stepan/ws_ros2/install/px4_msgs/local/lib/python3.10/dist-packages/px4_msgs/msg/_fuel_tank_status_s.c
[7.361s] -- Up-to-date: /home/stepan/ws_ros2/install/px4_msgs/local/lib/python3.10/dist-packages/px4_msgs/msg/_ping_s.c
[7.361s] -- Up-to-date: /home/stepan/ws_ros2/install/px4_msgs/local/lib/python3.10/dist-packages/px4_msgs/msg/_vehicle_acceleration_s.c
[7.362s] -- Up-to-date: /home/stepan/ws_ros2/install/px4_msgs/local/lib/python3.10/dist-packages/px4_msgs/msg/_vehicle_local_position_s.c
[7.362s] -- Up-to-date: /home/stepan/ws_ros2/install/px4_msgs/local/lib/python3.10/dist-packages/px4_msgs/msg/_collision_constraints_s.c
[7.362s] -- Up-to-date: /home/stepan/ws_ros2/install/px4_msgs/local/lib/python3.10/dist-packages/px4_msgs/msg/_gimbal_controls.py
[7.362s] -- Up-to-date: /home/stepan/ws_ros2/install/px4_msgs/local/lib/python3.10/dist-packages/px4_msgs/msg/_vehicle_imu_s.c
[7.362s] -- Up-to-date: /home/stepan/ws_ros2/install/px4_msgs/local/lib/python3.10/dist-packages/px4_msgs/msg/_heater_status_s.c
[7.362s] -- Up-to-date: /home/stepan/ws_ros2/install/px4_msgs/local/lib/python3.10/dist-packages/px4_msgs/msg/_differential_pressure_s.c
[7.363s] -- Up-to-date: /home/stepan/ws_ros2/install/px4_msgs/local/lib/python3.10/dist-packages/px4_msgs/msg/_geofence_status.py
[7.363s] -- Up-to-date: /home/stepan/ws_ros2/install/px4_msgs/local/lib/python3.10/dist-packages/px4_msgs/msg/_sensor_airflow_s.c
[7.363s] -- Up-to-date: /home/stepan/ws_ros2/install/px4_msgs/local/lib/python3.10/dist-packages/px4_msgs/msg/_timesync_status.py
[7.363s] -- Up-to-date: /home/stepan/ws_ros2/install/px4_msgs/local/lib/python3.10/dist-packages/px4_msgs/msg/_power_button_state.py
[7.363s] -- Up-to-date: /home/stepan/ws_ros2/install/px4_msgs/local/lib/python3.10/dist-packages/px4_msgs/msg/_uavcan_parameter_value_s.c
[7.363s] -- Up-to-date: /home/stepan/ws_ros2/install/px4_msgs/local/lib/python3.10/dist-packages/px4_msgs/msg/_orbit_status_s.c
[7.364s] -- Up-to-date: /home/stepan/ws_ros2/install/px4_msgs/local/lib/python3.10/dist-packages/px4_msgs/msg/_camera_capture.py
[7.364s] -- Up-to-date: /home/stepan/ws_ros2/install/px4_msgs/local/lib/python3.10/dist-packages/px4_msgs/msg/_cpuload_s.c
[7.364s] -- Up-to-date: /home/stepan/ws_ros2/install/px4_msgs/local/lib/python3.10/dist-packages/px4_msgs/msg/_open_drone_id_arm_status.py
[7.365s] -- Up-to-date: /home/stepan/ws_ros2/install/px4_msgs/local/lib/python3.10/dist-packages/px4_msgs/msg/_mount_orientation.py
[7.365s] -- Up-to-date: /home/stepan/ws_ros2/install/px4_msgs/local/lib/python3.10/dist-packages/px4_msgs/msg/_estimator_aid_source2d.py
[7.365s] -- Up-to-date: /home/stepan/ws_ros2/install/px4_msgs/local/lib/python3.10/dist-packages/px4_msgs/msg/_vehicle_local_position_setpoint.py
[7.365s] -- Up-to-date: /home/stepan/ws_ros2/install/px4_msgs/local/lib/python3.10/dist-packages/px4_msgs/msg/_uavcan_parameter_request.py
[7.366s] -- Up-to-date: /home/stepan/ws_ros2/install/px4_msgs/local/lib/python3.10/dist-packages/px4_msgs/msg/_actuator_controls_status_s.c
[7.366s] -- Up-to-date: /home/stepan/ws_ros2/install/px4_msgs/local/lib/python3.10/dist-packages/px4_msgs/msg/_wind_s.c
[7.366s] -- Up-to-date: /home/stepan/ws_ros2/install/px4_msgs/local/lib/python3.10/dist-packages/px4_msgs/msg/_internal_combustion_engine_control_s.c
[7.367s] -- Up-to-date: /home/stepan/ws_ros2/install/px4_msgs/local/lib/python3.10/dist-packages/px4_msgs/msg/_qshell_retval.py
[7.367s] -- Up-to-date: /home/stepan/ws_ros2/install/px4_msgs/local/lib/python3.10/dist-packages/px4_msgs/msg/_heater_status.py
[7.367s] -- Up-to-date: /home/stepan/ws_ros2/install/px4_msgs/local/lib/python3.10/dist-packages/px4_msgs/msg/_sensor_combined.py
[7.368s] -- Up-to-date: /home/stepan/ws_ros2/install/px4_msgs/local/lib/python3.10/dist-packages/px4_msgs/msg/_open_drone_id_operator_id.py
[7.369s] -- Up-to-date: /home/stepan/ws_ros2/install/px4_msgs/local/lib/python3.10/dist-packages/px4_msgs/msg/_distance_sensor_mode_change_request_s.c
[7.369s] -- Up-to-date: /home/stepan/ws_ros2/install/px4_msgs/local/lib/python3.10/dist-packages/px4_msgs/msg/_can_interface_status.py
[7.369s] -- Up-to-date: /home/stepan/ws_ros2/install/px4_msgs/local/lib/python3.10/dist-packages/px4_msgs/msg/_camera_trigger.py
[7.369s] -- Up-to-date: /home/stepan/ws_ros2/install/px4_msgs/local/lib/python3.10/dist-packages/px4_msgs/msg/_message_format_request.py
[7.369s] -- Up-to-date: /home/stepan/ws_ros2/install/px4_msgs/local/lib/python3.10/dist-packages/px4_msgs/msg/_actuator_servos.py
[7.370s] -- Up-to-date: /home/stepan/ws_ros2/install/px4_msgs/local/lib/python3.10/dist-packages/px4_msgs/msg/_vehicle_magnetometer.py
[7.370s] -- Up-to-date: /home/stepan/ws_ros2/install/px4_msgs/local/lib/python3.10/dist-packages/px4_msgs/msg/_estimator_aid_source3d_s.c
[7.370s] -- Up-to-date: /home/stepan/ws_ros2/install/px4_msgs/local/lib/python3.10/dist-packages/px4_msgs/msg/_gpio_out.py
[7.370s] -- Up-to-date: /home/stepan/ws_ros2/install/px4_msgs/local/lib/python3.10/dist-packages/px4_msgs/msg/_yaw_estimator_status_s.c
[7.370s] -- Up-to-date: /home/stepan/ws_ros2/install/px4_msgs/local/lib/python3.10/dist-packages/px4_msgs/msg/_vehicle_thrust_setpoint.py
[7.370s] -- Up-to-date: /home/stepan/ws_ros2/install/px4_msgs/local/lib/python3.10/dist-packages/px4_msgs/msg/_goto_setpoint_s.c
[7.371s] -- Up-to-date: /home/stepan/ws_ros2/install/px4_msgs/local/lib/python3.10/dist-packages/px4_msgs/msg/_npfg_status_s.c
[7.371s] -- Up-to-date: /home/stepan/ws_ros2/install/px4_msgs/local/lib/python3.10/dist-packages/px4_msgs/msg/_estimator_bias_s.c
[7.371s] -- Up-to-date: /home/stepan/ws_ros2/install/px4_msgs/local/lib/python3.10/dist-packages/px4_msgs/msg/_figure_eight_status_s.c
[7.371s] -- Up-to-date: /home/stepan/ws_ros2/install/px4_msgs/local/lib/python3.10/dist-packages/px4_msgs/msg/_pps_capture.py
[7.371s] -- Up-to-date: /home/stepan/ws_ros2/install/px4_msgs/local/lib/python3.10/dist-packages/px4_msgs/msg/_airspeed_wind.py
[7.372s] -- Up-to-date: /home/stepan/ws_ros2/install/px4_msgs/local/lib/python3.10/dist-packages/px4_msgs/msg/_vtol_vehicle_status.py
[7.372s] -- Up-to-date: /home/stepan/ws_ros2/install/px4_msgs/local/lib/python3.10/dist-packages/px4_msgs/msg/_telemetry_status_s.c
[7.372s] -- Up-to-date: /home/stepan/ws_ros2/install/px4_msgs/local/lib/python3.10/dist-packages/px4_msgs/msg/_tecs_status.py
[7.372s] -- Up-to-date: /home/stepan/ws_ros2/install/px4_msgs/local/lib/python3.10/dist-packages/px4_msgs/msg/_vehicle_optical_flow_vel.py
[7.372s] -- Up-to-date: /home/stepan/ws_ros2/install/px4_msgs/local/lib/python3.10/dist-packages/px4_msgs/msg/_estimator_states_s.c
[7.372s] -- Up-to-date: /home/stepan/ws_ros2/install/px4_msgs/local/lib/python3.10/dist-packages/px4_msgs/msg/_event.py
[7.373s] -- Up-to-date: /home/stepan/ws_ros2/install/px4_msgs/local/lib/python3.10/dist-packages/px4_msgs/msg/_estimator_gps_status_s.c
[7.373s] -- Up-to-date: /home/stepan/ws_ros2/install/px4_msgs/local/lib/python3.10/dist-packages/px4_msgs/msg/_vehicle_optical_flow_s.c
[7.373s] -- Up-to-date: /home/stepan/ws_ros2/install/px4_msgs/local/lib/python3.10/dist-packages/px4_msgs/msg/_sensor_accel_fifo_s.c
[7.373s] -- Up-to-date: /home/stepan/ws_ros2/install/px4_msgs/local/lib/python3.10/dist-packages/px4_msgs/msg/_debug_value.py
[7.374s] -- Up-to-date: /home/stepan/ws_ros2/install/px4_msgs/local/lib/python3.10/dist-packages/px4_msgs/msg/_estimator_status_s.c
[7.374s] -- Up-to-date: /home/stepan/ws_ros2/install/px4_msgs/local/lib/python3.10/dist-packages/px4_msgs/msg/_gripper.py
[7.374s] -- Up-to-date: /home/stepan/ws_ros2/install/px4_msgs/local/lib/python3.10/dist-packages/px4_msgs/msg/_qshell_retval_s.c
[7.374s] -- Up-to-date: /home/stepan/ws_ros2/install/px4_msgs/local/lib/python3.10/dist-packages/px4_msgs/msg/_position_controller_landing_status.py
[7.374s] -- Up-to-date: /home/stepan/ws_ros2/install/px4_msgs/local/lib/python3.10/dist-packages/px4_msgs/msg/_home_position.py
[7.374s] -- Up-to-date: /home/stepan/ws_ros2/install/px4_msgs/local/lib/python3.10/dist-packages/px4_msgs/msg/_task_stack_info.py
[7.375s] -- Up-to-date: /home/stepan/ws_ros2/install/px4_msgs/local/lib/python3.10/dist-packages/px4_msgs/msg/_action_request_s.c
[7.375s] -- Up-to-date: /home/stepan/ws_ros2/install/px4_msgs/local/lib/python3.10/dist-packages/px4_msgs/msg/_gimbal_manager_information.py
[7.375s] -- Up-to-date: /home/stepan/ws_ros2/install/px4_msgs/local/lib/python3.10/dist-packages/px4_msgs/msg/_landing_target_pose.py
[7.375s] -- Up-to-date: /home/stepan/ws_ros2/install/px4_msgs/local/lib/python3.10/dist-packages/px4_msgs/msg/_mag_worker_data.py
[7.375s] -- Up-to-date: /home/stepan/ws_ros2/install/px4_msgs/local/lib/python3.10/dist-packages/px4_msgs/msg/_orb_test_s.c
[7.375s] -- Up-to-date: /home/stepan/ws_ros2/install/px4_msgs/local/lib/python3.10/dist-packages/px4_msgs/msg/_rtl_status_s.c
[7.375s] -- Up-to-date: /home/stepan/ws_ros2/install/px4_msgs/local/lib/python3.10/dist-packages/px4_msgs/msg/_vehicle_local_position.py
[7.376s] -- Up-to-date: /home/stepan/ws_ros2/install/px4_msgs/local/lib/python3.10/dist-packages/px4_msgs/msg/_health_report_s.c
[7.376s] -- Up-to-date: /home/stepan/ws_ros2/install/px4_msgs/local/lib/python3.10/dist-packages/px4_msgs/msg/_tiltrotor_extra_controls_s.c
[7.376s] -- Up-to-date: /home/stepan/ws_ros2/install/px4_msgs/local/lib/python3.10/dist-packages/px4_msgs/msg/_sensor_uwb_s.c
[7.376s] -- Up-to-date: /home/stepan/ws_ros2/install/px4_msgs/local/lib/python3.10/dist-packages/px4_msgs/msg/_yaw_estimator_status.py
[7.376s] -- Up-to-date: /home/stepan/ws_ros2/install/px4_msgs/local/lib/python3.10/dist-packages/px4_msgs/msg/_esc_status.py
[7.376s] -- Up-to-date: /home/stepan/ws_ros2/install/px4_msgs/local/lib/python3.10/dist-packages/px4_msgs/msg/_rover_throttle_setpoint.py
[7.376s] -- Up-to-date: /home/stepan/ws_ros2/install/px4_msgs/local/lib/python3.10/dist-packages/px4_msgs/msg/_manual_control_setpoint_s.c
[7.376s] -- Up-to-date: /home/stepan/ws_ros2/install/px4_msgs/local/lib/python3.10/dist-packages/px4_msgs/msg/_radio_status.py
[7.377s] -- Up-to-date: /home/stepan/ws_ros2/install/px4_msgs/local/lib/python3.10/dist-packages/px4_msgs/msg/_rc_parameter_map.py
[7.377s] -- Up-to-date: /home/stepan/ws_ros2/install/px4_msgs/local/lib/python3.10/dist-packages/px4_msgs/msg/_distance_sensor_mode_change_request.py
[7.377s] -- Up-to-date: /home/stepan/ws_ros2/install/px4_msgs/local/lib/python3.10/dist-packages/px4_msgs/msg/_iridiumsbd_status_s.c
[7.377s] -- Up-to-date: /home/stepan/ws_ros2/install/px4_msgs/local/lib/python3.10/dist-packages/px4_msgs/msg/_gimbal_manager_set_manual_control.py
[7.377s] -- Up-to-date: /home/stepan/ws_ros2/install/px4_msgs/local/lib/python3.10/dist-packages/px4_msgs/msg/_vehicle_land_detected.py
[7.377s] -- Up-to-date: /home/stepan/ws_ros2/install/px4_msgs/local/lib/python3.10/dist-packages/px4_msgs/msg/_estimator_sensor_bias_s.c
[7.377s] -- Up-to-date: /home/stepan/ws_ros2/install/px4_msgs/local/lib/python3.10/dist-packages/px4_msgs/msg/_arming_check_request_s.c
[7.377s] -- Up-to-date: /home/stepan/ws_ros2/install/px4_msgs/local/lib/python3.10/dist-packages/px4_msgs/msg/_position_controller_status.py
[7.378s] -- Up-to-date: /home/stepan/ws_ros2/install/px4_msgs/local/lib/python3.10/dist-packages/px4_msgs/msg/_actuator_test.py
[7.378s] -- Up-to-date: /home/stepan/ws_ros2/install/px4_msgs/local/lib/python3.10/dist-packages/px4_msgs/msg/_gpio_config.py
[7.378s] -- Up-to-date: /home/stepan/ws_ros2/install/px4_msgs/local/lib/python3.10/dist-packages/px4_msgs/msg/_mission_result.py
[7.378s] -- Up-to-date: /home/stepan/ws_ros2/install/px4_msgs/local/lib/python3.10/dist-packages/px4_msgs/msg/_estimator_event_flags_s.c
[7.378s] -- Up-to-date: /home/stepan/ws_ros2/install/px4_msgs/local/lib/python3.10/dist-packages/px4_msgs/msg/_navigator_status.py
[7.379s] -- Up-to-date: /home/stepan/ws_ros2/install/px4_msgs/local/lib/python3.10/dist-packages/px4_msgs/msg/_vehicle_angular_velocity.py
[7.379s] -- Up-to-date: /home/stepan/ws_ros2/install/px4_msgs/local/lib/python3.10/dist-packages/px4_msgs/px4_msgs_s__rosidl_typesupport_c.cpython-310-x86_64-linux-gnu.so
[7.380s] -- Up-to-date: /home/stepan/ws_ros2/install/px4_msgs/local/lib/python3.10/dist-packages/px4_msgs/_px4_msgs_s.ep.rosidl_typesupport_fastrtps_c.c
[7.380s] -- Up-to-date: /home/stepan/ws_ros2/install/px4_msgs/local/lib/python3.10/dist-packages/px4_msgs/srv
[7.380s] -- Up-to-date: /home/stepan/ws_ros2/install/px4_msgs/local/lib/python3.10/dist-packages/px4_msgs/srv/_vehicle_command.py
[7.381s] -- Up-to-date: /home/stepan/ws_ros2/install/px4_msgs/local/lib/python3.10/dist-packages/px4_msgs/srv/__init__.py
[7.381s] -- Up-to-date: /home/stepan/ws_ros2/install/px4_msgs/local/lib/python3.10/dist-packages/px4_msgs/srv/_vehicle_command_s.c
[7.381s] -- Up-to-date: /home/stepan/ws_ros2/install/px4_msgs/local/lib/python3.10/dist-packages/px4_msgs/px4_msgs_s__rosidl_typesupport_introspection_c.cpython-310-x86_64-linux-gnu.so
[7.382s] -- Up-to-date: /home/stepan/ws_ros2/install/px4_msgs/local/lib/python3.10/dist-packages/px4_msgs/libpx4_msgs__rosidl_generator_py.so
[7.382s] Listing '/home/stepan/ws_ros2/install/px4_msgs/local/lib/python3.10/dist-packages/px4_msgs'...
[7.383s] Listing '/home/stepan/ws_ros2/install/px4_msgs/local/lib/python3.10/dist-packages/px4_msgs/msg'...
[7.383s] Listing '/home/stepan/ws_ros2/install/px4_msgs/local/lib/python3.10/dist-packages/px4_msgs/srv'...
[7.383s] -- Up-to-date: /home/stepan/ws_ros2/install/px4_msgs/local/lib/python3.10/dist-packages/px4_msgs/px4_msgs_s__rosidl_typesupport_fastrtps_c.cpython-310-x86_64-linux-gnu.so
[7.383s] -- Up-to-date: /home/stepan/ws_ros2/install/px4_msgs/local/lib/python3.10/dist-packages/px4_msgs/px4_msgs_s__rosidl_typesupport_introspection_c.cpython-310-x86_64-linux-gnu.so
[7.384s] -- Up-to-date: /home/stepan/ws_ros2/install/px4_msgs/local/lib/python3.10/dist-packages/px4_msgs/px4_msgs_s__rosidl_typesupport_c.cpython-310-x86_64-linux-gnu.so
[7.384s] -- Up-to-date: /home/stepan/ws_ros2/install/px4_msgs/lib/libpx4_msgs__rosidl_generator_py.so
[7.384s] -- Up-to-date: /home/stepan/ws_ros2/install/px4_msgs/share/px4_msgs/msg/AckermannVelocitySetpoint.idl
[7.384s] -- Up-to-date: /home/stepan/ws_ros2/install/px4_msgs/share/px4_msgs/msg/ActionRequest.idl
[7.385s] -- Up-to-date: /home/stepan/ws_ros2/install/px4_msgs/share/px4_msgs/msg/ActuatorArmed.idl
[7.386s] -- Up-to-date: /home/stepan/ws_ros2/install/px4_msgs/share/px4_msgs/msg/ActuatorControlsStatus.idl
[7.386s] -- Up-to-date: /home/stepan/ws_ros2/install/px4_msgs/share/px4_msgs/msg/ActuatorMotors.idl
[7.386s] -- Up-to-date: /home/stepan/ws_ros2/install/px4_msgs/share/px4_msgs/msg/ActuatorOutputs.idl
[7.386s] -- Up-to-date: /home/stepan/ws_ros2/install/px4_msgs/share/px4_msgs/msg/ActuatorServos.idl
[7.387s] -- Up-to-date: /home/stepan/ws_ros2/install/px4_msgs/share/px4_msgs/msg/ActuatorServosTrim.idl
[7.387s] -- Up-to-date: /home/stepan/ws_ros2/install/px4_msgs/share/px4_msgs/msg/ActuatorTest.idl
[7.387s] -- Up-to-date: /home/stepan/ws_ros2/install/px4_msgs/share/px4_msgs/msg/AdcReport.idl
[7.387s] -- Up-to-date: /home/stepan/ws_ros2/install/px4_msgs/share/px4_msgs/msg/Airspeed.idl
[7.387s] -- Up-to-date: /home/stepan/ws_ros2/install/px4_msgs/share/px4_msgs/msg/AirspeedValidated.idl
[7.388s] -- Up-to-date: /home/stepan/ws_ros2/install/px4_msgs/share/px4_msgs/msg/AirspeedWind.idl
[7.388s] -- Up-to-date: /home/stepan/ws_ros2/install/px4_msgs/share/px4_msgs/msg/ArmingCheckReply.idl
[7.389s] -- Up-to-date: /home/stepan/ws_ros2/install/px4_msgs/share/px4_msgs/msg/ArmingCheckRequest.idl
[7.389s] -- Up-to-date: /home/stepan/ws_ros2/install/px4_msgs/share/px4_msgs/msg/AutotuneAttitudeControlStatus.idl
[7.389s] -- Up-to-date: /home/stepan/ws_ros2/install/px4_msgs/share/px4_msgs/msg/BatteryStatus.idl
[7.389s] -- Up-to-date: /home/stepan/ws_ros2/install/px4_msgs/share/px4_msgs/msg/ButtonEvent.idl
[7.389s] -- Up-to-date: /home/stepan/ws_ros2/install/px4_msgs/share/px4_msgs/msg/CameraCapture.idl
[7.390s] -- Up-to-date: /home/stepan/ws_ros2/install/px4_msgs/share/px4_msgs/msg/CameraStatus.idl
[7.390s] -- Up-to-date: /home/stepan/ws_ros2/install/px4_msgs/share/px4_msgs/msg/CameraTrigger.idl
[7.390s] -- Up-to-date: /home/stepan/ws_ros2/install/px4_msgs/share/px4_msgs/msg/CanInterfaceStatus.idl
[7.390s] -- Up-to-date: /home/stepan/ws_ros2/install/px4_msgs/share/px4_msgs/msg/CellularStatus.idl
[7.391s] -- Up-to-date: /home/stepan/ws_ros2/install/px4_msgs/share/px4_msgs/msg/CollisionConstraints.idl
[7.391s] -- Up-to-date: /home/stepan/ws_ros2/install/px4_msgs/share/px4_msgs/msg/ConfigOverrides.idl
[7.391s] -- Up-to-date: /home/stepan/ws_ros2/install/px4_msgs/share/px4_msgs/msg/ControlAllocatorStatus.idl
[7.391s] -- Up-to-date: /home/stepan/ws_ros2/install/px4_msgs/share/px4_msgs/msg/Cpuload.idl
[7.392s] -- Up-to-date: /home/stepan/ws_ros2/install/px4_msgs/share/px4_msgs/msg/DatamanRequest.idl
[7.392s] -- Up-to-date: /home/stepan/ws_ros2/install/px4_msgs/share/px4_msgs/msg/DatamanResponse.idl
[7.392s] -- Up-to-date: /home/stepan/ws_ros2/install/px4_msgs/share/px4_msgs/msg/DebugArray.idl
[7.392s] -- Up-to-date: /home/stepan/ws_ros2/install/px4_msgs/share/px4_msgs/msg/DebugKeyValue.idl
[7.392s] -- Up-to-date: /home/stepan/ws_ros2/install/px4_msgs/share/px4_msgs/msg/DebugValue.idl
[7.392s] -- Up-to-date: /home/stepan/ws_ros2/install/px4_msgs/share/px4_msgs/msg/DebugVect.idl
[7.393s] -- Up-to-date: /home/stepan/ws_ros2/install/px4_msgs/share/px4_msgs/msg/DifferentialPressure.idl
[7.393s] -- Up-to-date: /home/stepan/ws_ros2/install/px4_msgs/share/px4_msgs/msg/DistanceSensor.idl
[7.393s] -- Up-to-date: /home/stepan/ws_ros2/install/px4_msgs/share/px4_msgs/msg/DistanceSensorModeChangeRequest.idl
[7.393s] -- Up-to-date: /home/stepan/ws_ros2/install/px4_msgs/share/px4_msgs/msg/Ekf2Timestamps.idl
[7.393s] -- Up-to-date: /home/stepan/ws_ros2/install/px4_msgs/share/px4_msgs/msg/EscReport.idl
[7.394s] -- Up-to-date: /home/stepan/ws_ros2/install/px4_msgs/share/px4_msgs/msg/EscStatus.idl
[7.394s] -- Up-to-date: /home/stepan/ws_ros2/install/px4_msgs/share/px4_msgs/msg/EstimatorAidSource1d.idl
[7.394s] -- Up-to-date: /home/stepan/ws_ros2/install/px4_msgs/share/px4_msgs/msg/EstimatorAidSource2d.idl
[7.394s] -- Up-to-date: /home/stepan/ws_ros2/install/px4_msgs/share/px4_msgs/msg/EstimatorAidSource3d.idl
[7.394s] -- Up-to-date: /home/stepan/ws_ros2/install/px4_msgs/share/px4_msgs/msg/EstimatorBias.idl
[7.394s] -- Up-to-date: /home/stepan/ws_ros2/install/px4_msgs/share/px4_msgs/msg/EstimatorBias3d.idl
[7.394s] -- Up-to-date: /home/stepan/ws_ros2/install/px4_msgs/share/px4_msgs/msg/EstimatorEventFlags.idl
[7.395s] -- Up-to-date: /home/stepan/ws_ros2/install/px4_msgs/share/px4_msgs/msg/EstimatorGpsStatus.idl
[7.395s] -- Up-to-date: /home/stepan/ws_ros2/install/px4_msgs/share/px4_msgs/msg/EstimatorInnovations.idl
[7.395s] -- Up-to-date: /home/stepan/ws_ros2/install/px4_msgs/share/px4_msgs/msg/EstimatorSelectorStatus.idl
[7.395s] -- Up-to-date: /home/stepan/ws_ros2/install/px4_msgs/share/px4_msgs/msg/EstimatorSensorBias.idl
[7.395s] -- Up-to-date: /home/stepan/ws_ros2/install/px4_msgs/share/px4_msgs/msg/EstimatorStates.idl
[7.395s] -- Up-to-date: /home/stepan/ws_ros2/install/px4_msgs/share/px4_msgs/msg/EstimatorStatus.idl
[7.395s] -- Up-to-date: /home/stepan/ws_ros2/install/px4_msgs/share/px4_msgs/msg/EstimatorStatusFlags.idl
[7.395s] -- Up-to-date: /home/stepan/ws_ros2/install/px4_msgs/share/px4_msgs/msg/Event.idl
[7.395s] -- Up-to-date: /home/stepan/ws_ros2/install/px4_msgs/share/px4_msgs/msg/FailsafeFlags.idl
[7.396s] -- Up-to-date: /home/stepan/ws_ros2/install/px4_msgs/share/px4_msgs/msg/FailureDetectorStatus.idl
[7.397s] -- Up-to-date: /home/stepan/ws_ros2/install/px4_msgs/share/px4_msgs/msg/FigureEightStatus.idl
[7.397s] -- Up-to-date: /home/stepan/ws_ros2/install/px4_msgs/share/px4_msgs/msg/FlightPhaseEstimation.idl
[7.398s] -- Up-to-date: /home/stepan/ws_ros2/install/px4_msgs/share/px4_msgs/msg/FollowTarget.idl
[7.398s] -- Up-to-date: /home/stepan/ws_ros2/install/px4_msgs/share/px4_msgs/msg/FollowTargetEstimator.idl
[7.399s] -- Up-to-date: /home/stepan/ws_ros2/install/px4_msgs/share/px4_msgs/msg/FollowTargetStatus.idl
[7.399s] -- Up-to-date: /home/stepan/ws_ros2/install/px4_msgs/share/px4_msgs/msg/FuelTankStatus.idl
[7.400s] -- Up-to-date: /home/stepan/ws_ros2/install/px4_msgs/share/px4_msgs/msg/GeneratorStatus.idl
[7.400s] -- Up-to-date: /home/stepan/ws_ros2/install/px4_msgs/share/px4_msgs/msg/GeofenceResult.idl
[7.400s] -- Up-to-date: /home/stepan/ws_ros2/install/px4_msgs/share/px4_msgs/msg/GeofenceStatus.idl
[7.401s] -- Up-to-date: /home/stepan/ws_ros2/install/px4_msgs/share/px4_msgs/msg/GimbalControls.idl
[7.402s] -- Up-to-date: /home/stepan/ws_ros2/install/px4_msgs/share/px4_msgs/msg/GimbalDeviceAttitudeStatus.idl
[7.402s] -- Up-to-date: /home/stepan/ws_ros2/install/px4_msgs/share/px4_msgs/msg/GimbalDeviceInformation.idl
[7.402s] -- Up-to-date: /home/stepan/ws_ros2/install/px4_msgs/share/px4_msgs/msg/GimbalDeviceSetAttitude.idl
[7.402s] -- Up-to-date: /home/stepan/ws_ros2/install/px4_msgs/share/px4_msgs/msg/GimbalManagerInformation.idl
[7.402s] -- Up-to-date: /home/stepan/ws_ros2/install/px4_msgs/share/px4_msgs/msg/GimbalManagerSetAttitude.idl
[7.403s] -- Up-to-date: /home/stepan/ws_ros2/install/px4_msgs/share/px4_msgs/msg/GimbalManagerSetManualControl.idl
[7.403s] -- Up-to-date: /home/stepan/ws_ros2/install/px4_msgs/share/px4_msgs/msg/GimbalManagerStatus.idl
[7.403s] -- Up-to-date: /home/stepan/ws_ros2/install/px4_msgs/share/px4_msgs/msg/GotoSetpoint.idl
[7.403s] -- Up-to-date: /home/stepan/ws_ros2/install/px4_msgs/share/px4_msgs/msg/GpioConfig.idl
[7.403s] -- Up-to-date: /home/stepan/ws_ros2/install/px4_msgs/share/px4_msgs/msg/GpioIn.idl
[7.404s] -- Up-to-date: /home/stepan/ws_ros2/install/px4_msgs/share/px4_msgs/msg/GpioOut.idl
[7.404s] -- Up-to-date: /home/stepan/ws_ros2/install/px4_msgs/share/px4_msgs/msg/GpioRequest.idl
[7.404s] -- Up-to-date: /home/stepan/ws_ros2/install/px4_msgs/share/px4_msgs/msg/GpsDump.idl
[7.404s] -- Up-to-date: /home/stepan/ws_ros2/install/px4_msgs/share/px4_msgs/msg/GpsInjectData.idl
[7.404s] -- Up-to-date: /home/stepan/ws_ros2/install/px4_msgs/share/px4_msgs/msg/Gripper.idl
[7.406s] -- Up-to-date: /home/stepan/ws_ros2/install/px4_msgs/share/px4_msgs/msg/HealthReport.idl
[7.409s] -- Up-to-date: /home/stepan/ws_ros2/install/px4_msgs/share/px4_msgs/msg/HeaterStatus.idl
[7.409s] -- Up-to-date: /home/stepan/ws_ros2/install/px4_msgs/share/px4_msgs/msg/HomePosition.idl
[7.409s] -- Up-to-date: /home/stepan/ws_ros2/install/px4_msgs/share/px4_msgs/msg/HoverThrustEstimate.idl
[7.409s] -- Up-to-date: /home/stepan/ws_ros2/install/px4_msgs/share/px4_msgs/msg/InputRc.idl
[7.409s] -- Up-to-date: /home/stepan/ws_ros2/install/px4_msgs/share/px4_msgs/msg/InternalCombustionEngineControl.idl
[7.409s] -- Up-to-date: /home/stepan/ws_ros2/install/px4_msgs/share/px4_msgs/msg/InternalCombustionEngineStatus.idl
[7.410s] -- Up-to-date: /home/stepan/ws_ros2/install/px4_msgs/share/px4_msgs/msg/IridiumsbdStatus.idl
[7.410s] -- Up-to-date: /home/stepan/ws_ros2/install/px4_msgs/share/px4_msgs/msg/IrlockReport.idl
[7.410s] -- Up-to-date: /home/stepan/ws_ros2/install/px4_msgs/share/px4_msgs/msg/LandingGear.idl
[7.410s] -- Up-to-date: /home/stepan/ws_ros2/install/px4_msgs/share/px4_msgs/msg/LandingGearWheel.idl
[7.410s] -- Up-to-date: /home/stepan/ws_ros2/install/px4_msgs/share/px4_msgs/msg/LandingTargetInnovations.idl
[7.410s] -- Up-to-date: /home/stepan/ws_ros2/install/px4_msgs/share/px4_msgs/msg/LandingTargetPose.idl
[7.410s] -- Up-to-date: /home/stepan/ws_ros2/install/px4_msgs/share/px4_msgs/msg/LaunchDetectionStatus.idl
[7.411s] -- Up-to-date: /home/stepan/ws_ros2/install/px4_msgs/share/px4_msgs/msg/LedControl.idl
[7.411s] -- Up-to-date: /home/stepan/ws_ros2/install/px4_msgs/share/px4_msgs/msg/LogMessage.idl
[7.411s] -- Up-to-date: /home/stepan/ws_ros2/install/px4_msgs/share/px4_msgs/msg/LoggerStatus.idl
[7.411s] -- Up-to-date: /home/stepan/ws_ros2/install/px4_msgs/share/px4_msgs/msg/MagWorkerData.idl
[7.411s] -- Up-to-date: /home/stepan/ws_ros2/install/px4_msgs/share/px4_msgs/msg/MagnetometerBiasEstimate.idl
[7.411s] -- Up-to-date: /home/stepan/ws_ros2/install/px4_msgs/share/px4_msgs/msg/ManualControlSetpoint.idl
[7.412s] -- Up-to-date: /home/stepan/ws_ros2/install/px4_msgs/share/px4_msgs/msg/ManualControlSwitches.idl
[7.412s] -- Up-to-date: /home/stepan/ws_ros2/install/px4_msgs/share/px4_msgs/msg/MavlinkLog.idl
[7.412s] -- Up-to-date: /home/stepan/ws_ros2/install/px4_msgs/share/px4_msgs/msg/MavlinkTunnel.idl
[7.412s] -- Up-to-date: /home/stepan/ws_ros2/install/px4_msgs/share/px4_msgs/msg/MessageFormatRequest.idl
[7.412s] -- Up-to-date: /home/stepan/ws_ros2/install/px4_msgs/share/px4_msgs/msg/MessageFormatResponse.idl
[7.412s] -- Up-to-date: /home/stepan/ws_ros2/install/px4_msgs/share/px4_msgs/msg/Mission.idl
[7.412s] -- Up-to-date: /home/stepan/ws_ros2/install/px4_msgs/share/px4_msgs/msg/MissionResult.idl
[7.413s] -- Up-to-date: /home/stepan/ws_ros2/install/px4_msgs/share/px4_msgs/msg/ModeCompleted.idl
[7.413s] -- Up-to-date: /home/stepan/ws_ros2/install/px4_msgs/share/px4_msgs/msg/MountOrientation.idl
[7.413s] -- Up-to-date: /home/stepan/ws_ros2/install/px4_msgs/share/px4_msgs/msg/NavigatorMissionItem.idl
[7.414s] -- Up-to-date: /home/stepan/ws_ros2/install/px4_msgs/share/px4_msgs/msg/NavigatorStatus.idl
[7.414s] -- Up-to-date: /home/stepan/ws_ros2/install/px4_msgs/share/px4_msgs/msg/NormalizedUnsignedSetpoint.idl
[7.414s] -- Up-to-date: /home/stepan/ws_ros2/install/px4_msgs/share/px4_msgs/msg/NpfgStatus.idl
[7.415s] -- Up-to-date: /home/stepan/ws_ros2/install/px4_msgs/share/px4_msgs/msg/ObstacleDistance.idl
[7.416s] -- Up-to-date: /home/stepan/ws_ros2/install/px4_msgs/share/px4_msgs/msg/OffboardControlMode.idl
[7.416s] -- Up-to-date: /home/stepan/ws_ros2/install/px4_msgs/share/px4_msgs/msg/OnboardComputerStatus.idl
[7.416s] -- Up-to-date: /home/stepan/ws_ros2/install/px4_msgs/share/px4_msgs/msg/OpenDroneIdArmStatus.idl
[7.416s] -- Up-to-date: /home/stepan/ws_ros2/install/px4_msgs/share/px4_msgs/msg/OpenDroneIdOperatorId.idl
[7.417s] -- Up-to-date: /home/stepan/ws_ros2/install/px4_msgs/share/px4_msgs/msg/OpenDroneIdSelfId.idl
[7.417s] -- Up-to-date: /home/stepan/ws_ros2/install/px4_msgs/share/px4_msgs/msg/OpenDroneIdSystem.idl
[7.417s] -- Up-to-date: /home/stepan/ws_ros2/install/px4_msgs/share/px4_msgs/msg/OrbTest.idl
[7.417s] -- Up-to-date: /home/stepan/ws_ros2/install/px4_msgs/share/px4_msgs/msg/OrbTestLarge.idl
[7.418s] -- Up-to-date: /home/stepan/ws_ros2/install/px4_msgs/share/px4_msgs/msg/OrbTestMedium.idl
[7.418s] -- Up-to-date: /home/stepan/ws_ros2/install/px4_msgs/share/px4_msgs/msg/OrbitStatus.idl
[7.418s] -- Up-to-date: /home/stepan/ws_ros2/install/px4_msgs/share/px4_msgs/msg/ParameterResetRequest.idl
[7.418s] -- Up-to-date: /home/stepan/ws_ros2/install/px4_msgs/share/px4_msgs/msg/ParameterSetUsedRequest.idl
[7.418s] -- Up-to-date: /home/stepan/ws_ros2/install/px4_msgs/share/px4_msgs/msg/ParameterSetValueRequest.idl
[7.419s] -- Up-to-date: /home/stepan/ws_ros2/install/px4_msgs/share/px4_msgs/msg/ParameterSetValueResponse.idl
[7.419s] -- Up-to-date: /home/stepan/ws_ros2/install/px4_msgs/share/px4_msgs/msg/ParameterUpdate.idl
[7.419s] -- Up-to-date: /home/stepan/ws_ros2/install/px4_msgs/share/px4_msgs/msg/Ping.idl
[7.419s] -- Up-to-date: /home/stepan/ws_ros2/install/px4_msgs/share/px4_msgs/msg/PositionControllerLandingStatus.idl
[7.419s] -- Up-to-date: /home/stepan/ws_ros2/install/px4_msgs/share/px4_msgs/msg/PositionControllerStatus.idl
[7.419s] -- Up-to-date: /home/stepan/ws_ros2/install/px4_msgs/share/px4_msgs/msg/PositionSetpoint.idl
[7.419s] -- Up-to-date: /home/stepan/ws_ros2/install/px4_msgs/share/px4_msgs/msg/PositionSetpointTriplet.idl
[7.419s] -- Up-to-date: /home/stepan/ws_ros2/install/px4_msgs/share/px4_msgs/msg/PowerButtonState.idl
[7.420s] -- Up-to-date: /home/stepan/ws_ros2/install/px4_msgs/share/px4_msgs/msg/PowerMonitor.idl
[7.420s] -- Up-to-date: /home/stepan/ws_ros2/install/px4_msgs/share/px4_msgs/msg/PpsCapture.idl
[7.420s] -- Up-to-date: /home/stepan/ws_ros2/install/px4_msgs/share/px4_msgs/msg/PurePursuitStatus.idl
[7.420s] -- Up-to-date: /home/stepan/ws_ros2/install/px4_msgs/share/px4_msgs/msg/PwmInput.idl
[7.420s] -- Up-to-date: /home/stepan/ws_ros2/install/px4_msgs/share/px4_msgs/msg/Px4ioStatus.idl
[7.420s] -- Up-to-date: /home/stepan/ws_ros2/install/px4_msgs/share/px4_msgs/msg/QshellReq.idl
[7.420s] -- Up-to-date: /home/stepan/ws_ros2/install/px4_msgs/share/px4_msgs/msg/QshellRetval.idl
[7.420s] -- Up-to-date: /home/stepan/ws_ros2/install/px4_msgs/share/px4_msgs/msg/RadioStatus.idl
[7.420s] -- Up-to-date: /home/stepan/ws_ros2/install/px4_msgs/share/px4_msgs/msg/RateCtrlStatus.idl
[7.420s] -- Up-to-date: /home/stepan/ws_ros2/install/px4_msgs/share/px4_msgs/msg/RcChannels.idl
[7.421s] -- Up-to-date: /home/stepan/ws_ros2/install/px4_msgs/share/px4_msgs/msg/RcParameterMap.idl
[7.421s] -- Up-to-date: /home/stepan/ws_ros2/install/px4_msgs/share/px4_msgs/msg/RegisterExtComponentReply.idl
[7.421s] -- Up-to-date: /home/stepan/ws_ros2/install/px4_msgs/share/px4_msgs/msg/RegisterExtComponentRequest.idl
[7.421s] -- Up-to-date: /home/stepan/ws_ros2/install/px4_msgs/share/px4_msgs/msg/RoverAttitudeSetpoint.idl
[7.421s] -- Up-to-date: /home/stepan/ws_ros2/install/px4_msgs/share/px4_msgs/msg/RoverAttitudeStatus.idl
[7.421s] -- Up-to-date: /home/stepan/ws_ros2/install/px4_msgs/share/px4_msgs/msg/RoverPositionSetpoint.idl
[7.422s] -- Up-to-date: /home/stepan/ws_ros2/install/px4_msgs/share/px4_msgs/msg/RoverRateSetpoint.idl
[7.422s] -- Up-to-date: /home/stepan/ws_ros2/install/px4_msgs/share/px4_msgs/msg/RoverRateStatus.idl
[7.422s] -- Up-to-date: /home/stepan/ws_ros2/install/px4_msgs/share/px4_msgs/msg/RoverSteeringSetpoint.idl
[7.422s] -- Up-to-date: /home/stepan/ws_ros2/install/px4_msgs/share/px4_msgs/msg/RoverThrottleSetpoint.idl
[7.422s] -- Up-to-date: /home/stepan/ws_ros2/install/px4_msgs/share/px4_msgs/msg/RoverVelocityStatus.idl
[7.423s] -- Up-to-date: /home/stepan/ws_ros2/install/px4_msgs/share/px4_msgs/msg/Rpm.idl
[7.423s] -- Up-to-date: /home/stepan/ws_ros2/install/px4_msgs/share/px4_msgs/msg/RtlStatus.idl
[7.423s] -- Up-to-date: /home/stepan/ws_ros2/install/px4_msgs/share/px4_msgs/msg/RtlTimeEstimate.idl
[7.423s] -- Up-to-date: /home/stepan/ws_ros2/install/px4_msgs/share/px4_msgs/msg/SatelliteInfo.idl
[7.424s] -- Up-to-date: /home/stepan/ws_ros2/install/px4_msgs/share/px4_msgs/msg/SensorAccel.idl
[7.424s] -- Up-to-date: /home/stepan/ws_ros2/install/px4_msgs/share/px4_msgs/msg/SensorAccelFifo.idl
[7.424s] -- Up-to-date: /home/stepan/ws_ros2/install/px4_msgs/share/px4_msgs/msg/SensorAirflow.idl
[7.424s] -- Up-to-date: /home/stepan/ws_ros2/install/px4_msgs/share/px4_msgs/msg/SensorBaro.idl
[7.424s] -- Up-to-date: /home/stepan/ws_ros2/install/px4_msgs/share/px4_msgs/msg/SensorCombined.idl
[7.425s] -- Up-to-date: /home/stepan/ws_ros2/install/px4_msgs/share/px4_msgs/msg/SensorCorrection.idl
[7.425s] -- Up-to-date: /home/stepan/ws_ros2/install/px4_msgs/share/px4_msgs/msg/SensorGnssRelative.idl
[7.425s] -- Up-to-date: /home/stepan/ws_ros2/install/px4_msgs/share/px4_msgs/msg/SensorGps.idl
[7.425s] -- Up-to-date: /home/stepan/ws_ros2/install/px4_msgs/share/px4_msgs/msg/SensorGyro.idl
[7.425s] -- Up-to-date: /home/stepan/ws_ros2/install/px4_msgs/share/px4_msgs/msg/SensorGyroFft.idl
[7.426s] -- Up-to-date: /home/stepan/ws_ros2/install/px4_msgs/share/px4_msgs/msg/SensorGyroFifo.idl
[7.426s] -- Up-to-date: /home/stepan/ws_ros2/install/px4_msgs/share/px4_msgs/msg/SensorHygrometer.idl
[7.427s] -- Up-to-date: /home/stepan/ws_ros2/install/px4_msgs/share/px4_msgs/msg/SensorMag.idl
[7.427s] -- Up-to-date: /home/stepan/ws_ros2/install/px4_msgs/share/px4_msgs/msg/SensorOpticalFlow.idl
[7.427s] -- Up-to-date: /home/stepan/ws_ros2/install/px4_msgs/share/px4_msgs/msg/SensorPreflightMag.idl
[7.427s] -- Up-to-date: /home/stepan/ws_ros2/install/px4_msgs/share/px4_msgs/msg/SensorSelection.idl
[7.427s] -- Up-to-date: /home/stepan/ws_ros2/install/px4_msgs/share/px4_msgs/msg/SensorUwb.idl
[7.427s] -- Up-to-date: /home/stepan/ws_ros2/install/px4_msgs/share/px4_msgs/msg/SensorsStatus.idl
[7.428s] -- Up-to-date: /home/stepan/ws_ros2/install/px4_msgs/share/px4_msgs/msg/SensorsStatusImu.idl
[7.428s] -- Up-to-date: /home/stepan/ws_ros2/install/px4_msgs/share/px4_msgs/msg/SystemPower.idl
[7.428s] -- Up-to-date: /home/stepan/ws_ros2/install/px4_msgs/share/px4_msgs/msg/TakeoffStatus.idl
[7.428s] -- Up-to-date: /home/stepan/ws_ros2/install/px4_msgs/share/px4_msgs/msg/TaskStackInfo.idl
[7.428s] -- Up-to-date: /home/stepan/ws_ros2/install/px4_msgs/share/px4_msgs/msg/TecsStatus.idl
[7.428s] -- Up-to-date: /home/stepan/ws_ros2/install/px4_msgs/share/px4_msgs/msg/TelemetryStatus.idl
[7.428s] -- Up-to-date: /home/stepan/ws_ros2/install/px4_msgs/share/px4_msgs/msg/TiltrotorExtraControls.idl
[7.428s] -- Up-to-date: /home/stepan/ws_ros2/install/px4_msgs/share/px4_msgs/msg/TimesyncStatus.idl
[7.429s] -- Up-to-date: /home/stepan/ws_ros2/install/px4_msgs/share/px4_msgs/msg/TrajectorySetpoint.idl
[7.429s] -- Up-to-date: /home/stepan/ws_ros2/install/px4_msgs/share/px4_msgs/msg/TrajectorySetpoint6dof.idl
[7.429s] -- Up-to-date: /home/stepan/ws_ros2/install/px4_msgs/share/px4_msgs/msg/TransponderReport.idl
[7.429s] -- Up-to-date: /home/stepan/ws_ros2/install/px4_msgs/share/px4_msgs/msg/TuneControl.idl
[7.429s] -- Up-to-date: /home/stepan/ws_ros2/install/px4_msgs/share/px4_msgs/msg/UavcanParameterRequest.idl
[7.429s] -- Up-to-date: /home/stepan/ws_ros2/install/px4_msgs/share/px4_msgs/msg/UavcanParameterValue.idl
[7.429s] -- Up-to-date: /home/stepan/ws_ros2/install/px4_msgs/share/px4_msgs/msg/UlogStream.idl
[7.430s] -- Up-to-date: /home/stepan/ws_ros2/install/px4_msgs/share/px4_msgs/msg/UlogStreamAck.idl
[7.430s] -- Up-to-date: /home/stepan/ws_ros2/install/px4_msgs/share/px4_msgs/msg/UnregisterExtComponent.idl
[7.430s] -- Up-to-date: /home/stepan/ws_ros2/install/px4_msgs/share/px4_msgs/msg/VehicleAcceleration.idl
[7.430s] -- Up-to-date: /home/stepan/ws_ros2/install/px4_msgs/share/px4_msgs/msg/VehicleAirData.idl
[7.430s] -- Up-to-date: /home/stepan/ws_ros2/install/px4_msgs/share/px4_msgs/msg/VehicleAngularAccelerationSetpoint.idl
[7.430s] -- Up-to-date: /home/stepan/ws_ros2/install/px4_msgs/share/px4_msgs/msg/VehicleAngularVelocity.idl
[7.431s] -- Up-to-date: /home/stepan/ws_ros2/install/px4_msgs/share/px4_msgs/msg/VehicleAttitude.idl
[7.431s] -- Up-to-date: /home/stepan/ws_ros2/install/px4_msgs/share/px4_msgs/msg/VehicleAttitudeSetpoint.idl
[7.431s] -- Up-to-date: /home/stepan/ws_ros2/install/px4_msgs/share/px4_msgs/msg/VehicleCommand.idl
[7.431s] -- Up-to-date: /home/stepan/ws_ros2/install/px4_msgs/share/px4_msgs/msg/VehicleCommandAck.idl
[7.431s] -- Up-to-date: /home/stepan/ws_ros2/install/px4_msgs/share/px4_msgs/msg/VehicleConstraints.idl
[7.431s] -- Up-to-date: /home/stepan/ws_ros2/install/px4_msgs/share/px4_msgs/msg/VehicleControlMode.idl
[7.431s] -- Up-to-date: /home/stepan/ws_ros2/install/px4_msgs/share/px4_msgs/msg/VehicleGlobalPosition.idl
[7.431s] -- Up-to-date: /home/stepan/ws_ros2/install/px4_msgs/share/px4_msgs/msg/VehicleImu.idl
[7.432s] -- Up-to-date: /home/stepan/ws_ros2/install/px4_msgs/share/px4_msgs/msg/VehicleImuStatus.idl
[7.432s] -- Up-to-date: /home/stepan/ws_ros2/install/px4_msgs/share/px4_msgs/msg/VehicleLandDetected.idl
[7.432s] -- Up-to-date: /home/stepan/ws_ros2/install/px4_msgs/share/px4_msgs/msg/VehicleLocalPosition.idl
[7.432s] -- Up-to-date: /home/stepan/ws_ros2/install/px4_msgs/share/px4_msgs/msg/VehicleLocalPositionSetpoint.idl
[7.432s] -- Up-to-date: /home/stepan/ws_ros2/install/px4_msgs/share/px4_msgs/msg/VehicleMagnetometer.idl
[7.432s] -- Up-to-date: /home/stepan/ws_ros2/install/px4_msgs/share/px4_msgs/msg/VehicleOdometry.idl
[7.432s] -- Up-to-date: /home/stepan/ws_ros2/install/px4_msgs/share/px4_msgs/msg/VehicleOpticalFlow.idl
[7.432s] -- Up-to-date: /home/stepan/ws_ros2/install/px4_msgs/share/px4_msgs/msg/VehicleOpticalFlowVel.idl
[7.432s] -- Up-to-date: /home/stepan/ws_ros2/install/px4_msgs/share/px4_msgs/msg/VehicleRatesSetpoint.idl
[7.433s] -- Up-to-date: /home/stepan/ws_ros2/install/px4_msgs/share/px4_msgs/msg/VehicleRoi.idl
[7.433s] -- Up-to-date: /home/stepan/ws_ros2/install/px4_msgs/share/px4_msgs/msg/VehicleStatus.idl
[7.433s] -- Up-to-date: /home/stepan/ws_ros2/install/px4_msgs/share/px4_msgs/msg/VehicleThrustSetpoint.idl
[7.433s] -- Up-to-date: /home/stepan/ws_ros2/install/px4_msgs/share/px4_msgs/msg/VehicleTorqueSetpoint.idl
[7.433s] -- Up-to-date: /home/stepan/ws_ros2/install/px4_msgs/share/px4_msgs/msg/VelocityLimits.idl
[7.433s] -- Up-to-date: /home/stepan/ws_ros2/install/px4_msgs/share/px4_msgs/msg/VtolVehicleStatus.idl
[7.433s] -- Up-to-date: /home/stepan/ws_ros2/install/px4_msgs/share/px4_msgs/msg/WheelEncoders.idl
[7.433s] -- Up-to-date: /home/stepan/ws_ros2/install/px4_msgs/share/px4_msgs/msg/Wind.idl
[7.434s] -- Up-to-date: /home/stepan/ws_ros2/install/px4_msgs/share/px4_msgs/msg/YawEstimatorStatus.idl
[7.434s] -- Up-to-date: /home/stepan/ws_ros2/install/px4_msgs/share/px4_msgs/srv/VehicleCommand.idl
[7.434s] -- Up-to-date: /home/stepan/ws_ros2/install/px4_msgs/share/px4_msgs/msg/AckermannVelocitySetpoint.msg
[7.434s] -- Up-to-date: /home/stepan/ws_ros2/install/px4_msgs/share/px4_msgs/msg/ActionRequest.msg
[7.434s] -- Up-to-date: /home/stepan/ws_ros2/install/px4_msgs/share/px4_msgs/msg/ActuatorArmed.msg
[7.434s] -- Up-to-date: /home/stepan/ws_ros2/install/px4_msgs/share/px4_msgs/msg/ActuatorControlsStatus.msg
[7.434s] -- Up-to-date: /home/stepan/ws_ros2/install/px4_msgs/share/px4_msgs/msg/ActuatorMotors.msg
[7.435s] -- Up-to-date: /home/stepan/ws_ros2/install/px4_msgs/share/px4_msgs/msg/ActuatorOutputs.msg
[7.435s] -- Up-to-date: /home/stepan/ws_ros2/install/px4_msgs/share/px4_msgs/msg/ActuatorServos.msg
[7.435s] -- Up-to-date: /home/stepan/ws_ros2/install/px4_msgs/share/px4_msgs/msg/ActuatorServosTrim.msg
[7.435s] -- Up-to-date: /home/stepan/ws_ros2/install/px4_msgs/share/px4_msgs/msg/ActuatorTest.msg
[7.435s] -- Up-to-date: /home/stepan/ws_ros2/install/px4_msgs/share/px4_msgs/msg/AdcReport.msg
[7.435s] -- Up-to-date: /home/stepan/ws_ros2/install/px4_msgs/share/px4_msgs/msg/Airspeed.msg
[7.435s] -- Up-to-date: /home/stepan/ws_ros2/install/px4_msgs/share/px4_msgs/msg/AirspeedValidated.msg
[7.436s] -- Up-to-date: /home/stepan/ws_ros2/install/px4_msgs/share/px4_msgs/msg/AirspeedWind.msg
[7.436s] -- Up-to-date: /home/stepan/ws_ros2/install/px4_msgs/share/px4_msgs/msg/ArmingCheckReply.msg
[7.436s] -- Up-to-date: /home/stepan/ws_ros2/install/px4_msgs/share/px4_msgs/msg/ArmingCheckRequest.msg
[7.436s] -- Up-to-date: /home/stepan/ws_ros2/install/px4_msgs/share/px4_msgs/msg/AutotuneAttitudeControlStatus.msg
[7.436s] -- Up-to-date: /home/stepan/ws_ros2/install/px4_msgs/share/px4_msgs/msg/BatteryStatus.msg
[7.436s] -- Up-to-date: /home/stepan/ws_ros2/install/px4_msgs/share/px4_msgs/msg/ButtonEvent.msg
[7.436s] -- Up-to-date: /home/stepan/ws_ros2/install/px4_msgs/share/px4_msgs/msg/CameraCapture.msg
[7.436s] -- Up-to-date: /home/stepan/ws_ros2/install/px4_msgs/share/px4_msgs/msg/CameraStatus.msg
[7.436s] -- Up-to-date: /home/stepan/ws_ros2/install/px4_msgs/share/px4_msgs/msg/CameraTrigger.msg
[7.436s] -- Up-to-date: /home/stepan/ws_ros2/install/px4_msgs/share/px4_msgs/msg/CanInterfaceStatus.msg
[7.436s] -- Up-to-date: /home/stepan/ws_ros2/install/px4_msgs/share/px4_msgs/msg/CellularStatus.msg
[7.437s] -- Up-to-date: /home/stepan/ws_ros2/install/px4_msgs/share/px4_msgs/msg/CollisionConstraints.msg
[7.437s] -- Up-to-date: /home/stepan/ws_ros2/install/px4_msgs/share/px4_msgs/msg/ConfigOverrides.msg
[7.437s] -- Up-to-date: /home/stepan/ws_ros2/install/px4_msgs/share/px4_msgs/msg/ControlAllocatorStatus.msg
[7.437s] -- Up-to-date: /home/stepan/ws_ros2/install/px4_msgs/share/px4_msgs/msg/Cpuload.msg
[7.437s] -- Up-to-date: /home/stepan/ws_ros2/install/px4_msgs/share/px4_msgs/msg/DatamanRequest.msg
[7.437s] -- Up-to-date: /home/stepan/ws_ros2/install/px4_msgs/share/px4_msgs/msg/DatamanResponse.msg
[7.437s] -- Up-to-date: /home/stepan/ws_ros2/install/px4_msgs/share/px4_msgs/msg/DebugArray.msg
[7.438s] -- Up-to-date: /home/stepan/ws_ros2/install/px4_msgs/share/px4_msgs/msg/DebugKeyValue.msg
[7.438s] -- Up-to-date: /home/stepan/ws_ros2/install/px4_msgs/share/px4_msgs/msg/DebugValue.msg
[7.438s] -- Up-to-date: /home/stepan/ws_ros2/install/px4_msgs/share/px4_msgs/msg/DebugVect.msg
[7.438s] -- Up-to-date: /home/stepan/ws_ros2/install/px4_msgs/share/px4_msgs/msg/DifferentialPressure.msg
[7.438s] -- Up-to-date: /home/stepan/ws_ros2/install/px4_msgs/share/px4_msgs/msg/DistanceSensor.msg
[7.438s] -- Up-to-date: /home/stepan/ws_ros2/install/px4_msgs/share/px4_msgs/msg/DistanceSensorModeChangeRequest.msg
[7.439s] -- Up-to-date: /home/stepan/ws_ros2/install/px4_msgs/share/px4_msgs/msg/Ekf2Timestamps.msg
[7.439s] -- Up-to-date: /home/stepan/ws_ros2/install/px4_msgs/share/px4_msgs/msg/EscReport.msg
[7.439s] -- Up-to-date: /home/stepan/ws_ros2/install/px4_msgs/share/px4_msgs/msg/EscStatus.msg
[7.439s] -- Up-to-date: /home/stepan/ws_ros2/install/px4_msgs/share/px4_msgs/msg/EstimatorAidSource1d.msg
[7.439s] -- Up-to-date: /home/stepan/ws_ros2/install/px4_msgs/share/px4_msgs/msg/EstimatorAidSource2d.msg
[7.439s] -- Up-to-date: /home/stepan/ws_ros2/install/px4_msgs/share/px4_msgs/msg/EstimatorAidSource3d.msg
[7.439s] -- Up-to-date: /home/stepan/ws_ros2/install/px4_msgs/share/px4_msgs/msg/EstimatorBias.msg
[7.439s] -- Up-to-date: /home/stepan/ws_ros2/install/px4_msgs/share/px4_msgs/msg/EstimatorBias3d.msg
[7.439s] -- Up-to-date: /home/stepan/ws_ros2/install/px4_msgs/share/px4_msgs/msg/EstimatorEventFlags.msg
[7.440s] -- Up-to-date: /home/stepan/ws_ros2/install/px4_msgs/share/px4_msgs/msg/EstimatorGpsStatus.msg
[7.440s] -- Up-to-date: /home/stepan/ws_ros2/install/px4_msgs/share/px4_msgs/msg/EstimatorInnovations.msg
[7.440s] -- Up-to-date: /home/stepan/ws_ros2/install/px4_msgs/share/px4_msgs/msg/EstimatorSelectorStatus.msg
[7.440s] -- Up-to-date: /home/stepan/ws_ros2/install/px4_msgs/share/px4_msgs/msg/EstimatorSensorBias.msg
[7.440s] -- Up-to-date: /home/stepan/ws_ros2/install/px4_msgs/share/px4_msgs/msg/EstimatorStates.msg
[7.440s] -- Up-to-date: /home/stepan/ws_ros2/install/px4_msgs/share/px4_msgs/msg/EstimatorStatus.msg
[7.440s] -- Up-to-date: /home/stepan/ws_ros2/install/px4_msgs/share/px4_msgs/msg/EstimatorStatusFlags.msg
[7.440s] -- Up-to-date: /home/stepan/ws_ros2/install/px4_msgs/share/px4_msgs/msg/Event.msg
[7.440s] -- Up-to-date: /home/stepan/ws_ros2/install/px4_msgs/share/px4_msgs/msg/FailsafeFlags.msg
[7.441s] -- Up-to-date: /home/stepan/ws_ros2/install/px4_msgs/share/px4_msgs/msg/FailureDetectorStatus.msg
[7.441s] -- Up-to-date: /home/stepan/ws_ros2/install/px4_msgs/share/px4_msgs/msg/FigureEightStatus.msg
[7.441s] -- Up-to-date: /home/stepan/ws_ros2/install/px4_msgs/share/px4_msgs/msg/FlightPhaseEstimation.msg
[7.441s] -- Up-to-date: /home/stepan/ws_ros2/install/px4_msgs/share/px4_msgs/msg/FollowTarget.msg
[7.441s] -- Up-to-date: /home/stepan/ws_ros2/install/px4_msgs/share/px4_msgs/msg/FollowTargetEstimator.msg
[7.441s] -- Up-to-date: /home/stepan/ws_ros2/install/px4_msgs/share/px4_msgs/msg/FollowTargetStatus.msg
[7.442s] -- Up-to-date: /home/stepan/ws_ros2/install/px4_msgs/share/px4_msgs/msg/FuelTankStatus.msg
[7.442s] -- Up-to-date: /home/stepan/ws_ros2/install/px4_msgs/share/px4_msgs/msg/GeneratorStatus.msg
[7.442s] -- Up-to-date: /home/stepan/ws_ros2/install/px4_msgs/share/px4_msgs/msg/GeofenceResult.msg
[7.442s] -- Up-to-date: /home/stepan/ws_ros2/install/px4_msgs/share/px4_msgs/msg/GeofenceStatus.msg
[7.442s] -- Up-to-date: /home/stepan/ws_ros2/install/px4_msgs/share/px4_msgs/msg/GimbalControls.msg
[7.442s] -- Up-to-date: /home/stepan/ws_ros2/install/px4_msgs/share/px4_msgs/msg/GimbalDeviceAttitudeStatus.msg
[7.443s] -- Up-to-date: /home/stepan/ws_ros2/install/px4_msgs/share/px4_msgs/msg/GimbalDeviceInformation.msg
[7.443s] -- Up-to-date: /home/stepan/ws_ros2/install/px4_msgs/share/px4_msgs/msg/GimbalDeviceSetAttitude.msg
[7.445s] -- Up-to-date: /home/stepan/ws_ros2/install/px4_msgs/share/px4_msgs/msg/GimbalManagerInformation.msg
[7.446s] -- Up-to-date: /home/stepan/ws_ros2/install/px4_msgs/share/px4_msgs/msg/GimbalManagerSetAttitude.msg
[7.446s] -- Up-to-date: /home/stepan/ws_ros2/install/px4_msgs/share/px4_msgs/msg/GimbalManagerSetManualControl.msg
[7.446s] -- Up-to-date: /home/stepan/ws_ros2/install/px4_msgs/share/px4_msgs/msg/GimbalManagerStatus.msg
[7.447s] -- Up-to-date: /home/stepan/ws_ros2/install/px4_msgs/share/px4_msgs/msg/GotoSetpoint.msg
[7.447s] -- Up-to-date: /home/stepan/ws_ros2/install/px4_msgs/share/px4_msgs/msg/GpioConfig.msg
[7.447s] -- Up-to-date: /home/stepan/ws_ros2/install/px4_msgs/share/px4_msgs/msg/GpioIn.msg
[7.447s] -- Up-to-date: /home/stepan/ws_ros2/install/px4_msgs/share/px4_msgs/msg/GpioOut.msg
[7.447s] -- Up-to-date: /home/stepan/ws_ros2/install/px4_msgs/share/px4_msgs/msg/GpioRequest.msg
[7.447s] -- Up-to-date: /home/stepan/ws_ros2/install/px4_msgs/share/px4_msgs/msg/GpsDump.msg
[7.447s] -- Up-to-date: /home/stepan/ws_ros2/install/px4_msgs/share/px4_msgs/msg/GpsInjectData.msg
[7.448s] -- Up-to-date: /home/stepan/ws_ros2/install/px4_msgs/share/px4_msgs/msg/Gripper.msg
[7.448s] -- Up-to-date: /home/stepan/ws_ros2/install/px4_msgs/share/px4_msgs/msg/HealthReport.msg
[7.449s] -- Up-to-date: /home/stepan/ws_ros2/install/px4_msgs/share/px4_msgs/msg/HeaterStatus.msg
[7.449s] -- Up-to-date: /home/stepan/ws_ros2/install/px4_msgs/share/px4_msgs/msg/HomePosition.msg
[7.449s] -- Up-to-date: /home/stepan/ws_ros2/install/px4_msgs/share/px4_msgs/msg/HoverThrustEstimate.msg
[7.450s] -- Up-to-date: /home/stepan/ws_ros2/install/px4_msgs/share/px4_msgs/msg/InputRc.msg
[7.450s] -- Up-to-date: /home/stepan/ws_ros2/install/px4_msgs/share/px4_msgs/msg/InternalCombustionEngineControl.msg
[7.450s] -- Up-to-date: /home/stepan/ws_ros2/install/px4_msgs/share/px4_msgs/msg/InternalCombustionEngineStatus.msg
[7.451s] -- Up-to-date: /home/stepan/ws_ros2/install/px4_msgs/share/px4_msgs/msg/IridiumsbdStatus.msg
[7.451s] -- Up-to-date: /home/stepan/ws_ros2/install/px4_msgs/share/px4_msgs/msg/IrlockReport.msg
[7.452s] -- Up-to-date: /home/stepan/ws_ros2/install/px4_msgs/share/px4_msgs/msg/LandingGear.msg
[7.452s] -- Up-to-date: /home/stepan/ws_ros2/install/px4_msgs/share/px4_msgs/msg/LandingGearWheel.msg
[7.452s] -- Up-to-date: /home/stepan/ws_ros2/install/px4_msgs/share/px4_msgs/msg/LandingTargetInnovations.msg
[7.452s] -- Up-to-date: /home/stepan/ws_ros2/install/px4_msgs/share/px4_msgs/msg/LandingTargetPose.msg
[7.453s] -- Up-to-date: /home/stepan/ws_ros2/install/px4_msgs/share/px4_msgs/msg/LaunchDetectionStatus.msg
[7.453s] -- Up-to-date: /home/stepan/ws_ros2/install/px4_msgs/share/px4_msgs/msg/LedControl.msg
[7.453s] -- Up-to-date: /home/stepan/ws_ros2/install/px4_msgs/share/px4_msgs/msg/LogMessage.msg
[7.453s] -- Up-to-date: /home/stepan/ws_ros2/install/px4_msgs/share/px4_msgs/msg/LoggerStatus.msg
[7.453s] -- Up-to-date: /home/stepan/ws_ros2/install/px4_msgs/share/px4_msgs/msg/MagWorkerData.msg
[7.453s] -- Up-to-date: /home/stepan/ws_ros2/install/px4_msgs/share/px4_msgs/msg/MagnetometerBiasEstimate.msg
[7.453s] -- Up-to-date: /home/stepan/ws_ros2/install/px4_msgs/share/px4_msgs/msg/ManualControlSetpoint.msg
[7.453s] -- Up-to-date: /home/stepan/ws_ros2/install/px4_msgs/share/px4_msgs/msg/ManualControlSwitches.msg
[7.453s] -- Up-to-date: /home/stepan/ws_ros2/install/px4_msgs/share/px4_msgs/msg/MavlinkLog.msg
[7.454s] -- Up-to-date: /home/stepan/ws_ros2/install/px4_msgs/share/px4_msgs/msg/MavlinkTunnel.msg
[7.454s] -- Up-to-date: /home/stepan/ws_ros2/install/px4_msgs/share/px4_msgs/msg/MessageFormatRequest.msg
[7.454s] -- Up-to-date: /home/stepan/ws_ros2/install/px4_msgs/share/px4_msgs/msg/MessageFormatResponse.msg
[7.454s] -- Up-to-date: /home/stepan/ws_ros2/install/px4_msgs/share/px4_msgs/msg/Mission.msg
[7.455s] -- Up-to-date: /home/stepan/ws_ros2/install/px4_msgs/share/px4_msgs/msg/MissionResult.msg
[7.455s] -- Up-to-date: /home/stepan/ws_ros2/install/px4_msgs/share/px4_msgs/msg/ModeCompleted.msg
[7.455s] -- Up-to-date: /home/stepan/ws_ros2/install/px4_msgs/share/px4_msgs/msg/MountOrientation.msg
[7.455s] -- Up-to-date: /home/stepan/ws_ros2/install/px4_msgs/share/px4_msgs/msg/NavigatorMissionItem.msg
[7.455s] -- Up-to-date: /home/stepan/ws_ros2/install/px4_msgs/share/px4_msgs/msg/NavigatorStatus.msg
[7.456s] -- Up-to-date: /home/stepan/ws_ros2/install/px4_msgs/share/px4_msgs/msg/NormalizedUnsignedSetpoint.msg
[7.456s] -- Up-to-date: /home/stepan/ws_ros2/install/px4_msgs/share/px4_msgs/msg/NpfgStatus.msg
[7.457s] -- Up-to-date: /home/stepan/ws_ros2/install/px4_msgs/share/px4_msgs/msg/ObstacleDistance.msg
[7.457s] -- Up-to-date: /home/stepan/ws_ros2/install/px4_msgs/share/px4_msgs/msg/OffboardControlMode.msg
[7.457s] -- Up-to-date: /home/stepan/ws_ros2/install/px4_msgs/share/px4_msgs/msg/OnboardComputerStatus.msg
[7.457s] -- Up-to-date: /home/stepan/ws_ros2/install/px4_msgs/share/px4_msgs/msg/OpenDroneIdArmStatus.msg
[7.458s] -- Up-to-date: /home/stepan/ws_ros2/install/px4_msgs/share/px4_msgs/msg/OpenDroneIdOperatorId.msg
[7.458s] -- Up-to-date: /home/stepan/ws_ros2/install/px4_msgs/share/px4_msgs/msg/OpenDroneIdSelfId.msg
[7.458s] -- Up-to-date: /home/stepan/ws_ros2/install/px4_msgs/share/px4_msgs/msg/OpenDroneIdSystem.msg
[7.459s] -- Up-to-date: /home/stepan/ws_ros2/install/px4_msgs/share/px4_msgs/msg/OrbTest.msg
[7.459s] -- Up-to-date: /home/stepan/ws_ros2/install/px4_msgs/share/px4_msgs/msg/OrbTestLarge.msg
[7.459s] -- Up-to-date: /home/stepan/ws_ros2/install/px4_msgs/share/px4_msgs/msg/OrbTestMedium.msg
[7.459s] -- Up-to-date: /home/stepan/ws_ros2/install/px4_msgs/share/px4_msgs/msg/OrbitStatus.msg
[7.459s] -- Up-to-date: /home/stepan/ws_ros2/install/px4_msgs/share/px4_msgs/msg/ParameterResetRequest.msg
[7.460s] -- Up-to-date: /home/stepan/ws_ros2/install/px4_msgs/share/px4_msgs/msg/ParameterSetUsedRequest.msg
[7.460s] -- Up-to-date: /home/stepan/ws_ros2/install/px4_msgs/share/px4_msgs/msg/ParameterSetValueRequest.msg
[7.460s] -- Up-to-date: /home/stepan/ws_ros2/install/px4_msgs/share/px4_msgs/msg/ParameterSetValueResponse.msg
[7.460s] -- Up-to-date: /home/stepan/ws_ros2/install/px4_msgs/share/px4_msgs/msg/ParameterUpdate.msg
[7.460s] -- Up-to-date: /home/stepan/ws_ros2/install/px4_msgs/share/px4_msgs/msg/Ping.msg
[7.460s] -- Up-to-date: /home/stepan/ws_ros2/install/px4_msgs/share/px4_msgs/msg/PositionControllerLandingStatus.msg
[7.460s] -- Up-to-date: /home/stepan/ws_ros2/install/px4_msgs/share/px4_msgs/msg/PositionControllerStatus.msg
[7.461s] -- Up-to-date: /home/stepan/ws_ros2/install/px4_msgs/share/px4_msgs/msg/PositionSetpoint.msg
[7.461s] -- Up-to-date: /home/stepan/ws_ros2/install/px4_msgs/share/px4_msgs/msg/PositionSetpointTriplet.msg
[7.461s] -- Up-to-date: /home/stepan/ws_ros2/install/px4_msgs/share/px4_msgs/msg/PowerButtonState.msg
[7.461s] -- Up-to-date: /home/stepan/ws_ros2/install/px4_msgs/share/px4_msgs/msg/PowerMonitor.msg
[7.461s] -- Up-to-date: /home/stepan/ws_ros2/install/px4_msgs/share/px4_msgs/msg/PpsCapture.msg
[7.461s] -- Up-to-date: /home/stepan/ws_ros2/install/px4_msgs/share/px4_msgs/msg/PurePursuitStatus.msg
[7.461s] -- Up-to-date: /home/stepan/ws_ros2/install/px4_msgs/share/px4_msgs/msg/PwmInput.msg
[7.462s] -- Up-to-date: /home/stepan/ws_ros2/install/px4_msgs/share/px4_msgs/msg/Px4ioStatus.msg
[7.462s] -- Up-to-date: /home/stepan/ws_ros2/install/px4_msgs/share/px4_msgs/msg/QshellReq.msg
[7.462s] -- Up-to-date: /home/stepan/ws_ros2/install/px4_msgs/share/px4_msgs/msg/QshellRetval.msg
[7.462s] -- Up-to-date: /home/stepan/ws_ros2/install/px4_msgs/share/px4_msgs/msg/RadioStatus.msg
[7.462s] -- Up-to-date: /home/stepan/ws_ros2/install/px4_msgs/share/px4_msgs/msg/RateCtrlStatus.msg
[7.462s] -- Up-to-date: /home/stepan/ws_ros2/install/px4_msgs/share/px4_msgs/msg/RcChannels.msg
[7.462s] -- Up-to-date: /home/stepan/ws_ros2/install/px4_msgs/share/px4_msgs/msg/RcParameterMap.msg
[7.463s] -- Up-to-date: /home/stepan/ws_ros2/install/px4_msgs/share/px4_msgs/msg/RegisterExtComponentReply.msg
[7.463s] -- Up-to-date: /home/stepan/ws_ros2/install/px4_msgs/share/px4_msgs/msg/RegisterExtComponentRequest.msg
[7.463s] -- Up-to-date: /home/stepan/ws_ros2/install/px4_msgs/share/px4_msgs/msg/RoverAttitudeSetpoint.msg
[7.463s] -- Up-to-date: /home/stepan/ws_ros2/install/px4_msgs/share/px4_msgs/msg/RoverAttitudeStatus.msg
[7.463s] -- Up-to-date: /home/stepan/ws_ros2/install/px4_msgs/share/px4_msgs/msg/RoverPositionSetpoint.msg
[7.463s] -- Up-to-date: /home/stepan/ws_ros2/install/px4_msgs/share/px4_msgs/msg/RoverRateSetpoint.msg
[7.463s] -- Up-to-date: /home/stepan/ws_ros2/install/px4_msgs/share/px4_msgs/msg/RoverRateStatus.msg
[7.463s] -- Up-to-date: /home/stepan/ws_ros2/install/px4_msgs/share/px4_msgs/msg/RoverSteeringSetpoint.msg
[7.464s] -- Up-to-date: /home/stepan/ws_ros2/install/px4_msgs/share/px4_msgs/msg/RoverThrottleSetpoint.msg
[7.464s] -- Up-to-date: /home/stepan/ws_ros2/install/px4_msgs/share/px4_msgs/msg/RoverVelocityStatus.msg
[7.465s] -- Up-to-date: /home/stepan/ws_ros2/install/px4_msgs/share/px4_msgs/msg/Rpm.msg
[7.466s] -- Up-to-date: /home/stepan/ws_ros2/install/px4_msgs/share/px4_msgs/msg/RtlStatus.msg
[7.466s] -- Up-to-date: /home/stepan/ws_ros2/install/px4_msgs/share/px4_msgs/msg/RtlTimeEstimate.msg
[7.467s] -- Up-to-date: /home/stepan/ws_ros2/install/px4_msgs/share/px4_msgs/msg/SatelliteInfo.msg
[7.467s] -- Up-to-date: /home/stepan/ws_ros2/install/px4_msgs/share/px4_msgs/msg/SensorAccel.msg
[7.467s] -- Up-to-date: /home/stepan/ws_ros2/install/px4_msgs/share/px4_msgs/msg/SensorAccelFifo.msg
[7.468s] -- Up-to-date: /home/stepan/ws_ros2/install/px4_msgs/share/px4_msgs/msg/SensorAirflow.msg
[7.469s] -- Up-to-date: /home/stepan/ws_ros2/install/px4_msgs/share/px4_msgs/msg/SensorBaro.msg
[7.469s] -- Up-to-date: /home/stepan/ws_ros2/install/px4_msgs/share/px4_msgs/msg/SensorCombined.msg
[7.469s] -- Up-to-date: /home/stepan/ws_ros2/install/px4_msgs/share/px4_msgs/msg/SensorCorrection.msg
[7.469s] -- Up-to-date: /home/stepan/ws_ros2/install/px4_msgs/share/px4_msgs/msg/SensorGnssRelative.msg
[7.469s] -- Up-to-date: /home/stepan/ws_ros2/install/px4_msgs/share/px4_msgs/msg/SensorGps.msg
[7.469s] -- Up-to-date: /home/stepan/ws_ros2/install/px4_msgs/share/px4_msgs/msg/SensorGyro.msg
[7.469s] -- Up-to-date: /home/stepan/ws_ros2/install/px4_msgs/share/px4_msgs/msg/SensorGyroFft.msg
[7.469s] -- Up-to-date: /home/stepan/ws_ros2/install/px4_msgs/share/px4_msgs/msg/SensorGyroFifo.msg
[7.470s] -- Up-to-date: /home/stepan/ws_ros2/install/px4_msgs/share/px4_msgs/msg/SensorHygrometer.msg
[7.470s] -- Up-to-date: /home/stepan/ws_ros2/install/px4_msgs/share/px4_msgs/msg/SensorMag.msg
[7.470s] -- Up-to-date: /home/stepan/ws_ros2/install/px4_msgs/share/px4_msgs/msg/SensorOpticalFlow.msg
[7.470s] -- Up-to-date: /home/stepan/ws_ros2/install/px4_msgs/share/px4_msgs/msg/SensorPreflightMag.msg
[7.471s] -- Up-to-date: /home/stepan/ws_ros2/install/px4_msgs/share/px4_msgs/msg/SensorSelection.msg
[7.471s] -- Up-to-date: /home/stepan/ws_ros2/install/px4_msgs/share/px4_msgs/msg/SensorUwb.msg
[7.471s] -- Up-to-date: /home/stepan/ws_ros2/install/px4_msgs/share/px4_msgs/msg/SensorsStatus.msg
[7.471s] -- Up-to-date: /home/stepan/ws_ros2/install/px4_msgs/share/px4_msgs/msg/SensorsStatusImu.msg
[7.471s] -- Up-to-date: /home/stepan/ws_ros2/install/px4_msgs/share/px4_msgs/msg/SystemPower.msg
[7.471s] -- Up-to-date: /home/stepan/ws_ros2/install/px4_msgs/share/px4_msgs/msg/TakeoffStatus.msg
[7.472s] -- Up-to-date: /home/stepan/ws_ros2/install/px4_msgs/share/px4_msgs/msg/TaskStackInfo.msg
[7.472s] -- Up-to-date: /home/stepan/ws_ros2/install/px4_msgs/share/px4_msgs/msg/TecsStatus.msg
[7.472s] -- Up-to-date: /home/stepan/ws_ros2/install/px4_msgs/share/px4_msgs/msg/TelemetryStatus.msg
[7.472s] -- Up-to-date: /home/stepan/ws_ros2/install/px4_msgs/share/px4_msgs/msg/TiltrotorExtraControls.msg
[7.472s] -- Up-to-date: /home/stepan/ws_ros2/install/px4_msgs/share/px4_msgs/msg/TimesyncStatus.msg
[7.473s] -- Up-to-date: /home/stepan/ws_ros2/install/px4_msgs/share/px4_msgs/msg/TrajectorySetpoint.msg
[7.473s] -- Up-to-date: /home/stepan/ws_ros2/install/px4_msgs/share/px4_msgs/msg/TrajectorySetpoint6dof.msg
[7.473s] -- Up-to-date: /home/stepan/ws_ros2/install/px4_msgs/share/px4_msgs/msg/TransponderReport.msg
[7.473s] -- Up-to-date: /home/stepan/ws_ros2/install/px4_msgs/share/px4_msgs/msg/TuneControl.msg
[7.473s] -- Up-to-date: /home/stepan/ws_ros2/install/px4_msgs/share/px4_msgs/msg/UavcanParameterRequest.msg
[7.474s] -- Up-to-date: /home/stepan/ws_ros2/install/px4_msgs/share/px4_msgs/msg/UavcanParameterValue.msg
[7.474s] -- Up-to-date: /home/stepan/ws_ros2/install/px4_msgs/share/px4_msgs/msg/UlogStream.msg
[7.475s] -- Up-to-date: /home/stepan/ws_ros2/install/px4_msgs/share/px4_msgs/msg/UlogStreamAck.msg
[7.475s] -- Up-to-date: /home/stepan/ws_ros2/install/px4_msgs/share/px4_msgs/msg/UnregisterExtComponent.msg
[7.475s] -- Up-to-date: /home/stepan/ws_ros2/install/px4_msgs/share/px4_msgs/msg/VehicleAcceleration.msg
[7.475s] -- Up-to-date: /home/stepan/ws_ros2/install/px4_msgs/share/px4_msgs/msg/VehicleAirData.msg
[7.476s] -- Up-to-date: /home/stepan/ws_ros2/install/px4_msgs/share/px4_msgs/msg/VehicleAngularAccelerationSetpoint.msg
[7.476s] -- Up-to-date: /home/stepan/ws_ros2/install/px4_msgs/share/px4_msgs/msg/VehicleAngularVelocity.msg
[7.476s] -- Up-to-date: /home/stepan/ws_ros2/install/px4_msgs/share/px4_msgs/msg/VehicleAttitude.msg
[7.476s] -- Up-to-date: /home/stepan/ws_ros2/install/px4_msgs/share/px4_msgs/msg/VehicleAttitudeSetpoint.msg
[7.477s] -- Up-to-date: /home/stepan/ws_ros2/install/px4_msgs/share/px4_msgs/msg/VehicleCommand.msg
[7.477s] -- Up-to-date: /home/stepan/ws_ros2/install/px4_msgs/share/px4_msgs/msg/VehicleCommandAck.msg
[7.477s] -- Up-to-date: /home/stepan/ws_ros2/install/px4_msgs/share/px4_msgs/msg/VehicleConstraints.msg
[7.477s] -- Up-to-date: /home/stepan/ws_ros2/install/px4_msgs/share/px4_msgs/msg/VehicleControlMode.msg
[7.477s] -- Up-to-date: /home/stepan/ws_ros2/install/px4_msgs/share/px4_msgs/msg/VehicleGlobalPosition.msg
[7.477s] -- Up-to-date: /home/stepan/ws_ros2/install/px4_msgs/share/px4_msgs/msg/VehicleImu.msg
[7.477s] -- Up-to-date: /home/stepan/ws_ros2/install/px4_msgs/share/px4_msgs/msg/VehicleImuStatus.msg
[7.478s] -- Up-to-date: /home/stepan/ws_ros2/install/px4_msgs/share/px4_msgs/msg/VehicleLandDetected.msg
[7.478s] -- Up-to-date: /home/stepan/ws_ros2/install/px4_msgs/share/px4_msgs/msg/VehicleLocalPosition.msg
[7.478s] -- Up-to-date: /home/stepan/ws_ros2/install/px4_msgs/share/px4_msgs/msg/VehicleLocalPositionSetpoint.msg
[7.478s] -- Up-to-date: /home/stepan/ws_ros2/install/px4_msgs/share/px4_msgs/msg/VehicleMagnetometer.msg
[7.478s] -- Up-to-date: /home/stepan/ws_ros2/install/px4_msgs/share/px4_msgs/msg/VehicleOdometry.msg
[7.478s] -- Up-to-date: /home/stepan/ws_ros2/install/px4_msgs/share/px4_msgs/msg/VehicleOpticalFlow.msg
[7.479s] -- Up-to-date: /home/stepan/ws_ros2/install/px4_msgs/share/px4_msgs/msg/VehicleOpticalFlowVel.msg
[7.479s] -- Up-to-date: /home/stepan/ws_ros2/install/px4_msgs/share/px4_msgs/msg/VehicleRatesSetpoint.msg
[7.481s] -- Up-to-date: /home/stepan/ws_ros2/install/px4_msgs/share/px4_msgs/msg/VehicleRoi.msg
[7.482s] -- Up-to-date: /home/stepan/ws_ros2/install/px4_msgs/share/px4_msgs/msg/VehicleStatus.msg
[7.482s] -- Up-to-date: /home/stepan/ws_ros2/install/px4_msgs/share/px4_msgs/msg/VehicleThrustSetpoint.msg
[7.483s] -- Up-to-date: /home/stepan/ws_ros2/install/px4_msgs/share/px4_msgs/msg/VehicleTorqueSetpoint.msg
[7.483s] -- Up-to-date: /home/stepan/ws_ros2/install/px4_msgs/share/px4_msgs/msg/VelocityLimits.msg
[7.483s] -- Up-to-date: /home/stepan/ws_ros2/install/px4_msgs/share/px4_msgs/msg/VtolVehicleStatus.msg
[7.484s] -- Up-to-date: /home/stepan/ws_ros2/install/px4_msgs/share/px4_msgs/msg/WheelEncoders.msg
[7.484s] -- Up-to-date: /home/stepan/ws_ros2/install/px4_msgs/share/px4_msgs/msg/Wind.msg
[7.486s] -- Up-to-date: /home/stepan/ws_ros2/install/px4_msgs/share/px4_msgs/msg/YawEstimatorStatus.msg
[7.486s] -- Up-to-date: /home/stepan/ws_ros2/install/px4_msgs/share/px4_msgs/srv/VehicleCommand.srv
[7.487s] -- Up-to-date: /home/stepan/ws_ros2/install/px4_msgs/share/px4_msgs/srv/VehicleCommand_Request.msg
[7.488s] -- Up-to-date: /home/stepan/ws_ros2/install/px4_msgs/share/px4_msgs/srv/VehicleCommand_Response.msg
[7.488s] -- Up-to-date: /home/stepan/ws_ros2/install/px4_msgs/share/ament_index/resource_index/package_run_dependencies/px4_msgs
[7.488s] -- Up-to-date: /home/stepan/ws_ros2/install/px4_msgs/share/ament_index/resource_index/parent_prefix_path/px4_msgs
[7.488s] -- Up-to-date: /home/stepan/ws_ros2/install/px4_msgs/share/px4_msgs/environment/ament_prefix_path.sh
[7.488s] -- Up-to-date: /home/stepan/ws_ros2/install/px4_msgs/share/px4_msgs/environment/ament_prefix_path.dsv
[7.489s] -- Up-to-date: /home/stepan/ws_ros2/install/px4_msgs/share/px4_msgs/environment/path.sh
[7.489s] -- Up-to-date: /home/stepan/ws_ros2/install/px4_msgs/share/px4_msgs/environment/path.dsv
[7.490s] -- Up-to-date: /home/stepan/ws_ros2/install/px4_msgs/share/px4_msgs/local_setup.bash
[7.490s] -- Up-to-date: /home/stepan/ws_ros2/install/px4_msgs/share/px4_msgs/local_setup.sh
[7.490s] -- Up-to-date: /home/stepan/ws_ros2/install/px4_msgs/share/px4_msgs/local_setup.zsh
[7.490s] -- Up-to-date: /home/stepan/ws_ros2/install/px4_msgs/share/px4_msgs/local_setup.dsv
[7.490s] -- Installing: /home/stepan/ws_ros2/install/px4_msgs/share/px4_msgs/package.dsv
[7.490s] -- Up-to-date: /home/stepan/ws_ros2/install/px4_msgs/share/ament_index/resource_index/packages/px4_msgs
[7.491s] -- Up-to-date: /home/stepan/ws_ros2/install/px4_msgs/share/px4_msgs/cmake/export_px4_msgs__rosidl_generator_cExport.cmake
[7.492s] -- Up-to-date: /home/stepan/ws_ros2/install/px4_msgs/share/px4_msgs/cmake/export_px4_msgs__rosidl_generator_cExport-noconfig.cmake
[7.492s] -- Up-to-date: /home/stepan/ws_ros2/install/px4_msgs/share/px4_msgs/cmake/export_px4_msgs__rosidl_typesupport_fastrtps_cExport.cmake
[7.492s] -- Up-to-date: /home/stepan/ws_ros2/install/px4_msgs/share/px4_msgs/cmake/export_px4_msgs__rosidl_typesupport_fastrtps_cExport-noconfig.cmake
[7.493s] -- Up-to-date: /home/stepan/ws_ros2/install/px4_msgs/share/px4_msgs/cmake/export_px4_msgs__rosidl_generator_cppExport.cmake
[7.493s] -- Up-to-date: /home/stepan/ws_ros2/install/px4_msgs/share/px4_msgs/cmake/export_px4_msgs__rosidl_typesupport_fastrtps_cppExport.cmake
[7.493s] -- Up-to-date: /home/stepan/ws_ros2/install/px4_msgs/share/px4_msgs/cmake/export_px4_msgs__rosidl_typesupport_fastrtps_cppExport-noconfig.cmake
[7.493s] -- Up-to-date: /home/stepan/ws_ros2/install/px4_msgs/share/px4_msgs/cmake/px4_msgs__rosidl_typesupport_introspection_cExport.cmake
[7.493s] -- Up-to-date: /home/stepan/ws_ros2/install/px4_msgs/share/px4_msgs/cmake/px4_msgs__rosidl_typesupport_introspection_cExport-noconfig.cmake
[7.493s] -- Up-to-date: /home/stepan/ws_ros2/install/px4_msgs/share/px4_msgs/cmake/px4_msgs__rosidl_typesupport_cExport.cmake
[7.493s] -- Up-to-date: /home/stepan/ws_ros2/install/px4_msgs/share/px4_msgs/cmake/px4_msgs__rosidl_typesupport_cExport-noconfig.cmake
[7.493s] -- Up-to-date: /home/stepan/ws_ros2/install/px4_msgs/share/px4_msgs/cmake/px4_msgs__rosidl_typesupport_introspection_cppExport.cmake
[7.494s] -- Up-to-date: /home/stepan/ws_ros2/install/px4_msgs/share/px4_msgs/cmake/px4_msgs__rosidl_typesupport_introspection_cppExport-noconfig.cmake
[7.494s] -- Up-to-date: /home/stepan/ws_ros2/install/px4_msgs/share/px4_msgs/cmake/px4_msgs__rosidl_typesupport_cppExport.cmake
[7.494s] -- Up-to-date: /home/stepan/ws_ros2/install/px4_msgs/share/px4_msgs/cmake/px4_msgs__rosidl_typesupport_cppExport-noconfig.cmake
[7.494s] -- Up-to-date: /home/stepan/ws_ros2/install/px4_msgs/share/px4_msgs/cmake/export_px4_msgs__rosidl_generator_pyExport.cmake
[7.494s] -- Up-to-date: /home/stepan/ws_ros2/install/px4_msgs/share/px4_msgs/cmake/export_px4_msgs__rosidl_generator_pyExport-noconfig.cmake
[7.494s] -- Up-to-date: /home/stepan/ws_ros2/install/px4_msgs/share/px4_msgs/cmake/rosidl_cmake-extras.cmake
[7.494s] -- Up-to-date: /home/stepan/ws_ros2/install/px4_msgs/share/px4_msgs/cmake/ament_cmake_export_dependencies-extras.cmake
[7.495s] -- Up-to-date: /home/stepan/ws_ros2/install/px4_msgs/share/px4_msgs/cmake/ament_cmake_export_include_directories-extras.cmake
[7.495s] -- Up-to-date: /home/stepan/ws_ros2/install/px4_msgs/share/px4_msgs/cmake/ament_cmake_export_libraries-extras.cmake
[7.495s] -- Up-to-date: /home/stepan/ws_ros2/install/px4_msgs/share/px4_msgs/cmake/ament_cmake_export_targets-extras.cmake
[7.495s] -- Up-to-date: /home/stepan/ws_ros2/install/px4_msgs/share/px4_msgs/cmake/rosidl_cmake_export_typesupport_targets-extras.cmake
[7.495s] -- Up-to-date: /home/stepan/ws_ros2/install/px4_msgs/share/px4_msgs/cmake/rosidl_cmake_export_typesupport_libraries-extras.cmake
[7.495s] -- Up-to-date: /home/stepan/ws_ros2/install/px4_msgs/share/px4_msgs/cmake/px4_msgsConfig.cmake
[7.496s] -- Up-to-date: /home/stepan/ws_ros2/install/px4_msgs/share/px4_msgs/cmake/px4_msgsConfig-version.cmake
[7.496s] -- Up-to-date: /home/stepan/ws_ros2/install/px4_msgs/share/px4_msgs/package.xml
[7.496s] Invoked command in '/home/stepan/ws_ros2/build/px4_msgs' returned '0': CMAKE_PREFIX_PATH=${CMAKE_PREFIX_PATH}:/opt/ros/humble /usr/bin/cmake --install /home/stepan/ws_ros2/build/px4_msgs
