[0.000000] (-) TimerEvent: {}
[0.000963] (px4_msgs) JobQueued: {'identifier': 'px4_msgs', 'dependencies': OrderedDict()}
[0.002018] (offboard) JobQueued: {'identifier': 'offboard', 'dependencies': OrderedDict([('px4_msgs', '/home/stepan/ws_ros2/install/px4_msgs')])}
[0.002710] (px4_ros_com) JobQueued: {'identifier': 'px4_ros_com', 'dependencies': OrderedDict([('px4_msgs', '/home/stepan/ws_ros2/install/px4_msgs')])}
[0.003045] (px4_msgs) JobStarted: {'identifier': 'px4_msgs'}
[0.020056] (px4_msgs) JobProgress: {'identifier': 'px4_msgs', 'progress': 'cmake'}
[0.021159] (px4_msgs) JobProgress: {'identifier': 'px4_msgs', 'progress': 'build'}
[0.023048] (px4_msgs) Command: {'cmd': ['/usr/bin/cmake', '--build', '/home/stepan/ws_ros2/build/px4_msgs', '--', '-j8', '-l8'], 'cwd': '/home/stepan/ws_ros2/build/px4_msgs', 'env': OrderedDict([('LESSOPEN', '| /usr/bin/lesspipe %s'), ('USER', 'stepan'), ('LC_TIME', 'cs_CZ.UTF-8'), ('XDG_SESSION_TYPE', 'wayland'), ('SHLVL', '1'), ('LD_LIBRARY_PATH', '/home/stepan/ws_ros2/install/px4_ros_com/lib:/home/stepan/ws_ros2/install/px4_msgs/lib:/opt/ros/humble/opt/rviz_ogre_vendor/lib:/opt/ros/humble/lib/x86_64-linux-gnu:/opt/ros/humble/lib'), ('HOME', '/home/stepan'), ('OLDPWD', '/home/stepan/ws_ros2/src'), ('DESKTOP_SESSION', 'ubuntu'), ('ROS_PYTHON_VERSION', '3'), ('GNOME_SHELL_SESSION_MODE', 'ubuntu'), ('GTK_MODULES', 'gail:atk-bridge'), ('LC_MONETARY', 'cs_CZ.UTF-8'), ('SYSTEMD_EXEC_PID', '1590'), ('DBUS_SESSION_BUS_ADDRESS', 'unix:path=/run/user/1000/bus'), ('COLORTERM', 'truecolor'), ('IM_CONFIG_PHASE', '1'), ('WAYLAND_DISPLAY', 'wayland-0'), ('COLCON_PREFIX_PATH', '/home/stepan/ws_ros2/install'), ('ROS_DISTRO', 'humble'), ('LOGNAME', 'stepan'), ('_', '/usr/bin/colcon'), ('ROS_VERSION', '2'), ('XDG_SESSION_CLASS', 'user'), ('USERNAME', 'stepan'), ('TERM', 'xterm-256color'), ('GNOME_DESKTOP_SESSION_ID', 'this-is-deprecated'), ('ROS_LOCALHOST_ONLY', '0'), ('PATH', '/opt/ros/humble/bin:/home/stepan/.local/bin:/usr/local/sbin:/usr/local/bin:/usr/sbin:/usr/bin:/sbin:/bin:/usr/games:/usr/local/games:/snap/bin:/snap/bin'), ('SESSION_MANAGER', 'local/stepan-Latitude-5410:@/tmp/.ICE-unix/1562,unix/stepan-Latitude-5410:/tmp/.ICE-unix/1562'), ('XDG_MENU_PREFIX', 'gnome-'), ('LC_ADDRESS', 'cs_CZ.UTF-8'), ('GNOME_TERMINAL_SCREEN', '/org/gnome/Terminal/screen/ae9eb505_b0d9_4b0b_8646_9fddcceccd37'), ('GNOME_SETUP_DISPLAY', ':1'), ('XDG_RUNTIME_DIR', '/run/user/1000'), ('DISPLAY', ':0'), ('LANG', 'en_US.UTF-8'), ('XDG_CURRENT_DESKTOP', 'ubuntu:GNOME'), ('LC_TELEPHONE', 'cs_CZ.UTF-8'), ('XMODIFIERS', '@im=ibus'), ('XDG_SESSION_DESKTOP', 'ubuntu'), ('XAUTHORITY', '/run/user/1000/.mutter-Xwaylandauth.TIJ942'), ('LS_COLORS', 'rs=0:di=01;34:ln=01;36:mh=00:pi=40;33:so=01;35:do=01;35:bd=40;33;01:cd=40;33;01:or=40;31;01:mi=00:su=37;41:sg=30;43:ca=30;41:tw=30;42:ow=34;42:st=37;44:ex=01;32:*.tar=01;31:*.tgz=01;31:*.arc=01;31:*.arj=01;31:*.taz=01;31:*.lha=01;31:*.lz4=01;31:*.lzh=01;31:*.lzma=01;31:*.tlz=01;31:*.txz=01;31:*.tzo=01;31:*.t7z=01;31:*.zip=01;31:*.z=01;31:*.dz=01;31:*.gz=01;31:*.lrz=01;31:*.lz=01;31:*.lzo=01;31:*.xz=01;31:*.zst=01;31:*.tzst=01;31:*.bz2=01;31:*.bz=01;31:*.tbz=01;31:*.tbz2=01;31:*.tz=01;31:*.deb=01;31:*.rpm=01;31:*.jar=01;31:*.war=01;31:*.ear=01;31:*.sar=01;31:*.rar=01;31:*.alz=01;31:*.ace=01;31:*.zoo=01;31:*.cpio=01;31:*.7z=01;31:*.rz=01;31:*.cab=01;31:*.wim=01;31:*.swm=01;31:*.dwm=01;31:*.esd=01;31:*.jpg=01;35:*.jpeg=01;35:*.mjpg=01;35:*.mjpeg=01;35:*.gif=01;35:*.bmp=01;35:*.pbm=01;35:*.pgm=01;35:*.ppm=01;35:*.tga=01;35:*.xbm=01;35:*.xpm=01;35:*.tif=01;35:*.tiff=01;35:*.png=01;35:*.svg=01;35:*.svgz=01;35:*.mng=01;35:*.pcx=01;35:*.mov=01;35:*.mpg=01;35:*.mpeg=01;35:*.m2v=01;35:*.mkv=01;35:*.webm=01;35:*.webp=01;35:*.ogm=01;35:*.mp4=01;35:*.m4v=01;35:*.mp4v=01;35:*.vob=01;35:*.qt=01;35:*.nuv=01;35:*.wmv=01;35:*.asf=01;35:*.rm=01;35:*.rmvb=01;35:*.flc=01;35:*.avi=01;35:*.fli=01;35:*.flv=01;35:*.gl=01;35:*.dl=01;35:*.xcf=01;35:*.xwd=01;35:*.yuv=01;35:*.cgm=01;35:*.emf=01;35:*.ogv=01;35:*.ogx=01;35:*.aac=00;36:*.au=00;36:*.flac=00;36:*.m4a=00;36:*.mid=00;36:*.midi=00;36:*.mka=00;36:*.mp3=00;36:*.mpc=00;36:*.ogg=00;36:*.ra=00;36:*.wav=00;36:*.oga=00;36:*.opus=00;36:*.spx=00;36:*.xspf=00;36:'), ('GNOME_TERMINAL_SERVICE', ':1.128'), ('SSH_AGENT_LAUNCHER', 'gnome-keyring'), ('SSH_AUTH_SOCK', '/run/user/1000/keyring/ssh'), ('AMENT_PREFIX_PATH', '/home/stepan/ws_ros2/install/px4_ros_com:/home/stepan/ws_ros2/install/offboard:/home/stepan/ws_ros2/install/px4_msgs:/opt/ros/humble'), ('SHELL', '/bin/bash'), ('LC_NAME', 'cs_CZ.UTF-8'), ('QT_ACCESSIBILITY', '1'), ('GDMSESSION', 'ubuntu'), ('LESSCLOSE', '/usr/bin/lesspipe %s %s'), ('LC_MEASUREMENT', 'cs_CZ.UTF-8'), ('LC_IDENTIFICATION', 'cs_CZ.UTF-8'), ('QT_IM_MODULE', 'ibus'), ('PWD', '/home/stepan/ws_ros2/build/px4_msgs'), ('LC_ALL', 'en_US.UTF-8'), ('XDG_CONFIG_DIRS', '/etc/xdg/xdg-ubuntu:/etc/xdg'), ('XDG_DATA_DIRS', '/usr/share/ubuntu:/usr/local/share/:/usr/share/:/var/lib/snapd/desktop'), ('PYTHONPATH', '/home/stepan/ws_ros2/install/offboard/lib/python3.10/site-packages:/home/stepan/ws_ros2/install/px4_ros_com/local/lib/python3.10/dist-packages:/home/stepan/ws_ros2/install/px4_msgs/local/lib/python3.10/dist-packages:/opt/ros/humble/lib/python3.10/site-packages:/opt/ros/humble/local/lib/python3.10/dist-packages'), ('LC_NUMERIC', 'cs_CZ.UTF-8'), ('LC_PAPER', 'cs_CZ.UTF-8'), ('COLCON', '1'), ('VTE_VERSION', '6800'), ('CMAKE_PREFIX_PATH', '/home/stepan/ws_ros2/install/px4_ros_com:/home/stepan/ws_ros2/install/offboard:/home/stepan/ws_ros2/install/px4_msgs:/opt/ros/humble')]), 'shell': False}
[0.099397] (-) TimerEvent: {}
[0.200627] (-) TimerEvent: {}
[0.301246] (-) TimerEvent: {}
[0.402068] (-) TimerEvent: {}
[0.502878] (-) TimerEvent: {}
[0.603884] (-) TimerEvent: {}
[0.704326] (-) TimerEvent: {}
[0.805025] (-) TimerEvent: {}
[0.905771] (-) TimerEvent: {}
[1.006568] (-) TimerEvent: {}
[1.108158] (-) TimerEvent: {}
[1.209025] (-) TimerEvent: {}
[1.309892] (-) TimerEvent: {}
[1.411186] (-) TimerEvent: {}
[1.511840] (-) TimerEvent: {}
[1.612286] (-) TimerEvent: {}
[1.713069] (-) TimerEvent: {}
[1.813811] (-) TimerEvent: {}
[1.914228] (-) TimerEvent: {}
[2.014769] (-) TimerEvent: {}
[2.115190] (-) TimerEvent: {}
[2.215705] (-) TimerEvent: {}
[2.316600] (-) TimerEvent: {}
[2.417341] (-) TimerEvent: {}
[2.517990] (-) TimerEvent: {}
[2.618605] (-) TimerEvent: {}
[2.719215] (-) TimerEvent: {}
[2.819830] (-) TimerEvent: {}
[2.920652] (-) TimerEvent: {}
[3.021330] (-) TimerEvent: {}
[3.121852] (-) TimerEvent: {}
[3.222226] (-) TimerEvent: {}
[3.322646] (-) TimerEvent: {}
[3.423319] (-) TimerEvent: {}
[3.524017] (-) TimerEvent: {}
[3.624851] (-) TimerEvent: {}
[3.725262] (-) TimerEvent: {}
[3.826102] (-) TimerEvent: {}
[3.926883] (-) TimerEvent: {}
[4.027340] (-) TimerEvent: {}
[4.128298] (-) TimerEvent: {}
[4.228918] (-) TimerEvent: {}
[4.329326] (-) TimerEvent: {}
[4.430368] (-) TimerEvent: {}
[4.454328] (px4_msgs) StdoutLine: {'line': b'[  0%] Built target px4_msgs__cpp\n'}
[4.506592] (px4_msgs) StdoutLine: {'line': b'[  0%] Built target ament_cmake_python_copy_px4_msgs\n'}
[4.530619] (-) TimerEvent: {}
[4.542692] (px4_msgs) StdoutLine: {'line': b'[ 12%] Built target px4_msgs__rosidl_generator_c\n'}
[4.632111] (-) TimerEvent: {}
[4.733174] (-) TimerEvent: {}
[4.762067] (px4_msgs) StdoutLine: {'line': b'[ 25%] Built target px4_msgs__rosidl_typesupport_c\n'}
[4.826195] (px4_msgs) StdoutLine: {'line': b'[ 37%] Built target px4_msgs__rosidl_typesupport_cpp\n'}
[4.833557] (-) TimerEvent: {}
[4.850675] (px4_msgs) StdoutLine: {'line': b'[ 50%] Built target px4_msgs__rosidl_typesupport_introspection_c\n'}
[4.919485] (px4_msgs) StdoutLine: {'line': b'[ 63%] Built target px4_msgs__rosidl_typesupport_introspection_cpp\n'}
[4.920853] (px4_msgs) StdoutLine: {'line': b'[ 75%] Built target px4_msgs__rosidl_typesupport_fastrtps_cpp\n'}
[4.933637] (-) TimerEvent: {}
[5.010970] (px4_msgs) StdoutLine: {'line': b'[ 88%] Built target px4_msgs__rosidl_typesupport_fastrtps_c\n'}
[5.033915] (-) TimerEvent: {}
[5.082483] (px4_msgs) StdoutLine: {'line': b'[ 88%] Built target px4_msgs\n'}
[5.134097] (-) TimerEvent: {}
[5.193850] (px4_msgs) StdoutLine: {'line': b'[ 88%] Built target px4_msgs__py\n'}
[5.234262] (-) TimerEvent: {}
[5.334861] (-) TimerEvent: {}
[5.410585] (px4_msgs) StdoutLine: {'line': b'running egg_info\n'}
[5.435131] (-) TimerEvent: {}
[5.471492] (px4_msgs) StdoutLine: {'line': b'writing px4_msgs.egg-info/PKG-INFO\n'}
[5.473221] (px4_msgs) StdoutLine: {'line': b'writing dependency_links to px4_msgs.egg-info/dependency_links.txt\n'}
[5.474695] (px4_msgs) StdoutLine: {'line': b'writing top-level names to px4_msgs.egg-info/top_level.txt\n'}
[5.535417] (-) TimerEvent: {}
[5.550042] (px4_msgs) StdoutLine: {'line': b'[100%] Built target px4_msgs__rosidl_generator_py\n'}
[5.634302] (px4_msgs) StdoutLine: {'line': b'[100%] Built target px4_msgs__rosidl_typesupport_introspection_c__pyext\n'}
[5.635482] (px4_msgs) StdoutLine: {'line': b'[100%] Built target px4_msgs__rosidl_typesupport_c__pyext\n'}
[5.635998] (-) TimerEvent: {}
[5.636617] (px4_msgs) StdoutLine: {'line': b'[100%] Built target px4_msgs__rosidl_typesupport_fastrtps_c__pyext\n'}
[5.699257] (px4_msgs) StdoutLine: {'line': b"reading manifest file 'px4_msgs.egg-info/SOURCES.txt'\n"}
[5.723764] (px4_msgs) StdoutLine: {'line': b"writing manifest file 'px4_msgs.egg-info/SOURCES.txt'\n"}
[5.736138] (-) TimerEvent: {}
[5.836628] (-) TimerEvent: {}
[5.837519] (px4_msgs) StdoutLine: {'line': b'[100%] Built target ament_cmake_python_build_px4_msgs_egg\n'}
[5.874455] (px4_msgs) CommandEnded: {'returncode': 0}
[5.879014] (px4_msgs) JobProgress: {'identifier': 'px4_msgs', 'progress': 'install'}
[5.902511] (px4_msgs) Command: {'cmd': ['/usr/bin/cmake', '--install', '/home/stepan/ws_ros2/build/px4_msgs'], 'cwd': '/home/stepan/ws_ros2/build/px4_msgs', 'env': OrderedDict([('LESSOPEN', '| /usr/bin/lesspipe %s'), ('USER', 'stepan'), ('LC_TIME', 'cs_CZ.UTF-8'), ('XDG_SESSION_TYPE', 'wayland'), ('SHLVL', '1'), ('LD_LIBRARY_PATH', '/home/stepan/ws_ros2/install/px4_ros_com/lib:/home/stepan/ws_ros2/install/px4_msgs/lib:/opt/ros/humble/opt/rviz_ogre_vendor/lib:/opt/ros/humble/lib/x86_64-linux-gnu:/opt/ros/humble/lib'), ('HOME', '/home/stepan'), ('OLDPWD', '/home/stepan/ws_ros2/src'), ('DESKTOP_SESSION', 'ubuntu'), ('ROS_PYTHON_VERSION', '3'), ('GNOME_SHELL_SESSION_MODE', 'ubuntu'), ('GTK_MODULES', 'gail:atk-bridge'), ('LC_MONETARY', 'cs_CZ.UTF-8'), ('SYSTEMD_EXEC_PID', '1590'), ('DBUS_SESSION_BUS_ADDRESS', 'unix:path=/run/user/1000/bus'), ('COLORTERM', 'truecolor'), ('IM_CONFIG_PHASE', '1'), ('WAYLAND_DISPLAY', 'wayland-0'), ('COLCON_PREFIX_PATH', '/home/stepan/ws_ros2/install'), ('ROS_DISTRO', 'humble'), ('LOGNAME', 'stepan'), ('_', '/usr/bin/colcon'), ('ROS_VERSION', '2'), ('XDG_SESSION_CLASS', 'user'), ('USERNAME', 'stepan'), ('TERM', 'xterm-256color'), ('GNOME_DESKTOP_SESSION_ID', 'this-is-deprecated'), ('ROS_LOCALHOST_ONLY', '0'), ('PATH', '/opt/ros/humble/bin:/home/stepan/.local/bin:/usr/local/sbin:/usr/local/bin:/usr/sbin:/usr/bin:/sbin:/bin:/usr/games:/usr/local/games:/snap/bin:/snap/bin'), ('SESSION_MANAGER', 'local/stepan-Latitude-5410:@/tmp/.ICE-unix/1562,unix/stepan-Latitude-5410:/tmp/.ICE-unix/1562'), ('XDG_MENU_PREFIX', 'gnome-'), ('LC_ADDRESS', 'cs_CZ.UTF-8'), ('GNOME_TERMINAL_SCREEN', '/org/gnome/Terminal/screen/ae9eb505_b0d9_4b0b_8646_9fddcceccd37'), ('GNOME_SETUP_DISPLAY', ':1'), ('XDG_RUNTIME_DIR', '/run/user/1000'), ('DISPLAY', ':0'), ('LANG', 'en_US.UTF-8'), ('XDG_CURRENT_DESKTOP', 'ubuntu:GNOME'), ('LC_TELEPHONE', 'cs_CZ.UTF-8'), ('XMODIFIERS', '@im=ibus'), ('XDG_SESSION_DESKTOP', 'ubuntu'), ('XAUTHORITY', '/run/user/1000/.mutter-Xwaylandauth.TIJ942'), ('LS_COLORS', 'rs=0:di=01;34:ln=01;36:mh=00:pi=40;33:so=01;35:do=01;35:bd=40;33;01:cd=40;33;01:or=40;31;01:mi=00:su=37;41:sg=30;43:ca=30;41:tw=30;42:ow=34;42:st=37;44:ex=01;32:*.tar=01;31:*.tgz=01;31:*.arc=01;31:*.arj=01;31:*.taz=01;31:*.lha=01;31:*.lz4=01;31:*.lzh=01;31:*.lzma=01;31:*.tlz=01;31:*.txz=01;31:*.tzo=01;31:*.t7z=01;31:*.zip=01;31:*.z=01;31:*.dz=01;31:*.gz=01;31:*.lrz=01;31:*.lz=01;31:*.lzo=01;31:*.xz=01;31:*.zst=01;31:*.tzst=01;31:*.bz2=01;31:*.bz=01;31:*.tbz=01;31:*.tbz2=01;31:*.tz=01;31:*.deb=01;31:*.rpm=01;31:*.jar=01;31:*.war=01;31:*.ear=01;31:*.sar=01;31:*.rar=01;31:*.alz=01;31:*.ace=01;31:*.zoo=01;31:*.cpio=01;31:*.7z=01;31:*.rz=01;31:*.cab=01;31:*.wim=01;31:*.swm=01;31:*.dwm=01;31:*.esd=01;31:*.jpg=01;35:*.jpeg=01;35:*.mjpg=01;35:*.mjpeg=01;35:*.gif=01;35:*.bmp=01;35:*.pbm=01;35:*.pgm=01;35:*.ppm=01;35:*.tga=01;35:*.xbm=01;35:*.xpm=01;35:*.tif=01;35:*.tiff=01;35:*.png=01;35:*.svg=01;35:*.svgz=01;35:*.mng=01;35:*.pcx=01;35:*.mov=01;35:*.mpg=01;35:*.mpeg=01;35:*.m2v=01;35:*.mkv=01;35:*.webm=01;35:*.webp=01;35:*.ogm=01;35:*.mp4=01;35:*.m4v=01;35:*.mp4v=01;35:*.vob=01;35:*.qt=01;35:*.nuv=01;35:*.wmv=01;35:*.asf=01;35:*.rm=01;35:*.rmvb=01;35:*.flc=01;35:*.avi=01;35:*.fli=01;35:*.flv=01;35:*.gl=01;35:*.dl=01;35:*.xcf=01;35:*.xwd=01;35:*.yuv=01;35:*.cgm=01;35:*.emf=01;35:*.ogv=01;35:*.ogx=01;35:*.aac=00;36:*.au=00;36:*.flac=00;36:*.m4a=00;36:*.mid=00;36:*.midi=00;36:*.mka=00;36:*.mp3=00;36:*.mpc=00;36:*.ogg=00;36:*.ra=00;36:*.wav=00;36:*.oga=00;36:*.opus=00;36:*.spx=00;36:*.xspf=00;36:'), ('GNOME_TERMINAL_SERVICE', ':1.128'), ('SSH_AGENT_LAUNCHER', 'gnome-keyring'), ('SSH_AUTH_SOCK', '/run/user/1000/keyring/ssh'), ('AMENT_PREFIX_PATH', '/home/stepan/ws_ros2/install/px4_ros_com:/home/stepan/ws_ros2/install/offboard:/home/stepan/ws_ros2/install/px4_msgs:/opt/ros/humble'), ('SHELL', '/bin/bash'), ('LC_NAME', 'cs_CZ.UTF-8'), ('QT_ACCESSIBILITY', '1'), ('GDMSESSION', 'ubuntu'), ('LESSCLOSE', '/usr/bin/lesspipe %s %s'), ('LC_MEASUREMENT', 'cs_CZ.UTF-8'), ('LC_IDENTIFICATION', 'cs_CZ.UTF-8'), ('QT_IM_MODULE', 'ibus'), ('PWD', '/home/stepan/ws_ros2/build/px4_msgs'), ('LC_ALL', 'en_US.UTF-8'), ('XDG_CONFIG_DIRS', '/etc/xdg/xdg-ubuntu:/etc/xdg'), ('XDG_DATA_DIRS', '/usr/share/ubuntu:/usr/local/share/:/usr/share/:/var/lib/snapd/desktop'), ('PYTHONPATH', '/home/stepan/ws_ros2/install/offboard/lib/python3.10/site-packages:/home/stepan/ws_ros2/install/px4_ros_com/local/lib/python3.10/dist-packages:/home/stepan/ws_ros2/install/px4_msgs/local/lib/python3.10/dist-packages:/opt/ros/humble/lib/python3.10/site-packages:/opt/ros/humble/local/lib/python3.10/dist-packages'), ('LC_NUMERIC', 'cs_CZ.UTF-8'), ('LC_PAPER', 'cs_CZ.UTF-8'), ('COLCON', '1'), ('VTE_VERSION', '6800'), ('CMAKE_PREFIX_PATH', '/home/stepan/ws_ros2/install/px4_ros_com:/home/stepan/ws_ros2/install/offboard:/home/stepan/ws_ros2/install/px4_msgs:/opt/ros/humble')]), 'shell': False}
[5.933456] (px4_msgs) StdoutLine: {'line': b'-- Install configuration: ""\n'}
[5.934603] (px4_msgs) StdoutLine: {'line': b'-- Up-to-date: /home/stepan/ws_ros2/install/px4_msgs/share/ament_index/resource_index/rosidl_interfaces/px4_msgs\n'}
[5.935574] (px4_msgs) StdoutLine: {'line': b'-- Up-to-date: /home/stepan/ws_ros2/install/px4_msgs/include/px4_msgs/px4_msgs\n'}
[5.936620] (px4_msgs) StdoutLine: {'line': b'-- Up-to-date: /home/stepan/ws_ros2/install/px4_msgs/include/px4_msgs/px4_msgs/msg\n'}
[5.938405] (-) TimerEvent: {}
[5.939176] (px4_msgs) StdoutLine: {'line': b'-- Up-to-date: /home/stepan/ws_ros2/install/px4_msgs/include/px4_msgs/px4_msgs/msg/orb_test_medium.h\n'}
[5.940683] (px4_msgs) StdoutLine: {'line': b'-- Up-to-date: /home/stepan/ws_ros2/install/px4_msgs/include/px4_msgs/px4_msgs/msg/power_button_state.h\n'}
[5.941019] (px4_msgs) StdoutLine: {'line': b'-- Up-to-date: /home/stepan/ws_ros2/install/px4_msgs/include/px4_msgs/px4_msgs/msg/input_rc.h\n'}
[5.941972] (px4_msgs) StdoutLine: {'line': b'-- Up-to-date: /home/stepan/ws_ros2/install/px4_msgs/include/px4_msgs/px4_msgs/msg/actuator_motors.h\n'}
[5.942871] (px4_msgs) StdoutLine: {'line': b'-- Up-to-date: /home/stepan/ws_ros2/install/px4_msgs/include/px4_msgs/px4_msgs/msg/vehicle_air_data.h\n'}
[5.943890] (px4_msgs) StdoutLine: {'line': b'-- Up-to-date: /home/stepan/ws_ros2/install/px4_msgs/include/px4_msgs/px4_msgs/msg/mode_completed.h\n'}
[5.944338] (px4_msgs) StdoutLine: {'line': b'-- Up-to-date: /home/stepan/ws_ros2/install/px4_msgs/include/px4_msgs/px4_msgs/msg/power_monitor.h\n'}
[5.944914] (px4_msgs) StdoutLine: {'line': b'-- Up-to-date: /home/stepan/ws_ros2/install/px4_msgs/include/px4_msgs/px4_msgs/msg/differential_pressure.h\n'}
[5.945325] (px4_msgs) StdoutLine: {'line': b'-- Up-to-date: /home/stepan/ws_ros2/install/px4_msgs/include/px4_msgs/px4_msgs/msg/vehicle_land_detected.h\n'}
[5.945571] (px4_msgs) StdoutLine: {'line': b'-- Up-to-date: /home/stepan/ws_ros2/install/px4_msgs/include/px4_msgs/px4_msgs/msg/action_request.h\n'}
[5.945702] (px4_msgs) StdoutLine: {'line': b'-- Up-to-date: /home/stepan/ws_ros2/install/px4_msgs/include/px4_msgs/px4_msgs/msg/actuator_servos.h\n'}
[5.945894] (px4_msgs) StdoutLine: {'line': b'-- Up-to-date: /home/stepan/ws_ros2/install/px4_msgs/include/px4_msgs/px4_msgs/msg/battery_status.h\n'}
[5.946019] (px4_msgs) StdoutLine: {'line': b'-- Up-to-date: /home/stepan/ws_ros2/install/px4_msgs/include/px4_msgs/px4_msgs/msg/sensor_gnss_relative.h\n'}
[5.946134] (px4_msgs) StdoutLine: {'line': b'-- Up-to-date: /home/stepan/ws_ros2/install/px4_msgs/include/px4_msgs/px4_msgs/msg/sensor_gyro.h\n'}
[5.946249] (px4_msgs) StdoutLine: {'line': b'-- Up-to-date: /home/stepan/ws_ros2/install/px4_msgs/include/px4_msgs/px4_msgs/msg/register_ext_component_reply.h\n'}
[5.946408] (px4_msgs) StdoutLine: {'line': b'-- Up-to-date: /home/stepan/ws_ros2/install/px4_msgs/include/px4_msgs/px4_msgs/msg/parameter_set_used_request.h\n'}
[5.946546] (px4_msgs) StdoutLine: {'line': b'-- Up-to-date: /home/stepan/ws_ros2/install/px4_msgs/include/px4_msgs/px4_msgs/msg/esc_report.h\n'}
[5.946980] (px4_msgs) StdoutLine: {'line': b'-- Up-to-date: /home/stepan/ws_ros2/install/px4_msgs/include/px4_msgs/px4_msgs/msg/vehicle_attitude.h\n'}
[5.947569] (px4_msgs) StdoutLine: {'line': b'-- Up-to-date: /home/stepan/ws_ros2/install/px4_msgs/include/px4_msgs/px4_msgs/msg/uavcan_parameter_value.h\n'}
[5.947788] (px4_msgs) StdoutLine: {'line': b'-- Up-to-date: /home/stepan/ws_ros2/install/px4_msgs/include/px4_msgs/px4_msgs/msg/landing_target_innovations.h\n'}
[5.947947] (px4_msgs) StdoutLine: {'line': b'-- Up-to-date: /home/stepan/ws_ros2/install/px4_msgs/include/px4_msgs/px4_msgs/msg/vehicle_imu.h\n'}
[5.948130] (px4_msgs) StdoutLine: {'line': b'-- Up-to-date: /home/stepan/ws_ros2/install/px4_msgs/include/px4_msgs/px4_msgs/msg/parameter_update.h\n'}
[5.948294] (px4_msgs) StdoutLine: {'line': b'-- Up-to-date: /home/stepan/ws_ros2/install/px4_msgs/include/px4_msgs/px4_msgs/msg/config_overrides.h\n'}
[5.948476] (px4_msgs) StdoutLine: {'line': b'-- Up-to-date: /home/stepan/ws_ros2/install/px4_msgs/include/px4_msgs/px4_msgs/msg/tecs_status.h\n'}
[5.948658] (px4_msgs) StdoutLine: {'line': b'-- Up-to-date: /home/stepan/ws_ros2/install/px4_msgs/include/px4_msgs/px4_msgs/msg/home_position.h\n'}
[5.948857] (px4_msgs) StdoutLine: {'line': b'-- Up-to-date: /home/stepan/ws_ros2/install/px4_msgs/include/px4_msgs/px4_msgs/msg/adc_report.h\n'}
[5.949218] (px4_msgs) StdoutLine: {'line': b'-- Up-to-date: /home/stepan/ws_ros2/install/px4_msgs/include/px4_msgs/px4_msgs/msg/position_setpoint.h\n'}
[5.949528] (px4_msgs) StdoutLine: {'line': b'-- Up-to-date: /home/stepan/ws_ros2/install/px4_msgs/include/px4_msgs/px4_msgs/msg/vehicle_rates_setpoint.h\n'}
[5.949638] (px4_msgs) StdoutLine: {'line': b'-- Up-to-date: /home/stepan/ws_ros2/install/px4_msgs/include/px4_msgs/px4_msgs/msg/gps_inject_data.h\n'}
[5.949754] (px4_msgs) StdoutLine: {'line': b'-- Up-to-date: /home/stepan/ws_ros2/install/px4_msgs/include/px4_msgs/px4_msgs/msg/estimator_aid_source3d.h\n'}
[5.949920] (px4_msgs) StdoutLine: {'line': b'-- Up-to-date: /home/stepan/ws_ros2/install/px4_msgs/include/px4_msgs/px4_msgs/msg/log_message.h\n'}
[5.950053] (px4_msgs) StdoutLine: {'line': b'-- Up-to-date: /home/stepan/ws_ros2/install/px4_msgs/include/px4_msgs/px4_msgs/msg/orb_test.h\n'}
[5.950211] (px4_msgs) StdoutLine: {'line': b'-- Up-to-date: /home/stepan/ws_ros2/install/px4_msgs/include/px4_msgs/px4_msgs/msg/actuator_controls_status.h\n'}
[5.950368] (px4_msgs) StdoutLine: {'line': b'-- Up-to-date: /home/stepan/ws_ros2/install/px4_msgs/include/px4_msgs/px4_msgs/msg/control_allocator_status.h\n'}
[5.950529] (px4_msgs) StdoutLine: {'line': b'-- Up-to-date: /home/stepan/ws_ros2/install/px4_msgs/include/px4_msgs/px4_msgs/msg/vehicle_optical_flow.h\n'}
[5.950656] (px4_msgs) StdoutLine: {'line': b'-- Up-to-date: /home/stepan/ws_ros2/install/px4_msgs/include/px4_msgs/px4_msgs/msg/system_power.h\n'}
[5.950803] (px4_msgs) StdoutLine: {'line': b'-- Up-to-date: /home/stepan/ws_ros2/install/px4_msgs/include/px4_msgs/px4_msgs/msg/distance_sensor_mode_change_request.h\n'}
[5.950915] (px4_msgs) StdoutLine: {'line': b'-- Up-to-date: /home/stepan/ws_ros2/install/px4_msgs/include/px4_msgs/px4_msgs/msg/position_controller_status.h\n'}
[5.951013] (px4_msgs) StdoutLine: {'line': b'-- Up-to-date: /home/stepan/ws_ros2/install/px4_msgs/include/px4_msgs/px4_msgs/msg/gimbal_manager_set_manual_control.h\n'}
[5.951116] (px4_msgs) StdoutLine: {'line': b'-- Up-to-date: /home/stepan/ws_ros2/install/px4_msgs/include/px4_msgs/px4_msgs/msg/estimator_aid_source1d.h\n'}
[5.951222] (px4_msgs) StdoutLine: {'line': b'-- Up-to-date: /home/stepan/ws_ros2/install/px4_msgs/include/px4_msgs/px4_msgs/msg/vehicle_torque_setpoint.h\n'}
[5.951327] (px4_msgs) StdoutLine: {'line': b'-- Up-to-date: /home/stepan/ws_ros2/install/px4_msgs/include/px4_msgs/px4_msgs/msg/gimbal_device_information.h\n'}
[5.951451] (px4_msgs) StdoutLine: {'line': b'-- Up-to-date: /home/stepan/ws_ros2/install/px4_msgs/include/px4_msgs/px4_msgs/msg/generator_status.h\n'}
[5.951608] (px4_msgs) StdoutLine: {'line': b'-- Up-to-date: /home/stepan/ws_ros2/install/px4_msgs/include/px4_msgs/px4_msgs/msg/actuator_servos_trim.h\n'}
[5.951725] (px4_msgs) StdoutLine: {'line': b'-- Up-to-date: /home/stepan/ws_ros2/install/px4_msgs/include/px4_msgs/px4_msgs/msg/sensor_combined.h\n'}
[5.951859] (px4_msgs) StdoutLine: {'line': b'-- Up-to-date: /home/stepan/ws_ros2/install/px4_msgs/include/px4_msgs/px4_msgs/msg/qshell_retval.h\n'}
[5.951967] (px4_msgs) StdoutLine: {'line': b'-- Up-to-date: /home/stepan/ws_ros2/install/px4_msgs/include/px4_msgs/px4_msgs/msg/sensor_correction.h\n'}
[5.952084] (px4_msgs) StdoutLine: {'line': b'-- Up-to-date: /home/stepan/ws_ros2/install/px4_msgs/include/px4_msgs/px4_msgs/msg/rover_position_setpoint.h\n'}
[5.952444] (px4_msgs) StdoutLine: {'line': b'-- Up-to-date: /home/stepan/ws_ros2/install/px4_msgs/include/px4_msgs/px4_msgs/msg/register_ext_component_request.h\n'}
[5.955672] (px4_msgs) StdoutLine: {'line': b'-- Up-to-date: /home/stepan/ws_ros2/install/px4_msgs/include/px4_msgs/px4_msgs/msg/camera_trigger.h\n'}
[5.957012] (px4_msgs) StdoutLine: {'line': b'-- Up-to-date: /home/stepan/ws_ros2/install/px4_msgs/include/px4_msgs/px4_msgs/msg/rover_throttle_setpoint.h\n'}
[5.957908] (px4_msgs) StdoutLine: {'line': b'-- Up-to-date: /home/stepan/ws_ros2/install/px4_msgs/include/px4_msgs/px4_msgs/msg/gpio_in.h\n'}
[5.958642] (px4_msgs) StdoutLine: {'line': b'-- Up-to-date: /home/stepan/ws_ros2/install/px4_msgs/include/px4_msgs/px4_msgs/msg/qshell_req.h\n'}
[5.959507] (px4_msgs) StdoutLine: {'line': b'-- Up-to-date: /home/stepan/ws_ros2/install/px4_msgs/include/px4_msgs/px4_msgs/msg/parameter_reset_request.h\n'}
[5.959917] (px4_msgs) StdoutLine: {'line': b'-- Up-to-date: /home/stepan/ws_ros2/install/px4_msgs/include/px4_msgs/px4_msgs/msg/geofence_result.h\n'}
[5.961564] (px4_msgs) StdoutLine: {'line': b'-- Up-to-date: /home/stepan/ws_ros2/install/px4_msgs/include/px4_msgs/px4_msgs/msg/heater_status.h\n'}
[5.961894] (px4_msgs) StdoutLine: {'line': b'-- Up-to-date: /home/stepan/ws_ros2/install/px4_msgs/include/px4_msgs/px4_msgs/msg/camera_status.h\n'}
[5.962066] (px4_msgs) StdoutLine: {'line': b'-- Up-to-date: /home/stepan/ws_ros2/install/px4_msgs/include/px4_msgs/px4_msgs/msg/position_controller_landing_status.h\n'}
[5.962196] (px4_msgs) StdoutLine: {'line': b'-- Up-to-date: /home/stepan/ws_ros2/install/px4_msgs/include/px4_msgs/px4_msgs/msg/mission.h\n'}
[5.962333] (px4_msgs) StdoutLine: {'line': b'-- Up-to-date: /home/stepan/ws_ros2/install/px4_msgs/include/px4_msgs/px4_msgs/msg/airspeed.h\n'}
[5.962474] (px4_msgs) StdoutLine: {'line': b'-- Up-to-date: /home/stepan/ws_ros2/install/px4_msgs/include/px4_msgs/px4_msgs/msg/magnetometer_bias_estimate.h\n'}
[5.962579] (px4_msgs) StdoutLine: {'line': b'-- Up-to-date: /home/stepan/ws_ros2/install/px4_msgs/include/px4_msgs/px4_msgs/msg/can_interface_status.h\n'}
[5.962699] (px4_msgs) StdoutLine: {'line': b'-- Up-to-date: /home/stepan/ws_ros2/install/px4_msgs/include/px4_msgs/px4_msgs/msg/irlock_report.h\n'}
[5.963429] (px4_msgs) StdoutLine: {'line': b'-- Up-to-date: /home/stepan/ws_ros2/install/px4_msgs/include/px4_msgs/px4_msgs/msg/satellite_info.h\n'}
[5.963598] (px4_msgs) StdoutLine: {'line': b'-- Up-to-date: /home/stepan/ws_ros2/install/px4_msgs/include/px4_msgs/px4_msgs/msg/vtol_vehicle_status.h\n'}
[5.963820] (px4_msgs) StdoutLine: {'line': b'-- Up-to-date: /home/stepan/ws_ros2/install/px4_msgs/include/px4_msgs/px4_msgs/msg/rover_attitude_setpoint.h\n'}
[5.964002] (px4_msgs) StdoutLine: {'line': b'-- Up-to-date: /home/stepan/ws_ros2/install/px4_msgs/include/px4_msgs/px4_msgs/msg/manual_control_setpoint.h\n'}
[5.964169] (px4_msgs) StdoutLine: {'line': b'-- Up-to-date: /home/stepan/ws_ros2/install/px4_msgs/include/px4_msgs/px4_msgs/msg/navigator_status.h\n'}
[5.964472] (px4_msgs) StdoutLine: {'line': b'-- Up-to-date: /home/stepan/ws_ros2/install/px4_msgs/include/px4_msgs/px4_msgs/msg/trajectory_setpoint.h\n'}
[5.965154] (px4_msgs) StdoutLine: {'line': b'-- Up-to-date: /home/stepan/ws_ros2/install/px4_msgs/include/px4_msgs/px4_msgs/msg/message_format_request.h\n'}
[5.965392] (px4_msgs) StdoutLine: {'line': b'-- Up-to-date: /home/stepan/ws_ros2/install/px4_msgs/include/px4_msgs/px4_msgs/msg/autotune_attitude_control_status.h\n'}
[5.965581] (px4_msgs) StdoutLine: {'line': b'-- Up-to-date: /home/stepan/ws_ros2/install/px4_msgs/include/px4_msgs/px4_msgs/msg/vehicle_odometry.h\n'}
[5.965756] (px4_msgs) StdoutLine: {'line': b'-- Up-to-date: /home/stepan/ws_ros2/install/px4_msgs/include/px4_msgs/px4_msgs/msg/debug_array.h\n'}
[5.965949] (px4_msgs) StdoutLine: {'line': b'-- Up-to-date: /home/stepan/ws_ros2/install/px4_msgs/include/px4_msgs/px4_msgs/msg/sensor_optical_flow.h\n'}
[5.966102] (px4_msgs) StdoutLine: {'line': b'-- Up-to-date: /home/stepan/ws_ros2/install/px4_msgs/include/px4_msgs/px4_msgs/msg/velocity_limits.h\n'}
[5.966250] (px4_msgs) StdoutLine: {'line': b'-- Up-to-date: /home/stepan/ws_ros2/install/px4_msgs/include/px4_msgs/px4_msgs/msg/gimbal_manager_set_attitude.h\n'}
[5.966368] (px4_msgs) StdoutLine: {'line': b'-- Up-to-date: /home/stepan/ws_ros2/install/px4_msgs/include/px4_msgs/px4_msgs/msg/arming_check_request.h\n'}
[5.966474] (px4_msgs) StdoutLine: {'line': b'-- Up-to-date: /home/stepan/ws_ros2/install/px4_msgs/include/px4_msgs/px4_msgs/msg/unregister_ext_component.h\n'}
[5.966695] (px4_msgs) StdoutLine: {'line': b'-- Up-to-date: /home/stepan/ws_ros2/install/px4_msgs/include/px4_msgs/px4_msgs/msg/gimbal_controls.h\n'}
[5.967109] (px4_msgs) StdoutLine: {'line': b'-- Up-to-date: /home/stepan/ws_ros2/install/px4_msgs/include/px4_msgs/px4_msgs/msg/sensors_status_imu.h\n'}
[5.967294] (px4_msgs) StdoutLine: {'line': b'-- Up-to-date: /home/stepan/ws_ros2/install/px4_msgs/include/px4_msgs/px4_msgs/msg/estimator_selector_status.h\n'}
[5.967408] (px4_msgs) StdoutLine: {'line': b'-- Up-to-date: /home/stepan/ws_ros2/install/px4_msgs/include/px4_msgs/px4_msgs/msg/airspeed_wind.h\n'}
[5.967512] (px4_msgs) StdoutLine: {'line': b'-- Up-to-date: /home/stepan/ws_ros2/install/px4_msgs/include/px4_msgs/px4_msgs/msg/dataman_response.h\n'}
[5.967657] (px4_msgs) StdoutLine: {'line': b'-- Up-to-date: /home/stepan/ws_ros2/install/px4_msgs/include/px4_msgs/px4_msgs/msg/landing_gear_wheel.h\n'}
[5.969500] (px4_msgs) StdoutLine: {'line': b'-- Up-to-date: /home/stepan/ws_ros2/install/px4_msgs/include/px4_msgs/px4_msgs/msg/launch_detection_status.h\n'}
[5.970953] (px4_msgs) StdoutLine: {'line': b'-- Up-to-date: /home/stepan/ws_ros2/install/px4_msgs/include/px4_msgs/px4_msgs/msg/rover_rate_setpoint.h\n'}
[5.971786] (px4_msgs) StdoutLine: {'line': b'-- Up-to-date: /home/stepan/ws_ros2/install/px4_msgs/include/px4_msgs/px4_msgs/msg/wind.h\n'}
[5.972555] (px4_msgs) StdoutLine: {'line': b'-- Up-to-date: /home/stepan/ws_ros2/install/px4_msgs/include/px4_msgs/px4_msgs/msg/sensor_accel_fifo.h\n'}
[5.973327] (px4_msgs) StdoutLine: {'line': b'-- Up-to-date: /home/stepan/ws_ros2/install/px4_msgs/include/px4_msgs/px4_msgs/msg/follow_target_estimator.h\n'}
[5.974055] (px4_msgs) StdoutLine: {'line': b'-- Up-to-date: /home/stepan/ws_ros2/install/px4_msgs/include/px4_msgs/px4_msgs/msg/hover_thrust_estimate.h\n'}
[5.974334] (px4_msgs) StdoutLine: {'line': b'-- Up-to-date: /home/stepan/ws_ros2/install/px4_msgs/include/px4_msgs/px4_msgs/msg/vehicle_imu_status.h\n'}
[5.975233] (px4_msgs) StdoutLine: {'line': b'-- Up-to-date: /home/stepan/ws_ros2/install/px4_msgs/include/px4_msgs/px4_msgs/msg/follow_target.h\n'}
[5.976591] (px4_msgs) StdoutLine: {'line': b'-- Up-to-date: /home/stepan/ws_ros2/install/px4_msgs/include/px4_msgs/px4_msgs/msg/ackermann_velocity_setpoint.h\n'}
[5.977368] (px4_msgs) StdoutLine: {'line': b'-- Up-to-date: /home/stepan/ws_ros2/install/px4_msgs/include/px4_msgs/px4_msgs/msg/sensors_status.h\n'}
[5.978029] (px4_msgs) StdoutLine: {'line': b'-- Up-to-date: /home/stepan/ws_ros2/install/px4_msgs/include/px4_msgs/px4_msgs/msg/rc_channels.h\n'}
[5.979579] (px4_msgs) StdoutLine: {'line': b'-- Up-to-date: /home/stepan/ws_ros2/install/px4_msgs/include/px4_msgs/px4_msgs/msg/estimator_bias.h\n'}
[5.979912] (px4_msgs) StdoutLine: {'line': b'-- Up-to-date: /home/stepan/ws_ros2/install/px4_msgs/include/px4_msgs/px4_msgs/msg/estimator_status.h\n'}
[5.980195] (px4_msgs) StdoutLine: {'line': b'-- Up-to-date: /home/stepan/ws_ros2/install/px4_msgs/include/px4_msgs/px4_msgs/msg/sensor_gyro_fifo.h\n'}
[5.980432] (px4_msgs) StdoutLine: {'line': b'-- Up-to-date: /home/stepan/ws_ros2/install/px4_msgs/include/px4_msgs/px4_msgs/msg/sensor_selection.h\n'}
[5.980628] (px4_msgs) StdoutLine: {'line': b'-- Up-to-date: /home/stepan/ws_ros2/install/px4_msgs/include/px4_msgs/px4_msgs/msg/sensor_airflow.h\n'}
[5.980848] (px4_msgs) StdoutLine: {'line': b'-- Up-to-date: /home/stepan/ws_ros2/install/px4_msgs/include/px4_msgs/px4_msgs/msg/rate_ctrl_status.h\n'}
[5.981034] (px4_msgs) StdoutLine: {'line': b'-- Up-to-date: /home/stepan/ws_ros2/install/px4_msgs/include/px4_msgs/px4_msgs/msg/failsafe_flags.h\n'}
[5.981212] (px4_msgs) StdoutLine: {'line': b'-- Up-to-date: /home/stepan/ws_ros2/install/px4_msgs/include/px4_msgs/px4_msgs/msg/debug_key_value.h\n'}
[5.981377] (px4_msgs) StdoutLine: {'line': b'-- Up-to-date: /home/stepan/ws_ros2/install/px4_msgs/include/px4_msgs/px4_msgs/msg/led_control.h\n'}
[5.981540] (px4_msgs) StdoutLine: {'line': b'-- Up-to-date: /home/stepan/ws_ros2/install/px4_msgs/include/px4_msgs/px4_msgs/msg/gimbal_manager_status.h\n'}
[5.981740] (px4_msgs) StdoutLine: {'line': b'-- Up-to-date: /home/stepan/ws_ros2/install/px4_msgs/include/px4_msgs/px4_msgs/msg/gpio_request.h\n'}
[5.982302] (px4_msgs) StdoutLine: {'line': b'-- Up-to-date: /home/stepan/ws_ros2/install/px4_msgs/include/px4_msgs/px4_msgs/msg/transponder_report.h\n'}
[5.982473] (px4_msgs) StdoutLine: {'line': b'-- Up-to-date: /home/stepan/ws_ros2/install/px4_msgs/include/px4_msgs/px4_msgs/msg/detail\n'}
[5.982640] (px4_msgs) StdoutLine: {'line': b'-- Up-to-date: /home/stepan/ws_ros2/install/px4_msgs/include/px4_msgs/px4_msgs/msg/detail/sensor_correction__struct.h\n'}
[5.982832] (px4_msgs) StdoutLine: {'line': b'-- Up-to-date: /home/stepan/ws_ros2/install/px4_msgs/include/px4_msgs/px4_msgs/msg/detail/figure_eight_status__functions.h\n'}
[5.983000] (px4_msgs) StdoutLine: {'line': b'-- Up-to-date: /home/stepan/ws_ros2/install/px4_msgs/include/px4_msgs/px4_msgs/msg/detail/orb_test_medium__type_support.h\n'}
[5.983161] (px4_msgs) StdoutLine: {'line': b'-- Up-to-date: /home/stepan/ws_ros2/install/px4_msgs/include/px4_msgs/px4_msgs/msg/detail/rover_steering_setpoint__struct.h\n'}
[5.983321] (px4_msgs) StdoutLine: {'line': b'-- Up-to-date: /home/stepan/ws_ros2/install/px4_msgs/include/px4_msgs/px4_msgs/msg/detail/sensor_uwb__functions.c\n'}
[5.983503] (px4_msgs) StdoutLine: {'line': b'-- Up-to-date: /home/stepan/ws_ros2/install/px4_msgs/include/px4_msgs/px4_msgs/msg/detail/gimbal_manager_set_manual_control__type_support.h\n'}
[5.983669] (px4_msgs) StdoutLine: {'line': b'-- Up-to-date: /home/stepan/ws_ros2/install/px4_msgs/include/px4_msgs/px4_msgs/msg/detail/gpio_out__struct.h\n'}
[5.984428] (px4_msgs) StdoutLine: {'line': b'-- Up-to-date: /home/stepan/ws_ros2/install/px4_msgs/include/px4_msgs/px4_msgs/msg/detail/vehicle_imu__type_support.h\n'}
[5.985442] (px4_msgs) StdoutLine: {'line': b'-- Up-to-date: /home/stepan/ws_ros2/install/px4_msgs/include/px4_msgs/px4_msgs/msg/detail/follow_target__functions.c\n'}
[5.986681] (px4_msgs) StdoutLine: {'line': b'-- Up-to-date: /home/stepan/ws_ros2/install/px4_msgs/include/px4_msgs/px4_msgs/msg/detail/landing_gear_wheel__type_support.h\n'}
[5.987925] (px4_msgs) StdoutLine: {'line': b'-- Up-to-date: /home/stepan/ws_ros2/install/px4_msgs/include/px4_msgs/px4_msgs/msg/detail/vehicle_rates_setpoint__functions.c\n'}
[5.988477] (px4_msgs) StdoutLine: {'line': b'-- Up-to-date: /home/stepan/ws_ros2/install/px4_msgs/include/px4_msgs/px4_msgs/msg/detail/vehicle_command_ack__struct.h\n'}
[5.989337] (px4_msgs) StdoutLine: {'line': b'-- Up-to-date: /home/stepan/ws_ros2/install/px4_msgs/include/px4_msgs/px4_msgs/msg/detail/actuator_test__type_support.h\n'}
[5.989579] (px4_msgs) StdoutLine: {'line': b'-- Up-to-date: /home/stepan/ws_ros2/install/px4_msgs/include/px4_msgs/px4_msgs/msg/detail/yaw_estimator_status__functions.h\n'}
[5.989812] (px4_msgs) StdoutLine: {'line': b'-- Up-to-date: /home/stepan/ws_ros2/install/px4_msgs/include/px4_msgs/px4_msgs/msg/detail/debug_array__struct.h\n'}
[5.990915] (px4_msgs) StdoutLine: {'line': b'-- Up-to-date: /home/stepan/ws_ros2/install/px4_msgs/include/px4_msgs/px4_msgs/msg/detail/actuator_servos_trim__functions.c\n'}
[5.992097] (px4_msgs) StdoutLine: {'line': b'-- Up-to-date: /home/stepan/ws_ros2/install/px4_msgs/include/px4_msgs/px4_msgs/msg/detail/navigator_mission_item__struct.h\n'}
[5.992737] (px4_msgs) StdoutLine: {'line': b'-- Up-to-date: /home/stepan/ws_ros2/install/px4_msgs/include/px4_msgs/px4_msgs/msg/detail/position_setpoint_triplet__functions.h\n'}
[5.993204] (px4_msgs) StdoutLine: {'line': b'-- Up-to-date: /home/stepan/ws_ros2/install/px4_msgs/include/px4_msgs/px4_msgs/msg/detail/internal_combustion_engine_status__struct.h\n'}
[5.993379] (px4_msgs) StdoutLine: {'line': b'-- Up-to-date: /home/stepan/ws_ros2/install/px4_msgs/include/px4_msgs/px4_msgs/msg/detail/vehicle_attitude_setpoint__functions.h\n'}
[5.993480] (px4_msgs) StdoutLine: {'line': b'-- Up-to-date: /home/stepan/ws_ros2/install/px4_msgs/include/px4_msgs/px4_msgs/msg/detail/vehicle_attitude__functions.h\n'}
[5.993624] (px4_msgs) StdoutLine: {'line': b'-- Up-to-date: /home/stepan/ws_ros2/install/px4_msgs/include/px4_msgs/px4_msgs/msg/detail/rover_position_setpoint__functions.c\n'}
[5.993762] (px4_msgs) StdoutLine: {'line': b'-- Up-to-date: /home/stepan/ws_ros2/install/px4_msgs/include/px4_msgs/px4_msgs/msg/detail/estimator_aid_source1d__functions.h\n'}
[5.994145] (px4_msgs) StdoutLine: {'line': b'-- Up-to-date: /home/stepan/ws_ros2/install/px4_msgs/include/px4_msgs/px4_msgs/msg/detail/follow_target__functions.h\n'}
[5.994589] (px4_msgs) StdoutLine: {'line': b'-- Up-to-date: /home/stepan/ws_ros2/install/px4_msgs/include/px4_msgs/px4_msgs/msg/detail/rc_channels__type_support.h\n'}
[5.994920] (px4_msgs) StdoutLine: {'line': b'-- Up-to-date: /home/stepan/ws_ros2/install/px4_msgs/include/px4_msgs/px4_msgs/msg/detail/gpio_out__functions.h\n'}
[5.995178] (px4_msgs) StdoutLine: {'line': b'-- Up-to-date: /home/stepan/ws_ros2/install/px4_msgs/include/px4_msgs/px4_msgs/msg/detail/ulog_stream__type_support.h\n'}
[5.995367] (px4_msgs) StdoutLine: {'line': b'-- Up-to-date: /home/stepan/ws_ros2/install/px4_msgs/include/px4_msgs/px4_msgs/msg/detail/parameter_reset_request__type_support.h\n'}
[5.995564] (px4_msgs) StdoutLine: {'line': b'-- Up-to-date: /home/stepan/ws_ros2/install/px4_msgs/include/px4_msgs/px4_msgs/msg/detail/generator_status__struct.h\n'}
[5.995751] (px4_msgs) StdoutLine: {'line': b'-- Up-to-date: /home/stepan/ws_ros2/install/px4_msgs/include/px4_msgs/px4_msgs/msg/detail/estimator_selector_status__functions.c\n'}
[5.995969] (px4_msgs) StdoutLine: {'line': b'-- Up-to-date: /home/stepan/ws_ros2/install/px4_msgs/include/px4_msgs/px4_msgs/msg/detail/sensor_selection__functions.c\n'}
[5.996261] (px4_msgs) StdoutLine: {'line': b'-- Up-to-date: /home/stepan/ws_ros2/install/px4_msgs/include/px4_msgs/px4_msgs/msg/detail/normalized_unsigned_setpoint__functions.h\n'}
[5.996454] (px4_msgs) StdoutLine: {'line': b'-- Up-to-date: /home/stepan/ws_ros2/install/px4_msgs/include/px4_msgs/px4_msgs/msg/detail/rover_steering_setpoint__functions.h\n'}
[5.996617] (px4_msgs) StdoutLine: {'line': b'-- Up-to-date: /home/stepan/ws_ros2/install/px4_msgs/include/px4_msgs/px4_msgs/msg/detail/vehicle_odometry__type_support.h\n'}
[5.996866] (px4_msgs) StdoutLine: {'line': b'-- Up-to-date: /home/stepan/ws_ros2/install/px4_msgs/include/px4_msgs/px4_msgs/msg/detail/parameter_set_value_response__functions.h\n'}
[5.997060] (px4_msgs) StdoutLine: {'line': b'-- Up-to-date: /home/stepan/ws_ros2/install/px4_msgs/include/px4_msgs/px4_msgs/msg/detail/vehicle_angular_acceleration_setpoint__type_support.h\n'}
[5.997177] (px4_msgs) StdoutLine: {'line': b'-- Up-to-date: /home/stepan/ws_ros2/install/px4_msgs/include/px4_msgs/px4_msgs/msg/detail/actuator_test__functions.h\n'}
[5.997354] (px4_msgs) StdoutLine: {'line': b'-- Up-to-date: /home/stepan/ws_ros2/install/px4_msgs/include/px4_msgs/px4_msgs/msg/detail/landing_target_pose__type_support.h\n'}
[5.997510] (px4_msgs) StdoutLine: {'line': b'-- Up-to-date: /home/stepan/ws_ros2/install/px4_msgs/include/px4_msgs/px4_msgs/msg/detail/vehicle_angular_acceleration_setpoint__functions.h\n'}
[5.997689] (px4_msgs) StdoutLine: {'line': b'-- Up-to-date: /home/stepan/ws_ros2/install/px4_msgs/include/px4_msgs/px4_msgs/msg/detail/wheel_encoders__functions.c\n'}
[5.998460] (px4_msgs) StdoutLine: {'line': b'-- Up-to-date: /home/stepan/ws_ros2/install/px4_msgs/include/px4_msgs/px4_msgs/msg/detail/ekf2_timestamps__type_support.h\n'}
[5.998587] (px4_msgs) StdoutLine: {'line': b'-- Up-to-date: /home/stepan/ws_ros2/install/px4_msgs/include/px4_msgs/px4_msgs/msg/detail/takeoff_status__functions.c\n'}
[5.998692] (px4_msgs) StdoutLine: {'line': b'-- Up-to-date: /home/stepan/ws_ros2/install/px4_msgs/include/px4_msgs/px4_msgs/msg/detail/sensor_preflight_mag__functions.c\n'}
[5.998813] (px4_msgs) StdoutLine: {'line': b'-- Up-to-date: /home/stepan/ws_ros2/install/px4_msgs/include/px4_msgs/px4_msgs/msg/detail/sensor_accel__functions.c\n'}
[5.998915] (px4_msgs) StdoutLine: {'line': b'-- Up-to-date: /home/stepan/ws_ros2/install/px4_msgs/include/px4_msgs/px4_msgs/msg/detail/orb_test__functions.c\n'}
[5.999012] (px4_msgs) StdoutLine: {'line': b'-- Up-to-date: /home/stepan/ws_ros2/install/px4_msgs/include/px4_msgs/px4_msgs/msg/detail/sensor_gnss_relative__functions.h\n'}
[5.999125] (px4_msgs) StdoutLine: {'line': b'-- Up-to-date: /home/stepan/ws_ros2/install/px4_msgs/include/px4_msgs/px4_msgs/msg/detail/message_format_response__functions.h\n'}
[5.999225] (px4_msgs) StdoutLine: {'line': b'-- Up-to-date: /home/stepan/ws_ros2/install/px4_msgs/include/px4_msgs/px4_msgs/msg/detail/sensor_gps__functions.c\n'}
[5.999323] (px4_msgs) StdoutLine: {'line': b'-- Up-to-date: /home/stepan/ws_ros2/install/px4_msgs/include/px4_msgs/px4_msgs/msg/detail/failure_detector_status__type_support.h\n'}
[5.999434] (px4_msgs) StdoutLine: {'line': b'-- Up-to-date: /home/stepan/ws_ros2/install/px4_msgs/include/px4_msgs/px4_msgs/msg/detail/hover_thrust_estimate__struct.h\n'}
[5.999526] (px4_msgs) StdoutLine: {'line': b'-- Up-to-date: /home/stepan/ws_ros2/install/px4_msgs/include/px4_msgs/px4_msgs/msg/detail/orb_test__functions.h\n'}
[5.999637] (px4_msgs) StdoutLine: {'line': b'-- Up-to-date: /home/stepan/ws_ros2/install/px4_msgs/include/px4_msgs/px4_msgs/msg/detail/position_setpoint__functions.c\n'}
[6.000263] (px4_msgs) StdoutLine: {'line': b'-- Up-to-date: /home/stepan/ws_ros2/install/px4_msgs/include/px4_msgs/px4_msgs/msg/detail/sensor_accel_fifo__struct.h\n'}
[6.000542] (px4_msgs) StdoutLine: {'line': b'-- Up-to-date: /home/stepan/ws_ros2/install/px4_msgs/include/px4_msgs/px4_msgs/msg/detail/sensors_status_imu__type_support.h\n'}
[6.000738] (px4_msgs) StdoutLine: {'line': b'-- Up-to-date: /home/stepan/ws_ros2/install/px4_msgs/include/px4_msgs/px4_msgs/msg/detail/failsafe_flags__struct.h\n'}
[6.000975] (px4_msgs) StdoutLine: {'line': b'-- Up-to-date: /home/stepan/ws_ros2/install/px4_msgs/include/px4_msgs/px4_msgs/msg/detail/tune_control__struct.h\n'}
[6.001131] (px4_msgs) StdoutLine: {'line': b'-- Up-to-date: /home/stepan/ws_ros2/install/px4_msgs/include/px4_msgs/px4_msgs/msg/detail/rpm__type_support.h\n'}
[6.001299] (px4_msgs) StdoutLine: {'line': b'-- Up-to-date: /home/stepan/ws_ros2/install/px4_msgs/include/px4_msgs/px4_msgs/msg/detail/pps_capture__functions.h\n'}
[6.001471] (px4_msgs) StdoutLine: {'line': b'-- Up-to-date: /home/stepan/ws_ros2/install/px4_msgs/include/px4_msgs/px4_msgs/msg/detail/landing_target_innovations__struct.h\n'}
[6.001621] (px4_msgs) StdoutLine: {'line': b'-- Up-to-date: /home/stepan/ws_ros2/install/px4_msgs/include/px4_msgs/px4_msgs/msg/detail/normalized_unsigned_setpoint__type_support.h\n'}
[6.001836] (px4_msgs) StdoutLine: {'line': b'-- Up-to-date: /home/stepan/ws_ros2/install/px4_msgs/include/px4_msgs/px4_msgs/msg/detail/parameter_set_used_request__functions.h\n'}
[6.002109] (px4_msgs) StdoutLine: {'line': b'-- Up-to-date: /home/stepan/ws_ros2/install/px4_msgs/include/px4_msgs/px4_msgs/msg/detail/offboard_control_mode__functions.h\n'}
[6.002275] (px4_msgs) StdoutLine: {'line': b'-- Up-to-date: /home/stepan/ws_ros2/install/px4_msgs/include/px4_msgs/px4_msgs/msg/detail/actuator_servos_trim__struct.h\n'}
[6.002425] (px4_msgs) StdoutLine: {'line': b'-- Up-to-date: /home/stepan/ws_ros2/install/px4_msgs/include/px4_msgs/px4_msgs/msg/detail/esc_status__type_support.h\n'}
[6.002599] (px4_msgs) StdoutLine: {'line': b'-- Up-to-date: /home/stepan/ws_ros2/install/px4_msgs/include/px4_msgs/px4_msgs/msg/detail/transponder_report__struct.h\n'}
[6.004337] (px4_msgs) StdoutLine: {'line': b'-- Up-to-date: /home/stepan/ws_ros2/install/px4_msgs/include/px4_msgs/px4_msgs/msg/detail/actuator_motors__functions.h\n'}
[6.007414] (px4_msgs) StdoutLine: {'line': b'-- Up-to-date: /home/stepan/ws_ros2/install/px4_msgs/include/px4_msgs/px4_msgs/msg/detail/estimator_aid_source1d__functions.c\n'}
[6.008189] (px4_msgs) StdoutLine: {'line': b'-- Up-to-date: /home/stepan/ws_ros2/install/px4_msgs/include/px4_msgs/px4_msgs/msg/detail/dataman_request__struct.h\n'}
[6.008644] (px4_msgs) StdoutLine: {'line': b'-- Up-to-date: /home/stepan/ws_ros2/install/px4_msgs/include/px4_msgs/px4_msgs/msg/detail/wind__type_support.h\n'}
[6.009040] (px4_msgs) StdoutLine: {'line': b'-- Up-to-date: /home/stepan/ws_ros2/install/px4_msgs/include/px4_msgs/px4_msgs/msg/detail/estimator_status_flags__struct.h\n'}
[6.009643] (px4_msgs) StdoutLine: {'line': b'-- Up-to-date: /home/stepan/ws_ros2/install/px4_msgs/include/px4_msgs/px4_msgs/msg/detail/vehicle_constraints__functions.h\n'}
[6.010042] (px4_msgs) StdoutLine: {'line': b'-- Up-to-date: /home/stepan/ws_ros2/install/px4_msgs/include/px4_msgs/px4_msgs/msg/detail/sensor_correction__type_support.h\n'}
[6.010277] (px4_msgs) StdoutLine: {'line': b'-- Up-to-date: /home/stepan/ws_ros2/install/px4_msgs/include/px4_msgs/px4_msgs/msg/detail/rc_parameter_map__functions.c\n'}
[6.011585] (px4_msgs) StdoutLine: {'line': b'-- Up-to-date: /home/stepan/ws_ros2/install/px4_msgs/include/px4_msgs/px4_msgs/msg/detail/timesync_status__functions.h\n'}
[6.012836] (px4_msgs) StdoutLine: {'line': b'-- Up-to-date: /home/stepan/ws_ros2/install/px4_msgs/include/px4_msgs/px4_msgs/msg/detail/sensor_gyro__struct.h\n'}
[6.013180] (px4_msgs) StdoutLine: {'line': b'-- Up-to-date: /home/stepan/ws_ros2/install/px4_msgs/include/px4_msgs/px4_msgs/msg/detail/ping__functions.h\n'}
[6.013306] (px4_msgs) StdoutLine: {'line': b'-- Up-to-date: /home/stepan/ws_ros2/install/px4_msgs/include/px4_msgs/px4_msgs/msg/detail/telemetry_status__functions.c\n'}
[6.013412] (px4_msgs) StdoutLine: {'line': b'-- Up-to-date: /home/stepan/ws_ros2/install/px4_msgs/include/px4_msgs/px4_msgs/msg/detail/rover_rate_setpoint__functions.c\n'}
[6.013543] (px4_msgs) StdoutLine: {'line': b'-- Up-to-date: /home/stepan/ws_ros2/install/px4_msgs/include/px4_msgs/px4_msgs/msg/detail/vehicle_land_detected__struct.h\n'}
[6.013746] (px4_msgs) StdoutLine: {'line': b'-- Up-to-date: /home/stepan/ws_ros2/install/px4_msgs/include/px4_msgs/px4_msgs/msg/detail/gps_dump__functions.c\n'}
[6.013949] (px4_msgs) StdoutLine: {'line': b'-- Up-to-date: /home/stepan/ws_ros2/install/px4_msgs/include/px4_msgs/px4_msgs/msg/detail/landing_gear_wheel__struct.h\n'}
[6.014130] (px4_msgs) StdoutLine: {'line': b'-- Up-to-date: /home/stepan/ws_ros2/install/px4_msgs/include/px4_msgs/px4_msgs/msg/detail/navigator_mission_item__functions.c\n'}
[6.014323] (px4_msgs) StdoutLine: {'line': b'-- Up-to-date: /home/stepan/ws_ros2/install/px4_msgs/include/px4_msgs/px4_msgs/msg/detail/rtl_time_estimate__functions.c\n'}
[6.014461] (px4_msgs) StdoutLine: {'line': b'-- Up-to-date: /home/stepan/ws_ros2/install/px4_msgs/include/px4_msgs/px4_msgs/msg/detail/config_overrides__functions.c\n'}
[6.014606] (px4_msgs) StdoutLine: {'line': b'-- Up-to-date: /home/stepan/ws_ros2/install/px4_msgs/include/px4_msgs/px4_msgs/msg/detail/landing_target_pose__struct.h\n'}
[6.014979] (px4_msgs) StdoutLine: {'line': b'-- Up-to-date: /home/stepan/ws_ros2/install/px4_msgs/include/px4_msgs/px4_msgs/msg/detail/rover_steering_setpoint__type_support.h\n'}
[6.015722] (px4_msgs) StdoutLine: {'line': b'-- Up-to-date: /home/stepan/ws_ros2/install/px4_msgs/include/px4_msgs/px4_msgs/msg/detail/parameter_reset_request__struct.h\n'}
[6.016063] (px4_msgs) StdoutLine: {'line': b'-- Up-to-date: /home/stepan/ws_ros2/install/px4_msgs/include/px4_msgs/px4_msgs/msg/detail/follow_target_status__functions.c\n'}
[6.016339] (px4_msgs) StdoutLine: {'line': b'-- Up-to-date: /home/stepan/ws_ros2/install/px4_msgs/include/px4_msgs/px4_msgs/msg/detail/estimator_innovations__struct.h\n'}
[6.016503] (px4_msgs) StdoutLine: {'line': b'-- Up-to-date: /home/stepan/ws_ros2/install/px4_msgs/include/px4_msgs/px4_msgs/msg/detail/follow_target_estimator__functions.h\n'}
[6.016661] (px4_msgs) StdoutLine: {'line': b'-- Up-to-date: /home/stepan/ws_ros2/install/px4_msgs/include/px4_msgs/px4_msgs/msg/detail/vehicle_global_position__type_support.h\n'}
[6.016870] (px4_msgs) StdoutLine: {'line': b'-- Up-to-date: /home/stepan/ws_ros2/install/px4_msgs/include/px4_msgs/px4_msgs/msg/detail/task_stack_info__type_support.h\n'}
[6.017063] (px4_msgs) StdoutLine: {'line': b'-- Up-to-date: /home/stepan/ws_ros2/install/px4_msgs/include/px4_msgs/px4_msgs/msg/detail/action_request__struct.h\n'}
[6.017207] (px4_msgs) StdoutLine: {'line': b'-- Up-to-date: /home/stepan/ws_ros2/install/px4_msgs/include/px4_msgs/px4_msgs/msg/detail/arming_check_request__functions.h\n'}
[6.017372] (px4_msgs) StdoutLine: {'line': b'-- Up-to-date: /home/stepan/ws_ros2/install/px4_msgs/include/px4_msgs/px4_msgs/msg/detail/gps_inject_data__type_support.h\n'}
[6.017524] (px4_msgs) StdoutLine: {'line': b'-- Up-to-date: /home/stepan/ws_ros2/install/px4_msgs/include/px4_msgs/px4_msgs/msg/detail/control_allocator_status__functions.c\n'}
[6.017673] (px4_msgs) StdoutLine: {'line': b'-- Up-to-date: /home/stepan/ws_ros2/install/px4_msgs/include/px4_msgs/px4_msgs/msg/detail/navigator_status__functions.h\n'}
[6.018412] (px4_msgs) StdoutLine: {'line': b'-- Up-to-date: /home/stepan/ws_ros2/install/px4_msgs/include/px4_msgs/px4_msgs/msg/detail/launch_detection_status__type_support.h\n'}
[6.019379] (px4_msgs) StdoutLine: {'line': b'-- Up-to-date: /home/stepan/ws_ros2/install/px4_msgs/include/px4_msgs/px4_msgs/msg/detail/distance_sensor__functions.h\n'}
[6.020366] (px4_msgs) StdoutLine: {'line': b'-- Up-to-date: /home/stepan/ws_ros2/install/px4_msgs/include/px4_msgs/px4_msgs/msg/detail/estimator_gps_status__functions.h\n'}
[6.020676] (px4_msgs) StdoutLine: {'line': b'-- Up-to-date: /home/stepan/ws_ros2/install/px4_msgs/include/px4_msgs/px4_msgs/msg/detail/orb_test_medium__struct.h\n'}
[6.021305] (px4_msgs) StdoutLine: {'line': b'-- Up-to-date: /home/stepan/ws_ros2/install/px4_msgs/include/px4_msgs/px4_msgs/msg/detail/vehicle_imu__functions.h\n'}
[6.022308] (px4_msgs) StdoutLine: {'line': b'-- Up-to-date: /home/stepan/ws_ros2/install/px4_msgs/include/px4_msgs/px4_msgs/msg/detail/mavlink_tunnel__struct.h\n'}
[6.023843] (px4_msgs) StdoutLine: {'line': b'-- Up-to-date: /home/stepan/ws_ros2/install/px4_msgs/include/px4_msgs/px4_msgs/msg/detail/vtol_vehicle_status__type_support.h\n'}
[6.025023] (px4_msgs) StdoutLine: {'line': b'-- Up-to-date: /home/stepan/ws_ros2/install/px4_msgs/include/px4_msgs/px4_msgs/msg/detail/parameter_set_value_response__functions.c\n'}
[6.025629] (px4_msgs) StdoutLine: {'line': b'-- Up-to-date: /home/stepan/ws_ros2/install/px4_msgs/include/px4_msgs/px4_msgs/msg/detail/parameter_reset_request__functions.c\n'}
[6.025984] (px4_msgs) StdoutLine: {'line': b'-- Up-to-date: /home/stepan/ws_ros2/install/px4_msgs/include/px4_msgs/px4_msgs/msg/detail/estimator_status__functions.c\n'}
[6.026181] (px4_msgs) StdoutLine: {'line': b'-- Up-to-date: /home/stepan/ws_ros2/install/px4_msgs/include/px4_msgs/px4_msgs/msg/detail/qshell_req__struct.h\n'}
[6.026349] (px4_msgs) StdoutLine: {'line': b'-- Up-to-date: /home/stepan/ws_ros2/install/px4_msgs/include/px4_msgs/px4_msgs/msg/detail/timesync_status__type_support.h\n'}
[6.026595] (px4_msgs) StdoutLine: {'line': b'-- Up-to-date: /home/stepan/ws_ros2/install/px4_msgs/include/px4_msgs/px4_msgs/msg/detail/distance_sensor_mode_change_request__type_support.h\n'}
[6.027395] (px4_msgs) StdoutLine: {'line': b'-- Up-to-date: /home/stepan/ws_ros2/install/px4_msgs/include/px4_msgs/px4_msgs/msg/detail/event__type_support.h\n'}
[6.027885] (px4_msgs) StdoutLine: {'line': b'-- Up-to-date: /home/stepan/ws_ros2/install/px4_msgs/include/px4_msgs/px4_msgs/msg/detail/geofence_status__functions.c\n'}
[6.028932] (px4_msgs) StdoutLine: {'line': b'-- Up-to-date: /home/stepan/ws_ros2/install/px4_msgs/include/px4_msgs/px4_msgs/msg/detail/npfg_status__type_support.h\n'}
[6.029344] (px4_msgs) StdoutLine: {'line': b'-- Up-to-date: /home/stepan/ws_ros2/install/px4_msgs/include/px4_msgs/px4_msgs/msg/detail/obstacle_distance__struct.h\n'}
[6.029554] (px4_msgs) StdoutLine: {'line': b'-- Up-to-date: /home/stepan/ws_ros2/install/px4_msgs/include/px4_msgs/px4_msgs/msg/detail/estimator_gps_status__type_support.h\n'}
[6.029766] (px4_msgs) StdoutLine: {'line': b'-- Up-to-date: /home/stepan/ws_ros2/install/px4_msgs/include/px4_msgs/px4_msgs/msg/detail/gpio_request__struct.h\n'}
[6.031342] (px4_msgs) StdoutLine: {'line': b'-- Up-to-date: /home/stepan/ws_ros2/install/px4_msgs/include/px4_msgs/px4_msgs/msg/detail/camera_status__struct.h\n'}
[6.031646] (px4_msgs) StdoutLine: {'line': b'-- Up-to-date: /home/stepan/ws_ros2/install/px4_msgs/include/px4_msgs/px4_msgs/msg/detail/gps_inject_data__struct.h\n'}
[6.031849] (px4_msgs) StdoutLine: {'line': b'-- Up-to-date: /home/stepan/ws_ros2/install/px4_msgs/include/px4_msgs/px4_msgs/msg/detail/register_ext_component_request__functions.c\n'}
[6.032028] (px4_msgs) StdoutLine: {'line': b'-- Up-to-date: /home/stepan/ws_ros2/install/px4_msgs/include/px4_msgs/px4_msgs/msg/detail/timesync_status__struct.h\n'}
[6.032209] (px4_msgs) StdoutLine: {'line': b'-- Up-to-date: /home/stepan/ws_ros2/install/px4_msgs/include/px4_msgs/px4_msgs/msg/detail/actuator_armed__functions.h\n'}
[6.032368] (px4_msgs) StdoutLine: {'line': b'-- Up-to-date: /home/stepan/ws_ros2/install/px4_msgs/include/px4_msgs/px4_msgs/msg/detail/trajectory_setpoint__functions.c\n'}
[6.032549] (px4_msgs) StdoutLine: {'line': b'-- Up-to-date: /home/stepan/ws_ros2/install/px4_msgs/include/px4_msgs/px4_msgs/msg/detail/unregister_ext_component__struct.h\n'}
[6.032725] (px4_msgs) StdoutLine: {'line': b'-- Up-to-date: /home/stepan/ws_ros2/install/px4_msgs/include/px4_msgs/px4_msgs/msg/detail/open_drone_id_self_id__functions.c\n'}
[6.032925] (px4_msgs) StdoutLine: {'line': b'-- Up-to-date: /home/stepan/ws_ros2/install/px4_msgs/include/px4_msgs/px4_msgs/msg/detail/vehicle_command__type_support.h\n'}
[6.033101] (px4_msgs) StdoutLine: {'line': b'-- Up-to-date: /home/stepan/ws_ros2/install/px4_msgs/include/px4_msgs/px4_msgs/msg/detail/battery_status__functions.h\n'}
[6.033278] (px4_msgs) StdoutLine: {'line': b'-- Up-to-date: /home/stepan/ws_ros2/install/px4_msgs/include/px4_msgs/px4_msgs/msg/detail/vehicle_rates_setpoint__functions.h\n'}
[6.033512] (px4_msgs) StdoutLine: {'line': b'-- Up-to-date: /home/stepan/ws_ros2/install/px4_msgs/include/px4_msgs/px4_msgs/msg/detail/sensors_status__struct.h\n'}
[6.033651] (px4_msgs) StdoutLine: {'line': b'-- Up-to-date: /home/stepan/ws_ros2/install/px4_msgs/include/px4_msgs/px4_msgs/msg/detail/goto_setpoint__struct.h\n'}
[6.034006] (px4_msgs) StdoutLine: {'line': b'-- Up-to-date: /home/stepan/ws_ros2/install/px4_msgs/include/px4_msgs/px4_msgs/msg/detail/position_setpoint__struct.h\n'}
[6.035166] (px4_msgs) StdoutLine: {'line': b'-- Up-to-date: /home/stepan/ws_ros2/install/px4_msgs/include/px4_msgs/px4_msgs/msg/detail/rover_rate_status__struct.h\n'}
[6.035359] (px4_msgs) StdoutLine: {'line': b'-- Up-to-date: /home/stepan/ws_ros2/install/px4_msgs/include/px4_msgs/px4_msgs/msg/detail/sensor_gnss_relative__functions.c\n'}
[6.035813] (px4_msgs) StdoutLine: {'line': b'-- Up-to-date: /home/stepan/ws_ros2/install/px4_msgs/include/px4_msgs/px4_msgs/msg/detail/led_control__struct.h\n'}
[6.036426] (px4_msgs) StdoutLine: {'line': b'-- Up-to-date: /home/stepan/ws_ros2/install/px4_msgs/include/px4_msgs/px4_msgs/msg/detail/cellular_status__functions.h\n'}
[6.037449] (px4_msgs) StdoutLine: {'line': b'-- Up-to-date: /home/stepan/ws_ros2/install/px4_msgs/include/px4_msgs/px4_msgs/msg/detail/uavcan_parameter_value__functions.c\n'}
[6.038395] (px4_msgs) StdoutLine: {'line': b'-- Up-to-date: /home/stepan/ws_ros2/install/px4_msgs/include/px4_msgs/px4_msgs/msg/detail/fuel_tank_status__functions.h\n'}
[6.040438] (-) TimerEvent: {}
[6.041392] (px4_msgs) StdoutLine: {'line': b'-- Up-to-date: /home/stepan/ws_ros2/install/px4_msgs/include/px4_msgs/px4_msgs/msg/detail/mission__functions.h\n'}
[6.042445] (px4_msgs) StdoutLine: {'line': b'-- Up-to-date: /home/stepan/ws_ros2/install/px4_msgs/include/px4_msgs/px4_msgs/msg/detail/magnetometer_bias_estimate__struct.h\n'}
[6.043221] (px4_msgs) StdoutLine: {'line': b'-- Up-to-date: /home/stepan/ws_ros2/install/px4_msgs/include/px4_msgs/px4_msgs/msg/detail/sensor_accel__struct.h\n'}
[6.043523] (px4_msgs) StdoutLine: {'line': b'-- Up-to-date: /home/stepan/ws_ros2/install/px4_msgs/include/px4_msgs/px4_msgs/msg/detail/position_controller_status__functions.h\n'}
[6.044140] (px4_msgs) StdoutLine: {'line': b'-- Up-to-date: /home/stepan/ws_ros2/install/px4_msgs/include/px4_msgs/px4_msgs/msg/detail/sensor_uwb__type_support.h\n'}
[6.045299] (px4_msgs) StdoutLine: {'line': b'-- Up-to-date: /home/stepan/ws_ros2/install/px4_msgs/include/px4_msgs/px4_msgs/msg/detail/goto_setpoint__functions.h\n'}
[6.045754] (px4_msgs) StdoutLine: {'line': b'-- Up-to-date: /home/stepan/ws_ros2/install/px4_msgs/include/px4_msgs/px4_msgs/msg/detail/gimbal_manager_set_manual_control__struct.h\n'}
[6.046100] (px4_msgs) StdoutLine: {'line': b'-- Up-to-date: /home/stepan/ws_ros2/install/px4_msgs/include/px4_msgs/px4_msgs/msg/detail/actuator_servos_trim__type_support.h\n'}
[6.046296] (px4_msgs) StdoutLine: {'line': b'-- Up-to-date: /home/stepan/ws_ros2/install/px4_msgs/include/px4_msgs/px4_msgs/msg/detail/sensor_mag__functions.c\n'}
[6.046451] (px4_msgs) StdoutLine: {'line': b'-- Up-to-date: /home/stepan/ws_ros2/install/px4_msgs/include/px4_msgs/px4_msgs/msg/detail/power_monitor__struct.h\n'}
[6.046570] (px4_msgs) StdoutLine: {'line': b'-- Up-to-date: /home/stepan/ws_ros2/install/px4_msgs/include/px4_msgs/px4_msgs/msg/detail/open_drone_id_arm_status__struct.h\n'}
[6.046700] (px4_msgs) StdoutLine: {'line': b'-- Up-to-date: /home/stepan/ws_ros2/install/px4_msgs/include/px4_msgs/px4_msgs/msg/detail/estimator_bias__struct.h\n'}
[6.046877] (px4_msgs) StdoutLine: {'line': b'-- Up-to-date: /home/stepan/ws_ros2/install/px4_msgs/include/px4_msgs/px4_msgs/msg/detail/landing_target_innovations__type_support.h\n'}
[6.047004] (px4_msgs) StdoutLine: {'line': b'-- Up-to-date: /home/stepan/ws_ros2/install/px4_msgs/include/px4_msgs/px4_msgs/msg/detail/yaw_estimator_status__functions.c\n'}
[6.047120] (px4_msgs) StdoutLine: {'line': b'-- Up-to-date: /home/stepan/ws_ros2/install/px4_msgs/include/px4_msgs/px4_msgs/msg/detail/gpio_config__struct.h\n'}
[6.047301] (px4_msgs) StdoutLine: {'line': b'-- Up-to-date: /home/stepan/ws_ros2/install/px4_msgs/include/px4_msgs/px4_msgs/msg/detail/vehicle_local_position__functions.c\n'}
[6.047448] (px4_msgs) StdoutLine: {'line': b'-- Up-to-date: /home/stepan/ws_ros2/install/px4_msgs/include/px4_msgs/px4_msgs/msg/detail/hover_thrust_estimate__type_support.h\n'}
[6.047594] (px4_msgs) StdoutLine: {'line': b'-- Up-to-date: /home/stepan/ws_ros2/install/px4_msgs/include/px4_msgs/px4_msgs/msg/detail/airspeed_wind__struct.h\n'}
[6.047690] (px4_msgs) StdoutLine: {'line': b'-- Up-to-date: /home/stepan/ws_ros2/install/px4_msgs/include/px4_msgs/px4_msgs/msg/detail/mag_worker_data__type_support.h\n'}
[6.048203] (px4_msgs) StdoutLine: {'line': b'-- Up-to-date: /home/stepan/ws_ros2/install/px4_msgs/include/px4_msgs/px4_msgs/msg/detail/cellular_status__functions.c\n'}
[6.048342] (px4_msgs) StdoutLine: {'line': b'-- Up-to-date: /home/stepan/ws_ros2/install/px4_msgs/include/px4_msgs/px4_msgs/msg/detail/actuator_test__functions.c\n'}
[6.048472] (px4_msgs) StdoutLine: {'line': b'-- Up-to-date: /home/stepan/ws_ros2/install/px4_msgs/include/px4_msgs/px4_msgs/msg/detail/sensor_selection__struct.h\n'}
[6.048570] (px4_msgs) StdoutLine: {'line': b'-- Up-to-date: /home/stepan/ws_ros2/install/px4_msgs/include/px4_msgs/px4_msgs/msg/detail/gimbal_manager_status__type_support.h\n'}
[6.048670] (px4_msgs) StdoutLine: {'line': b'-- Up-to-date: /home/stepan/ws_ros2/install/px4_msgs/include/px4_msgs/px4_msgs/msg/detail/esc_status__functions.h\n'}
[6.048849] (px4_msgs) StdoutLine: {'line': b'-- Up-to-date: /home/stepan/ws_ros2/install/px4_msgs/include/px4_msgs/px4_msgs/msg/detail/uavcan_parameter_request__struct.h\n'}
[6.048992] (px4_msgs) StdoutLine: {'line': b'-- Up-to-date: /home/stepan/ws_ros2/install/px4_msgs/include/px4_msgs/px4_msgs/msg/detail/mavlink_log__struct.h\n'}
[6.049146] (px4_msgs) StdoutLine: {'line': b'-- Up-to-date: /home/stepan/ws_ros2/install/px4_msgs/include/px4_msgs/px4_msgs/msg/detail/vehicle_control_mode__struct.h\n'}
[6.049256] (px4_msgs) StdoutLine: {'line': b'-- Up-to-date: /home/stepan/ws_ros2/install/px4_msgs/include/px4_msgs/px4_msgs/msg/detail/button_event__functions.h\n'}
[6.049403] (px4_msgs) StdoutLine: {'line': b'-- Up-to-date: /home/stepan/ws_ros2/install/px4_msgs/include/px4_msgs/px4_msgs/msg/detail/button_event__type_support.h\n'}
[6.049556] (px4_msgs) StdoutLine: {'line': b'-- Up-to-date: /home/stepan/ws_ros2/install/px4_msgs/include/px4_msgs/px4_msgs/msg/detail/rover_position_setpoint__type_support.h\n'}
[6.051339] (px4_msgs) StdoutLine: {'line': b'-- Up-to-date: /home/stepan/ws_ros2/install/px4_msgs/include/px4_msgs/px4_msgs/msg/detail/esc_status__struct.h\n'}
[6.052124] (px4_msgs) StdoutLine: {'line': b'-- Up-to-date: /home/stepan/ws_ros2/install/px4_msgs/include/px4_msgs/px4_msgs/msg/detail/vehicle_imu__struct.h\n'}
[6.053256] (px4_msgs) StdoutLine: {'line': b'-- Up-to-date: /home/stepan/ws_ros2/install/px4_msgs/include/px4_msgs/px4_msgs/msg/detail/onboard_computer_status__type_support.h\n'}
[6.053977] (px4_msgs) StdoutLine: {'line': b'-- Up-to-date: /home/stepan/ws_ros2/install/px4_msgs/include/px4_msgs/px4_msgs/msg/detail/parameter_set_value_request__type_support.h\n'}
[6.054632] (px4_msgs) StdoutLine: {'line': b'-- Up-to-date: /home/stepan/ws_ros2/install/px4_msgs/include/px4_msgs/px4_msgs/msg/detail/collision_constraints__struct.h\n'}
[6.055122] (px4_msgs) StdoutLine: {'line': b'-- Up-to-date: /home/stepan/ws_ros2/install/px4_msgs/include/px4_msgs/px4_msgs/msg/detail/estimator_states__struct.h\n'}
[6.055668] (px4_msgs) StdoutLine: {'line': b'-- Up-to-date: /home/stepan/ws_ros2/install/px4_msgs/include/px4_msgs/px4_msgs/msg/detail/wheel_encoders__struct.h\n'}
[6.056459] (px4_msgs) StdoutLine: {'line': b'-- Up-to-date: /home/stepan/ws_ros2/install/px4_msgs/include/px4_msgs/px4_msgs/msg/detail/estimator_aid_source2d__struct.h\n'}
[6.057073] (px4_msgs) StdoutLine: {'line': b'-- Up-to-date: /home/stepan/ws_ros2/install/px4_msgs/include/px4_msgs/px4_msgs/msg/detail/differential_pressure__functions.h\n'}
[6.057416] (px4_msgs) StdoutLine: {'line': b'-- Up-to-date: /home/stepan/ws_ros2/install/px4_msgs/include/px4_msgs/px4_msgs/msg/detail/gimbal_manager_set_attitude__type_support.h\n'}
[6.058221] (px4_msgs) StdoutLine: {'line': b'-- Up-to-date: /home/stepan/ws_ros2/install/px4_msgs/include/px4_msgs/px4_msgs/msg/detail/gimbal_controls__functions.h\n'}
[6.058993] (px4_msgs) StdoutLine: {'line': b'-- Up-to-date: /home/stepan/ws_ros2/install/px4_msgs/include/px4_msgs/px4_msgs/msg/detail/logger_status__functions.h\n'}
[6.060162] (px4_msgs) StdoutLine: {'line': b'-- Up-to-date: /home/stepan/ws_ros2/install/px4_msgs/include/px4_msgs/px4_msgs/msg/detail/gimbal_manager_information__type_support.h\n'}
[6.060427] (px4_msgs) StdoutLine: {'line': b'-- Up-to-date: /home/stepan/ws_ros2/install/px4_msgs/include/px4_msgs/px4_msgs/msg/detail/mavlink_tunnel__functions.c\n'}
[6.060601] (px4_msgs) StdoutLine: {'line': b'-- Up-to-date: /home/stepan/ws_ros2/install/px4_msgs/include/px4_msgs/px4_msgs/msg/detail/wind__functions.h\n'}
[6.061068] (px4_msgs) StdoutLine: {'line': b'-- Up-to-date: /home/stepan/ws_ros2/install/px4_msgs/include/px4_msgs/px4_msgs/msg/detail/failsafe_flags__functions.c\n'}
[6.061276] (px4_msgs) StdoutLine: {'line': b'-- Up-to-date: /home/stepan/ws_ros2/install/px4_msgs/include/px4_msgs/px4_msgs/msg/detail/gimbal_device_set_attitude__struct.h\n'}
[6.061461] (px4_msgs) StdoutLine: {'line': b'-- Up-to-date: /home/stepan/ws_ros2/install/px4_msgs/include/px4_msgs/px4_msgs/msg/detail/message_format_response__struct.h\n'}
[6.061622] (px4_msgs) StdoutLine: {'line': b'-- Up-to-date: /home/stepan/ws_ros2/install/px4_msgs/include/px4_msgs/px4_msgs/msg/detail/radio_status__functions.c\n'}
[6.061795] (px4_msgs) StdoutLine: {'line': b'-- Up-to-date: /home/stepan/ws_ros2/install/px4_msgs/include/px4_msgs/px4_msgs/msg/detail/landing_target_innovations__functions.c\n'}
[6.061960] (px4_msgs) StdoutLine: {'line': b'-- Up-to-date: /home/stepan/ws_ros2/install/px4_msgs/include/px4_msgs/px4_msgs/msg/detail/ekf2_timestamps__functions.h\n'}
[6.062105] (px4_msgs) StdoutLine: {'line': b'-- Up-to-date: /home/stepan/ws_ros2/install/px4_msgs/include/px4_msgs/px4_msgs/msg/detail/parameter_update__functions.c\n'}
[6.062265] (px4_msgs) StdoutLine: {'line': b'-- Up-to-date: /home/stepan/ws_ros2/install/px4_msgs/include/px4_msgs/px4_msgs/msg/detail/message_format_request__functions.h\n'}
[6.062431] (px4_msgs) StdoutLine: {'line': b'-- Up-to-date: /home/stepan/ws_ros2/install/px4_msgs/include/px4_msgs/px4_msgs/msg/detail/trajectory_setpoint__struct.h\n'}
[6.062587] (px4_msgs) StdoutLine: {'line': b'-- Up-to-date: /home/stepan/ws_ros2/install/px4_msgs/include/px4_msgs/px4_msgs/msg/detail/rover_attitude_setpoint__type_support.h\n'}
[6.062782] (px4_msgs) StdoutLine: {'line': b'-- Up-to-date: /home/stepan/ws_ros2/install/px4_msgs/include/px4_msgs/px4_msgs/msg/detail/dataman_response__type_support.h\n'}
[6.063705] (px4_msgs) StdoutLine: {'line': b'-- Up-to-date: /home/stepan/ws_ros2/install/px4_msgs/include/px4_msgs/px4_msgs/msg/detail/debug_key_value__functions.h\n'}
[6.064009] (px4_msgs) StdoutLine: {'line': b'-- Up-to-date: /home/stepan/ws_ros2/install/px4_msgs/include/px4_msgs/px4_msgs/msg/detail/qshell_req__functions.h\n'}
[6.064147] (px4_msgs) StdoutLine: {'line': b'-- Up-to-date: /home/stepan/ws_ros2/install/px4_msgs/include/px4_msgs/px4_msgs/msg/detail/follow_target_status__type_support.h\n'}
[6.064313] (px4_msgs) StdoutLine: {'line': b'-- Up-to-date: /home/stepan/ws_ros2/install/px4_msgs/include/px4_msgs/px4_msgs/msg/detail/collision_constraints__functions.h\n'}
[6.064474] (px4_msgs) StdoutLine: {'line': b'-- Up-to-date: /home/stepan/ws_ros2/install/px4_msgs/include/px4_msgs/px4_msgs/msg/detail/esc_report__struct.h\n'}
[6.064627] (px4_msgs) StdoutLine: {'line': b'-- Up-to-date: /home/stepan/ws_ros2/install/px4_msgs/include/px4_msgs/px4_msgs/msg/detail/position_controller_status__struct.h\n'}
[6.064948] (px4_msgs) StdoutLine: {'line': b'-- Up-to-date: /home/stepan/ws_ros2/install/px4_msgs/include/px4_msgs/px4_msgs/msg/detail/vehicle_control_mode__type_support.h\n'}
[6.065150] (px4_msgs) StdoutLine: {'line': b'-- Up-to-date: /home/stepan/ws_ros2/install/px4_msgs/include/px4_msgs/px4_msgs/msg/detail/offboard_control_mode__functions.c\n'}
[6.065326] (px4_msgs) StdoutLine: {'line': b'-- Up-to-date: /home/stepan/ws_ros2/install/px4_msgs/include/px4_msgs/px4_msgs/msg/detail/tiltrotor_extra_controls__struct.h\n'}
[6.065586] (px4_msgs) StdoutLine: {'line': b'-- Up-to-date: /home/stepan/ws_ros2/install/px4_msgs/include/px4_msgs/px4_msgs/msg/detail/position_setpoint_triplet__type_support.h\n'}
[6.065744] (px4_msgs) StdoutLine: {'line': b'-- Up-to-date: /home/stepan/ws_ros2/install/px4_msgs/include/px4_msgs/px4_msgs/msg/detail/gimbal_device_attitude_status__struct.h\n'}
[6.065895] (px4_msgs) StdoutLine: {'line': b'-- Up-to-date: /home/stepan/ws_ros2/install/px4_msgs/include/px4_msgs/px4_msgs/msg/detail/gimbal_device_set_attitude__functions.c\n'}
[6.066000] (px4_msgs) StdoutLine: {'line': b'-- Up-to-date: /home/stepan/ws_ros2/install/px4_msgs/include/px4_msgs/px4_msgs/msg/detail/airspeed_wind__type_support.h\n'}
[6.066129] (px4_msgs) StdoutLine: {'line': b'-- Up-to-date: /home/stepan/ws_ros2/install/px4_msgs/include/px4_msgs/px4_msgs/msg/detail/ulog_stream_ack__functions.h\n'}
[6.068541] (px4_msgs) StdoutLine: {'line': b'-- Up-to-date: /home/stepan/ws_ros2/install/px4_msgs/include/px4_msgs/px4_msgs/msg/detail/sensor_uwb__struct.h\n'}
[6.069919] (px4_msgs) StdoutLine: {'line': b'-- Up-to-date: /home/stepan/ws_ros2/install/px4_msgs/include/px4_msgs/px4_msgs/msg/detail/power_monitor__type_support.h\n'}
[6.070706] (px4_msgs) StdoutLine: {'line': b'-- Up-to-date: /home/stepan/ws_ros2/install/px4_msgs/include/px4_msgs/px4_msgs/msg/detail/estimator_selector_status__type_support.h\n'}
[6.071490] (px4_msgs) StdoutLine: {'line': b'-- Up-to-date: /home/stepan/ws_ros2/install/px4_msgs/include/px4_msgs/px4_msgs/msg/detail/vehicle_constraints__type_support.h\n'}
[6.072173] (px4_msgs) StdoutLine: {'line': b'-- Up-to-date: /home/stepan/ws_ros2/install/px4_msgs/include/px4_msgs/px4_msgs/msg/detail/airspeed__functions.h\n'}
[6.072885] (px4_msgs) StdoutLine: {'line': b'-- Up-to-date: /home/stepan/ws_ros2/install/px4_msgs/include/px4_msgs/px4_msgs/msg/detail/normalized_unsigned_setpoint__struct.h\n'}
[6.073482] (px4_msgs) StdoutLine: {'line': b'-- Up-to-date: /home/stepan/ws_ros2/install/px4_msgs/include/px4_msgs/px4_msgs/msg/detail/rover_attitude_status__type_support.h\n'}
[6.073750] (px4_msgs) StdoutLine: {'line': b'-- Up-to-date: /home/stepan/ws_ros2/install/px4_msgs/include/px4_msgs/px4_msgs/msg/detail/irlock_report__struct.h\n'}
[6.074273] (px4_msgs) StdoutLine: {'line': b'-- Up-to-date: /home/stepan/ws_ros2/install/px4_msgs/include/px4_msgs/px4_msgs/msg/detail/rover_velocity_status__struct.h\n'}
[6.074797] (px4_msgs) StdoutLine: {'line': b'-- Up-to-date: /home/stepan/ws_ros2/install/px4_msgs/include/px4_msgs/px4_msgs/msg/detail/mission_result__functions.h\n'}
[6.076324] (px4_msgs) StdoutLine: {'line': b'-- Up-to-date: /home/stepan/ws_ros2/install/px4_msgs/include/px4_msgs/px4_msgs/msg/detail/flight_phase_estimation__type_support.h\n'}
[6.076764] (px4_msgs) StdoutLine: {'line': b'-- Up-to-date: /home/stepan/ws_ros2/install/px4_msgs/include/px4_msgs/px4_msgs/msg/detail/estimator_bias3d__functions.h\n'}
[6.077567] (px4_msgs) StdoutLine: {'line': b'-- Up-to-date: /home/stepan/ws_ros2/install/px4_msgs/include/px4_msgs/px4_msgs/msg/detail/sensor_gnss_relative__struct.h\n'}
[6.077840] (px4_msgs) StdoutLine: {'line': b'-- Up-to-date: /home/stepan/ws_ros2/install/px4_msgs/include/px4_msgs/px4_msgs/msg/detail/adc_report__struct.h\n'}
[6.078048] (px4_msgs) StdoutLine: {'line': b'-- Up-to-date: /home/stepan/ws_ros2/install/px4_msgs/include/px4_msgs/px4_msgs/msg/detail/debug_key_value__functions.c\n'}
[6.078253] (px4_msgs) StdoutLine: {'line': b'-- Up-to-date: /home/stepan/ws_ros2/install/px4_msgs/include/px4_msgs/px4_msgs/msg/detail/px4io_status__functions.c\n'}
[6.078437] (px4_msgs) StdoutLine: {'line': b'-- Up-to-date: /home/stepan/ws_ros2/install/px4_msgs/include/px4_msgs/px4_msgs/msg/detail/estimator_event_flags__functions.c\n'}
[6.078815] (px4_msgs) StdoutLine: {'line': b'-- Up-to-date: /home/stepan/ws_ros2/install/px4_msgs/include/px4_msgs/px4_msgs/msg/detail/mag_worker_data__functions.c\n'}
[6.079036] (px4_msgs) StdoutLine: {'line': b'-- Up-to-date: /home/stepan/ws_ros2/install/px4_msgs/include/px4_msgs/px4_msgs/msg/detail/estimator_innovations__functions.h\n'}
[6.079231] (px4_msgs) StdoutLine: {'line': b'-- Up-to-date: /home/stepan/ws_ros2/install/px4_msgs/include/px4_msgs/px4_msgs/msg/detail/vehicle_acceleration__functions.h\n'}
[6.079410] (px4_msgs) StdoutLine: {'line': b'-- Up-to-date: /home/stepan/ws_ros2/install/px4_msgs/include/px4_msgs/px4_msgs/msg/detail/dataman_response__functions.c\n'}
[6.079593] (px4_msgs) StdoutLine: {'line': b'-- Up-to-date: /home/stepan/ws_ros2/install/px4_msgs/include/px4_msgs/px4_msgs/msg/detail/transponder_report__type_support.h\n'}
[6.080245] (px4_msgs) StdoutLine: {'line': b'-- Up-to-date: /home/stepan/ws_ros2/install/px4_msgs/include/px4_msgs/px4_msgs/msg/detail/hover_thrust_estimate__functions.h\n'}
[6.080461] (px4_msgs) StdoutLine: {'line': b'-- Up-to-date: /home/stepan/ws_ros2/install/px4_msgs/include/px4_msgs/px4_msgs/msg/detail/vehicle_global_position__struct.h\n'}
[6.080652] (px4_msgs) StdoutLine: {'line': b'-- Up-to-date: /home/stepan/ws_ros2/install/px4_msgs/include/px4_msgs/px4_msgs/msg/detail/gimbal_controls__struct.h\n'}
[6.080858] (px4_msgs) StdoutLine: {'line': b'-- Up-to-date: /home/stepan/ws_ros2/install/px4_msgs/include/px4_msgs/px4_msgs/msg/detail/estimator_states__type_support.h\n'}
[6.081310] (px4_msgs) StdoutLine: {'line': b'-- Up-to-date: /home/stepan/ws_ros2/install/px4_msgs/include/px4_msgs/px4_msgs/msg/detail/logger_status__functions.c\n'}
[6.081545] (px4_msgs) StdoutLine: {'line': b'-- Up-to-date: /home/stepan/ws_ros2/install/px4_msgs/include/px4_msgs/px4_msgs/msg/detail/actuator_motors__functions.c\n'}
[6.081732] (px4_msgs) StdoutLine: {'line': b'-- Up-to-date: /home/stepan/ws_ros2/install/px4_msgs/include/px4_msgs/px4_msgs/msg/detail/vehicle_thrust_setpoint__functions.h\n'}
[6.081918] (px4_msgs) StdoutLine: {'line': b'-- Up-to-date: /home/stepan/ws_ros2/install/px4_msgs/include/px4_msgs/px4_msgs/msg/detail/airspeed_wind__functions.c\n'}
[6.082094] (px4_msgs) StdoutLine: {'line': b'-- Up-to-date: /home/stepan/ws_ros2/install/px4_msgs/include/px4_msgs/px4_msgs/msg/detail/vehicle_attitude_setpoint__functions.c\n'}
[6.082266] (px4_msgs) StdoutLine: {'line': b'-- Up-to-date: /home/stepan/ws_ros2/install/px4_msgs/include/px4_msgs/px4_msgs/msg/detail/arming_check_reply__struct.h\n'}
[6.082436] (px4_msgs) StdoutLine: {'line': b'-- Up-to-date: /home/stepan/ws_ros2/install/px4_msgs/include/px4_msgs/px4_msgs/msg/detail/parameter_set_value_request__functions.h\n'}
[6.082618] (px4_msgs) StdoutLine: {'line': b'-- Up-to-date: /home/stepan/ws_ros2/install/px4_msgs/include/px4_msgs/px4_msgs/msg/detail/vehicle_angular_acceleration_setpoint__struct.h\n'}
[6.082938] (px4_msgs) StdoutLine: {'line': b'-- Up-to-date: /home/stepan/ws_ros2/install/px4_msgs/include/px4_msgs/px4_msgs/msg/detail/vehicle_roi__functions.c\n'}
[6.083321] (px4_msgs) StdoutLine: {'line': b'-- Up-to-date: /home/stepan/ws_ros2/install/px4_msgs/include/px4_msgs/px4_msgs/msg/detail/rc_parameter_map__type_support.h\n'}
[6.084902] (px4_msgs) StdoutLine: {'line': b'-- Up-to-date: /home/stepan/ws_ros2/install/px4_msgs/include/px4_msgs/px4_msgs/msg/detail/mavlink_log__functions.h\n'}
[6.085914] (px4_msgs) StdoutLine: {'line': b'-- Up-to-date: /home/stepan/ws_ros2/install/px4_msgs/include/px4_msgs/px4_msgs/msg/detail/vehicle_optical_flow__struct.h\n'}
[6.086843] (px4_msgs) StdoutLine: {'line': b'-- Up-to-date: /home/stepan/ws_ros2/install/px4_msgs/include/px4_msgs/px4_msgs/msg/detail/distance_sensor__functions.c\n'}
[6.087268] (px4_msgs) StdoutLine: {'line': b'-- Up-to-date: /home/stepan/ws_ros2/install/px4_msgs/include/px4_msgs/px4_msgs/msg/detail/rc_channels__functions.h\n'}
[6.087556] (px4_msgs) StdoutLine: {'line': b'-- Up-to-date: /home/stepan/ws_ros2/install/px4_msgs/include/px4_msgs/px4_msgs/msg/detail/arming_check_reply__functions.h\n'}
[6.088232] (px4_msgs) StdoutLine: {'line': b'-- Up-to-date: /home/stepan/ws_ros2/install/px4_msgs/include/px4_msgs/px4_msgs/msg/detail/dataman_request__functions.c\n'}
[6.088685] (px4_msgs) StdoutLine: {'line': b'-- Up-to-date: /home/stepan/ws_ros2/install/px4_msgs/include/px4_msgs/px4_msgs/msg/detail/unregister_ext_component__functions.c\n'}
[6.089097] (px4_msgs) StdoutLine: {'line': b'-- Up-to-date: /home/stepan/ws_ros2/install/px4_msgs/include/px4_msgs/px4_msgs/msg/detail/parameter_update__functions.h\n'}
[6.089336] (px4_msgs) StdoutLine: {'line': b'-- Up-to-date: /home/stepan/ws_ros2/install/px4_msgs/include/px4_msgs/px4_msgs/msg/detail/estimator_sensor_bias__type_support.h\n'}
[6.089653] (px4_msgs) StdoutLine: {'line': b'-- Up-to-date: /home/stepan/ws_ros2/install/px4_msgs/include/px4_msgs/px4_msgs/msg/detail/sensor_gyro__type_support.h\n'}
[6.089892] (px4_msgs) StdoutLine: {'line': b'-- Up-to-date: /home/stepan/ws_ros2/install/px4_msgs/include/px4_msgs/px4_msgs/msg/detail/px4io_status__functions.h\n'}
[6.090536] (px4_msgs) StdoutLine: {'line': b'-- Up-to-date: /home/stepan/ws_ros2/install/px4_msgs/include/px4_msgs/px4_msgs/msg/detail/event__struct.h\n'}
[6.091532] (px4_msgs) StdoutLine: {'line': b'-- Up-to-date: /home/stepan/ws_ros2/install/px4_msgs/include/px4_msgs/px4_msgs/msg/detail/rover_velocity_status__functions.h\n'}
[6.092323] (px4_msgs) StdoutLine: {'line': b'-- Up-to-date: /home/stepan/ws_ros2/install/px4_msgs/include/px4_msgs/px4_msgs/msg/detail/ulog_stream_ack__struct.h\n'}
[6.092624] (px4_msgs) StdoutLine: {'line': b'-- Up-to-date: /home/stepan/ws_ros2/install/px4_msgs/include/px4_msgs/px4_msgs/msg/detail/action_request__type_support.h\n'}
[6.092890] (px4_msgs) StdoutLine: {'line': b'-- Up-to-date: /home/stepan/ws_ros2/install/px4_msgs/include/px4_msgs/px4_msgs/msg/detail/vehicle_command__functions.c\n'}
[6.093086] (px4_msgs) StdoutLine: {'line': b'-- Up-to-date: /home/stepan/ws_ros2/install/px4_msgs/include/px4_msgs/px4_msgs/msg/detail/vtol_vehicle_status__functions.c\n'}
[6.093265] (px4_msgs) StdoutLine: {'line': b'-- Up-to-date: /home/stepan/ws_ros2/install/px4_msgs/include/px4_msgs/px4_msgs/msg/detail/vehicle_rates_setpoint__struct.h\n'}
[6.093462] (px4_msgs) StdoutLine: {'line': b'-- Up-to-date: /home/stepan/ws_ros2/install/px4_msgs/include/px4_msgs/px4_msgs/msg/detail/vehicle_acceleration__functions.c\n'}
[6.093648] (px4_msgs) StdoutLine: {'line': b'-- Up-to-date: /home/stepan/ws_ros2/install/px4_msgs/include/px4_msgs/px4_msgs/msg/detail/sensors_status_imu__struct.h\n'}
[6.093954] (px4_msgs) StdoutLine: {'line': b'-- Up-to-date: /home/stepan/ws_ros2/install/px4_msgs/include/px4_msgs/px4_msgs/msg/detail/autotune_attitude_control_status__type_support.h\n'}
[6.094143] (px4_msgs) StdoutLine: {'line': b'-- Up-to-date: /home/stepan/ws_ros2/install/px4_msgs/include/px4_msgs/px4_msgs/msg/detail/flight_phase_estimation__struct.h\n'}
[6.094413] (px4_msgs) StdoutLine: {'line': b'-- Up-to-date: /home/stepan/ws_ros2/install/px4_msgs/include/px4_msgs/px4_msgs/msg/detail/adc_report__functions.c\n'}
[6.094598] (px4_msgs) StdoutLine: {'line': b'-- Up-to-date: /home/stepan/ws_ros2/install/px4_msgs/include/px4_msgs/px4_msgs/msg/detail/uavcan_parameter_value__struct.h\n'}
[6.095019] (px4_msgs) StdoutLine: {'line': b'-- Up-to-date: /home/stepan/ws_ros2/install/px4_msgs/include/px4_msgs/px4_msgs/msg/detail/sensor_gyro_fft__type_support.h\n'}
[6.096033] (px4_msgs) StdoutLine: {'line': b'-- Up-to-date: /home/stepan/ws_ros2/install/px4_msgs/include/px4_msgs/px4_msgs/msg/detail/sensor_preflight_mag__functions.h\n'}
[6.096248] (px4_msgs) StdoutLine: {'line': b'-- Up-to-date: /home/stepan/ws_ros2/install/px4_msgs/include/px4_msgs/px4_msgs/msg/detail/gpio_request__functions.c\n'}
[6.096441] (px4_msgs) StdoutLine: {'line': b'-- Up-to-date: /home/stepan/ws_ros2/install/px4_msgs/include/px4_msgs/px4_msgs/msg/detail/power_button_state__struct.h\n'}
[6.096624] (px4_msgs) StdoutLine: {'line': b'-- Up-to-date: /home/stepan/ws_ros2/install/px4_msgs/include/px4_msgs/px4_msgs/msg/detail/ackermann_velocity_setpoint__functions.h\n'}
[6.096917] (px4_msgs) StdoutLine: {'line': b'-- Up-to-date: /home/stepan/ws_ros2/install/px4_msgs/include/px4_msgs/px4_msgs/msg/detail/rate_ctrl_status__functions.h\n'}
[6.097324] (px4_msgs) StdoutLine: {'line': b'-- Up-to-date: /home/stepan/ws_ros2/install/px4_msgs/include/px4_msgs/px4_msgs/msg/detail/button_event__functions.c\n'}
[6.097512] (px4_msgs) StdoutLine: {'line': b'-- Up-to-date: /home/stepan/ws_ros2/install/px4_msgs/include/px4_msgs/px4_msgs/msg/detail/esc_report__functions.c\n'}
[6.097625] (px4_msgs) StdoutLine: {'line': b'-- Up-to-date: /home/stepan/ws_ros2/install/px4_msgs/include/px4_msgs/px4_msgs/msg/detail/differential_pressure__struct.h\n'}
[6.097802] (px4_msgs) StdoutLine: {'line': b'-- Up-to-date: /home/stepan/ws_ros2/install/px4_msgs/include/px4_msgs/px4_msgs/msg/detail/geofence_result__type_support.h\n'}
[6.097955] (px4_msgs) StdoutLine: {'line': b'-- Up-to-date: /home/stepan/ws_ros2/install/px4_msgs/include/px4_msgs/px4_msgs/msg/detail/parameter_set_value_response__struct.h\n'}
[6.098101] (px4_msgs) StdoutLine: {'line': b'-- Up-to-date: /home/stepan/ws_ros2/install/px4_msgs/include/px4_msgs/px4_msgs/msg/detail/debug_value__struct.h\n'}
[6.098229] (px4_msgs) StdoutLine: {'line': b'-- Up-to-date: /home/stepan/ws_ros2/install/px4_msgs/include/px4_msgs/px4_msgs/msg/detail/event__functions.c\n'}
[6.098374] (px4_msgs) StdoutLine: {'line': b'-- Up-to-date: /home/stepan/ws_ros2/install/px4_msgs/include/px4_msgs/px4_msgs/msg/detail/sensor_gps__type_support.h\n'}
[6.098523] (px4_msgs) StdoutLine: {'line': b'-- Up-to-date: /home/stepan/ws_ros2/install/px4_msgs/include/px4_msgs/px4_msgs/msg/detail/esc_status__functions.c\n'}
[6.098689] (px4_msgs) StdoutLine: {'line': b'-- Up-to-date: /home/stepan/ws_ros2/install/px4_msgs/include/px4_msgs/px4_msgs/msg/detail/sensor_selection__type_support.h\n'}
[6.098887] (px4_msgs) StdoutLine: {'line': b'-- Up-to-date: /home/stepan/ws_ros2/install/px4_msgs/include/px4_msgs/px4_msgs/msg/detail/radio_status__functions.h\n'}
[6.099068] (px4_msgs) StdoutLine: {'line': b'-- Up-to-date: /home/stepan/ws_ros2/install/px4_msgs/include/px4_msgs/px4_msgs/msg/detail/cpuload__functions.c\n'}
[6.099353] (px4_msgs) StdoutLine: {'line': b'-- Up-to-date: /home/stepan/ws_ros2/install/px4_msgs/include/px4_msgs/px4_msgs/msg/detail/actuator_armed__functions.c\n'}
[6.099558] (px4_msgs) StdoutLine: {'line': b'-- Up-to-date: /home/stepan/ws_ros2/install/px4_msgs/include/px4_msgs/px4_msgs/msg/detail/gimbal_device_information__functions.h\n'}
[6.099842] (px4_msgs) StdoutLine: {'line': b'-- Up-to-date: /home/stepan/ws_ros2/install/px4_msgs/include/px4_msgs/px4_msgs/msg/detail/rpm__functions.h\n'}
[6.100024] (px4_msgs) StdoutLine: {'line': b'-- Up-to-date: /home/stepan/ws_ros2/install/px4_msgs/include/px4_msgs/px4_msgs/msg/detail/launch_detection_status__struct.h\n'}
[6.100158] (px4_msgs) StdoutLine: {'line': b'-- Up-to-date: /home/stepan/ws_ros2/install/px4_msgs/include/px4_msgs/px4_msgs/msg/detail/qshell_retval__functions.c\n'}
[6.100288] (px4_msgs) StdoutLine: {'line': b'-- Up-to-date: /home/stepan/ws_ros2/install/px4_msgs/include/px4_msgs/px4_msgs/msg/detail/distance_sensor__type_support.h\n'}
[6.100430] (px4_msgs) StdoutLine: {'line': b'-- Up-to-date: /home/stepan/ws_ros2/install/px4_msgs/include/px4_msgs/px4_msgs/msg/detail/sensor_accel_fifo__type_support.h\n'}
[6.100553] (px4_msgs) StdoutLine: {'line': b'-- Up-to-date: /home/stepan/ws_ros2/install/px4_msgs/include/px4_msgs/px4_msgs/msg/detail/battery_status__functions.c\n'}
[6.100687] (px4_msgs) StdoutLine: {'line': b'-- Up-to-date: /home/stepan/ws_ros2/install/px4_msgs/include/px4_msgs/px4_msgs/msg/detail/adc_report__type_support.h\n'}
[6.101057] (px4_msgs) StdoutLine: {'line': b'-- Up-to-date: /home/stepan/ws_ros2/install/px4_msgs/include/px4_msgs/px4_msgs/msg/detail/rtl_status__functions.h\n'}
[6.105967] (px4_msgs) StdoutLine: {'line': b'-- Up-to-date: /home/stepan/ws_ros2/install/px4_msgs/include/px4_msgs/px4_msgs/msg/detail/rover_rate_setpoint__functions.h\n'}
[6.106546] (px4_msgs) StdoutLine: {'line': b'-- Up-to-date: /home/stepan/ws_ros2/install/px4_msgs/include/px4_msgs/px4_msgs/msg/detail/vehicle_odometry__functions.h\n'}
[6.107238] (px4_msgs) StdoutLine: {'line': b'-- Up-to-date: /home/stepan/ws_ros2/install/px4_msgs/include/px4_msgs/px4_msgs/msg/detail/sensors_status__functions.c\n'}
[6.107453] (px4_msgs) StdoutLine: {'line': b'-- Up-to-date: /home/stepan/ws_ros2/install/px4_msgs/include/px4_msgs/px4_msgs/msg/detail/position_controller_landing_status__struct.h\n'}
[6.107965] (px4_msgs) StdoutLine: {'line': b'-- Up-to-date: /home/stepan/ws_ros2/install/px4_msgs/include/px4_msgs/px4_msgs/msg/detail/rover_attitude_status__functions.c\n'}
[6.109027] (px4_msgs) StdoutLine: {'line': b'-- Up-to-date: /home/stepan/ws_ros2/install/px4_msgs/include/px4_msgs/px4_msgs/msg/detail/estimator_event_flags__functions.h\n'}
[6.109371] (px4_msgs) StdoutLine: {'line': b'-- Up-to-date: /home/stepan/ws_ros2/install/px4_msgs/include/px4_msgs/px4_msgs/msg/detail/rtl_time_estimate__type_support.h\n'}
[6.109917] (px4_msgs) StdoutLine: {'line': b'-- Up-to-date: /home/stepan/ws_ros2/install/px4_msgs/include/px4_msgs/px4_msgs/msg/detail/camera_trigger__functions.h\n'}
[6.111764] (px4_msgs) StdoutLine: {'line': b'-- Up-to-date: /home/stepan/ws_ros2/install/px4_msgs/include/px4_msgs/px4_msgs/msg/detail/open_drone_id_system__type_support.h\n'}
[6.112210] (px4_msgs) StdoutLine: {'line': b'-- Up-to-date: /home/stepan/ws_ros2/install/px4_msgs/include/px4_msgs/px4_msgs/msg/detail/rover_throttle_setpoint__type_support.h\n'}
[6.112825] (px4_msgs) StdoutLine: {'line': b'-- Up-to-date: /home/stepan/ws_ros2/install/px4_msgs/include/px4_msgs/px4_msgs/msg/detail/vehicle_control_mode__functions.h\n'}
[6.113259] (px4_msgs) StdoutLine: {'line': b'-- Up-to-date: /home/stepan/ws_ros2/install/px4_msgs/include/px4_msgs/px4_msgs/msg/detail/message_format_request__functions.c\n'}
[6.113392] (px4_msgs) StdoutLine: {'line': b'-- Up-to-date: /home/stepan/ws_ros2/install/px4_msgs/include/px4_msgs/px4_msgs/msg/detail/event__functions.h\n'}
[6.113506] (px4_msgs) StdoutLine: {'line': b'-- Up-to-date: /home/stepan/ws_ros2/install/px4_msgs/include/px4_msgs/px4_msgs/msg/detail/sensor_mag__type_support.h\n'}
[6.113626] (px4_msgs) StdoutLine: {'line': b'-- Up-to-date: /home/stepan/ws_ros2/install/px4_msgs/include/px4_msgs/px4_msgs/msg/detail/mission__type_support.h\n'}
[6.113756] (px4_msgs) StdoutLine: {'line': b'-- Up-to-date: /home/stepan/ws_ros2/install/px4_msgs/include/px4_msgs/px4_msgs/msg/detail/actuator_controls_status__functions.c\n'}
[6.113900] (px4_msgs) StdoutLine: {'line': b'-- Up-to-date: /home/stepan/ws_ros2/install/px4_msgs/include/px4_msgs/px4_msgs/msg/detail/register_ext_component_reply__functions.h\n'}
[6.114024] (px4_msgs) StdoutLine: {'line': b'-- Up-to-date: /home/stepan/ws_ros2/install/px4_msgs/include/px4_msgs/px4_msgs/msg/detail/vehicle_air_data__type_support.h\n'}
[6.114218] (px4_msgs) StdoutLine: {'line': b'-- Up-to-date: /home/stepan/ws_ros2/install/px4_msgs/include/px4_msgs/px4_msgs/msg/detail/manual_control_setpoint__type_support.h\n'}
[6.114389] (px4_msgs) StdoutLine: {'line': b'-- Up-to-date: /home/stepan/ws_ros2/install/px4_msgs/include/px4_msgs/px4_msgs/msg/detail/orb_test_large__type_support.h\n'}
[6.114678] (px4_msgs) StdoutLine: {'line': b'-- Up-to-date: /home/stepan/ws_ros2/install/px4_msgs/include/px4_msgs/px4_msgs/msg/detail/home_position__type_support.h\n'}
[6.114870] (px4_msgs) StdoutLine: {'line': b'-- Up-to-date: /home/stepan/ws_ros2/install/px4_msgs/include/px4_msgs/px4_msgs/msg/detail/mission__struct.h\n'}
[6.115091] (px4_msgs) StdoutLine: {'line': b'-- Up-to-date: /home/stepan/ws_ros2/install/px4_msgs/include/px4_msgs/px4_msgs/msg/detail/estimator_sensor_bias__functions.c\n'}
[6.115256] (px4_msgs) StdoutLine: {'line': b'-- Up-to-date: /home/stepan/ws_ros2/install/px4_msgs/include/px4_msgs/px4_msgs/msg/detail/vehicle_local_position__functions.h\n'}
[6.115391] (px4_msgs) StdoutLine: {'line': b'-- Up-to-date: /home/stepan/ws_ros2/install/px4_msgs/include/px4_msgs/px4_msgs/msg/detail/power_monitor__functions.c\n'}
[6.115512] (px4_msgs) StdoutLine: {'line': b'-- Up-to-date: /home/stepan/ws_ros2/install/px4_msgs/include/px4_msgs/px4_msgs/msg/detail/estimator_bias3d__struct.h\n'}
[6.115680] (px4_msgs) StdoutLine: {'line': b'-- Up-to-date: /home/stepan/ws_ros2/install/px4_msgs/include/px4_msgs/px4_msgs/msg/detail/airspeed_validated__functions.h\n'}
[6.115885] (px4_msgs) StdoutLine: {'line': b'-- Up-to-date: /home/stepan/ws_ros2/install/px4_msgs/include/px4_msgs/px4_msgs/msg/detail/can_interface_status__functions.h\n'}
[6.116060] (px4_msgs) StdoutLine: {'line': b'-- Up-to-date: /home/stepan/ws_ros2/install/px4_msgs/include/px4_msgs/px4_msgs/msg/detail/trajectory_setpoint__functions.h\n'}
[6.116230] (px4_msgs) StdoutLine: {'line': b'-- Up-to-date: /home/stepan/ws_ros2/install/px4_msgs/include/px4_msgs/px4_msgs/msg/detail/gimbal_device_attitude_status__type_support.h\n'}
[6.116612] (px4_msgs) StdoutLine: {'line': b'-- Up-to-date: /home/stepan/ws_ros2/install/px4_msgs/include/px4_msgs/px4_msgs/msg/detail/mount_orientation__struct.h\n'}
[6.116857] (px4_msgs) StdoutLine: {'line': b'-- Up-to-date: /home/stepan/ws_ros2/install/px4_msgs/include/px4_msgs/px4_msgs/msg/detail/parameter_set_value_request__struct.h\n'}
[6.117027] (px4_msgs) StdoutLine: {'line': b'-- Up-to-date: /home/stepan/ws_ros2/install/px4_msgs/include/px4_msgs/px4_msgs/msg/detail/actuator_outputs__type_support.h\n'}
[6.117181] (px4_msgs) StdoutLine: {'line': b'-- Up-to-date: /home/stepan/ws_ros2/install/px4_msgs/include/px4_msgs/px4_msgs/msg/detail/vehicle_imu_status__functions.h\n'}
[6.117465] (px4_msgs) StdoutLine: {'line': b'-- Up-to-date: /home/stepan/ws_ros2/install/px4_msgs/include/px4_msgs/px4_msgs/msg/detail/sensor_preflight_mag__type_support.h\n'}
[6.117705] (px4_msgs) StdoutLine: {'line': b'-- Up-to-date: /home/stepan/ws_ros2/install/px4_msgs/include/px4_msgs/px4_msgs/msg/detail/rover_attitude_setpoint__struct.h\n'}
[6.117879] (px4_msgs) StdoutLine: {'line': b'-- Up-to-date: /home/stepan/ws_ros2/install/px4_msgs/include/px4_msgs/px4_msgs/msg/detail/sensor_accel__type_support.h\n'}
[6.117986] (px4_msgs) StdoutLine: {'line': b'-- Up-to-date: /home/stepan/ws_ros2/install/px4_msgs/include/px4_msgs/px4_msgs/msg/detail/vehicle_optical_flow__type_support.h\n'}
[6.118087] (px4_msgs) StdoutLine: {'line': b'-- Up-to-date: /home/stepan/ws_ros2/install/px4_msgs/include/px4_msgs/px4_msgs/msg/detail/open_drone_id_arm_status__functions.c\n'}
[6.118206] (px4_msgs) StdoutLine: {'line': b'-- Up-to-date: /home/stepan/ws_ros2/install/px4_msgs/include/px4_msgs/px4_msgs/msg/detail/rover_throttle_setpoint__struct.h\n'}
[6.118374] (px4_msgs) StdoutLine: {'line': b'-- Up-to-date: /home/stepan/ws_ros2/install/px4_msgs/include/px4_msgs/px4_msgs/msg/detail/estimator_aid_source2d__type_support.h\n'}
[6.119516] (px4_msgs) StdoutLine: {'line': b'-- Up-to-date: /home/stepan/ws_ros2/install/px4_msgs/include/px4_msgs/px4_msgs/msg/detail/actuator_servos__type_support.h\n'}
[6.120044] (px4_msgs) StdoutLine: {'line': b'-- Up-to-date: /home/stepan/ws_ros2/install/px4_msgs/include/px4_msgs/px4_msgs/msg/detail/vehicle_constraints__functions.c\n'}
[6.120867] (px4_msgs) StdoutLine: {'line': b'-- Up-to-date: /home/stepan/ws_ros2/install/px4_msgs/include/px4_msgs/px4_msgs/msg/detail/input_rc__functions.h\n'}
[6.122426] (px4_msgs) StdoutLine: {'line': b'-- Up-to-date: /home/stepan/ws_ros2/install/px4_msgs/include/px4_msgs/px4_msgs/msg/detail/vehicle_angular_velocity__struct.h\n'}
[6.122922] (px4_msgs) StdoutLine: {'line': b'-- Up-to-date: /home/stepan/ws_ros2/install/px4_msgs/include/px4_msgs/px4_msgs/msg/detail/internal_combustion_engine_status__functions.h\n'}
[6.123508] (px4_msgs) StdoutLine: {'line': b'-- Up-to-date: /home/stepan/ws_ros2/install/px4_msgs/include/px4_msgs/px4_msgs/msg/detail/position_setpoint_triplet__functions.c\n'}
[6.155942] (-) TimerEvent: {}
[6.156784] (px4_msgs) StdoutLine: {'line': b'-- Up-to-date: /home/stepan/ws_ros2/install/px4_msgs/include/px4_msgs/px4_msgs/msg/detail/velocity_limits__type_support.h\n'}
[6.158464] (px4_msgs) StdoutLine: {'line': b'-- Up-to-date: /home/stepan/ws_ros2/install/px4_msgs/include/px4_msgs/px4_msgs/msg/detail/home_position__functions.c\n'}
[6.158946] (px4_msgs) StdoutLine: {'line': b'-- Up-to-date: /home/stepan/ws_ros2/install/px4_msgs/include/px4_msgs/px4_msgs/msg/detail/navigator_mission_item__type_support.h\n'}
[6.159101] (px4_msgs) StdoutLine: {'line': b'-- Up-to-date: /home/stepan/ws_ros2/install/px4_msgs/include/px4_msgs/px4_msgs/msg/detail/mission_result__struct.h\n'}
[6.159218] (px4_msgs) StdoutLine: {'line': b'-- Up-to-date: /home/stepan/ws_ros2/install/px4_msgs/include/px4_msgs/px4_msgs/msg/detail/open_drone_id_operator_id__type_support.h\n'}
[6.159359] (px4_msgs) StdoutLine: {'line': b'-- Up-to-date: /home/stepan/ws_ros2/install/px4_msgs/include/px4_msgs/px4_msgs/msg/detail/sensor_gyro_fft__functions.c\n'}
[6.159534] (px4_msgs) StdoutLine: {'line': b'-- Up-to-date: /home/stepan/ws_ros2/install/px4_msgs/include/px4_msgs/px4_msgs/msg/detail/mode_completed__functions.h\n'}
[6.159953] (px4_msgs) StdoutLine: {'line': b'-- Up-to-date: /home/stepan/ws_ros2/install/px4_msgs/include/px4_msgs/px4_msgs/msg/detail/mag_worker_data__struct.h\n'}
[6.160407] (px4_msgs) StdoutLine: {'line': b'-- Up-to-date: /home/stepan/ws_ros2/install/px4_msgs/include/px4_msgs/px4_msgs/msg/detail/estimator_innovations__type_support.h\n'}
[6.160579] (px4_msgs) StdoutLine: {'line': b'-- Up-to-date: /home/stepan/ws_ros2/install/px4_msgs/include/px4_msgs/px4_msgs/msg/detail/estimator_gps_status__struct.h\n'}
[6.160687] (px4_msgs) StdoutLine: {'line': b'-- Up-to-date: /home/stepan/ws_ros2/install/px4_msgs/include/px4_msgs/px4_msgs/msg/detail/offboard_control_mode__type_support.h\n'}
[6.160836] (px4_msgs) StdoutLine: {'line': b'-- Up-to-date: /home/stepan/ws_ros2/install/px4_msgs/include/px4_msgs/px4_msgs/msg/detail/register_ext_component_request__functions.h\n'}
[6.160953] (px4_msgs) StdoutLine: {'line': b'-- Up-to-date: /home/stepan/ws_ros2/install/px4_msgs/include/px4_msgs/px4_msgs/msg/detail/sensor_combined__struct.h\n'}
[6.161153] (px4_msgs) StdoutLine: {'line': b'-- Up-to-date: /home/stepan/ws_ros2/install/px4_msgs/include/px4_msgs/px4_msgs/msg/detail/distance_sensor_mode_change_request__functions.c\n'}
[6.161490] (px4_msgs) StdoutLine: {'line': b'-- Up-to-date: /home/stepan/ws_ros2/install/px4_msgs/include/px4_msgs/px4_msgs/msg/detail/estimator_aid_source3d__functions.c\n'}
[6.161690] (px4_msgs) StdoutLine: {'line': b'-- Up-to-date: /home/stepan/ws_ros2/install/px4_msgs/include/px4_msgs/px4_msgs/msg/detail/rover_rate_setpoint__struct.h\n'}
[6.162156] (px4_msgs) StdoutLine: {'line': b'-- Up-to-date: /home/stepan/ws_ros2/install/px4_msgs/include/px4_msgs/px4_msgs/msg/detail/camera_capture__struct.h\n'}
[6.162371] (px4_msgs) StdoutLine: {'line': b'-- Up-to-date: /home/stepan/ws_ros2/install/px4_msgs/include/px4_msgs/px4_msgs/msg/detail/sensor_baro__functions.c\n'}
[6.162541] (px4_msgs) StdoutLine: {'line': b'-- Up-to-date: /home/stepan/ws_ros2/install/px4_msgs/include/px4_msgs/px4_msgs/msg/detail/mavlink_log__type_support.h\n'}
[6.163055] (px4_msgs) StdoutLine: {'line': b'-- Up-to-date: /home/stepan/ws_ros2/install/px4_msgs/include/px4_msgs/px4_msgs/msg/detail/register_ext_component_reply__type_support.h\n'}
[6.163272] (px4_msgs) StdoutLine: {'line': b'-- Up-to-date: /home/stepan/ws_ros2/install/px4_msgs/include/px4_msgs/px4_msgs/msg/detail/gripper__struct.h\n'}
[6.163437] (px4_msgs) StdoutLine: {'line': b'-- Up-to-date: /home/stepan/ws_ros2/install/px4_msgs/include/px4_msgs/px4_msgs/msg/detail/yaw_estimator_status__type_support.h\n'}
[6.163594] (px4_msgs) StdoutLine: {'line': b'-- Up-to-date: /home/stepan/ws_ros2/install/px4_msgs/include/px4_msgs/px4_msgs/msg/detail/rover_attitude_setpoint__functions.h\n'}
[6.163737] (px4_msgs) StdoutLine: {'line': b'-- Up-to-date: /home/stepan/ws_ros2/install/px4_msgs/include/px4_msgs/px4_msgs/msg/detail/irlock_report__functions.h\n'}
[6.164160] (px4_msgs) StdoutLine: {'line': b'-- Up-to-date: /home/stepan/ws_ros2/install/px4_msgs/include/px4_msgs/px4_msgs/msg/detail/distance_sensor_mode_change_request__struct.h\n'}
[6.164373] (px4_msgs) StdoutLine: {'line': b'-- Up-to-date: /home/stepan/ws_ros2/install/px4_msgs/include/px4_msgs/px4_msgs/msg/detail/uavcan_parameter_request__functions.c\n'}
[6.164602] (px4_msgs) StdoutLine: {'line': b'-- Up-to-date: /home/stepan/ws_ros2/install/px4_msgs/include/px4_msgs/px4_msgs/msg/detail/mission_result__functions.c\n'}
[6.165060] (px4_msgs) StdoutLine: {'line': b'-- Up-to-date: /home/stepan/ws_ros2/install/px4_msgs/include/px4_msgs/px4_msgs/msg/detail/open_drone_id_arm_status__type_support.h\n'}
[6.165309] (px4_msgs) StdoutLine: {'line': b'-- Up-to-date: /home/stepan/ws_ros2/install/px4_msgs/include/px4_msgs/px4_msgs/msg/detail/sensor_hygrometer__struct.h\n'}
[6.165513] (px4_msgs) StdoutLine: {'line': b'-- Up-to-date: /home/stepan/ws_ros2/install/px4_msgs/include/px4_msgs/px4_msgs/msg/detail/mag_worker_data__functions.h\n'}
[6.165730] (px4_msgs) StdoutLine: {'line': b'-- Up-to-date: /home/stepan/ws_ros2/install/px4_msgs/include/px4_msgs/px4_msgs/msg/detail/open_drone_id_self_id__functions.h\n'}
[6.165951] (px4_msgs) StdoutLine: {'line': b'-- Up-to-date: /home/stepan/ws_ros2/install/px4_msgs/include/px4_msgs/px4_msgs/msg/detail/trajectory_setpoint6dof__type_support.h\n'}
[6.166060] (px4_msgs) StdoutLine: {'line': b'-- Up-to-date: /home/stepan/ws_ros2/install/px4_msgs/include/px4_msgs/px4_msgs/msg/detail/pps_capture__type_support.h\n'}
[6.166187] (px4_msgs) StdoutLine: {'line': b'-- Up-to-date: /home/stepan/ws_ros2/install/px4_msgs/include/px4_msgs/px4_msgs/msg/detail/parameter_update__type_support.h\n'}
[6.166300] (px4_msgs) StdoutLine: {'line': b'-- Up-to-date: /home/stepan/ws_ros2/install/px4_msgs/include/px4_msgs/px4_msgs/msg/detail/parameter_set_used_request__struct.h\n'}
[6.166407] (px4_msgs) StdoutLine: {'line': b'-- Up-to-date: /home/stepan/ws_ros2/install/px4_msgs/include/px4_msgs/px4_msgs/msg/detail/dataman_request__type_support.h\n'}
[6.166512] (px4_msgs) StdoutLine: {'line': b'-- Up-to-date: /home/stepan/ws_ros2/install/px4_msgs/include/px4_msgs/px4_msgs/msg/detail/heater_status__functions.h\n'}
[6.166619] (px4_msgs) StdoutLine: {'line': b'-- Up-to-date: /home/stepan/ws_ros2/install/px4_msgs/include/px4_msgs/px4_msgs/msg/detail/pwm_input__type_support.h\n'}
[6.166734] (px4_msgs) StdoutLine: {'line': b'-- Up-to-date: /home/stepan/ws_ros2/install/px4_msgs/include/px4_msgs/px4_msgs/msg/detail/trajectory_setpoint6dof__struct.h\n'}
[6.166901] (px4_msgs) StdoutLine: {'line': b'-- Up-to-date: /home/stepan/ws_ros2/install/px4_msgs/include/px4_msgs/px4_msgs/msg/detail/vehicle_command_ack__functions.h\n'}
[6.167023] (px4_msgs) StdoutLine: {'line': b'-- Up-to-date: /home/stepan/ws_ros2/install/px4_msgs/include/px4_msgs/px4_msgs/msg/detail/estimator_aid_source3d__type_support.h\n'}
[6.167136] (px4_msgs) StdoutLine: {'line': b'-- Up-to-date: /home/stepan/ws_ros2/install/px4_msgs/include/px4_msgs/px4_msgs/msg/detail/mount_orientation__functions.h\n'}
[6.167243] (px4_msgs) StdoutLine: {'line': b'-- Up-to-date: /home/stepan/ws_ros2/install/px4_msgs/include/px4_msgs/px4_msgs/msg/detail/sensor_combined__functions.h\n'}
[6.167365] (px4_msgs) StdoutLine: {'line': b'-- Up-to-date: /home/stepan/ws_ros2/install/px4_msgs/include/px4_msgs/px4_msgs/msg/detail/sensor_gyro_fifo__functions.h\n'}
[6.167606] (px4_msgs) StdoutLine: {'line': b'-- Up-to-date: /home/stepan/ws_ros2/install/px4_msgs/include/px4_msgs/px4_msgs/msg/detail/takeoff_status__struct.h\n'}
[6.168296] (px4_msgs) StdoutLine: {'line': b'-- Up-to-date: /home/stepan/ws_ros2/install/px4_msgs/include/px4_msgs/px4_msgs/msg/detail/gps_inject_data__functions.c\n'}
[6.168891] (px4_msgs) StdoutLine: {'line': b'-- Up-to-date: /home/stepan/ws_ros2/install/px4_msgs/include/px4_msgs/px4_msgs/msg/detail/vehicle_attitude_setpoint__type_support.h\n'}
[6.169338] (px4_msgs) StdoutLine: {'line': b'-- Up-to-date: /home/stepan/ws_ros2/install/px4_msgs/include/px4_msgs/px4_msgs/msg/detail/power_button_state__type_support.h\n'}
[6.169487] (px4_msgs) StdoutLine: {'line': b'-- Up-to-date: /home/stepan/ws_ros2/install/px4_msgs/include/px4_msgs/px4_msgs/msg/detail/geofence_status__functions.h\n'}
[6.169686] (px4_msgs) StdoutLine: {'line': b'-- Up-to-date: /home/stepan/ws_ros2/install/px4_msgs/include/px4_msgs/px4_msgs/msg/detail/task_stack_info__functions.c\n'}
[6.170587] (px4_msgs) StdoutLine: {'line': b'-- Up-to-date: /home/stepan/ws_ros2/install/px4_msgs/include/px4_msgs/px4_msgs/msg/detail/rtl_time_estimate__functions.h\n'}
[6.171414] (px4_msgs) StdoutLine: {'line': b'-- Up-to-date: /home/stepan/ws_ros2/install/px4_msgs/include/px4_msgs/px4_msgs/msg/detail/onboard_computer_status__struct.h\n'}
[6.171841] (px4_msgs) StdoutLine: {'line': b'-- Up-to-date: /home/stepan/ws_ros2/install/px4_msgs/include/px4_msgs/px4_msgs/msg/detail/tiltrotor_extra_controls__type_support.h\n'}
[6.172292] (px4_msgs) StdoutLine: {'line': b'-- Up-to-date: /home/stepan/ws_ros2/install/px4_msgs/include/px4_msgs/px4_msgs/msg/detail/failsafe_flags__type_support.h\n'}
[6.172411] (px4_msgs) StdoutLine: {'line': b'-- Up-to-date: /home/stepan/ws_ros2/install/px4_msgs/include/px4_msgs/px4_msgs/msg/detail/debug_value__functions.h\n'}
[6.172590] (px4_msgs) StdoutLine: {'line': b'-- Up-to-date: /home/stepan/ws_ros2/install/px4_msgs/include/px4_msgs/px4_msgs/msg/detail/position_controller_landing_status__type_support.h\n'}
[6.173124] (px4_msgs) StdoutLine: {'line': b'-- Up-to-date: /home/stepan/ws_ros2/install/px4_msgs/include/px4_msgs/px4_msgs/msg/detail/debug_vect__type_support.h\n'}
[6.173415] (px4_msgs) StdoutLine: {'line': b'-- Up-to-date: /home/stepan/ws_ros2/install/px4_msgs/include/px4_msgs/px4_msgs/msg/detail/debug_value__type_support.h\n'}
[6.173555] (px4_msgs) StdoutLine: {'line': b'-- Up-to-date: /home/stepan/ws_ros2/install/px4_msgs/include/px4_msgs/px4_msgs/msg/detail/vehicle_rates_setpoint__type_support.h\n'}
[6.173830] (px4_msgs) StdoutLine: {'line': b'-- Up-to-date: /home/stepan/ws_ros2/install/px4_msgs/include/px4_msgs/px4_msgs/msg/detail/tecs_status__struct.h\n'}
[6.174004] (px4_msgs) StdoutLine: {'line': b'-- Up-to-date: /home/stepan/ws_ros2/install/px4_msgs/include/px4_msgs/px4_msgs/msg/detail/estimator_states__functions.c\n'}
[6.174249] (px4_msgs) StdoutLine: {'line': b'-- Up-to-date: /home/stepan/ws_ros2/install/px4_msgs/include/px4_msgs/px4_msgs/msg/detail/system_power__struct.h\n'}
[6.174486] (px4_msgs) StdoutLine: {'line': b'-- Up-to-date: /home/stepan/ws_ros2/install/px4_msgs/include/px4_msgs/px4_msgs/msg/detail/vehicle_local_position_setpoint__functions.h\n'}
[6.174823] (px4_msgs) StdoutLine: {'line': b'-- Up-to-date: /home/stepan/ws_ros2/install/px4_msgs/include/px4_msgs/px4_msgs/msg/detail/qshell_retval__type_support.h\n'}
[6.175424] (px4_msgs) StdoutLine: {'line': b'-- Up-to-date: /home/stepan/ws_ros2/install/px4_msgs/include/px4_msgs/px4_msgs/msg/detail/landing_gear__type_support.h\n'}
[6.175678] (px4_msgs) StdoutLine: {'line': b'-- Up-to-date: /home/stepan/ws_ros2/install/px4_msgs/include/px4_msgs/px4_msgs/msg/detail/led_control__functions.h\n'}
[6.176172] (px4_msgs) StdoutLine: {'line': b'-- Up-to-date: /home/stepan/ws_ros2/install/px4_msgs/include/px4_msgs/px4_msgs/msg/detail/gpio_out__functions.c\n'}
[6.176435] (px4_msgs) StdoutLine: {'line': b'-- Up-to-date: /home/stepan/ws_ros2/install/px4_msgs/include/px4_msgs/px4_msgs/msg/detail/estimator_gps_status__functions.c\n'}
[6.176967] (px4_msgs) StdoutLine: {'line': b'-- Up-to-date: /home/stepan/ws_ros2/install/px4_msgs/include/px4_msgs/px4_msgs/msg/detail/navigator_status__struct.h\n'}
[6.178506] (px4_msgs) StdoutLine: {'line': b'-- Up-to-date: /home/stepan/ws_ros2/install/px4_msgs/include/px4_msgs/px4_msgs/msg/detail/satellite_info__functions.c\n'}
[6.178817] (px4_msgs) StdoutLine: {'line': b'-- Up-to-date: /home/stepan/ws_ros2/install/px4_msgs/include/px4_msgs/px4_msgs/msg/detail/vehicle_local_position_setpoint__struct.h\n'}
[6.179539] (px4_msgs) StdoutLine: {'line': b'-- Up-to-date: /home/stepan/ws_ros2/install/px4_msgs/include/px4_msgs/px4_msgs/msg/detail/rover_attitude_status__struct.h\n'}
[6.179752] (px4_msgs) StdoutLine: {'line': b'-- Up-to-date: /home/stepan/ws_ros2/install/px4_msgs/include/px4_msgs/px4_msgs/msg/detail/sensor_hygrometer__functions.c\n'}
[6.180037] (px4_msgs) StdoutLine: {'line': b'-- Up-to-date: /home/stepan/ws_ros2/install/px4_msgs/include/px4_msgs/px4_msgs/msg/detail/sensor_optical_flow__functions.h\n'}
[6.180230] (px4_msgs) StdoutLine: {'line': b'-- Up-to-date: /home/stepan/ws_ros2/install/px4_msgs/include/px4_msgs/px4_msgs/msg/detail/gimbal_device_information__struct.h\n'}
[6.180525] (px4_msgs) StdoutLine: {'line': b'-- Up-to-date: /home/stepan/ws_ros2/install/px4_msgs/include/px4_msgs/px4_msgs/msg/detail/health_report__functions.h\n'}
[6.180705] (px4_msgs) StdoutLine: {'line': b'-- Up-to-date: /home/stepan/ws_ros2/install/px4_msgs/include/px4_msgs/px4_msgs/msg/detail/vehicle_control_mode__functions.c\n'}
[6.181454] (px4_msgs) StdoutLine: {'line': b'-- Up-to-date: /home/stepan/ws_ros2/install/px4_msgs/include/px4_msgs/px4_msgs/msg/detail/tecs_status__type_support.h\n'}
[6.181652] (px4_msgs) StdoutLine: {'line': b'-- Up-to-date: /home/stepan/ws_ros2/install/px4_msgs/include/px4_msgs/px4_msgs/msg/detail/estimator_bias3d__type_support.h\n'}
[6.182038] (px4_msgs) StdoutLine: {'line': b'-- Up-to-date: /home/stepan/ws_ros2/install/px4_msgs/include/px4_msgs/px4_msgs/msg/detail/rover_rate_status__type_support.h\n'}
[6.182267] (px4_msgs) StdoutLine: {'line': b'-- Up-to-date: /home/stepan/ws_ros2/install/px4_msgs/include/px4_msgs/px4_msgs/msg/detail/satellite_info__type_support.h\n'}
[6.182439] (px4_msgs) StdoutLine: {'line': b'-- Up-to-date: /home/stepan/ws_ros2/install/px4_msgs/include/px4_msgs/px4_msgs/msg/detail/sensor_gyro_fft__functions.h\n'}
[6.182639] (px4_msgs) StdoutLine: {'line': b'-- Up-to-date: /home/stepan/ws_ros2/install/px4_msgs/include/px4_msgs/px4_msgs/msg/detail/actuator_servos__functions.h\n'}
[6.182828] (px4_msgs) StdoutLine: {'line': b'-- Up-to-date: /home/stepan/ws_ros2/install/px4_msgs/include/px4_msgs/px4_msgs/msg/detail/transponder_report__functions.h\n'}
[6.182987] (px4_msgs) StdoutLine: {'line': b'-- Up-to-date: /home/stepan/ws_ros2/install/px4_msgs/include/px4_msgs/px4_msgs/msg/detail/tiltrotor_extra_controls__functions.h\n'}
[6.183139] (px4_msgs) StdoutLine: {'line': b'-- Up-to-date: /home/stepan/ws_ros2/install/px4_msgs/include/px4_msgs/px4_msgs/msg/detail/estimator_aid_source2d__functions.c\n'}
[6.183278] (px4_msgs) StdoutLine: {'line': b'-- Up-to-date: /home/stepan/ws_ros2/install/px4_msgs/include/px4_msgs/px4_msgs/msg/detail/iridiumsbd_status__type_support.h\n'}
[6.183417] (px4_msgs) StdoutLine: {'line': b'-- Up-to-date: /home/stepan/ws_ros2/install/px4_msgs/include/px4_msgs/px4_msgs/msg/detail/px4io_status__type_support.h\n'}
[6.183560] (px4_msgs) StdoutLine: {'line': b'-- Up-to-date: /home/stepan/ws_ros2/install/px4_msgs/include/px4_msgs/px4_msgs/msg/detail/rc_parameter_map__struct.h\n'}
[6.183698] (px4_msgs) StdoutLine: {'line': b'-- Up-to-date: /home/stepan/ws_ros2/install/px4_msgs/include/px4_msgs/px4_msgs/msg/detail/gimbal_device_information__type_support.h\n'}
[6.183955] (px4_msgs) StdoutLine: {'line': b'-- Up-to-date: /home/stepan/ws_ros2/install/px4_msgs/include/px4_msgs/px4_msgs/msg/detail/gripper__functions.c\n'}
[6.184886] (px4_msgs) StdoutLine: {'line': b'-- Up-to-date: /home/stepan/ws_ros2/install/px4_msgs/include/px4_msgs/px4_msgs/msg/detail/sensor_gps__functions.h\n'}
[6.186213] (px4_msgs) StdoutLine: {'line': b'-- Up-to-date: /home/stepan/ws_ros2/install/px4_msgs/include/px4_msgs/px4_msgs/msg/detail/estimator_sensor_bias__struct.h\n'}
[6.188641] (px4_msgs) StdoutLine: {'line': b'-- Up-to-date: /home/stepan/ws_ros2/install/px4_msgs/include/px4_msgs/px4_msgs/msg/detail/control_allocator_status__struct.h\n'}
[6.189963] (px4_msgs) StdoutLine: {'line': b'-- Up-to-date: /home/stepan/ws_ros2/install/px4_msgs/include/px4_msgs/px4_msgs/msg/detail/dataman_request__functions.h\n'}
[6.190270] (px4_msgs) StdoutLine: {'line': b'-- Up-to-date: /home/stepan/ws_ros2/install/px4_msgs/include/px4_msgs/px4_msgs/msg/detail/goto_setpoint__functions.c\n'}
[6.190660] (px4_msgs) StdoutLine: {'line': b'-- Up-to-date: /home/stepan/ws_ros2/install/px4_msgs/include/px4_msgs/px4_msgs/msg/detail/vehicle_imu_status__functions.c\n'}
[6.192381] (px4_msgs) StdoutLine: {'line': b'-- Up-to-date: /home/stepan/ws_ros2/install/px4_msgs/include/px4_msgs/px4_msgs/msg/detail/yaw_estimator_status__struct.h\n'}
[6.193054] (px4_msgs) StdoutLine: {'line': b'-- Up-to-date: /home/stepan/ws_ros2/install/px4_msgs/include/px4_msgs/px4_msgs/msg/detail/airspeed__functions.c\n'}
[6.195059] (px4_msgs) StdoutLine: {'line': b'-- Up-to-date: /home/stepan/ws_ros2/install/px4_msgs/include/px4_msgs/px4_msgs/msg/detail/camera_trigger__functions.c\n'}
[6.195364] (px4_msgs) StdoutLine: {'line': b'-- Up-to-date: /home/stepan/ws_ros2/install/px4_msgs/include/px4_msgs/px4_msgs/msg/detail/ulog_stream_ack__type_support.h\n'}
[6.195584] (px4_msgs) StdoutLine: {'line': b'-- Up-to-date: /home/stepan/ws_ros2/install/px4_msgs/include/px4_msgs/px4_msgs/msg/detail/actuator_outputs__functions.h\n'}
[6.195787] (px4_msgs) StdoutLine: {'line': b'-- Up-to-date: /home/stepan/ws_ros2/install/px4_msgs/include/px4_msgs/px4_msgs/msg/detail/differential_pressure__type_support.h\n'}
[6.195977] (px4_msgs) StdoutLine: {'line': b'-- Up-to-date: /home/stepan/ws_ros2/install/px4_msgs/include/px4_msgs/px4_msgs/msg/detail/camera_status__type_support.h\n'}
[6.196158] (px4_msgs) StdoutLine: {'line': b'-- Up-to-date: /home/stepan/ws_ros2/install/px4_msgs/include/px4_msgs/px4_msgs/msg/detail/wind__struct.h\n'}
[6.196347] (px4_msgs) StdoutLine: {'line': b'-- Up-to-date: /home/stepan/ws_ros2/install/px4_msgs/include/px4_msgs/px4_msgs/msg/detail/vehicle_command__struct.h\n'}
[6.196538] (px4_msgs) StdoutLine: {'line': b'-- Up-to-date: /home/stepan/ws_ros2/install/px4_msgs/include/px4_msgs/px4_msgs/msg/detail/velocity_limits__struct.h\n'}
[6.196737] (px4_msgs) StdoutLine: {'line': b'-- Up-to-date: /home/stepan/ws_ros2/install/px4_msgs/include/px4_msgs/px4_msgs/msg/detail/airspeed_validated__functions.c\n'}
[6.197583] (px4_msgs) StdoutLine: {'line': b'-- Up-to-date: /home/stepan/ws_ros2/install/px4_msgs/include/px4_msgs/px4_msgs/msg/detail/sensor_airflow__functions.c\n'}
[6.197792] (px4_msgs) StdoutLine: {'line': b'-- Up-to-date: /home/stepan/ws_ros2/install/px4_msgs/include/px4_msgs/px4_msgs/msg/detail/iridiumsbd_status__struct.h\n'}
[6.197958] (px4_msgs) StdoutLine: {'line': b'-- Up-to-date: /home/stepan/ws_ros2/install/px4_msgs/include/px4_msgs/px4_msgs/msg/detail/pure_pursuit_status__struct.h\n'}
[6.198152] (px4_msgs) StdoutLine: {'line': b'-- Up-to-date: /home/stepan/ws_ros2/install/px4_msgs/include/px4_msgs/px4_msgs/msg/detail/debug_array__functions.c\n'}
[6.198349] (px4_msgs) StdoutLine: {'line': b'-- Up-to-date: /home/stepan/ws_ros2/install/px4_msgs/include/px4_msgs/px4_msgs/msg/detail/vehicle_thrust_setpoint__functions.c\n'}
[6.198668] (px4_msgs) StdoutLine: {'line': b'-- Up-to-date: /home/stepan/ws_ros2/install/px4_msgs/include/px4_msgs/px4_msgs/msg/detail/system_power__functions.h\n'}
[6.199276] (px4_msgs) StdoutLine: {'line': b'-- Up-to-date: /home/stepan/ws_ros2/install/px4_msgs/include/px4_msgs/px4_msgs/msg/detail/arming_check_request__functions.c\n'}
[6.199416] (px4_msgs) StdoutLine: {'line': b'-- Up-to-date: /home/stepan/ws_ros2/install/px4_msgs/include/px4_msgs/px4_msgs/msg/detail/parameter_set_value_request__functions.c\n'}
[6.199576] (px4_msgs) StdoutLine: {'line': b'-- Up-to-date: /home/stepan/ws_ros2/install/px4_msgs/include/px4_msgs/px4_msgs/msg/detail/gimbal_device_set_attitude__functions.h\n'}
[6.199689] (px4_msgs) StdoutLine: {'line': b'-- Up-to-date: /home/stepan/ws_ros2/install/px4_msgs/include/px4_msgs/px4_msgs/msg/detail/camera_capture__functions.c\n'}
[6.199855] (px4_msgs) StdoutLine: {'line': b'-- Up-to-date: /home/stepan/ws_ros2/install/px4_msgs/include/px4_msgs/px4_msgs/msg/detail/sensors_status_imu__functions.h\n'}
[6.199996] (px4_msgs) StdoutLine: {'line': b'-- Up-to-date: /home/stepan/ws_ros2/install/px4_msgs/include/px4_msgs/px4_msgs/msg/detail/vehicle_global_position__functions.c\n'}
[6.200132] (px4_msgs) StdoutLine: {'line': b'-- Up-to-date: /home/stepan/ws_ros2/install/px4_msgs/include/px4_msgs/px4_msgs/msg/detail/orb_test_large__functions.h\n'}
[6.200267] (px4_msgs) StdoutLine: {'line': b'-- Up-to-date: /home/stepan/ws_ros2/install/px4_msgs/include/px4_msgs/px4_msgs/msg/detail/health_report__struct.h\n'}
[6.200514] (px4_msgs) StdoutLine: {'line': b'-- Up-to-date: /home/stepan/ws_ros2/install/px4_msgs/include/px4_msgs/px4_msgs/msg/detail/sensor_airflow__functions.h\n'}
[6.200654] (px4_msgs) StdoutLine: {'line': b'-- Up-to-date: /home/stepan/ws_ros2/install/px4_msgs/include/px4_msgs/px4_msgs/msg/detail/navigator_status__type_support.h\n'}
[6.201379] (px4_msgs) StdoutLine: {'line': b'-- Up-to-date: /home/stepan/ws_ros2/install/px4_msgs/include/px4_msgs/px4_msgs/msg/detail/parameter_reset_request__functions.h\n'}
[6.202178] (px4_msgs) StdoutLine: {'line': b'-- Up-to-date: /home/stepan/ws_ros2/install/px4_msgs/include/px4_msgs/px4_msgs/msg/detail/manual_control_switches__functions.h\n'}
[6.203056] (px4_msgs) StdoutLine: {'line': b'-- Up-to-date: /home/stepan/ws_ros2/install/px4_msgs/include/px4_msgs/px4_msgs/msg/detail/wheel_encoders__type_support.h\n'}
[6.203664] (px4_msgs) StdoutLine: {'line': b'-- Up-to-date: /home/stepan/ws_ros2/install/px4_msgs/include/px4_msgs/px4_msgs/msg/detail/follow_target_status__struct.h\n'}
[6.204588] (px4_msgs) StdoutLine: {'line': b'-- Up-to-date: /home/stepan/ws_ros2/install/px4_msgs/include/px4_msgs/px4_msgs/msg/detail/rover_position_setpoint__struct.h\n'}
[6.205072] (px4_msgs) StdoutLine: {'line': b'-- Up-to-date: /home/stepan/ws_ros2/install/px4_msgs/include/px4_msgs/px4_msgs/msg/detail/follow_target_status__functions.h\n'}
[6.205565] (px4_msgs) StdoutLine: {'line': b'-- Up-to-date: /home/stepan/ws_ros2/install/px4_msgs/include/px4_msgs/px4_msgs/msg/detail/estimator_sensor_bias__functions.h\n'}
[6.206675] (px4_msgs) StdoutLine: {'line': b'-- Up-to-date: /home/stepan/ws_ros2/install/px4_msgs/include/px4_msgs/px4_msgs/msg/detail/estimator_bias3d__functions.c\n'}
[6.207219] (px4_msgs) StdoutLine: {'line': b'-- Up-to-date: /home/stepan/ws_ros2/install/px4_msgs/include/px4_msgs/px4_msgs/msg/detail/vehicle_angular_velocity__type_support.h\n'}
[6.207575] (px4_msgs) StdoutLine: {'line': b'-- Up-to-date: /home/stepan/ws_ros2/install/px4_msgs/include/px4_msgs/px4_msgs/msg/detail/actuator_servos__struct.h\n'}
[6.207884] (px4_msgs) StdoutLine: {'line': b'-- Up-to-date: /home/stepan/ws_ros2/install/px4_msgs/include/px4_msgs/px4_msgs/msg/detail/sensor_gyro_fft__struct.h\n'}
[6.208044] (px4_msgs) StdoutLine: {'line': b'-- Up-to-date: /home/stepan/ws_ros2/install/px4_msgs/include/px4_msgs/px4_msgs/msg/detail/pps_capture__struct.h\n'}
[6.208573] (px4_msgs) StdoutLine: {'line': b'-- Up-to-date: /home/stepan/ws_ros2/install/px4_msgs/include/px4_msgs/px4_msgs/msg/detail/sensor_baro__functions.h\n'}
[6.208901] (px4_msgs) StdoutLine: {'line': b'-- Up-to-date: /home/stepan/ws_ros2/install/px4_msgs/include/px4_msgs/px4_msgs/msg/detail/landing_target_innovations__functions.h\n'}
[6.209089] (px4_msgs) StdoutLine: {'line': b'-- Up-to-date: /home/stepan/ws_ros2/install/px4_msgs/include/px4_msgs/px4_msgs/msg/detail/airspeed_validated__struct.h\n'}
[6.209221] (px4_msgs) StdoutLine: {'line': b'-- Up-to-date: /home/stepan/ws_ros2/install/px4_msgs/include/px4_msgs/px4_msgs/msg/detail/health_report__functions.c\n'}
[6.210101] (px4_msgs) StdoutLine: {'line': b'-- Up-to-date: /home/stepan/ws_ros2/install/px4_msgs/include/px4_msgs/px4_msgs/msg/detail/system_power__functions.c\n'}
[6.210653] (px4_msgs) StdoutLine: {'line': b'-- Up-to-date: /home/stepan/ws_ros2/install/px4_msgs/include/px4_msgs/px4_msgs/msg/detail/esc_report__functions.h\n'}
[6.211151] (px4_msgs) StdoutLine: {'line': b'-- Up-to-date: /home/stepan/ws_ros2/install/px4_msgs/include/px4_msgs/px4_msgs/msg/detail/vehicle_optical_flow__functions.c\n'}
[6.211406] (px4_msgs) StdoutLine: {'line': b'-- Up-to-date: /home/stepan/ws_ros2/install/px4_msgs/include/px4_msgs/px4_msgs/msg/detail/unregister_ext_component__type_support.h\n'}
[6.211578] (px4_msgs) StdoutLine: {'line': b'-- Up-to-date: /home/stepan/ws_ros2/install/px4_msgs/include/px4_msgs/px4_msgs/msg/detail/generator_status__functions.h\n'}
[6.211889] (px4_msgs) StdoutLine: {'line': b'-- Up-to-date: /home/stepan/ws_ros2/install/px4_msgs/include/px4_msgs/px4_msgs/msg/detail/irlock_report__type_support.h\n'}
[6.212085] (px4_msgs) StdoutLine: {'line': b'-- Up-to-date: /home/stepan/ws_ros2/install/px4_msgs/include/px4_msgs/px4_msgs/msg/detail/input_rc__functions.c\n'}
[6.212244] (px4_msgs) StdoutLine: {'line': b'-- Up-to-date: /home/stepan/ws_ros2/install/px4_msgs/include/px4_msgs/px4_msgs/msg/detail/arming_check_request__struct.h\n'}
[6.212386] (px4_msgs) StdoutLine: {'line': b'-- Up-to-date: /home/stepan/ws_ros2/install/px4_msgs/include/px4_msgs/px4_msgs/msg/detail/estimator_aid_source3d__functions.h\n'}
[6.212536] (px4_msgs) StdoutLine: {'line': b'-- Up-to-date: /home/stepan/ws_ros2/install/px4_msgs/include/px4_msgs/px4_msgs/msg/detail/heater_status__struct.h\n'}
[6.212676] (px4_msgs) StdoutLine: {'line': b'-- Up-to-date: /home/stepan/ws_ros2/install/px4_msgs/include/px4_msgs/px4_msgs/msg/detail/estimator_aid_source3d__struct.h\n'}
[6.212816] (px4_msgs) StdoutLine: {'line': b'-- Up-to-date: /home/stepan/ws_ros2/install/px4_msgs/include/px4_msgs/px4_msgs/msg/detail/collision_constraints__type_support.h\n'}
[6.212919] (px4_msgs) StdoutLine: {'line': b'-- Up-to-date: /home/stepan/ws_ros2/install/px4_msgs/include/px4_msgs/px4_msgs/msg/detail/home_position__functions.h\n'}
[6.213044] (px4_msgs) StdoutLine: {'line': b'-- Up-to-date: /home/stepan/ws_ros2/install/px4_msgs/include/px4_msgs/px4_msgs/msg/detail/action_request__functions.h\n'}
[6.213152] (px4_msgs) StdoutLine: {'line': b'-- Up-to-date: /home/stepan/ws_ros2/install/px4_msgs/include/px4_msgs/px4_msgs/msg/detail/gimbal_manager_information__struct.h\n'}
[6.213254] (px4_msgs) StdoutLine: {'line': b'-- Up-to-date: /home/stepan/ws_ros2/install/px4_msgs/include/px4_msgs/px4_msgs/msg/detail/autotune_attitude_control_status__functions.c\n'}
[6.213371] (px4_msgs) StdoutLine: {'line': b'-- Up-to-date: /home/stepan/ws_ros2/install/px4_msgs/include/px4_msgs/px4_msgs/msg/detail/ackermann_velocity_setpoint__struct.h\n'}
[6.213605] (px4_msgs) StdoutLine: {'line': b'-- Up-to-date: /home/stepan/ws_ros2/install/px4_msgs/include/px4_msgs/px4_msgs/msg/detail/pwm_input__functions.h\n'}
[6.213820] (px4_msgs) StdoutLine: {'line': b'-- Up-to-date: /home/stepan/ws_ros2/install/px4_msgs/include/px4_msgs/px4_msgs/msg/detail/magnetometer_bias_estimate__type_support.h\n'}
[6.213996] (px4_msgs) StdoutLine: {'line': b'-- Up-to-date: /home/stepan/ws_ros2/install/px4_msgs/include/px4_msgs/px4_msgs/msg/detail/goto_setpoint__type_support.h\n'}
[6.214181] (px4_msgs) StdoutLine: {'line': b'-- Up-to-date: /home/stepan/ws_ros2/install/px4_msgs/include/px4_msgs/px4_msgs/msg/detail/actuator_controls_status__struct.h\n'}
[6.214341] (px4_msgs) StdoutLine: {'line': b'-- Up-to-date: /home/stepan/ws_ros2/install/px4_msgs/include/px4_msgs/px4_msgs/msg/detail/radio_status__struct.h\n'}
[6.214537] (px4_msgs) StdoutLine: {'line': b'-- Up-to-date: /home/stepan/ws_ros2/install/px4_msgs/include/px4_msgs/px4_msgs/msg/detail/cellular_status__type_support.h\n'}
[6.214705] (px4_msgs) StdoutLine: {'line': b'-- Up-to-date: /home/stepan/ws_ros2/install/px4_msgs/include/px4_msgs/px4_msgs/msg/detail/log_message__struct.h\n'}
[6.214920] (px4_msgs) StdoutLine: {'line': b'-- Up-to-date: /home/stepan/ws_ros2/install/px4_msgs/include/px4_msgs/px4_msgs/msg/detail/logger_status__struct.h\n'}
[6.215067] (px4_msgs) StdoutLine: {'line': b'-- Up-to-date: /home/stepan/ws_ros2/install/px4_msgs/include/px4_msgs/px4_msgs/msg/detail/telemetry_status__functions.h\n'}
[6.215223] (px4_msgs) StdoutLine: {'line': b'-- Up-to-date: /home/stepan/ws_ros2/install/px4_msgs/include/px4_msgs/px4_msgs/msg/detail/task_stack_info__struct.h\n'}
[6.215372] (px4_msgs) StdoutLine: {'line': b'-- Up-to-date: /home/stepan/ws_ros2/install/px4_msgs/include/px4_msgs/px4_msgs/msg/detail/vehicle_optical_flow_vel__functions.h\n'}
[6.215623] (px4_msgs) StdoutLine: {'line': b'-- Up-to-date: /home/stepan/ws_ros2/install/px4_msgs/include/px4_msgs/px4_msgs/msg/detail/estimator_status_flags__functions.h\n'}
[6.215743] (px4_msgs) StdoutLine: {'line': b'-- Up-to-date: /home/stepan/ws_ros2/install/px4_msgs/include/px4_msgs/px4_msgs/msg/detail/system_power__type_support.h\n'}
[6.215867] (px4_msgs) StdoutLine: {'line': b'-- Up-to-date: /home/stepan/ws_ros2/install/px4_msgs/include/px4_msgs/px4_msgs/msg/detail/vehicle_angular_acceleration_setpoint__functions.c\n'}
[6.215965] (px4_msgs) StdoutLine: {'line': b'-- Up-to-date: /home/stepan/ws_ros2/install/px4_msgs/include/px4_msgs/px4_msgs/msg/detail/debug_key_value__type_support.h\n'}
[6.216112] (px4_msgs) StdoutLine: {'line': b'-- Up-to-date: /home/stepan/ws_ros2/install/px4_msgs/include/px4_msgs/px4_msgs/msg/detail/vehicle_status__functions.c\n'}
[6.216265] (px4_msgs) StdoutLine: {'line': b'-- Up-to-date: /home/stepan/ws_ros2/install/px4_msgs/include/px4_msgs/px4_msgs/msg/detail/vehicle_thrust_setpoint__type_support.h\n'}
[6.216417] (px4_msgs) StdoutLine: {'line': b'-- Up-to-date: /home/stepan/ws_ros2/install/px4_msgs/include/px4_msgs/px4_msgs/msg/detail/open_drone_id_system__functions.h\n'}
[6.216561] (px4_msgs) StdoutLine: {'line': b'-- Up-to-date: /home/stepan/ws_ros2/install/px4_msgs/include/px4_msgs/px4_msgs/msg/detail/uavcan_parameter_value__type_support.h\n'}
[6.216669] (px4_msgs) StdoutLine: {'line': b'-- Up-to-date: /home/stepan/ws_ros2/install/px4_msgs/include/px4_msgs/px4_msgs/msg/detail/trajectory_setpoint6dof__functions.c\n'}
[6.216800] (px4_msgs) StdoutLine: {'line': b'-- Up-to-date: /home/stepan/ws_ros2/install/px4_msgs/include/px4_msgs/px4_msgs/msg/detail/actuator_outputs__struct.h\n'}
[6.216900] (px4_msgs) StdoutLine: {'line': b'-- Up-to-date: /home/stepan/ws_ros2/install/px4_msgs/include/px4_msgs/px4_msgs/msg/detail/led_control__functions.c\n'}
[6.217118] (px4_msgs) StdoutLine: {'line': b'-- Up-to-date: /home/stepan/ws_ros2/install/px4_msgs/include/px4_msgs/px4_msgs/msg/detail/sensor_selection__functions.h\n'}
[6.217222] (px4_msgs) StdoutLine: {'line': b'-- Up-to-date: /home/stepan/ws_ros2/install/px4_msgs/include/px4_msgs/px4_msgs/msg/detail/geofence_status__type_support.h\n'}
[6.217319] (px4_msgs) StdoutLine: {'line': b'-- Up-to-date: /home/stepan/ws_ros2/install/px4_msgs/include/px4_msgs/px4_msgs/msg/detail/flight_phase_estimation__functions.h\n'}
[6.217415] (px4_msgs) StdoutLine: {'line': b'-- Up-to-date: /home/stepan/ws_ros2/install/px4_msgs/include/px4_msgs/px4_msgs/msg/detail/gps_dump__type_support.h\n'}
[6.217550] (px4_msgs) StdoutLine: {'line': b'-- Up-to-date: /home/stepan/ws_ros2/install/px4_msgs/include/px4_msgs/px4_msgs/msg/detail/rover_steering_setpoint__functions.c\n'}
[6.218026] (px4_msgs) StdoutLine: {'line': b'-- Up-to-date: /home/stepan/ws_ros2/install/px4_msgs/include/px4_msgs/px4_msgs/msg/detail/vehicle_torque_setpoint__functions.c\n'}
[6.218917] (px4_msgs) StdoutLine: {'line': b'-- Up-to-date: /home/stepan/ws_ros2/install/px4_msgs/include/px4_msgs/px4_msgs/msg/detail/sensors_status_imu__functions.c\n'}
[6.219857] (px4_msgs) StdoutLine: {'line': b'-- Up-to-date: /home/stepan/ws_ros2/install/px4_msgs/include/px4_msgs/px4_msgs/msg/detail/follow_target__type_support.h\n'}
[6.220566] (px4_msgs) StdoutLine: {'line': b'-- Up-to-date: /home/stepan/ws_ros2/install/px4_msgs/include/px4_msgs/px4_msgs/msg/detail/autotune_attitude_control_status__functions.h\n'}
[6.220906] (px4_msgs) StdoutLine: {'line': b'-- Up-to-date: /home/stepan/ws_ros2/install/px4_msgs/include/px4_msgs/px4_msgs/msg/detail/battery_status__type_support.h\n'}
[6.221455] (px4_msgs) StdoutLine: {'line': b'-- Up-to-date: /home/stepan/ws_ros2/install/px4_msgs/include/px4_msgs/px4_msgs/msg/detail/debug_vect__functions.c\n'}
[6.221675] (px4_msgs) StdoutLine: {'line': b'-- Up-to-date: /home/stepan/ws_ros2/install/px4_msgs/include/px4_msgs/px4_msgs/msg/detail/position_controller_status__type_support.h\n'}
[6.222008] (px4_msgs) StdoutLine: {'line': b'-- Up-to-date: /home/stepan/ws_ros2/install/px4_msgs/include/px4_msgs/px4_msgs/msg/detail/figure_eight_status__type_support.h\n'}
[6.222331] (px4_msgs) StdoutLine: {'line': b'-- Up-to-date: /home/stepan/ws_ros2/install/px4_msgs/include/px4_msgs/px4_msgs/msg/detail/control_allocator_status__functions.h\n'}
[6.222510] (px4_msgs) StdoutLine: {'line': b'-- Up-to-date: /home/stepan/ws_ros2/install/px4_msgs/include/px4_msgs/px4_msgs/msg/detail/orb_test_large__functions.c\n'}
[6.222703] (px4_msgs) StdoutLine: {'line': b'-- Up-to-date: /home/stepan/ws_ros2/install/px4_msgs/include/px4_msgs/px4_msgs/msg/detail/rpm__functions.c\n'}
[6.222930] (px4_msgs) StdoutLine: {'line': b'-- Up-to-date: /home/stepan/ws_ros2/install/px4_msgs/include/px4_msgs/px4_msgs/msg/detail/gripper__functions.h\n'}
[6.223060] (px4_msgs) StdoutLine: {'line': b'-- Up-to-date: /home/stepan/ws_ros2/install/px4_msgs/include/px4_msgs/px4_msgs/msg/detail/ping__functions.c\n'}
[6.223178] (px4_msgs) StdoutLine: {'line': b'-- Up-to-date: /home/stepan/ws_ros2/install/px4_msgs/include/px4_msgs/px4_msgs/msg/detail/mavlink_log__functions.c\n'}
[6.223324] (px4_msgs) StdoutLine: {'line': b'-- Up-to-date: /home/stepan/ws_ros2/install/px4_msgs/include/px4_msgs/px4_msgs/msg/detail/vtol_vehicle_status__struct.h\n'}
[6.223991] (px4_msgs) StdoutLine: {'line': b'-- Up-to-date: /home/stepan/ws_ros2/install/px4_msgs/include/px4_msgs/px4_msgs/msg/detail/estimator_selector_status__struct.h\n'}
[6.224209] (px4_msgs) StdoutLine: {'line': b'-- Up-to-date: /home/stepan/ws_ros2/install/px4_msgs/include/px4_msgs/px4_msgs/msg/detail/qshell_req__type_support.h\n'}
[6.224388] (px4_msgs) StdoutLine: {'line': b'-- Up-to-date: /home/stepan/ws_ros2/install/px4_msgs/include/px4_msgs/px4_msgs/msg/detail/obstacle_distance__functions.h\n'}
[6.224770] (px4_msgs) StdoutLine: {'line': b'-- Up-to-date: /home/stepan/ws_ros2/install/px4_msgs/include/px4_msgs/px4_msgs/msg/detail/register_ext_component_request__struct.h\n'}
[6.225447] (px4_msgs) StdoutLine: {'line': b'-- Up-to-date: /home/stepan/ws_ros2/install/px4_msgs/include/px4_msgs/px4_msgs/msg/detail/vehicle_optical_flow_vel__struct.h\n'}
[6.225904] (px4_msgs) StdoutLine: {'line': b'-- Up-to-date: /home/stepan/ws_ros2/install/px4_msgs/include/px4_msgs/px4_msgs/msg/detail/gimbal_manager_status__struct.h\n'}
[6.226563] (px4_msgs) StdoutLine: {'line': b'-- Up-to-date: /home/stepan/ws_ros2/install/px4_msgs/include/px4_msgs/px4_msgs/msg/detail/gpio_request__type_support.h\n'}
[6.226989] (px4_msgs) StdoutLine: {'line': b'-- Up-to-date: /home/stepan/ws_ros2/install/px4_msgs/include/px4_msgs/px4_msgs/msg/detail/logger_status__type_support.h\n'}
[6.227190] (px4_msgs) StdoutLine: {'line': b'-- Up-to-date: /home/stepan/ws_ros2/install/px4_msgs/include/px4_msgs/px4_msgs/msg/detail/npfg_status__functions.c\n'}
[6.227916] (px4_msgs) StdoutLine: {'line': b'-- Up-to-date: /home/stepan/ws_ros2/install/px4_msgs/include/px4_msgs/px4_msgs/msg/detail/distance_sensor__struct.h\n'}
[6.228145] (px4_msgs) StdoutLine: {'line': b'-- Up-to-date: /home/stepan/ws_ros2/install/px4_msgs/include/px4_msgs/px4_msgs/msg/detail/uavcan_parameter_request__type_support.h\n'}
[6.228333] (px4_msgs) StdoutLine: {'line': b'-- Up-to-date: /home/stepan/ws_ros2/install/px4_msgs/include/px4_msgs/px4_msgs/msg/detail/gimbal_manager_information__functions.c\n'}
[6.228505] (px4_msgs) StdoutLine: {'line': b'-- Up-to-date: /home/stepan/ws_ros2/install/px4_msgs/include/px4_msgs/px4_msgs/msg/detail/sensor_mag__functions.h\n'}
[6.228673] (px4_msgs) StdoutLine: {'line': b'-- Up-to-date: /home/stepan/ws_ros2/install/px4_msgs/include/px4_msgs/px4_msgs/msg/detail/gimbal_manager_set_attitude__functions.h\n'}
[6.229009] (px4_msgs) StdoutLine: {'line': b'-- Up-to-date: /home/stepan/ws_ros2/install/px4_msgs/include/px4_msgs/px4_msgs/msg/detail/estimator_innovations__functions.c\n'}
[6.229198] (px4_msgs) StdoutLine: {'line': b'-- Up-to-date: /home/stepan/ws_ros2/install/px4_msgs/include/px4_msgs/px4_msgs/msg/detail/flight_phase_estimation__functions.c\n'}
[6.229367] (px4_msgs) StdoutLine: {'line': b'-- Up-to-date: /home/stepan/ws_ros2/install/px4_msgs/include/px4_msgs/px4_msgs/msg/detail/rtl_status__functions.c\n'}
[6.229540] (px4_msgs) StdoutLine: {'line': b'-- Up-to-date: /home/stepan/ws_ros2/install/px4_msgs/include/px4_msgs/px4_msgs/msg/detail/fuel_tank_status__functions.c\n'}
[6.229707] (px4_msgs) StdoutLine: {'line': b'-- Up-to-date: /home/stepan/ws_ros2/install/px4_msgs/include/px4_msgs/px4_msgs/msg/detail/vehicle_torque_setpoint__type_support.h\n'}
[6.229958] (px4_msgs) StdoutLine: {'line': b'-- Up-to-date: /home/stepan/ws_ros2/install/px4_msgs/include/px4_msgs/px4_msgs/msg/detail/vehicle_acceleration__type_support.h\n'}
[6.230137] (px4_msgs) StdoutLine: {'line': b'-- Up-to-date: /home/stepan/ws_ros2/install/px4_msgs/include/px4_msgs/px4_msgs/msg/detail/differential_pressure__functions.c\n'}
[6.230316] (px4_msgs) StdoutLine: {'line': b'-- Up-to-date: /home/stepan/ws_ros2/install/px4_msgs/include/px4_msgs/px4_msgs/msg/detail/mode_completed__type_support.h\n'}
[6.230602] (px4_msgs) StdoutLine: {'line': b'-- Up-to-date: /home/stepan/ws_ros2/install/px4_msgs/include/px4_msgs/px4_msgs/msg/detail/config_overrides__type_support.h\n'}
[6.230789] (px4_msgs) StdoutLine: {'line': b'-- Up-to-date: /home/stepan/ws_ros2/install/px4_msgs/include/px4_msgs/px4_msgs/msg/detail/airspeed__struct.h\n'}
[6.230922] (px4_msgs) StdoutLine: {'line': b'-- Up-to-date: /home/stepan/ws_ros2/install/px4_msgs/include/px4_msgs/px4_msgs/msg/detail/open_drone_id_system__functions.c\n'}
[6.231073] (px4_msgs) StdoutLine: {'line': b'-- Up-to-date: /home/stepan/ws_ros2/install/px4_msgs/include/px4_msgs/px4_msgs/msg/detail/position_controller_status__functions.c\n'}
[6.231245] (px4_msgs) StdoutLine: {'line': b'-- Up-to-date: /home/stepan/ws_ros2/install/px4_msgs/include/px4_msgs/px4_msgs/msg/detail/open_drone_id_arm_status__functions.h\n'}
[6.231400] (px4_msgs) StdoutLine: {'line': b'-- Up-to-date: /home/stepan/ws_ros2/install/px4_msgs/include/px4_msgs/px4_msgs/msg/detail/manual_control_switches__type_support.h\n'}
[6.231557] (px4_msgs) StdoutLine: {'line': b'-- Up-to-date: /home/stepan/ws_ros2/install/px4_msgs/include/px4_msgs/px4_msgs/msg/detail/generator_status__type_support.h\n'}
[6.231681] (px4_msgs) StdoutLine: {'line': b'-- Up-to-date: /home/stepan/ws_ros2/install/px4_msgs/include/px4_msgs/px4_msgs/msg/detail/debug_vect__struct.h\n'}
[6.231864] (px4_msgs) StdoutLine: {'line': b'-- Up-to-date: /home/stepan/ws_ros2/install/px4_msgs/include/px4_msgs/px4_msgs/msg/detail/camera_capture__type_support.h\n'}
[6.232003] (px4_msgs) StdoutLine: {'line': b'-- Up-to-date: /home/stepan/ws_ros2/install/px4_msgs/include/px4_msgs/px4_msgs/msg/detail/cellular_status__struct.h\n'}
[6.232128] (px4_msgs) StdoutLine: {'line': b'-- Up-to-date: /home/stepan/ws_ros2/install/px4_msgs/include/px4_msgs/px4_msgs/msg/detail/rate_ctrl_status__type_support.h\n'}
[6.232238] (px4_msgs) StdoutLine: {'line': b'-- Up-to-date: /home/stepan/ws_ros2/install/px4_msgs/include/px4_msgs/px4_msgs/msg/detail/collision_constraints__functions.c\n'}
[6.232355] (px4_msgs) StdoutLine: {'line': b'-- Up-to-date: /home/stepan/ws_ros2/install/px4_msgs/include/px4_msgs/px4_msgs/msg/detail/gpio_in__struct.h\n'}
[6.232454] (px4_msgs) StdoutLine: {'line': b'-- Up-to-date: /home/stepan/ws_ros2/install/px4_msgs/include/px4_msgs/px4_msgs/msg/detail/vehicle_odometry__functions.c\n'}
[6.232696] (px4_msgs) StdoutLine: {'line': b'-- Up-to-date: /home/stepan/ws_ros2/install/px4_msgs/include/px4_msgs/px4_msgs/msg/detail/control_allocator_status__type_support.h\n'}
[6.232880] (px4_msgs) StdoutLine: {'line': b'-- Up-to-date: /home/stepan/ws_ros2/install/px4_msgs/include/px4_msgs/px4_msgs/msg/detail/rover_velocity_status__type_support.h\n'}
[6.233038] (px4_msgs) StdoutLine: {'line': b'-- Up-to-date: /home/stepan/ws_ros2/install/px4_msgs/include/px4_msgs/px4_msgs/msg/detail/estimator_bias__functions.c\n'}
[6.233179] (px4_msgs) StdoutLine: {'line': b'-- Up-to-date: /home/stepan/ws_ros2/install/px4_msgs/include/px4_msgs/px4_msgs/msg/detail/parameter_set_used_request__type_support.h\n'}
[6.233288] (px4_msgs) StdoutLine: {'line': b'-- Up-to-date: /home/stepan/ws_ros2/install/px4_msgs/include/px4_msgs/px4_msgs/msg/detail/vehicle_land_detected__functions.h\n'}
[6.233384] (px4_msgs) StdoutLine: {'line': b'-- Up-to-date: /home/stepan/ws_ros2/install/px4_msgs/include/px4_msgs/px4_msgs/msg/detail/debug_array__type_support.h\n'}
[6.233479] (px4_msgs) StdoutLine: {'line': b'-- Up-to-date: /home/stepan/ws_ros2/install/px4_msgs/include/px4_msgs/px4_msgs/msg/detail/actuator_armed__type_support.h\n'}
[6.233585] (px4_msgs) StdoutLine: {'line': b'-- Up-to-date: /home/stepan/ws_ros2/install/px4_msgs/include/px4_msgs/px4_msgs/msg/detail/esc_report__type_support.h\n'}
[6.233690] (px4_msgs) StdoutLine: {'line': b'-- Up-to-date: /home/stepan/ws_ros2/install/px4_msgs/include/px4_msgs/px4_msgs/msg/detail/gpio_in__functions.h\n'}
[6.233860] (px4_msgs) StdoutLine: {'line': b'-- Up-to-date: /home/stepan/ws_ros2/install/px4_msgs/include/px4_msgs/px4_msgs/msg/detail/camera_status__functions.c\n'}
[6.234019] (px4_msgs) StdoutLine: {'line': b'-- Up-to-date: /home/stepan/ws_ros2/install/px4_msgs/include/px4_msgs/px4_msgs/msg/detail/actuator_outputs__functions.c\n'}
[6.234403] (px4_msgs) StdoutLine: {'line': b'-- Up-to-date: /home/stepan/ws_ros2/install/px4_msgs/include/px4_msgs/px4_msgs/msg/detail/landing_gear_wheel__functions.c\n'}
[6.235202] (px4_msgs) StdoutLine: {'line': b'-- Up-to-date: /home/stepan/ws_ros2/install/px4_msgs/include/px4_msgs/px4_msgs/msg/detail/navigator_status__functions.c\n'}
[6.235795] (px4_msgs) StdoutLine: {'line': b'-- Up-to-date: /home/stepan/ws_ros2/install/px4_msgs/include/px4_msgs/px4_msgs/msg/detail/arming_check_reply__type_support.h\n'}
[6.236605] (px4_msgs) StdoutLine: {'line': b'-- Up-to-date: /home/stepan/ws_ros2/install/px4_msgs/include/px4_msgs/px4_msgs/msg/detail/debug_key_value__struct.h\n'}
[6.237188] (px4_msgs) StdoutLine: {'line': b'-- Up-to-date: /home/stepan/ws_ros2/install/px4_msgs/include/px4_msgs/px4_msgs/msg/detail/sensor_airflow__struct.h\n'}
[6.237432] (px4_msgs) StdoutLine: {'line': b'-- Up-to-date: /home/stepan/ws_ros2/install/px4_msgs/include/px4_msgs/px4_msgs/msg/detail/cpuload__type_support.h\n'}
[6.237574] (px4_msgs) StdoutLine: {'line': b'-- Up-to-date: /home/stepan/ws_ros2/install/px4_msgs/include/px4_msgs/px4_msgs/msg/detail/navigator_mission_item__functions.h\n'}
[6.237834] (px4_msgs) StdoutLine: {'line': b'-- Up-to-date: /home/stepan/ws_ros2/install/px4_msgs/include/px4_msgs/px4_msgs/msg/detail/rtl_status__type_support.h\n'}
[6.238588] (px4_msgs) StdoutLine: {'line': b'-- Up-to-date: /home/stepan/ws_ros2/install/px4_msgs/include/px4_msgs/px4_msgs/msg/detail/orbit_status__functions.h\n'}
[6.239047] (px4_msgs) StdoutLine: {'line': b'-- Up-to-date: /home/stepan/ws_ros2/install/px4_msgs/include/px4_msgs/px4_msgs/msg/detail/follow_target_estimator__functions.c\n'}
[6.239261] (px4_msgs) StdoutLine: {'line': b'-- Up-to-date: /home/stepan/ws_ros2/install/px4_msgs/include/px4_msgs/px4_msgs/msg/detail/register_ext_component_request__type_support.h\n'}
[6.239447] (px4_msgs) StdoutLine: {'line': b'-- Up-to-date: /home/stepan/ws_ros2/install/px4_msgs/include/px4_msgs/px4_msgs/msg/detail/position_controller_landing_status__functions.h\n'}
[6.239576] (px4_msgs) StdoutLine: {'line': b'-- Up-to-date: /home/stepan/ws_ros2/install/px4_msgs/include/px4_msgs/px4_msgs/msg/detail/estimator_states__functions.h\n'}
[6.239791] (px4_msgs) StdoutLine: {'line': b'-- Up-to-date: /home/stepan/ws_ros2/install/px4_msgs/include/px4_msgs/px4_msgs/msg/detail/failure_detector_status__struct.h\n'}
[6.240427] (px4_msgs) StdoutLine: {'line': b'-- Up-to-date: /home/stepan/ws_ros2/install/px4_msgs/include/px4_msgs/px4_msgs/msg/detail/satellite_info__functions.h\n'}
[6.240801] (px4_msgs) StdoutLine: {'line': b'-- Up-to-date: /home/stepan/ws_ros2/install/px4_msgs/include/px4_msgs/px4_msgs/msg/detail/camera_capture__functions.h\n'}
[6.241078] (px4_msgs) StdoutLine: {'line': b'-- Up-to-date: /home/stepan/ws_ros2/install/px4_msgs/include/px4_msgs/px4_msgs/msg/detail/rover_position_setpoint__functions.h\n'}
[6.241355] (px4_msgs) StdoutLine: {'line': b'-- Up-to-date: /home/stepan/ws_ros2/install/px4_msgs/include/px4_msgs/px4_msgs/msg/detail/vehicle_imu_status__type_support.h\n'}
[6.241807] (px4_msgs) StdoutLine: {'line': b'-- Up-to-date: /home/stepan/ws_ros2/install/px4_msgs/include/px4_msgs/px4_msgs/msg/detail/arming_check_reply__functions.c\n'}
[6.242099] (px4_msgs) StdoutLine: {'line': b'-- Up-to-date: /home/stepan/ws_ros2/install/px4_msgs/include/px4_msgs/px4_msgs/msg/detail/gimbal_device_attitude_status__functions.h\n'}
[6.242516] (px4_msgs) StdoutLine: {'line': b'-- Up-to-date: /home/stepan/ws_ros2/install/px4_msgs/include/px4_msgs/px4_msgs/msg/detail/figure_eight_status__struct.h\n'}
[6.243074] (px4_msgs) StdoutLine: {'line': b'-- Up-to-date: /home/stepan/ws_ros2/install/px4_msgs/include/px4_msgs/px4_msgs/msg/detail/mount_orientation__type_support.h\n'}
[6.243269] (px4_msgs) StdoutLine: {'line': b'-- Up-to-date: /home/stepan/ws_ros2/install/px4_msgs/include/px4_msgs/px4_msgs/msg/detail/log_message__type_support.h\n'}
[6.243388] (px4_msgs) StdoutLine: {'line': b'-- Up-to-date: /home/stepan/ws_ros2/install/px4_msgs/include/px4_msgs/px4_msgs/msg/detail/vehicle_local_position_setpoint__type_support.h\n'}
[6.243506] (px4_msgs) StdoutLine: {'line': b'-- Up-to-date: /home/stepan/ws_ros2/install/px4_msgs/include/px4_msgs/px4_msgs/msg/detail/airspeed_validated__type_support.h\n'}
[6.244225] (px4_msgs) StdoutLine: {'line': b'-- Up-to-date: /home/stepan/ws_ros2/install/px4_msgs/include/px4_msgs/px4_msgs/msg/detail/follow_target_estimator__type_support.h\n'}
[6.244521] (px4_msgs) StdoutLine: {'line': b'-- Up-to-date: /home/stepan/ws_ros2/install/px4_msgs/include/px4_msgs/px4_msgs/msg/detail/open_drone_id_operator_id__functions.c\n'}
[6.244695] (px4_msgs) StdoutLine: {'line': b'-- Up-to-date: /home/stepan/ws_ros2/install/px4_msgs/include/px4_msgs/px4_msgs/msg/detail/sensor_gyro_fifo__struct.h\n'}
[6.244896] (px4_msgs) StdoutLine: {'line': b'-- Up-to-date: /home/stepan/ws_ros2/install/px4_msgs/include/px4_msgs/px4_msgs/msg/detail/rover_attitude_setpoint__functions.c\n'}
[6.245056] (px4_msgs) StdoutLine: {'line': b'-- Up-to-date: /home/stepan/ws_ros2/install/px4_msgs/include/px4_msgs/px4_msgs/msg/detail/health_report__type_support.h\n'}
[6.245222] (px4_msgs) StdoutLine: {'line': b'-- Up-to-date: /home/stepan/ws_ros2/install/px4_msgs/include/px4_msgs/px4_msgs/msg/detail/log_message__functions.c\n'}
[6.245371] (px4_msgs) StdoutLine: {'line': b'-- Up-to-date: /home/stepan/ws_ros2/install/px4_msgs/include/px4_msgs/px4_msgs/msg/detail/obstacle_distance__type_support.h\n'}
[6.245628] (px4_msgs) StdoutLine: {'line': b'-- Up-to-date: /home/stepan/ws_ros2/install/px4_msgs/include/px4_msgs/px4_msgs/msg/detail/ulog_stream_ack__functions.c\n'}
[6.245740] (px4_msgs) StdoutLine: {'line': b'-- Up-to-date: /home/stepan/ws_ros2/install/px4_msgs/include/px4_msgs/px4_msgs/msg/detail/magnetometer_bias_estimate__functions.h\n'}
[6.245889] (px4_msgs) StdoutLine: {'line': b'-- Up-to-date: /home/stepan/ws_ros2/install/px4_msgs/include/px4_msgs/px4_msgs/msg/detail/camera_trigger__type_support.h\n'}
[6.245989] (px4_msgs) StdoutLine: {'line': b'-- Up-to-date: /home/stepan/ws_ros2/install/px4_msgs/include/px4_msgs/px4_msgs/msg/detail/adc_report__functions.h\n'}
[6.246111] (px4_msgs) StdoutLine: {'line': b'-- Up-to-date: /home/stepan/ws_ros2/install/px4_msgs/include/px4_msgs/px4_msgs/msg/detail/sensors_status__functions.h\n'}
[6.246238] (px4_msgs) StdoutLine: {'line': b'-- Up-to-date: /home/stepan/ws_ros2/install/px4_msgs/include/px4_msgs/px4_msgs/msg/detail/failsafe_flags__functions.h\n'}
[6.246401] (px4_msgs) StdoutLine: {'line': b'-- Up-to-date: /home/stepan/ws_ros2/install/px4_msgs/include/px4_msgs/px4_msgs/msg/detail/geofence_result__functions.h\n'}
[6.246518] (px4_msgs) StdoutLine: {'line': b'-- Up-to-date: /home/stepan/ws_ros2/install/px4_msgs/include/px4_msgs/px4_msgs/msg/detail/tune_control__functions.c\n'}
[6.246625] (px4_msgs) StdoutLine: {'line': b'-- Up-to-date: /home/stepan/ws_ros2/install/px4_msgs/include/px4_msgs/px4_msgs/msg/detail/estimator_selector_status__functions.h\n'}
[6.246770] (px4_msgs) StdoutLine: {'line': b'-- Up-to-date: /home/stepan/ws_ros2/install/px4_msgs/include/px4_msgs/px4_msgs/msg/detail/normalized_unsigned_setpoint__functions.c\n'}
[6.246917] (px4_msgs) StdoutLine: {'line': b'-- Up-to-date: /home/stepan/ws_ros2/install/px4_msgs/include/px4_msgs/px4_msgs/msg/detail/gpio_in__functions.c\n'}
[6.247093] (px4_msgs) StdoutLine: {'line': b'-- Up-to-date: /home/stepan/ws_ros2/install/px4_msgs/include/px4_msgs/px4_msgs/msg/detail/rpm__struct.h\n'}
[6.247288] (px4_msgs) StdoutLine: {'line': b'-- Up-to-date: /home/stepan/ws_ros2/install/px4_msgs/include/px4_msgs/px4_msgs/msg/detail/ulog_stream__functions.h\n'}
[6.247437] (px4_msgs) StdoutLine: {'line': b'-- Up-to-date: /home/stepan/ws_ros2/install/px4_msgs/include/px4_msgs/px4_msgs/msg/detail/rover_attitude_status__functions.h\n'}
[6.247656] (px4_msgs) StdoutLine: {'line': b'-- Up-to-date: /home/stepan/ws_ros2/install/px4_msgs/include/px4_msgs/px4_msgs/msg/detail/mode_completed__struct.h\n'}
[6.247843] (px4_msgs) StdoutLine: {'line': b'-- Up-to-date: /home/stepan/ws_ros2/install/px4_msgs/include/px4_msgs/px4_msgs/msg/detail/sensor_hygrometer__functions.h\n'}
[6.248002] (px4_msgs) StdoutLine: {'line': b'-- Up-to-date: /home/stepan/ws_ros2/install/px4_msgs/include/px4_msgs/px4_msgs/msg/detail/internal_combustion_engine_control__type_support.h\n'}
[6.248157] (px4_msgs) StdoutLine: {'line': b'-- Up-to-date: /home/stepan/ws_ros2/install/px4_msgs/include/px4_msgs/px4_msgs/msg/detail/arming_check_request__type_support.h\n'}
[6.248315] (px4_msgs) StdoutLine: {'line': b'-- Up-to-date: /home/stepan/ws_ros2/install/px4_msgs/include/px4_msgs/px4_msgs/msg/detail/sensor_accel_fifo__functions.c\n'}
[6.248413] (px4_msgs) StdoutLine: {'line': b'-- Up-to-date: /home/stepan/ws_ros2/install/px4_msgs/include/px4_msgs/px4_msgs/msg/detail/vehicle_torque_setpoint__struct.h\n'}
[6.248520] (px4_msgs) StdoutLine: {'line': b'-- Up-to-date: /home/stepan/ws_ros2/install/px4_msgs/include/px4_msgs/px4_msgs/msg/detail/heater_status__type_support.h\n'}
[6.248633] (px4_msgs) StdoutLine: {'line': b'-- Up-to-date: /home/stepan/ws_ros2/install/px4_msgs/include/px4_msgs/px4_msgs/msg/detail/vehicle_command_ack__type_support.h\n'}
[6.248781] (px4_msgs) StdoutLine: {'line': b'-- Up-to-date: /home/stepan/ws_ros2/install/px4_msgs/include/px4_msgs/px4_msgs/msg/detail/orbit_status__functions.c\n'}
[6.248999] (px4_msgs) StdoutLine: {'line': b'-- Up-to-date: /home/stepan/ws_ros2/install/px4_msgs/include/px4_msgs/px4_msgs/msg/detail/rc_parameter_map__functions.h\n'}
[6.249111] (px4_msgs) StdoutLine: {'line': b'-- Up-to-date: /home/stepan/ws_ros2/install/px4_msgs/include/px4_msgs/px4_msgs/msg/detail/sensor_optical_flow__struct.h\n'}
[6.249208] (px4_msgs) StdoutLine: {'line': b'-- Up-to-date: /home/stepan/ws_ros2/install/px4_msgs/include/px4_msgs/px4_msgs/msg/detail/pwm_input__struct.h\n'}
[6.249357] (px4_msgs) StdoutLine: {'line': b'-- Up-to-date: /home/stepan/ws_ros2/install/px4_msgs/include/px4_msgs/px4_msgs/msg/detail/qshell_req__functions.c\n'}
[6.249510] (px4_msgs) StdoutLine: {'line': b'-- Up-to-date: /home/stepan/ws_ros2/install/px4_msgs/include/px4_msgs/px4_msgs/msg/detail/vehicle_land_detected__functions.c\n'}
[6.249664] (px4_msgs) StdoutLine: {'line': b'-- Up-to-date: /home/stepan/ws_ros2/install/px4_msgs/include/px4_msgs/px4_msgs/msg/detail/follow_target__struct.h\n'}
[6.249840] (px4_msgs) StdoutLine: {'line': b'-- Up-to-date: /home/stepan/ws_ros2/install/px4_msgs/include/px4_msgs/px4_msgs/msg/detail/npfg_status__functions.h\n'}
[6.249999] (px4_msgs) StdoutLine: {'line': b'-- Up-to-date: /home/stepan/ws_ros2/install/px4_msgs/include/px4_msgs/px4_msgs/msg/detail/sensor_combined__type_support.h\n'}
[6.250154] (px4_msgs) StdoutLine: {'line': b'-- Up-to-date: /home/stepan/ws_ros2/install/px4_msgs/include/px4_msgs/px4_msgs/msg/detail/airspeed_wind__functions.h\n'}
[6.250313] (px4_msgs) StdoutLine: {'line': b'-- Up-to-date: /home/stepan/ws_ros2/install/px4_msgs/include/px4_msgs/px4_msgs/msg/detail/position_setpoint__type_support.h\n'}
[6.250612] (px4_msgs) StdoutLine: {'line': b'-- Up-to-date: /home/stepan/ws_ros2/install/px4_msgs/include/px4_msgs/px4_msgs/msg/detail/estimator_status_flags__functions.c\n'}
[6.250835] (px4_msgs) StdoutLine: {'line': b'-- Up-to-date: /home/stepan/ws_ros2/install/px4_msgs/include/px4_msgs/px4_msgs/msg/detail/pps_capture__functions.c\n'}
[6.251095] (px4_msgs) StdoutLine: {'line': b'-- Up-to-date: /home/stepan/ws_ros2/install/px4_msgs/include/px4_msgs/px4_msgs/msg/detail/landing_gear__functions.c\n'}
[6.252100] (px4_msgs) StdoutLine: {'line': b'-- Up-to-date: /home/stepan/ws_ros2/install/px4_msgs/include/px4_msgs/px4_msgs/msg/detail/vehicle_magnetometer__struct.h\n'}
[6.252853] (px4_msgs) StdoutLine: {'line': b'-- Up-to-date: /home/stepan/ws_ros2/install/px4_msgs/include/px4_msgs/px4_msgs/msg/detail/register_ext_component_reply__functions.c\n'}
[6.253214] (px4_msgs) StdoutLine: {'line': b'-- Up-to-date: /home/stepan/ws_ros2/install/px4_msgs/include/px4_msgs/px4_msgs/msg/detail/gpio_config__functions.h\n'}
[6.253609] (px4_msgs) StdoutLine: {'line': b'-- Up-to-date: /home/stepan/ws_ros2/install/px4_msgs/include/px4_msgs/px4_msgs/msg/detail/camera_trigger__struct.h\n'}
[6.254012] (px4_msgs) StdoutLine: {'line': b'-- Up-to-date: /home/stepan/ws_ros2/install/px4_msgs/include/px4_msgs/px4_msgs/msg/detail/actuator_controls_status__type_support.h\n'}
[6.254479] (px4_msgs) StdoutLine: {'line': b'-- Up-to-date: /home/stepan/ws_ros2/install/px4_msgs/include/px4_msgs/px4_msgs/msg/detail/tune_control__type_support.h\n'}
[6.254987] (px4_msgs) StdoutLine: {'line': b'-- Up-to-date: /home/stepan/ws_ros2/install/px4_msgs/include/px4_msgs/px4_msgs/msg/detail/qshell_retval__struct.h\n'}
[6.255126] (px4_msgs) StdoutLine: {'line': b'-- Up-to-date: /home/stepan/ws_ros2/install/px4_msgs/include/px4_msgs/px4_msgs/msg/detail/vehicle_imu__functions.c\n'}
[6.255296] (px4_msgs) StdoutLine: {'line': b'-- Up-to-date: /home/stepan/ws_ros2/install/px4_msgs/include/px4_msgs/px4_msgs/msg/detail/power_button_state__functions.c\n'}
[6.255527] (px4_msgs) StdoutLine: {'line': b'-- Up-to-date: /home/stepan/ws_ros2/install/px4_msgs/include/px4_msgs/px4_msgs/msg/detail/sensor_uwb__functions.h\n'}
[6.255968] (px4_msgs) StdoutLine: {'line': b'-- Up-to-date: /home/stepan/ws_ros2/install/px4_msgs/include/px4_msgs/px4_msgs/msg/detail/message_format_request__struct.h\n'}
[6.256623] (-) TimerEvent: {}
[6.256917] (px4_msgs) StdoutLine: {'line': b'-- Up-to-date: /home/stepan/ws_ros2/install/px4_msgs/include/px4_msgs/px4_msgs/msg/detail/pure_pursuit_status__type_support.h\n'}
[6.257182] (px4_msgs) StdoutLine: {'line': b'-- Up-to-date: /home/stepan/ws_ros2/install/px4_msgs/include/px4_msgs/px4_msgs/msg/detail/action_request__functions.c\n'}
[6.257315] (px4_msgs) StdoutLine: {'line': b'-- Up-to-date: /home/stepan/ws_ros2/install/px4_msgs/include/px4_msgs/px4_msgs/msg/detail/camera_status__functions.h\n'}
[6.257421] (px4_msgs) StdoutLine: {'line': b'-- Up-to-date: /home/stepan/ws_ros2/install/px4_msgs/include/px4_msgs/px4_msgs/msg/detail/actuator_servos_trim__functions.h\n'}
[6.257517] (px4_msgs) StdoutLine: {'line': b'-- Up-to-date: /home/stepan/ws_ros2/install/px4_msgs/include/px4_msgs/px4_msgs/msg/detail/rover_throttle_setpoint__functions.h\n'}
[6.257636] (px4_msgs) StdoutLine: {'line': b'-- Up-to-date: /home/stepan/ws_ros2/install/px4_msgs/include/px4_msgs/px4_msgs/msg/detail/sensor_preflight_mag__struct.h\n'}
[6.257754] (px4_msgs) StdoutLine: {'line': b'-- Up-to-date: /home/stepan/ws_ros2/install/px4_msgs/include/px4_msgs/px4_msgs/msg/detail/ulog_stream__functions.c\n'}
[6.258172] (px4_msgs) StdoutLine: {'line': b'-- Up-to-date: /home/stepan/ws_ros2/install/px4_msgs/include/px4_msgs/px4_msgs/msg/detail/parameter_update__struct.h\n'}
[6.258359] (px4_msgs) StdoutLine: {'line': b'-- Up-to-date: /home/stepan/ws_ros2/install/px4_msgs/include/px4_msgs/px4_msgs/msg/detail/takeoff_status__type_support.h\n'}
[6.258546] (px4_msgs) StdoutLine: {'line': b'-- Up-to-date: /home/stepan/ws_ros2/install/px4_msgs/include/px4_msgs/px4_msgs/msg/detail/vehicle_odometry__struct.h\n'}
[6.259328] (px4_msgs) StdoutLine: {'line': b'-- Up-to-date: /home/stepan/ws_ros2/install/px4_msgs/include/px4_msgs/px4_msgs/msg/detail/gpio_in__type_support.h\n'}
[6.259753] (px4_msgs) StdoutLine: {'line': b'-- Up-to-date: /home/stepan/ws_ros2/install/px4_msgs/include/px4_msgs/px4_msgs/msg/detail/vehicle_magnetometer__functions.h\n'}
[6.259897] (px4_msgs) StdoutLine: {'line': b'-- Up-to-date: /home/stepan/ws_ros2/install/px4_msgs/include/px4_msgs/px4_msgs/msg/detail/vehicle_local_position_setpoint__functions.c\n'}
[6.260206] (px4_msgs) StdoutLine: {'line': b'-- Up-to-date: /home/stepan/ws_ros2/install/px4_msgs/include/px4_msgs/px4_msgs/msg/detail/vehicle_local_position__type_support.h\n'}
[6.260396] (px4_msgs) StdoutLine: {'line': b'-- Up-to-date: /home/stepan/ws_ros2/install/px4_msgs/include/px4_msgs/px4_msgs/msg/detail/dataman_response__struct.h\n'}
[6.260585] (px4_msgs) StdoutLine: {'line': b'-- Up-to-date: /home/stepan/ws_ros2/install/px4_msgs/include/px4_msgs/px4_msgs/msg/detail/rover_velocity_status__functions.c\n'}
[6.260805] (px4_msgs) StdoutLine: {'line': b'-- Up-to-date: /home/stepan/ws_ros2/install/px4_msgs/include/px4_msgs/px4_msgs/msg/detail/onboard_computer_status__functions.h\n'}
[6.261198] (px4_msgs) StdoutLine: {'line': b'-- Up-to-date: /home/stepan/ws_ros2/install/px4_msgs/include/px4_msgs/px4_msgs/msg/detail/input_rc__type_support.h\n'}
[6.261406] (px4_msgs) StdoutLine: {'line': b'-- Up-to-date: /home/stepan/ws_ros2/install/px4_msgs/include/px4_msgs/px4_msgs/msg/detail/generator_status__functions.c\n'}
[6.261559] (px4_msgs) StdoutLine: {'line': b'-- Up-to-date: /home/stepan/ws_ros2/install/px4_msgs/include/px4_msgs/px4_msgs/msg/detail/vehicle_magnetometer__functions.c\n'}
[6.261830] (px4_msgs) StdoutLine: {'line': b'-- Up-to-date: /home/stepan/ws_ros2/install/px4_msgs/include/px4_msgs/px4_msgs/msg/detail/parameter_set_used_request__functions.c\n'}
[6.261947] (px4_msgs) StdoutLine: {'line': b'-- Up-to-date: /home/stepan/ws_ros2/install/px4_msgs/include/px4_msgs/px4_msgs/msg/detail/led_control__type_support.h\n'}
[6.262081] (px4_msgs) StdoutLine: {'line': b'-- Up-to-date: /home/stepan/ws_ros2/install/px4_msgs/include/px4_msgs/px4_msgs/msg/detail/iridiumsbd_status__functions.h\n'}
[6.262190] (px4_msgs) StdoutLine: {'line': b'-- Up-to-date: /home/stepan/ws_ros2/install/px4_msgs/include/px4_msgs/px4_msgs/msg/detail/gimbal_device_attitude_status__functions.c\n'}
[6.262345] (px4_msgs) StdoutLine: {'line': b'-- Up-to-date: /home/stepan/ws_ros2/install/px4_msgs/include/px4_msgs/px4_msgs/msg/detail/actuator_armed__struct.h\n'}
[6.262502] (px4_msgs) StdoutLine: {'line': b'-- Up-to-date: /home/stepan/ws_ros2/install/px4_msgs/include/px4_msgs/px4_msgs/msg/detail/mode_completed__functions.c\n'}
[6.262668] (px4_msgs) StdoutLine: {'line': b'-- Up-to-date: /home/stepan/ws_ros2/install/px4_msgs/include/px4_msgs/px4_msgs/msg/detail/iridiumsbd_status__functions.c\n'}
[6.262876] (px4_msgs) StdoutLine: {'line': b'-- Up-to-date: /home/stepan/ws_ros2/install/px4_msgs/include/px4_msgs/px4_msgs/msg/detail/failure_detector_status__functions.c\n'}
[6.263068] (px4_msgs) StdoutLine: {'line': b'-- Up-to-date: /home/stepan/ws_ros2/install/px4_msgs/include/px4_msgs/px4_msgs/msg/detail/estimator_event_flags__type_support.h\n'}
[6.263232] (px4_msgs) StdoutLine: {'line': b'-- Up-to-date: /home/stepan/ws_ros2/install/px4_msgs/include/px4_msgs/px4_msgs/msg/detail/manual_control_setpoint__struct.h\n'}
[6.263397] (px4_msgs) StdoutLine: {'line': b'-- Up-to-date: /home/stepan/ws_ros2/install/px4_msgs/include/px4_msgs/px4_msgs/msg/detail/airspeed__type_support.h\n'}
[6.263692] (px4_msgs) StdoutLine: {'line': b'-- Up-to-date: /home/stepan/ws_ros2/install/px4_msgs/include/px4_msgs/px4_msgs/msg/detail/ackermann_velocity_setpoint__type_support.h\n'}
[6.263903] (px4_msgs) StdoutLine: {'line': b'-- Up-to-date: /home/stepan/ws_ros2/install/px4_msgs/include/px4_msgs/px4_msgs/msg/detail/orb_test_medium__functions.h\n'}
[6.264109] (px4_msgs) StdoutLine: {'line': b'-- Up-to-date: /home/stepan/ws_ros2/install/px4_msgs/include/px4_msgs/px4_msgs/msg/detail/mavlink_tunnel__functions.h\n'}
[6.264270] (px4_msgs) StdoutLine: {'line': b'-- Up-to-date: /home/stepan/ws_ros2/install/px4_msgs/include/px4_msgs/px4_msgs/msg/detail/internal_combustion_engine_control__functions.c\n'}
[6.264376] (px4_msgs) StdoutLine: {'line': b'-- Up-to-date: /home/stepan/ws_ros2/install/px4_msgs/include/px4_msgs/px4_msgs/msg/detail/ekf2_timestamps__functions.c\n'}
[6.264522] (px4_msgs) StdoutLine: {'line': b'-- Up-to-date: /home/stepan/ws_ros2/install/px4_msgs/include/px4_msgs/px4_msgs/msg/detail/vehicle_angular_velocity__functions.h\n'}
[6.264649] (px4_msgs) StdoutLine: {'line': b'-- Up-to-date: /home/stepan/ws_ros2/install/px4_msgs/include/px4_msgs/px4_msgs/msg/detail/gimbal_controls__functions.c\n'}
[6.264818] (px4_msgs) StdoutLine: {'line': b'-- Up-to-date: /home/stepan/ws_ros2/install/px4_msgs/include/px4_msgs/px4_msgs/msg/detail/estimator_aid_source2d__functions.h\n'}
[6.264931] (px4_msgs) StdoutLine: {'line': b'-- Up-to-date: /home/stepan/ws_ros2/install/px4_msgs/include/px4_msgs/px4_msgs/msg/detail/vehicle_local_position__struct.h\n'}
[6.265028] (px4_msgs) StdoutLine: {'line': b'-- Up-to-date: /home/stepan/ws_ros2/install/px4_msgs/include/px4_msgs/px4_msgs/msg/detail/pure_pursuit_status__functions.c\n'}
[6.265166] (px4_msgs) StdoutLine: {'line': b'-- Up-to-date: /home/stepan/ws_ros2/install/px4_msgs/include/px4_msgs/px4_msgs/msg/detail/vehicle_optical_flow_vel__functions.c\n'}
[6.265418] (px4_msgs) StdoutLine: {'line': b'-- Up-to-date: /home/stepan/ws_ros2/install/px4_msgs/include/px4_msgs/px4_msgs/msg/detail/sensor_accel_fifo__functions.h\n'}
[6.265585] (px4_msgs) StdoutLine: {'line': b'-- Up-to-date: /home/stepan/ws_ros2/install/px4_msgs/include/px4_msgs/px4_msgs/msg/detail/actuator_motors__type_support.h\n'}
[6.265696] (px4_msgs) StdoutLine: {'line': b'-- Up-to-date: /home/stepan/ws_ros2/install/px4_msgs/include/px4_msgs/px4_msgs/msg/detail/sensor_optical_flow__type_support.h\n'}
[6.265816] (px4_msgs) StdoutLine: {'line': b'-- Up-to-date: /home/stepan/ws_ros2/install/px4_msgs/include/px4_msgs/px4_msgs/msg/detail/gps_dump__functions.h\n'}
[6.265918] (px4_msgs) StdoutLine: {'line': b'-- Up-to-date: /home/stepan/ws_ros2/install/px4_msgs/include/px4_msgs/px4_msgs/msg/detail/actuator_motors__struct.h\n'}
[6.266014] (px4_msgs) StdoutLine: {'line': b'-- Up-to-date: /home/stepan/ws_ros2/install/px4_msgs/include/px4_msgs/px4_msgs/msg/detail/orbit_status__type_support.h\n'}
[6.266109] (px4_msgs) StdoutLine: {'line': b'-- Up-to-date: /home/stepan/ws_ros2/install/px4_msgs/include/px4_msgs/px4_msgs/msg/detail/cpuload__functions.h\n'}
[6.266226] (px4_msgs) StdoutLine: {'line': b'-- Up-to-date: /home/stepan/ws_ros2/install/px4_msgs/include/px4_msgs/px4_msgs/msg/detail/landing_target_pose__functions.h\n'}
[6.266381] (px4_msgs) StdoutLine: {'line': b'-- Up-to-date: /home/stepan/ws_ros2/install/px4_msgs/include/px4_msgs/px4_msgs/msg/detail/vehicle_thrust_setpoint__struct.h\n'}
[6.266535] (px4_msgs) StdoutLine: {'line': b'-- Up-to-date: /home/stepan/ws_ros2/install/px4_msgs/include/px4_msgs/px4_msgs/msg/detail/mission_result__type_support.h\n'}
[6.266782] (px4_msgs) StdoutLine: {'line': b'-- Up-to-date: /home/stepan/ws_ros2/install/px4_msgs/include/px4_msgs/px4_msgs/msg/detail/estimator_status__functions.h\n'}
[6.267808] (px4_msgs) StdoutLine: {'line': b'-- Up-to-date: /home/stepan/ws_ros2/install/px4_msgs/include/px4_msgs/px4_msgs/msg/detail/pwm_input__functions.c\n'}
[6.268495] (px4_msgs) StdoutLine: {'line': b'-- Up-to-date: /home/stepan/ws_ros2/install/px4_msgs/include/px4_msgs/px4_msgs/msg/detail/vehicle_roi__functions.h\n'}
[6.268940] (px4_msgs) StdoutLine: {'line': b'-- Up-to-date: /home/stepan/ws_ros2/install/px4_msgs/include/px4_msgs/px4_msgs/msg/detail/geofence_result__functions.c\n'}
[6.269991] (px4_msgs) StdoutLine: {'line': b'-- Up-to-date: /home/stepan/ws_ros2/install/px4_msgs/include/px4_msgs/px4_msgs/msg/detail/qshell_retval__functions.h\n'}
[6.270353] (px4_msgs) StdoutLine: {'line': b'-- Up-to-date: /home/stepan/ws_ros2/install/px4_msgs/include/px4_msgs/px4_msgs/msg/detail/gps_dump__struct.h\n'}
[6.271181] (px4_msgs) StdoutLine: {'line': b'-- Up-to-date: /home/stepan/ws_ros2/install/px4_msgs/include/px4_msgs/px4_msgs/msg/detail/orbit_status__struct.h\n'}
[6.271502] (px4_msgs) StdoutLine: {'line': b'-- Up-to-date: /home/stepan/ws_ros2/install/px4_msgs/include/px4_msgs/px4_msgs/msg/detail/sensor_gps__struct.h\n'}
[6.271696] (px4_msgs) StdoutLine: {'line': b'-- Up-to-date: /home/stepan/ws_ros2/install/px4_msgs/include/px4_msgs/px4_msgs/msg/detail/debug_array__functions.h\n'}
[6.272233] (px4_msgs) StdoutLine: {'line': b'-- Up-to-date: /home/stepan/ws_ros2/install/px4_msgs/include/px4_msgs/px4_msgs/msg/detail/position_setpoint_triplet__struct.h\n'}
[6.272580] (px4_msgs) StdoutLine: {'line': b'-- Up-to-date: /home/stepan/ws_ros2/install/px4_msgs/include/px4_msgs/px4_msgs/msg/detail/gpio_config__functions.c\n'}
[6.273160] (px4_msgs) StdoutLine: {'line': b'-- Up-to-date: /home/stepan/ws_ros2/install/px4_msgs/include/px4_msgs/px4_msgs/msg/detail/position_controller_landing_status__functions.c\n'}
[6.273329] (px4_msgs) StdoutLine: {'line': b'-- Up-to-date: /home/stepan/ws_ros2/install/px4_msgs/include/px4_msgs/px4_msgs/msg/detail/open_drone_id_operator_id__struct.h\n'}
[6.273434] (px4_msgs) StdoutLine: {'line': b'-- Up-to-date: /home/stepan/ws_ros2/install/px4_msgs/include/px4_msgs/px4_msgs/msg/detail/config_overrides__functions.h\n'}
[6.273529] (px4_msgs) StdoutLine: {'line': b'-- Up-to-date: /home/stepan/ws_ros2/install/px4_msgs/include/px4_msgs/px4_msgs/msg/detail/transponder_report__functions.c\n'}
[6.273640] (px4_msgs) StdoutLine: {'line': b'-- Up-to-date: /home/stepan/ws_ros2/install/px4_msgs/include/px4_msgs/px4_msgs/msg/detail/offboard_control_mode__struct.h\n'}
[6.273755] (px4_msgs) StdoutLine: {'line': b'-- Up-to-date: /home/stepan/ws_ros2/install/px4_msgs/include/px4_msgs/px4_msgs/msg/detail/sensor_accel__functions.h\n'}
[6.273927] (px4_msgs) StdoutLine: {'line': b'-- Up-to-date: /home/stepan/ws_ros2/install/px4_msgs/include/px4_msgs/px4_msgs/msg/detail/vehicle_status__functions.h\n'}
[6.274185] (px4_msgs) StdoutLine: {'line': b'-- Up-to-date: /home/stepan/ws_ros2/install/px4_msgs/include/px4_msgs/px4_msgs/msg/detail/autotune_attitude_control_status__struct.h\n'}
[6.274851] (px4_msgs) StdoutLine: {'line': b'-- Up-to-date: /home/stepan/ws_ros2/install/px4_msgs/include/px4_msgs/px4_msgs/msg/detail/uavcan_parameter_value__functions.h\n'}
[6.275080] (px4_msgs) StdoutLine: {'line': b'-- Up-to-date: /home/stepan/ws_ros2/install/px4_msgs/include/px4_msgs/px4_msgs/msg/detail/landing_gear_wheel__functions.h\n'}
[6.275285] (px4_msgs) StdoutLine: {'line': b'-- Up-to-date: /home/stepan/ws_ros2/install/px4_msgs/include/px4_msgs/px4_msgs/msg/detail/position_setpoint__functions.h\n'}
[6.275477] (px4_msgs) StdoutLine: {'line': b'-- Up-to-date: /home/stepan/ws_ros2/install/px4_msgs/include/px4_msgs/px4_msgs/msg/detail/estimator_status__struct.h\n'}
[6.275613] (px4_msgs) StdoutLine: {'line': b'-- Up-to-date: /home/stepan/ws_ros2/install/px4_msgs/include/px4_msgs/px4_msgs/msg/detail/vehicle_air_data__functions.h\n'}
[6.275821] (px4_msgs) StdoutLine: {'line': b'-- Up-to-date: /home/stepan/ws_ros2/install/px4_msgs/include/px4_msgs/px4_msgs/msg/detail/gpio_out__type_support.h\n'}
[6.275996] (px4_msgs) StdoutLine: {'line': b'-- Up-to-date: /home/stepan/ws_ros2/install/px4_msgs/include/px4_msgs/px4_msgs/msg/detail/estimator_status_flags__type_support.h\n'}
[6.276156] (px4_msgs) StdoutLine: {'line': b'-- Up-to-date: /home/stepan/ws_ros2/install/px4_msgs/include/px4_msgs/px4_msgs/msg/detail/power_button_state__functions.h\n'}
[6.276330] (px4_msgs) StdoutLine: {'line': b'-- Up-to-date: /home/stepan/ws_ros2/install/px4_msgs/include/px4_msgs/px4_msgs/msg/detail/vehicle_optical_flow__functions.h\n'}
[6.276523] (px4_msgs) StdoutLine: {'line': b'-- Up-to-date: /home/stepan/ws_ros2/install/px4_msgs/include/px4_msgs/px4_msgs/msg/detail/manual_control_setpoint__functions.h\n'}
[6.276856] (px4_msgs) StdoutLine: {'line': b'-- Up-to-date: /home/stepan/ws_ros2/install/px4_msgs/include/px4_msgs/px4_msgs/msg/detail/vtol_vehicle_status__functions.h\n'}
[6.277040] (px4_msgs) StdoutLine: {'line': b'-- Up-to-date: /home/stepan/ws_ros2/install/px4_msgs/include/px4_msgs/px4_msgs/msg/detail/velocity_limits__functions.h\n'}
[6.277234] (px4_msgs) StdoutLine: {'line': b'-- Up-to-date: /home/stepan/ws_ros2/install/px4_msgs/include/px4_msgs/px4_msgs/msg/detail/sensor_gyro__functions.c\n'}
[6.277369] (px4_msgs) StdoutLine: {'line': b'-- Up-to-date: /home/stepan/ws_ros2/install/px4_msgs/include/px4_msgs/px4_msgs/msg/detail/magnetometer_bias_estimate__functions.c\n'}
[6.277543] (px4_msgs) StdoutLine: {'line': b'-- Up-to-date: /home/stepan/ws_ros2/install/px4_msgs/include/px4_msgs/px4_msgs/msg/detail/gimbal_manager_set_attitude__struct.h\n'}
[6.277698] (px4_msgs) StdoutLine: {'line': b'-- Up-to-date: /home/stepan/ws_ros2/install/px4_msgs/include/px4_msgs/px4_msgs/msg/detail/orb_test__struct.h\n'}
[6.277857] (px4_msgs) StdoutLine: {'line': b'-- Up-to-date: /home/stepan/ws_ros2/install/px4_msgs/include/px4_msgs/px4_msgs/msg/detail/sensor_optical_flow__functions.c\n'}
[6.277982] (px4_msgs) StdoutLine: {'line': b'-- Up-to-date: /home/stepan/ws_ros2/install/px4_msgs/include/px4_msgs/px4_msgs/msg/detail/actuator_controls_status__functions.h\n'}
[6.278110] (px4_msgs) StdoutLine: {'line': b'-- Up-to-date: /home/stepan/ws_ros2/install/px4_msgs/include/px4_msgs/px4_msgs/msg/detail/sensor_correction__functions.h\n'}
[6.278208] (px4_msgs) StdoutLine: {'line': b'-- Up-to-date: /home/stepan/ws_ros2/install/px4_msgs/include/px4_msgs/px4_msgs/msg/detail/unregister_ext_component__functions.h\n'}
[6.278308] (px4_msgs) StdoutLine: {'line': b'-- Up-to-date: /home/stepan/ws_ros2/install/px4_msgs/include/px4_msgs/px4_msgs/msg/detail/gimbal_manager_status__functions.h\n'}
[6.278540] (px4_msgs) StdoutLine: {'line': b'-- Up-to-date: /home/stepan/ws_ros2/install/px4_msgs/include/px4_msgs/px4_msgs/msg/detail/rate_ctrl_status__struct.h\n'}
[6.278672] (px4_msgs) StdoutLine: {'line': b'-- Up-to-date: /home/stepan/ws_ros2/install/px4_msgs/include/px4_msgs/px4_msgs/msg/detail/battery_status__struct.h\n'}
[6.278812] (px4_msgs) StdoutLine: {'line': b'-- Up-to-date: /home/stepan/ws_ros2/install/px4_msgs/include/px4_msgs/px4_msgs/msg/detail/rover_rate_status__functions.c\n'}
[6.278978] (px4_msgs) StdoutLine: {'line': b'-- Up-to-date: /home/stepan/ws_ros2/install/px4_msgs/include/px4_msgs/px4_msgs/msg/detail/vehicle_roi__type_support.h\n'}
[6.279152] (px4_msgs) StdoutLine: {'line': b'-- Up-to-date: /home/stepan/ws_ros2/install/px4_msgs/include/px4_msgs/px4_msgs/msg/detail/debug_value__functions.c\n'}
[6.279302] (px4_msgs) StdoutLine: {'line': b'-- Up-to-date: /home/stepan/ws_ros2/install/px4_msgs/include/px4_msgs/px4_msgs/msg/detail/sensor_combined__functions.c\n'}
[6.279403] (px4_msgs) StdoutLine: {'line': b'-- Up-to-date: /home/stepan/ws_ros2/install/px4_msgs/include/px4_msgs/px4_msgs/msg/detail/failure_detector_status__functions.h\n'}
[6.279500] (px4_msgs) StdoutLine: {'line': b'-- Up-to-date: /home/stepan/ws_ros2/install/px4_msgs/include/px4_msgs/px4_msgs/msg/detail/gpio_config__type_support.h\n'}
[6.279595] (px4_msgs) StdoutLine: {'line': b'-- Up-to-date: /home/stepan/ws_ros2/install/px4_msgs/include/px4_msgs/px4_msgs/msg/detail/input_rc__struct.h\n'}
[6.279761] (px4_msgs) StdoutLine: {'line': b'-- Up-to-date: /home/stepan/ws_ros2/install/px4_msgs/include/px4_msgs/px4_msgs/msg/detail/vehicle_global_position__functions.h\n'}
[6.279957] (px4_msgs) StdoutLine: {'line': b'-- Up-to-date: /home/stepan/ws_ros2/install/px4_msgs/include/px4_msgs/px4_msgs/msg/detail/internal_combustion_engine_control__struct.h\n'}
[6.280129] (px4_msgs) StdoutLine: {'line': b'-- Up-to-date: /home/stepan/ws_ros2/install/px4_msgs/include/px4_msgs/px4_msgs/msg/detail/vehicle_acceleration__struct.h\n'}
[6.280408] (px4_msgs) StdoutLine: {'line': b'-- Up-to-date: /home/stepan/ws_ros2/install/px4_msgs/include/px4_msgs/px4_msgs/msg/detail/follow_target_estimator__struct.h\n'}
[6.280578] (px4_msgs) StdoutLine: {'line': b'-- Up-to-date: /home/stepan/ws_ros2/install/px4_msgs/include/px4_msgs/px4_msgs/msg/detail/landing_target_pose__functions.c\n'}
[6.280759] (px4_msgs) StdoutLine: {'line': b'-- Up-to-date: /home/stepan/ws_ros2/install/px4_msgs/include/px4_msgs/px4_msgs/msg/detail/log_message__functions.h\n'}
[6.280929] (px4_msgs) StdoutLine: {'line': b'-- Up-to-date: /home/stepan/ws_ros2/install/px4_msgs/include/px4_msgs/px4_msgs/msg/detail/internal_combustion_engine_control__functions.h\n'}
[6.281066] (px4_msgs) StdoutLine: {'line': b'-- Up-to-date: /home/stepan/ws_ros2/install/px4_msgs/include/px4_msgs/px4_msgs/msg/detail/manual_control_switches__functions.c\n'}
[6.281191] (px4_msgs) StdoutLine: {'line': b'-- Up-to-date: /home/stepan/ws_ros2/install/px4_msgs/include/px4_msgs/px4_msgs/msg/detail/distance_sensor_mode_change_request__functions.h\n'}
[6.281289] (px4_msgs) StdoutLine: {'line': b'-- Up-to-date: /home/stepan/ws_ros2/install/px4_msgs/include/px4_msgs/px4_msgs/msg/detail/obstacle_distance__functions.c\n'}
[6.281390] (px4_msgs) StdoutLine: {'line': b'-- Up-to-date: /home/stepan/ws_ros2/install/px4_msgs/include/px4_msgs/px4_msgs/msg/detail/orb_test_medium__functions.c\n'}
[6.281547] (px4_msgs) StdoutLine: {'line': b'-- Up-to-date: /home/stepan/ws_ros2/install/px4_msgs/include/px4_msgs/px4_msgs/msg/detail/rover_rate_setpoint__type_support.h\n'}
[6.281696] (px4_msgs) StdoutLine: {'line': b'-- Up-to-date: /home/stepan/ws_ros2/install/px4_msgs/include/px4_msgs/px4_msgs/msg/detail/telemetry_status__struct.h\n'}
[6.281870] (px4_msgs) StdoutLine: {'line': b'-- Up-to-date: /home/stepan/ws_ros2/install/px4_msgs/include/px4_msgs/px4_msgs/msg/detail/gripper__type_support.h\n'}
[6.282131] (px4_msgs) StdoutLine: {'line': b'-- Up-to-date: /home/stepan/ws_ros2/install/px4_msgs/include/px4_msgs/px4_msgs/msg/detail/gpio_request__functions.h\n'}
[6.282296] (px4_msgs) StdoutLine: {'line': b'-- Up-to-date: /home/stepan/ws_ros2/install/px4_msgs/include/px4_msgs/px4_msgs/msg/detail/takeoff_status__functions.h\n'}
[6.282447] (px4_msgs) StdoutLine: {'line': b'-- Up-to-date: /home/stepan/ws_ros2/install/px4_msgs/include/px4_msgs/px4_msgs/msg/detail/mavlink_tunnel__type_support.h\n'}
[6.282590] (px4_msgs) StdoutLine: {'line': b'-- Up-to-date: /home/stepan/ws_ros2/install/px4_msgs/include/px4_msgs/px4_msgs/msg/detail/rtl_time_estimate__struct.h\n'}
[6.282690] (px4_msgs) StdoutLine: {'line': b'-- Up-to-date: /home/stepan/ws_ros2/install/px4_msgs/include/px4_msgs/px4_msgs/msg/detail/sensor_airflow__type_support.h\n'}
[6.282814] (px4_msgs) StdoutLine: {'line': b'-- Up-to-date: /home/stepan/ws_ros2/install/px4_msgs/include/px4_msgs/px4_msgs/msg/detail/parameter_set_value_response__type_support.h\n'}
[6.282935] (px4_msgs) StdoutLine: {'line': b'-- Up-to-date: /home/stepan/ws_ros2/install/px4_msgs/include/px4_msgs/px4_msgs/msg/detail/gimbal_manager_set_attitude__functions.c\n'}
[6.283185] (px4_msgs) StdoutLine: {'line': b'-- Up-to-date: /home/stepan/ws_ros2/install/px4_msgs/include/px4_msgs/px4_msgs/msg/detail/gimbal_manager_set_manual_control__functions.c\n'}
[6.283677] (px4_msgs) StdoutLine: {'line': b'-- Up-to-date: /home/stepan/ws_ros2/install/px4_msgs/include/px4_msgs/px4_msgs/msg/detail/vehicle_air_data__struct.h\n'}
[6.285050] (px4_msgs) StdoutLine: {'line': b'-- Up-to-date: /home/stepan/ws_ros2/install/px4_msgs/include/px4_msgs/px4_msgs/msg/detail/gimbal_controls__type_support.h\n'}
[6.286681] (px4_msgs) StdoutLine: {'line': b'-- Up-to-date: /home/stepan/ws_ros2/install/px4_msgs/include/px4_msgs/px4_msgs/msg/detail/uavcan_parameter_request__functions.h\n'}
[6.287270] (px4_msgs) StdoutLine: {'line': b'-- Up-to-date: /home/stepan/ws_ros2/install/px4_msgs/include/px4_msgs/px4_msgs/msg/detail/orb_test_large__struct.h\n'}
[6.288297] (px4_msgs) StdoutLine: {'line': b'-- Up-to-date: /home/stepan/ws_ros2/install/px4_msgs/include/px4_msgs/px4_msgs/msg/detail/vehicle_torque_setpoint__functions.h\n'}
[6.288883] (px4_msgs) StdoutLine: {'line': b'-- Up-to-date: /home/stepan/ws_ros2/install/px4_msgs/include/px4_msgs/px4_msgs/msg/detail/gimbal_manager_information__functions.h\n'}
[6.289342] (px4_msgs) StdoutLine: {'line': b'-- Up-to-date: /home/stepan/ws_ros2/install/px4_msgs/include/px4_msgs/px4_msgs/msg/detail/rover_rate_status__functions.h\n'}
[6.289996] (px4_msgs) StdoutLine: {'line': b'-- Up-to-date: /home/stepan/ws_ros2/install/px4_msgs/include/px4_msgs/px4_msgs/msg/detail/estimator_aid_source1d__type_support.h\n'}
[6.290203] (px4_msgs) StdoutLine: {'line': b'-- Up-to-date: /home/stepan/ws_ros2/install/px4_msgs/include/px4_msgs/px4_msgs/msg/detail/vehicle_air_data__functions.c\n'}
[6.290335] (px4_msgs) StdoutLine: {'line': b'-- Up-to-date: /home/stepan/ws_ros2/install/px4_msgs/include/px4_msgs/px4_msgs/msg/detail/velocity_limits__functions.c\n'}
[6.290458] (px4_msgs) StdoutLine: {'line': b'-- Up-to-date: /home/stepan/ws_ros2/install/px4_msgs/include/px4_msgs/px4_msgs/msg/detail/debug_vect__functions.h\n'}
[6.290557] (px4_msgs) StdoutLine: {'line': b'-- Up-to-date: /home/stepan/ws_ros2/install/px4_msgs/include/px4_msgs/px4_msgs/msg/detail/tune_control__functions.h\n'}
[6.290655] (px4_msgs) StdoutLine: {'line': b'-- Up-to-date: /home/stepan/ws_ros2/install/px4_msgs/include/px4_msgs/px4_msgs/msg/detail/vehicle_attitude__type_support.h\n'}
[6.290928] (px4_msgs) StdoutLine: {'line': b'-- Up-to-date: /home/stepan/ws_ros2/install/px4_msgs/include/px4_msgs/px4_msgs/msg/detail/sensor_baro__struct.h\n'}
[6.291200] (px4_msgs) StdoutLine: {'line': b'-- Up-to-date: /home/stepan/ws_ros2/install/px4_msgs/include/px4_msgs/px4_msgs/msg/detail/sensor_mag__struct.h\n'}
[6.292421] (px4_msgs) StdoutLine: {'line': b'-- Up-to-date: /home/stepan/ws_ros2/install/px4_msgs/include/px4_msgs/px4_msgs/msg/detail/ekf2_timestamps__struct.h\n'}
[6.292846] (px4_msgs) StdoutLine: {'line': b'-- Up-to-date: /home/stepan/ws_ros2/install/px4_msgs/include/px4_msgs/px4_msgs/msg/detail/vehicle_angular_velocity__functions.c\n'}
[6.293029] (px4_msgs) StdoutLine: {'line': b'-- Up-to-date: /home/stepan/ws_ros2/install/px4_msgs/include/px4_msgs/px4_msgs/msg/detail/launch_detection_status__functions.h\n'}
[6.293193] (px4_msgs) StdoutLine: {'line': b'-- Up-to-date: /home/stepan/ws_ros2/install/px4_msgs/include/px4_msgs/px4_msgs/msg/detail/open_drone_id_self_id__struct.h\n'}
[6.293328] (px4_msgs) StdoutLine: {'line': b'-- Up-to-date: /home/stepan/ws_ros2/install/px4_msgs/include/px4_msgs/px4_msgs/msg/detail/actuator_test__struct.h\n'}
[6.293660] (px4_msgs) StdoutLine: {'line': b'-- Up-to-date: /home/stepan/ws_ros2/install/px4_msgs/include/px4_msgs/px4_msgs/msg/detail/sensor_baro__type_support.h\n'}
[6.294128] (px4_msgs) StdoutLine: {'line': b'-- Up-to-date: /home/stepan/ws_ros2/install/px4_msgs/include/px4_msgs/px4_msgs/msg/detail/message_format_response__type_support.h\n'}
[6.294331] (px4_msgs) StdoutLine: {'line': b'-- Up-to-date: /home/stepan/ws_ros2/install/px4_msgs/include/px4_msgs/px4_msgs/msg/detail/wind__functions.c\n'}
[6.294507] (px4_msgs) StdoutLine: {'line': b'-- Up-to-date: /home/stepan/ws_ros2/install/px4_msgs/include/px4_msgs/px4_msgs/msg/detail/vehicle_status__type_support.h\n'}
[6.294694] (px4_msgs) StdoutLine: {'line': b'-- Up-to-date: /home/stepan/ws_ros2/install/px4_msgs/include/px4_msgs/px4_msgs/msg/detail/rover_throttle_setpoint__functions.c\n'}
[6.294868] (px4_msgs) StdoutLine: {'line': b'-- Up-to-date: /home/stepan/ws_ros2/install/px4_msgs/include/px4_msgs/px4_msgs/msg/detail/wheel_encoders__functions.h\n'}
[6.295019] (px4_msgs) StdoutLine: {'line': b'-- Up-to-date: /home/stepan/ws_ros2/install/px4_msgs/include/px4_msgs/px4_msgs/msg/detail/estimator_aid_source1d__struct.h\n'}
[6.295339] (px4_msgs) StdoutLine: {'line': b'-- Up-to-date: /home/stepan/ws_ros2/install/px4_msgs/include/px4_msgs/px4_msgs/msg/detail/vehicle_attitude_setpoint__struct.h\n'}
[6.295539] (px4_msgs) StdoutLine: {'line': b'-- Up-to-date: /home/stepan/ws_ros2/install/px4_msgs/include/px4_msgs/px4_msgs/msg/detail/sensor_hygrometer__type_support.h\n'}
[6.295723] (px4_msgs) StdoutLine: {'line': b'-- Up-to-date: /home/stepan/ws_ros2/install/px4_msgs/include/px4_msgs/px4_msgs/msg/detail/can_interface_status__type_support.h\n'}
[6.295960] (px4_msgs) StdoutLine: {'line': b'-- Up-to-date: /home/stepan/ws_ros2/install/px4_msgs/include/px4_msgs/px4_msgs/msg/detail/figure_eight_status__functions.c\n'}
[6.296137] (px4_msgs) StdoutLine: {'line': b'-- Up-to-date: /home/stepan/ws_ros2/install/px4_msgs/include/px4_msgs/px4_msgs/msg/detail/telemetry_status__type_support.h\n'}
[6.296250] (px4_msgs) StdoutLine: {'line': b'-- Up-to-date: /home/stepan/ws_ros2/install/px4_msgs/include/px4_msgs/px4_msgs/msg/detail/ping__type_support.h\n'}
[6.296415] (px4_msgs) StdoutLine: {'line': b'-- Up-to-date: /home/stepan/ws_ros2/install/px4_msgs/include/px4_msgs/px4_msgs/msg/detail/gimbal_device_information__functions.c\n'}
[6.296577] (px4_msgs) StdoutLine: {'line': b'-- Up-to-date: /home/stepan/ws_ros2/install/px4_msgs/include/px4_msgs/px4_msgs/msg/detail/task_stack_info__functions.h\n'}
[6.296694] (px4_msgs) StdoutLine: {'line': b'-- Up-to-date: /home/stepan/ws_ros2/install/px4_msgs/include/px4_msgs/px4_msgs/msg/detail/launch_detection_status__functions.c\n'}
[6.296841] (px4_msgs) StdoutLine: {'line': b'-- Up-to-date: /home/stepan/ws_ros2/install/px4_msgs/include/px4_msgs/px4_msgs/msg/detail/vehicle_command_ack__functions.c\n'}
[6.297062] (px4_msgs) StdoutLine: {'line': b'-- Up-to-date: /home/stepan/ws_ros2/install/px4_msgs/include/px4_msgs/px4_msgs/msg/detail/vehicle_optical_flow_vel__type_support.h\n'}
[6.297222] (px4_msgs) StdoutLine: {'line': b'-- Up-to-date: /home/stepan/ws_ros2/install/px4_msgs/include/px4_msgs/px4_msgs/msg/detail/message_format_request__type_support.h\n'}
[6.297369] (px4_msgs) StdoutLine: {'line': b'-- Up-to-date: /home/stepan/ws_ros2/install/px4_msgs/include/px4_msgs/px4_msgs/msg/detail/tecs_status__functions.c\n'}
[6.297516] (px4_msgs) StdoutLine: {'line': b'-- Up-to-date: /home/stepan/ws_ros2/install/px4_msgs/include/px4_msgs/px4_msgs/msg/detail/radio_status__type_support.h\n'}
[6.297678] (px4_msgs) StdoutLine: {'line': b'-- Up-to-date: /home/stepan/ws_ros2/install/px4_msgs/include/px4_msgs/px4_msgs/msg/detail/gps_inject_data__functions.h\n'}
[6.297850] (px4_msgs) StdoutLine: {'line': b'-- Up-to-date: /home/stepan/ws_ros2/install/px4_msgs/include/px4_msgs/px4_msgs/msg/detail/sensor_gyro_fifo__functions.c\n'}
[6.297999] (px4_msgs) StdoutLine: {'line': b'-- Up-to-date: /home/stepan/ws_ros2/install/px4_msgs/include/px4_msgs/px4_msgs/msg/detail/rtl_status__struct.h\n'}
[6.298096] (px4_msgs) StdoutLine: {'line': b'-- Up-to-date: /home/stepan/ws_ros2/install/px4_msgs/include/px4_msgs/px4_msgs/msg/detail/irlock_report__functions.c\n'}
[6.298209] (px4_msgs) StdoutLine: {'line': b'-- Up-to-date: /home/stepan/ws_ros2/install/px4_msgs/include/px4_msgs/px4_msgs/msg/detail/sensor_correction__functions.c\n'}
[6.298329] (px4_msgs) StdoutLine: {'line': b'-- Up-to-date: /home/stepan/ws_ros2/install/px4_msgs/include/px4_msgs/px4_msgs/msg/detail/trajectory_setpoint6dof__functions.h\n'}
[6.298431] (px4_msgs) StdoutLine: {'line': b'-- Up-to-date: /home/stepan/ws_ros2/install/px4_msgs/include/px4_msgs/px4_msgs/msg/detail/cpuload__struct.h\n'}
[6.298547] (px4_msgs) StdoutLine: {'line': b'-- Up-to-date: /home/stepan/ws_ros2/install/px4_msgs/include/px4_msgs/px4_msgs/msg/detail/can_interface_status__functions.c\n'}
[6.298642] (px4_msgs) StdoutLine: {'line': b'-- Up-to-date: /home/stepan/ws_ros2/install/px4_msgs/include/px4_msgs/px4_msgs/msg/detail/tecs_status__functions.h\n'}
[6.298757] (px4_msgs) StdoutLine: {'line': b'-- Up-to-date: /home/stepan/ws_ros2/install/px4_msgs/include/px4_msgs/px4_msgs/msg/detail/vehicle_command__functions.h\n'}
[6.299048] (px4_msgs) StdoutLine: {'line': b'-- Up-to-date: /home/stepan/ws_ros2/install/px4_msgs/include/px4_msgs/px4_msgs/msg/detail/sensors_status__type_support.h\n'}
[6.299200] (px4_msgs) StdoutLine: {'line': b'-- Up-to-date: /home/stepan/ws_ros2/install/px4_msgs/include/px4_msgs/px4_msgs/msg/detail/internal_combustion_engine_status__type_support.h\n'}
[6.299349] (px4_msgs) StdoutLine: {'line': b'-- Up-to-date: /home/stepan/ws_ros2/install/px4_msgs/include/px4_msgs/px4_msgs/msg/detail/power_monitor__functions.h\n'}
[6.299445] (px4_msgs) StdoutLine: {'line': b'-- Up-to-date: /home/stepan/ws_ros2/install/px4_msgs/include/px4_msgs/px4_msgs/msg/detail/landing_gear__functions.h\n'}
[6.299542] (px4_msgs) StdoutLine: {'line': b'-- Up-to-date: /home/stepan/ws_ros2/install/px4_msgs/include/px4_msgs/px4_msgs/msg/detail/ackermann_velocity_setpoint__functions.c\n'}
[6.299686] (px4_msgs) StdoutLine: {'line': b'-- Up-to-date: /home/stepan/ws_ros2/install/px4_msgs/include/px4_msgs/px4_msgs/msg/detail/mission__functions.c\n'}
[6.299871] (px4_msgs) StdoutLine: {'line': b'-- Up-to-date: /home/stepan/ws_ros2/install/px4_msgs/include/px4_msgs/px4_msgs/msg/detail/geofence_result__struct.h\n'}
[6.300017] (px4_msgs) StdoutLine: {'line': b'-- Up-to-date: /home/stepan/ws_ros2/install/px4_msgs/include/px4_msgs/px4_msgs/msg/detail/npfg_status__struct.h\n'}
[6.300128] (px4_msgs) StdoutLine: {'line': b'-- Up-to-date: /home/stepan/ws_ros2/install/px4_msgs/include/px4_msgs/px4_msgs/msg/detail/sensor_gnss_relative__type_support.h\n'}
[6.300222] (px4_msgs) StdoutLine: {'line': b'-- Up-to-date: /home/stepan/ws_ros2/install/px4_msgs/include/px4_msgs/px4_msgs/msg/detail/vehicle_roi__struct.h\n'}
[6.300502] (px4_msgs) StdoutLine: {'line': b'-- Up-to-date: /home/stepan/ws_ros2/install/px4_msgs/include/px4_msgs/px4_msgs/msg/detail/heater_status__functions.c\n'}
[6.301167] (px4_msgs) StdoutLine: {'line': b'-- Up-to-date: /home/stepan/ws_ros2/install/px4_msgs/include/px4_msgs/px4_msgs/msg/detail/vehicle_attitude__struct.h\n'}
[6.301884] (px4_msgs) StdoutLine: {'line': b'-- Up-to-date: /home/stepan/ws_ros2/install/px4_msgs/include/px4_msgs/px4_msgs/msg/detail/can_interface_status__struct.h\n'}
[6.302223] (px4_msgs) StdoutLine: {'line': b'-- Up-to-date: /home/stepan/ws_ros2/install/px4_msgs/include/px4_msgs/px4_msgs/msg/detail/ulog_stream__struct.h\n'}
[6.302357] (px4_msgs) StdoutLine: {'line': b'-- Up-to-date: /home/stepan/ws_ros2/install/px4_msgs/include/px4_msgs/px4_msgs/msg/detail/landing_gear__struct.h\n'}
[6.302862] (px4_msgs) StdoutLine: {'line': b'-- Up-to-date: /home/stepan/ws_ros2/install/px4_msgs/include/px4_msgs/px4_msgs/msg/detail/button_event__struct.h\n'}
[6.303260] (px4_msgs) StdoutLine: {'line': b'-- Up-to-date: /home/stepan/ws_ros2/install/px4_msgs/include/px4_msgs/px4_msgs/msg/detail/home_position__struct.h\n'}
[6.303585] (px4_msgs) StdoutLine: {'line': b'-- Up-to-date: /home/stepan/ws_ros2/install/px4_msgs/include/px4_msgs/px4_msgs/msg/detail/fuel_tank_status__struct.h\n'}
[6.303830] (px4_msgs) StdoutLine: {'line': b'-- Up-to-date: /home/stepan/ws_ros2/install/px4_msgs/include/px4_msgs/px4_msgs/msg/detail/hover_thrust_estimate__functions.c\n'}
[6.304239] (px4_msgs) StdoutLine: {'line': b'-- Up-to-date: /home/stepan/ws_ros2/install/px4_msgs/include/px4_msgs/px4_msgs/msg/detail/mount_orientation__functions.c\n'}
[6.304506] (px4_msgs) StdoutLine: {'line': b'-- Up-to-date: /home/stepan/ws_ros2/install/px4_msgs/include/px4_msgs/px4_msgs/msg/detail/message_format_response__functions.c\n'}
[6.304626] (px4_msgs) StdoutLine: {'line': b'-- Up-to-date: /home/stepan/ws_ros2/install/px4_msgs/include/px4_msgs/px4_msgs/msg/detail/open_drone_id_operator_id__functions.h\n'}
[6.305418] (px4_msgs) StdoutLine: {'line': b'-- Up-to-date: /home/stepan/ws_ros2/install/px4_msgs/include/px4_msgs/px4_msgs/msg/detail/pure_pursuit_status__functions.h\n'}
[6.305653] (px4_msgs) StdoutLine: {'line': b'-- Up-to-date: /home/stepan/ws_ros2/install/px4_msgs/include/px4_msgs/px4_msgs/msg/detail/orb_test__type_support.h\n'}
[6.305965] (px4_msgs) StdoutLine: {'line': b'-- Up-to-date: /home/stepan/ws_ros2/install/px4_msgs/include/px4_msgs/px4_msgs/msg/detail/estimator_bias__functions.h\n'}
[6.306147] (px4_msgs) StdoutLine: {'line': b'-- Up-to-date: /home/stepan/ws_ros2/install/px4_msgs/include/px4_msgs/px4_msgs/msg/detail/internal_combustion_engine_status__functions.c\n'}
[6.306250] (px4_msgs) StdoutLine: {'line': b'-- Up-to-date: /home/stepan/ws_ros2/install/px4_msgs/include/px4_msgs/px4_msgs/msg/detail/sensor_gyro_fifo__type_support.h\n'}
[6.306467] (px4_msgs) StdoutLine: {'line': b'-- Up-to-date: /home/stepan/ws_ros2/install/px4_msgs/include/px4_msgs/px4_msgs/msg/detail/vehicle_status__struct.h\n'}
[6.306578] (px4_msgs) StdoutLine: {'line': b'-- Up-to-date: /home/stepan/ws_ros2/install/px4_msgs/include/px4_msgs/px4_msgs/msg/detail/register_ext_component_reply__struct.h\n'}
[6.306673] (px4_msgs) StdoutLine: {'line': b'-- Up-to-date: /home/stepan/ws_ros2/install/px4_msgs/include/px4_msgs/px4_msgs/msg/detail/config_overrides__struct.h\n'}
[6.306836] (px4_msgs) StdoutLine: {'line': b'-- Up-to-date: /home/stepan/ws_ros2/install/px4_msgs/include/px4_msgs/px4_msgs/msg/detail/geofence_status__struct.h\n'}
[6.307058] (px4_msgs) StdoutLine: {'line': b'-- Up-to-date: /home/stepan/ws_ros2/install/px4_msgs/include/px4_msgs/px4_msgs/msg/detail/px4io_status__struct.h\n'}
[6.307170] (px4_msgs) StdoutLine: {'line': b'-- Up-to-date: /home/stepan/ws_ros2/install/px4_msgs/include/px4_msgs/px4_msgs/msg/detail/vehicle_imu_status__struct.h\n'}
[6.307265] (px4_msgs) StdoutLine: {'line': b'-- Up-to-date: /home/stepan/ws_ros2/install/px4_msgs/include/px4_msgs/px4_msgs/msg/detail/sensor_gyro__functions.h\n'}
[6.307378] (px4_msgs) StdoutLine: {'line': b'-- Up-to-date: /home/stepan/ws_ros2/install/px4_msgs/include/px4_msgs/px4_msgs/msg/detail/manual_control_switches__struct.h\n'}
[6.307473] (px4_msgs) StdoutLine: {'line': b'-- Up-to-date: /home/stepan/ws_ros2/install/px4_msgs/include/px4_msgs/px4_msgs/msg/detail/rate_ctrl_status__functions.c\n'}
[6.307594] (px4_msgs) StdoutLine: {'line': b'-- Up-to-date: /home/stepan/ws_ros2/install/px4_msgs/include/px4_msgs/px4_msgs/msg/detail/gimbal_device_set_attitude__type_support.h\n'}
[6.307975] (px4_msgs) StdoutLine: {'line': b'-- Up-to-date: /home/stepan/ws_ros2/install/px4_msgs/include/px4_msgs/px4_msgs/msg/detail/vehicle_land_detected__type_support.h\n'}
[6.308208] (px4_msgs) StdoutLine: {'line': b'-- Up-to-date: /home/stepan/ws_ros2/install/px4_msgs/include/px4_msgs/px4_msgs/msg/detail/vehicle_magnetometer__type_support.h\n'}
[6.308839] (px4_msgs) StdoutLine: {'line': b'-- Up-to-date: /home/stepan/ws_ros2/install/px4_msgs/include/px4_msgs/px4_msgs/msg/detail/actuator_servos__functions.c\n'}
[6.309339] (px4_msgs) StdoutLine: {'line': b'-- Up-to-date: /home/stepan/ws_ros2/install/px4_msgs/include/px4_msgs/px4_msgs/msg/detail/ping__struct.h\n'}
[6.310099] (px4_msgs) StdoutLine: {'line': b'-- Up-to-date: /home/stepan/ws_ros2/install/px4_msgs/include/px4_msgs/px4_msgs/msg/detail/satellite_info__struct.h\n'}
[6.310507] (px4_msgs) StdoutLine: {'line': b'-- Up-to-date: /home/stepan/ws_ros2/install/px4_msgs/include/px4_msgs/px4_msgs/msg/detail/gimbal_manager_status__functions.c\n'}
[6.310679] (px4_msgs) StdoutLine: {'line': b'-- Up-to-date: /home/stepan/ws_ros2/install/px4_msgs/include/px4_msgs/px4_msgs/msg/detail/timesync_status__functions.c\n'}
[6.311428] (px4_msgs) StdoutLine: {'line': b'-- Up-to-date: /home/stepan/ws_ros2/install/px4_msgs/include/px4_msgs/px4_msgs/msg/detail/vehicle_constraints__struct.h\n'}
[6.311573] (px4_msgs) StdoutLine: {'line': b'-- Up-to-date: /home/stepan/ws_ros2/install/px4_msgs/include/px4_msgs/px4_msgs/msg/detail/manual_control_setpoint__functions.c\n'}
[6.311770] (px4_msgs) StdoutLine: {'line': b'-- Up-to-date: /home/stepan/ws_ros2/install/px4_msgs/include/px4_msgs/px4_msgs/msg/detail/dataman_response__functions.h\n'}
[6.311947] (px4_msgs) StdoutLine: {'line': b'-- Up-to-date: /home/stepan/ws_ros2/install/px4_msgs/include/px4_msgs/px4_msgs/msg/detail/open_drone_id_system__struct.h\n'}
[6.312114] (px4_msgs) StdoutLine: {'line': b'-- Up-to-date: /home/stepan/ws_ros2/install/px4_msgs/include/px4_msgs/px4_msgs/msg/detail/estimator_event_flags__struct.h\n'}
[6.312259] (px4_msgs) StdoutLine: {'line': b'-- Up-to-date: /home/stepan/ws_ros2/install/px4_msgs/include/px4_msgs/px4_msgs/msg/detail/estimator_bias__type_support.h\n'}
[6.312458] (px4_msgs) StdoutLine: {'line': b'-- Up-to-date: /home/stepan/ws_ros2/install/px4_msgs/include/px4_msgs/px4_msgs/msg/detail/onboard_computer_status__functions.c\n'}
[6.312615] (px4_msgs) StdoutLine: {'line': b'-- Up-to-date: /home/stepan/ws_ros2/install/px4_msgs/include/px4_msgs/px4_msgs/msg/detail/gimbal_manager_set_manual_control__functions.h\n'}
[6.312801] (px4_msgs) StdoutLine: {'line': b'-- Up-to-date: /home/stepan/ws_ros2/install/px4_msgs/include/px4_msgs/px4_msgs/msg/detail/trajectory_setpoint__type_support.h\n'}
[6.312991] (px4_msgs) StdoutLine: {'line': b'-- Up-to-date: /home/stepan/ws_ros2/install/px4_msgs/include/px4_msgs/px4_msgs/msg/detail/fuel_tank_status__type_support.h\n'}
[6.313183] (px4_msgs) StdoutLine: {'line': b'-- Up-to-date: /home/stepan/ws_ros2/install/px4_msgs/include/px4_msgs/px4_msgs/msg/detail/tiltrotor_extra_controls__functions.c\n'}
[6.313350] (px4_msgs) StdoutLine: {'line': b'-- Up-to-date: /home/stepan/ws_ros2/install/px4_msgs/include/px4_msgs/px4_msgs/msg/detail/rc_channels__functions.c\n'}
[6.313516] (px4_msgs) StdoutLine: {'line': b'-- Up-to-date: /home/stepan/ws_ros2/install/px4_msgs/include/px4_msgs/px4_msgs/msg/detail/estimator_status__type_support.h\n'}
[6.313643] (px4_msgs) StdoutLine: {'line': b'-- Up-to-date: /home/stepan/ws_ros2/install/px4_msgs/include/px4_msgs/px4_msgs/msg/detail/rc_channels__struct.h\n'}
[6.313791] (px4_msgs) StdoutLine: {'line': b'-- Up-to-date: /home/stepan/ws_ros2/install/px4_msgs/include/px4_msgs/px4_msgs/msg/detail/open_drone_id_self_id__type_support.h\n'}
[6.313926] (px4_msgs) StdoutLine: {'line': b'-- Up-to-date: /home/stepan/ws_ros2/install/px4_msgs/include/px4_msgs/px4_msgs/msg/detail/vehicle_attitude__functions.c\n'}
[6.314070] (px4_msgs) StdoutLine: {'line': b'-- Up-to-date: /home/stepan/ws_ros2/install/px4_msgs/include/px4_msgs/px4_msgs/msg/navigator_mission_item.h\n'}
[6.314219] (px4_msgs) StdoutLine: {'line': b'-- Up-to-date: /home/stepan/ws_ros2/install/px4_msgs/include/px4_msgs/px4_msgs/msg/sensor_preflight_mag.h\n'}
[6.314366] (px4_msgs) StdoutLine: {'line': b'-- Up-to-date: /home/stepan/ws_ros2/install/px4_msgs/include/px4_msgs/px4_msgs/msg/pps_capture.h\n'}
[6.314595] (px4_msgs) StdoutLine: {'line': b'-- Up-to-date: /home/stepan/ws_ros2/install/px4_msgs/include/px4_msgs/px4_msgs/msg/rpm.h\n'}
[6.314690] (px4_msgs) StdoutLine: {'line': b'-- Up-to-date: /home/stepan/ws_ros2/install/px4_msgs/include/px4_msgs/px4_msgs/msg/uavcan_parameter_request.h\n'}
[6.314810] (px4_msgs) StdoutLine: {'line': b'-- Up-to-date: /home/stepan/ws_ros2/install/px4_msgs/include/px4_msgs/px4_msgs/msg/collision_constraints.h\n'}
[6.314949] (px4_msgs) StdoutLine: {'line': b'-- Up-to-date: /home/stepan/ws_ros2/install/px4_msgs/include/px4_msgs/px4_msgs/msg/failure_detector_status.h\n'}
[6.315077] (px4_msgs) StdoutLine: {'line': b'-- Up-to-date: /home/stepan/ws_ros2/install/px4_msgs/include/px4_msgs/px4_msgs/msg/manual_control_switches.h\n'}
[6.315213] (px4_msgs) StdoutLine: {'line': b'-- Up-to-date: /home/stepan/ws_ros2/install/px4_msgs/include/px4_msgs/px4_msgs/msg/mount_orientation.h\n'}
[6.315339] (px4_msgs) StdoutLine: {'line': b'-- Up-to-date: /home/stepan/ws_ros2/install/px4_msgs/include/px4_msgs/px4_msgs/msg/vehicle_attitude_setpoint.h\n'}
[6.315443] (px4_msgs) StdoutLine: {'line': b'-- Up-to-date: /home/stepan/ws_ros2/install/px4_msgs/include/px4_msgs/px4_msgs/msg/vehicle_magnetometer.h\n'}
[6.315536] (px4_msgs) StdoutLine: {'line': b'-- Up-to-date: /home/stepan/ws_ros2/install/px4_msgs/include/px4_msgs/px4_msgs/msg/obstacle_distance.h\n'}
[6.315644] (px4_msgs) StdoutLine: {'line': b'-- Up-to-date: /home/stepan/ws_ros2/install/px4_msgs/include/px4_msgs/px4_msgs/msg/telemetry_status.h\n'}
[6.315908] (px4_msgs) StdoutLine: {'line': b'-- Up-to-date: /home/stepan/ws_ros2/install/px4_msgs/include/px4_msgs/px4_msgs/msg/rover_rate_status.h\n'}
[6.316068] (px4_msgs) StdoutLine: {'line': b'-- Up-to-date: /home/stepan/ws_ros2/install/px4_msgs/include/px4_msgs/px4_msgs/msg/vehicle_roi.h\n'}
[6.316215] (px4_msgs) StdoutLine: {'line': b'-- Up-to-date: /home/stepan/ws_ros2/install/px4_msgs/include/px4_msgs/px4_msgs/msg/follow_target_status.h\n'}
[6.316398] (px4_msgs) StdoutLine: {'line': b'-- Up-to-date: /home/stepan/ws_ros2/install/px4_msgs/include/px4_msgs/px4_msgs/msg/orb_test_large.h\n'}
[6.316560] (px4_msgs) StdoutLine: {'line': b'-- Up-to-date: /home/stepan/ws_ros2/install/px4_msgs/include/px4_msgs/px4_msgs/msg/onboard_computer_status.h\n'}
[6.316735] (px4_msgs) StdoutLine: {'line': b'-- Up-to-date: /home/stepan/ws_ros2/install/px4_msgs/include/px4_msgs/px4_msgs/msg/camera_capture.h\n'}
[6.316934] (px4_msgs) StdoutLine: {'line': b'-- Up-to-date: /home/stepan/ws_ros2/install/px4_msgs/include/px4_msgs/px4_msgs/msg/normalized_unsigned_setpoint.h\n'}
[6.317129] (px4_msgs) StdoutLine: {'line': b'-- Up-to-date: /home/stepan/ws_ros2/install/px4_msgs/include/px4_msgs/px4_msgs/msg/vehicle_acceleration.h\n'}
[6.317288] (px4_msgs) StdoutLine: {'line': b'-- Up-to-date: /home/stepan/ws_ros2/install/px4_msgs/include/px4_msgs/px4_msgs/msg/rtl_time_estimate.h\n'}
[6.317593] (px4_msgs) StdoutLine: {'line': b'-- Up-to-date: /home/stepan/ws_ros2/install/px4_msgs/include/px4_msgs/px4_msgs/msg/task_stack_info.h\n'}
[6.317704] (px4_msgs) StdoutLine: {'line': b'-- Up-to-date: /home/stepan/ws_ros2/install/px4_msgs/include/px4_msgs/px4_msgs/msg/dataman_request.h\n'}
[6.317827] (px4_msgs) StdoutLine: {'line': b'-- Up-to-date: /home/stepan/ws_ros2/install/px4_msgs/include/px4_msgs/px4_msgs/msg/npfg_status.h\n'}
[6.317929] (px4_msgs) StdoutLine: {'line': b'-- Up-to-date: /home/stepan/ws_ros2/install/px4_msgs/include/px4_msgs/px4_msgs/msg/esc_status.h\n'}
[6.318052] (px4_msgs) StdoutLine: {'line': b'-- Up-to-date: /home/stepan/ws_ros2/install/px4_msgs/include/px4_msgs/px4_msgs/msg/estimator_aid_source2d.h\n'}
[6.318385] (px4_msgs) StdoutLine: {'line': b'-- Up-to-date: /home/stepan/ws_ros2/install/px4_msgs/include/px4_msgs/px4_msgs/msg/distance_sensor.h\n'}
[6.318691] (px4_msgs) StdoutLine: {'line': b'-- Up-to-date: /home/stepan/ws_ros2/install/px4_msgs/include/px4_msgs/px4_msgs/msg/iridiumsbd_status.h\n'}
[6.319036] (px4_msgs) StdoutLine: {'line': b'-- Up-to-date: /home/stepan/ws_ros2/install/px4_msgs/include/px4_msgs/px4_msgs/msg/vehicle_thrust_setpoint.h\n'}
[6.319463] (px4_msgs) StdoutLine: {'line': b'-- Up-to-date: /home/stepan/ws_ros2/install/px4_msgs/include/px4_msgs/px4_msgs/msg/mavlink_log.h\n'}
[6.319624] (px4_msgs) StdoutLine: {'line': b'-- Up-to-date: /home/stepan/ws_ros2/install/px4_msgs/include/px4_msgs/px4_msgs/msg/gpio_config.h\n'}
[6.319753] (px4_msgs) StdoutLine: {'line': b'-- Up-to-date: /home/stepan/ws_ros2/install/px4_msgs/include/px4_msgs/px4_msgs/msg/rosidl_generator_c__visibility_control.h\n'}
[6.319913] (px4_msgs) StdoutLine: {'line': b'-- Up-to-date: /home/stepan/ws_ros2/install/px4_msgs/include/px4_msgs/px4_msgs/msg/vehicle_local_position_setpoint.h\n'}
[6.320037] (px4_msgs) StdoutLine: {'line': b'-- Up-to-date: /home/stepan/ws_ros2/install/px4_msgs/include/px4_msgs/px4_msgs/msg/rover_steering_setpoint.h\n'}
[6.320180] (px4_msgs) StdoutLine: {'line': b'-- Up-to-date: /home/stepan/ws_ros2/install/px4_msgs/include/px4_msgs/px4_msgs/msg/px4io_status.h\n'}
[6.320427] (px4_msgs) StdoutLine: {'line': b'-- Up-to-date: /home/stepan/ws_ros2/install/px4_msgs/include/px4_msgs/px4_msgs/msg/estimator_innovations.h\n'}
[6.320622] (px4_msgs) StdoutLine: {'line': b'-- Up-to-date: /home/stepan/ws_ros2/install/px4_msgs/include/px4_msgs/px4_msgs/msg/internal_combustion_engine_status.h\n'}
[6.320850] (px4_msgs) StdoutLine: {'line': b'-- Up-to-date: /home/stepan/ws_ros2/install/px4_msgs/include/px4_msgs/px4_msgs/msg/vehicle_angular_acceleration_setpoint.h\n'}
[6.321303] (px4_msgs) StdoutLine: {'line': b'-- Up-to-date: /home/stepan/ws_ros2/install/px4_msgs/include/px4_msgs/px4_msgs/msg/mission_result.h\n'}
[6.321571] (px4_msgs) StdoutLine: {'line': b'-- Up-to-date: /home/stepan/ws_ros2/install/px4_msgs/include/px4_msgs/px4_msgs/msg/sensor_uwb.h\n'}
[6.321710] (px4_msgs) StdoutLine: {'line': b'-- Up-to-date: /home/stepan/ws_ros2/install/px4_msgs/include/px4_msgs/px4_msgs/msg/sensor_hygrometer.h\n'}
[6.321867] (px4_msgs) StdoutLine: {'line': b'-- Up-to-date: /home/stepan/ws_ros2/install/px4_msgs/include/px4_msgs/px4_msgs/msg/rover_velocity_status.h\n'}
[6.321964] (px4_msgs) StdoutLine: {'line': b'-- Up-to-date: /home/stepan/ws_ros2/install/px4_msgs/include/px4_msgs/px4_msgs/msg/parameter_set_value_response.h\n'}
[6.322061] (px4_msgs) StdoutLine: {'line': b'-- Up-to-date: /home/stepan/ws_ros2/install/px4_msgs/include/px4_msgs/px4_msgs/msg/open_drone_id_arm_status.h\n'}
[6.322165] (px4_msgs) StdoutLine: {'line': b'-- Up-to-date: /home/stepan/ws_ros2/install/px4_msgs/include/px4_msgs/px4_msgs/msg/sensor_baro.h\n'}
[6.322272] (px4_msgs) StdoutLine: {'line': b'-- Up-to-date: /home/stepan/ws_ros2/install/px4_msgs/include/px4_msgs/px4_msgs/msg/flight_phase_estimation.h\n'}
[6.322433] (px4_msgs) StdoutLine: {'line': b'-- Up-to-date: /home/stepan/ws_ros2/install/px4_msgs/include/px4_msgs/px4_msgs/msg/actuator_test.h\n'}
[6.322556] (px4_msgs) StdoutLine: {'line': b'-- Up-to-date: /home/stepan/ws_ros2/install/px4_msgs/include/px4_msgs/px4_msgs/msg/mag_worker_data.h\n'}
[6.322671] (px4_msgs) StdoutLine: {'line': b'-- Up-to-date: /home/stepan/ws_ros2/install/px4_msgs/include/px4_msgs/px4_msgs/msg/estimator_bias3d.h\n'}
[6.322838] (px4_msgs) StdoutLine: {'line': b'-- Up-to-date: /home/stepan/ws_ros2/install/px4_msgs/include/px4_msgs/px4_msgs/msg/logger_status.h\n'}
[6.322947] (px4_msgs) StdoutLine: {'line': b'-- Up-to-date: /home/stepan/ws_ros2/install/px4_msgs/include/px4_msgs/px4_msgs/msg/tiltrotor_extra_controls.h\n'}
[6.323165] (px4_msgs) StdoutLine: {'line': b'-- Up-to-date: /home/stepan/ws_ros2/install/px4_msgs/include/px4_msgs/px4_msgs/msg/rc_parameter_map.h\n'}
[6.323265] (px4_msgs) StdoutLine: {'line': b'-- Up-to-date: /home/stepan/ws_ros2/install/px4_msgs/include/px4_msgs/px4_msgs/msg/vehicle_constraints.h\n'}
[6.323364] (px4_msgs) StdoutLine: {'line': b'-- Up-to-date: /home/stepan/ws_ros2/install/px4_msgs/include/px4_msgs/px4_msgs/msg/sensor_gps.h\n'}
[6.323465] (px4_msgs) StdoutLine: {'line': b'-- Up-to-date: /home/stepan/ws_ros2/install/px4_msgs/include/px4_msgs/px4_msgs/msg/estimator_status_flags.h\n'}
[6.323567] (px4_msgs) StdoutLine: {'line': b'-- Up-to-date: /home/stepan/ws_ros2/install/px4_msgs/include/px4_msgs/px4_msgs/msg/airspeed_validated.h\n'}
[6.323694] (px4_msgs) StdoutLine: {'line': b'-- Up-to-date: /home/stepan/ws_ros2/install/px4_msgs/include/px4_msgs/px4_msgs/msg/pwm_input.h\n'}
[6.323841] (px4_msgs) StdoutLine: {'line': b'-- Up-to-date: /home/stepan/ws_ros2/install/px4_msgs/include/px4_msgs/px4_msgs/msg/wheel_encoders.h\n'}
[6.323949] (px4_msgs) StdoutLine: {'line': b'-- Up-to-date: /home/stepan/ws_ros2/install/px4_msgs/include/px4_msgs/px4_msgs/msg/position_setpoint_triplet.h\n'}
[6.324137] (px4_msgs) StdoutLine: {'line': b'-- Up-to-date: /home/stepan/ws_ros2/install/px4_msgs/include/px4_msgs/px4_msgs/msg/vehicle_global_position.h\n'}
[6.324357] (px4_msgs) StdoutLine: {'line': b'-- Up-to-date: /home/stepan/ws_ros2/install/px4_msgs/include/px4_msgs/px4_msgs/msg/internal_combustion_engine_control.h\n'}
[6.325114] (px4_msgs) StdoutLine: {'line': b'-- Up-to-date: /home/stepan/ws_ros2/install/px4_msgs/include/px4_msgs/px4_msgs/msg/sensor_mag.h\n'}
[6.325333] (px4_msgs) StdoutLine: {'line': b'-- Up-to-date: /home/stepan/ws_ros2/install/px4_msgs/include/px4_msgs/px4_msgs/msg/takeoff_status.h\n'}
[6.325507] (px4_msgs) StdoutLine: {'line': b'-- Up-to-date: /home/stepan/ws_ros2/install/px4_msgs/include/px4_msgs/px4_msgs/msg/radio_status.h\n'}
[6.325750] (px4_msgs) StdoutLine: {'line': b'-- Up-to-date: /home/stepan/ws_ros2/install/px4_msgs/include/px4_msgs/px4_msgs/msg/message_format_response.h\n'}
[6.326004] (px4_msgs) StdoutLine: {'line': b'-- Up-to-date: /home/stepan/ws_ros2/install/px4_msgs/include/px4_msgs/px4_msgs/msg/timesync_status.h\n'}
[6.326304] (px4_msgs) StdoutLine: {'line': b'-- Up-to-date: /home/stepan/ws_ros2/install/px4_msgs/include/px4_msgs/px4_msgs/msg/estimator_gps_status.h\n'}
[6.326554] (px4_msgs) StdoutLine: {'line': b'-- Up-to-date: /home/stepan/ws_ros2/install/px4_msgs/include/px4_msgs/px4_msgs/msg/gpio_out.h\n'}
[6.327066] (px4_msgs) StdoutLine: {'line': b'-- Up-to-date: /home/stepan/ws_ros2/install/px4_msgs/include/px4_msgs/px4_msgs/msg/open_drone_id_operator_id.h\n'}
[6.327282] (px4_msgs) StdoutLine: {'line': b'-- Up-to-date: /home/stepan/ws_ros2/install/px4_msgs/include/px4_msgs/px4_msgs/msg/debug_vect.h\n'}
[6.327396] (px4_msgs) StdoutLine: {'line': b'-- Up-to-date: /home/stepan/ws_ros2/install/px4_msgs/include/px4_msgs/px4_msgs/msg/vehicle_angular_velocity.h\n'}
[6.327527] (px4_msgs) StdoutLine: {'line': b'-- Up-to-date: /home/stepan/ws_ros2/install/px4_msgs/include/px4_msgs/px4_msgs/msg/vehicle_control_mode.h\n'}
[6.327677] (px4_msgs) StdoutLine: {'line': b'-- Up-to-date: /home/stepan/ws_ros2/install/px4_msgs/include/px4_msgs/px4_msgs/msg/open_drone_id_self_id.h\n'}
[6.327880] (px4_msgs) StdoutLine: {'line': b'-- Up-to-date: /home/stepan/ws_ros2/install/px4_msgs/include/px4_msgs/px4_msgs/msg/event.h\n'}
[6.328281] (px4_msgs) StdoutLine: {'line': b'-- Up-to-date: /home/stepan/ws_ros2/install/px4_msgs/include/px4_msgs/px4_msgs/msg/parameter_set_value_request.h\n'}
[6.329148] (px4_msgs) StdoutLine: {'line': b'-- Up-to-date: /home/stepan/ws_ros2/install/px4_msgs/include/px4_msgs/px4_msgs/msg/actuator_armed.h\n'}
[6.329342] (px4_msgs) StdoutLine: {'line': b'-- Up-to-date: /home/stepan/ws_ros2/install/px4_msgs/include/px4_msgs/px4_msgs/msg/landing_gear.h\n'}
[6.329523] (px4_msgs) StdoutLine: {'line': b'-- Up-to-date: /home/stepan/ws_ros2/install/px4_msgs/include/px4_msgs/px4_msgs/msg/gimbal_device_attitude_status.h\n'}
[6.329696] (px4_msgs) StdoutLine: {'line': b'-- Up-to-date: /home/stepan/ws_ros2/install/px4_msgs/include/px4_msgs/px4_msgs/msg/gps_dump.h\n'}
[6.329904] (px4_msgs) StdoutLine: {'line': b'-- Up-to-date: /home/stepan/ws_ros2/install/px4_msgs/include/px4_msgs/px4_msgs/msg/sensor_accel.h\n'}
[6.330079] (px4_msgs) StdoutLine: {'line': b'-- Up-to-date: /home/stepan/ws_ros2/install/px4_msgs/include/px4_msgs/px4_msgs/msg/goto_setpoint.h\n'}
[6.330244] (px4_msgs) StdoutLine: {'line': b'-- Up-to-date: /home/stepan/ws_ros2/install/px4_msgs/include/px4_msgs/px4_msgs/msg/gimbal_manager_information.h\n'}
[6.330398] (px4_msgs) StdoutLine: {'line': b'-- Up-to-date: /home/stepan/ws_ros2/install/px4_msgs/include/px4_msgs/px4_msgs/msg/yaw_estimator_status.h\n'}
[6.330728] (px4_msgs) StdoutLine: {'line': b'-- Up-to-date: /home/stepan/ws_ros2/install/px4_msgs/include/px4_msgs/px4_msgs/msg/trajectory_setpoint6dof.h\n'}
[6.330920] (px4_msgs) StdoutLine: {'line': b'-- Up-to-date: /home/stepan/ws_ros2/install/px4_msgs/include/px4_msgs/px4_msgs/msg/vehicle_local_position.h\n'}
[6.331087] (px4_msgs) StdoutLine: {'line': b'-- Up-to-date: /home/stepan/ws_ros2/install/px4_msgs/include/px4_msgs/px4_msgs/msg/sensor_gyro_fft.h\n'}
[6.331263] (px4_msgs) StdoutLine: {'line': b'-- Up-to-date: /home/stepan/ws_ros2/install/px4_msgs/include/px4_msgs/px4_msgs/msg/estimator_event_flags.h\n'}
[6.331410] (px4_msgs) StdoutLine: {'line': b'-- Up-to-date: /home/stepan/ws_ros2/install/px4_msgs/include/px4_msgs/px4_msgs/msg/ekf2_timestamps.h\n'}
[6.331559] (px4_msgs) StdoutLine: {'line': b'-- Up-to-date: /home/stepan/ws_ros2/install/px4_msgs/include/px4_msgs/px4_msgs/msg/cellular_status.h\n'}
[6.331709] (px4_msgs) StdoutLine: {'line': b'-- Up-to-date: /home/stepan/ws_ros2/install/px4_msgs/include/px4_msgs/px4_msgs/msg/fuel_tank_status.h\n'}
[6.331892] (px4_msgs) StdoutLine: {'line': b'-- Up-to-date: /home/stepan/ws_ros2/install/px4_msgs/include/px4_msgs/px4_msgs/msg/vehicle_command_ack.h\n'}
[6.332006] (px4_msgs) StdoutLine: {'line': b'-- Up-to-date: /home/stepan/ws_ros2/install/px4_msgs/include/px4_msgs/px4_msgs/msg/cpuload.h\n'}
[6.332093] (px4_msgs) StdoutLine: {'line': b'-- Up-to-date: /home/stepan/ws_ros2/install/px4_msgs/include/px4_msgs/px4_msgs/msg/tune_control.h\n'}
[6.332309] (px4_msgs) StdoutLine: {'line': b'-- Up-to-date: /home/stepan/ws_ros2/install/px4_msgs/include/px4_msgs/px4_msgs/msg/rtl_status.h\n'}
[6.332482] (px4_msgs) StdoutLine: {'line': b'-- Up-to-date: /home/stepan/ws_ros2/install/px4_msgs/include/px4_msgs/px4_msgs/msg/geofence_status.h\n'}
[6.332587] (px4_msgs) StdoutLine: {'line': b'-- Up-to-date: /home/stepan/ws_ros2/install/px4_msgs/include/px4_msgs/px4_msgs/msg/ping.h\n'}
[6.332743] (px4_msgs) StdoutLine: {'line': b'-- Up-to-date: /home/stepan/ws_ros2/install/px4_msgs/include/px4_msgs/px4_msgs/msg/offboard_control_mode.h\n'}
[6.332917] (px4_msgs) StdoutLine: {'line': b'-- Up-to-date: /home/stepan/ws_ros2/install/px4_msgs/include/px4_msgs/px4_msgs/msg/landing_target_pose.h\n'}
[6.333082] (px4_msgs) StdoutLine: {'line': b'-- Up-to-date: /home/stepan/ws_ros2/install/px4_msgs/include/px4_msgs/px4_msgs/msg/estimator_sensor_bias.h\n'}
[6.333212] (px4_msgs) StdoutLine: {'line': b'-- Up-to-date: /home/stepan/ws_ros2/install/px4_msgs/include/px4_msgs/px4_msgs/msg/arming_check_reply.h\n'}
[6.333304] (px4_msgs) StdoutLine: {'line': b'-- Up-to-date: /home/stepan/ws_ros2/install/px4_msgs/include/px4_msgs/px4_msgs/msg/button_event.h\n'}
[6.333463] (px4_msgs) StdoutLine: {'line': b'-- Up-to-date: /home/stepan/ws_ros2/install/px4_msgs/include/px4_msgs/px4_msgs/msg/vehicle_command.h\n'}
[6.333622] (px4_msgs) StdoutLine: {'line': b'-- Up-to-date: /home/stepan/ws_ros2/install/px4_msgs/include/px4_msgs/px4_msgs/msg/ulog_stream.h\n'}
[6.333784] (px4_msgs) StdoutLine: {'line': b'-- Up-to-date: /home/stepan/ws_ros2/install/px4_msgs/include/px4_msgs/px4_msgs/msg/orbit_status.h\n'}
[6.333935] (px4_msgs) StdoutLine: {'line': b'-- Up-to-date: /home/stepan/ws_ros2/install/px4_msgs/include/px4_msgs/px4_msgs/msg/gripper.h\n'}
[6.334200] (px4_msgs) StdoutLine: {'line': b'-- Up-to-date: /home/stepan/ws_ros2/install/px4_msgs/include/px4_msgs/px4_msgs/msg/gimbal_device_set_attitude.h\n'}
[6.334350] (px4_msgs) StdoutLine: {'line': b'-- Up-to-date: /home/stepan/ws_ros2/install/px4_msgs/include/px4_msgs/px4_msgs/msg/open_drone_id_system.h\n'}
[6.334496] (px4_msgs) StdoutLine: {'line': b'-- Up-to-date: /home/stepan/ws_ros2/install/px4_msgs/include/px4_msgs/px4_msgs/msg/debug_value.h\n'}
[6.334638] (px4_msgs) StdoutLine: {'line': b'-- Up-to-date: /home/stepan/ws_ros2/install/px4_msgs/include/px4_msgs/px4_msgs/msg/rover_attitude_status.h\n'}
[6.334799] (px4_msgs) StdoutLine: {'line': b'-- Up-to-date: /home/stepan/ws_ros2/install/px4_msgs/include/px4_msgs/px4_msgs/msg/health_report.h\n'}
[6.334948] (px4_msgs) StdoutLine: {'line': b'-- Up-to-date: /home/stepan/ws_ros2/install/px4_msgs/include/px4_msgs/px4_msgs/msg/mavlink_tunnel.h\n'}
[6.335090] (px4_msgs) StdoutLine: {'line': b'-- Up-to-date: /home/stepan/ws_ros2/install/px4_msgs/include/px4_msgs/px4_msgs/msg/vehicle_status.h\n'}
[6.335224] (px4_msgs) StdoutLine: {'line': b'-- Up-to-date: /home/stepan/ws_ros2/install/px4_msgs/include/px4_msgs/px4_msgs/msg/figure_eight_status.h\n'}
[6.335345] (px4_msgs) StdoutLine: {'line': b'-- Up-to-date: /home/stepan/ws_ros2/install/px4_msgs/include/px4_msgs/px4_msgs/msg/ulog_stream_ack.h\n'}
[6.335455] (px4_msgs) StdoutLine: {'line': b'-- Up-to-date: /home/stepan/ws_ros2/install/px4_msgs/include/px4_msgs/px4_msgs/msg/actuator_outputs.h\n'}
[6.335537] (px4_msgs) StdoutLine: {'line': b'-- Up-to-date: /home/stepan/ws_ros2/install/px4_msgs/include/px4_msgs/px4_msgs/msg/pure_pursuit_status.h\n'}
[6.335705] (px4_msgs) StdoutLine: {'line': b'-- Up-to-date: /home/stepan/ws_ros2/install/px4_msgs/include/px4_msgs/px4_msgs/msg/vehicle_optical_flow_vel.h\n'}
[6.335928] (px4_msgs) StdoutLine: {'line': b'-- Up-to-date: /home/stepan/ws_ros2/install/px4_msgs/include/px4_msgs/px4_msgs/msg/estimator_states.h\n'}
[6.336364] (px4_msgs) StdoutLine: {'line': b'-- Up-to-date: /home/stepan/ws_ros2/install/px4_msgs/include/px4_msgs/px4_msgs/srv\n'}
[6.336863] (px4_msgs) StdoutLine: {'line': b'-- Up-to-date: /home/stepan/ws_ros2/install/px4_msgs/include/px4_msgs/px4_msgs/srv/detail\n'}
[6.337232] (px4_msgs) StdoutLine: {'line': b'-- Up-to-date: /home/stepan/ws_ros2/install/px4_msgs/include/px4_msgs/px4_msgs/srv/detail/vehicle_command__type_support.h\n'}
[6.337384] (px4_msgs) StdoutLine: {'line': b'-- Up-to-date: /home/stepan/ws_ros2/install/px4_msgs/include/px4_msgs/px4_msgs/srv/detail/vehicle_command__functions.c\n'}
[6.337517] (px4_msgs) StdoutLine: {'line': b'-- Up-to-date: /home/stepan/ws_ros2/install/px4_msgs/include/px4_msgs/px4_msgs/srv/detail/vehicle_command__struct.h\n'}
[6.338383] (px4_msgs) StdoutLine: {'line': b'-- Up-to-date: /home/stepan/ws_ros2/install/px4_msgs/include/px4_msgs/px4_msgs/srv/detail/vehicle_command__functions.h\n'}
[6.338944] (px4_msgs) StdoutLine: {'line': b'-- Up-to-date: /home/stepan/ws_ros2/install/px4_msgs/include/px4_msgs/px4_msgs/srv/vehicle_command.h\n'}
[6.339163] (px4_msgs) StdoutLine: {'line': b'-- Up-to-date: /home/stepan/ws_ros2/install/px4_msgs/share/px4_msgs/environment/library_path.sh\n'}
[6.339459] (px4_msgs) StdoutLine: {'line': b'-- Up-to-date: /home/stepan/ws_ros2/install/px4_msgs/share/px4_msgs/environment/library_path.dsv\n'}
[6.339752] (px4_msgs) StdoutLine: {'line': b'-- Up-to-date: /home/stepan/ws_ros2/install/px4_msgs/lib/libpx4_msgs__rosidl_generator_c.so\n'}
[6.340161] (px4_msgs) StdoutLine: {'line': b'-- Up-to-date: /home/stepan/ws_ros2/install/px4_msgs/include/px4_msgs/px4_msgs\n'}
[6.340448] (px4_msgs) StdoutLine: {'line': b'-- Up-to-date: /home/stepan/ws_ros2/install/px4_msgs/include/px4_msgs/px4_msgs/msg\n'}
[6.340680] (px4_msgs) StdoutLine: {'line': b'-- Up-to-date: /home/stepan/ws_ros2/install/px4_msgs/include/px4_msgs/px4_msgs/msg/detail\n'}
[6.341025] (px4_msgs) StdoutLine: {'line': b'-- Up-to-date: /home/stepan/ws_ros2/install/px4_msgs/include/px4_msgs/px4_msgs/msg/detail/estimator_states__rosidl_typesupport_fastrtps_c.h\n'}
[6.341309] (px4_msgs) StdoutLine: {'line': b'-- Up-to-date: /home/stepan/ws_ros2/install/px4_msgs/include/px4_msgs/px4_msgs/msg/detail/gimbal_device_set_attitude__rosidl_typesupport_fastrtps_c.h\n'}
[6.341437] (px4_msgs) StdoutLine: {'line': b'-- Up-to-date: /home/stepan/ws_ros2/install/px4_msgs/include/px4_msgs/px4_msgs/msg/detail/landing_target_innovations__rosidl_typesupport_fastrtps_c.h\n'}
[6.341892] (px4_msgs) StdoutLine: {'line': b'-- Up-to-date: /home/stepan/ws_ros2/install/px4_msgs/include/px4_msgs/px4_msgs/msg/detail/uavcan_parameter_value__rosidl_typesupport_fastrtps_c.h\n'}
[6.342342] (px4_msgs) StdoutLine: {'line': b'-- Up-to-date: /home/stepan/ws_ros2/install/px4_msgs/include/px4_msgs/px4_msgs/msg/detail/vehicle_command__rosidl_typesupport_fastrtps_c.h\n'}
[6.342874] (px4_msgs) StdoutLine: {'line': b'-- Up-to-date: /home/stepan/ws_ros2/install/px4_msgs/include/px4_msgs/px4_msgs/msg/detail/vehicle_angular_acceleration_setpoint__rosidl_typesupport_fastrtps_c.h\n'}
[6.343265] (px4_msgs) StdoutLine: {'line': b'-- Up-to-date: /home/stepan/ws_ros2/install/px4_msgs/include/px4_msgs/px4_msgs/msg/detail/open_drone_id_self_id__rosidl_typesupport_fastrtps_c.h\n'}
[6.343644] (px4_msgs) StdoutLine: {'line': b'-- Up-to-date: /home/stepan/ws_ros2/install/px4_msgs/include/px4_msgs/px4_msgs/msg/detail/pure_pursuit_status__rosidl_typesupport_fastrtps_c.h\n'}
[6.344105] (px4_msgs) StdoutLine: {'line': b'-- Up-to-date: /home/stepan/ws_ros2/install/px4_msgs/include/px4_msgs/px4_msgs/msg/detail/ulog_stream_ack__rosidl_typesupport_fastrtps_c.h\n'}
[6.344593] (px4_msgs) StdoutLine: {'line': b'-- Up-to-date: /home/stepan/ws_ros2/install/px4_msgs/include/px4_msgs/px4_msgs/msg/detail/estimator_event_flags__rosidl_typesupport_fastrtps_c.h\n'}
[6.344942] (px4_msgs) StdoutLine: {'line': b'-- Up-to-date: /home/stepan/ws_ros2/install/px4_msgs/include/px4_msgs/px4_msgs/msg/detail/sensor_mag__rosidl_typesupport_fastrtps_c.h\n'}
[6.345651] (px4_msgs) StdoutLine: {'line': b'-- Up-to-date: /home/stepan/ws_ros2/install/px4_msgs/include/px4_msgs/px4_msgs/msg/detail/rpm__rosidl_typesupport_fastrtps_c.h\n'}
[6.345853] (px4_msgs) StdoutLine: {'line': b'-- Up-to-date: /home/stepan/ws_ros2/install/px4_msgs/include/px4_msgs/px4_msgs/msg/detail/esc_status__rosidl_typesupport_fastrtps_c.h\n'}
[6.346014] (px4_msgs) StdoutLine: {'line': b'-- Up-to-date: /home/stepan/ws_ros2/install/px4_msgs/include/px4_msgs/px4_msgs/msg/detail/sensor_gyro_fft__rosidl_typesupport_fastrtps_c.h\n'}
[6.346183] (px4_msgs) StdoutLine: {'line': b'-- Up-to-date: /home/stepan/ws_ros2/install/px4_msgs/include/px4_msgs/px4_msgs/msg/detail/estimator_status_flags__rosidl_typesupport_fastrtps_c.h\n'}
[6.346342] (px4_msgs) StdoutLine: {'line': b'-- Up-to-date: /home/stepan/ws_ros2/install/px4_msgs/include/px4_msgs/px4_msgs/msg/detail/sensor_baro__rosidl_typesupport_fastrtps_c.h\n'}
[6.346502] (px4_msgs) StdoutLine: {'line': b'-- Up-to-date: /home/stepan/ws_ros2/install/px4_msgs/include/px4_msgs/px4_msgs/msg/detail/airspeed__rosidl_typesupport_fastrtps_c.h\n'}
[6.346666] (px4_msgs) StdoutLine: {'line': b'-- Up-to-date: /home/stepan/ws_ros2/install/px4_msgs/include/px4_msgs/px4_msgs/msg/detail/vehicle_control_mode__rosidl_typesupport_fastrtps_c.h\n'}
[6.346853] (px4_msgs) StdoutLine: {'line': b'-- Up-to-date: /home/stepan/ws_ros2/install/px4_msgs/include/px4_msgs/px4_msgs/msg/detail/vtol_vehicle_status__rosidl_typesupport_fastrtps_c.h\n'}
[6.346992] (px4_msgs) StdoutLine: {'line': b'-- Up-to-date: /home/stepan/ws_ros2/install/px4_msgs/include/px4_msgs/px4_msgs/msg/detail/offboard_control_mode__rosidl_typesupport_fastrtps_c.h\n'}
[6.347229] (px4_msgs) StdoutLine: {'line': b'-- Up-to-date: /home/stepan/ws_ros2/install/px4_msgs/include/px4_msgs/px4_msgs/msg/detail/differential_pressure__rosidl_typesupport_fastrtps_c.h\n'}
[6.347354] (px4_msgs) StdoutLine: {'line': b'-- Up-to-date: /home/stepan/ws_ros2/install/px4_msgs/include/px4_msgs/px4_msgs/msg/detail/orb_test_large__rosidl_typesupport_fastrtps_c.h\n'}
[6.347457] (px4_msgs) StdoutLine: {'line': b'-- Up-to-date: /home/stepan/ws_ros2/install/px4_msgs/include/px4_msgs/px4_msgs/msg/detail/internal_combustion_engine_status__rosidl_typesupport_fastrtps_c.h\n'}
[6.347557] (px4_msgs) StdoutLine: {'line': b'-- Up-to-date: /home/stepan/ws_ros2/install/px4_msgs/include/px4_msgs/px4_msgs/msg/detail/vehicle_optical_flow__rosidl_typesupport_fastrtps_c.h\n'}
[6.347670] (px4_msgs) StdoutLine: {'line': b'-- Up-to-date: /home/stepan/ws_ros2/install/px4_msgs/include/px4_msgs/px4_msgs/msg/detail/estimator_selector_status__rosidl_typesupport_fastrtps_c.h\n'}
[6.347821] (px4_msgs) StdoutLine: {'line': b'-- Up-to-date: /home/stepan/ws_ros2/install/px4_msgs/include/px4_msgs/px4_msgs/msg/detail/power_monitor__rosidl_typesupport_fastrtps_c.h\n'}
[6.347947] (px4_msgs) StdoutLine: {'line': b'-- Up-to-date: /home/stepan/ws_ros2/install/px4_msgs/include/px4_msgs/px4_msgs/msg/detail/open_drone_id_arm_status__rosidl_typesupport_fastrtps_c.h\n'}
[6.348072] (px4_msgs) StdoutLine: {'line': b'-- Up-to-date: /home/stepan/ws_ros2/install/px4_msgs/include/px4_msgs/px4_msgs/msg/detail/debug_vect__rosidl_typesupport_fastrtps_c.h\n'}
[6.348221] (px4_msgs) StdoutLine: {'line': b'-- Up-to-date: /home/stepan/ws_ros2/install/px4_msgs/include/px4_msgs/px4_msgs/msg/detail/vehicle_imu__rosidl_typesupport_fastrtps_c.h\n'}
[6.348368] (px4_msgs) StdoutLine: {'line': b'-- Up-to-date: /home/stepan/ws_ros2/install/px4_msgs/include/px4_msgs/px4_msgs/msg/detail/adc_report__rosidl_typesupport_fastrtps_c.h\n'}
[6.348515] (px4_msgs) StdoutLine: {'line': b'-- Up-to-date: /home/stepan/ws_ros2/install/px4_msgs/include/px4_msgs/px4_msgs/msg/detail/dataman_response__rosidl_typesupport_fastrtps_c.h\n'}
[6.348664] (px4_msgs) StdoutLine: {'line': b'-- Up-to-date: /home/stepan/ws_ros2/install/px4_msgs/include/px4_msgs/px4_msgs/msg/detail/gimbal_manager_information__rosidl_typesupport_fastrtps_c.h\n'}
[6.348964] (px4_msgs) StdoutLine: {'line': b'-- Up-to-date: /home/stepan/ws_ros2/install/px4_msgs/include/px4_msgs/px4_msgs/msg/detail/vehicle_air_data__rosidl_typesupport_fastrtps_c.h\n'}
[6.349134] (px4_msgs) StdoutLine: {'line': b'-- Up-to-date: /home/stepan/ws_ros2/install/px4_msgs/include/px4_msgs/px4_msgs/msg/detail/parameter_set_value_request__rosidl_typesupport_fastrtps_c.h\n'}
[6.349429] (px4_msgs) StdoutLine: {'line': b'-- Up-to-date: /home/stepan/ws_ros2/install/px4_msgs/include/px4_msgs/px4_msgs/msg/detail/config_overrides__rosidl_typesupport_fastrtps_c.h\n'}
[6.349552] (px4_msgs) StdoutLine: {'line': b'-- Up-to-date: /home/stepan/ws_ros2/install/px4_msgs/include/px4_msgs/px4_msgs/msg/detail/navigator_mission_item__rosidl_typesupport_fastrtps_c.h\n'}
[6.349699] (px4_msgs) StdoutLine: {'line': b'-- Up-to-date: /home/stepan/ws_ros2/install/px4_msgs/include/px4_msgs/px4_msgs/msg/detail/debug_key_value__rosidl_typesupport_fastrtps_c.h\n'}
[6.349887] (px4_msgs) StdoutLine: {'line': b'-- Up-to-date: /home/stepan/ws_ros2/install/px4_msgs/include/px4_msgs/px4_msgs/msg/detail/arming_check_reply__rosidl_typesupport_fastrtps_c.h\n'}
[6.350058] (px4_msgs) StdoutLine: {'line': b'-- Up-to-date: /home/stepan/ws_ros2/install/px4_msgs/include/px4_msgs/px4_msgs/msg/detail/camera_capture__rosidl_typesupport_fastrtps_c.h\n'}
[6.350219] (px4_msgs) StdoutLine: {'line': b'-- Up-to-date: /home/stepan/ws_ros2/install/px4_msgs/include/px4_msgs/px4_msgs/msg/detail/cellular_status__rosidl_typesupport_fastrtps_c.h\n'}
[6.350383] (px4_msgs) StdoutLine: {'line': b'-- Up-to-date: /home/stepan/ws_ros2/install/px4_msgs/include/px4_msgs/px4_msgs/msg/detail/sensor_correction__rosidl_typesupport_fastrtps_c.h\n'}
[6.350552] (px4_msgs) StdoutLine: {'line': b'-- Up-to-date: /home/stepan/ws_ros2/install/px4_msgs/include/px4_msgs/px4_msgs/msg/detail/camera_status__rosidl_typesupport_fastrtps_c.h\n'}
[6.350645] (px4_msgs) StdoutLine: {'line': b'-- Up-to-date: /home/stepan/ws_ros2/install/px4_msgs/include/px4_msgs/px4_msgs/msg/detail/landing_gear__rosidl_typesupport_fastrtps_c.h\n'}
[6.350775] (px4_msgs) StdoutLine: {'line': b'-- Up-to-date: /home/stepan/ws_ros2/install/px4_msgs/include/px4_msgs/px4_msgs/msg/detail/onboard_computer_status__rosidl_typesupport_fastrtps_c.h\n'}
[6.350921] (px4_msgs) StdoutLine: {'line': b'-- Up-to-date: /home/stepan/ws_ros2/install/px4_msgs/include/px4_msgs/px4_msgs/msg/detail/failure_detector_status__rosidl_typesupport_fastrtps_c.h\n'}
[6.351012] (px4_msgs) StdoutLine: {'line': b'-- Up-to-date: /home/stepan/ws_ros2/install/px4_msgs/include/px4_msgs/px4_msgs/msg/detail/rate_ctrl_status__rosidl_typesupport_fastrtps_c.h\n'}
[6.351100] (px4_msgs) StdoutLine: {'line': b'-- Up-to-date: /home/stepan/ws_ros2/install/px4_msgs/include/px4_msgs/px4_msgs/msg/detail/sensor_gyro_fifo__rosidl_typesupport_fastrtps_c.h\n'}
[6.351187] (px4_msgs) StdoutLine: {'line': b'-- Up-to-date: /home/stepan/ws_ros2/install/px4_msgs/include/px4_msgs/px4_msgs/msg/detail/sensor_gnss_relative__rosidl_typesupport_fastrtps_c.h\n'}
[6.351275] (px4_msgs) StdoutLine: {'line': b'-- Up-to-date: /home/stepan/ws_ros2/install/px4_msgs/include/px4_msgs/px4_msgs/msg/detail/rtl_time_estimate__rosidl_typesupport_fastrtps_c.h\n'}
[6.351361] (px4_msgs) StdoutLine: {'line': b'-- Up-to-date: /home/stepan/ws_ros2/install/px4_msgs/include/px4_msgs/px4_msgs/msg/detail/follow_target_estimator__rosidl_typesupport_fastrtps_c.h\n'}
[6.351471] (px4_msgs) StdoutLine: {'line': b'-- Up-to-date: /home/stepan/ws_ros2/install/px4_msgs/include/px4_msgs/px4_msgs/msg/detail/landing_gear_wheel__rosidl_typesupport_fastrtps_c.h\n'}
[6.351620] (px4_msgs) StdoutLine: {'line': b'-- Up-to-date: /home/stepan/ws_ros2/install/px4_msgs/include/px4_msgs/px4_msgs/msg/detail/cpuload__rosidl_typesupport_fastrtps_c.h\n'}
[6.351791] (px4_msgs) StdoutLine: {'line': b'-- Up-to-date: /home/stepan/ws_ros2/install/px4_msgs/include/px4_msgs/px4_msgs/msg/detail/geofence_result__rosidl_typesupport_fastrtps_c.h\n'}
[6.351949] (px4_msgs) StdoutLine: {'line': b'-- Up-to-date: /home/stepan/ws_ros2/install/px4_msgs/include/px4_msgs/px4_msgs/msg/detail/gps_inject_data__rosidl_typesupport_fastrtps_c.h\n'}
[6.352117] (px4_msgs) StdoutLine: {'line': b'-- Up-to-date: /home/stepan/ws_ros2/install/px4_msgs/include/px4_msgs/px4_msgs/msg/detail/follow_target__rosidl_typesupport_fastrtps_c.h\n'}
[6.352603] (px4_msgs) StdoutLine: {'line': b'-- Up-to-date: /home/stepan/ws_ros2/install/px4_msgs/include/px4_msgs/px4_msgs/msg/detail/mission_result__rosidl_typesupport_fastrtps_c.h\n'}
[6.353320] (px4_msgs) StdoutLine: {'line': b'-- Up-to-date: /home/stepan/ws_ros2/install/px4_msgs/include/px4_msgs/px4_msgs/msg/detail/irlock_report__rosidl_typesupport_fastrtps_c.h\n'}
[6.353834] (px4_msgs) StdoutLine: {'line': b'-- Up-to-date: /home/stepan/ws_ros2/install/px4_msgs/include/px4_msgs/px4_msgs/msg/detail/heater_status__rosidl_typesupport_fastrtps_c.h\n'}
[6.354034] (px4_msgs) StdoutLine: {'line': b'-- Up-to-date: /home/stepan/ws_ros2/install/px4_msgs/include/px4_msgs/px4_msgs/msg/detail/camera_trigger__rosidl_typesupport_fastrtps_c.h\n'}
[6.354251] (px4_msgs) StdoutLine: {'line': b'-- Up-to-date: /home/stepan/ws_ros2/install/px4_msgs/include/px4_msgs/px4_msgs/msg/detail/vehicle_magnetometer__rosidl_typesupport_fastrtps_c.h\n'}
[6.354875] (px4_msgs) StdoutLine: {'line': b'-- Up-to-date: /home/stepan/ws_ros2/install/px4_msgs/include/px4_msgs/px4_msgs/msg/detail/event__rosidl_typesupport_fastrtps_c.h\n'}
[6.355453] (px4_msgs) StdoutLine: {'line': b'-- Up-to-date: /home/stepan/ws_ros2/install/px4_msgs/include/px4_msgs/px4_msgs/msg/detail/sensor_accel_fifo__rosidl_typesupport_fastrtps_c.h\n'}
[6.355787] (px4_msgs) StdoutLine: {'line': b'-- Up-to-date: /home/stepan/ws_ros2/install/px4_msgs/include/px4_msgs/px4_msgs/msg/detail/gimbal_device_information__rosidl_typesupport_fastrtps_c.h\n'}
[6.356322] (px4_msgs) StdoutLine: {'line': b'-- Up-to-date: /home/stepan/ws_ros2/install/px4_msgs/include/px4_msgs/px4_msgs/msg/detail/sensor_gps__rosidl_typesupport_fastrtps_c.h\n'}
[6.356506] (px4_msgs) StdoutLine: {'line': b'-- Up-to-date: /home/stepan/ws_ros2/install/px4_msgs/include/px4_msgs/px4_msgs/msg/detail/register_ext_component_reply__rosidl_typesupport_fastrtps_c.h\n'}
[6.356638] (-) TimerEvent: {}
[6.357095] (px4_msgs) StdoutLine: {'line': b'-- Up-to-date: /home/stepan/ws_ros2/install/px4_msgs/include/px4_msgs/px4_msgs/msg/detail/sensor_uwb__rosidl_typesupport_fastrtps_c.h\n'}
[6.357654] (px4_msgs) StdoutLine: {'line': b'-- Up-to-date: /home/stepan/ws_ros2/install/px4_msgs/include/px4_msgs/px4_msgs/msg/detail/orb_test__rosidl_typesupport_fastrtps_c.h\n'}
[6.358057] (px4_msgs) StdoutLine: {'line': b'-- Up-to-date: /home/stepan/ws_ros2/install/px4_msgs/include/px4_msgs/px4_msgs/msg/detail/unregister_ext_component__rosidl_typesupport_fastrtps_c.h\n'}
[6.358342] (px4_msgs) StdoutLine: {'line': b'-- Up-to-date: /home/stepan/ws_ros2/install/px4_msgs/include/px4_msgs/px4_msgs/msg/detail/sensor_airflow__rosidl_typesupport_fastrtps_c.h\n'}
[6.358642] (px4_msgs) StdoutLine: {'line': b'-- Up-to-date: /home/stepan/ws_ros2/install/px4_msgs/include/px4_msgs/px4_msgs/msg/detail/vehicle_roi__rosidl_typesupport_fastrtps_c.h\n'}
[6.359126] (px4_msgs) StdoutLine: {'line': b'-- Up-to-date: /home/stepan/ws_ros2/install/px4_msgs/include/px4_msgs/px4_msgs/msg/detail/uavcan_parameter_request__rosidl_typesupport_fastrtps_c.h\n'}
[6.359501] (px4_msgs) StdoutLine: {'line': b'-- Up-to-date: /home/stepan/ws_ros2/install/px4_msgs/include/px4_msgs/px4_msgs/msg/detail/dataman_request__rosidl_typesupport_fastrtps_c.h\n'}
[6.359762] (px4_msgs) StdoutLine: {'line': b'-- Up-to-date: /home/stepan/ws_ros2/install/px4_msgs/include/px4_msgs/px4_msgs/msg/detail/estimator_gps_status__rosidl_typesupport_fastrtps_c.h\n'}
[6.360042] (px4_msgs) StdoutLine: {'line': b'-- Up-to-date: /home/stepan/ws_ros2/install/px4_msgs/include/px4_msgs/px4_msgs/msg/detail/position_setpoint_triplet__rosidl_typesupport_fastrtps_c.h\n'}
[6.360256] (px4_msgs) StdoutLine: {'line': b'-- Up-to-date: /home/stepan/ws_ros2/install/px4_msgs/include/px4_msgs/px4_msgs/msg/detail/launch_detection_status__rosidl_typesupport_fastrtps_c.h\n'}
[6.360853] (px4_msgs) StdoutLine: {'line': b'-- Up-to-date: /home/stepan/ws_ros2/install/px4_msgs/include/px4_msgs/px4_msgs/msg/detail/autotune_attitude_control_status__rosidl_typesupport_fastrtps_c.h\n'}
[6.361417] (px4_msgs) StdoutLine: {'line': b'-- Up-to-date: /home/stepan/ws_ros2/install/px4_msgs/include/px4_msgs/px4_msgs/msg/detail/orbit_status__rosidl_typesupport_fastrtps_c.h\n'}
[6.361656] (px4_msgs) StdoutLine: {'line': b'-- Up-to-date: /home/stepan/ws_ros2/install/px4_msgs/include/px4_msgs/px4_msgs/msg/detail/pwm_input__rosidl_typesupport_fastrtps_c.h\n'}
[6.362017] (px4_msgs) StdoutLine: {'line': b'-- Up-to-date: /home/stepan/ws_ros2/install/px4_msgs/include/px4_msgs/px4_msgs/msg/detail/pps_capture__rosidl_typesupport_fastrtps_c.h\n'}
[6.362424] (px4_msgs) StdoutLine: {'line': b'-- Up-to-date: /home/stepan/ws_ros2/install/px4_msgs/include/px4_msgs/px4_msgs/msg/detail/failsafe_flags__rosidl_typesupport_fastrtps_c.h\n'}
[6.362603] (px4_msgs) StdoutLine: {'line': b'-- Up-to-date: /home/stepan/ws_ros2/install/px4_msgs/include/px4_msgs/px4_msgs/msg/detail/wheel_encoders__rosidl_typesupport_fastrtps_c.h\n'}
[6.362780] (px4_msgs) StdoutLine: {'line': b'-- Up-to-date: /home/stepan/ws_ros2/install/px4_msgs/include/px4_msgs/px4_msgs/msg/detail/navigator_status__rosidl_typesupport_fastrtps_c.h\n'}
[6.362965] (px4_msgs) StdoutLine: {'line': b'-- Up-to-date: /home/stepan/ws_ros2/install/px4_msgs/include/px4_msgs/px4_msgs/msg/detail/airspeed_wind__rosidl_typesupport_fastrtps_c.h\n'}
[6.363134] (px4_msgs) StdoutLine: {'line': b'-- Up-to-date: /home/stepan/ws_ros2/install/px4_msgs/include/px4_msgs/px4_msgs/msg/detail/gimbal_controls__rosidl_typesupport_fastrtps_c.h\n'}
[6.363336] (px4_msgs) StdoutLine: {'line': b'-- Up-to-date: /home/stepan/ws_ros2/install/px4_msgs/include/px4_msgs/px4_msgs/msg/detail/debug_array__rosidl_typesupport_fastrtps_c.h\n'}
[6.363513] (px4_msgs) StdoutLine: {'line': b'-- Up-to-date: /home/stepan/ws_ros2/install/px4_msgs/include/px4_msgs/px4_msgs/msg/detail/gimbal_manager_status__rosidl_typesupport_fastrtps_c.h\n'}
[6.363689] (px4_msgs) StdoutLine: {'line': b'-- Up-to-date: /home/stepan/ws_ros2/install/px4_msgs/include/px4_msgs/px4_msgs/msg/detail/goto_setpoint__rosidl_typesupport_fastrtps_c.h\n'}
[6.363904] (px4_msgs) StdoutLine: {'line': b'-- Up-to-date: /home/stepan/ws_ros2/install/px4_msgs/include/px4_msgs/px4_msgs/msg/detail/radio_status__rosidl_typesupport_fastrtps_c.h\n'}
[6.364094] (px4_msgs) StdoutLine: {'line': b'-- Up-to-date: /home/stepan/ws_ros2/install/px4_msgs/include/px4_msgs/px4_msgs/msg/detail/qshell_req__rosidl_typesupport_fastrtps_c.h\n'}
[6.364266] (px4_msgs) StdoutLine: {'line': b'-- Up-to-date: /home/stepan/ws_ros2/install/px4_msgs/include/px4_msgs/px4_msgs/msg/detail/vehicle_global_position__rosidl_typesupport_fastrtps_c.h\n'}
[6.364411] (px4_msgs) StdoutLine: {'line': b'-- Up-to-date: /home/stepan/ws_ros2/install/px4_msgs/include/px4_msgs/px4_msgs/msg/detail/generator_status__rosidl_typesupport_fastrtps_c.h\n'}
[6.364521] (px4_msgs) StdoutLine: {'line': b'-- Up-to-date: /home/stepan/ws_ros2/install/px4_msgs/include/px4_msgs/px4_msgs/msg/detail/hover_thrust_estimate__rosidl_typesupport_fastrtps_c.h\n'}
[6.364672] (px4_msgs) StdoutLine: {'line': b'-- Up-to-date: /home/stepan/ws_ros2/install/px4_msgs/include/px4_msgs/px4_msgs/msg/detail/tecs_status__rosidl_typesupport_fastrtps_c.h\n'}
[6.364861] (px4_msgs) StdoutLine: {'line': b'-- Up-to-date: /home/stepan/ws_ros2/install/px4_msgs/include/px4_msgs/px4_msgs/msg/detail/telemetry_status__rosidl_typesupport_fastrtps_c.h\n'}
[6.365028] (px4_msgs) StdoutLine: {'line': b'-- Up-to-date: /home/stepan/ws_ros2/install/px4_msgs/include/px4_msgs/px4_msgs/msg/detail/ulog_stream__rosidl_typesupport_fastrtps_c.h\n'}
[6.365158] (px4_msgs) StdoutLine: {'line': b'-- Up-to-date: /home/stepan/ws_ros2/install/px4_msgs/include/px4_msgs/px4_msgs/msg/detail/sensor_hygrometer__rosidl_typesupport_fastrtps_c.h\n'}
[6.365259] (px4_msgs) StdoutLine: {'line': b'-- Up-to-date: /home/stepan/ws_ros2/install/px4_msgs/include/px4_msgs/px4_msgs/msg/detail/gripper__rosidl_typesupport_fastrtps_c.h\n'}
[6.365407] (px4_msgs) StdoutLine: {'line': b'-- Up-to-date: /home/stepan/ws_ros2/install/px4_msgs/include/px4_msgs/px4_msgs/msg/detail/manual_control_switches__rosidl_typesupport_fastrtps_c.h\n'}
[6.365556] (px4_msgs) StdoutLine: {'line': b'-- Up-to-date: /home/stepan/ws_ros2/install/px4_msgs/include/px4_msgs/px4_msgs/msg/detail/estimator_sensor_bias__rosidl_typesupport_fastrtps_c.h\n'}
[6.365734] (px4_msgs) StdoutLine: {'line': b'-- Up-to-date: /home/stepan/ws_ros2/install/px4_msgs/include/px4_msgs/px4_msgs/msg/detail/mount_orientation__rosidl_typesupport_fastrtps_c.h\n'}
[6.365927] (px4_msgs) StdoutLine: {'line': b'-- Up-to-date: /home/stepan/ws_ros2/install/px4_msgs/include/px4_msgs/px4_msgs/msg/detail/parameter_reset_request__rosidl_typesupport_fastrtps_c.h\n'}
[6.366104] (px4_msgs) StdoutLine: {'line': b'-- Up-to-date: /home/stepan/ws_ros2/install/px4_msgs/include/px4_msgs/px4_msgs/msg/detail/gimbal_manager_set_manual_control__rosidl_typesupport_fastrtps_c.h\n'}
[6.366260] (px4_msgs) StdoutLine: {'line': b'-- Up-to-date: /home/stepan/ws_ros2/install/px4_msgs/include/px4_msgs/px4_msgs/msg/detail/estimator_bias__rosidl_typesupport_fastrtps_c.h\n'}
[6.366422] (px4_msgs) StdoutLine: {'line': b'-- Up-to-date: /home/stepan/ws_ros2/install/px4_msgs/include/px4_msgs/px4_msgs/msg/detail/system_power__rosidl_typesupport_fastrtps_c.h\n'}
[6.366598] (px4_msgs) StdoutLine: {'line': b'-- Up-to-date: /home/stepan/ws_ros2/install/px4_msgs/include/px4_msgs/px4_msgs/msg/detail/mission__rosidl_typesupport_fastrtps_c.h\n'}
[6.366782] (px4_msgs) StdoutLine: {'line': b'-- Up-to-date: /home/stepan/ws_ros2/install/px4_msgs/include/px4_msgs/px4_msgs/msg/detail/mavlink_tunnel__rosidl_typesupport_fastrtps_c.h\n'}
[6.366966] (px4_msgs) StdoutLine: {'line': b'-- Up-to-date: /home/stepan/ws_ros2/install/px4_msgs/include/px4_msgs/px4_msgs/msg/detail/vehicle_status__rosidl_typesupport_fastrtps_c.h\n'}
[6.367120] (px4_msgs) StdoutLine: {'line': b'-- Up-to-date: /home/stepan/ws_ros2/install/px4_msgs/include/px4_msgs/px4_msgs/msg/detail/position_controller_status__rosidl_typesupport_fastrtps_c.h\n'}
[6.367275] (px4_msgs) StdoutLine: {'line': b'-- Up-to-date: /home/stepan/ws_ros2/install/px4_msgs/include/px4_msgs/px4_msgs/msg/detail/trajectory_setpoint__rosidl_typesupport_fastrtps_c.h\n'}
[6.367428] (px4_msgs) StdoutLine: {'line': b'-- Up-to-date: /home/stepan/ws_ros2/install/px4_msgs/include/px4_msgs/px4_msgs/msg/detail/satellite_info__rosidl_typesupport_fastrtps_c.h\n'}
[6.367585] (px4_msgs) StdoutLine: {'line': b'-- Up-to-date: /home/stepan/ws_ros2/install/px4_msgs/include/px4_msgs/px4_msgs/msg/detail/transponder_report__rosidl_typesupport_fastrtps_c.h\n'}
[6.367753] (px4_msgs) StdoutLine: {'line': b'-- Up-to-date: /home/stepan/ws_ros2/install/px4_msgs/include/px4_msgs/px4_msgs/msg/detail/sensor_preflight_mag__rosidl_typesupport_fastrtps_c.h\n'}
[6.367920] (px4_msgs) StdoutLine: {'line': b'-- Up-to-date: /home/stepan/ws_ros2/install/px4_msgs/include/px4_msgs/px4_msgs/msg/detail/actuator_test__rosidl_typesupport_fastrtps_c.h\n'}
[6.368091] (px4_msgs) StdoutLine: {'line': b'-- Up-to-date: /home/stepan/ws_ros2/install/px4_msgs/include/px4_msgs/px4_msgs/msg/detail/position_setpoint__rosidl_typesupport_fastrtps_c.h\n'}
[6.368255] (px4_msgs) StdoutLine: {'line': b'-- Up-to-date: /home/stepan/ws_ros2/install/px4_msgs/include/px4_msgs/px4_msgs/msg/detail/home_position__rosidl_typesupport_fastrtps_c.h\n'}
[6.368369] (px4_msgs) StdoutLine: {'line': b'-- Up-to-date: /home/stepan/ws_ros2/install/px4_msgs/include/px4_msgs/px4_msgs/msg/detail/register_ext_component_request__rosidl_typesupport_fastrtps_c.h\n'}
[6.368492] (px4_msgs) StdoutLine: {'line': b'-- Up-to-date: /home/stepan/ws_ros2/install/px4_msgs/include/px4_msgs/px4_msgs/msg/detail/timesync_status__rosidl_typesupport_fastrtps_c.h\n'}
[6.368589] (px4_msgs) StdoutLine: {'line': b'-- Up-to-date: /home/stepan/ws_ros2/install/px4_msgs/include/px4_msgs/px4_msgs/msg/detail/mavlink_log__rosidl_typesupport_fastrtps_c.h\n'}
[6.368680] (px4_msgs) StdoutLine: {'line': b'-- Up-to-date: /home/stepan/ws_ros2/install/px4_msgs/include/px4_msgs/px4_msgs/msg/detail/iridiumsbd_status__rosidl_typesupport_fastrtps_c.h\n'}
[6.368818] (px4_msgs) StdoutLine: {'line': b'-- Up-to-date: /home/stepan/ws_ros2/install/px4_msgs/include/px4_msgs/px4_msgs/msg/detail/estimator_aid_source3d__rosidl_typesupport_fastrtps_c.h\n'}
[6.368911] (px4_msgs) StdoutLine: {'line': b'-- Up-to-date: /home/stepan/ws_ros2/install/px4_msgs/include/px4_msgs/px4_msgs/msg/detail/tiltrotor_extra_controls__rosidl_typesupport_fastrtps_c.h\n'}
[6.369036] (px4_msgs) StdoutLine: {'line': b'-- Up-to-date: /home/stepan/ws_ros2/install/px4_msgs/include/px4_msgs/px4_msgs/msg/detail/yaw_estimator_status__rosidl_typesupport_fastrtps_c.h\n'}
[6.369394] (px4_msgs) StdoutLine: {'line': b'-- Up-to-date: /home/stepan/ws_ros2/install/px4_msgs/include/px4_msgs/px4_msgs/msg/detail/internal_combustion_engine_control__rosidl_typesupport_fastrtps_c.h\n'}
[6.370215] (px4_msgs) StdoutLine: {'line': b'-- Up-to-date: /home/stepan/ws_ros2/install/px4_msgs/include/px4_msgs/px4_msgs/msg/detail/vehicle_constraints__rosidl_typesupport_fastrtps_c.h\n'}
[6.370775] (px4_msgs) StdoutLine: {'line': b'-- Up-to-date: /home/stepan/ws_ros2/install/px4_msgs/include/px4_msgs/px4_msgs/msg/detail/vehicle_attitude__rosidl_typesupport_fastrtps_c.h\n'}
[6.371629] (px4_msgs) StdoutLine: {'line': b'-- Up-to-date: /home/stepan/ws_ros2/install/px4_msgs/include/px4_msgs/px4_msgs/msg/detail/vehicle_thrust_setpoint__rosidl_typesupport_fastrtps_c.h\n'}
[6.372212] (px4_msgs) StdoutLine: {'line': b'-- Up-to-date: /home/stepan/ws_ros2/install/px4_msgs/include/px4_msgs/px4_msgs/msg/detail/magnetometer_bias_estimate__rosidl_typesupport_fastrtps_c.h\n'}
[6.372926] (px4_msgs) StdoutLine: {'line': b'-- Up-to-date: /home/stepan/ws_ros2/install/px4_msgs/include/px4_msgs/px4_msgs/msg/detail/geofence_status__rosidl_typesupport_fastrtps_c.h\n'}
[6.373421] (px4_msgs) StdoutLine: {'line': b'-- Up-to-date: /home/stepan/ws_ros2/install/px4_msgs/include/px4_msgs/px4_msgs/msg/detail/flight_phase_estimation__rosidl_typesupport_fastrtps_c.h\n'}
[6.373919] (px4_msgs) StdoutLine: {'line': b'-- Up-to-date: /home/stepan/ws_ros2/install/px4_msgs/include/px4_msgs/px4_msgs/msg/detail/px4io_status__rosidl_typesupport_fastrtps_c.h\n'}
[6.374222] (px4_msgs) StdoutLine: {'line': b'-- Up-to-date: /home/stepan/ws_ros2/install/px4_msgs/include/px4_msgs/px4_msgs/msg/detail/control_allocator_status__rosidl_typesupport_fastrtps_c.h\n'}
[6.374569] (px4_msgs) StdoutLine: {'line': b'-- Up-to-date: /home/stepan/ws_ros2/install/px4_msgs/include/px4_msgs/px4_msgs/msg/detail/sensor_optical_flow__rosidl_typesupport_fastrtps_c.h\n'}
[6.374774] (px4_msgs) StdoutLine: {'line': b'-- Up-to-date: /home/stepan/ws_ros2/install/px4_msgs/include/px4_msgs/px4_msgs/msg/detail/actuator_servos_trim__rosidl_typesupport_fastrtps_c.h\n'}
[6.375025] (px4_msgs) StdoutLine: {'line': b'-- Up-to-date: /home/stepan/ws_ros2/install/px4_msgs/include/px4_msgs/px4_msgs/msg/detail/log_message__rosidl_typesupport_fastrtps_c.h\n'}
[6.375216] (px4_msgs) StdoutLine: {'line': b'-- Up-to-date: /home/stepan/ws_ros2/install/px4_msgs/include/px4_msgs/px4_msgs/msg/detail/estimator_bias3d__rosidl_typesupport_fastrtps_c.h\n'}
[6.375591] (px4_msgs) StdoutLine: {'line': b'-- Up-to-date: /home/stepan/ws_ros2/install/px4_msgs/include/px4_msgs/px4_msgs/msg/detail/estimator_innovations__rosidl_typesupport_fastrtps_c.h\n'}
[6.376124] (px4_msgs) StdoutLine: {'line': b'-- Up-to-date: /home/stepan/ws_ros2/install/px4_msgs/include/px4_msgs/px4_msgs/msg/detail/led_control__rosidl_typesupport_fastrtps_c.h\n'}
[6.376559] (px4_msgs) StdoutLine: {'line': b'-- Up-to-date: /home/stepan/ws_ros2/install/px4_msgs/include/px4_msgs/px4_msgs/msg/detail/manual_control_setpoint__rosidl_typesupport_fastrtps_c.h\n'}
[6.377082] (px4_msgs) StdoutLine: {'line': b'-- Up-to-date: /home/stepan/ws_ros2/install/px4_msgs/include/px4_msgs/px4_msgs/msg/detail/estimator_aid_source2d__rosidl_typesupport_fastrtps_c.h\n'}
[6.377651] (px4_msgs) StdoutLine: {'line': b'-- Up-to-date: /home/stepan/ws_ros2/install/px4_msgs/include/px4_msgs/px4_msgs/msg/detail/gimbal_manager_set_attitude__rosidl_typesupport_fastrtps_c.h\n'}
[6.378093] (px4_msgs) StdoutLine: {'line': b'-- Up-to-date: /home/stepan/ws_ros2/install/px4_msgs/include/px4_msgs/px4_msgs/msg/detail/gpio_out__rosidl_typesupport_fastrtps_c.h\n'}
[6.378307] (px4_msgs) StdoutLine: {'line': b'-- Up-to-date: /home/stepan/ws_ros2/install/px4_msgs/include/px4_msgs/px4_msgs/msg/detail/sensor_accel__rosidl_typesupport_fastrtps_c.h\n'}
[6.379038] (px4_msgs) StdoutLine: {'line': b'-- Up-to-date: /home/stepan/ws_ros2/install/px4_msgs/include/px4_msgs/px4_msgs/msg/detail/fuel_tank_status__rosidl_typesupport_fastrtps_c.h\n'}
[6.379312] (px4_msgs) StdoutLine: {'line': b'-- Up-to-date: /home/stepan/ws_ros2/install/px4_msgs/include/px4_msgs/px4_msgs/msg/detail/vehicle_optical_flow_vel__rosidl_typesupport_fastrtps_c.h\n'}
[6.379497] (px4_msgs) StdoutLine: {'line': b'-- Up-to-date: /home/stepan/ws_ros2/install/px4_msgs/include/px4_msgs/px4_msgs/msg/detail/parameter_update__rosidl_typesupport_fastrtps_c.h\n'}
[6.379663] (px4_msgs) StdoutLine: {'line': b'-- Up-to-date: /home/stepan/ws_ros2/install/px4_msgs/include/px4_msgs/px4_msgs/msg/detail/logger_status__rosidl_typesupport_fastrtps_c.h\n'}
[6.379865] (px4_msgs) StdoutLine: {'line': b'-- Up-to-date: /home/stepan/ws_ros2/install/px4_msgs/include/px4_msgs/px4_msgs/msg/detail/battery_status__rosidl_typesupport_fastrtps_c.h\n'}
[6.380032] (px4_msgs) StdoutLine: {'line': b'-- Up-to-date: /home/stepan/ws_ros2/install/px4_msgs/include/px4_msgs/px4_msgs/msg/detail/ackermann_velocity_setpoint__rosidl_typesupport_fastrtps_c.h\n'}
[6.380205] (px4_msgs) StdoutLine: {'line': b'-- Up-to-date: /home/stepan/ws_ros2/install/px4_msgs/include/px4_msgs/px4_msgs/msg/detail/parameter_set_value_response__rosidl_typesupport_fastrtps_c.h\n'}
[6.380458] (px4_msgs) StdoutLine: {'line': b'-- Up-to-date: /home/stepan/ws_ros2/install/px4_msgs/include/px4_msgs/px4_msgs/msg/detail/gpio_request__rosidl_typesupport_fastrtps_c.h\n'}
[6.380633] (px4_msgs) StdoutLine: {'line': b'-- Up-to-date: /home/stepan/ws_ros2/install/px4_msgs/include/px4_msgs/px4_msgs/msg/detail/figure_eight_status__rosidl_typesupport_fastrtps_c.h\n'}
[6.380764] (px4_msgs) StdoutLine: {'line': b'-- Up-to-date: /home/stepan/ws_ros2/install/px4_msgs/include/px4_msgs/px4_msgs/msg/detail/position_controller_landing_status__rosidl_typesupport_fastrtps_c.h\n'}
[6.380909] (px4_msgs) StdoutLine: {'line': b'-- Up-to-date: /home/stepan/ws_ros2/install/px4_msgs/include/px4_msgs/px4_msgs/msg/detail/actuator_controls_status__rosidl_typesupport_fastrtps_c.h\n'}
[6.381052] (px4_msgs) StdoutLine: {'line': b'-- Up-to-date: /home/stepan/ws_ros2/install/px4_msgs/include/px4_msgs/px4_msgs/msg/detail/vehicle_angular_velocity__rosidl_typesupport_fastrtps_c.h\n'}
[6.381182] (px4_msgs) StdoutLine: {'line': b'-- Up-to-date: /home/stepan/ws_ros2/install/px4_msgs/include/px4_msgs/px4_msgs/msg/detail/debug_value__rosidl_typesupport_fastrtps_c.h\n'}
[6.381296] (px4_msgs) StdoutLine: {'line': b'-- Up-to-date: /home/stepan/ws_ros2/install/px4_msgs/include/px4_msgs/px4_msgs/msg/detail/takeoff_status__rosidl_typesupport_fastrtps_c.h\n'}
[6.381455] (px4_msgs) StdoutLine: {'line': b'-- Up-to-date: /home/stepan/ws_ros2/install/px4_msgs/include/px4_msgs/px4_msgs/msg/detail/gps_dump__rosidl_typesupport_fastrtps_c.h\n'}
[6.381606] (px4_msgs) StdoutLine: {'line': b'-- Up-to-date: /home/stepan/ws_ros2/install/px4_msgs/include/px4_msgs/px4_msgs/msg/detail/ping__rosidl_typesupport_fastrtps_c.h\n'}
[6.381784] (px4_msgs) StdoutLine: {'line': b'-- Up-to-date: /home/stepan/ws_ros2/install/px4_msgs/include/px4_msgs/px4_msgs/msg/detail/vehicle_acceleration__rosidl_typesupport_fastrtps_c.h\n'}
[6.381951] (px4_msgs) StdoutLine: {'line': b'-- Up-to-date: /home/stepan/ws_ros2/install/px4_msgs/include/px4_msgs/px4_msgs/msg/detail/rover_position_setpoint__rosidl_typesupport_fastrtps_c.h\n'}
[6.382116] (px4_msgs) StdoutLine: {'line': b'-- Up-to-date: /home/stepan/ws_ros2/install/px4_msgs/include/px4_msgs/px4_msgs/msg/detail/gimbal_device_attitude_status__rosidl_typesupport_fastrtps_c.h\n'}
[6.382316] (px4_msgs) StdoutLine: {'line': b'-- Up-to-date: /home/stepan/ws_ros2/install/px4_msgs/include/px4_msgs/px4_msgs/msg/detail/vehicle_odometry__rosidl_typesupport_fastrtps_c.h\n'}
[6.382493] (px4_msgs) StdoutLine: {'line': b'-- Up-to-date: /home/stepan/ws_ros2/install/px4_msgs/include/px4_msgs/px4_msgs/msg/detail/parameter_set_used_request__rosidl_typesupport_fastrtps_c.h\n'}
[6.382613] (px4_msgs) StdoutLine: {'line': b'-- Up-to-date: /home/stepan/ws_ros2/install/px4_msgs/include/px4_msgs/px4_msgs/msg/detail/rover_rate_setpoint__rosidl_typesupport_fastrtps_c.h\n'}
[6.382887] (px4_msgs) StdoutLine: {'line': b'-- Up-to-date: /home/stepan/ws_ros2/install/px4_msgs/include/px4_msgs/px4_msgs/msg/detail/actuator_armed__rosidl_typesupport_fastrtps_c.h\n'}
[6.383039] (px4_msgs) StdoutLine: {'line': b'-- Up-to-date: /home/stepan/ws_ros2/install/px4_msgs/include/px4_msgs/px4_msgs/msg/detail/vehicle_local_position__rosidl_typesupport_fastrtps_c.h\n'}
[6.383203] (px4_msgs) StdoutLine: {'line': b'-- Up-to-date: /home/stepan/ws_ros2/install/px4_msgs/include/px4_msgs/px4_msgs/msg/detail/rc_parameter_map__rosidl_typesupport_fastrtps_c.h\n'}
[6.383363] (px4_msgs) StdoutLine: {'line': b'-- Up-to-date: /home/stepan/ws_ros2/install/px4_msgs/include/px4_msgs/px4_msgs/msg/detail/tune_control__rosidl_typesupport_fastrtps_c.h\n'}
[6.383549] (px4_msgs) StdoutLine: {'line': b'-- Up-to-date: /home/stepan/ws_ros2/install/px4_msgs/include/px4_msgs/px4_msgs/msg/detail/airspeed_validated__rosidl_typesupport_fastrtps_c.h\n'}
[6.383728] (px4_msgs) StdoutLine: {'line': b'-- Up-to-date: /home/stepan/ws_ros2/install/px4_msgs/include/px4_msgs/px4_msgs/msg/detail/rc_channels__rosidl_typesupport_fastrtps_c.h\n'}
[6.384005] (px4_msgs) StdoutLine: {'line': b'-- Up-to-date: /home/stepan/ws_ros2/install/px4_msgs/include/px4_msgs/px4_msgs/msg/detail/vehicle_rates_setpoint__rosidl_typesupport_fastrtps_c.h\n'}
[6.384160] (px4_msgs) StdoutLine: {'line': b'-- Up-to-date: /home/stepan/ws_ros2/install/px4_msgs/include/px4_msgs/px4_msgs/msg/detail/distance_sensor__rosidl_typesupport_fastrtps_c.h\n'}
[6.384256] (px4_msgs) StdoutLine: {'line': b'-- Up-to-date: /home/stepan/ws_ros2/install/px4_msgs/include/px4_msgs/px4_msgs/msg/detail/estimator_status__rosidl_typesupport_fastrtps_c.h\n'}
[6.384349] (px4_msgs) StdoutLine: {'line': b'-- Up-to-date: /home/stepan/ws_ros2/install/px4_msgs/include/px4_msgs/px4_msgs/msg/detail/input_rc__rosidl_typesupport_fastrtps_c.h\n'}
[6.384526] (px4_msgs) StdoutLine: {'line': b'-- Up-to-date: /home/stepan/ws_ros2/install/px4_msgs/include/px4_msgs/px4_msgs/msg/detail/sensor_selection__rosidl_typesupport_fastrtps_c.h\n'}
[6.384693] (px4_msgs) StdoutLine: {'line': b'-- Up-to-date: /home/stepan/ws_ros2/install/px4_msgs/include/px4_msgs/px4_msgs/msg/detail/ekf2_timestamps__rosidl_typesupport_fastrtps_c.h\n'}
[6.384949] (px4_msgs) StdoutLine: {'line': b'-- Up-to-date: /home/stepan/ws_ros2/install/px4_msgs/include/px4_msgs/px4_msgs/msg/detail/sensors_status__rosidl_typesupport_fastrtps_c.h\n'}
[6.385104] (px4_msgs) StdoutLine: {'line': b'-- Up-to-date: /home/stepan/ws_ros2/install/px4_msgs/include/px4_msgs/px4_msgs/msg/detail/vehicle_imu_status__rosidl_typesupport_fastrtps_c.h\n'}
[6.385209] (px4_msgs) StdoutLine: {'line': b'-- Up-to-date: /home/stepan/ws_ros2/install/px4_msgs/include/px4_msgs/px4_msgs/msg/detail/qshell_retval__rosidl_typesupport_fastrtps_c.h\n'}
[6.385301] (px4_msgs) StdoutLine: {'line': b'-- Up-to-date: /home/stepan/ws_ros2/install/px4_msgs/include/px4_msgs/px4_msgs/msg/detail/vehicle_command_ack__rosidl_typesupport_fastrtps_c.h\n'}
[6.385423] (px4_msgs) StdoutLine: {'line': b'-- Up-to-date: /home/stepan/ws_ros2/install/px4_msgs/include/px4_msgs/px4_msgs/msg/detail/arming_check_request__rosidl_typesupport_fastrtps_c.h\n'}
[6.385607] (px4_msgs) StdoutLine: {'line': b'-- Up-to-date: /home/stepan/ws_ros2/install/px4_msgs/include/px4_msgs/px4_msgs/msg/detail/rover_throttle_setpoint__rosidl_typesupport_fastrtps_c.h\n'}
[6.385923] (px4_msgs) StdoutLine: {'line': b'-- Up-to-date: /home/stepan/ws_ros2/install/px4_msgs/include/px4_msgs/px4_msgs/msg/detail/button_event__rosidl_typesupport_fastrtps_c.h\n'}
[6.386088] (px4_msgs) StdoutLine: {'line': b'-- Up-to-date: /home/stepan/ws_ros2/install/px4_msgs/include/px4_msgs/px4_msgs/msg/detail/rover_velocity_status__rosidl_typesupport_fastrtps_c.h\n'}
[6.386213] (px4_msgs) StdoutLine: {'line': b'-- Up-to-date: /home/stepan/ws_ros2/install/px4_msgs/include/px4_msgs/px4_msgs/msg/detail/rover_attitude_setpoint__rosidl_typesupport_fastrtps_c.h\n'}
[6.386359] (px4_msgs) StdoutLine: {'line': b'-- Up-to-date: /home/stepan/ws_ros2/install/px4_msgs/include/px4_msgs/px4_msgs/msg/detail/vehicle_torque_setpoint__rosidl_typesupport_fastrtps_c.h\n'}
[6.386493] (px4_msgs) StdoutLine: {'line': b'-- Up-to-date: /home/stepan/ws_ros2/install/px4_msgs/include/px4_msgs/px4_msgs/msg/detail/actuator_servos__rosidl_typesupport_fastrtps_c.h\n'}
[6.386589] (px4_msgs) StdoutLine: {'line': b'-- Up-to-date: /home/stepan/ws_ros2/install/px4_msgs/include/px4_msgs/px4_msgs/msg/detail/mag_worker_data__rosidl_typesupport_fastrtps_c.h\n'}
[6.386683] (px4_msgs) StdoutLine: {'line': b'-- Up-to-date: /home/stepan/ws_ros2/install/px4_msgs/include/px4_msgs/px4_msgs/msg/detail/esc_report__rosidl_typesupport_fastrtps_c.h\n'}
[6.386860] (px4_msgs) StdoutLine: {'line': b'-- Up-to-date: /home/stepan/ws_ros2/install/px4_msgs/include/px4_msgs/px4_msgs/msg/detail/obstacle_distance__rosidl_typesupport_fastrtps_c.h\n'}
[6.387035] (px4_msgs) StdoutLine: {'line': b'-- Up-to-date: /home/stepan/ws_ros2/install/px4_msgs/include/px4_msgs/px4_msgs/msg/detail/follow_target_status__rosidl_typesupport_fastrtps_c.h\n'}
[6.388664] (px4_msgs) StdoutLine: {'line': b'-- Up-to-date: /home/stepan/ws_ros2/install/px4_msgs/include/px4_msgs/px4_msgs/msg/detail/actuator_motors__rosidl_typesupport_fastrtps_c.h\n'}
[6.389182] (px4_msgs) StdoutLine: {'line': b'-- Up-to-date: /home/stepan/ws_ros2/install/px4_msgs/include/px4_msgs/px4_msgs/msg/detail/distance_sensor_mode_change_request__rosidl_typesupport_fastrtps_c.h\n'}
[6.389378] (px4_msgs) StdoutLine: {'line': b'-- Up-to-date: /home/stepan/ws_ros2/install/px4_msgs/include/px4_msgs/px4_msgs/msg/detail/vehicle_local_position_setpoint__rosidl_typesupport_fastrtps_c.h\n'}
[6.389776] (px4_msgs) StdoutLine: {'line': b'-- Up-to-date: /home/stepan/ws_ros2/install/px4_msgs/include/px4_msgs/px4_msgs/msg/detail/open_drone_id_operator_id__rosidl_typesupport_fastrtps_c.h\n'}
[6.390845] (px4_msgs) StdoutLine: {'line': b'-- Up-to-date: /home/stepan/ws_ros2/install/px4_msgs/include/px4_msgs/px4_msgs/msg/detail/orb_test_medium__rosidl_typesupport_fastrtps_c.h\n'}
[6.391489] (px4_msgs) StdoutLine: {'line': b'-- Up-to-date: /home/stepan/ws_ros2/install/px4_msgs/include/px4_msgs/px4_msgs/msg/detail/actuator_outputs__rosidl_typesupport_fastrtps_c.h\n'}
[6.392062] (px4_msgs) StdoutLine: {'line': b'-- Up-to-date: /home/stepan/ws_ros2/install/px4_msgs/include/px4_msgs/px4_msgs/msg/detail/mode_completed__rosidl_typesupport_fastrtps_c.h\n'}
[6.392802] (px4_msgs) StdoutLine: {'line': b'-- Up-to-date: /home/stepan/ws_ros2/install/px4_msgs/include/px4_msgs/px4_msgs/msg/detail/rover_rate_status__rosidl_typesupport_fastrtps_c.h\n'}
[6.393577] (px4_msgs) StdoutLine: {'line': b'-- Up-to-date: /home/stepan/ws_ros2/install/px4_msgs/include/px4_msgs/px4_msgs/msg/detail/normalized_unsigned_setpoint__rosidl_typesupport_fastrtps_c.h\n'}
[6.394116] (px4_msgs) StdoutLine: {'line': b'-- Up-to-date: /home/stepan/ws_ros2/install/px4_msgs/include/px4_msgs/px4_msgs/msg/detail/health_report__rosidl_typesupport_fastrtps_c.h\n'}
[6.394519] (px4_msgs) StdoutLine: {'line': b'-- Up-to-date: /home/stepan/ws_ros2/install/px4_msgs/include/px4_msgs/px4_msgs/msg/detail/power_button_state__rosidl_typesupport_fastrtps_c.h\n'}
[6.394900] (px4_msgs) StdoutLine: {'line': b'-- Up-to-date: /home/stepan/ws_ros2/install/px4_msgs/include/px4_msgs/px4_msgs/msg/detail/can_interface_status__rosidl_typesupport_fastrtps_c.h\n'}
[6.395231] (px4_msgs) StdoutLine: {'line': b'-- Up-to-date: /home/stepan/ws_ros2/install/px4_msgs/include/px4_msgs/px4_msgs/msg/detail/estimator_aid_source1d__rosidl_typesupport_fastrtps_c.h\n'}
[6.395684] (px4_msgs) StdoutLine: {'line': b'-- Up-to-date: /home/stepan/ws_ros2/install/px4_msgs/include/px4_msgs/px4_msgs/msg/detail/npfg_status__rosidl_typesupport_fastrtps_c.h\n'}
[6.396086] (px4_msgs) StdoutLine: {'line': b'-- Up-to-date: /home/stepan/ws_ros2/install/px4_msgs/include/px4_msgs/px4_msgs/msg/detail/vehicle_attitude_setpoint__rosidl_typesupport_fastrtps_c.h\n'}
[6.396345] (px4_msgs) StdoutLine: {'line': b'-- Up-to-date: /home/stepan/ws_ros2/install/px4_msgs/include/px4_msgs/px4_msgs/msg/detail/landing_target_pose__rosidl_typesupport_fastrtps_c.h\n'}
[6.396580] (px4_msgs) StdoutLine: {'line': b'-- Up-to-date: /home/stepan/ws_ros2/install/px4_msgs/include/px4_msgs/px4_msgs/msg/detail/wind__rosidl_typesupport_fastrtps_c.h\n'}
[6.396773] (px4_msgs) StdoutLine: {'line': b'-- Up-to-date: /home/stepan/ws_ros2/install/px4_msgs/include/px4_msgs/px4_msgs/msg/detail/collision_constraints__rosidl_typesupport_fastrtps_c.h\n'}
[6.397213] (px4_msgs) StdoutLine: {'line': b'-- Up-to-date: /home/stepan/ws_ros2/install/px4_msgs/include/px4_msgs/px4_msgs/msg/detail/message_format_request__rosidl_typesupport_fastrtps_c.h\n'}
[6.398212] (px4_msgs) StdoutLine: {'line': b'-- Up-to-date: /home/stepan/ws_ros2/install/px4_msgs/include/px4_msgs/px4_msgs/msg/detail/rover_steering_setpoint__rosidl_typesupport_fastrtps_c.h\n'}
[6.398439] (px4_msgs) StdoutLine: {'line': b'-- Up-to-date: /home/stepan/ws_ros2/install/px4_msgs/include/px4_msgs/px4_msgs/msg/detail/gpio_config__rosidl_typesupport_fastrtps_c.h\n'}
[6.398609] (px4_msgs) StdoutLine: {'line': b'-- Up-to-date: /home/stepan/ws_ros2/install/px4_msgs/include/px4_msgs/px4_msgs/msg/detail/velocity_limits__rosidl_typesupport_fastrtps_c.h\n'}
[6.398867] (px4_msgs) StdoutLine: {'line': b'-- Up-to-date: /home/stepan/ws_ros2/install/px4_msgs/include/px4_msgs/px4_msgs/msg/detail/sensor_combined__rosidl_typesupport_fastrtps_c.h\n'}
[6.398995] (px4_msgs) StdoutLine: {'line': b'-- Up-to-date: /home/stepan/ws_ros2/install/px4_msgs/include/px4_msgs/px4_msgs/msg/detail/action_request__rosidl_typesupport_fastrtps_c.h\n'}
[6.399101] (px4_msgs) StdoutLine: {'line': b'-- Up-to-date: /home/stepan/ws_ros2/install/px4_msgs/include/px4_msgs/px4_msgs/msg/detail/task_stack_info__rosidl_typesupport_fastrtps_c.h\n'}
[6.399250] (px4_msgs) StdoutLine: {'line': b'-- Up-to-date: /home/stepan/ws_ros2/install/px4_msgs/include/px4_msgs/px4_msgs/msg/detail/message_format_response__rosidl_typesupport_fastrtps_c.h\n'}
[6.399425] (px4_msgs) StdoutLine: {'line': b'-- Up-to-date: /home/stepan/ws_ros2/install/px4_msgs/include/px4_msgs/px4_msgs/msg/detail/trajectory_setpoint6dof__rosidl_typesupport_fastrtps_c.h\n'}
[6.399563] (px4_msgs) StdoutLine: {'line': b'-- Up-to-date: /home/stepan/ws_ros2/install/px4_msgs/include/px4_msgs/px4_msgs/msg/detail/open_drone_id_system__rosidl_typesupport_fastrtps_c.h\n'}
[6.399675] (px4_msgs) StdoutLine: {'line': b'-- Up-to-date: /home/stepan/ws_ros2/install/px4_msgs/include/px4_msgs/px4_msgs/msg/detail/rover_attitude_status__rosidl_typesupport_fastrtps_c.h\n'}
[6.399830] (px4_msgs) StdoutLine: {'line': b'-- Up-to-date: /home/stepan/ws_ros2/install/px4_msgs/include/px4_msgs/px4_msgs/msg/detail/rtl_status__rosidl_typesupport_fastrtps_c.h\n'}
[6.399937] (px4_msgs) StdoutLine: {'line': b'-- Up-to-date: /home/stepan/ws_ros2/install/px4_msgs/include/px4_msgs/px4_msgs/msg/detail/sensors_status_imu__rosidl_typesupport_fastrtps_c.h\n'}
[6.400054] (px4_msgs) StdoutLine: {'line': b'-- Up-to-date: /home/stepan/ws_ros2/install/px4_msgs/include/px4_msgs/px4_msgs/msg/detail/gpio_in__rosidl_typesupport_fastrtps_c.h\n'}
[6.400257] (px4_msgs) StdoutLine: {'line': b'-- Up-to-date: /home/stepan/ws_ros2/install/px4_msgs/include/px4_msgs/px4_msgs/msg/detail/vehicle_land_detected__rosidl_typesupport_fastrtps_c.h\n'}
[6.400427] (px4_msgs) StdoutLine: {'line': b'-- Up-to-date: /home/stepan/ws_ros2/install/px4_msgs/include/px4_msgs/px4_msgs/msg/detail/sensor_gyro__rosidl_typesupport_fastrtps_c.h\n'}
[6.400576] (px4_msgs) StdoutLine: {'line': b'-- Up-to-date: /home/stepan/ws_ros2/install/px4_msgs/include/px4_msgs/px4_msgs/msg/rosidl_typesupport_fastrtps_c__visibility_control.h\n'}
[6.400747] (px4_msgs) StdoutLine: {'line': b'-- Up-to-date: /home/stepan/ws_ros2/install/px4_msgs/include/px4_msgs/px4_msgs/srv\n'}
[6.400929] (px4_msgs) StdoutLine: {'line': b'-- Up-to-date: /home/stepan/ws_ros2/install/px4_msgs/include/px4_msgs/px4_msgs/srv/detail\n'}
[6.401072] (px4_msgs) StdoutLine: {'line': b'-- Up-to-date: /home/stepan/ws_ros2/install/px4_msgs/include/px4_msgs/px4_msgs/srv/detail/vehicle_command__rosidl_typesupport_fastrtps_c.h\n'}
[6.401245] (px4_msgs) StdoutLine: {'line': b'-- Up-to-date: /home/stepan/ws_ros2/install/px4_msgs/lib/libpx4_msgs__rosidl_typesupport_fastrtps_c.so\n'}
[6.401374] (px4_msgs) StdoutLine: {'line': b'-- Up-to-date: /home/stepan/ws_ros2/install/px4_msgs/include/px4_msgs/px4_msgs\n'}
[6.401533] (px4_msgs) StdoutLine: {'line': b'-- Up-to-date: /home/stepan/ws_ros2/install/px4_msgs/include/px4_msgs/px4_msgs/msg\n'}
[6.401721] (px4_msgs) StdoutLine: {'line': b'-- Up-to-date: /home/stepan/ws_ros2/install/px4_msgs/include/px4_msgs/px4_msgs/msg/rover_rate_setpoint.hpp\n'}
[6.401856] (px4_msgs) StdoutLine: {'line': b'-- Up-to-date: /home/stepan/ws_ros2/install/px4_msgs/include/px4_msgs/px4_msgs/msg/rc_channels.hpp\n'}
[6.401995] (px4_msgs) StdoutLine: {'line': b'-- Up-to-date: /home/stepan/ws_ros2/install/px4_msgs/include/px4_msgs/px4_msgs/msg/sensor_optical_flow.hpp\n'}
[6.402139] (px4_msgs) StdoutLine: {'line': b'-- Up-to-date: /home/stepan/ws_ros2/install/px4_msgs/include/px4_msgs/px4_msgs/msg/actuator_outputs.hpp\n'}
[6.402250] (px4_msgs) StdoutLine: {'line': b'-- Up-to-date: /home/stepan/ws_ros2/install/px4_msgs/include/px4_msgs/px4_msgs/msg/transponder_report.hpp\n'}
[6.403084] (px4_msgs) StdoutLine: {'line': b'-- Up-to-date: /home/stepan/ws_ros2/install/px4_msgs/include/px4_msgs/px4_msgs/msg/ulog_stream.hpp\n'}
[6.403263] (px4_msgs) StdoutLine: {'line': b'-- Up-to-date: /home/stepan/ws_ros2/install/px4_msgs/include/px4_msgs/px4_msgs/msg/estimator_sensor_bias.hpp\n'}
[6.403429] (px4_msgs) StdoutLine: {'line': b'-- Up-to-date: /home/stepan/ws_ros2/install/px4_msgs/include/px4_msgs/px4_msgs/msg/navigator_mission_item.hpp\n'}
[6.403615] (px4_msgs) StdoutLine: {'line': b'-- Up-to-date: /home/stepan/ws_ros2/install/px4_msgs/include/px4_msgs/px4_msgs/msg/iridiumsbd_status.hpp\n'}
[6.403795] (px4_msgs) StdoutLine: {'line': b'-- Up-to-date: /home/stepan/ws_ros2/install/px4_msgs/include/px4_msgs/px4_msgs/msg/follow_target_estimator.hpp\n'}
[6.403929] (px4_msgs) StdoutLine: {'line': b'-- Up-to-date: /home/stepan/ws_ros2/install/px4_msgs/include/px4_msgs/px4_msgs/msg/power_button_state.hpp\n'}
[6.404117] (px4_msgs) StdoutLine: {'line': b'-- Up-to-date: /home/stepan/ws_ros2/install/px4_msgs/include/px4_msgs/px4_msgs/msg/navigator_status.hpp\n'}
[6.404278] (px4_msgs) StdoutLine: {'line': b'-- Up-to-date: /home/stepan/ws_ros2/install/px4_msgs/include/px4_msgs/px4_msgs/msg/vehicle_imu.hpp\n'}
[6.404401] (px4_msgs) StdoutLine: {'line': b'-- Up-to-date: /home/stepan/ws_ros2/install/px4_msgs/include/px4_msgs/px4_msgs/msg/button_event.hpp\n'}
[6.404518] (px4_msgs) StdoutLine: {'line': b'-- Up-to-date: /home/stepan/ws_ros2/install/px4_msgs/include/px4_msgs/px4_msgs/msg/internal_combustion_engine_status.hpp\n'}
[6.404688] (px4_msgs) StdoutLine: {'line': b'-- Up-to-date: /home/stepan/ws_ros2/install/px4_msgs/include/px4_msgs/px4_msgs/msg/sensors_status.hpp\n'}
[6.405497] (px4_msgs) StdoutLine: {'line': b'-- Up-to-date: /home/stepan/ws_ros2/install/px4_msgs/include/px4_msgs/px4_msgs/msg/message_format_request.hpp\n'}
[6.406174] (px4_msgs) StdoutLine: {'line': b'-- Up-to-date: /home/stepan/ws_ros2/install/px4_msgs/include/px4_msgs/px4_msgs/msg/arming_check_request.hpp\n'}
[6.406583] (px4_msgs) StdoutLine: {'line': b'-- Up-to-date: /home/stepan/ws_ros2/install/px4_msgs/include/px4_msgs/px4_msgs/msg/gimbal_manager_information.hpp\n'}
[6.407586] (px4_msgs) StdoutLine: {'line': b'-- Up-to-date: /home/stepan/ws_ros2/install/px4_msgs/include/px4_msgs/px4_msgs/msg/estimator_bias.hpp\n'}
[6.408155] (px4_msgs) StdoutLine: {'line': b'-- Up-to-date: /home/stepan/ws_ros2/install/px4_msgs/include/px4_msgs/px4_msgs/msg/esc_report.hpp\n'}
[6.409133] (px4_msgs) StdoutLine: {'line': b'-- Up-to-date: /home/stepan/ws_ros2/install/px4_msgs/include/px4_msgs/px4_msgs/msg/sensor_hygrometer.hpp\n'}
[6.410217] (px4_msgs) StdoutLine: {'line': b'-- Up-to-date: /home/stepan/ws_ros2/install/px4_msgs/include/px4_msgs/px4_msgs/msg/adc_report.hpp\n'}
[6.411593] (px4_msgs) StdoutLine: {'line': b'-- Up-to-date: /home/stepan/ws_ros2/install/px4_msgs/include/px4_msgs/px4_msgs/msg/estimator_aid_source2d.hpp\n'}
[6.412749] (px4_msgs) StdoutLine: {'line': b'-- Up-to-date: /home/stepan/ws_ros2/install/px4_msgs/include/px4_msgs/px4_msgs/msg/led_control.hpp\n'}
[6.413276] (px4_msgs) StdoutLine: {'line': b'-- Up-to-date: /home/stepan/ws_ros2/install/px4_msgs/include/px4_msgs/px4_msgs/msg/sensor_baro.hpp\n'}
[6.414156] (px4_msgs) StdoutLine: {'line': b'-- Up-to-date: /home/stepan/ws_ros2/install/px4_msgs/include/px4_msgs/px4_msgs/msg/vehicle_constraints.hpp\n'}
[6.415120] (px4_msgs) StdoutLine: {'line': b'-- Up-to-date: /home/stepan/ws_ros2/install/px4_msgs/include/px4_msgs/px4_msgs/msg/vehicle_attitude.hpp\n'}
[6.415824] (px4_msgs) StdoutLine: {'line': b'-- Up-to-date: /home/stepan/ws_ros2/install/px4_msgs/include/px4_msgs/px4_msgs/msg/vehicle_air_data.hpp\n'}
[6.416002] (px4_msgs) StdoutLine: {'line': b'-- Up-to-date: /home/stepan/ws_ros2/install/px4_msgs/include/px4_msgs/px4_msgs/msg/tecs_status.hpp\n'}
[6.416146] (px4_msgs) StdoutLine: {'line': b'-- Up-to-date: /home/stepan/ws_ros2/install/px4_msgs/include/px4_msgs/px4_msgs/msg/parameter_reset_request.hpp\n'}
[6.416495] (px4_msgs) StdoutLine: {'line': b'-- Up-to-date: /home/stepan/ws_ros2/install/px4_msgs/include/px4_msgs/px4_msgs/msg/trajectory_setpoint.hpp\n'}
[6.416744] (px4_msgs) StdoutLine: {'line': b'-- Up-to-date: /home/stepan/ws_ros2/install/px4_msgs/include/px4_msgs/px4_msgs/msg/rc_parameter_map.hpp\n'}
[6.416937] (px4_msgs) StdoutLine: {'line': b'-- Up-to-date: /home/stepan/ws_ros2/install/px4_msgs/include/px4_msgs/px4_msgs/msg/open_drone_id_system.hpp\n'}
[6.417115] (px4_msgs) StdoutLine: {'line': b'-- Up-to-date: /home/stepan/ws_ros2/install/px4_msgs/include/px4_msgs/px4_msgs/msg/goto_setpoint.hpp\n'}
[6.417296] (px4_msgs) StdoutLine: {'line': b'-- Up-to-date: /home/stepan/ws_ros2/install/px4_msgs/include/px4_msgs/px4_msgs/msg/vehicle_magnetometer.hpp\n'}
[6.417468] (px4_msgs) StdoutLine: {'line': b'-- Up-to-date: /home/stepan/ws_ros2/install/px4_msgs/include/px4_msgs/px4_msgs/msg/gimbal_manager_status.hpp\n'}
[6.418255] (px4_msgs) StdoutLine: {'line': b'-- Up-to-date: /home/stepan/ws_ros2/install/px4_msgs/include/px4_msgs/px4_msgs/msg/estimator_states.hpp\n'}
[6.418450] (px4_msgs) StdoutLine: {'line': b'-- Up-to-date: /home/stepan/ws_ros2/install/px4_msgs/include/px4_msgs/px4_msgs/msg/rover_velocity_status.hpp\n'}
[6.418632] (px4_msgs) StdoutLine: {'line': b'-- Up-to-date: /home/stepan/ws_ros2/install/px4_msgs/include/px4_msgs/px4_msgs/msg/wheel_encoders.hpp\n'}
[6.418862] (px4_msgs) StdoutLine: {'line': b'-- Up-to-date: /home/stepan/ws_ros2/install/px4_msgs/include/px4_msgs/px4_msgs/msg/can_interface_status.hpp\n'}
[6.419135] (px4_msgs) StdoutLine: {'line': b'-- Up-to-date: /home/stepan/ws_ros2/install/px4_msgs/include/px4_msgs/px4_msgs/msg/vehicle_global_position.hpp\n'}
[6.419333] (px4_msgs) StdoutLine: {'line': b'-- Up-to-date: /home/stepan/ws_ros2/install/px4_msgs/include/px4_msgs/px4_msgs/msg/actuator_test.hpp\n'}
[6.419539] (px4_msgs) StdoutLine: {'line': b'-- Up-to-date: /home/stepan/ws_ros2/install/px4_msgs/include/px4_msgs/px4_msgs/msg/gpio_out.hpp\n'}
[6.419693] (px4_msgs) StdoutLine: {'line': b'-- Up-to-date: /home/stepan/ws_ros2/install/px4_msgs/include/px4_msgs/px4_msgs/msg/vehicle_angular_velocity.hpp\n'}
[6.419874] (px4_msgs) StdoutLine: {'line': b'-- Up-to-date: /home/stepan/ws_ros2/install/px4_msgs/include/px4_msgs/px4_msgs/msg/mavlink_tunnel.hpp\n'}
[6.420083] (px4_msgs) StdoutLine: {'line': b'-- Up-to-date: /home/stepan/ws_ros2/install/px4_msgs/include/px4_msgs/px4_msgs/msg/vehicle_optical_flow_vel.hpp\n'}
[6.420255] (px4_msgs) StdoutLine: {'line': b'-- Up-to-date: /home/stepan/ws_ros2/install/px4_msgs/include/px4_msgs/px4_msgs/msg/parameter_set_value_response.hpp\n'}
[6.420432] (px4_msgs) StdoutLine: {'line': b'-- Up-to-date: /home/stepan/ws_ros2/install/px4_msgs/include/px4_msgs/px4_msgs/msg/actuator_servos.hpp\n'}
[6.420615] (px4_msgs) StdoutLine: {'line': b'-- Up-to-date: /home/stepan/ws_ros2/install/px4_msgs/include/px4_msgs/px4_msgs/msg/unregister_ext_component.hpp\n'}
[6.420810] (px4_msgs) StdoutLine: {'line': b'-- Up-to-date: /home/stepan/ws_ros2/install/px4_msgs/include/px4_msgs/px4_msgs/msg/manual_control_switches.hpp\n'}
[6.420988] (px4_msgs) StdoutLine: {'line': b'-- Up-to-date: /home/stepan/ws_ros2/install/px4_msgs/include/px4_msgs/px4_msgs/msg/gpio_in.hpp\n'}
[6.421213] (px4_msgs) StdoutLine: {'line': b'-- Up-to-date: /home/stepan/ws_ros2/install/px4_msgs/include/px4_msgs/px4_msgs/msg/differential_pressure.hpp\n'}
[6.422312] (px4_msgs) StdoutLine: {'line': b'-- Up-to-date: /home/stepan/ws_ros2/install/px4_msgs/include/px4_msgs/px4_msgs/msg/vehicle_acceleration.hpp\n'}
[6.422990] (px4_msgs) StdoutLine: {'line': b'-- Up-to-date: /home/stepan/ws_ros2/install/px4_msgs/include/px4_msgs/px4_msgs/msg/log_message.hpp\n'}
[6.424131] (px4_msgs) StdoutLine: {'line': b'-- Up-to-date: /home/stepan/ws_ros2/install/px4_msgs/include/px4_msgs/px4_msgs/msg/px4io_status.hpp\n'}
[6.424766] (px4_msgs) StdoutLine: {'line': b'-- Up-to-date: /home/stepan/ws_ros2/install/px4_msgs/include/px4_msgs/px4_msgs/msg/vehicle_command_ack.hpp\n'}
[6.426121] (px4_msgs) StdoutLine: {'line': b'-- Up-to-date: /home/stepan/ws_ros2/install/px4_msgs/include/px4_msgs/px4_msgs/msg/estimator_selector_status.hpp\n'}
[6.426849] (px4_msgs) StdoutLine: {'line': b'-- Up-to-date: /home/stepan/ws_ros2/install/px4_msgs/include/px4_msgs/px4_msgs/msg/obstacle_distance.hpp\n'}
[6.427413] (px4_msgs) StdoutLine: {'line': b'-- Up-to-date: /home/stepan/ws_ros2/install/px4_msgs/include/px4_msgs/px4_msgs/msg/telemetry_status.hpp\n'}
[6.428045] (px4_msgs) StdoutLine: {'line': b'-- Up-to-date: /home/stepan/ws_ros2/install/px4_msgs/include/px4_msgs/px4_msgs/msg/qshell_retval.hpp\n'}
[6.428684] (px4_msgs) StdoutLine: {'line': b'-- Up-to-date: /home/stepan/ws_ros2/install/px4_msgs/include/px4_msgs/px4_msgs/msg/magnetometer_bias_estimate.hpp\n'}
[6.429275] (px4_msgs) StdoutLine: {'line': b'-- Up-to-date: /home/stepan/ws_ros2/install/px4_msgs/include/px4_msgs/px4_msgs/msg/collision_constraints.hpp\n'}
[6.429644] (px4_msgs) StdoutLine: {'line': b'-- Up-to-date: /home/stepan/ws_ros2/install/px4_msgs/include/px4_msgs/px4_msgs/msg/sensor_correction.hpp\n'}
[6.429966] (px4_msgs) StdoutLine: {'line': b'-- Up-to-date: /home/stepan/ws_ros2/install/px4_msgs/include/px4_msgs/px4_msgs/msg/actuator_armed.hpp\n'}
[6.430229] (px4_msgs) StdoutLine: {'line': b'-- Up-to-date: /home/stepan/ws_ros2/install/px4_msgs/include/px4_msgs/px4_msgs/msg/distance_sensor_mode_change_request.hpp\n'}
[6.430586] (px4_msgs) StdoutLine: {'line': b'-- Up-to-date: /home/stepan/ws_ros2/install/px4_msgs/include/px4_msgs/px4_msgs/msg/sensor_gyro_fifo.hpp\n'}
[6.431892] (px4_msgs) StdoutLine: {'line': b'-- Up-to-date: /home/stepan/ws_ros2/install/px4_msgs/include/px4_msgs/px4_msgs/msg/open_drone_id_operator_id.hpp\n'}
[6.432123] (px4_msgs) StdoutLine: {'line': b'-- Up-to-date: /home/stepan/ws_ros2/install/px4_msgs/include/px4_msgs/px4_msgs/msg/tiltrotor_extra_controls.hpp\n'}
[6.432332] (px4_msgs) StdoutLine: {'line': b'-- Up-to-date: /home/stepan/ws_ros2/install/px4_msgs/include/px4_msgs/px4_msgs/msg/sensor_combined.hpp\n'}
[6.432567] (px4_msgs) StdoutLine: {'line': b'-- Up-to-date: /home/stepan/ws_ros2/install/px4_msgs/include/px4_msgs/px4_msgs/msg/ekf2_timestamps.hpp\n'}
[6.432754] (px4_msgs) StdoutLine: {'line': b'-- Up-to-date: /home/stepan/ws_ros2/install/px4_msgs/include/px4_msgs/px4_msgs/msg/rover_attitude_setpoint.hpp\n'}
[6.432962] (px4_msgs) StdoutLine: {'line': b'-- Up-to-date: /home/stepan/ws_ros2/install/px4_msgs/include/px4_msgs/px4_msgs/msg/vehicle_optical_flow.hpp\n'}
[6.433129] (px4_msgs) StdoutLine: {'line': b'-- Up-to-date: /home/stepan/ws_ros2/install/px4_msgs/include/px4_msgs/px4_msgs/msg/actuator_motors.hpp\n'}
[6.433294] (px4_msgs) StdoutLine: {'line': b'-- Up-to-date: /home/stepan/ws_ros2/install/px4_msgs/include/px4_msgs/px4_msgs/msg/arming_check_reply.hpp\n'}
[6.433479] (px4_msgs) StdoutLine: {'line': b'-- Up-to-date: /home/stepan/ws_ros2/install/px4_msgs/include/px4_msgs/px4_msgs/msg/gpio_config.hpp\n'}
[6.433635] (px4_msgs) StdoutLine: {'line': b'-- Up-to-date: /home/stepan/ws_ros2/install/px4_msgs/include/px4_msgs/px4_msgs/msg/vehicle_thrust_setpoint.hpp\n'}
[6.433905] (px4_msgs) StdoutLine: {'line': b'-- Up-to-date: /home/stepan/ws_ros2/install/px4_msgs/include/px4_msgs/px4_msgs/msg/vehicle_rates_setpoint.hpp\n'}
[6.434082] (px4_msgs) StdoutLine: {'line': b'-- Up-to-date: /home/stepan/ws_ros2/install/px4_msgs/include/px4_msgs/px4_msgs/msg/mode_completed.hpp\n'}
[6.434239] (px4_msgs) StdoutLine: {'line': b'-- Up-to-date: /home/stepan/ws_ros2/install/px4_msgs/include/px4_msgs/px4_msgs/msg/message_format_response.hpp\n'}
[6.434397] (px4_msgs) StdoutLine: {'line': b'-- Up-to-date: /home/stepan/ws_ros2/install/px4_msgs/include/px4_msgs/px4_msgs/msg/gps_dump.hpp\n'}
[6.434578] (px4_msgs) StdoutLine: {'line': b'-- Up-to-date: /home/stepan/ws_ros2/install/px4_msgs/include/px4_msgs/px4_msgs/msg/camera_status.hpp\n'}
[6.434755] (px4_msgs) StdoutLine: {'line': b'-- Up-to-date: /home/stepan/ws_ros2/install/px4_msgs/include/px4_msgs/px4_msgs/msg/geofence_result.hpp\n'}
[6.435052] (px4_msgs) StdoutLine: {'line': b'-- Up-to-date: /home/stepan/ws_ros2/install/px4_msgs/include/px4_msgs/px4_msgs/msg/rpm.hpp\n'}
[6.435251] (px4_msgs) StdoutLine: {'line': b'-- Up-to-date: /home/stepan/ws_ros2/install/px4_msgs/include/px4_msgs/px4_msgs/msg/flight_phase_estimation.hpp\n'}
[6.435456] (px4_msgs) StdoutLine: {'line': b'-- Up-to-date: /home/stepan/ws_ros2/install/px4_msgs/include/px4_msgs/px4_msgs/msg/estimator_aid_source3d.hpp\n'}
[6.435656] (px4_msgs) StdoutLine: {'line': b'-- Up-to-date: /home/stepan/ws_ros2/install/px4_msgs/include/px4_msgs/px4_msgs/msg/home_position.hpp\n'}
[6.435858] (px4_msgs) StdoutLine: {'line': b'-- Up-to-date: /home/stepan/ws_ros2/install/px4_msgs/include/px4_msgs/px4_msgs/msg/position_setpoint.hpp\n'}
[6.436055] (px4_msgs) StdoutLine: {'line': b'-- Up-to-date: /home/stepan/ws_ros2/install/px4_msgs/include/px4_msgs/px4_msgs/msg/position_controller_status.hpp\n'}
[6.436251] (px4_msgs) StdoutLine: {'line': b'-- Up-to-date: /home/stepan/ws_ros2/install/px4_msgs/include/px4_msgs/px4_msgs/msg/sensor_gyro_fft.hpp\n'}
[6.436414] (px4_msgs) StdoutLine: {'line': b'-- Up-to-date: /home/stepan/ws_ros2/install/px4_msgs/include/px4_msgs/px4_msgs/msg/rtl_status.hpp\n'}
[6.436581] (px4_msgs) StdoutLine: {'line': b'-- Up-to-date: /home/stepan/ws_ros2/install/px4_msgs/include/px4_msgs/px4_msgs/msg/position_setpoint_triplet.hpp\n'}
[6.436771] (px4_msgs) StdoutLine: {'line': b'-- Up-to-date: /home/stepan/ws_ros2/install/px4_msgs/include/px4_msgs/px4_msgs/msg/npfg_status.hpp\n'}
[6.437057] (px4_msgs) StdoutLine: {'line': b'-- Up-to-date: /home/stepan/ws_ros2/install/px4_msgs/include/px4_msgs/px4_msgs/msg/rover_throttle_setpoint.hpp\n'}
[6.437227] (px4_msgs) StdoutLine: {'line': b'-- Up-to-date: /home/stepan/ws_ros2/install/px4_msgs/include/px4_msgs/px4_msgs/msg/action_request.hpp\n'}
[6.437436] (px4_msgs) StdoutLine: {'line': b'-- Up-to-date: /home/stepan/ws_ros2/install/px4_msgs/include/px4_msgs/px4_msgs/msg/velocity_limits.hpp\n'}
[6.438386] (px4_msgs) StdoutLine: {'line': b'-- Up-to-date: /home/stepan/ws_ros2/install/px4_msgs/include/px4_msgs/px4_msgs/msg/event.hpp\n'}
[6.439260] (px4_msgs) StdoutLine: {'line': b'-- Up-to-date: /home/stepan/ws_ros2/install/px4_msgs/include/px4_msgs/px4_msgs/msg/actuator_controls_status.hpp\n'}
[6.440229] (px4_msgs) StdoutLine: {'line': b'-- Up-to-date: /home/stepan/ws_ros2/install/px4_msgs/include/px4_msgs/px4_msgs/msg/mission_result.hpp\n'}
[6.441248] (px4_msgs) StdoutLine: {'line': b'-- Up-to-date: /home/stepan/ws_ros2/install/px4_msgs/include/px4_msgs/px4_msgs/msg/launch_detection_status.hpp\n'}
[6.442190] (px4_msgs) StdoutLine: {'line': b'-- Up-to-date: /home/stepan/ws_ros2/install/px4_msgs/include/px4_msgs/px4_msgs/msg/camera_trigger.hpp\n'}
[6.443303] (px4_msgs) StdoutLine: {'line': b'-- Up-to-date: /home/stepan/ws_ros2/install/px4_msgs/include/px4_msgs/px4_msgs/msg/radio_status.hpp\n'}
[6.444057] (px4_msgs) StdoutLine: {'line': b'-- Up-to-date: /home/stepan/ws_ros2/install/px4_msgs/include/px4_msgs/px4_msgs/msg/debug_value.hpp\n'}
[6.444454] (px4_msgs) StdoutLine: {'line': b'-- Up-to-date: /home/stepan/ws_ros2/install/px4_msgs/include/px4_msgs/px4_msgs/msg/rate_ctrl_status.hpp\n'}
[6.444906] (px4_msgs) StdoutLine: {'line': b'-- Up-to-date: /home/stepan/ws_ros2/install/px4_msgs/include/px4_msgs/px4_msgs/msg/landing_target_innovations.hpp\n'}
[6.445591] (px4_msgs) StdoutLine: {'line': b'-- Up-to-date: /home/stepan/ws_ros2/install/px4_msgs/include/px4_msgs/px4_msgs/msg/vehicle_command.hpp\n'}
[6.446128] (px4_msgs) StdoutLine: {'line': b'-- Up-to-date: /home/stepan/ws_ros2/install/px4_msgs/include/px4_msgs/px4_msgs/msg/offboard_control_mode.hpp\n'}
[6.446459] (px4_msgs) StdoutLine: {'line': b'-- Up-to-date: /home/stepan/ws_ros2/install/px4_msgs/include/px4_msgs/px4_msgs/msg/rover_attitude_status.hpp\n'}
[6.446709] (px4_msgs) StdoutLine: {'line': b'-- Up-to-date: /home/stepan/ws_ros2/install/px4_msgs/include/px4_msgs/px4_msgs/msg/manual_control_setpoint.hpp\n'}
[6.447179] (px4_msgs) StdoutLine: {'line': b'-- Up-to-date: /home/stepan/ws_ros2/install/px4_msgs/include/px4_msgs/px4_msgs/msg/sensor_preflight_mag.hpp\n'}
[6.448302] (px4_msgs) StdoutLine: {'line': b'-- Up-to-date: /home/stepan/ws_ros2/install/px4_msgs/include/px4_msgs/px4_msgs/msg/detail\n'}
[6.448669] (px4_msgs) StdoutLine: {'line': b'-- Up-to-date: /home/stepan/ws_ros2/install/px4_msgs/include/px4_msgs/px4_msgs/msg/detail/gpio_out__struct.hpp\n'}
[6.448863] (px4_msgs) StdoutLine: {'line': b'-- Up-to-date: /home/stepan/ws_ros2/install/px4_msgs/include/px4_msgs/px4_msgs/msg/detail/logger_status__struct.hpp\n'}
[6.449088] (px4_msgs) StdoutLine: {'line': b'-- Up-to-date: /home/stepan/ws_ros2/install/px4_msgs/include/px4_msgs/px4_msgs/msg/detail/mavlink_log__struct.hpp\n'}
[6.449336] (px4_msgs) StdoutLine: {'line': b'-- Up-to-date: /home/stepan/ws_ros2/install/px4_msgs/include/px4_msgs/px4_msgs/msg/detail/estimator_bias__builder.hpp\n'}
[6.449494] (px4_msgs) StdoutLine: {'line': b'-- Up-to-date: /home/stepan/ws_ros2/install/px4_msgs/include/px4_msgs/px4_msgs/msg/detail/qshell_req__builder.hpp\n'}
[6.449660] (px4_msgs) StdoutLine: {'line': b'-- Up-to-date: /home/stepan/ws_ros2/install/px4_msgs/include/px4_msgs/px4_msgs/msg/detail/position_setpoint__builder.hpp\n'}
[6.449850] (px4_msgs) StdoutLine: {'line': b'-- Up-to-date: /home/stepan/ws_ros2/install/px4_msgs/include/px4_msgs/px4_msgs/msg/detail/gimbal_manager_status__traits.hpp\n'}
[6.450009] (px4_msgs) StdoutLine: {'line': b'-- Up-to-date: /home/stepan/ws_ros2/install/px4_msgs/include/px4_msgs/px4_msgs/msg/detail/rc_parameter_map__struct.hpp\n'}
[6.450168] (px4_msgs) StdoutLine: {'line': b'-- Up-to-date: /home/stepan/ws_ros2/install/px4_msgs/include/px4_msgs/px4_msgs/msg/detail/vehicle_roi__traits.hpp\n'}
[6.450347] (px4_msgs) StdoutLine: {'line': b'-- Up-to-date: /home/stepan/ws_ros2/install/px4_msgs/include/px4_msgs/px4_msgs/msg/detail/autotune_attitude_control_status__traits.hpp\n'}
[6.450530] (px4_msgs) StdoutLine: {'line': b'-- Up-to-date: /home/stepan/ws_ros2/install/px4_msgs/include/px4_msgs/px4_msgs/msg/detail/estimator_selector_status__builder.hpp\n'}
[6.450709] (px4_msgs) StdoutLine: {'line': b'-- Up-to-date: /home/stepan/ws_ros2/install/px4_msgs/include/px4_msgs/px4_msgs/msg/detail/fuel_tank_status__type_support.hpp\n'}
[6.451029] (px4_msgs) StdoutLine: {'line': b'-- Up-to-date: /home/stepan/ws_ros2/install/px4_msgs/include/px4_msgs/px4_msgs/msg/detail/mavlink_log__type_support.hpp\n'}
[6.451223] (px4_msgs) StdoutLine: {'line': b'-- Up-to-date: /home/stepan/ws_ros2/install/px4_msgs/include/px4_msgs/px4_msgs/msg/detail/position_controller_status__type_support.hpp\n'}
[6.451396] (px4_msgs) StdoutLine: {'line': b'-- Up-to-date: /home/stepan/ws_ros2/install/px4_msgs/include/px4_msgs/px4_msgs/msg/detail/task_stack_info__struct.hpp\n'}
[6.451568] (px4_msgs) StdoutLine: {'line': b'-- Up-to-date: /home/stepan/ws_ros2/install/px4_msgs/include/px4_msgs/px4_msgs/msg/detail/position_setpoint_triplet__traits.hpp\n'}
[6.451781] (px4_msgs) StdoutLine: {'line': b'-- Up-to-date: /home/stepan/ws_ros2/install/px4_msgs/include/px4_msgs/px4_msgs/msg/detail/distance_sensor_mode_change_request__traits.hpp\n'}
[6.451967] (px4_msgs) StdoutLine: {'line': b'-- Up-to-date: /home/stepan/ws_ros2/install/px4_msgs/include/px4_msgs/px4_msgs/msg/detail/gpio_config__type_support.hpp\n'}
[6.452127] (px4_msgs) StdoutLine: {'line': b'-- Up-to-date: /home/stepan/ws_ros2/install/px4_msgs/include/px4_msgs/px4_msgs/msg/detail/irlock_report__traits.hpp\n'}
[6.452300] (px4_msgs) StdoutLine: {'line': b'-- Up-to-date: /home/stepan/ws_ros2/install/px4_msgs/include/px4_msgs/px4_msgs/msg/detail/ekf2_timestamps__struct.hpp\n'}
[6.452750] (px4_msgs) StdoutLine: {'line': b'-- Up-to-date: /home/stepan/ws_ros2/install/px4_msgs/include/px4_msgs/px4_msgs/msg/detail/sensor_optical_flow__builder.hpp\n'}
[6.452956] (px4_msgs) StdoutLine: {'line': b'-- Up-to-date: /home/stepan/ws_ros2/install/px4_msgs/include/px4_msgs/px4_msgs/msg/detail/iridiumsbd_status__traits.hpp\n'}
[6.453130] (px4_msgs) StdoutLine: {'line': b'-- Up-to-date: /home/stepan/ws_ros2/install/px4_msgs/include/px4_msgs/px4_msgs/msg/detail/goto_setpoint__builder.hpp\n'}
[6.453309] (px4_msgs) StdoutLine: {'line': b'-- Up-to-date: /home/stepan/ws_ros2/install/px4_msgs/include/px4_msgs/px4_msgs/msg/detail/adc_report__struct.hpp\n'}
[6.454165] (px4_msgs) StdoutLine: {'line': b'-- Up-to-date: /home/stepan/ws_ros2/install/px4_msgs/include/px4_msgs/px4_msgs/msg/detail/message_format_response__builder.hpp\n'}
[6.455007] (px4_msgs) StdoutLine: {'line': b'-- Up-to-date: /home/stepan/ws_ros2/install/px4_msgs/include/px4_msgs/px4_msgs/msg/detail/cpuload__traits.hpp\n'}
[6.455579] (px4_msgs) StdoutLine: {'line': b'-- Up-to-date: /home/stepan/ws_ros2/install/px4_msgs/include/px4_msgs/px4_msgs/msg/detail/estimator_bias__traits.hpp\n'}
[6.456674] (-) TimerEvent: {}
[6.457347] (px4_msgs) StdoutLine: {'line': b'-- Up-to-date: /home/stepan/ws_ros2/install/px4_msgs/include/px4_msgs/px4_msgs/msg/detail/sensor_accel__struct.hpp\n'}
[6.458452] (px4_msgs) StdoutLine: {'line': b'-- Up-to-date: /home/stepan/ws_ros2/install/px4_msgs/include/px4_msgs/px4_msgs/msg/detail/distance_sensor__builder.hpp\n'}
[6.459161] (px4_msgs) StdoutLine: {'line': b'-- Up-to-date: /home/stepan/ws_ros2/install/px4_msgs/include/px4_msgs/px4_msgs/msg/detail/action_request__struct.hpp\n'}
[6.459580] (px4_msgs) StdoutLine: {'line': b'-- Up-to-date: /home/stepan/ws_ros2/install/px4_msgs/include/px4_msgs/px4_msgs/msg/detail/geofence_result__builder.hpp\n'}
[6.460649] (px4_msgs) StdoutLine: {'line': b'-- Up-to-date: /home/stepan/ws_ros2/install/px4_msgs/include/px4_msgs/px4_msgs/msg/detail/register_ext_component_reply__builder.hpp\n'}
[6.461352] (px4_msgs) StdoutLine: {'line': b'-- Up-to-date: /home/stepan/ws_ros2/install/px4_msgs/include/px4_msgs/px4_msgs/msg/detail/rover_attitude_setpoint__struct.hpp\n'}
[6.462297] (px4_msgs) StdoutLine: {'line': b'-- Up-to-date: /home/stepan/ws_ros2/install/px4_msgs/include/px4_msgs/px4_msgs/msg/detail/wind__builder.hpp\n'}
[6.462678] (px4_msgs) StdoutLine: {'line': b'-- Up-to-date: /home/stepan/ws_ros2/install/px4_msgs/include/px4_msgs/px4_msgs/msg/detail/input_rc__type_support.hpp\n'}
[6.463908] (px4_msgs) StdoutLine: {'line': b'-- Up-to-date: /home/stepan/ws_ros2/install/px4_msgs/include/px4_msgs/px4_msgs/msg/detail/cellular_status__builder.hpp\n'}
[6.464241] (px4_msgs) StdoutLine: {'line': b'-- Up-to-date: /home/stepan/ws_ros2/install/px4_msgs/include/px4_msgs/px4_msgs/msg/detail/vehicle_roi__type_support.hpp\n'}
[6.464565] (px4_msgs) StdoutLine: {'line': b'-- Up-to-date: /home/stepan/ws_ros2/install/px4_msgs/include/px4_msgs/px4_msgs/msg/detail/estimator_aid_source1d__traits.hpp\n'}
[6.464796] (px4_msgs) StdoutLine: {'line': b'-- Up-to-date: /home/stepan/ws_ros2/install/px4_msgs/include/px4_msgs/px4_msgs/msg/detail/estimator_gps_status__traits.hpp\n'}
[6.465001] (px4_msgs) StdoutLine: {'line': b'-- Up-to-date: /home/stepan/ws_ros2/install/px4_msgs/include/px4_msgs/px4_msgs/msg/detail/differential_pressure__traits.hpp\n'}
[6.465168] (px4_msgs) StdoutLine: {'line': b'-- Up-to-date: /home/stepan/ws_ros2/install/px4_msgs/include/px4_msgs/px4_msgs/msg/detail/sensors_status_imu__builder.hpp\n'}
[6.465448] (px4_msgs) StdoutLine: {'line': b'-- Up-to-date: /home/stepan/ws_ros2/install/px4_msgs/include/px4_msgs/px4_msgs/msg/detail/sensor_accel_fifo__type_support.hpp\n'}
[6.465642] (px4_msgs) StdoutLine: {'line': b'-- Up-to-date: /home/stepan/ws_ros2/install/px4_msgs/include/px4_msgs/px4_msgs/msg/detail/gripper__builder.hpp\n'}
[6.465870] (px4_msgs) StdoutLine: {'line': b'-- Up-to-date: /home/stepan/ws_ros2/install/px4_msgs/include/px4_msgs/px4_msgs/msg/detail/rover_rate_status__struct.hpp\n'}
[6.466069] (px4_msgs) StdoutLine: {'line': b'-- Up-to-date: /home/stepan/ws_ros2/install/px4_msgs/include/px4_msgs/px4_msgs/msg/detail/camera_capture__struct.hpp\n'}
[6.466250] (px4_msgs) StdoutLine: {'line': b'-- Up-to-date: /home/stepan/ws_ros2/install/px4_msgs/include/px4_msgs/px4_msgs/msg/detail/orbit_status__struct.hpp\n'}
[6.466429] (px4_msgs) StdoutLine: {'line': b'-- Up-to-date: /home/stepan/ws_ros2/install/px4_msgs/include/px4_msgs/px4_msgs/msg/detail/radio_status__type_support.hpp\n'}
[6.466598] (px4_msgs) StdoutLine: {'line': b'-- Up-to-date: /home/stepan/ws_ros2/install/px4_msgs/include/px4_msgs/px4_msgs/msg/detail/autotune_attitude_control_status__type_support.hpp\n'}
[6.466874] (px4_msgs) StdoutLine: {'line': b'-- Up-to-date: /home/stepan/ws_ros2/install/px4_msgs/include/px4_msgs/px4_msgs/msg/detail/vehicle_local_position__traits.hpp\n'}
[6.467028] (px4_msgs) StdoutLine: {'line': b'-- Up-to-date: /home/stepan/ws_ros2/install/px4_msgs/include/px4_msgs/px4_msgs/msg/detail/tune_control__builder.hpp\n'}
[6.467174] (px4_msgs) StdoutLine: {'line': b'-- Up-to-date: /home/stepan/ws_ros2/install/px4_msgs/include/px4_msgs/px4_msgs/msg/detail/estimator_innovations__traits.hpp\n'}
[6.467350] (px4_msgs) StdoutLine: {'line': b'-- Up-to-date: /home/stepan/ws_ros2/install/px4_msgs/include/px4_msgs/px4_msgs/msg/detail/rover_attitude_setpoint__traits.hpp\n'}
[6.467548] (px4_msgs) StdoutLine: {'line': b'-- Up-to-date: /home/stepan/ws_ros2/install/px4_msgs/include/px4_msgs/px4_msgs/msg/detail/dataman_response__traits.hpp\n'}
[6.467723] (px4_msgs) StdoutLine: {'line': b'-- Up-to-date: /home/stepan/ws_ros2/install/px4_msgs/include/px4_msgs/px4_msgs/msg/detail/esc_status__traits.hpp\n'}
[6.467977] (px4_msgs) StdoutLine: {'line': b'-- Up-to-date: /home/stepan/ws_ros2/install/px4_msgs/include/px4_msgs/px4_msgs/msg/detail/estimator_innovations__type_support.hpp\n'}
[6.468178] (px4_msgs) StdoutLine: {'line': b'-- Up-to-date: /home/stepan/ws_ros2/install/px4_msgs/include/px4_msgs/px4_msgs/msg/detail/actuator_controls_status__struct.hpp\n'}
[6.468351] (px4_msgs) StdoutLine: {'line': b'-- Up-to-date: /home/stepan/ws_ros2/install/px4_msgs/include/px4_msgs/px4_msgs/msg/detail/sensor_mag__builder.hpp\n'}
[6.468526] (px4_msgs) StdoutLine: {'line': b'-- Up-to-date: /home/stepan/ws_ros2/install/px4_msgs/include/px4_msgs/px4_msgs/msg/detail/vehicle_command__type_support.hpp\n'}
[6.469522] (px4_msgs) StdoutLine: {'line': b'-- Up-to-date: /home/stepan/ws_ros2/install/px4_msgs/include/px4_msgs/px4_msgs/msg/detail/vehicle_magnetometer__type_support.hpp\n'}
[6.470376] (px4_msgs) StdoutLine: {'line': b'-- Up-to-date: /home/stepan/ws_ros2/install/px4_msgs/include/px4_msgs/px4_msgs/msg/detail/actuator_test__struct.hpp\n'}
[6.470931] (px4_msgs) StdoutLine: {'line': b'-- Up-to-date: /home/stepan/ws_ros2/install/px4_msgs/include/px4_msgs/px4_msgs/msg/detail/vehicle_optical_flow_vel__builder.hpp\n'}
[6.471974] (px4_msgs) StdoutLine: {'line': b'-- Up-to-date: /home/stepan/ws_ros2/install/px4_msgs/include/px4_msgs/px4_msgs/msg/detail/yaw_estimator_status__struct.hpp\n'}
[6.472696] (px4_msgs) StdoutLine: {'line': b'-- Up-to-date: /home/stepan/ws_ros2/install/px4_msgs/include/px4_msgs/px4_msgs/msg/detail/landing_target_pose__traits.hpp\n'}
[6.473588] (px4_msgs) StdoutLine: {'line': b'-- Up-to-date: /home/stepan/ws_ros2/install/px4_msgs/include/px4_msgs/px4_msgs/msg/detail/uavcan_parameter_request__traits.hpp\n'}
[6.474367] (px4_msgs) StdoutLine: {'line': b'-- Up-to-date: /home/stepan/ws_ros2/install/px4_msgs/include/px4_msgs/px4_msgs/msg/detail/generator_status__type_support.hpp\n'}
[6.475154] (px4_msgs) StdoutLine: {'line': b'-- Up-to-date: /home/stepan/ws_ros2/install/px4_msgs/include/px4_msgs/px4_msgs/msg/detail/battery_status__struct.hpp\n'}
[6.475578] (px4_msgs) StdoutLine: {'line': b'-- Up-to-date: /home/stepan/ws_ros2/install/px4_msgs/include/px4_msgs/px4_msgs/msg/detail/control_allocator_status__traits.hpp\n'}
[6.475865] (px4_msgs) StdoutLine: {'line': b'-- Up-to-date: /home/stepan/ws_ros2/install/px4_msgs/include/px4_msgs/px4_msgs/msg/detail/sensor_mag__type_support.hpp\n'}
[6.476171] (px4_msgs) StdoutLine: {'line': b'-- Up-to-date: /home/stepan/ws_ros2/install/px4_msgs/include/px4_msgs/px4_msgs/msg/detail/rate_ctrl_status__builder.hpp\n'}
[6.476591] (px4_msgs) StdoutLine: {'line': b'-- Up-to-date: /home/stepan/ws_ros2/install/px4_msgs/include/px4_msgs/px4_msgs/msg/detail/follow_target_status__struct.hpp\n'}
[6.477502] (px4_msgs) StdoutLine: {'line': b'-- Up-to-date: /home/stepan/ws_ros2/install/px4_msgs/include/px4_msgs/px4_msgs/msg/detail/actuator_outputs__struct.hpp\n'}
[6.477927] (px4_msgs) StdoutLine: {'line': b'-- Up-to-date: /home/stepan/ws_ros2/install/px4_msgs/include/px4_msgs/px4_msgs/msg/detail/vehicle_rates_setpoint__builder.hpp\n'}
[6.479106] (px4_msgs) StdoutLine: {'line': b'-- Up-to-date: /home/stepan/ws_ros2/install/px4_msgs/include/px4_msgs/px4_msgs/msg/detail/vehicle_global_position__type_support.hpp\n'}
[6.479444] (px4_msgs) StdoutLine: {'line': b'-- Up-to-date: /home/stepan/ws_ros2/install/px4_msgs/include/px4_msgs/px4_msgs/msg/detail/sensor_uwb__type_support.hpp\n'}
[6.479629] (px4_msgs) StdoutLine: {'line': b'-- Up-to-date: /home/stepan/ws_ros2/install/px4_msgs/include/px4_msgs/px4_msgs/msg/detail/takeoff_status__struct.hpp\n'}
[6.479946] (px4_msgs) StdoutLine: {'line': b'-- Up-to-date: /home/stepan/ws_ros2/install/px4_msgs/include/px4_msgs/px4_msgs/msg/detail/vehicle_status__type_support.hpp\n'}
[6.480129] (px4_msgs) StdoutLine: {'line': b'-- Up-to-date: /home/stepan/ws_ros2/install/px4_msgs/include/px4_msgs/px4_msgs/msg/detail/sensor_gyro_fft__traits.hpp\n'}
[6.480298] (px4_msgs) StdoutLine: {'line': b'-- Up-to-date: /home/stepan/ws_ros2/install/px4_msgs/include/px4_msgs/px4_msgs/msg/detail/obstacle_distance__type_support.hpp\n'}
[6.480477] (px4_msgs) StdoutLine: {'line': b'-- Up-to-date: /home/stepan/ws_ros2/install/px4_msgs/include/px4_msgs/px4_msgs/msg/detail/gimbal_manager_set_attitude__traits.hpp\n'}
[6.480656] (px4_msgs) StdoutLine: {'line': b'-- Up-to-date: /home/stepan/ws_ros2/install/px4_msgs/include/px4_msgs/px4_msgs/msg/detail/failure_detector_status__struct.hpp\n'}
[6.480877] (px4_msgs) StdoutLine: {'line': b'-- Up-to-date: /home/stepan/ws_ros2/install/px4_msgs/include/px4_msgs/px4_msgs/msg/detail/estimator_status_flags__struct.hpp\n'}
[6.481048] (px4_msgs) StdoutLine: {'line': b'-- Up-to-date: /home/stepan/ws_ros2/install/px4_msgs/include/px4_msgs/px4_msgs/msg/detail/control_allocator_status__struct.hpp\n'}
[6.481245] (px4_msgs) StdoutLine: {'line': b'-- Up-to-date: /home/stepan/ws_ros2/install/px4_msgs/include/px4_msgs/px4_msgs/msg/detail/vehicle_angular_acceleration_setpoint__builder.hpp\n'}
[6.481440] (px4_msgs) StdoutLine: {'line': b'-- Up-to-date: /home/stepan/ws_ros2/install/px4_msgs/include/px4_msgs/px4_msgs/msg/detail/open_drone_id_self_id__traits.hpp\n'}
[6.481649] (px4_msgs) StdoutLine: {'line': b'-- Up-to-date: /home/stepan/ws_ros2/install/px4_msgs/include/px4_msgs/px4_msgs/msg/detail/offboard_control_mode__struct.hpp\n'}
[6.481873] (px4_msgs) StdoutLine: {'line': b'-- Up-to-date: /home/stepan/ws_ros2/install/px4_msgs/include/px4_msgs/px4_msgs/msg/detail/vehicle_magnetometer__struct.hpp\n'}
[6.482072] (px4_msgs) StdoutLine: {'line': b'-- Up-to-date: /home/stepan/ws_ros2/install/px4_msgs/include/px4_msgs/px4_msgs/msg/detail/actuator_motors__type_support.hpp\n'}
[6.482300] (px4_msgs) StdoutLine: {'line': b'-- Up-to-date: /home/stepan/ws_ros2/install/px4_msgs/include/px4_msgs/px4_msgs/msg/detail/mission__traits.hpp\n'}
[6.482462] (px4_msgs) StdoutLine: {'line': b'-- Up-to-date: /home/stepan/ws_ros2/install/px4_msgs/include/px4_msgs/px4_msgs/msg/detail/debug_array__traits.hpp\n'}
[6.482630] (px4_msgs) StdoutLine: {'line': b'-- Up-to-date: /home/stepan/ws_ros2/install/px4_msgs/include/px4_msgs/px4_msgs/msg/detail/vehicle_local_position_setpoint__struct.hpp\n'}
[6.482920] (px4_msgs) StdoutLine: {'line': b'-- Up-to-date: /home/stepan/ws_ros2/install/px4_msgs/include/px4_msgs/px4_msgs/msg/detail/estimator_status_flags__traits.hpp\n'}
[6.483098] (px4_msgs) StdoutLine: {'line': b'-- Up-to-date: /home/stepan/ws_ros2/install/px4_msgs/include/px4_msgs/px4_msgs/msg/detail/estimator_states__traits.hpp\n'}
[6.483284] (px4_msgs) StdoutLine: {'line': b'-- Up-to-date: /home/stepan/ws_ros2/install/px4_msgs/include/px4_msgs/px4_msgs/msg/detail/fuel_tank_status__traits.hpp\n'}
[6.483445] (px4_msgs) StdoutLine: {'line': b'-- Up-to-date: /home/stepan/ws_ros2/install/px4_msgs/include/px4_msgs/px4_msgs/msg/detail/esc_report__type_support.hpp\n'}
[6.483604] (px4_msgs) StdoutLine: {'line': b'-- Up-to-date: /home/stepan/ws_ros2/install/px4_msgs/include/px4_msgs/px4_msgs/msg/detail/airspeed__builder.hpp\n'}
[6.483883] (px4_msgs) StdoutLine: {'line': b'-- Up-to-date: /home/stepan/ws_ros2/install/px4_msgs/include/px4_msgs/px4_msgs/msg/detail/velocity_limits__builder.hpp\n'}
[6.484071] (px4_msgs) StdoutLine: {'line': b'-- Up-to-date: /home/stepan/ws_ros2/install/px4_msgs/include/px4_msgs/px4_msgs/msg/detail/orb_test__type_support.hpp\n'}
[6.484340] (px4_msgs) StdoutLine: {'line': b'-- Up-to-date: /home/stepan/ws_ros2/install/px4_msgs/include/px4_msgs/px4_msgs/msg/detail/actuator_test__builder.hpp\n'}
[6.484508] (px4_msgs) StdoutLine: {'line': b'-- Up-to-date: /home/stepan/ws_ros2/install/px4_msgs/include/px4_msgs/px4_msgs/msg/detail/orb_test_large__traits.hpp\n'}
[6.484669] (px4_msgs) StdoutLine: {'line': b'-- Up-to-date: /home/stepan/ws_ros2/install/px4_msgs/include/px4_msgs/px4_msgs/msg/detail/orb_test__struct.hpp\n'}
[6.484904] (px4_msgs) StdoutLine: {'line': b'-- Up-to-date: /home/stepan/ws_ros2/install/px4_msgs/include/px4_msgs/px4_msgs/msg/detail/hover_thrust_estimate__type_support.hpp\n'}
[6.485966] (px4_msgs) StdoutLine: {'line': b'-- Up-to-date: /home/stepan/ws_ros2/install/px4_msgs/include/px4_msgs/px4_msgs/msg/detail/camera_trigger__builder.hpp\n'}
[6.486913] (px4_msgs) StdoutLine: {'line': b'-- Up-to-date: /home/stepan/ws_ros2/install/px4_msgs/include/px4_msgs/px4_msgs/msg/detail/parameter_set_used_request__type_support.hpp\n'}
[6.487767] (px4_msgs) StdoutLine: {'line': b'-- Up-to-date: /home/stepan/ws_ros2/install/px4_msgs/include/px4_msgs/px4_msgs/msg/detail/gripper__type_support.hpp\n'}
[6.488543] (px4_msgs) StdoutLine: {'line': b'-- Up-to-date: /home/stepan/ws_ros2/install/px4_msgs/include/px4_msgs/px4_msgs/msg/detail/manual_control_switches__type_support.hpp\n'}
[6.489220] (px4_msgs) StdoutLine: {'line': b'-- Up-to-date: /home/stepan/ws_ros2/install/px4_msgs/include/px4_msgs/px4_msgs/msg/detail/vehicle_rates_setpoint__struct.hpp\n'}
[6.490673] (px4_msgs) StdoutLine: {'line': b'-- Up-to-date: /home/stepan/ws_ros2/install/px4_msgs/include/px4_msgs/px4_msgs/msg/detail/vehicle_status__struct.hpp\n'}
[6.491543] (px4_msgs) StdoutLine: {'line': b'-- Up-to-date: /home/stepan/ws_ros2/install/px4_msgs/include/px4_msgs/px4_msgs/msg/detail/mission_result__type_support.hpp\n'}
[6.492051] (px4_msgs) StdoutLine: {'line': b'-- Up-to-date: /home/stepan/ws_ros2/install/px4_msgs/include/px4_msgs/px4_msgs/msg/detail/sensor_preflight_mag__traits.hpp\n'}
[6.492398] (px4_msgs) StdoutLine: {'line': b'-- Up-to-date: /home/stepan/ws_ros2/install/px4_msgs/include/px4_msgs/px4_msgs/msg/detail/actuator_controls_status__builder.hpp\n'}
[6.493058] (px4_msgs) StdoutLine: {'line': b'-- Up-to-date: /home/stepan/ws_ros2/install/px4_msgs/include/px4_msgs/px4_msgs/msg/detail/transponder_report__traits.hpp\n'}
[6.493698] (px4_msgs) StdoutLine: {'line': b'-- Up-to-date: /home/stepan/ws_ros2/install/px4_msgs/include/px4_msgs/px4_msgs/msg/detail/failure_detector_status__type_support.hpp\n'}
[6.494322] (px4_msgs) StdoutLine: {'line': b'-- Up-to-date: /home/stepan/ws_ros2/install/px4_msgs/include/px4_msgs/px4_msgs/msg/detail/trajectory_setpoint__traits.hpp\n'}
[6.495764] (px4_msgs) StdoutLine: {'line': b'-- Up-to-date: /home/stepan/ws_ros2/install/px4_msgs/include/px4_msgs/px4_msgs/msg/detail/estimator_bias3d__traits.hpp\n'}
[6.496204] (px4_msgs) StdoutLine: {'line': b'-- Up-to-date: /home/stepan/ws_ros2/install/px4_msgs/include/px4_msgs/px4_msgs/msg/detail/input_rc__builder.hpp\n'}
[6.496420] (px4_msgs) StdoutLine: {'line': b'-- Up-to-date: /home/stepan/ws_ros2/install/px4_msgs/include/px4_msgs/px4_msgs/msg/detail/estimator_gps_status__struct.hpp\n'}
[6.496628] (px4_msgs) StdoutLine: {'line': b'-- Up-to-date: /home/stepan/ws_ros2/install/px4_msgs/include/px4_msgs/px4_msgs/msg/detail/sensor_gyro_fifo__builder.hpp\n'}
[6.496843] (px4_msgs) StdoutLine: {'line': b'-- Up-to-date: /home/stepan/ws_ros2/install/px4_msgs/include/px4_msgs/px4_msgs/msg/detail/rate_ctrl_status__type_support.hpp\n'}
[6.497034] (px4_msgs) StdoutLine: {'line': b'-- Up-to-date: /home/stepan/ws_ros2/install/px4_msgs/include/px4_msgs/px4_msgs/msg/detail/health_report__struct.hpp\n'}
[6.497355] (px4_msgs) StdoutLine: {'line': b'-- Up-to-date: /home/stepan/ws_ros2/install/px4_msgs/include/px4_msgs/px4_msgs/msg/detail/vehicle_roi__struct.hpp\n'}
[6.497557] (px4_msgs) StdoutLine: {'line': b'-- Up-to-date: /home/stepan/ws_ros2/install/px4_msgs/include/px4_msgs/px4_msgs/msg/detail/satellite_info__type_support.hpp\n'}
[6.497800] (px4_msgs) StdoutLine: {'line': b'-- Up-to-date: /home/stepan/ws_ros2/install/px4_msgs/include/px4_msgs/px4_msgs/msg/detail/yaw_estimator_status__type_support.hpp\n'}
[6.498022] (px4_msgs) StdoutLine: {'line': b'-- Up-to-date: /home/stepan/ws_ros2/install/px4_msgs/include/px4_msgs/px4_msgs/msg/detail/sensor_uwb__struct.hpp\n'}
[6.498211] (px4_msgs) StdoutLine: {'line': b'-- Up-to-date: /home/stepan/ws_ros2/install/px4_msgs/include/px4_msgs/px4_msgs/msg/detail/landing_gear_wheel__builder.hpp\n'}
[6.498445] (px4_msgs) StdoutLine: {'line': b'-- Up-to-date: /home/stepan/ws_ros2/install/px4_msgs/include/px4_msgs/px4_msgs/msg/detail/sensor_gnss_relative__type_support.hpp\n'}
[6.498629] (px4_msgs) StdoutLine: {'line': b'-- Up-to-date: /home/stepan/ws_ros2/install/px4_msgs/include/px4_msgs/px4_msgs/msg/detail/velocity_limits__type_support.hpp\n'}
[6.498900] (px4_msgs) StdoutLine: {'line': b'-- Up-to-date: /home/stepan/ws_ros2/install/px4_msgs/include/px4_msgs/px4_msgs/msg/detail/actuator_controls_status__type_support.hpp\n'}
[6.499120] (px4_msgs) StdoutLine: {'line': b'-- Up-to-date: /home/stepan/ws_ros2/install/px4_msgs/include/px4_msgs/px4_msgs/msg/detail/gimbal_device_information__type_support.hpp\n'}
[6.499292] (px4_msgs) StdoutLine: {'line': b'-- Up-to-date: /home/stepan/ws_ros2/install/px4_msgs/include/px4_msgs/px4_msgs/msg/detail/mount_orientation__traits.hpp\n'}
[6.499445] (px4_msgs) StdoutLine: {'line': b'-- Up-to-date: /home/stepan/ws_ros2/install/px4_msgs/include/px4_msgs/px4_msgs/msg/detail/debug_key_value__builder.hpp\n'}
[6.499607] (px4_msgs) StdoutLine: {'line': b'-- Up-to-date: /home/stepan/ws_ros2/install/px4_msgs/include/px4_msgs/px4_msgs/msg/detail/geofence_result__traits.hpp\n'}
[6.499797] (px4_msgs) StdoutLine: {'line': b'-- Up-to-date: /home/stepan/ws_ros2/install/px4_msgs/include/px4_msgs/px4_msgs/msg/detail/estimator_states__builder.hpp\n'}
[6.499991] (px4_msgs) StdoutLine: {'line': b'-- Up-to-date: /home/stepan/ws_ros2/install/px4_msgs/include/px4_msgs/px4_msgs/msg/detail/message_format_response__traits.hpp\n'}
[6.500165] (px4_msgs) StdoutLine: {'line': b'-- Up-to-date: /home/stepan/ws_ros2/install/px4_msgs/include/px4_msgs/px4_msgs/msg/detail/rover_throttle_setpoint__builder.hpp\n'}
[6.500337] (px4_msgs) StdoutLine: {'line': b'-- Up-to-date: /home/stepan/ws_ros2/install/px4_msgs/include/px4_msgs/px4_msgs/msg/detail/tecs_status__traits.hpp\n'}
[6.500509] (px4_msgs) StdoutLine: {'line': b'-- Up-to-date: /home/stepan/ws_ros2/install/px4_msgs/include/px4_msgs/px4_msgs/msg/detail/pps_capture__type_support.hpp\n'}
[6.500674] (px4_msgs) StdoutLine: {'line': b'-- Up-to-date: /home/stepan/ws_ros2/install/px4_msgs/include/px4_msgs/px4_msgs/msg/detail/esc_report__traits.hpp\n'}
[6.500902] (px4_msgs) StdoutLine: {'line': b'-- Up-to-date: /home/stepan/ws_ros2/install/px4_msgs/include/px4_msgs/px4_msgs/msg/detail/mount_orientation__builder.hpp\n'}
[6.501094] (px4_msgs) StdoutLine: {'line': b'-- Up-to-date: /home/stepan/ws_ros2/install/px4_msgs/include/px4_msgs/px4_msgs/msg/detail/telemetry_status__type_support.hpp\n'}
[6.501272] (px4_msgs) StdoutLine: {'line': b'-- Up-to-date: /home/stepan/ws_ros2/install/px4_msgs/include/px4_msgs/px4_msgs/msg/detail/dataman_request__struct.hpp\n'}
[6.501442] (px4_msgs) StdoutLine: {'line': b'-- Up-to-date: /home/stepan/ws_ros2/install/px4_msgs/include/px4_msgs/px4_msgs/msg/detail/trajectory_setpoint6dof__traits.hpp\n'}
[6.501648] (px4_msgs) StdoutLine: {'line': b'-- Up-to-date: /home/stepan/ws_ros2/install/px4_msgs/include/px4_msgs/px4_msgs/msg/detail/gripper__traits.hpp\n'}
[6.502007] (px4_msgs) StdoutLine: {'line': b'-- Up-to-date: /home/stepan/ws_ros2/install/px4_msgs/include/px4_msgs/px4_msgs/msg/detail/sensor_gnss_relative__struct.hpp\n'}
[6.503143] (px4_msgs) StdoutLine: {'line': b'-- Up-to-date: /home/stepan/ws_ros2/install/px4_msgs/include/px4_msgs/px4_msgs/msg/detail/gimbal_manager_status__type_support.hpp\n'}
[6.504072] (px4_msgs) StdoutLine: {'line': b'-- Up-to-date: /home/stepan/ws_ros2/install/px4_msgs/include/px4_msgs/px4_msgs/msg/detail/wind__traits.hpp\n'}
[6.504515] (px4_msgs) StdoutLine: {'line': b'-- Up-to-date: /home/stepan/ws_ros2/install/px4_msgs/include/px4_msgs/px4_msgs/msg/detail/debug_key_value__struct.hpp\n'}
[6.505314] (px4_msgs) StdoutLine: {'line': b'-- Up-to-date: /home/stepan/ws_ros2/install/px4_msgs/include/px4_msgs/px4_msgs/msg/detail/system_power__type_support.hpp\n'}
[6.506167] (px4_msgs) StdoutLine: {'line': b'-- Up-to-date: /home/stepan/ws_ros2/install/px4_msgs/include/px4_msgs/px4_msgs/msg/detail/rpm__struct.hpp\n'}
[6.506796] (px4_msgs) StdoutLine: {'line': b'-- Up-to-date: /home/stepan/ws_ros2/install/px4_msgs/include/px4_msgs/px4_msgs/msg/detail/failure_detector_status__builder.hpp\n'}
[6.507692] (px4_msgs) StdoutLine: {'line': b'-- Up-to-date: /home/stepan/ws_ros2/install/px4_msgs/include/px4_msgs/px4_msgs/msg/detail/can_interface_status__type_support.hpp\n'}
[6.508487] (px4_msgs) StdoutLine: {'line': b'-- Up-to-date: /home/stepan/ws_ros2/install/px4_msgs/include/px4_msgs/px4_msgs/msg/detail/estimator_selector_status__type_support.hpp\n'}
[6.509280] (px4_msgs) StdoutLine: {'line': b'-- Up-to-date: /home/stepan/ws_ros2/install/px4_msgs/include/px4_msgs/px4_msgs/msg/detail/vehicle_global_position__traits.hpp\n'}
[6.509737] (px4_msgs) StdoutLine: {'line': b'-- Up-to-date: /home/stepan/ws_ros2/install/px4_msgs/include/px4_msgs/px4_msgs/msg/detail/can_interface_status__builder.hpp\n'}
[6.510410] (px4_msgs) StdoutLine: {'line': b'-- Up-to-date: /home/stepan/ws_ros2/install/px4_msgs/include/px4_msgs/px4_msgs/msg/detail/sensor_combined__struct.hpp\n'}
[6.512262] (px4_msgs) StdoutLine: {'line': b'-- Up-to-date: /home/stepan/ws_ros2/install/px4_msgs/include/px4_msgs/px4_msgs/msg/detail/failsafe_flags__builder.hpp\n'}
[6.513398] (px4_msgs) StdoutLine: {'line': b'-- Up-to-date: /home/stepan/ws_ros2/install/px4_msgs/include/px4_msgs/px4_msgs/msg/detail/sensor_gyro_fft__type_support.hpp\n'}
[6.513670] (px4_msgs) StdoutLine: {'line': b'-- Up-to-date: /home/stepan/ws_ros2/install/px4_msgs/include/px4_msgs/px4_msgs/msg/detail/message_format_request__builder.hpp\n'}
[6.513934] (px4_msgs) StdoutLine: {'line': b'-- Up-to-date: /home/stepan/ws_ros2/install/px4_msgs/include/px4_msgs/px4_msgs/msg/detail/uavcan_parameter_request__struct.hpp\n'}
[6.514252] (px4_msgs) StdoutLine: {'line': b'-- Up-to-date: /home/stepan/ws_ros2/install/px4_msgs/include/px4_msgs/px4_msgs/msg/detail/orb_test_large__struct.hpp\n'}
[6.514386] (px4_msgs) StdoutLine: {'line': b'-- Up-to-date: /home/stepan/ws_ros2/install/px4_msgs/include/px4_msgs/px4_msgs/msg/detail/button_event__type_support.hpp\n'}
[6.514599] (px4_msgs) StdoutLine: {'line': b'-- Up-to-date: /home/stepan/ws_ros2/install/px4_msgs/include/px4_msgs/px4_msgs/msg/detail/estimator_selector_status__struct.hpp\n'}
[6.515191] (px4_msgs) StdoutLine: {'line': b'-- Up-to-date: /home/stepan/ws_ros2/install/px4_msgs/include/px4_msgs/px4_msgs/msg/detail/mission__struct.hpp\n'}
[6.515419] (px4_msgs) StdoutLine: {'line': b'-- Up-to-date: /home/stepan/ws_ros2/install/px4_msgs/include/px4_msgs/px4_msgs/msg/detail/estimator_aid_source3d__traits.hpp\n'}
[6.515621] (px4_msgs) StdoutLine: {'line': b'-- Up-to-date: /home/stepan/ws_ros2/install/px4_msgs/include/px4_msgs/px4_msgs/msg/detail/orb_test_medium__struct.hpp\n'}
[6.515853] (px4_msgs) StdoutLine: {'line': b'-- Up-to-date: /home/stepan/ws_ros2/install/px4_msgs/include/px4_msgs/px4_msgs/msg/detail/px4io_status__type_support.hpp\n'}
[6.516055] (px4_msgs) StdoutLine: {'line': b'-- Up-to-date: /home/stepan/ws_ros2/install/px4_msgs/include/px4_msgs/px4_msgs/msg/detail/control_allocator_status__type_support.hpp\n'}
[6.516356] (px4_msgs) StdoutLine: {'line': b'-- Up-to-date: /home/stepan/ws_ros2/install/px4_msgs/include/px4_msgs/px4_msgs/msg/detail/landing_gear__traits.hpp\n'}
[6.516604] (px4_msgs) StdoutLine: {'line': b'-- Up-to-date: /home/stepan/ws_ros2/install/px4_msgs/include/px4_msgs/px4_msgs/msg/detail/normalized_unsigned_setpoint__traits.hpp\n'}
[6.516790] (px4_msgs) StdoutLine: {'line': b'-- Up-to-date: /home/stepan/ws_ros2/install/px4_msgs/include/px4_msgs/px4_msgs/msg/detail/parameter_reset_request__struct.hpp\n'}
[6.516956] (px4_msgs) StdoutLine: {'line': b'-- Up-to-date: /home/stepan/ws_ros2/install/px4_msgs/include/px4_msgs/px4_msgs/msg/detail/rover_position_setpoint__builder.hpp\n'}
[6.517123] (px4_msgs) StdoutLine: {'line': b'-- Up-to-date: /home/stepan/ws_ros2/install/px4_msgs/include/px4_msgs/px4_msgs/msg/detail/actuator_servos_trim__traits.hpp\n'}
[6.517310] (px4_msgs) StdoutLine: {'line': b'-- Up-to-date: /home/stepan/ws_ros2/install/px4_msgs/include/px4_msgs/px4_msgs/msg/detail/gimbal_controls__traits.hpp\n'}
[6.517435] (px4_msgs) StdoutLine: {'line': b'-- Up-to-date: /home/stepan/ws_ros2/install/px4_msgs/include/px4_msgs/px4_msgs/msg/detail/actuator_test__traits.hpp\n'}
[6.517587] (px4_msgs) StdoutLine: {'line': b'-- Up-to-date: /home/stepan/ws_ros2/install/px4_msgs/include/px4_msgs/px4_msgs/msg/detail/sensor_airflow__struct.hpp\n'}
[6.517751] (px4_msgs) StdoutLine: {'line': b'-- Up-to-date: /home/stepan/ws_ros2/install/px4_msgs/include/px4_msgs/px4_msgs/msg/detail/wheel_encoders__traits.hpp\n'}
[6.517926] (px4_msgs) StdoutLine: {'line': b'-- Up-to-date: /home/stepan/ws_ros2/install/px4_msgs/include/px4_msgs/px4_msgs/msg/detail/vehicle_optical_flow_vel__traits.hpp\n'}
[6.518141] (px4_msgs) StdoutLine: {'line': b'-- Up-to-date: /home/stepan/ws_ros2/install/px4_msgs/include/px4_msgs/px4_msgs/msg/detail/button_event__struct.hpp\n'}
[6.518319] (px4_msgs) StdoutLine: {'line': b'-- Up-to-date: /home/stepan/ws_ros2/install/px4_msgs/include/px4_msgs/px4_msgs/msg/detail/pps_capture__struct.hpp\n'}
[6.518662] (px4_msgs) StdoutLine: {'line': b'-- Up-to-date: /home/stepan/ws_ros2/install/px4_msgs/include/px4_msgs/px4_msgs/msg/detail/position_controller_status__builder.hpp\n'}
[6.518944] (px4_msgs) StdoutLine: {'line': b'-- Up-to-date: /home/stepan/ws_ros2/install/px4_msgs/include/px4_msgs/px4_msgs/msg/detail/vehicle_land_detected__traits.hpp\n'}
[6.519427] (px4_msgs) StdoutLine: {'line': b'-- Up-to-date: /home/stepan/ws_ros2/install/px4_msgs/include/px4_msgs/px4_msgs/msg/detail/pwm_input__builder.hpp\n'}
[6.520397] (px4_msgs) StdoutLine: {'line': b'-- Up-to-date: /home/stepan/ws_ros2/install/px4_msgs/include/px4_msgs/px4_msgs/msg/detail/gps_dump__struct.hpp\n'}
[6.521126] (px4_msgs) StdoutLine: {'line': b'-- Up-to-date: /home/stepan/ws_ros2/install/px4_msgs/include/px4_msgs/px4_msgs/msg/detail/position_controller_status__struct.hpp\n'}
[6.521473] (px4_msgs) StdoutLine: {'line': b'-- Up-to-date: /home/stepan/ws_ros2/install/px4_msgs/include/px4_msgs/px4_msgs/msg/detail/sensor_hygrometer__struct.hpp\n'}
[6.522211] (px4_msgs) StdoutLine: {'line': b'-- Up-to-date: /home/stepan/ws_ros2/install/px4_msgs/include/px4_msgs/px4_msgs/msg/detail/vehicle_angular_velocity__struct.hpp\n'}
[6.522630] (px4_msgs) StdoutLine: {'line': b'-- Up-to-date: /home/stepan/ws_ros2/install/px4_msgs/include/px4_msgs/px4_msgs/msg/detail/estimator_status_flags__type_support.hpp\n'}
[6.523153] (px4_msgs) StdoutLine: {'line': b'-- Up-to-date: /home/stepan/ws_ros2/install/px4_msgs/include/px4_msgs/px4_msgs/msg/detail/gimbal_device_information__traits.hpp\n'}
[6.524031] (px4_msgs) StdoutLine: {'line': b'-- Up-to-date: /home/stepan/ws_ros2/install/px4_msgs/include/px4_msgs/px4_msgs/msg/detail/rover_velocity_status__type_support.hpp\n'}
[6.525321] (px4_msgs) StdoutLine: {'line': b'-- Up-to-date: /home/stepan/ws_ros2/install/px4_msgs/include/px4_msgs/px4_msgs/msg/detail/rover_rate_setpoint__type_support.hpp\n'}
[6.526186] (px4_msgs) StdoutLine: {'line': b'-- Up-to-date: /home/stepan/ws_ros2/install/px4_msgs/include/px4_msgs/px4_msgs/msg/detail/sensor_correction__struct.hpp\n'}
[6.533996] (px4_msgs) StdoutLine: {'line': b'-- Up-to-date: /home/stepan/ws_ros2/install/px4_msgs/include/px4_msgs/px4_msgs/msg/detail/position_controller_landing_status__builder.hpp\n'}
[6.534235] (px4_msgs) StdoutLine: {'line': b'-- Up-to-date: /home/stepan/ws_ros2/install/px4_msgs/include/px4_msgs/px4_msgs/msg/detail/arming_check_request__traits.hpp\n'}
[6.534433] (px4_msgs) StdoutLine: {'line': b'-- Up-to-date: /home/stepan/ws_ros2/install/px4_msgs/include/px4_msgs/px4_msgs/msg/detail/mag_worker_data__traits.hpp\n'}
[6.534607] (px4_msgs) StdoutLine: {'line': b'-- Up-to-date: /home/stepan/ws_ros2/install/px4_msgs/include/px4_msgs/px4_msgs/msg/detail/register_ext_component_request__traits.hpp\n'}
[6.535070] (px4_msgs) StdoutLine: {'line': b'-- Up-to-date: /home/stepan/ws_ros2/install/px4_msgs/include/px4_msgs/px4_msgs/msg/detail/system_power__builder.hpp\n'}
[6.536080] (px4_msgs) StdoutLine: {'line': b'-- Up-to-date: /home/stepan/ws_ros2/install/px4_msgs/include/px4_msgs/px4_msgs/msg/detail/gimbal_manager_status__struct.hpp\n'}
[6.536744] (px4_msgs) StdoutLine: {'line': b'-- Up-to-date: /home/stepan/ws_ros2/install/px4_msgs/include/px4_msgs/px4_msgs/msg/detail/orb_test_large__type_support.hpp\n'}
[6.537453] (px4_msgs) StdoutLine: {'line': b'-- Up-to-date: /home/stepan/ws_ros2/install/px4_msgs/include/px4_msgs/px4_msgs/msg/detail/task_stack_info__traits.hpp\n'}
[6.538264] (px4_msgs) StdoutLine: {'line': b'-- Up-to-date: /home/stepan/ws_ros2/install/px4_msgs/include/px4_msgs/px4_msgs/msg/detail/arming_check_reply__struct.hpp\n'}
[6.539107] (px4_msgs) StdoutLine: {'line': b'-- Up-to-date: /home/stepan/ws_ros2/install/px4_msgs/include/px4_msgs/px4_msgs/msg/detail/estimator_states__struct.hpp\n'}
[6.540202] (px4_msgs) StdoutLine: {'line': b'-- Up-to-date: /home/stepan/ws_ros2/install/px4_msgs/include/px4_msgs/px4_msgs/msg/detail/rpm__traits.hpp\n'}
[6.540857] (px4_msgs) StdoutLine: {'line': b'-- Up-to-date: /home/stepan/ws_ros2/install/px4_msgs/include/px4_msgs/px4_msgs/msg/detail/register_ext_component_reply__struct.hpp\n'}
[6.541534] (px4_msgs) StdoutLine: {'line': b'-- Up-to-date: /home/stepan/ws_ros2/install/px4_msgs/include/px4_msgs/px4_msgs/msg/detail/cpuload__builder.hpp\n'}
[6.542316] (px4_msgs) StdoutLine: {'line': b'-- Up-to-date: /home/stepan/ws_ros2/install/px4_msgs/include/px4_msgs/px4_msgs/msg/detail/vehicle_magnetometer__traits.hpp\n'}
[6.542809] (px4_msgs) StdoutLine: {'line': b'-- Up-to-date: /home/stepan/ws_ros2/install/px4_msgs/include/px4_msgs/px4_msgs/msg/detail/log_message__type_support.hpp\n'}
[6.543441] (px4_msgs) StdoutLine: {'line': b'-- Up-to-date: /home/stepan/ws_ros2/install/px4_msgs/include/px4_msgs/px4_msgs/msg/detail/vehicle_attitude__traits.hpp\n'}
[6.543950] (px4_msgs) StdoutLine: {'line': b'-- Up-to-date: /home/stepan/ws_ros2/install/px4_msgs/include/px4_msgs/px4_msgs/msg/detail/wind__struct.hpp\n'}
[6.544291] (px4_msgs) StdoutLine: {'line': b'-- Up-to-date: /home/stepan/ws_ros2/install/px4_msgs/include/px4_msgs/px4_msgs/msg/detail/gps_dump__builder.hpp\n'}
[6.544545] (px4_msgs) StdoutLine: {'line': b'-- Up-to-date: /home/stepan/ws_ros2/install/px4_msgs/include/px4_msgs/px4_msgs/msg/detail/estimator_gps_status__builder.hpp\n'}
[6.545209] (px4_msgs) StdoutLine: {'line': b'-- Up-to-date: /home/stepan/ws_ros2/install/px4_msgs/include/px4_msgs/px4_msgs/msg/detail/landing_target_innovations__struct.hpp\n'}
[6.546092] (px4_msgs) StdoutLine: {'line': b'-- Up-to-date: /home/stepan/ws_ros2/install/px4_msgs/include/px4_msgs/px4_msgs/msg/detail/tecs_status__struct.hpp\n'}
[6.546255] (px4_msgs) StdoutLine: {'line': b'-- Up-to-date: /home/stepan/ws_ros2/install/px4_msgs/include/px4_msgs/px4_msgs/msg/detail/uavcan_parameter_value__struct.hpp\n'}
[6.546608] (px4_msgs) StdoutLine: {'line': b'-- Up-to-date: /home/stepan/ws_ros2/install/px4_msgs/include/px4_msgs/px4_msgs/msg/detail/vehicle_acceleration__traits.hpp\n'}
[6.546756] (px4_msgs) StdoutLine: {'line': b'-- Up-to-date: /home/stepan/ws_ros2/install/px4_msgs/include/px4_msgs/px4_msgs/msg/detail/sensors_status_imu__traits.hpp\n'}
[6.547005] (px4_msgs) StdoutLine: {'line': b'-- Up-to-date: /home/stepan/ws_ros2/install/px4_msgs/include/px4_msgs/px4_msgs/msg/detail/gripper__struct.hpp\n'}
[6.547193] (px4_msgs) StdoutLine: {'line': b'-- Up-to-date: /home/stepan/ws_ros2/install/px4_msgs/include/px4_msgs/px4_msgs/msg/detail/rtl_time_estimate__struct.hpp\n'}
[6.547372] (px4_msgs) StdoutLine: {'line': b'-- Up-to-date: /home/stepan/ws_ros2/install/px4_msgs/include/px4_msgs/px4_msgs/msg/detail/config_overrides__traits.hpp\n'}
[6.547551] (px4_msgs) StdoutLine: {'line': b'-- Up-to-date: /home/stepan/ws_ros2/install/px4_msgs/include/px4_msgs/px4_msgs/msg/detail/ekf2_timestamps__type_support.hpp\n'}
[6.547746] (px4_msgs) StdoutLine: {'line': b'-- Up-to-date: /home/stepan/ws_ros2/install/px4_msgs/include/px4_msgs/px4_msgs/msg/detail/mode_completed__builder.hpp\n'}
[6.547890] (px4_msgs) StdoutLine: {'line': b'-- Up-to-date: /home/stepan/ws_ros2/install/px4_msgs/include/px4_msgs/px4_msgs/msg/detail/follow_target_estimator__builder.hpp\n'}
[6.548048] (px4_msgs) StdoutLine: {'line': b'-- Up-to-date: /home/stepan/ws_ros2/install/px4_msgs/include/px4_msgs/px4_msgs/msg/detail/rpm__type_support.hpp\n'}
[6.548204] (px4_msgs) StdoutLine: {'line': b'-- Up-to-date: /home/stepan/ws_ros2/install/px4_msgs/include/px4_msgs/px4_msgs/msg/detail/ping__traits.hpp\n'}
[6.548350] (px4_msgs) StdoutLine: {'line': b'-- Up-to-date: /home/stepan/ws_ros2/install/px4_msgs/include/px4_msgs/px4_msgs/msg/detail/vehicle_imu__traits.hpp\n'}
[6.548507] (px4_msgs) StdoutLine: {'line': b'-- Up-to-date: /home/stepan/ws_ros2/install/px4_msgs/include/px4_msgs/px4_msgs/msg/detail/dataman_request__type_support.hpp\n'}
[6.548657] (px4_msgs) StdoutLine: {'line': b'-- Up-to-date: /home/stepan/ws_ros2/install/px4_msgs/include/px4_msgs/px4_msgs/msg/detail/gimbal_controls__struct.hpp\n'}
[6.548803] (px4_msgs) StdoutLine: {'line': b'-- Up-to-date: /home/stepan/ws_ros2/install/px4_msgs/include/px4_msgs/px4_msgs/msg/detail/mission_result__struct.hpp\n'}
[6.548904] (px4_msgs) StdoutLine: {'line': b'-- Up-to-date: /home/stepan/ws_ros2/install/px4_msgs/include/px4_msgs/px4_msgs/msg/detail/vehicle_local_position__builder.hpp\n'}
[6.549037] (px4_msgs) StdoutLine: {'line': b'-- Up-to-date: /home/stepan/ws_ros2/install/px4_msgs/include/px4_msgs/px4_msgs/msg/detail/parameter_set_value_response__traits.hpp\n'}
[6.549148] (px4_msgs) StdoutLine: {'line': b'-- Up-to-date: /home/stepan/ws_ros2/install/px4_msgs/include/px4_msgs/px4_msgs/msg/detail/task_stack_info__type_support.hpp\n'}
[6.549302] (px4_msgs) StdoutLine: {'line': b'-- Up-to-date: /home/stepan/ws_ros2/install/px4_msgs/include/px4_msgs/px4_msgs/msg/detail/unregister_ext_component__builder.hpp\n'}
[6.549406] (px4_msgs) StdoutLine: {'line': b'-- Up-to-date: /home/stepan/ws_ros2/install/px4_msgs/include/px4_msgs/px4_msgs/msg/detail/open_drone_id_operator_id__type_support.hpp\n'}
[6.549541] (px4_msgs) StdoutLine: {'line': b'-- Up-to-date: /home/stepan/ws_ros2/install/px4_msgs/include/px4_msgs/px4_msgs/msg/detail/vehicle_imu__type_support.hpp\n'}
[6.549648] (px4_msgs) StdoutLine: {'line': b'-- Up-to-date: /home/stepan/ws_ros2/install/px4_msgs/include/px4_msgs/px4_msgs/msg/detail/actuator_controls_status__traits.hpp\n'}
[6.549781] (px4_msgs) StdoutLine: {'line': b'-- Up-to-date: /home/stepan/ws_ros2/install/px4_msgs/include/px4_msgs/px4_msgs/msg/detail/navigator_mission_item__struct.hpp\n'}
[6.550606] (px4_msgs) StdoutLine: {'line': b'-- Up-to-date: /home/stepan/ws_ros2/install/px4_msgs/include/px4_msgs/px4_msgs/msg/detail/button_event__builder.hpp\n'}
[6.550821] (px4_msgs) StdoutLine: {'line': b'-- Up-to-date: /home/stepan/ws_ros2/install/px4_msgs/include/px4_msgs/px4_msgs/msg/detail/vtol_vehicle_status__type_support.hpp\n'}
[6.550972] (px4_msgs) StdoutLine: {'line': b'-- Up-to-date: /home/stepan/ws_ros2/install/px4_msgs/include/px4_msgs/px4_msgs/msg/detail/rover_velocity_status__builder.hpp\n'}
[6.551127] (px4_msgs) StdoutLine: {'line': b'-- Up-to-date: /home/stepan/ws_ros2/install/px4_msgs/include/px4_msgs/px4_msgs/msg/detail/offboard_control_mode__type_support.hpp\n'}
[6.551458] (px4_msgs) StdoutLine: {'line': b'-- Up-to-date: /home/stepan/ws_ros2/install/px4_msgs/include/px4_msgs/px4_msgs/msg/detail/sensor_optical_flow__type_support.hpp\n'}
[6.551683] (px4_msgs) StdoutLine: {'line': b'-- Up-to-date: /home/stepan/ws_ros2/install/px4_msgs/include/px4_msgs/px4_msgs/msg/detail/flight_phase_estimation__struct.hpp\n'}
[6.551901] (px4_msgs) StdoutLine: {'line': b'-- Up-to-date: /home/stepan/ws_ros2/install/px4_msgs/include/px4_msgs/px4_msgs/msg/detail/parameter_set_value_response__type_support.hpp\n'}
[6.552341] (px4_msgs) StdoutLine: {'line': b'-- Up-to-date: /home/stepan/ws_ros2/install/px4_msgs/include/px4_msgs/px4_msgs/msg/detail/vehicle_angular_velocity__traits.hpp\n'}
[6.553177] (px4_msgs) StdoutLine: {'line': b'-- Up-to-date: /home/stepan/ws_ros2/install/px4_msgs/include/px4_msgs/px4_msgs/msg/detail/follow_target__type_support.hpp\n'}
[6.553590] (px4_msgs) StdoutLine: {'line': b'-- Up-to-date: /home/stepan/ws_ros2/install/px4_msgs/include/px4_msgs/px4_msgs/msg/detail/sensor_combined__traits.hpp\n'}
[6.553843] (px4_msgs) StdoutLine: {'line': b'-- Up-to-date: /home/stepan/ws_ros2/install/px4_msgs/include/px4_msgs/px4_msgs/msg/detail/mag_worker_data__struct.hpp\n'}
[6.554680] (px4_msgs) StdoutLine: {'line': b'-- Up-to-date: /home/stepan/ws_ros2/install/px4_msgs/include/px4_msgs/px4_msgs/msg/detail/camera_status__struct.hpp\n'}
[6.555341] (px4_msgs) StdoutLine: {'line': b'-- Up-to-date: /home/stepan/ws_ros2/install/px4_msgs/include/px4_msgs/px4_msgs/msg/detail/message_format_request__struct.hpp\n'}
[6.555531] (px4_msgs) StdoutLine: {'line': b'-- Up-to-date: /home/stepan/ws_ros2/install/px4_msgs/include/px4_msgs/px4_msgs/msg/detail/rover_attitude_status__type_support.hpp\n'}
[6.556274] (px4_msgs) StdoutLine: {'line': b'-- Up-to-date: /home/stepan/ws_ros2/install/px4_msgs/include/px4_msgs/px4_msgs/msg/detail/open_drone_id_arm_status__struct.hpp\n'}
[6.557032] (-) TimerEvent: {}
[6.557814] (px4_msgs) StdoutLine: {'line': b'-- Up-to-date: /home/stepan/ws_ros2/install/px4_msgs/include/px4_msgs/px4_msgs/msg/detail/message_format_request__traits.hpp\n'}
[6.558379] (px4_msgs) StdoutLine: {'line': b'-- Up-to-date: /home/stepan/ws_ros2/install/px4_msgs/include/px4_msgs/px4_msgs/msg/detail/wheel_encoders__struct.hpp\n'}
[6.558600] (px4_msgs) StdoutLine: {'line': b'-- Up-to-date: /home/stepan/ws_ros2/install/px4_msgs/include/px4_msgs/px4_msgs/msg/detail/vtol_vehicle_status__traits.hpp\n'}
[6.558883] (px4_msgs) StdoutLine: {'line': b'-- Up-to-date: /home/stepan/ws_ros2/install/px4_msgs/include/px4_msgs/px4_msgs/msg/detail/gpio_request__struct.hpp\n'}
[6.559146] (px4_msgs) StdoutLine: {'line': b'-- Up-to-date: /home/stepan/ws_ros2/install/px4_msgs/include/px4_msgs/px4_msgs/msg/detail/event__builder.hpp\n'}
[6.559466] (px4_msgs) StdoutLine: {'line': b'-- Up-to-date: /home/stepan/ws_ros2/install/px4_msgs/include/px4_msgs/px4_msgs/msg/detail/normalized_unsigned_setpoint__type_support.hpp\n'}
[6.559800] (px4_msgs) StdoutLine: {'line': b'-- Up-to-date: /home/stepan/ws_ros2/install/px4_msgs/include/px4_msgs/px4_msgs/msg/detail/can_interface_status__traits.hpp\n'}
[6.560304] (px4_msgs) StdoutLine: {'line': b'-- Up-to-date: /home/stepan/ws_ros2/install/px4_msgs/include/px4_msgs/px4_msgs/msg/detail/power_button_state__builder.hpp\n'}
[6.560605] (px4_msgs) StdoutLine: {'line': b'-- Up-to-date: /home/stepan/ws_ros2/install/px4_msgs/include/px4_msgs/px4_msgs/msg/detail/input_rc__traits.hpp\n'}
[6.561321] (px4_msgs) StdoutLine: {'line': b'-- Up-to-date: /home/stepan/ws_ros2/install/px4_msgs/include/px4_msgs/px4_msgs/msg/detail/parameter_update__builder.hpp\n'}
[6.562129] (px4_msgs) StdoutLine: {'line': b'-- Up-to-date: /home/stepan/ws_ros2/install/px4_msgs/include/px4_msgs/px4_msgs/msg/detail/rtl_time_estimate__builder.hpp\n'}
[6.562979] (px4_msgs) StdoutLine: {'line': b'-- Up-to-date: /home/stepan/ws_ros2/install/px4_msgs/include/px4_msgs/px4_msgs/msg/detail/gps_inject_data__type_support.hpp\n'}
[6.563211] (px4_msgs) StdoutLine: {'line': b'-- Up-to-date: /home/stepan/ws_ros2/install/px4_msgs/include/px4_msgs/px4_msgs/msg/detail/open_drone_id_system__builder.hpp\n'}
[6.563416] (px4_msgs) StdoutLine: {'line': b'-- Up-to-date: /home/stepan/ws_ros2/install/px4_msgs/include/px4_msgs/px4_msgs/msg/detail/gpio_config__struct.hpp\n'}
[6.563633] (px4_msgs) StdoutLine: {'line': b'-- Up-to-date: /home/stepan/ws_ros2/install/px4_msgs/include/px4_msgs/px4_msgs/msg/detail/collision_constraints__type_support.hpp\n'}
[6.563868] (px4_msgs) StdoutLine: {'line': b'-- Up-to-date: /home/stepan/ws_ros2/install/px4_msgs/include/px4_msgs/px4_msgs/msg/detail/qshell_req__traits.hpp\n'}
[6.564070] (px4_msgs) StdoutLine: {'line': b'-- Up-to-date: /home/stepan/ws_ros2/install/px4_msgs/include/px4_msgs/px4_msgs/msg/detail/register_ext_component_request__builder.hpp\n'}
[6.564250] (px4_msgs) StdoutLine: {'line': b'-- Up-to-date: /home/stepan/ws_ros2/install/px4_msgs/include/px4_msgs/px4_msgs/msg/detail/mission__type_support.hpp\n'}
[6.564428] (px4_msgs) StdoutLine: {'line': b'-- Up-to-date: /home/stepan/ws_ros2/install/px4_msgs/include/px4_msgs/px4_msgs/msg/detail/estimator_status__struct.hpp\n'}
[6.564614] (px4_msgs) StdoutLine: {'line': b'-- Up-to-date: /home/stepan/ws_ros2/install/px4_msgs/include/px4_msgs/px4_msgs/msg/detail/estimator_aid_source2d__struct.hpp\n'}
[6.564837] (px4_msgs) StdoutLine: {'line': b'-- Up-to-date: /home/stepan/ws_ros2/install/px4_msgs/include/px4_msgs/px4_msgs/msg/detail/navigator_mission_item__type_support.hpp\n'}
[6.565182] (px4_msgs) StdoutLine: {'line': b'-- Up-to-date: /home/stepan/ws_ros2/install/px4_msgs/include/px4_msgs/px4_msgs/msg/detail/gimbal_manager_status__builder.hpp\n'}
[6.565387] (px4_msgs) StdoutLine: {'line': b'-- Up-to-date: /home/stepan/ws_ros2/install/px4_msgs/include/px4_msgs/px4_msgs/msg/detail/internal_combustion_engine_control__builder.hpp\n'}
[6.565636] (px4_msgs) StdoutLine: {'line': b'-- Up-to-date: /home/stepan/ws_ros2/install/px4_msgs/include/px4_msgs/px4_msgs/msg/detail/button_event__traits.hpp\n'}
[6.565893] (px4_msgs) StdoutLine: {'line': b'-- Up-to-date: /home/stepan/ws_ros2/install/px4_msgs/include/px4_msgs/px4_msgs/msg/detail/gimbal_manager_set_manual_control__type_support.hpp\n'}
[6.566058] (px4_msgs) StdoutLine: {'line': b'-- Up-to-date: /home/stepan/ws_ros2/install/px4_msgs/include/px4_msgs/px4_msgs/msg/detail/rtl_status__type_support.hpp\n'}
[6.566210] (px4_msgs) StdoutLine: {'line': b'-- Up-to-date: /home/stepan/ws_ros2/install/px4_msgs/include/px4_msgs/px4_msgs/msg/detail/manual_control_switches__builder.hpp\n'}
[6.566346] (px4_msgs) StdoutLine: {'line': b'-- Up-to-date: /home/stepan/ws_ros2/install/px4_msgs/include/px4_msgs/px4_msgs/msg/detail/estimator_status__builder.hpp\n'}
[6.566503] (px4_msgs) StdoutLine: {'line': b'-- Up-to-date: /home/stepan/ws_ros2/install/px4_msgs/include/px4_msgs/px4_msgs/msg/detail/unregister_ext_component__struct.hpp\n'}
[6.566629] (px4_msgs) StdoutLine: {'line': b'-- Up-to-date: /home/stepan/ws_ros2/install/px4_msgs/include/px4_msgs/px4_msgs/msg/detail/pure_pursuit_status__struct.hpp\n'}
[6.566823] (px4_msgs) StdoutLine: {'line': b'-- Up-to-date: /home/stepan/ws_ros2/install/px4_msgs/include/px4_msgs/px4_msgs/msg/detail/estimator_aid_source2d__type_support.hpp\n'}
[6.567006] (px4_msgs) StdoutLine: {'line': b'-- Up-to-date: /home/stepan/ws_ros2/install/px4_msgs/include/px4_msgs/px4_msgs/msg/detail/gimbal_controls__type_support.hpp\n'}
[6.567169] (px4_msgs) StdoutLine: {'line': b'-- Up-to-date: /home/stepan/ws_ros2/install/px4_msgs/include/px4_msgs/px4_msgs/msg/detail/debug_vect__traits.hpp\n'}
[6.567279] (px4_msgs) StdoutLine: {'line': b'-- Up-to-date: /home/stepan/ws_ros2/install/px4_msgs/include/px4_msgs/px4_msgs/msg/detail/airspeed__struct.hpp\n'}
[6.567447] (px4_msgs) StdoutLine: {'line': b'-- Up-to-date: /home/stepan/ws_ros2/install/px4_msgs/include/px4_msgs/px4_msgs/msg/detail/parameter_set_used_request__struct.hpp\n'}
[6.567601] (px4_msgs) StdoutLine: {'line': b'-- Up-to-date: /home/stepan/ws_ros2/install/px4_msgs/include/px4_msgs/px4_msgs/msg/detail/vehicle_status__traits.hpp\n'}
[6.567821] (px4_msgs) StdoutLine: {'line': b'-- Up-to-date: /home/stepan/ws_ros2/install/px4_msgs/include/px4_msgs/px4_msgs/msg/detail/vehicle_optical_flow__type_support.hpp\n'}
[6.568114] (px4_msgs) StdoutLine: {'line': b'-- Up-to-date: /home/stepan/ws_ros2/install/px4_msgs/include/px4_msgs/px4_msgs/msg/detail/magnetometer_bias_estimate__struct.hpp\n'}
[6.568287] (px4_msgs) StdoutLine: {'line': b'-- Up-to-date: /home/stepan/ws_ros2/install/px4_msgs/include/px4_msgs/px4_msgs/msg/detail/vehicle_thrust_setpoint__struct.hpp\n'}
[6.568452] (px4_msgs) StdoutLine: {'line': b'-- Up-to-date: /home/stepan/ws_ros2/install/px4_msgs/include/px4_msgs/px4_msgs/msg/detail/internal_combustion_engine_control__traits.hpp\n'}
[6.568620] (px4_msgs) StdoutLine: {'line': b'-- Up-to-date: /home/stepan/ws_ros2/install/px4_msgs/include/px4_msgs/px4_msgs/msg/detail/sensor_hygrometer__type_support.hpp\n'}
[6.568814] (px4_msgs) StdoutLine: {'line': b'-- Up-to-date: /home/stepan/ws_ros2/install/px4_msgs/include/px4_msgs/px4_msgs/msg/detail/parameter_set_value_request__type_support.hpp\n'}
[6.568986] (px4_msgs) StdoutLine: {'line': b'-- Up-to-date: /home/stepan/ws_ros2/install/px4_msgs/include/px4_msgs/px4_msgs/msg/detail/follow_target_status__traits.hpp\n'}
[6.569157] (px4_msgs) StdoutLine: {'line': b'-- Up-to-date: /home/stepan/ws_ros2/install/px4_msgs/include/px4_msgs/px4_msgs/msg/detail/trajectory_setpoint__struct.hpp\n'}
[6.569372] (px4_msgs) StdoutLine: {'line': b'-- Up-to-date: /home/stepan/ws_ros2/install/px4_msgs/include/px4_msgs/px4_msgs/msg/detail/follow_target_status__builder.hpp\n'}
[6.569487] (px4_msgs) StdoutLine: {'line': b'-- Up-to-date: /home/stepan/ws_ros2/install/px4_msgs/include/px4_msgs/px4_msgs/msg/detail/airspeed_validated__traits.hpp\n'}
[6.569603] (px4_msgs) StdoutLine: {'line': b'-- Up-to-date: /home/stepan/ws_ros2/install/px4_msgs/include/px4_msgs/px4_msgs/msg/detail/uavcan_parameter_value__builder.hpp\n'}
[6.569927] (px4_msgs) StdoutLine: {'line': b'-- Up-to-date: /home/stepan/ws_ros2/install/px4_msgs/include/px4_msgs/px4_msgs/msg/detail/distance_sensor__traits.hpp\n'}
[6.570439] (px4_msgs) StdoutLine: {'line': b'-- Up-to-date: /home/stepan/ws_ros2/install/px4_msgs/include/px4_msgs/px4_msgs/msg/detail/mavlink_tunnel__type_support.hpp\n'}
[6.571074] (px4_msgs) StdoutLine: {'line': b'-- Up-to-date: /home/stepan/ws_ros2/install/px4_msgs/include/px4_msgs/px4_msgs/msg/detail/rover_rate_status__builder.hpp\n'}
[6.571821] (px4_msgs) StdoutLine: {'line': b'-- Up-to-date: /home/stepan/ws_ros2/install/px4_msgs/include/px4_msgs/px4_msgs/msg/detail/position_controller_landing_status__traits.hpp\n'}
[6.572471] (px4_msgs) StdoutLine: {'line': b'-- Up-to-date: /home/stepan/ws_ros2/install/px4_msgs/include/px4_msgs/px4_msgs/msg/detail/sensor_gyro_fft__struct.hpp\n'}
[6.573915] (px4_msgs) StdoutLine: {'line': b'-- Up-to-date: /home/stepan/ws_ros2/install/px4_msgs/include/px4_msgs/px4_msgs/msg/detail/vehicle_air_data__type_support.hpp\n'}
[6.574914] (px4_msgs) StdoutLine: {'line': b'-- Up-to-date: /home/stepan/ws_ros2/install/px4_msgs/include/px4_msgs/px4_msgs/msg/detail/rate_ctrl_status__traits.hpp\n'}
[6.575777] (px4_msgs) StdoutLine: {'line': b'-- Up-to-date: /home/stepan/ws_ros2/install/px4_msgs/include/px4_msgs/px4_msgs/msg/detail/follow_target_estimator__struct.hpp\n'}
[6.576190] (px4_msgs) StdoutLine: {'line': b'-- Up-to-date: /home/stepan/ws_ros2/install/px4_msgs/include/px4_msgs/px4_msgs/msg/detail/failsafe_flags__type_support.hpp\n'}
[6.576402] (px4_msgs) StdoutLine: {'line': b'-- Up-to-date: /home/stepan/ws_ros2/install/px4_msgs/include/px4_msgs/px4_msgs/msg/detail/fuel_tank_status__builder.hpp\n'}
[6.576884] (px4_msgs) StdoutLine: {'line': b'-- Up-to-date: /home/stepan/ws_ros2/install/px4_msgs/include/px4_msgs/px4_msgs/msg/detail/ackermann_velocity_setpoint__traits.hpp\n'}
[6.577131] (px4_msgs) StdoutLine: {'line': b'-- Up-to-date: /home/stepan/ws_ros2/install/px4_msgs/include/px4_msgs/px4_msgs/msg/detail/sensor_selection__type_support.hpp\n'}
[6.577421] (px4_msgs) StdoutLine: {'line': b'-- Up-to-date: /home/stepan/ws_ros2/install/px4_msgs/include/px4_msgs/px4_msgs/msg/detail/gimbal_manager_information__traits.hpp\n'}
[6.577660] (px4_msgs) StdoutLine: {'line': b'-- Up-to-date: /home/stepan/ws_ros2/install/px4_msgs/include/px4_msgs/px4_msgs/msg/detail/open_drone_id_self_id__type_support.hpp\n'}
[6.578229] (px4_msgs) StdoutLine: {'line': b'-- Up-to-date: /home/stepan/ws_ros2/install/px4_msgs/include/px4_msgs/px4_msgs/msg/detail/vtol_vehicle_status__builder.hpp\n'}
[6.578469] (px4_msgs) StdoutLine: {'line': b'-- Up-to-date: /home/stepan/ws_ros2/install/px4_msgs/include/px4_msgs/px4_msgs/msg/detail/actuator_servos__type_support.hpp\n'}
[6.578754] (px4_msgs) StdoutLine: {'line': b'-- Up-to-date: /home/stepan/ws_ros2/install/px4_msgs/include/px4_msgs/px4_msgs/msg/detail/geofence_status__builder.hpp\n'}
[6.579621] (px4_msgs) StdoutLine: {'line': b'-- Up-to-date: /home/stepan/ws_ros2/install/px4_msgs/include/px4_msgs/px4_msgs/msg/detail/obstacle_distance__struct.hpp\n'}
[6.580102] (px4_msgs) StdoutLine: {'line': b'-- Up-to-date: /home/stepan/ws_ros2/install/px4_msgs/include/px4_msgs/px4_msgs/msg/detail/vehicle_attitude__struct.hpp\n'}
[6.580342] (px4_msgs) StdoutLine: {'line': b'-- Up-to-date: /home/stepan/ws_ros2/install/px4_msgs/include/px4_msgs/px4_msgs/msg/detail/offboard_control_mode__traits.hpp\n'}
[6.580498] (px4_msgs) StdoutLine: {'line': b'-- Up-to-date: /home/stepan/ws_ros2/install/px4_msgs/include/px4_msgs/px4_msgs/msg/detail/sensor_accel_fifo__traits.hpp\n'}
[6.580692] (px4_msgs) StdoutLine: {'line': b'-- Up-to-date: /home/stepan/ws_ros2/install/px4_msgs/include/px4_msgs/px4_msgs/msg/detail/rtl_status__struct.hpp\n'}
[6.581047] (px4_msgs) StdoutLine: {'line': b'-- Up-to-date: /home/stepan/ws_ros2/install/px4_msgs/include/px4_msgs/px4_msgs/msg/detail/airspeed_wind__struct.hpp\n'}
[6.581236] (px4_msgs) StdoutLine: {'line': b'-- Up-to-date: /home/stepan/ws_ros2/install/px4_msgs/include/px4_msgs/px4_msgs/msg/detail/power_monitor__traits.hpp\n'}
[6.581413] (px4_msgs) StdoutLine: {'line': b'-- Up-to-date: /home/stepan/ws_ros2/install/px4_msgs/include/px4_msgs/px4_msgs/msg/detail/landing_target_pose__type_support.hpp\n'}
[6.581577] (px4_msgs) StdoutLine: {'line': b'-- Up-to-date: /home/stepan/ws_ros2/install/px4_msgs/include/px4_msgs/px4_msgs/msg/detail/estimator_bias3d__builder.hpp\n'}
[6.581760] (px4_msgs) StdoutLine: {'line': b'-- Up-to-date: /home/stepan/ws_ros2/install/px4_msgs/include/px4_msgs/px4_msgs/msg/detail/parameter_set_value_request__builder.hpp\n'}
[6.581930] (px4_msgs) StdoutLine: {'line': b'-- Up-to-date: /home/stepan/ws_ros2/install/px4_msgs/include/px4_msgs/px4_msgs/msg/detail/gps_inject_data__struct.hpp\n'}
[6.582083] (px4_msgs) StdoutLine: {'line': b'-- Up-to-date: /home/stepan/ws_ros2/install/px4_msgs/include/px4_msgs/px4_msgs/msg/detail/position_setpoint__type_support.hpp\n'}
[6.582236] (px4_msgs) StdoutLine: {'line': b'-- Up-to-date: /home/stepan/ws_ros2/install/px4_msgs/include/px4_msgs/px4_msgs/msg/detail/estimator_aid_source1d__builder.hpp\n'}
[6.582392] (px4_msgs) StdoutLine: {'line': b'-- Up-to-date: /home/stepan/ws_ros2/install/px4_msgs/include/px4_msgs/px4_msgs/msg/detail/failure_detector_status__traits.hpp\n'}
[6.582550] (px4_msgs) StdoutLine: {'line': b'-- Up-to-date: /home/stepan/ws_ros2/install/px4_msgs/include/px4_msgs/px4_msgs/msg/detail/home_position__builder.hpp\n'}
[6.582746] (px4_msgs) StdoutLine: {'line': b'-- Up-to-date: /home/stepan/ws_ros2/install/px4_msgs/include/px4_msgs/px4_msgs/msg/detail/position_setpoint_triplet__struct.hpp\n'}
[6.583035] (px4_msgs) StdoutLine: {'line': b'-- Up-to-date: /home/stepan/ws_ros2/install/px4_msgs/include/px4_msgs/px4_msgs/msg/detail/landing_target_innovations__type_support.hpp\n'}
[6.583227] (px4_msgs) StdoutLine: {'line': b'-- Up-to-date: /home/stepan/ws_ros2/install/px4_msgs/include/px4_msgs/px4_msgs/msg/detail/ulog_stream_ack__traits.hpp\n'}
[6.583396] (px4_msgs) StdoutLine: {'line': b'-- Up-to-date: /home/stepan/ws_ros2/install/px4_msgs/include/px4_msgs/px4_msgs/msg/detail/register_ext_component_reply__type_support.hpp\n'}
[6.583525] (px4_msgs) StdoutLine: {'line': b'-- Up-to-date: /home/stepan/ws_ros2/install/px4_msgs/include/px4_msgs/px4_msgs/msg/detail/trajectory_setpoint6dof__struct.hpp\n'}
[6.583631] (px4_msgs) StdoutLine: {'line': b'-- Up-to-date: /home/stepan/ws_ros2/install/px4_msgs/include/px4_msgs/px4_msgs/msg/detail/position_setpoint__struct.hpp\n'}
[6.583827] (px4_msgs) StdoutLine: {'line': b'-- Up-to-date: /home/stepan/ws_ros2/install/px4_msgs/include/px4_msgs/px4_msgs/msg/detail/qshell_req__struct.hpp\n'}
[6.584046] (px4_msgs) StdoutLine: {'line': b'-- Up-to-date: /home/stepan/ws_ros2/install/px4_msgs/include/px4_msgs/px4_msgs/msg/detail/rc_channels__type_support.hpp\n'}
[6.584204] (px4_msgs) StdoutLine: {'line': b'-- Up-to-date: /home/stepan/ws_ros2/install/px4_msgs/include/px4_msgs/px4_msgs/msg/detail/estimator_aid_source3d__builder.hpp\n'}
[6.584388] (px4_msgs) StdoutLine: {'line': b'-- Up-to-date: /home/stepan/ws_ros2/install/px4_msgs/include/px4_msgs/px4_msgs/msg/detail/logger_status__traits.hpp\n'}
[6.584651] (px4_msgs) StdoutLine: {'line': b'-- Up-to-date: /home/stepan/ws_ros2/install/px4_msgs/include/px4_msgs/px4_msgs/msg/detail/pwm_input__type_support.hpp\n'}
[6.584978] (px4_msgs) StdoutLine: {'line': b'-- Up-to-date: /home/stepan/ws_ros2/install/px4_msgs/include/px4_msgs/px4_msgs/msg/detail/position_controller_status__traits.hpp\n'}
[6.585188] (px4_msgs) StdoutLine: {'line': b'-- Up-to-date: /home/stepan/ws_ros2/install/px4_msgs/include/px4_msgs/px4_msgs/msg/detail/dataman_response__type_support.hpp\n'}
[6.585398] (px4_msgs) StdoutLine: {'line': b'-- Up-to-date: /home/stepan/ws_ros2/install/px4_msgs/include/px4_msgs/px4_msgs/msg/detail/sensor_gyro__type_support.hpp\n'}
[6.585578] (px4_msgs) StdoutLine: {'line': b'-- Up-to-date: /home/stepan/ws_ros2/install/px4_msgs/include/px4_msgs/px4_msgs/msg/detail/ulog_stream__type_support.hpp\n'}
[6.585759] (px4_msgs) StdoutLine: {'line': b'-- Up-to-date: /home/stepan/ws_ros2/install/px4_msgs/include/px4_msgs/px4_msgs/msg/detail/airspeed_wind__type_support.hpp\n'}
[6.585973] (px4_msgs) StdoutLine: {'line': b'-- Up-to-date: /home/stepan/ws_ros2/install/px4_msgs/include/px4_msgs/px4_msgs/msg/detail/arming_check_reply__builder.hpp\n'}
[6.586173] (px4_msgs) StdoutLine: {'line': b'-- Up-to-date: /home/stepan/ws_ros2/install/px4_msgs/include/px4_msgs/px4_msgs/msg/detail/airspeed_validated__struct.hpp\n'}
[6.586488] (px4_msgs) StdoutLine: {'line': b'-- Up-to-date: /home/stepan/ws_ros2/install/px4_msgs/include/px4_msgs/px4_msgs/msg/detail/position_setpoint_triplet__builder.hpp\n'}
[6.587958] (px4_msgs) StdoutLine: {'line': b'-- Up-to-date: /home/stepan/ws_ros2/install/px4_msgs/include/px4_msgs/px4_msgs/msg/detail/task_stack_info__builder.hpp\n'}
[6.588285] (px4_msgs) StdoutLine: {'line': b'-- Up-to-date: /home/stepan/ws_ros2/install/px4_msgs/include/px4_msgs/px4_msgs/msg/detail/estimator_innovations__builder.hpp\n'}
[6.588811] (px4_msgs) StdoutLine: {'line': b'-- Up-to-date: /home/stepan/ws_ros2/install/px4_msgs/include/px4_msgs/px4_msgs/msg/detail/satellite_info__struct.hpp\n'}
[6.590746] (px4_msgs) StdoutLine: {'line': b'-- Up-to-date: /home/stepan/ws_ros2/install/px4_msgs/include/px4_msgs/px4_msgs/msg/detail/rover_rate_status__traits.hpp\n'}
[6.592284] (px4_msgs) StdoutLine: {'line': b'-- Up-to-date: /home/stepan/ws_ros2/install/px4_msgs/include/px4_msgs/px4_msgs/msg/detail/follow_target_status__type_support.hpp\n'}
[6.592784] (px4_msgs) StdoutLine: {'line': b'-- Up-to-date: /home/stepan/ws_ros2/install/px4_msgs/include/px4_msgs/px4_msgs/msg/detail/navigator_mission_item__builder.hpp\n'}
[6.593054] (px4_msgs) StdoutLine: {'line': b'-- Up-to-date: /home/stepan/ws_ros2/install/px4_msgs/include/px4_msgs/px4_msgs/msg/detail/actuator_motors__builder.hpp\n'}
[6.593246] (px4_msgs) StdoutLine: {'line': b'-- Up-to-date: /home/stepan/ws_ros2/install/px4_msgs/include/px4_msgs/px4_msgs/msg/detail/vehicle_odometry__builder.hpp\n'}
[6.593434] (px4_msgs) StdoutLine: {'line': b'-- Up-to-date: /home/stepan/ws_ros2/install/px4_msgs/include/px4_msgs/px4_msgs/msg/detail/gimbal_manager_set_manual_control__traits.hpp\n'}
[6.593644] (px4_msgs) StdoutLine: {'line': b'-- Up-to-date: /home/stepan/ws_ros2/install/px4_msgs/include/px4_msgs/px4_msgs/msg/detail/rover_position_setpoint__struct.hpp\n'}
[6.594348] (px4_msgs) StdoutLine: {'line': b'-- Up-to-date: /home/stepan/ws_ros2/install/px4_msgs/include/px4_msgs/px4_msgs/msg/detail/airspeed__type_support.hpp\n'}
[6.595470] (px4_msgs) StdoutLine: {'line': b'-- Up-to-date: /home/stepan/ws_ros2/install/px4_msgs/include/px4_msgs/px4_msgs/msg/detail/health_report__traits.hpp\n'}
[6.596565] (px4_msgs) StdoutLine: {'line': b'-- Up-to-date: /home/stepan/ws_ros2/install/px4_msgs/include/px4_msgs/px4_msgs/msg/detail/estimator_sensor_bias__type_support.hpp\n'}
[6.597000] (px4_msgs) StdoutLine: {'line': b'-- Up-to-date: /home/stepan/ws_ros2/install/px4_msgs/include/px4_msgs/px4_msgs/msg/detail/gimbal_manager_set_attitude__builder.hpp\n'}
[6.597147] (px4_msgs) StdoutLine: {'line': b'-- Up-to-date: /home/stepan/ws_ros2/install/px4_msgs/include/px4_msgs/px4_msgs/msg/detail/vehicle_roi__builder.hpp\n'}
[6.597249] (px4_msgs) StdoutLine: {'line': b'-- Up-to-date: /home/stepan/ws_ros2/install/px4_msgs/include/px4_msgs/px4_msgs/msg/detail/estimator_aid_source3d__type_support.hpp\n'}
[6.597425] (px4_msgs) StdoutLine: {'line': b'-- Up-to-date: /home/stepan/ws_ros2/install/px4_msgs/include/px4_msgs/px4_msgs/msg/detail/wind__type_support.hpp\n'}
[6.597609] (px4_msgs) StdoutLine: {'line': b'-- Up-to-date: /home/stepan/ws_ros2/install/px4_msgs/include/px4_msgs/px4_msgs/msg/detail/sensor_gyro_fifo__traits.hpp\n'}
[6.597885] (px4_msgs) StdoutLine: {'line': b'-- Up-to-date: /home/stepan/ws_ros2/install/px4_msgs/include/px4_msgs/px4_msgs/msg/detail/uavcan_parameter_value__traits.hpp\n'}
[6.598049] (px4_msgs) StdoutLine: {'line': b'-- Up-to-date: /home/stepan/ws_ros2/install/px4_msgs/include/px4_msgs/px4_msgs/msg/detail/manual_control_switches__struct.hpp\n'}
[6.598222] (px4_msgs) StdoutLine: {'line': b'-- Up-to-date: /home/stepan/ws_ros2/install/px4_msgs/include/px4_msgs/px4_msgs/msg/detail/landing_gear__type_support.hpp\n'}
[6.598396] (px4_msgs) StdoutLine: {'line': b'-- Up-to-date: /home/stepan/ws_ros2/install/px4_msgs/include/px4_msgs/px4_msgs/msg/detail/actuator_servos__builder.hpp\n'}
[6.598621] (px4_msgs) StdoutLine: {'line': b'-- Up-to-date: /home/stepan/ws_ros2/install/px4_msgs/include/px4_msgs/px4_msgs/msg/detail/telemetry_status__traits.hpp\n'}
[6.598748] (px4_msgs) StdoutLine: {'line': b'-- Up-to-date: /home/stepan/ws_ros2/install/px4_msgs/include/px4_msgs/px4_msgs/msg/detail/estimator_bias3d__struct.hpp\n'}
[6.598912] (px4_msgs) StdoutLine: {'line': b'-- Up-to-date: /home/stepan/ws_ros2/install/px4_msgs/include/px4_msgs/px4_msgs/msg/detail/vehicle_angular_acceleration_setpoint__struct.hpp\n'}
[6.599033] (px4_msgs) StdoutLine: {'line': b'-- Up-to-date: /home/stepan/ws_ros2/install/px4_msgs/include/px4_msgs/px4_msgs/msg/detail/sensor_preflight_mag__struct.hpp\n'}
[6.599176] (px4_msgs) StdoutLine: {'line': b'-- Up-to-date: /home/stepan/ws_ros2/install/px4_msgs/include/px4_msgs/px4_msgs/msg/detail/landing_gear_wheel__type_support.hpp\n'}
[6.599296] (px4_msgs) StdoutLine: {'line': b'-- Up-to-date: /home/stepan/ws_ros2/install/px4_msgs/include/px4_msgs/px4_msgs/msg/detail/can_interface_status__struct.hpp\n'}
[6.599399] (px4_msgs) StdoutLine: {'line': b'-- Up-to-date: /home/stepan/ws_ros2/install/px4_msgs/include/px4_msgs/px4_msgs/msg/detail/parameter_reset_request__builder.hpp\n'}
[6.599544] (px4_msgs) StdoutLine: {'line': b'-- Up-to-date: /home/stepan/ws_ros2/install/px4_msgs/include/px4_msgs/px4_msgs/msg/detail/adc_report__builder.hpp\n'}
[6.599735] (px4_msgs) StdoutLine: {'line': b'-- Up-to-date: /home/stepan/ws_ros2/install/px4_msgs/include/px4_msgs/px4_msgs/msg/detail/radio_status__traits.hpp\n'}
[6.599951] (px4_msgs) StdoutLine: {'line': b'-- Up-to-date: /home/stepan/ws_ros2/install/px4_msgs/include/px4_msgs/px4_msgs/msg/detail/vehicle_rates_setpoint__traits.hpp\n'}
[6.600145] (px4_msgs) StdoutLine: {'line': b'-- Up-to-date: /home/stepan/ws_ros2/install/px4_msgs/include/px4_msgs/px4_msgs/msg/detail/rtl_time_estimate__traits.hpp\n'}
[6.600294] (px4_msgs) StdoutLine: {'line': b'-- Up-to-date: /home/stepan/ws_ros2/install/px4_msgs/include/px4_msgs/px4_msgs/msg/detail/power_monitor__type_support.hpp\n'}
[6.600506] (px4_msgs) StdoutLine: {'line': b'-- Up-to-date: /home/stepan/ws_ros2/install/px4_msgs/include/px4_msgs/px4_msgs/msg/detail/estimator_event_flags__traits.hpp\n'}
[6.600690] (px4_msgs) StdoutLine: {'line': b'-- Up-to-date: /home/stepan/ws_ros2/install/px4_msgs/include/px4_msgs/px4_msgs/msg/detail/rover_attitude_status__traits.hpp\n'}
[6.600901] (px4_msgs) StdoutLine: {'line': b'-- Up-to-date: /home/stepan/ws_ros2/install/px4_msgs/include/px4_msgs/px4_msgs/msg/detail/gpio_config__builder.hpp\n'}
[6.601074] (px4_msgs) StdoutLine: {'line': b'-- Up-to-date: /home/stepan/ws_ros2/install/px4_msgs/include/px4_msgs/px4_msgs/msg/detail/led_control__type_support.hpp\n'}
[6.601232] (px4_msgs) StdoutLine: {'line': b'-- Up-to-date: /home/stepan/ws_ros2/install/px4_msgs/include/px4_msgs/px4_msgs/msg/detail/battery_status__traits.hpp\n'}
[6.601394] (px4_msgs) StdoutLine: {'line': b'-- Up-to-date: /home/stepan/ws_ros2/install/px4_msgs/include/px4_msgs/px4_msgs/msg/detail/actuator_servos_trim__builder.hpp\n'}
[6.601557] (px4_msgs) StdoutLine: {'line': b'-- Up-to-date: /home/stepan/ws_ros2/install/px4_msgs/include/px4_msgs/px4_msgs/msg/detail/open_drone_id_system__traits.hpp\n'}
[6.601728] (px4_msgs) StdoutLine: {'line': b'-- Up-to-date: /home/stepan/ws_ros2/install/px4_msgs/include/px4_msgs/px4_msgs/msg/detail/gimbal_manager_information__builder.hpp\n'}
[6.601995] (px4_msgs) StdoutLine: {'line': b'-- Up-to-date: /home/stepan/ws_ros2/install/px4_msgs/include/px4_msgs/px4_msgs/msg/detail/landing_target_pose__struct.hpp\n'}
[6.602123] (px4_msgs) StdoutLine: {'line': b'-- Up-to-date: /home/stepan/ws_ros2/install/px4_msgs/include/px4_msgs/px4_msgs/msg/detail/vehicle_acceleration__builder.hpp\n'}
[6.602256] (px4_msgs) StdoutLine: {'line': b'-- Up-to-date: /home/stepan/ws_ros2/install/px4_msgs/include/px4_msgs/px4_msgs/msg/detail/gimbal_device_attitude_status__type_support.hpp\n'}
[6.602356] (px4_msgs) StdoutLine: {'line': b'-- Up-to-date: /home/stepan/ws_ros2/install/px4_msgs/include/px4_msgs/px4_msgs/msg/detail/sensor_selection__traits.hpp\n'}
[6.602452] (px4_msgs) StdoutLine: {'line': b'-- Up-to-date: /home/stepan/ws_ros2/install/px4_msgs/include/px4_msgs/px4_msgs/msg/detail/parameter_update__type_support.hpp\n'}
[6.602634] (px4_msgs) StdoutLine: {'line': b'-- Up-to-date: /home/stepan/ws_ros2/install/px4_msgs/include/px4_msgs/px4_msgs/msg/detail/vehicle_global_position__struct.hpp\n'}
[6.602774] (px4_msgs) StdoutLine: {'line': b'-- Up-to-date: /home/stepan/ws_ros2/install/px4_msgs/include/px4_msgs/px4_msgs/msg/detail/sensor_hygrometer__traits.hpp\n'}
[6.602943] (px4_msgs) StdoutLine: {'line': b'-- Up-to-date: /home/stepan/ws_ros2/install/px4_msgs/include/px4_msgs/px4_msgs/msg/detail/differential_pressure__struct.hpp\n'}
[6.603229] (px4_msgs) StdoutLine: {'line': b'-- Up-to-date: /home/stepan/ws_ros2/install/px4_msgs/include/px4_msgs/px4_msgs/msg/detail/actuator_outputs__traits.hpp\n'}
[6.603852] (px4_msgs) StdoutLine: {'line': b'-- Up-to-date: /home/stepan/ws_ros2/install/px4_msgs/include/px4_msgs/px4_msgs/msg/detail/airspeed_wind__builder.hpp\n'}
[6.604633] (px4_msgs) StdoutLine: {'line': b'-- Up-to-date: /home/stepan/ws_ros2/install/px4_msgs/include/px4_msgs/px4_msgs/msg/detail/actuator_servos_trim__struct.hpp\n'}
[6.605222] (px4_msgs) StdoutLine: {'line': b'-- Up-to-date: /home/stepan/ws_ros2/install/px4_msgs/include/px4_msgs/px4_msgs/msg/detail/home_position__traits.hpp\n'}
[6.605956] (px4_msgs) StdoutLine: {'line': b'-- Up-to-date: /home/stepan/ws_ros2/install/px4_msgs/include/px4_msgs/px4_msgs/msg/detail/vehicle_local_position_setpoint__traits.hpp\n'}
[6.606846] (px4_msgs) StdoutLine: {'line': b'-- Up-to-date: /home/stepan/ws_ros2/install/px4_msgs/include/px4_msgs/px4_msgs/msg/detail/gps_dump__type_support.hpp\n'}
[6.607529] (px4_msgs) StdoutLine: {'line': b'-- Up-to-date: /home/stepan/ws_ros2/install/px4_msgs/include/px4_msgs/px4_msgs/msg/detail/vehicle_angular_acceleration_setpoint__type_support.hpp\n'}
[6.608336] (px4_msgs) StdoutLine: {'line': b'-- Up-to-date: /home/stepan/ws_ros2/install/px4_msgs/include/px4_msgs/px4_msgs/msg/detail/vehicle_land_detected__builder.hpp\n'}
[6.609330] (px4_msgs) StdoutLine: {'line': b'-- Up-to-date: /home/stepan/ws_ros2/install/px4_msgs/include/px4_msgs/px4_msgs/msg/detail/debug_value__builder.hpp\n'}
[6.609852] (px4_msgs) StdoutLine: {'line': b'-- Up-to-date: /home/stepan/ws_ros2/install/px4_msgs/include/px4_msgs/px4_msgs/msg/detail/gpio_out__traits.hpp\n'}
[6.610154] (px4_msgs) StdoutLine: {'line': b'-- Up-to-date: /home/stepan/ws_ros2/install/px4_msgs/include/px4_msgs/px4_msgs/msg/detail/health_report__builder.hpp\n'}
[6.610454] (px4_msgs) StdoutLine: {'line': b'-- Up-to-date: /home/stepan/ws_ros2/install/px4_msgs/include/px4_msgs/px4_msgs/msg/detail/yaw_estimator_status__builder.hpp\n'}
[6.610837] (px4_msgs) StdoutLine: {'line': b'-- Up-to-date: /home/stepan/ws_ros2/install/px4_msgs/include/px4_msgs/px4_msgs/msg/detail/mission_result__builder.hpp\n'}
[6.611757] (px4_msgs) StdoutLine: {'line': b'-- Up-to-date: /home/stepan/ws_ros2/install/px4_msgs/include/px4_msgs/px4_msgs/msg/detail/generator_status__traits.hpp\n'}
[6.612148] (px4_msgs) StdoutLine: {'line': b'-- Up-to-date: /home/stepan/ws_ros2/install/px4_msgs/include/px4_msgs/px4_msgs/msg/detail/vehicle_thrust_setpoint__traits.hpp\n'}
[6.612649] (px4_msgs) StdoutLine: {'line': b'-- Up-to-date: /home/stepan/ws_ros2/install/px4_msgs/include/px4_msgs/px4_msgs/msg/detail/ulog_stream_ack__struct.hpp\n'}
[6.613202] (px4_msgs) StdoutLine: {'line': b'-- Up-to-date: /home/stepan/ws_ros2/install/px4_msgs/include/px4_msgs/px4_msgs/msg/detail/gimbal_manager_set_attitude__struct.hpp\n'}
[6.613523] (px4_msgs) StdoutLine: {'line': b'-- Up-to-date: /home/stepan/ws_ros2/install/px4_msgs/include/px4_msgs/px4_msgs/msg/detail/gimbal_controls__builder.hpp\n'}
[6.614022] (px4_msgs) StdoutLine: {'line': b'-- Up-to-date: /home/stepan/ws_ros2/install/px4_msgs/include/px4_msgs/px4_msgs/msg/detail/takeoff_status__builder.hpp\n'}
[6.614444] (px4_msgs) StdoutLine: {'line': b'-- Up-to-date: /home/stepan/ws_ros2/install/px4_msgs/include/px4_msgs/px4_msgs/msg/detail/vehicle_local_position__struct.hpp\n'}
[6.614661] (px4_msgs) StdoutLine: {'line': b'-- Up-to-date: /home/stepan/ws_ros2/install/px4_msgs/include/px4_msgs/px4_msgs/msg/detail/sensor_selection__struct.hpp\n'}
[6.614898] (px4_msgs) StdoutLine: {'line': b'-- Up-to-date: /home/stepan/ws_ros2/install/px4_msgs/include/px4_msgs/px4_msgs/msg/detail/internal_combustion_engine_status__traits.hpp\n'}
[6.615140] (px4_msgs) StdoutLine: {'line': b'-- Up-to-date: /home/stepan/ws_ros2/install/px4_msgs/include/px4_msgs/px4_msgs/msg/detail/vehicle_local_position_setpoint__type_support.hpp\n'}
[6.615305] (px4_msgs) StdoutLine: {'line': b'-- Up-to-date: /home/stepan/ws_ros2/install/px4_msgs/include/px4_msgs/px4_msgs/msg/detail/register_ext_component_request__type_support.hpp\n'}
[6.615459] (px4_msgs) StdoutLine: {'line': b'-- Up-to-date: /home/stepan/ws_ros2/install/px4_msgs/include/px4_msgs/px4_msgs/msg/detail/rover_throttle_setpoint__struct.hpp\n'}
[6.615613] (px4_msgs) StdoutLine: {'line': b'-- Up-to-date: /home/stepan/ws_ros2/install/px4_msgs/include/px4_msgs/px4_msgs/msg/detail/gpio_in__traits.hpp\n'}
[6.615756] (px4_msgs) StdoutLine: {'line': b'-- Up-to-date: /home/stepan/ws_ros2/install/px4_msgs/include/px4_msgs/px4_msgs/msg/detail/estimator_aid_source1d__struct.hpp\n'}
[6.615914] (px4_msgs) StdoutLine: {'line': b'-- Up-to-date: /home/stepan/ws_ros2/install/px4_msgs/include/px4_msgs/px4_msgs/msg/detail/rover_throttle_setpoint__traits.hpp\n'}
[6.616088] (px4_msgs) StdoutLine: {'line': b'-- Up-to-date: /home/stepan/ws_ros2/install/px4_msgs/include/px4_msgs/px4_msgs/msg/detail/vehicle_attitude_setpoint__struct.hpp\n'}
[6.616251] (px4_msgs) StdoutLine: {'line': b'-- Up-to-date: /home/stepan/ws_ros2/install/px4_msgs/include/px4_msgs/px4_msgs/msg/detail/register_ext_component_request__struct.hpp\n'}
[6.616366] (px4_msgs) StdoutLine: {'line': b'-- Up-to-date: /home/stepan/ws_ros2/install/px4_msgs/include/px4_msgs/px4_msgs/msg/detail/sensor_correction__traits.hpp\n'}
[6.616502] (px4_msgs) StdoutLine: {'line': b'-- Up-to-date: /home/stepan/ws_ros2/install/px4_msgs/include/px4_msgs/px4_msgs/msg/detail/internal_combustion_engine_status__struct.hpp\n'}
[6.616788] (px4_msgs) StdoutLine: {'line': b'-- Up-to-date: /home/stepan/ws_ros2/install/px4_msgs/include/px4_msgs/px4_msgs/msg/detail/timesync_status__builder.hpp\n'}
[6.616986] (px4_msgs) StdoutLine: {'line': b'-- Up-to-date: /home/stepan/ws_ros2/install/px4_msgs/include/px4_msgs/px4_msgs/msg/detail/sensor_airflow__type_support.hpp\n'}
[6.617148] (px4_msgs) StdoutLine: {'line': b'-- Up-to-date: /home/stepan/ws_ros2/install/px4_msgs/include/px4_msgs/px4_msgs/msg/detail/esc_report__builder.hpp\n'}
[6.617337] (px4_msgs) StdoutLine: {'line': b'-- Up-to-date: /home/stepan/ws_ros2/install/px4_msgs/include/px4_msgs/px4_msgs/msg/detail/message_format_response__type_support.hpp\n'}
[6.617679] (px4_msgs) StdoutLine: {'line': b'-- Up-to-date: /home/stepan/ws_ros2/install/px4_msgs/include/px4_msgs/px4_msgs/msg/detail/mavlink_tunnel__builder.hpp\n'}
[6.618016] (px4_msgs) StdoutLine: {'line': b'-- Up-to-date: /home/stepan/ws_ros2/install/px4_msgs/include/px4_msgs/px4_msgs/msg/detail/mount_orientation__struct.hpp\n'}
[6.618236] (px4_msgs) StdoutLine: {'line': b'-- Up-to-date: /home/stepan/ws_ros2/install/px4_msgs/include/px4_msgs/px4_msgs/msg/detail/adc_report__traits.hpp\n'}
[6.618410] (px4_msgs) StdoutLine: {'line': b'-- Up-to-date: /home/stepan/ws_ros2/install/px4_msgs/include/px4_msgs/px4_msgs/msg/detail/log_message__builder.hpp\n'}
[6.618575] (px4_msgs) StdoutLine: {'line': b'-- Up-to-date: /home/stepan/ws_ros2/install/px4_msgs/include/px4_msgs/px4_msgs/msg/detail/arming_check_reply__traits.hpp\n'}
[6.618879] (px4_msgs) StdoutLine: {'line': b'-- Up-to-date: /home/stepan/ws_ros2/install/px4_msgs/include/px4_msgs/px4_msgs/msg/detail/sensor_uwb__builder.hpp\n'}
[6.619046] (px4_msgs) StdoutLine: {'line': b'-- Up-to-date: /home/stepan/ws_ros2/install/px4_msgs/include/px4_msgs/px4_msgs/msg/detail/sensor_accel_fifo__builder.hpp\n'}
[6.619209] (px4_msgs) StdoutLine: {'line': b'-- Up-to-date: /home/stepan/ws_ros2/install/px4_msgs/include/px4_msgs/px4_msgs/msg/detail/sensor_preflight_mag__builder.hpp\n'}
[6.619378] (px4_msgs) StdoutLine: {'line': b'-- Up-to-date: /home/stepan/ws_ros2/install/px4_msgs/include/px4_msgs/px4_msgs/msg/detail/irlock_report__type_support.hpp\n'}
[6.619553] (px4_msgs) StdoutLine: {'line': b'-- Up-to-date: /home/stepan/ws_ros2/install/px4_msgs/include/px4_msgs/px4_msgs/msg/detail/pure_pursuit_status__traits.hpp\n'}
[6.619842] (px4_msgs) StdoutLine: {'line': b'-- Up-to-date: /home/stepan/ws_ros2/install/px4_msgs/include/px4_msgs/px4_msgs/msg/detail/dataman_request__builder.hpp\n'}
[6.620822] (px4_msgs) StdoutLine: {'line': b'-- Up-to-date: /home/stepan/ws_ros2/install/px4_msgs/include/px4_msgs/px4_msgs/msg/detail/ulog_stream__builder.hpp\n'}
[6.621542] (px4_msgs) StdoutLine: {'line': b'-- Up-to-date: /home/stepan/ws_ros2/install/px4_msgs/include/px4_msgs/px4_msgs/msg/detail/ping__struct.hpp\n'}
[6.622633] (px4_msgs) StdoutLine: {'line': b'-- Up-to-date: /home/stepan/ws_ros2/install/px4_msgs/include/px4_msgs/px4_msgs/msg/detail/control_allocator_status__builder.hpp\n'}
[6.623435] (px4_msgs) StdoutLine: {'line': b'-- Up-to-date: /home/stepan/ws_ros2/install/px4_msgs/include/px4_msgs/px4_msgs/msg/detail/trajectory_setpoint__builder.hpp\n'}
[6.624407] (px4_msgs) StdoutLine: {'line': b'-- Up-to-date: /home/stepan/ws_ros2/install/px4_msgs/include/px4_msgs/px4_msgs/msg/detail/actuator_motors__struct.hpp\n'}
[6.625460] (px4_msgs) StdoutLine: {'line': b'-- Up-to-date: /home/stepan/ws_ros2/install/px4_msgs/include/px4_msgs/px4_msgs/msg/detail/actuator_servos_trim__type_support.hpp\n'}
[6.626359] (px4_msgs) StdoutLine: {'line': b'-- Up-to-date: /home/stepan/ws_ros2/install/px4_msgs/include/px4_msgs/px4_msgs/msg/detail/ulog_stream_ack__builder.hpp\n'}
[6.626937] (px4_msgs) StdoutLine: {'line': b'-- Up-to-date: /home/stepan/ws_ros2/install/px4_msgs/include/px4_msgs/px4_msgs/msg/detail/debug_array__builder.hpp\n'}
[6.627384] (px4_msgs) StdoutLine: {'line': b'-- Up-to-date: /home/stepan/ws_ros2/install/px4_msgs/include/px4_msgs/px4_msgs/msg/detail/gps_inject_data__traits.hpp\n'}
[6.627757] (px4_msgs) StdoutLine: {'line': b'-- Up-to-date: /home/stepan/ws_ros2/install/px4_msgs/include/px4_msgs/px4_msgs/msg/detail/normalized_unsigned_setpoint__builder.hpp\n'}
[6.628328] (px4_msgs) StdoutLine: {'line': b'-- Up-to-date: /home/stepan/ws_ros2/install/px4_msgs/include/px4_msgs/px4_msgs/msg/detail/vehicle_attitude__builder.hpp\n'}
[6.628964] (px4_msgs) StdoutLine: {'line': b'-- Up-to-date: /home/stepan/ws_ros2/install/px4_msgs/include/px4_msgs/px4_msgs/msg/detail/camera_trigger__type_support.hpp\n'}
[6.629282] (px4_msgs) StdoutLine: {'line': b'-- Up-to-date: /home/stepan/ws_ros2/install/px4_msgs/include/px4_msgs/px4_msgs/msg/detail/vehicle_air_data__traits.hpp\n'}
[6.630008] (px4_msgs) StdoutLine: {'line': b'-- Up-to-date: /home/stepan/ws_ros2/install/px4_msgs/include/px4_msgs/px4_msgs/msg/detail/gps_dump__traits.hpp\n'}
[6.630909] (px4_msgs) StdoutLine: {'line': b'-- Up-to-date: /home/stepan/ws_ros2/install/px4_msgs/include/px4_msgs/px4_msgs/msg/detail/logger_status__type_support.hpp\n'}
[6.631178] (px4_msgs) StdoutLine: {'line': b'-- Up-to-date: /home/stepan/ws_ros2/install/px4_msgs/include/px4_msgs/px4_msgs/msg/detail/estimator_event_flags__struct.hpp\n'}
[6.631377] (px4_msgs) StdoutLine: {'line': b'-- Up-to-date: /home/stepan/ws_ros2/install/px4_msgs/include/px4_msgs/px4_msgs/msg/detail/gpio_in__type_support.hpp\n'}
[6.631558] (px4_msgs) StdoutLine: {'line': b'-- Up-to-date: /home/stepan/ws_ros2/install/px4_msgs/include/px4_msgs/px4_msgs/msg/detail/flight_phase_estimation__traits.hpp\n'}
[6.631939] (px4_msgs) StdoutLine: {'line': b'-- Up-to-date: /home/stepan/ws_ros2/install/px4_msgs/include/px4_msgs/px4_msgs/msg/detail/parameter_reset_request__type_support.hpp\n'}
[6.632176] (px4_msgs) StdoutLine: {'line': b'-- Up-to-date: /home/stepan/ws_ros2/install/px4_msgs/include/px4_msgs/px4_msgs/msg/detail/vehicle_command_ack__type_support.hpp\n'}
[6.632356] (px4_msgs) StdoutLine: {'line': b'-- Up-to-date: /home/stepan/ws_ros2/install/px4_msgs/include/px4_msgs/px4_msgs/msg/detail/timesync_status__struct.hpp\n'}
[6.632522] (px4_msgs) StdoutLine: {'line': b'-- Up-to-date: /home/stepan/ws_ros2/install/px4_msgs/include/px4_msgs/px4_msgs/msg/detail/normalized_unsigned_setpoint__struct.hpp\n'}
[6.632679] (px4_msgs) StdoutLine: {'line': b'-- Up-to-date: /home/stepan/ws_ros2/install/px4_msgs/include/px4_msgs/px4_msgs/msg/detail/orb_test_medium__builder.hpp\n'}
[6.632967] (px4_msgs) StdoutLine: {'line': b'-- Up-to-date: /home/stepan/ws_ros2/install/px4_msgs/include/px4_msgs/px4_msgs/msg/detail/ping__type_support.hpp\n'}
[6.633130] (px4_msgs) StdoutLine: {'line': b'-- Up-to-date: /home/stepan/ws_ros2/install/px4_msgs/include/px4_msgs/px4_msgs/msg/detail/ackermann_velocity_setpoint__struct.hpp\n'}
[6.633265] (px4_msgs) StdoutLine: {'line': b'-- Up-to-date: /home/stepan/ws_ros2/install/px4_msgs/include/px4_msgs/px4_msgs/msg/detail/pwm_input__traits.hpp\n'}
[6.633431] (px4_msgs) StdoutLine: {'line': b'-- Up-to-date: /home/stepan/ws_ros2/install/px4_msgs/include/px4_msgs/px4_msgs/msg/detail/esc_status__builder.hpp\n'}
[6.633636] (px4_msgs) StdoutLine: {'line': b'-- Up-to-date: /home/stepan/ws_ros2/install/px4_msgs/include/px4_msgs/px4_msgs/msg/detail/unregister_ext_component__type_support.hpp\n'}
[6.634004] (px4_msgs) StdoutLine: {'line': b'-- Up-to-date: /home/stepan/ws_ros2/install/px4_msgs/include/px4_msgs/px4_msgs/msg/detail/action_request__type_support.hpp\n'}
[6.634219] (px4_msgs) StdoutLine: {'line': b'-- Up-to-date: /home/stepan/ws_ros2/install/px4_msgs/include/px4_msgs/px4_msgs/msg/detail/cellular_status__type_support.hpp\n'}
[6.634397] (px4_msgs) StdoutLine: {'line': b'-- Up-to-date: /home/stepan/ws_ros2/install/px4_msgs/include/px4_msgs/px4_msgs/msg/detail/rover_rate_setpoint__traits.hpp\n'}
[6.634512] (px4_msgs) StdoutLine: {'line': b'-- Up-to-date: /home/stepan/ws_ros2/install/px4_msgs/include/px4_msgs/px4_msgs/msg/detail/pure_pursuit_status__type_support.hpp\n'}
[6.634618] (px4_msgs) StdoutLine: {'line': b'-- Up-to-date: /home/stepan/ws_ros2/install/px4_msgs/include/px4_msgs/px4_msgs/msg/detail/navigator_status__type_support.hpp\n'}
[6.634867] (px4_msgs) StdoutLine: {'line': b'-- Up-to-date: /home/stepan/ws_ros2/install/px4_msgs/include/px4_msgs/px4_msgs/msg/detail/offboard_control_mode__builder.hpp\n'}
[6.635022] (px4_msgs) StdoutLine: {'line': b'-- Up-to-date: /home/stepan/ws_ros2/install/px4_msgs/include/px4_msgs/px4_msgs/msg/detail/irlock_report__struct.hpp\n'}
[6.635176] (px4_msgs) StdoutLine: {'line': b'-- Up-to-date: /home/stepan/ws_ros2/install/px4_msgs/include/px4_msgs/px4_msgs/msg/detail/orb_test_large__builder.hpp\n'}
[6.635358] (px4_msgs) StdoutLine: {'line': b'-- Up-to-date: /home/stepan/ws_ros2/install/px4_msgs/include/px4_msgs/px4_msgs/msg/detail/rover_position_setpoint__traits.hpp\n'}
[6.635533] (px4_msgs) StdoutLine: {'line': b'-- Up-to-date: /home/stepan/ws_ros2/install/px4_msgs/include/px4_msgs/px4_msgs/msg/detail/rtl_time_estimate__type_support.hpp\n'}
[6.635694] (px4_msgs) StdoutLine: {'line': b'-- Up-to-date: /home/stepan/ws_ros2/install/px4_msgs/include/px4_msgs/px4_msgs/msg/detail/vehicle_command__traits.hpp\n'}
[6.635937] (px4_msgs) StdoutLine: {'line': b'-- Up-to-date: /home/stepan/ws_ros2/install/px4_msgs/include/px4_msgs/px4_msgs/msg/detail/landing_gear_wheel__struct.hpp\n'}
[6.636040] (px4_msgs) StdoutLine: {'line': b'-- Up-to-date: /home/stepan/ws_ros2/install/px4_msgs/include/px4_msgs/px4_msgs/msg/detail/autotune_attitude_control_status__builder.hpp\n'}
[6.636166] (px4_msgs) StdoutLine: {'line': b'-- Up-to-date: /home/stepan/ws_ros2/install/px4_msgs/include/px4_msgs/px4_msgs/msg/detail/navigator_status__traits.hpp\n'}
[6.636442] (px4_msgs) StdoutLine: {'line': b'-- Up-to-date: /home/stepan/ws_ros2/install/px4_msgs/include/px4_msgs/px4_msgs/msg/detail/gimbal_device_attitude_status__builder.hpp\n'}
[6.637251] (px4_msgs) StdoutLine: {'line': b'-- Up-to-date: /home/stepan/ws_ros2/install/px4_msgs/include/px4_msgs/px4_msgs/msg/detail/heater_status__builder.hpp\n'}
[6.638251] (px4_msgs) StdoutLine: {'line': b'-- Up-to-date: /home/stepan/ws_ros2/install/px4_msgs/include/px4_msgs/px4_msgs/msg/detail/parameter_set_value_request__traits.hpp\n'}
[6.638875] (px4_msgs) StdoutLine: {'line': b'-- Up-to-date: /home/stepan/ws_ros2/install/px4_msgs/include/px4_msgs/px4_msgs/msg/detail/figure_eight_status__builder.hpp\n'}
[6.640024] (px4_msgs) StdoutLine: {'line': b'-- Up-to-date: /home/stepan/ws_ros2/install/px4_msgs/include/px4_msgs/px4_msgs/msg/detail/actuator_servos__struct.hpp\n'}
[6.640478] (px4_msgs) StdoutLine: {'line': b'-- Up-to-date: /home/stepan/ws_ros2/install/px4_msgs/include/px4_msgs/px4_msgs/msg/detail/ekf2_timestamps__traits.hpp\n'}
[6.641568] (px4_msgs) StdoutLine: {'line': b'-- Up-to-date: /home/stepan/ws_ros2/install/px4_msgs/include/px4_msgs/px4_msgs/msg/detail/gimbal_manager_information__struct.hpp\n'}
[6.642177] (px4_msgs) StdoutLine: {'line': b'-- Up-to-date: /home/stepan/ws_ros2/install/px4_msgs/include/px4_msgs/px4_msgs/msg/detail/internal_combustion_engine_control__type_support.hpp\n'}
[6.642695] (px4_msgs) StdoutLine: {'line': b'-- Up-to-date: /home/stepan/ws_ros2/install/px4_msgs/include/px4_msgs/px4_msgs/msg/detail/distance_sensor_mode_change_request__type_support.hpp\n'}
[6.643924] (px4_msgs) StdoutLine: {'line': b'-- Up-to-date: /home/stepan/ws_ros2/install/px4_msgs/include/px4_msgs/px4_msgs/msg/detail/message_format_response__struct.hpp\n'}
[6.644326] (px4_msgs) StdoutLine: {'line': b'-- Up-to-date: /home/stepan/ws_ros2/install/px4_msgs/include/px4_msgs/px4_msgs/msg/detail/sensor_selection__builder.hpp\n'}
[6.644597] (px4_msgs) StdoutLine: {'line': b'-- Up-to-date: /home/stepan/ws_ros2/install/px4_msgs/include/px4_msgs/px4_msgs/msg/detail/sensor_correction__builder.hpp\n'}
[6.644775] (px4_msgs) StdoutLine: {'line': b'-- Up-to-date: /home/stepan/ws_ros2/install/px4_msgs/include/px4_msgs/px4_msgs/msg/detail/sensor_gyro__traits.hpp\n'}
[6.645107] (px4_msgs) StdoutLine: {'line': b'-- Up-to-date: /home/stepan/ws_ros2/install/px4_msgs/include/px4_msgs/px4_msgs/msg/detail/follow_target__struct.hpp\n'}
[6.645597] (px4_msgs) StdoutLine: {'line': b'-- Up-to-date: /home/stepan/ws_ros2/install/px4_msgs/include/px4_msgs/px4_msgs/msg/detail/vehicle_optical_flow__builder.hpp\n'}
[6.646027] (px4_msgs) StdoutLine: {'line': b'-- Up-to-date: /home/stepan/ws_ros2/install/px4_msgs/include/px4_msgs/px4_msgs/msg/detail/vehicle_command_ack__struct.hpp\n'}
[6.646238] (px4_msgs) StdoutLine: {'line': b'-- Up-to-date: /home/stepan/ws_ros2/install/px4_msgs/include/px4_msgs/px4_msgs/msg/detail/rate_ctrl_status__struct.hpp\n'}
[6.646455] (px4_msgs) StdoutLine: {'line': b'-- Up-to-date: /home/stepan/ws_ros2/install/px4_msgs/include/px4_msgs/px4_msgs/msg/detail/vehicle_local_position_setpoint__builder.hpp\n'}
[6.646966] (px4_msgs) StdoutLine: {'line': b'-- Up-to-date: /home/stepan/ws_ros2/install/px4_msgs/include/px4_msgs/px4_msgs/msg/detail/generator_status__struct.hpp\n'}
[6.648131] (px4_msgs) StdoutLine: {'line': b'-- Up-to-date: /home/stepan/ws_ros2/install/px4_msgs/include/px4_msgs/px4_msgs/msg/detail/sensor_gps__type_support.hpp\n'}
[6.648301] (px4_msgs) StdoutLine: {'line': b'-- Up-to-date: /home/stepan/ws_ros2/install/px4_msgs/include/px4_msgs/px4_msgs/msg/detail/tiltrotor_extra_controls__type_support.hpp\n'}
[6.648410] (px4_msgs) StdoutLine: {'line': b'-- Up-to-date: /home/stepan/ws_ros2/install/px4_msgs/include/px4_msgs/px4_msgs/msg/detail/vehicle_magnetometer__builder.hpp\n'}
[6.648541] (px4_msgs) StdoutLine: {'line': b'-- Up-to-date: /home/stepan/ws_ros2/install/px4_msgs/include/px4_msgs/px4_msgs/msg/detail/vehicle_imu_status__traits.hpp\n'}
[6.648680] (px4_msgs) StdoutLine: {'line': b'-- Up-to-date: /home/stepan/ws_ros2/install/px4_msgs/include/px4_msgs/px4_msgs/msg/detail/iridiumsbd_status__builder.hpp\n'}
[6.648996] (px4_msgs) StdoutLine: {'line': b'-- Up-to-date: /home/stepan/ws_ros2/install/px4_msgs/include/px4_msgs/px4_msgs/msg/detail/tecs_status__type_support.hpp\n'}
[6.649180] (px4_msgs) StdoutLine: {'line': b'-- Up-to-date: /home/stepan/ws_ros2/install/px4_msgs/include/px4_msgs/px4_msgs/msg/detail/rc_parameter_map__builder.hpp\n'}
[6.649354] (px4_msgs) StdoutLine: {'line': b'-- Up-to-date: /home/stepan/ws_ros2/install/px4_msgs/include/px4_msgs/px4_msgs/msg/detail/home_position__struct.hpp\n'}
[6.649525] (px4_msgs) StdoutLine: {'line': b'-- Up-to-date: /home/stepan/ws_ros2/install/px4_msgs/include/px4_msgs/px4_msgs/msg/detail/magnetometer_bias_estimate__builder.hpp\n'}
[6.649700] (px4_msgs) StdoutLine: {'line': b'-- Up-to-date: /home/stepan/ws_ros2/install/px4_msgs/include/px4_msgs/px4_msgs/msg/detail/mag_worker_data__builder.hpp\n'}
[6.649967] (px4_msgs) StdoutLine: {'line': b'-- Up-to-date: /home/stepan/ws_ros2/install/px4_msgs/include/px4_msgs/px4_msgs/msg/detail/vehicle_angular_velocity__builder.hpp\n'}
[6.650124] (px4_msgs) StdoutLine: {'line': b'-- Up-to-date: /home/stepan/ws_ros2/install/px4_msgs/include/px4_msgs/px4_msgs/msg/detail/estimator_event_flags__type_support.hpp\n'}
[6.650221] (px4_msgs) StdoutLine: {'line': b'-- Up-to-date: /home/stepan/ws_ros2/install/px4_msgs/include/px4_msgs/px4_msgs/msg/detail/parameter_update__traits.hpp\n'}
[6.650467] (px4_msgs) StdoutLine: {'line': b'-- Up-to-date: /home/stepan/ws_ros2/install/px4_msgs/include/px4_msgs/px4_msgs/msg/detail/debug_array__struct.hpp\n'}
[6.650639] (px4_msgs) StdoutLine: {'line': b'-- Up-to-date: /home/stepan/ws_ros2/install/px4_msgs/include/px4_msgs/px4_msgs/msg/detail/esc_status__struct.hpp\n'}
[6.651007] (px4_msgs) StdoutLine: {'line': b'-- Up-to-date: /home/stepan/ws_ros2/install/px4_msgs/include/px4_msgs/px4_msgs/msg/detail/mode_completed__traits.hpp\n'}
[6.651173] (px4_msgs) StdoutLine: {'line': b'-- Up-to-date: /home/stepan/ws_ros2/install/px4_msgs/include/px4_msgs/px4_msgs/msg/detail/mode_completed__type_support.hpp\n'}
[6.651309] (px4_msgs) StdoutLine: {'line': b'-- Up-to-date: /home/stepan/ws_ros2/install/px4_msgs/include/px4_msgs/px4_msgs/msg/detail/adc_report__type_support.hpp\n'}
[6.651473] (px4_msgs) StdoutLine: {'line': b'-- Up-to-date: /home/stepan/ws_ros2/install/px4_msgs/include/px4_msgs/px4_msgs/msg/detail/ulog_stream__struct.hpp\n'}
[6.651620] (px4_msgs) StdoutLine: {'line': b'-- Up-to-date: /home/stepan/ws_ros2/install/px4_msgs/include/px4_msgs/px4_msgs/msg/detail/hover_thrust_estimate__struct.hpp\n'}
[6.651812] (px4_msgs) StdoutLine: {'line': b'-- Up-to-date: /home/stepan/ws_ros2/install/px4_msgs/include/px4_msgs/px4_msgs/msg/detail/landing_gear_wheel__traits.hpp\n'}
[6.651967] (px4_msgs) StdoutLine: {'line': b'-- Up-to-date: /home/stepan/ws_ros2/install/px4_msgs/include/px4_msgs/px4_msgs/msg/detail/debug_value__type_support.hpp\n'}
[6.652057] (px4_msgs) StdoutLine: {'line': b'-- Up-to-date: /home/stepan/ws_ros2/install/px4_msgs/include/px4_msgs/px4_msgs/msg/detail/sensors_status_imu__struct.hpp\n'}
[6.652163] (px4_msgs) StdoutLine: {'line': b'-- Up-to-date: /home/stepan/ws_ros2/install/px4_msgs/include/px4_msgs/px4_msgs/msg/detail/differential_pressure__builder.hpp\n'}
[6.652255] (px4_msgs) StdoutLine: {'line': b'-- Up-to-date: /home/stepan/ws_ros2/install/px4_msgs/include/px4_msgs/px4_msgs/msg/detail/geofence_result__struct.hpp\n'}
[6.652471] (px4_msgs) StdoutLine: {'line': b'-- Up-to-date: /home/stepan/ws_ros2/install/px4_msgs/include/px4_msgs/px4_msgs/msg/detail/mission__builder.hpp\n'}
[6.652616] (px4_msgs) StdoutLine: {'line': b'-- Up-to-date: /home/stepan/ws_ros2/install/px4_msgs/include/px4_msgs/px4_msgs/msg/detail/health_report__type_support.hpp\n'}
[6.652845] (px4_msgs) StdoutLine: {'line': b'-- Up-to-date: /home/stepan/ws_ros2/install/px4_msgs/include/px4_msgs/px4_msgs/msg/detail/onboard_computer_status__traits.hpp\n'}
[6.653058] (px4_msgs) StdoutLine: {'line': b'-- Up-to-date: /home/stepan/ws_ros2/install/px4_msgs/include/px4_msgs/px4_msgs/msg/detail/estimator_event_flags__builder.hpp\n'}
[6.653884] (px4_msgs) StdoutLine: {'line': b'-- Up-to-date: /home/stepan/ws_ros2/install/px4_msgs/include/px4_msgs/px4_msgs/msg/detail/sensor_gps__struct.hpp\n'}
[6.656012] (px4_msgs) StdoutLine: {'line': b'-- Up-to-date: /home/stepan/ws_ros2/install/px4_msgs/include/px4_msgs/px4_msgs/msg/detail/follow_target__traits.hpp\n'}
[6.656897] (px4_msgs) StdoutLine: {'line': b'-- Up-to-date: /home/stepan/ws_ros2/install/px4_msgs/include/px4_msgs/px4_msgs/msg/detail/sensor_gnss_relative__traits.hpp\n'}
[6.657892] (-) TimerEvent: {}
[6.658683] (px4_msgs) StdoutLine: {'line': b'-- Up-to-date: /home/stepan/ws_ros2/install/px4_msgs/include/px4_msgs/px4_msgs/msg/detail/gpio_out__type_support.hpp\n'}
[6.659778] (px4_msgs) StdoutLine: {'line': b'-- Up-to-date: /home/stepan/ws_ros2/install/px4_msgs/include/px4_msgs/px4_msgs/msg/detail/sensor_accel_fifo__struct.hpp\n'}
[6.660579] (px4_msgs) StdoutLine: {'line': b'-- Up-to-date: /home/stepan/ws_ros2/install/px4_msgs/include/px4_msgs/px4_msgs/msg/detail/open_drone_id_system__type_support.hpp\n'}
[6.661537] (px4_msgs) StdoutLine: {'line': b'-- Up-to-date: /home/stepan/ws_ros2/install/px4_msgs/include/px4_msgs/px4_msgs/msg/detail/gimbal_device_set_attitude__struct.hpp\n'}
[6.662216] (px4_msgs) StdoutLine: {'line': b'-- Up-to-date: /home/stepan/ws_ros2/install/px4_msgs/include/px4_msgs/px4_msgs/msg/detail/action_request__builder.hpp\n'}
[6.662551] (px4_msgs) StdoutLine: {'line': b'-- Up-to-date: /home/stepan/ws_ros2/install/px4_msgs/include/px4_msgs/px4_msgs/msg/detail/vehicle_torque_setpoint__type_support.hpp\n'}
[6.663155] (px4_msgs) StdoutLine: {'line': b'-- Up-to-date: /home/stepan/ws_ros2/install/px4_msgs/include/px4_msgs/px4_msgs/msg/detail/magnetometer_bias_estimate__traits.hpp\n'}
[6.664267] (px4_msgs) StdoutLine: {'line': b'-- Up-to-date: /home/stepan/ws_ros2/install/px4_msgs/include/px4_msgs/px4_msgs/msg/detail/uavcan_parameter_request__type_support.hpp\n'}
[6.664602] (px4_msgs) StdoutLine: {'line': b'-- Up-to-date: /home/stepan/ws_ros2/install/px4_msgs/include/px4_msgs/px4_msgs/msg/detail/actuator_motors__traits.hpp\n'}
[6.664798] (px4_msgs) StdoutLine: {'line': b'-- Up-to-date: /home/stepan/ws_ros2/install/px4_msgs/include/px4_msgs/px4_msgs/msg/detail/rtl_status__traits.hpp\n'}
[6.665044] (px4_msgs) StdoutLine: {'line': b'-- Up-to-date: /home/stepan/ws_ros2/install/px4_msgs/include/px4_msgs/px4_msgs/msg/detail/trajectory_setpoint6dof__builder.hpp\n'}
[6.665232] (px4_msgs) StdoutLine: {'line': b'-- Up-to-date: /home/stepan/ws_ros2/install/px4_msgs/include/px4_msgs/px4_msgs/msg/detail/rover_attitude_status__builder.hpp\n'}
[6.665522] (px4_msgs) StdoutLine: {'line': b'-- Up-to-date: /home/stepan/ws_ros2/install/px4_msgs/include/px4_msgs/px4_msgs/msg/detail/gpio_config__traits.hpp\n'}
[6.665792] (px4_msgs) StdoutLine: {'line': b'-- Up-to-date: /home/stepan/ws_ros2/install/px4_msgs/include/px4_msgs/px4_msgs/msg/detail/tiltrotor_extra_controls__traits.hpp\n'}
[6.665975] (px4_msgs) StdoutLine: {'line': b'-- Up-to-date: /home/stepan/ws_ros2/install/px4_msgs/include/px4_msgs/px4_msgs/msg/detail/mavlink_log__builder.hpp\n'}
[6.666150] (px4_msgs) StdoutLine: {'line': b'-- Up-to-date: /home/stepan/ws_ros2/install/px4_msgs/include/px4_msgs/px4_msgs/msg/detail/vehicle_control_mode__traits.hpp\n'}
[6.666321] (px4_msgs) StdoutLine: {'line': b'-- Up-to-date: /home/stepan/ws_ros2/install/px4_msgs/include/px4_msgs/px4_msgs/msg/detail/vehicle_rates_setpoint__type_support.hpp\n'}
[6.666500] (px4_msgs) StdoutLine: {'line': b'-- Up-to-date: /home/stepan/ws_ros2/install/px4_msgs/include/px4_msgs/px4_msgs/msg/detail/gpio_in__struct.hpp\n'}
[6.666666] (px4_msgs) StdoutLine: {'line': b'-- Up-to-date: /home/stepan/ws_ros2/install/px4_msgs/include/px4_msgs/px4_msgs/msg/detail/vehicle_constraints__builder.hpp\n'}
[6.666853] (px4_msgs) StdoutLine: {'line': b'-- Up-to-date: /home/stepan/ws_ros2/install/px4_msgs/include/px4_msgs/px4_msgs/msg/detail/estimator_bias3d__type_support.hpp\n'}
[6.667062] (px4_msgs) StdoutLine: {'line': b'-- Up-to-date: /home/stepan/ws_ros2/install/px4_msgs/include/px4_msgs/px4_msgs/msg/detail/vehicle_angular_velocity__type_support.hpp\n'}
[6.667241] (px4_msgs) StdoutLine: {'line': b'-- Up-to-date: /home/stepan/ws_ros2/install/px4_msgs/include/px4_msgs/px4_msgs/msg/detail/led_control__traits.hpp\n'}
[6.667416] (px4_msgs) StdoutLine: {'line': b'-- Up-to-date: /home/stepan/ws_ros2/install/px4_msgs/include/px4_msgs/px4_msgs/msg/detail/vehicle_attitude_setpoint__traits.hpp\n'}
[6.667587] (px4_msgs) StdoutLine: {'line': b'-- Up-to-date: /home/stepan/ws_ros2/install/px4_msgs/include/px4_msgs/px4_msgs/msg/detail/sensor_combined__type_support.hpp\n'}
[6.667929] (px4_msgs) StdoutLine: {'line': b'-- Up-to-date: /home/stepan/ws_ros2/install/px4_msgs/include/px4_msgs/px4_msgs/msg/detail/gimbal_device_set_attitude__builder.hpp\n'}
[6.668118] (px4_msgs) StdoutLine: {'line': b'-- Up-to-date: /home/stepan/ws_ros2/install/px4_msgs/include/px4_msgs/px4_msgs/msg/detail/geofence_result__type_support.hpp\n'}
[6.668294] (px4_msgs) StdoutLine: {'line': b'-- Up-to-date: /home/stepan/ws_ros2/install/px4_msgs/include/px4_msgs/px4_msgs/msg/detail/airspeed_wind__traits.hpp\n'}
[6.668518] (px4_msgs) StdoutLine: {'line': b'-- Up-to-date: /home/stepan/ws_ros2/install/px4_msgs/include/px4_msgs/px4_msgs/msg/detail/debug_vect__type_support.hpp\n'}
[6.668682] (px4_msgs) StdoutLine: {'line': b'-- Up-to-date: /home/stepan/ws_ros2/install/px4_msgs/include/px4_msgs/px4_msgs/msg/detail/estimator_status__traits.hpp\n'}
[6.668966] (px4_msgs) StdoutLine: {'line': b'-- Up-to-date: /home/stepan/ws_ros2/install/px4_msgs/include/px4_msgs/px4_msgs/msg/detail/gimbal_device_information__struct.hpp\n'}
[6.669152] (px4_msgs) StdoutLine: {'line': b'-- Up-to-date: /home/stepan/ws_ros2/install/px4_msgs/include/px4_msgs/px4_msgs/msg/detail/cellular_status__struct.hpp\n'}
[6.669379] (px4_msgs) StdoutLine: {'line': b'-- Up-to-date: /home/stepan/ws_ros2/install/px4_msgs/include/px4_msgs/px4_msgs/msg/detail/collision_constraints__builder.hpp\n'}
[6.669577] (px4_msgs) StdoutLine: {'line': b'-- Up-to-date: /home/stepan/ws_ros2/install/px4_msgs/include/px4_msgs/px4_msgs/msg/detail/log_message__traits.hpp\n'}
[6.671160] (px4_msgs) StdoutLine: {'line': b'-- Up-to-date: /home/stepan/ws_ros2/install/px4_msgs/include/px4_msgs/px4_msgs/msg/detail/camera_capture__type_support.hpp\n'}
[6.671927] (px4_msgs) StdoutLine: {'line': b'-- Up-to-date: /home/stepan/ws_ros2/install/px4_msgs/include/px4_msgs/px4_msgs/msg/detail/takeoff_status__type_support.hpp\n'}
[6.672885] (px4_msgs) StdoutLine: {'line': b'-- Up-to-date: /home/stepan/ws_ros2/install/px4_msgs/include/px4_msgs/px4_msgs/msg/detail/camera_capture__traits.hpp\n'}
[6.673805] (px4_msgs) StdoutLine: {'line': b'-- Up-to-date: /home/stepan/ws_ros2/install/px4_msgs/include/px4_msgs/px4_msgs/msg/detail/rc_parameter_map__traits.hpp\n'}
[6.674370] (px4_msgs) StdoutLine: {'line': b'-- Up-to-date: /home/stepan/ws_ros2/install/px4_msgs/include/px4_msgs/px4_msgs/msg/detail/ping__builder.hpp\n'}
[6.675457] (px4_msgs) StdoutLine: {'line': b'-- Up-to-date: /home/stepan/ws_ros2/install/px4_msgs/include/px4_msgs/px4_msgs/msg/detail/orbit_status__builder.hpp\n'}
[6.676092] (px4_msgs) StdoutLine: {'line': b'-- Up-to-date: /home/stepan/ws_ros2/install/px4_msgs/include/px4_msgs/px4_msgs/msg/detail/npfg_status__builder.hpp\n'}
[6.676936] (px4_msgs) StdoutLine: {'line': b'-- Up-to-date: /home/stepan/ws_ros2/install/px4_msgs/include/px4_msgs/px4_msgs/msg/detail/sensor_gps__builder.hpp\n'}
[6.677255] (px4_msgs) StdoutLine: {'line': b'-- Up-to-date: /home/stepan/ws_ros2/install/px4_msgs/include/px4_msgs/px4_msgs/msg/detail/vehicle_constraints__struct.hpp\n'}
[6.677490] (px4_msgs) StdoutLine: {'line': b'-- Up-to-date: /home/stepan/ws_ros2/install/px4_msgs/include/px4_msgs/px4_msgs/msg/detail/open_drone_id_system__struct.hpp\n'}
[6.677680] (px4_msgs) StdoutLine: {'line': b'-- Up-to-date: /home/stepan/ws_ros2/install/px4_msgs/include/px4_msgs/px4_msgs/msg/detail/navigator_status__struct.hpp\n'}
[6.678040] (px4_msgs) StdoutLine: {'line': b'-- Up-to-date: /home/stepan/ws_ros2/install/px4_msgs/include/px4_msgs/px4_msgs/msg/detail/debug_value__struct.hpp\n'}
[6.678823] (px4_msgs) StdoutLine: {'line': b'-- Up-to-date: /home/stepan/ws_ros2/install/px4_msgs/include/px4_msgs/px4_msgs/msg/detail/sensor_preflight_mag__type_support.hpp\n'}
[6.679686] (px4_msgs) StdoutLine: {'line': b'-- Up-to-date: /home/stepan/ws_ros2/install/px4_msgs/include/px4_msgs/px4_msgs/msg/detail/irlock_report__builder.hpp\n'}
[6.680195] (px4_msgs) StdoutLine: {'line': b'-- Up-to-date: /home/stepan/ws_ros2/install/px4_msgs/include/px4_msgs/px4_msgs/msg/detail/gpio_request__builder.hpp\n'}
[6.680404] (px4_msgs) StdoutLine: {'line': b'-- Up-to-date: /home/stepan/ws_ros2/install/px4_msgs/include/px4_msgs/px4_msgs/msg/detail/sensor_gyro_fft__builder.hpp\n'}
[6.680560] (px4_msgs) StdoutLine: {'line': b'-- Up-to-date: /home/stepan/ws_ros2/install/px4_msgs/include/px4_msgs/px4_msgs/msg/detail/rover_steering_setpoint__struct.hpp\n'}
[6.680666] (px4_msgs) StdoutLine: {'line': b'-- Up-to-date: /home/stepan/ws_ros2/install/px4_msgs/include/px4_msgs/px4_msgs/msg/detail/radio_status__struct.hpp\n'}
[6.680804] (px4_msgs) StdoutLine: {'line': b'-- Up-to-date: /home/stepan/ws_ros2/install/px4_msgs/include/px4_msgs/px4_msgs/msg/detail/estimator_aid_source2d__traits.hpp\n'}
[6.680963] (px4_msgs) StdoutLine: {'line': b'-- Up-to-date: /home/stepan/ws_ros2/install/px4_msgs/include/px4_msgs/px4_msgs/msg/detail/sensor_gyro_fifo__struct.hpp\n'}
[6.681121] (px4_msgs) StdoutLine: {'line': b'-- Up-to-date: /home/stepan/ws_ros2/install/px4_msgs/include/px4_msgs/px4_msgs/msg/detail/gimbal_device_attitude_status__traits.hpp\n'}
[6.681296] (px4_msgs) StdoutLine: {'line': b'-- Up-to-date: /home/stepan/ws_ros2/install/px4_msgs/include/px4_msgs/px4_msgs/msg/detail/open_drone_id_arm_status__type_support.hpp\n'}
[6.681476] (px4_msgs) StdoutLine: {'line': b'-- Up-to-date: /home/stepan/ws_ros2/install/px4_msgs/include/px4_msgs/px4_msgs/msg/detail/gimbal_manager_information__type_support.hpp\n'}
[6.681658] (px4_msgs) StdoutLine: {'line': b'-- Up-to-date: /home/stepan/ws_ros2/install/px4_msgs/include/px4_msgs/px4_msgs/msg/detail/camera_status__type_support.hpp\n'}
[6.681870] (px4_msgs) StdoutLine: {'line': b'-- Up-to-date: /home/stepan/ws_ros2/install/px4_msgs/include/px4_msgs/px4_msgs/msg/detail/gpio_in__builder.hpp\n'}
[6.682074] (px4_msgs) StdoutLine: {'line': b'-- Up-to-date: /home/stepan/ws_ros2/install/px4_msgs/include/px4_msgs/px4_msgs/msg/detail/transponder_report__struct.hpp\n'}
[6.682251] (px4_msgs) StdoutLine: {'line': b'-- Up-to-date: /home/stepan/ws_ros2/install/px4_msgs/include/px4_msgs/px4_msgs/msg/detail/gps_inject_data__builder.hpp\n'}
[6.682381] (px4_msgs) StdoutLine: {'line': b'-- Up-to-date: /home/stepan/ws_ros2/install/px4_msgs/include/px4_msgs/px4_msgs/msg/detail/sensor_accel__builder.hpp\n'}
[6.682513] (px4_msgs) StdoutLine: {'line': b'-- Up-to-date: /home/stepan/ws_ros2/install/px4_msgs/include/px4_msgs/px4_msgs/msg/detail/airspeed__traits.hpp\n'}
[6.682863] (px4_msgs) StdoutLine: {'line': b'-- Up-to-date: /home/stepan/ws_ros2/install/px4_msgs/include/px4_msgs/px4_msgs/msg/detail/input_rc__struct.hpp\n'}
[6.683016] (px4_msgs) StdoutLine: {'line': b'-- Up-to-date: /home/stepan/ws_ros2/install/px4_msgs/include/px4_msgs/px4_msgs/msg/detail/orb_test_medium__type_support.hpp\n'}
[6.683278] (px4_msgs) StdoutLine: {'line': b'-- Up-to-date: /home/stepan/ws_ros2/install/px4_msgs/include/px4_msgs/px4_msgs/msg/detail/sensor_optical_flow__traits.hpp\n'}
[6.683472] (px4_msgs) StdoutLine: {'line': b'-- Up-to-date: /home/stepan/ws_ros2/install/px4_msgs/include/px4_msgs/px4_msgs/msg/detail/takeoff_status__traits.hpp\n'}
[6.683596] (px4_msgs) StdoutLine: {'line': b'-- Up-to-date: /home/stepan/ws_ros2/install/px4_msgs/include/px4_msgs/px4_msgs/msg/detail/open_drone_id_operator_id__builder.hpp\n'}
[6.683743] (px4_msgs) StdoutLine: {'line': b'-- Up-to-date: /home/stepan/ws_ros2/install/px4_msgs/include/px4_msgs/px4_msgs/msg/detail/vehicle_angular_acceleration_setpoint__traits.hpp\n'}
[6.683974] (px4_msgs) StdoutLine: {'line': b'-- Up-to-date: /home/stepan/ws_ros2/install/px4_msgs/include/px4_msgs/px4_msgs/msg/detail/distance_sensor_mode_change_request__builder.hpp\n'}
[6.684145] (px4_msgs) StdoutLine: {'line': b'-- Up-to-date: /home/stepan/ws_ros2/install/px4_msgs/include/px4_msgs/px4_msgs/msg/detail/vehicle_constraints__type_support.hpp\n'}
[6.684260] (px4_msgs) StdoutLine: {'line': b'-- Up-to-date: /home/stepan/ws_ros2/install/px4_msgs/include/px4_msgs/px4_msgs/msg/detail/camera_trigger__struct.hpp\n'}
[6.684394] (px4_msgs) StdoutLine: {'line': b'-- Up-to-date: /home/stepan/ws_ros2/install/px4_msgs/include/px4_msgs/px4_msgs/msg/detail/npfg_status__traits.hpp\n'}
[6.684566] (px4_msgs) StdoutLine: {'line': b'-- Up-to-date: /home/stepan/ws_ros2/install/px4_msgs/include/px4_msgs/px4_msgs/msg/detail/home_position__type_support.hpp\n'}
[6.684734] (px4_msgs) StdoutLine: {'line': b'-- Up-to-date: /home/stepan/ws_ros2/install/px4_msgs/include/px4_msgs/px4_msgs/msg/detail/vehicle_control_mode__builder.hpp\n'}
[6.684903] (px4_msgs) StdoutLine: {'line': b'-- Up-to-date: /home/stepan/ws_ros2/install/px4_msgs/include/px4_msgs/px4_msgs/msg/detail/launch_detection_status__traits.hpp\n'}
[6.685227] (px4_msgs) StdoutLine: {'line': b'-- Up-to-date: /home/stepan/ws_ros2/install/px4_msgs/include/px4_msgs/px4_msgs/msg/detail/onboard_computer_status__builder.hpp\n'}
[6.685437] (px4_msgs) StdoutLine: {'line': b'-- Up-to-date: /home/stepan/ws_ros2/install/px4_msgs/include/px4_msgs/px4_msgs/msg/detail/estimator_bias__type_support.hpp\n'}
[6.685610] (px4_msgs) StdoutLine: {'line': b'-- Up-to-date: /home/stepan/ws_ros2/install/px4_msgs/include/px4_msgs/px4_msgs/msg/detail/vehicle_optical_flow_vel__struct.hpp\n'}
[6.685903] (px4_msgs) StdoutLine: {'line': b'-- Up-to-date: /home/stepan/ws_ros2/install/px4_msgs/include/px4_msgs/px4_msgs/msg/detail/sensor_uwb__traits.hpp\n'}
[6.686154] (px4_msgs) StdoutLine: {'line': b'-- Up-to-date: /home/stepan/ws_ros2/install/px4_msgs/include/px4_msgs/px4_msgs/msg/detail/gimbal_manager_set_attitude__type_support.hpp\n'}
[6.686348] (px4_msgs) StdoutLine: {'line': b'-- Up-to-date: /home/stepan/ws_ros2/install/px4_msgs/include/px4_msgs/px4_msgs/msg/detail/open_drone_id_arm_status__traits.hpp\n'}
[6.687297] (px4_msgs) StdoutLine: {'line': b'-- Up-to-date: /home/stepan/ws_ros2/install/px4_msgs/include/px4_msgs/px4_msgs/msg/detail/sensor_baro__type_support.hpp\n'}
[6.688473] (px4_msgs) StdoutLine: {'line': b'-- Up-to-date: /home/stepan/ws_ros2/install/px4_msgs/include/px4_msgs/px4_msgs/msg/detail/timesync_status__traits.hpp\n'}
[6.689248] (px4_msgs) StdoutLine: {'line': b'-- Up-to-date: /home/stepan/ws_ros2/install/px4_msgs/include/px4_msgs/px4_msgs/msg/detail/estimator_gps_status__type_support.hpp\n'}
[6.690165] (px4_msgs) StdoutLine: {'line': b'-- Up-to-date: /home/stepan/ws_ros2/install/px4_msgs/include/px4_msgs/px4_msgs/msg/detail/figure_eight_status__type_support.hpp\n'}
[6.690595] (px4_msgs) StdoutLine: {'line': b'-- Up-to-date: /home/stepan/ws_ros2/install/px4_msgs/include/px4_msgs/px4_msgs/msg/detail/battery_status__type_support.hpp\n'}
[6.691424] (px4_msgs) StdoutLine: {'line': b'-- Up-to-date: /home/stepan/ws_ros2/install/px4_msgs/include/px4_msgs/px4_msgs/msg/detail/gimbal_device_set_attitude__traits.hpp\n'}
[6.692578] (px4_msgs) StdoutLine: {'line': b'-- Up-to-date: /home/stepan/ws_ros2/install/px4_msgs/include/px4_msgs/px4_msgs/msg/detail/onboard_computer_status__type_support.hpp\n'}
[6.693656] (px4_msgs) StdoutLine: {'line': b'-- Up-to-date: /home/stepan/ws_ros2/install/px4_msgs/include/px4_msgs/px4_msgs/msg/detail/actuator_outputs__type_support.hpp\n'}
[6.694147] (px4_msgs) StdoutLine: {'line': b'-- Up-to-date: /home/stepan/ws_ros2/install/px4_msgs/include/px4_msgs/px4_msgs/msg/detail/vehicle_imu_status__struct.hpp\n'}
[6.694822] (px4_msgs) StdoutLine: {'line': b'-- Up-to-date: /home/stepan/ws_ros2/install/px4_msgs/include/px4_msgs/px4_msgs/msg/detail/launch_detection_status__type_support.hpp\n'}
[6.695240] (px4_msgs) StdoutLine: {'line': b'-- Up-to-date: /home/stepan/ws_ros2/install/px4_msgs/include/px4_msgs/px4_msgs/msg/detail/landing_target_pose__builder.hpp\n'}
[6.695604] (px4_msgs) StdoutLine: {'line': b'-- Up-to-date: /home/stepan/ws_ros2/install/px4_msgs/include/px4_msgs/px4_msgs/msg/detail/qshell_retval__struct.hpp\n'}
[6.695972] (px4_msgs) StdoutLine: {'line': b'-- Up-to-date: /home/stepan/ws_ros2/install/px4_msgs/include/px4_msgs/px4_msgs/msg/detail/cellular_status__traits.hpp\n'}
[6.696251] (px4_msgs) StdoutLine: {'line': b'-- Up-to-date: /home/stepan/ws_ros2/install/px4_msgs/include/px4_msgs/px4_msgs/msg/detail/debug_key_value__traits.hpp\n'}
[6.696545] (px4_msgs) StdoutLine: {'line': b'-- Up-to-date: /home/stepan/ws_ros2/install/px4_msgs/include/px4_msgs/px4_msgs/msg/detail/open_drone_id_self_id__builder.hpp\n'}
[6.697784] (px4_msgs) StdoutLine: {'line': b'-- Up-to-date: /home/stepan/ws_ros2/install/px4_msgs/include/px4_msgs/px4_msgs/msg/detail/qshell_req__type_support.hpp\n'}
[6.698221] (px4_msgs) StdoutLine: {'line': b'-- Up-to-date: /home/stepan/ws_ros2/install/px4_msgs/include/px4_msgs/px4_msgs/msg/detail/geofence_status__type_support.hpp\n'}
[6.698364] (px4_msgs) StdoutLine: {'line': b'-- Up-to-date: /home/stepan/ws_ros2/install/px4_msgs/include/px4_msgs/px4_msgs/msg/detail/rover_steering_setpoint__traits.hpp\n'}
[6.698487] (px4_msgs) StdoutLine: {'line': b'-- Up-to-date: /home/stepan/ws_ros2/install/px4_msgs/include/px4_msgs/px4_msgs/msg/detail/rover_attitude_status__struct.hpp\n'}
[6.698644] (px4_msgs) StdoutLine: {'line': b'-- Up-to-date: /home/stepan/ws_ros2/install/px4_msgs/include/px4_msgs/px4_msgs/msg/detail/gimbal_device_attitude_status__struct.hpp\n'}
[6.699010] (px4_msgs) StdoutLine: {'line': b'-- Up-to-date: /home/stepan/ws_ros2/install/px4_msgs/include/px4_msgs/px4_msgs/msg/detail/qshell_retval__type_support.hpp\n'}
[6.699276] (px4_msgs) StdoutLine: {'line': b'-- Up-to-date: /home/stepan/ws_ros2/install/px4_msgs/include/px4_msgs/px4_msgs/msg/detail/pps_capture__builder.hpp\n'}
[6.699478] (px4_msgs) StdoutLine: {'line': b'-- Up-to-date: /home/stepan/ws_ros2/install/px4_msgs/include/px4_msgs/px4_msgs/msg/detail/camera_status__builder.hpp\n'}
[6.699637] (px4_msgs) StdoutLine: {'line': b'-- Up-to-date: /home/stepan/ws_ros2/install/px4_msgs/include/px4_msgs/px4_msgs/msg/detail/vehicle_attitude_setpoint__builder.hpp\n'}
[6.699818] (px4_msgs) StdoutLine: {'line': b'-- Up-to-date: /home/stepan/ws_ros2/install/px4_msgs/include/px4_msgs/px4_msgs/msg/detail/power_button_state__type_support.hpp\n'}
[6.700001] (px4_msgs) StdoutLine: {'line': b'-- Up-to-date: /home/stepan/ws_ros2/install/px4_msgs/include/px4_msgs/px4_msgs/msg/detail/failsafe_flags__struct.hpp\n'}
[6.700160] (px4_msgs) StdoutLine: {'line': b'-- Up-to-date: /home/stepan/ws_ros2/install/px4_msgs/include/px4_msgs/px4_msgs/msg/detail/dataman_request__traits.hpp\n'}
[6.700313] (px4_msgs) StdoutLine: {'line': b'-- Up-to-date: /home/stepan/ws_ros2/install/px4_msgs/include/px4_msgs/px4_msgs/msg/detail/uavcan_parameter_value__type_support.hpp\n'}
[6.700480] (px4_msgs) StdoutLine: {'line': b'-- Up-to-date: /home/stepan/ws_ros2/install/px4_msgs/include/px4_msgs/px4_msgs/msg/detail/debug_vect__builder.hpp\n'}
[6.700649] (px4_msgs) StdoutLine: {'line': b'-- Up-to-date: /home/stepan/ws_ros2/install/px4_msgs/include/px4_msgs/px4_msgs/msg/detail/vehicle_optical_flow__traits.hpp\n'}
[6.700820] (px4_msgs) StdoutLine: {'line': b'-- Up-to-date: /home/stepan/ws_ros2/install/px4_msgs/include/px4_msgs/px4_msgs/msg/detail/goto_setpoint__type_support.hpp\n'}
[6.700948] (px4_msgs) StdoutLine: {'line': b'-- Up-to-date: /home/stepan/ws_ros2/install/px4_msgs/include/px4_msgs/px4_msgs/msg/detail/rover_rate_setpoint__struct.hpp\n'}
[6.701086] (px4_msgs) StdoutLine: {'line': b'-- Up-to-date: /home/stepan/ws_ros2/install/px4_msgs/include/px4_msgs/px4_msgs/msg/detail/orbit_status__traits.hpp\n'}
[6.701264] (px4_msgs) StdoutLine: {'line': b'-- Up-to-date: /home/stepan/ws_ros2/install/px4_msgs/include/px4_msgs/px4_msgs/msg/detail/open_drone_id_self_id__struct.hpp\n'}
[6.701401] (px4_msgs) StdoutLine: {'line': b'-- Up-to-date: /home/stepan/ws_ros2/install/px4_msgs/include/px4_msgs/px4_msgs/msg/detail/sensor_gyro_fifo__type_support.hpp\n'}
[6.701528] (px4_msgs) StdoutLine: {'line': b'-- Up-to-date: /home/stepan/ws_ros2/install/px4_msgs/include/px4_msgs/px4_msgs/msg/detail/rover_position_setpoint__type_support.hpp\n'}
[6.701635] (px4_msgs) StdoutLine: {'line': b'-- Up-to-date: /home/stepan/ws_ros2/install/px4_msgs/include/px4_msgs/px4_msgs/msg/detail/gimbal_manager_set_manual_control__builder.hpp\n'}
[6.701923] (px4_msgs) StdoutLine: {'line': b'-- Up-to-date: /home/stepan/ws_ros2/install/px4_msgs/include/px4_msgs/px4_msgs/msg/detail/vehicle_thrust_setpoint__type_support.hpp\n'}
[6.702075] (px4_msgs) StdoutLine: {'line': b'-- Up-to-date: /home/stepan/ws_ros2/install/px4_msgs/include/px4_msgs/px4_msgs/msg/detail/actuator_armed__struct.hpp\n'}
[6.702230] (px4_msgs) StdoutLine: {'line': b'-- Up-to-date: /home/stepan/ws_ros2/install/px4_msgs/include/px4_msgs/px4_msgs/msg/detail/sensors_status__type_support.hpp\n'}
[6.702377] (px4_msgs) StdoutLine: {'line': b'-- Up-to-date: /home/stepan/ws_ros2/install/px4_msgs/include/px4_msgs/px4_msgs/msg/detail/power_button_state__struct.hpp\n'}
[6.702522] (px4_msgs) StdoutLine: {'line': b'-- Up-to-date: /home/stepan/ws_ros2/install/px4_msgs/include/px4_msgs/px4_msgs/msg/detail/figure_eight_status__traits.hpp\n'}
[6.702680] (px4_msgs) StdoutLine: {'line': b'-- Up-to-date: /home/stepan/ws_ros2/install/px4_msgs/include/px4_msgs/px4_msgs/msg/detail/orb_test__traits.hpp\n'}
[6.702880] (px4_msgs) StdoutLine: {'line': b'-- Up-to-date: /home/stepan/ws_ros2/install/px4_msgs/include/px4_msgs/px4_msgs/msg/detail/system_power__traits.hpp\n'}
[6.703037] (px4_msgs) StdoutLine: {'line': b'-- Up-to-date: /home/stepan/ws_ros2/install/px4_msgs/include/px4_msgs/px4_msgs/msg/detail/register_ext_component_reply__traits.hpp\n'}
[6.703211] (px4_msgs) StdoutLine: {'line': b'-- Up-to-date: /home/stepan/ws_ros2/install/px4_msgs/include/px4_msgs/px4_msgs/msg/detail/sensor_mag__traits.hpp\n'}
[6.703356] (px4_msgs) StdoutLine: {'line': b'-- Up-to-date: /home/stepan/ws_ros2/install/px4_msgs/include/px4_msgs/px4_msgs/msg/detail/sensor_hygrometer__builder.hpp\n'}
[6.703492] (px4_msgs) StdoutLine: {'line': b'-- Up-to-date: /home/stepan/ws_ros2/install/px4_msgs/include/px4_msgs/px4_msgs/msg/detail/sensor_gyro__builder.hpp\n'}
[6.703616] (px4_msgs) StdoutLine: {'line': b'-- Up-to-date: /home/stepan/ws_ros2/install/px4_msgs/include/px4_msgs/px4_msgs/msg/detail/position_controller_landing_status__struct.hpp\n'}
[6.703732] (px4_msgs) StdoutLine: {'line': b'-- Up-to-date: /home/stepan/ws_ros2/install/px4_msgs/include/px4_msgs/px4_msgs/msg/detail/rover_attitude_setpoint__type_support.hpp\n'}
[6.703979] (px4_msgs) StdoutLine: {'line': b'-- Up-to-date: /home/stepan/ws_ros2/install/px4_msgs/include/px4_msgs/px4_msgs/msg/detail/vehicle_command_ack__builder.hpp\n'}
[6.704123] (px4_msgs) StdoutLine: {'line': b'-- Up-to-date: /home/stepan/ws_ros2/install/px4_msgs/include/px4_msgs/px4_msgs/msg/detail/obstacle_distance__traits.hpp\n'}
[6.704772] (px4_msgs) StdoutLine: {'line': b'-- Up-to-date: /home/stepan/ws_ros2/install/px4_msgs/include/px4_msgs/px4_msgs/msg/detail/iridiumsbd_status__type_support.hpp\n'}
[6.705298] (px4_msgs) StdoutLine: {'line': b'-- Up-to-date: /home/stepan/ws_ros2/install/px4_msgs/include/px4_msgs/px4_msgs/msg/detail/flight_phase_estimation__builder.hpp\n'}
[6.706002] (px4_msgs) StdoutLine: {'line': b'-- Up-to-date: /home/stepan/ws_ros2/install/px4_msgs/include/px4_msgs/px4_msgs/msg/detail/estimator_status__type_support.hpp\n'}
[6.706539] (px4_msgs) StdoutLine: {'line': b'-- Up-to-date: /home/stepan/ws_ros2/install/px4_msgs/include/px4_msgs/px4_msgs/msg/detail/px4io_status__builder.hpp\n'}
[6.707223] (px4_msgs) StdoutLine: {'line': b'-- Up-to-date: /home/stepan/ws_ros2/install/px4_msgs/include/px4_msgs/px4_msgs/msg/detail/arming_check_reply__type_support.hpp\n'}
[6.709444] (px4_msgs) StdoutLine: {'line': b'-- Up-to-date: /home/stepan/ws_ros2/install/px4_msgs/include/px4_msgs/px4_msgs/msg/detail/open_drone_id_operator_id__traits.hpp\n'}
[6.710572] (px4_msgs) StdoutLine: {'line': b'-- Up-to-date: /home/stepan/ws_ros2/install/px4_msgs/include/px4_msgs/px4_msgs/msg/detail/actuator_outputs__builder.hpp\n'}
[6.711436] (px4_msgs) StdoutLine: {'line': b'-- Up-to-date: /home/stepan/ws_ros2/install/px4_msgs/include/px4_msgs/px4_msgs/msg/detail/vehicle_attitude__type_support.hpp\n'}
[6.712638] (px4_msgs) StdoutLine: {'line': b'-- Up-to-date: /home/stepan/ws_ros2/install/px4_msgs/include/px4_msgs/px4_msgs/msg/detail/orb_test__builder.hpp\n'}
[6.713058] (px4_msgs) StdoutLine: {'line': b'-- Up-to-date: /home/stepan/ws_ros2/install/px4_msgs/include/px4_msgs/px4_msgs/msg/detail/tune_control__struct.hpp\n'}
[6.713366] (px4_msgs) StdoutLine: {'line': b'-- Up-to-date: /home/stepan/ws_ros2/install/px4_msgs/include/px4_msgs/px4_msgs/msg/detail/esc_status__type_support.hpp\n'}
[6.713563] (px4_msgs) StdoutLine: {'line': b'-- Up-to-date: /home/stepan/ws_ros2/install/px4_msgs/include/px4_msgs/px4_msgs/msg/detail/arming_check_request__struct.hpp\n'}
[6.713799] (px4_msgs) StdoutLine: {'line': b'-- Up-to-date: /home/stepan/ws_ros2/install/px4_msgs/include/px4_msgs/px4_msgs/msg/detail/led_control__struct.hpp\n'}
[6.715176] (px4_msgs) StdoutLine: {'line': b'-- Up-to-date: /home/stepan/ws_ros2/install/px4_msgs/include/px4_msgs/px4_msgs/msg/detail/vehicle_status__builder.hpp\n'}
[6.715479] (px4_msgs) StdoutLine: {'line': b'-- Up-to-date: /home/stepan/ws_ros2/install/px4_msgs/include/px4_msgs/px4_msgs/msg/detail/manual_control_setpoint__struct.hpp\n'}
[6.715618] (px4_msgs) StdoutLine: {'line': b'-- Up-to-date: /home/stepan/ws_ros2/install/px4_msgs/include/px4_msgs/px4_msgs/msg/detail/estimator_sensor_bias__struct.hpp\n'}
[6.716781] (px4_msgs) StdoutLine: {'line': b'-- Up-to-date: /home/stepan/ws_ros2/install/px4_msgs/include/px4_msgs/px4_msgs/msg/detail/sensor_mag__struct.hpp\n'}
[6.717008] (px4_msgs) StdoutLine: {'line': b'-- Up-to-date: /home/stepan/ws_ros2/install/px4_msgs/include/px4_msgs/px4_msgs/msg/detail/vehicle_optical_flow__struct.hpp\n'}
[6.717197] (px4_msgs) StdoutLine: {'line': b'-- Up-to-date: /home/stepan/ws_ros2/install/px4_msgs/include/px4_msgs/px4_msgs/msg/detail/power_button_state__traits.hpp\n'}
[6.717358] (px4_msgs) StdoutLine: {'line': b'-- Up-to-date: /home/stepan/ws_ros2/install/px4_msgs/include/px4_msgs/px4_msgs/msg/detail/vehicle_command_ack__traits.hpp\n'}
[6.717515] (px4_msgs) StdoutLine: {'line': b'-- Up-to-date: /home/stepan/ws_ros2/install/px4_msgs/include/px4_msgs/px4_msgs/msg/detail/px4io_status__struct.hpp\n'}
[6.717692] (px4_msgs) StdoutLine: {'line': b'-- Up-to-date: /home/stepan/ws_ros2/install/px4_msgs/include/px4_msgs/px4_msgs/msg/detail/vehicle_command__struct.hpp\n'}
[6.718067] (px4_msgs) StdoutLine: {'line': b'-- Up-to-date: /home/stepan/ws_ros2/install/px4_msgs/include/px4_msgs/px4_msgs/msg/detail/gimbal_device_set_attitude__type_support.hpp\n'}
[6.718290] (px4_msgs) StdoutLine: {'line': b'-- Up-to-date: /home/stepan/ws_ros2/install/px4_msgs/include/px4_msgs/px4_msgs/msg/detail/sensor_baro__builder.hpp\n'}
[6.718440] (px4_msgs) StdoutLine: {'line': b'-- Up-to-date: /home/stepan/ws_ros2/install/px4_msgs/include/px4_msgs/px4_msgs/msg/detail/navigator_status__builder.hpp\n'}
[6.718557] (px4_msgs) StdoutLine: {'line': b'-- Up-to-date: /home/stepan/ws_ros2/install/px4_msgs/include/px4_msgs/px4_msgs/msg/detail/tiltrotor_extra_controls__builder.hpp\n'}
[6.718657] (px4_msgs) StdoutLine: {'line': b'-- Up-to-date: /home/stepan/ws_ros2/install/px4_msgs/include/px4_msgs/px4_msgs/msg/detail/ulog_stream_ack__type_support.hpp\n'}
[6.718930] (px4_msgs) StdoutLine: {'line': b'-- Up-to-date: /home/stepan/ws_ros2/install/px4_msgs/include/px4_msgs/px4_msgs/msg/detail/ackermann_velocity_setpoint__builder.hpp\n'}
[6.719081] (px4_msgs) StdoutLine: {'line': b'-- Up-to-date: /home/stepan/ws_ros2/install/px4_msgs/include/px4_msgs/px4_msgs/msg/detail/gimbal_device_information__builder.hpp\n'}
[6.719481] (px4_msgs) StdoutLine: {'line': b'-- Up-to-date: /home/stepan/ws_ros2/install/px4_msgs/include/px4_msgs/px4_msgs/msg/detail/estimator_selector_status__traits.hpp\n'}
[6.720412] (px4_msgs) StdoutLine: {'line': b'-- Up-to-date: /home/stepan/ws_ros2/install/px4_msgs/include/px4_msgs/px4_msgs/msg/detail/led_control__builder.hpp\n'}
[6.720591] (px4_msgs) StdoutLine: {'line': b'-- Up-to-date: /home/stepan/ws_ros2/install/px4_msgs/include/px4_msgs/px4_msgs/msg/detail/collision_constraints__traits.hpp\n'}
[6.720771] (px4_msgs) StdoutLine: {'line': b'-- Up-to-date: /home/stepan/ws_ros2/install/px4_msgs/include/px4_msgs/px4_msgs/msg/detail/orb_test_medium__traits.hpp\n'}
[6.720942] (px4_msgs) StdoutLine: {'line': b'-- Up-to-date: /home/stepan/ws_ros2/install/px4_msgs/include/px4_msgs/px4_msgs/msg/detail/system_power__struct.hpp\n'}
[6.721752] (px4_msgs) StdoutLine: {'line': b'-- Up-to-date: /home/stepan/ws_ros2/install/px4_msgs/include/px4_msgs/px4_msgs/msg/detail/gpio_request__traits.hpp\n'}
[6.722505] (px4_msgs) StdoutLine: {'line': b'-- Up-to-date: /home/stepan/ws_ros2/install/px4_msgs/include/px4_msgs/px4_msgs/msg/detail/rover_throttle_setpoint__type_support.hpp\n'}
[6.723581] (px4_msgs) StdoutLine: {'line': b'-- Up-to-date: /home/stepan/ws_ros2/install/px4_msgs/include/px4_msgs/px4_msgs/msg/detail/follow_target__builder.hpp\n'}
[6.724194] (px4_msgs) StdoutLine: {'line': b'-- Up-to-date: /home/stepan/ws_ros2/install/px4_msgs/include/px4_msgs/px4_msgs/msg/detail/failsafe_flags__traits.hpp\n'}
[6.725699] (px4_msgs) StdoutLine: {'line': b'-- Up-to-date: /home/stepan/ws_ros2/install/px4_msgs/include/px4_msgs/px4_msgs/msg/detail/mode_completed__struct.hpp\n'}
[6.726706] (px4_msgs) StdoutLine: {'line': b'-- Up-to-date: /home/stepan/ws_ros2/install/px4_msgs/include/px4_msgs/px4_msgs/msg/detail/vehicle_thrust_setpoint__builder.hpp\n'}
[6.727683] (px4_msgs) StdoutLine: {'line': b'-- Up-to-date: /home/stepan/ws_ros2/install/px4_msgs/include/px4_msgs/px4_msgs/msg/detail/hover_thrust_estimate__traits.hpp\n'}
[6.728425] (px4_msgs) StdoutLine: {'line': b'-- Up-to-date: /home/stepan/ws_ros2/install/px4_msgs/include/px4_msgs/px4_msgs/msg/detail/vehicle_odometry__struct.hpp\n'}
[6.729709] (px4_msgs) StdoutLine: {'line': b'-- Up-to-date: /home/stepan/ws_ros2/install/px4_msgs/include/px4_msgs/px4_msgs/msg/detail/navigator_mission_item__traits.hpp\n'}
[6.730103] (px4_msgs) StdoutLine: {'line': b'-- Up-to-date: /home/stepan/ws_ros2/install/px4_msgs/include/px4_msgs/px4_msgs/msg/detail/config_overrides__builder.hpp\n'}
[6.730337] (px4_msgs) StdoutLine: {'line': b'-- Up-to-date: /home/stepan/ws_ros2/install/px4_msgs/include/px4_msgs/px4_msgs/msg/detail/obstacle_distance__builder.hpp\n'}
[6.730546] (px4_msgs) StdoutLine: {'line': b'-- Up-to-date: /home/stepan/ws_ros2/install/px4_msgs/include/px4_msgs/px4_msgs/msg/detail/dataman_response__struct.hpp\n'}
[6.731591] (px4_msgs) StdoutLine: {'line': b'-- Up-to-date: /home/stepan/ws_ros2/install/px4_msgs/include/px4_msgs/px4_msgs/msg/detail/goto_setpoint__struct.hpp\n'}
[6.732025] (px4_msgs) StdoutLine: {'line': b'-- Up-to-date: /home/stepan/ws_ros2/install/px4_msgs/include/px4_msgs/px4_msgs/msg/detail/onboard_computer_status__struct.hpp\n'}
[6.732796] (px4_msgs) StdoutLine: {'line': b'-- Up-to-date: /home/stepan/ws_ros2/install/px4_msgs/include/px4_msgs/px4_msgs/msg/detail/vehicle_torque_setpoint__struct.hpp\n'}
[6.733754] (px4_msgs) StdoutLine: {'line': b'-- Up-to-date: /home/stepan/ws_ros2/install/px4_msgs/include/px4_msgs/px4_msgs/msg/detail/rc_parameter_map__type_support.hpp\n'}
[6.734118] (px4_msgs) StdoutLine: {'line': b'-- Up-to-date: /home/stepan/ws_ros2/install/px4_msgs/include/px4_msgs/px4_msgs/msg/detail/estimator_sensor_bias__builder.hpp\n'}
[6.734293] (px4_msgs) StdoutLine: {'line': b'-- Up-to-date: /home/stepan/ws_ros2/install/px4_msgs/include/px4_msgs/px4_msgs/msg/detail/sensor_airflow__builder.hpp\n'}
[6.734459] (px4_msgs) StdoutLine: {'line': b'-- Up-to-date: /home/stepan/ws_ros2/install/px4_msgs/include/px4_msgs/px4_msgs/msg/detail/airspeed_validated__type_support.hpp\n'}
[6.734626] (px4_msgs) StdoutLine: {'line': b'-- Up-to-date: /home/stepan/ws_ros2/install/px4_msgs/include/px4_msgs/px4_msgs/msg/detail/mavlink_tunnel__traits.hpp\n'}
[6.734829] (px4_msgs) StdoutLine: {'line': b'-- Up-to-date: /home/stepan/ws_ros2/install/px4_msgs/include/px4_msgs/px4_msgs/msg/detail/arming_check_request__builder.hpp\n'}
[6.735005] (px4_msgs) StdoutLine: {'line': b'-- Up-to-date: /home/stepan/ws_ros2/install/px4_msgs/include/px4_msgs/px4_msgs/msg/detail/actuator_armed__builder.hpp\n'}
[6.735191] (px4_msgs) StdoutLine: {'line': b'-- Up-to-date: /home/stepan/ws_ros2/install/px4_msgs/include/px4_msgs/px4_msgs/msg/detail/sensor_combined__builder.hpp\n'}
[6.735363] (px4_msgs) StdoutLine: {'line': b'-- Up-to-date: /home/stepan/ws_ros2/install/px4_msgs/include/px4_msgs/px4_msgs/msg/detail/rtl_status__builder.hpp\n'}
[6.735531] (px4_msgs) StdoutLine: {'line': b'-- Up-to-date: /home/stepan/ws_ros2/install/px4_msgs/include/px4_msgs/px4_msgs/msg/detail/unregister_ext_component__traits.hpp\n'}
[6.735706] (px4_msgs) StdoutLine: {'line': b'-- Up-to-date: /home/stepan/ws_ros2/install/px4_msgs/include/px4_msgs/px4_msgs/msg/detail/estimator_aid_source1d__type_support.hpp\n'}
[6.735953] (px4_msgs) StdoutLine: {'line': b'-- Up-to-date: /home/stepan/ws_ros2/install/px4_msgs/include/px4_msgs/px4_msgs/msg/detail/sensor_gyro__struct.hpp\n'}
[6.736127] (px4_msgs) StdoutLine: {'line': b'-- Up-to-date: /home/stepan/ws_ros2/install/px4_msgs/include/px4_msgs/px4_msgs/msg/detail/gpio_request__type_support.hpp\n'}
[6.736276] (px4_msgs) StdoutLine: {'line': b'-- Up-to-date: /home/stepan/ws_ros2/install/px4_msgs/include/px4_msgs/px4_msgs/msg/detail/distance_sensor_mode_change_request__struct.hpp\n'}
[6.736424] (px4_msgs) StdoutLine: {'line': b'-- Up-to-date: /home/stepan/ws_ros2/install/px4_msgs/include/px4_msgs/px4_msgs/msg/detail/dataman_response__builder.hpp\n'}
[6.736627] (px4_msgs) StdoutLine: {'line': b'-- Up-to-date: /home/stepan/ws_ros2/install/px4_msgs/include/px4_msgs/px4_msgs/msg/detail/vehicle_odometry__traits.hpp\n'}
[6.736945] (px4_msgs) StdoutLine: {'line': b'-- Up-to-date: /home/stepan/ws_ros2/install/px4_msgs/include/px4_msgs/px4_msgs/msg/detail/sensor_accel__traits.hpp\n'}
[6.737116] (px4_msgs) StdoutLine: {'line': b'-- Up-to-date: /home/stepan/ws_ros2/install/px4_msgs/include/px4_msgs/px4_msgs/msg/detail/vehicle_acceleration__type_support.hpp\n'}
[6.737315] (px4_msgs) StdoutLine: {'line': b'-- Up-to-date: /home/stepan/ws_ros2/install/px4_msgs/include/px4_msgs/px4_msgs/msg/detail/vehicle_imu__struct.hpp\n'}
[6.737510] (px4_msgs) StdoutLine: {'line': b'-- Up-to-date: /home/stepan/ws_ros2/install/px4_msgs/include/px4_msgs/px4_msgs/msg/detail/estimator_innovations__struct.hpp\n'}
[6.737688] (px4_msgs) StdoutLine: {'line': b'-- Up-to-date: /home/stepan/ws_ros2/install/px4_msgs/include/px4_msgs/px4_msgs/msg/detail/manual_control_setpoint__builder.hpp\n'}
[6.737978] (px4_msgs) StdoutLine: {'line': b'-- Up-to-date: /home/stepan/ws_ros2/install/px4_msgs/include/px4_msgs/px4_msgs/msg/detail/goto_setpoint__traits.hpp\n'}
[6.738145] (px4_msgs) StdoutLine: {'line': b'-- Up-to-date: /home/stepan/ws_ros2/install/px4_msgs/include/px4_msgs/px4_msgs/msg/detail/flight_phase_estimation__type_support.hpp\n'}
[6.738334] (px4_msgs) StdoutLine: {'line': b'-- Up-to-date: /home/stepan/ws_ros2/install/px4_msgs/include/px4_msgs/px4_msgs/msg/detail/vehicle_control_mode__type_support.hpp\n'}
[6.738615] (px4_msgs) StdoutLine: {'line': b'-- Up-to-date: /home/stepan/ws_ros2/install/px4_msgs/include/px4_msgs/px4_msgs/msg/detail/cpuload__struct.hpp\n'}
[6.739646] (px4_msgs) StdoutLine: {'line': b'-- Up-to-date: /home/stepan/ws_ros2/install/px4_msgs/include/px4_msgs/px4_msgs/msg/detail/internal_combustion_engine_status__type_support.hpp\n'}
[6.740387] (px4_msgs) StdoutLine: {'line': b'-- Up-to-date: /home/stepan/ws_ros2/install/px4_msgs/include/px4_msgs/px4_msgs/msg/detail/rc_channels__traits.hpp\n'}
[6.741316] (px4_msgs) StdoutLine: {'line': b'-- Up-to-date: /home/stepan/ws_ros2/install/px4_msgs/include/px4_msgs/px4_msgs/msg/detail/rover_rate_status__type_support.hpp\n'}
[6.742374] (px4_msgs) StdoutLine: {'line': b'-- Up-to-date: /home/stepan/ws_ros2/install/px4_msgs/include/px4_msgs/px4_msgs/msg/detail/actuator_armed__type_support.hpp\n'}
[6.743668] (px4_msgs) StdoutLine: {'line': b'-- Up-to-date: /home/stepan/ws_ros2/install/px4_msgs/include/px4_msgs/px4_msgs/msg/detail/launch_detection_status__builder.hpp\n'}
[6.744631] (px4_msgs) StdoutLine: {'line': b'-- Up-to-date: /home/stepan/ws_ros2/install/px4_msgs/include/px4_msgs/px4_msgs/msg/detail/pps_capture__traits.hpp\n'}
[6.745112] (px4_msgs) StdoutLine: {'line': b'-- Up-to-date: /home/stepan/ws_ros2/install/px4_msgs/include/px4_msgs/px4_msgs/msg/detail/rc_channels__builder.hpp\n'}
[6.745567] (px4_msgs) StdoutLine: {'line': b'-- Up-to-date: /home/stepan/ws_ros2/install/px4_msgs/include/px4_msgs/px4_msgs/msg/detail/event__type_support.hpp\n'}
[6.746368] (px4_msgs) StdoutLine: {'line': b'-- Up-to-date: /home/stepan/ws_ros2/install/px4_msgs/include/px4_msgs/px4_msgs/msg/detail/sensor_optical_flow__struct.hpp\n'}
[6.746903] (px4_msgs) StdoutLine: {'line': b'-- Up-to-date: /home/stepan/ws_ros2/install/px4_msgs/include/px4_msgs/px4_msgs/msg/detail/landing_target_innovations__builder.hpp\n'}
[6.747333] (px4_msgs) StdoutLine: {'line': b'-- Up-to-date: /home/stepan/ws_ros2/install/px4_msgs/include/px4_msgs/px4_msgs/msg/detail/px4io_status__traits.hpp\n'}
[6.747694] (px4_msgs) StdoutLine: {'line': b'-- Up-to-date: /home/stepan/ws_ros2/install/px4_msgs/include/px4_msgs/px4_msgs/msg/detail/landing_gear__struct.hpp\n'}
[6.748297] (px4_msgs) StdoutLine: {'line': b'-- Up-to-date: /home/stepan/ws_ros2/install/px4_msgs/include/px4_msgs/px4_msgs/msg/detail/debug_key_value__type_support.hpp\n'}
[6.748702] (px4_msgs) StdoutLine: {'line': b'-- Up-to-date: /home/stepan/ws_ros2/install/px4_msgs/include/px4_msgs/px4_msgs/msg/detail/velocity_limits__traits.hpp\n'}
[6.749871] (px4_msgs) StdoutLine: {'line': b'-- Up-to-date: /home/stepan/ws_ros2/install/px4_msgs/include/px4_msgs/px4_msgs/msg/detail/pwm_input__struct.hpp\n'}
[6.750129] (px4_msgs) StdoutLine: {'line': b'-- Up-to-date: /home/stepan/ws_ros2/install/px4_msgs/include/px4_msgs/px4_msgs/msg/detail/rover_steering_setpoint__type_support.hpp\n'}
[6.750321] (px4_msgs) StdoutLine: {'line': b'-- Up-to-date: /home/stepan/ws_ros2/install/px4_msgs/include/px4_msgs/px4_msgs/msg/detail/velocity_limits__struct.hpp\n'}
[6.750527] (px4_msgs) StdoutLine: {'line': b'-- Up-to-date: /home/stepan/ws_ros2/install/px4_msgs/include/px4_msgs/px4_msgs/msg/detail/parameter_reset_request__traits.hpp\n'}
[6.750752] (px4_msgs) StdoutLine: {'line': b'-- Up-to-date: /home/stepan/ws_ros2/install/px4_msgs/include/px4_msgs/px4_msgs/msg/detail/figure_eight_status__struct.hpp\n'}
[6.750948] (px4_msgs) StdoutLine: {'line': b'-- Up-to-date: /home/stepan/ws_ros2/install/px4_msgs/include/px4_msgs/px4_msgs/msg/detail/vtol_vehicle_status__struct.hpp\n'}
[6.751132] (px4_msgs) StdoutLine: {'line': b'-- Up-to-date: /home/stepan/ws_ros2/install/px4_msgs/include/px4_msgs/px4_msgs/msg/detail/vehicle_land_detected__type_support.hpp\n'}
[6.751313] (px4_msgs) StdoutLine: {'line': b'-- Up-to-date: /home/stepan/ws_ros2/install/px4_msgs/include/px4_msgs/px4_msgs/msg/detail/vehicle_control_mode__struct.hpp\n'}
[6.751481] (px4_msgs) StdoutLine: {'line': b'-- Up-to-date: /home/stepan/ws_ros2/install/px4_msgs/include/px4_msgs/px4_msgs/msg/detail/manual_control_setpoint__traits.hpp\n'}
[6.751640] (px4_msgs) StdoutLine: {'line': b'-- Up-to-date: /home/stepan/ws_ros2/install/px4_msgs/include/px4_msgs/px4_msgs/msg/detail/generator_status__builder.hpp\n'}
[6.751851] (px4_msgs) StdoutLine: {'line': b'-- Up-to-date: /home/stepan/ws_ros2/install/px4_msgs/include/px4_msgs/px4_msgs/msg/detail/rover_steering_setpoint__builder.hpp\n'}
[6.752052] (px4_msgs) StdoutLine: {'line': b'-- Up-to-date: /home/stepan/ws_ros2/install/px4_msgs/include/px4_msgs/px4_msgs/msg/detail/rpm__builder.hpp\n'}
[6.752224] (px4_msgs) StdoutLine: {'line': b'-- Up-to-date: /home/stepan/ws_ros2/install/px4_msgs/include/px4_msgs/px4_msgs/msg/detail/sensor_baro__traits.hpp\n'}
[6.752385] (px4_msgs) StdoutLine: {'line': b'-- Up-to-date: /home/stepan/ws_ros2/install/px4_msgs/include/px4_msgs/px4_msgs/msg/detail/parameter_update__struct.hpp\n'}
[6.752647] (px4_msgs) StdoutLine: {'line': b'-- Up-to-date: /home/stepan/ws_ros2/install/px4_msgs/include/px4_msgs/px4_msgs/msg/detail/actuator_servos__traits.hpp\n'}
[6.752868] (px4_msgs) StdoutLine: {'line': b'-- Up-to-date: /home/stepan/ws_ros2/install/px4_msgs/include/px4_msgs/px4_msgs/msg/detail/rover_velocity_status__struct.hpp\n'}
[6.753037] (px4_msgs) StdoutLine: {'line': b'-- Up-to-date: /home/stepan/ws_ros2/install/px4_msgs/include/px4_msgs/px4_msgs/msg/detail/open_drone_id_arm_status__builder.hpp\n'}
[6.753216] (px4_msgs) StdoutLine: {'line': b'-- Up-to-date: /home/stepan/ws_ros2/install/px4_msgs/include/px4_msgs/px4_msgs/msg/detail/rover_rate_setpoint__builder.hpp\n'}
[6.753401] (px4_msgs) StdoutLine: {'line': b'-- Up-to-date: /home/stepan/ws_ros2/install/px4_msgs/include/px4_msgs/px4_msgs/msg/detail/airspeed_validated__builder.hpp\n'}
[6.753564] (px4_msgs) StdoutLine: {'line': b'-- Up-to-date: /home/stepan/ws_ros2/install/px4_msgs/include/px4_msgs/px4_msgs/msg/detail/action_request__traits.hpp\n'}
[6.753737] (px4_msgs) StdoutLine: {'line': b'-- Up-to-date: /home/stepan/ws_ros2/install/px4_msgs/include/px4_msgs/px4_msgs/msg/detail/vehicle_imu_status__type_support.hpp\n'}
[6.754011] (px4_msgs) StdoutLine: {'line': b'-- Up-to-date: /home/stepan/ws_ros2/install/px4_msgs/include/px4_msgs/px4_msgs/msg/detail/vehicle_air_data__struct.hpp\n'}
[6.754186] (px4_msgs) StdoutLine: {'line': b'-- Up-to-date: /home/stepan/ws_ros2/install/px4_msgs/include/px4_msgs/px4_msgs/msg/detail/wheel_encoders__builder.hpp\n'}
[6.754383] (px4_msgs) StdoutLine: {'line': b'-- Up-to-date: /home/stepan/ws_ros2/install/px4_msgs/include/px4_msgs/px4_msgs/msg/detail/radio_status__builder.hpp\n'}
[6.755432] (px4_msgs) StdoutLine: {'line': b'-- Up-to-date: /home/stepan/ws_ros2/install/px4_msgs/include/px4_msgs/px4_msgs/msg/detail/transponder_report__type_support.hpp\n'}
[6.756439] (px4_msgs) StdoutLine: {'line': b'-- Up-to-date: /home/stepan/ws_ros2/install/px4_msgs/include/px4_msgs/px4_msgs/msg/detail/sensor_airflow__traits.hpp\n'}
[6.756979] (px4_msgs) StdoutLine: {'line': b'-- Up-to-date: /home/stepan/ws_ros2/install/px4_msgs/include/px4_msgs/px4_msgs/msg/detail/parameter_set_value_response__builder.hpp\n'}
[6.757827] (px4_msgs) StdoutLine: {'line': b'-- Up-to-date: /home/stepan/ws_ros2/install/px4_msgs/include/px4_msgs/px4_msgs/msg/detail/vehicle_acceleration__struct.hpp\n'}
[6.758386] (-) TimerEvent: {}
[6.759398] (px4_msgs) StdoutLine: {'line': b'-- Up-to-date: /home/stepan/ws_ros2/install/px4_msgs/include/px4_msgs/px4_msgs/msg/detail/open_drone_id_operator_id__struct.hpp\n'}
[6.760482] (px4_msgs) StdoutLine: {'line': b'-- Up-to-date: /home/stepan/ws_ros2/install/px4_msgs/include/px4_msgs/px4_msgs/msg/detail/sensor_correction__type_support.hpp\n'}
[6.761403] (px4_msgs) StdoutLine: {'line': b'-- Up-to-date: /home/stepan/ws_ros2/install/px4_msgs/include/px4_msgs/px4_msgs/msg/detail/estimator_status_flags__builder.hpp\n'}
[6.762227] (px4_msgs) StdoutLine: {'line': b'-- Up-to-date: /home/stepan/ws_ros2/install/px4_msgs/include/px4_msgs/px4_msgs/msg/detail/autotune_attitude_control_status__struct.hpp\n'}
[6.762687] (px4_msgs) StdoutLine: {'line': b'-- Up-to-date: /home/stepan/ws_ros2/install/px4_msgs/include/px4_msgs/px4_msgs/msg/detail/estimator_aid_source2d__builder.hpp\n'}
[6.762995] (px4_msgs) StdoutLine: {'line': b'-- Up-to-date: /home/stepan/ws_ros2/install/px4_msgs/include/px4_msgs/px4_msgs/msg/detail/sensors_status__builder.hpp\n'}
[6.763428] (px4_msgs) StdoutLine: {'line': b'-- Up-to-date: /home/stepan/ws_ros2/install/px4_msgs/include/px4_msgs/px4_msgs/msg/detail/sensor_accel__type_support.hpp\n'}
[6.764196] (px4_msgs) StdoutLine: {'line': b'-- Up-to-date: /home/stepan/ws_ros2/install/px4_msgs/include/px4_msgs/px4_msgs/msg/detail/wheel_encoders__type_support.hpp\n'}
[6.764953] (px4_msgs) StdoutLine: {'line': b'-- Up-to-date: /home/stepan/ws_ros2/install/px4_msgs/include/px4_msgs/px4_msgs/msg/detail/config_overrides__type_support.hpp\n'}
[6.765677] (px4_msgs) StdoutLine: {'line': b'-- Up-to-date: /home/stepan/ws_ros2/install/px4_msgs/include/px4_msgs/px4_msgs/msg/detail/heater_status__traits.hpp\n'}
[6.766093] (px4_msgs) StdoutLine: {'line': b'-- Up-to-date: /home/stepan/ws_ros2/install/px4_msgs/include/px4_msgs/px4_msgs/msg/detail/ekf2_timestamps__builder.hpp\n'}
[6.766294] (px4_msgs) StdoutLine: {'line': b'-- Up-to-date: /home/stepan/ws_ros2/install/px4_msgs/include/px4_msgs/px4_msgs/msg/detail/sensor_baro__struct.hpp\n'}
[6.766412] (px4_msgs) StdoutLine: {'line': b'-- Up-to-date: /home/stepan/ws_ros2/install/px4_msgs/include/px4_msgs/px4_msgs/msg/detail/orbit_status__type_support.hpp\n'}
[6.766559] (px4_msgs) StdoutLine: {'line': b'-- Up-to-date: /home/stepan/ws_ros2/install/px4_msgs/include/px4_msgs/px4_msgs/msg/detail/camera_status__traits.hpp\n'}
[6.766678] (px4_msgs) StdoutLine: {'line': b'-- Up-to-date: /home/stepan/ws_ros2/install/px4_msgs/include/px4_msgs/px4_msgs/msg/detail/telemetry_status__builder.hpp\n'}
[6.766951] (px4_msgs) StdoutLine: {'line': b'-- Up-to-date: /home/stepan/ws_ros2/install/px4_msgs/include/px4_msgs/px4_msgs/msg/detail/position_setpoint_triplet__type_support.hpp\n'}
[6.767133] (px4_msgs) StdoutLine: {'line': b'-- Up-to-date: /home/stepan/ws_ros2/install/px4_msgs/include/px4_msgs/px4_msgs/msg/detail/qshell_retval__builder.hpp\n'}
[6.767296] (px4_msgs) StdoutLine: {'line': b'-- Up-to-date: /home/stepan/ws_ros2/install/px4_msgs/include/px4_msgs/px4_msgs/msg/detail/parameter_set_value_request__struct.hpp\n'}
[6.767473] (px4_msgs) StdoutLine: {'line': b'-- Up-to-date: /home/stepan/ws_ros2/install/px4_msgs/include/px4_msgs/px4_msgs/msg/detail/parameter_set_value_response__struct.hpp\n'}
[6.767651] (px4_msgs) StdoutLine: {'line': b'-- Up-to-date: /home/stepan/ws_ros2/install/px4_msgs/include/px4_msgs/px4_msgs/msg/detail/parameter_set_used_request__builder.hpp\n'}
[6.767883] (px4_msgs) StdoutLine: {'line': b'-- Up-to-date: /home/stepan/ws_ros2/install/px4_msgs/include/px4_msgs/px4_msgs/msg/detail/parameter_set_used_request__traits.hpp\n'}
[6.768038] (px4_msgs) StdoutLine: {'line': b'-- Up-to-date: /home/stepan/ws_ros2/install/px4_msgs/include/px4_msgs/px4_msgs/msg/detail/rover_attitude_setpoint__builder.hpp\n'}
[6.768220] (px4_msgs) StdoutLine: {'line': b'-- Up-to-date: /home/stepan/ws_ros2/install/px4_msgs/include/px4_msgs/px4_msgs/msg/detail/debug_vect__struct.hpp\n'}
[6.768386] (px4_msgs) StdoutLine: {'line': b'-- Up-to-date: /home/stepan/ws_ros2/install/px4_msgs/include/px4_msgs/px4_msgs/msg/detail/yaw_estimator_status__traits.hpp\n'}
[6.768542] (px4_msgs) StdoutLine: {'line': b'-- Up-to-date: /home/stepan/ws_ros2/install/px4_msgs/include/px4_msgs/px4_msgs/msg/detail/tune_control__traits.hpp\n'}
[6.768665] (px4_msgs) StdoutLine: {'line': b'-- Up-to-date: /home/stepan/ws_ros2/install/px4_msgs/include/px4_msgs/px4_msgs/msg/detail/vehicle_torque_setpoint__traits.hpp\n'}
[6.768841] (px4_msgs) StdoutLine: {'line': b'-- Up-to-date: /home/stepan/ws_ros2/install/px4_msgs/include/px4_msgs/px4_msgs/msg/detail/sensors_status__traits.hpp\n'}
[6.768991] (px4_msgs) StdoutLine: {'line': b'-- Up-to-date: /home/stepan/ws_ros2/install/px4_msgs/include/px4_msgs/px4_msgs/msg/detail/trajectory_setpoint6dof__type_support.hpp\n'}
[6.769136] (px4_msgs) StdoutLine: {'line': b'-- Up-to-date: /home/stepan/ws_ros2/install/px4_msgs/include/px4_msgs/px4_msgs/msg/detail/vehicle_global_position__builder.hpp\n'}
[6.769273] (px4_msgs) StdoutLine: {'line': b'-- Up-to-date: /home/stepan/ws_ros2/install/px4_msgs/include/px4_msgs/px4_msgs/msg/detail/collision_constraints__struct.hpp\n'}
[6.770490] (px4_msgs) StdoutLine: {'line': b'-- Up-to-date: /home/stepan/ws_ros2/install/px4_msgs/include/px4_msgs/px4_msgs/msg/detail/rc_channels__struct.hpp\n'}
[6.770728] (px4_msgs) StdoutLine: {'line': b'-- Up-to-date: /home/stepan/ws_ros2/install/px4_msgs/include/px4_msgs/px4_msgs/msg/detail/position_controller_landing_status__type_support.hpp\n'}
[6.770875] (px4_msgs) StdoutLine: {'line': b'-- Up-to-date: /home/stepan/ws_ros2/install/px4_msgs/include/px4_msgs/px4_msgs/msg/detail/follow_target_estimator__traits.hpp\n'}
[6.771122] (px4_msgs) StdoutLine: {'line': b'-- Up-to-date: /home/stepan/ws_ros2/install/px4_msgs/include/px4_msgs/px4_msgs/msg/detail/actuator_test__type_support.hpp\n'}
[6.771492] (px4_msgs) StdoutLine: {'line': b'-- Up-to-date: /home/stepan/ws_ros2/install/px4_msgs/include/px4_msgs/px4_msgs/msg/detail/event__traits.hpp\n'}
[6.772568] (px4_msgs) StdoutLine: {'line': b'-- Up-to-date: /home/stepan/ws_ros2/install/px4_msgs/include/px4_msgs/px4_msgs/msg/detail/timesync_status__type_support.hpp\n'}
[6.773146] (px4_msgs) StdoutLine: {'line': b'-- Up-to-date: /home/stepan/ws_ros2/install/px4_msgs/include/px4_msgs/px4_msgs/msg/detail/estimator_sensor_bias__traits.hpp\n'}
[6.773886] (px4_msgs) StdoutLine: {'line': b'-- Up-to-date: /home/stepan/ws_ros2/install/px4_msgs/include/px4_msgs/px4_msgs/msg/detail/mag_worker_data__type_support.hpp\n'}
[6.774831] (px4_msgs) StdoutLine: {'line': b'-- Up-to-date: /home/stepan/ws_ros2/install/px4_msgs/include/px4_msgs/px4_msgs/msg/detail/mission_result__traits.hpp\n'}
[6.775674] (px4_msgs) StdoutLine: {'line': b'-- Up-to-date: /home/stepan/ws_ros2/install/px4_msgs/include/px4_msgs/px4_msgs/msg/detail/distance_sensor__type_support.hpp\n'}
[6.777075] (px4_msgs) StdoutLine: {'line': b'-- Up-to-date: /home/stepan/ws_ros2/install/px4_msgs/include/px4_msgs/px4_msgs/msg/detail/sensors_status_imu__type_support.hpp\n'}
[6.777473] (px4_msgs) StdoutLine: {'line': b'-- Up-to-date: /home/stepan/ws_ros2/install/px4_msgs/include/px4_msgs/px4_msgs/msg/detail/estimator_bias__struct.hpp\n'}
[6.777618] (px4_msgs) StdoutLine: {'line': b'-- Up-to-date: /home/stepan/ws_ros2/install/px4_msgs/include/px4_msgs/px4_msgs/msg/detail/geofence_status__struct.hpp\n'}
[6.777814] (px4_msgs) StdoutLine: {'line': b'-- Up-to-date: /home/stepan/ws_ros2/install/px4_msgs/include/px4_msgs/px4_msgs/msg/detail/mount_orientation__type_support.hpp\n'}
[6.778163] (px4_msgs) StdoutLine: {'line': b'-- Up-to-date: /home/stepan/ws_ros2/install/px4_msgs/include/px4_msgs/px4_msgs/msg/detail/internal_combustion_engine_status__builder.hpp\n'}
[6.778522] (px4_msgs) StdoutLine: {'line': b'-- Up-to-date: /home/stepan/ws_ros2/install/px4_msgs/include/px4_msgs/px4_msgs/msg/detail/rover_velocity_status__traits.hpp\n'}
[6.779113] (px4_msgs) StdoutLine: {'line': b'-- Up-to-date: /home/stepan/ws_ros2/install/px4_msgs/include/px4_msgs/px4_msgs/msg/detail/pure_pursuit_status__builder.hpp\n'}
[6.779650] (px4_msgs) StdoutLine: {'line': b'-- Up-to-date: /home/stepan/ws_ros2/install/px4_msgs/include/px4_msgs/px4_msgs/msg/detail/estimator_aid_source3d__struct.hpp\n'}
[6.780078] (px4_msgs) StdoutLine: {'line': b'-- Up-to-date: /home/stepan/ws_ros2/install/px4_msgs/include/px4_msgs/px4_msgs/msg/detail/vehicle_odometry__type_support.hpp\n'}
[6.780585] (px4_msgs) StdoutLine: {'line': b'-- Up-to-date: /home/stepan/ws_ros2/install/px4_msgs/include/px4_msgs/px4_msgs/msg/detail/geofence_status__traits.hpp\n'}
[6.781343] (px4_msgs) StdoutLine: {'line': b'-- Up-to-date: /home/stepan/ws_ros2/install/px4_msgs/include/px4_msgs/px4_msgs/msg/detail/arming_check_request__type_support.hpp\n'}
[6.781583] (px4_msgs) StdoutLine: {'line': b'-- Up-to-date: /home/stepan/ws_ros2/install/px4_msgs/include/px4_msgs/px4_msgs/msg/detail/trajectory_setpoint__type_support.hpp\n'}
[6.781790] (px4_msgs) StdoutLine: {'line': b'-- Up-to-date: /home/stepan/ws_ros2/install/px4_msgs/include/px4_msgs/px4_msgs/msg/detail/vehicle_command__builder.hpp\n'}
[6.781996] (px4_msgs) StdoutLine: {'line': b'-- Up-to-date: /home/stepan/ws_ros2/install/px4_msgs/include/px4_msgs/px4_msgs/msg/detail/satellite_info__builder.hpp\n'}
[6.782127] (px4_msgs) StdoutLine: {'line': b'-- Up-to-date: /home/stepan/ws_ros2/install/px4_msgs/include/px4_msgs/px4_msgs/msg/detail/npfg_status__struct.hpp\n'}
[6.782260] (px4_msgs) StdoutLine: {'line': b'-- Up-to-date: /home/stepan/ws_ros2/install/px4_msgs/include/px4_msgs/px4_msgs/msg/detail/debug_value__traits.hpp\n'}
[6.782427] (px4_msgs) StdoutLine: {'line': b'-- Up-to-date: /home/stepan/ws_ros2/install/px4_msgs/include/px4_msgs/px4_msgs/msg/detail/qshell_retval__traits.hpp\n'}
[6.782597] (px4_msgs) StdoutLine: {'line': b'-- Up-to-date: /home/stepan/ws_ros2/install/px4_msgs/include/px4_msgs/px4_msgs/msg/detail/logger_status__builder.hpp\n'}
[6.782794] (px4_msgs) StdoutLine: {'line': b'-- Up-to-date: /home/stepan/ws_ros2/install/px4_msgs/include/px4_msgs/px4_msgs/msg/detail/sensor_gps__traits.hpp\n'}
[6.782974] (px4_msgs) StdoutLine: {'line': b'-- Up-to-date: /home/stepan/ws_ros2/install/px4_msgs/include/px4_msgs/px4_msgs/msg/detail/power_monitor__struct.hpp\n'}
[6.783109] (px4_msgs) StdoutLine: {'line': b'-- Up-to-date: /home/stepan/ws_ros2/install/px4_msgs/include/px4_msgs/px4_msgs/msg/detail/message_format_request__type_support.hpp\n'}
[6.783238] (px4_msgs) StdoutLine: {'line': b'-- Up-to-date: /home/stepan/ws_ros2/install/px4_msgs/include/px4_msgs/px4_msgs/msg/detail/vehicle_attitude_setpoint__type_support.hpp\n'}
[6.783365] (px4_msgs) StdoutLine: {'line': b'-- Up-to-date: /home/stepan/ws_ros2/install/px4_msgs/include/px4_msgs/px4_msgs/msg/detail/heater_status__type_support.hpp\n'}
[6.783495] (px4_msgs) StdoutLine: {'line': b'-- Up-to-date: /home/stepan/ws_ros2/install/px4_msgs/include/px4_msgs/px4_msgs/msg/detail/debug_array__type_support.hpp\n'}
[6.783622] (px4_msgs) StdoutLine: {'line': b'-- Up-to-date: /home/stepan/ws_ros2/install/px4_msgs/include/px4_msgs/px4_msgs/msg/detail/vehicle_land_detected__struct.hpp\n'}
[6.783889] (px4_msgs) StdoutLine: {'line': b'-- Up-to-date: /home/stepan/ws_ros2/install/px4_msgs/include/px4_msgs/px4_msgs/msg/detail/landing_gear__builder.hpp\n'}
[6.784062] (px4_msgs) StdoutLine: {'line': b'-- Up-to-date: /home/stepan/ws_ros2/install/px4_msgs/include/px4_msgs/px4_msgs/msg/detail/vehicle_imu__builder.hpp\n'}
[6.784244] (px4_msgs) StdoutLine: {'line': b'-- Up-to-date: /home/stepan/ws_ros2/install/px4_msgs/include/px4_msgs/px4_msgs/msg/detail/camera_trigger__traits.hpp\n'}
[6.784418] (px4_msgs) StdoutLine: {'line': b'-- Up-to-date: /home/stepan/ws_ros2/install/px4_msgs/include/px4_msgs/px4_msgs/msg/detail/fuel_tank_status__struct.hpp\n'}
[6.784546] (px4_msgs) StdoutLine: {'line': b'-- Up-to-date: /home/stepan/ws_ros2/install/px4_msgs/include/px4_msgs/px4_msgs/msg/detail/internal_combustion_engine_control__struct.hpp\n'}
[6.784673] (px4_msgs) StdoutLine: {'line': b'-- Up-to-date: /home/stepan/ws_ros2/install/px4_msgs/include/px4_msgs/px4_msgs/msg/detail/log_message__struct.hpp\n'}
[6.784818] (px4_msgs) StdoutLine: {'line': b'-- Up-to-date: /home/stepan/ws_ros2/install/px4_msgs/include/px4_msgs/px4_msgs/msg/detail/config_overrides__struct.hpp\n'}
[6.785104] (px4_msgs) StdoutLine: {'line': b'-- Up-to-date: /home/stepan/ws_ros2/install/px4_msgs/include/px4_msgs/px4_msgs/msg/detail/iridiumsbd_status__struct.hpp\n'}
[6.785254] (px4_msgs) StdoutLine: {'line': b'-- Up-to-date: /home/stepan/ws_ros2/install/px4_msgs/include/px4_msgs/px4_msgs/msg/detail/launch_detection_status__struct.hpp\n'}
[6.785871] (px4_msgs) StdoutLine: {'line': b'-- Up-to-date: /home/stepan/ws_ros2/install/px4_msgs/include/px4_msgs/px4_msgs/msg/detail/differential_pressure__type_support.hpp\n'}
[6.786073] (px4_msgs) StdoutLine: {'line': b'-- Up-to-date: /home/stepan/ws_ros2/install/px4_msgs/include/px4_msgs/px4_msgs/msg/detail/vehicle_local_position__type_support.hpp\n'}
[6.786181] (px4_msgs) StdoutLine: {'line': b'-- Up-to-date: /home/stepan/ws_ros2/install/px4_msgs/include/px4_msgs/px4_msgs/msg/detail/vehicle_constraints__traits.hpp\n'}
[6.786360] (px4_msgs) StdoutLine: {'line': b'-- Up-to-date: /home/stepan/ws_ros2/install/px4_msgs/include/px4_msgs/px4_msgs/msg/detail/npfg_status__type_support.hpp\n'}
[6.786531] (px4_msgs) StdoutLine: {'line': b'-- Up-to-date: /home/stepan/ws_ros2/install/px4_msgs/include/px4_msgs/px4_msgs/msg/detail/ackermann_velocity_setpoint__type_support.hpp\n'}
[6.786684] (px4_msgs) StdoutLine: {'line': b'-- Up-to-date: /home/stepan/ws_ros2/install/px4_msgs/include/px4_msgs/px4_msgs/msg/detail/cpuload__type_support.hpp\n'}
[6.786884] (px4_msgs) StdoutLine: {'line': b'-- Up-to-date: /home/stepan/ws_ros2/install/px4_msgs/include/px4_msgs/px4_msgs/msg/detail/gimbal_manager_set_manual_control__struct.hpp\n'}
[6.787211] (px4_msgs) StdoutLine: {'line': b'-- Up-to-date: /home/stepan/ws_ros2/install/px4_msgs/include/px4_msgs/px4_msgs/msg/detail/distance_sensor__struct.hpp\n'}
[6.787391] (px4_msgs) StdoutLine: {'line': b'-- Up-to-date: /home/stepan/ws_ros2/install/px4_msgs/include/px4_msgs/px4_msgs/msg/detail/power_monitor__builder.hpp\n'}
[6.787612] (px4_msgs) StdoutLine: {'line': b'-- Up-to-date: /home/stepan/ws_ros2/install/px4_msgs/include/px4_msgs/px4_msgs/msg/detail/vehicle_optical_flow_vel__type_support.hpp\n'}
[6.787882] (px4_msgs) StdoutLine: {'line': b'-- Up-to-date: /home/stepan/ws_ros2/install/px4_msgs/include/px4_msgs/px4_msgs/msg/detail/tecs_status__builder.hpp\n'}
[6.788052] (px4_msgs) StdoutLine: {'line': b'-- Up-to-date: /home/stepan/ws_ros2/install/px4_msgs/include/px4_msgs/px4_msgs/msg/detail/tune_control__type_support.hpp\n'}
[6.788278] (px4_msgs) StdoutLine: {'line': b'-- Up-to-date: /home/stepan/ws_ros2/install/px4_msgs/include/px4_msgs/px4_msgs/msg/detail/battery_status__builder.hpp\n'}
[6.789175] (px4_msgs) StdoutLine: {'line': b'-- Up-to-date: /home/stepan/ws_ros2/install/px4_msgs/include/px4_msgs/px4_msgs/msg/detail/manual_control_switches__traits.hpp\n'}
[6.790290] (px4_msgs) StdoutLine: {'line': b'-- Up-to-date: /home/stepan/ws_ros2/install/px4_msgs/include/px4_msgs/px4_msgs/msg/detail/transponder_report__builder.hpp\n'}
[6.791066] (px4_msgs) StdoutLine: {'line': b'-- Up-to-date: /home/stepan/ws_ros2/install/px4_msgs/include/px4_msgs/px4_msgs/msg/detail/esc_report__struct.hpp\n'}
[6.792070] (px4_msgs) StdoutLine: {'line': b'-- Up-to-date: /home/stepan/ws_ros2/install/px4_msgs/include/px4_msgs/px4_msgs/msg/detail/gpio_out__builder.hpp\n'}
[6.792920] (px4_msgs) StdoutLine: {'line': b'-- Up-to-date: /home/stepan/ws_ros2/install/px4_msgs/include/px4_msgs/px4_msgs/msg/detail/tiltrotor_extra_controls__struct.hpp\n'}
[6.793884] (px4_msgs) StdoutLine: {'line': b'-- Up-to-date: /home/stepan/ws_ros2/install/px4_msgs/include/px4_msgs/px4_msgs/msg/detail/estimator_states__type_support.hpp\n'}
[6.794667] (px4_msgs) StdoutLine: {'line': b'-- Up-to-date: /home/stepan/ws_ros2/install/px4_msgs/include/px4_msgs/px4_msgs/msg/detail/vehicle_torque_setpoint__builder.hpp\n'}
[6.795753] (px4_msgs) StdoutLine: {'line': b'-- Up-to-date: /home/stepan/ws_ros2/install/px4_msgs/include/px4_msgs/px4_msgs/msg/detail/position_setpoint__traits.hpp\n'}
[6.796513] (px4_msgs) StdoutLine: {'line': b'-- Up-to-date: /home/stepan/ws_ros2/install/px4_msgs/include/px4_msgs/px4_msgs/msg/detail/sensor_gnss_relative__builder.hpp\n'}
[6.796954] (px4_msgs) StdoutLine: {'line': b'-- Up-to-date: /home/stepan/ws_ros2/install/px4_msgs/include/px4_msgs/px4_msgs/msg/detail/actuator_armed__traits.hpp\n'}
[6.797350] (px4_msgs) StdoutLine: {'line': b'-- Up-to-date: /home/stepan/ws_ros2/install/px4_msgs/include/px4_msgs/px4_msgs/msg/detail/mavlink_tunnel__struct.hpp\n'}
[6.797613] (px4_msgs) StdoutLine: {'line': b'-- Up-to-date: /home/stepan/ws_ros2/install/px4_msgs/include/px4_msgs/px4_msgs/msg/detail/heater_status__struct.hpp\n'}
[6.798162] (px4_msgs) StdoutLine: {'line': b'-- Up-to-date: /home/stepan/ws_ros2/install/px4_msgs/include/px4_msgs/px4_msgs/msg/detail/ulog_stream__traits.hpp\n'}
[6.798470] (px4_msgs) StdoutLine: {'line': b'-- Up-to-date: /home/stepan/ws_ros2/install/px4_msgs/include/px4_msgs/px4_msgs/msg/detail/hover_thrust_estimate__builder.hpp\n'}
[6.799619] (px4_msgs) StdoutLine: {'line': b'-- Up-to-date: /home/stepan/ws_ros2/install/px4_msgs/include/px4_msgs/px4_msgs/msg/detail/magnetometer_bias_estimate__type_support.hpp\n'}
[6.800159] (px4_msgs) StdoutLine: {'line': b'-- Up-to-date: /home/stepan/ws_ros2/install/px4_msgs/include/px4_msgs/px4_msgs/msg/detail/vehicle_imu_status__builder.hpp\n'}
[6.800362] (px4_msgs) StdoutLine: {'line': b'-- Up-to-date: /home/stepan/ws_ros2/install/px4_msgs/include/px4_msgs/px4_msgs/msg/detail/sensors_status__struct.hpp\n'}
[6.800539] (px4_msgs) StdoutLine: {'line': b'-- Up-to-date: /home/stepan/ws_ros2/install/px4_msgs/include/px4_msgs/px4_msgs/msg/detail/telemetry_status__struct.hpp\n'}
[6.800777] (px4_msgs) StdoutLine: {'line': b'-- Up-to-date: /home/stepan/ws_ros2/install/px4_msgs/include/px4_msgs/px4_msgs/msg/detail/mavlink_log__traits.hpp\n'}
[6.800995] (px4_msgs) StdoutLine: {'line': b'-- Up-to-date: /home/stepan/ws_ros2/install/px4_msgs/include/px4_msgs/px4_msgs/msg/detail/landing_target_innovations__traits.hpp\n'}
[6.801195] (px4_msgs) StdoutLine: {'line': b'-- Up-to-date: /home/stepan/ws_ros2/install/px4_msgs/include/px4_msgs/px4_msgs/msg/detail/camera_capture__builder.hpp\n'}
[6.801429] (px4_msgs) StdoutLine: {'line': b'-- Up-to-date: /home/stepan/ws_ros2/install/px4_msgs/include/px4_msgs/px4_msgs/msg/detail/satellite_info__traits.hpp\n'}
[6.801630] (px4_msgs) StdoutLine: {'line': b'-- Up-to-date: /home/stepan/ws_ros2/install/px4_msgs/include/px4_msgs/px4_msgs/msg/detail/event__struct.hpp\n'}
[6.801827] (px4_msgs) StdoutLine: {'line': b'-- Up-to-date: /home/stepan/ws_ros2/install/px4_msgs/include/px4_msgs/px4_msgs/msg/detail/uavcan_parameter_request__builder.hpp\n'}
[6.802012] (px4_msgs) StdoutLine: {'line': b'-- Up-to-date: /home/stepan/ws_ros2/install/px4_msgs/include/px4_msgs/px4_msgs/msg/detail/manual_control_setpoint__type_support.hpp\n'}
[6.802178] (px4_msgs) StdoutLine: {'line': b'-- Up-to-date: /home/stepan/ws_ros2/install/px4_msgs/include/px4_msgs/px4_msgs/msg/detail/follow_target_estimator__type_support.hpp\n'}
[6.802334] (px4_msgs) StdoutLine: {'line': b'-- Up-to-date: /home/stepan/ws_ros2/install/px4_msgs/include/px4_msgs/px4_msgs/msg/detail/vehicle_air_data__builder.hpp\n'}
[6.802621] (px4_msgs) StdoutLine: {'line': b'-- Up-to-date: /home/stepan/ws_ros2/install/px4_msgs/include/px4_msgs/px4_msgs/msg/ulog_stream_ack.hpp\n'}
[6.802822] (px4_msgs) StdoutLine: {'line': b'-- Up-to-date: /home/stepan/ws_ros2/install/px4_msgs/include/px4_msgs/px4_msgs/msg/irlock_report.hpp\n'}
[6.803022] (px4_msgs) StdoutLine: {'line': b'-- Up-to-date: /home/stepan/ws_ros2/install/px4_msgs/include/px4_msgs/px4_msgs/msg/mag_worker_data.hpp\n'}
[6.803180] (px4_msgs) StdoutLine: {'line': b'-- Up-to-date: /home/stepan/ws_ros2/install/px4_msgs/include/px4_msgs/px4_msgs/msg/estimator_status.hpp\n'}
[6.803335] (px4_msgs) StdoutLine: {'line': b'-- Up-to-date: /home/stepan/ws_ros2/install/px4_msgs/include/px4_msgs/px4_msgs/msg/gimbal_manager_set_manual_control.hpp\n'}
[6.803525] (px4_msgs) StdoutLine: {'line': b'-- Up-to-date: /home/stepan/ws_ros2/install/px4_msgs/include/px4_msgs/px4_msgs/msg/debug_vect.hpp\n'}
[6.803701] (px4_msgs) StdoutLine: {'line': b'-- Up-to-date: /home/stepan/ws_ros2/install/px4_msgs/include/px4_msgs/px4_msgs/msg/sensor_uwb.hpp\n'}
[6.803941] (px4_msgs) StdoutLine: {'line': b'-- Up-to-date: /home/stepan/ws_ros2/install/px4_msgs/include/px4_msgs/px4_msgs/msg/power_monitor.hpp\n'}
[6.804149] (px4_msgs) StdoutLine: {'line': b'-- Up-to-date: /home/stepan/ws_ros2/install/px4_msgs/include/px4_msgs/px4_msgs/msg/open_drone_id_self_id.hpp\n'}
[6.804358] (px4_msgs) StdoutLine: {'line': b'-- Up-to-date: /home/stepan/ws_ros2/install/px4_msgs/include/px4_msgs/px4_msgs/msg/vehicle_imu_status.hpp\n'}
[6.804549] (px4_msgs) StdoutLine: {'line': b'-- Up-to-date: /home/stepan/ws_ros2/install/px4_msgs/include/px4_msgs/px4_msgs/msg/hover_thrust_estimate.hpp\n'}
[6.804749] (px4_msgs) StdoutLine: {'line': b'-- Up-to-date: /home/stepan/ws_ros2/install/px4_msgs/include/px4_msgs/px4_msgs/msg/vehicle_local_position_setpoint.hpp\n'}
[6.805659] (px4_msgs) StdoutLine: {'line': b'-- Up-to-date: /home/stepan/ws_ros2/install/px4_msgs/include/px4_msgs/px4_msgs/msg/register_ext_component_reply.hpp\n'}
[6.806637] (px4_msgs) StdoutLine: {'line': b'-- Up-to-date: /home/stepan/ws_ros2/install/px4_msgs/include/px4_msgs/px4_msgs/msg/rtl_time_estimate.hpp\n'}
[6.807231] (px4_msgs) StdoutLine: {'line': b'-- Up-to-date: /home/stepan/ws_ros2/install/px4_msgs/include/px4_msgs/px4_msgs/msg/sensor_mag.hpp\n'}
[6.808267] (px4_msgs) StdoutLine: {'line': b'-- Up-to-date: /home/stepan/ws_ros2/install/px4_msgs/include/px4_msgs/px4_msgs/msg/gps_inject_data.hpp\n'}
[6.808802] (px4_msgs) StdoutLine: {'line': b'-- Up-to-date: /home/stepan/ws_ros2/install/px4_msgs/include/px4_msgs/px4_msgs/msg/failure_detector_status.hpp\n'}
[6.809832] (px4_msgs) StdoutLine: {'line': b'-- Up-to-date: /home/stepan/ws_ros2/install/px4_msgs/include/px4_msgs/px4_msgs/msg/mission.hpp\n'}
[6.810792] (px4_msgs) StdoutLine: {'line': b'-- Up-to-date: /home/stepan/ws_ros2/install/px4_msgs/include/px4_msgs/px4_msgs/msg/rover_position_setpoint.hpp\n'}
[6.811462] (px4_msgs) StdoutLine: {'line': b'-- Up-to-date: /home/stepan/ws_ros2/install/px4_msgs/include/px4_msgs/px4_msgs/msg/vehicle_local_position.hpp\n'}
[6.812366] (px4_msgs) StdoutLine: {'line': b'-- Up-to-date: /home/stepan/ws_ros2/install/px4_msgs/include/px4_msgs/px4_msgs/msg/normalized_unsigned_setpoint.hpp\n'}
[6.813058] (px4_msgs) StdoutLine: {'line': b'-- Up-to-date: /home/stepan/ws_ros2/install/px4_msgs/include/px4_msgs/px4_msgs/msg/autotune_attitude_control_status.hpp\n'}
[6.813472] (px4_msgs) StdoutLine: {'line': b'-- Up-to-date: /home/stepan/ws_ros2/install/px4_msgs/include/px4_msgs/px4_msgs/msg/vtol_vehicle_status.hpp\n'}
[6.814054] (px4_msgs) StdoutLine: {'line': b'-- Up-to-date: /home/stepan/ws_ros2/install/px4_msgs/include/px4_msgs/px4_msgs/msg/pps_capture.hpp\n'}
[6.814446] (px4_msgs) StdoutLine: {'line': b'-- Up-to-date: /home/stepan/ws_ros2/install/px4_msgs/include/px4_msgs/px4_msgs/msg/takeoff_status.hpp\n'}
[6.814735] (px4_msgs) StdoutLine: {'line': b'-- Up-to-date: /home/stepan/ws_ros2/install/px4_msgs/include/px4_msgs/px4_msgs/msg/system_power.hpp\n'}
[6.815106] (px4_msgs) StdoutLine: {'line': b'-- Up-to-date: /home/stepan/ws_ros2/install/px4_msgs/include/px4_msgs/px4_msgs/msg/gpio_request.hpp\n'}
[6.815532] (px4_msgs) StdoutLine: {'line': b'-- Up-to-date: /home/stepan/ws_ros2/install/px4_msgs/include/px4_msgs/px4_msgs/msg/sensor_accel_fifo.hpp\n'}
[6.816141] (px4_msgs) StdoutLine: {'line': b'-- Up-to-date: /home/stepan/ws_ros2/install/px4_msgs/include/px4_msgs/px4_msgs/msg/parameter_set_used_request.hpp\n'}
[6.816352] (px4_msgs) StdoutLine: {'line': b'-- Up-to-date: /home/stepan/ws_ros2/install/px4_msgs/include/px4_msgs/px4_msgs/msg/gimbal_device_set_attitude.hpp\n'}
[6.816535] (px4_msgs) StdoutLine: {'line': b'-- Up-to-date: /home/stepan/ws_ros2/install/px4_msgs/include/px4_msgs/px4_msgs/msg/debug_key_value.hpp\n'}
[6.816685] (px4_msgs) StdoutLine: {'line': b'-- Up-to-date: /home/stepan/ws_ros2/install/px4_msgs/include/px4_msgs/px4_msgs/msg/figure_eight_status.hpp\n'}
[6.817063] (px4_msgs) StdoutLine: {'line': b'-- Up-to-date: /home/stepan/ws_ros2/install/px4_msgs/include/px4_msgs/px4_msgs/msg/vehicle_land_detected.hpp\n'}
[6.817240] (px4_msgs) StdoutLine: {'line': b'-- Up-to-date: /home/stepan/ws_ros2/install/px4_msgs/include/px4_msgs/px4_msgs/msg/pure_pursuit_status.hpp\n'}
[6.817445] (px4_msgs) StdoutLine: {'line': b'-- Up-to-date: /home/stepan/ws_ros2/install/px4_msgs/include/px4_msgs/px4_msgs/msg/sensor_selection.hpp\n'}
[6.817578] (px4_msgs) StdoutLine: {'line': b'-- Up-to-date: /home/stepan/ws_ros2/install/px4_msgs/include/px4_msgs/px4_msgs/msg/mavlink_log.hpp\n'}
[6.817763] (px4_msgs) StdoutLine: {'line': b'-- Up-to-date: /home/stepan/ws_ros2/install/px4_msgs/include/px4_msgs/px4_msgs/msg/input_rc.hpp\n'}
[6.818000] (px4_msgs) StdoutLine: {'line': b'-- Up-to-date: /home/stepan/ws_ros2/install/px4_msgs/include/px4_msgs/px4_msgs/msg/estimator_gps_status.hpp\n'}
[6.818173] (px4_msgs) StdoutLine: {'line': b'-- Up-to-date: /home/stepan/ws_ros2/install/px4_msgs/include/px4_msgs/px4_msgs/msg/parameter_update.hpp\n'}
[6.818318] (px4_msgs) StdoutLine: {'line': b'-- Up-to-date: /home/stepan/ws_ros2/install/px4_msgs/include/px4_msgs/px4_msgs/msg/uavcan_parameter_request.hpp\n'}
[6.818421] (px4_msgs) StdoutLine: {'line': b'-- Up-to-date: /home/stepan/ws_ros2/install/px4_msgs/include/px4_msgs/px4_msgs/msg/vehicle_status.hpp\n'}
[6.818591] (px4_msgs) StdoutLine: {'line': b'-- Up-to-date: /home/stepan/ws_ros2/install/px4_msgs/include/px4_msgs/px4_msgs/msg/gripper.hpp\n'}
[6.818790] (px4_msgs) StdoutLine: {'line': b'-- Up-to-date: /home/stepan/ws_ros2/install/px4_msgs/include/px4_msgs/px4_msgs/msg/tune_control.hpp\n'}
[6.818940] (px4_msgs) StdoutLine: {'line': b'-- Up-to-date: /home/stepan/ws_ros2/install/px4_msgs/include/px4_msgs/px4_msgs/msg/follow_target_status.hpp\n'}
[6.819077] (px4_msgs) StdoutLine: {'line': b'-- Up-to-date: /home/stepan/ws_ros2/install/px4_msgs/include/px4_msgs/px4_msgs/msg/orb_test_medium.hpp\n'}
[6.819178] (px4_msgs) StdoutLine: {'line': b'-- Up-to-date: /home/stepan/ws_ros2/install/px4_msgs/include/px4_msgs/px4_msgs/msg/fuel_tank_status.hpp\n'}
[6.819281] (px4_msgs) StdoutLine: {'line': b'-- Up-to-date: /home/stepan/ws_ros2/install/px4_msgs/include/px4_msgs/px4_msgs/msg/vehicle_odometry.hpp\n'}
[6.820023] (px4_msgs) StdoutLine: {'line': b'-- Up-to-date: /home/stepan/ws_ros2/install/px4_msgs/include/px4_msgs/px4_msgs/msg/camera_capture.hpp\n'}
[6.820158] (px4_msgs) StdoutLine: {'line': b'-- Up-to-date: /home/stepan/ws_ros2/install/px4_msgs/include/px4_msgs/px4_msgs/msg/sensor_gps.hpp\n'}
[6.820258] (px4_msgs) StdoutLine: {'line': b'-- Up-to-date: /home/stepan/ws_ros2/install/px4_msgs/include/px4_msgs/px4_msgs/msg/cellular_status.hpp\n'}
[6.820370] (px4_msgs) StdoutLine: {'line': b'-- Up-to-date: /home/stepan/ws_ros2/install/px4_msgs/include/px4_msgs/px4_msgs/msg/estimator_aid_source1d.hpp\n'}
[6.820464] (px4_msgs) StdoutLine: {'line': b'-- Up-to-date: /home/stepan/ws_ros2/install/px4_msgs/include/px4_msgs/px4_msgs/msg/orbit_status.hpp\n'}
[6.820557] (px4_msgs) StdoutLine: {'line': b'-- Up-to-date: /home/stepan/ws_ros2/install/px4_msgs/include/px4_msgs/px4_msgs/msg/trajectory_setpoint6dof.hpp\n'}
[6.820657] (px4_msgs) StdoutLine: {'line': b'-- Up-to-date: /home/stepan/ws_ros2/install/px4_msgs/include/px4_msgs/px4_msgs/msg/gimbal_device_attitude_status.hpp\n'}
[6.820810] (px4_msgs) StdoutLine: {'line': b'-- Up-to-date: /home/stepan/ws_ros2/install/px4_msgs/include/px4_msgs/px4_msgs/msg/logger_status.hpp\n'}
[6.821035] (px4_msgs) StdoutLine: {'line': b'-- Up-to-date: /home/stepan/ws_ros2/install/px4_msgs/include/px4_msgs/px4_msgs/msg/heater_status.hpp\n'}
[6.821169] (px4_msgs) StdoutLine: {'line': b'-- Up-to-date: /home/stepan/ws_ros2/install/px4_msgs/include/px4_msgs/px4_msgs/msg/yaw_estimator_status.hpp\n'}
[6.821383] (px4_msgs) StdoutLine: {'line': b'-- Up-to-date: /home/stepan/ws_ros2/install/px4_msgs/include/px4_msgs/px4_msgs/msg/pwm_input.hpp\n'}
[6.821633] (px4_msgs) StdoutLine: {'line': b'-- Up-to-date: /home/stepan/ws_ros2/install/px4_msgs/include/px4_msgs/px4_msgs/msg/sensor_gnss_relative.hpp\n'}
[6.823002] (px4_msgs) StdoutLine: {'line': b'-- Up-to-date: /home/stepan/ws_ros2/install/px4_msgs/include/px4_msgs/px4_msgs/msg/orb_test_large.hpp\n'}
[6.823571] (px4_msgs) StdoutLine: {'line': b'-- Up-to-date: /home/stepan/ws_ros2/install/px4_msgs/include/px4_msgs/px4_msgs/msg/vehicle_torque_setpoint.hpp\n'}
[6.824033] (px4_msgs) StdoutLine: {'line': b'-- Up-to-date: /home/stepan/ws_ros2/install/px4_msgs/include/px4_msgs/px4_msgs/msg/task_stack_info.hpp\n'}
[6.824430] (px4_msgs) StdoutLine: {'line': b'-- Up-to-date: /home/stepan/ws_ros2/install/px4_msgs/include/px4_msgs/px4_msgs/msg/sensor_airflow.hpp\n'}
[6.824975] (px4_msgs) StdoutLine: {'line': b'-- Up-to-date: /home/stepan/ws_ros2/install/px4_msgs/include/px4_msgs/px4_msgs/msg/satellite_info.hpp\n'}
[6.825969] (px4_msgs) StdoutLine: {'line': b'-- Up-to-date: /home/stepan/ws_ros2/install/px4_msgs/include/px4_msgs/px4_msgs/msg/esc_status.hpp\n'}
[6.826868] (px4_msgs) StdoutLine: {'line': b'-- Up-to-date: /home/stepan/ws_ros2/install/px4_msgs/include/px4_msgs/px4_msgs/msg/timesync_status.hpp\n'}
[6.827594] (px4_msgs) StdoutLine: {'line': b'-- Up-to-date: /home/stepan/ws_ros2/install/px4_msgs/include/px4_msgs/px4_msgs/msg/uavcan_parameter_value.hpp\n'}
[6.827998] (px4_msgs) StdoutLine: {'line': b'-- Up-to-date: /home/stepan/ws_ros2/install/px4_msgs/include/px4_msgs/px4_msgs/msg/sensor_accel.hpp\n'}
[6.828267] (px4_msgs) StdoutLine: {'line': b'-- Up-to-date: /home/stepan/ws_ros2/install/px4_msgs/include/px4_msgs/px4_msgs/msg/vehicle_roi.hpp\n'}
[6.828493] (px4_msgs) StdoutLine: {'line': b'-- Up-to-date: /home/stepan/ws_ros2/install/px4_msgs/include/px4_msgs/px4_msgs/msg/register_ext_component_request.hpp\n'}
[6.828708] (px4_msgs) StdoutLine: {'line': b'-- Up-to-date: /home/stepan/ws_ros2/install/px4_msgs/include/px4_msgs/px4_msgs/msg/estimator_bias3d.hpp\n'}
[6.829135] (px4_msgs) StdoutLine: {'line': b'-- Up-to-date: /home/stepan/ws_ros2/install/px4_msgs/include/px4_msgs/px4_msgs/msg/estimator_innovations.hpp\n'}
[6.830092] (px4_msgs) StdoutLine: {'line': b'-- Up-to-date: /home/stepan/ws_ros2/install/px4_msgs/include/px4_msgs/px4_msgs/msg/qshell_req.hpp\n'}
[6.830530] (px4_msgs) StdoutLine: {'line': b'-- Up-to-date: /home/stepan/ws_ros2/install/px4_msgs/include/px4_msgs/px4_msgs/msg/gimbal_controls.hpp\n'}
[6.831420] (px4_msgs) StdoutLine: {'line': b'-- Up-to-date: /home/stepan/ws_ros2/install/px4_msgs/include/px4_msgs/px4_msgs/msg/distance_sensor.hpp\n'}
[6.831838] (px4_msgs) StdoutLine: {'line': b'-- Up-to-date: /home/stepan/ws_ros2/install/px4_msgs/include/px4_msgs/px4_msgs/msg/gimbal_manager_set_attitude.hpp\n'}
[6.832097] (px4_msgs) StdoutLine: {'line': b'-- Up-to-date: /home/stepan/ws_ros2/install/px4_msgs/include/px4_msgs/px4_msgs/msg/vehicle_control_mode.hpp\n'}
[6.832334] (px4_msgs) StdoutLine: {'line': b'-- Up-to-date: /home/stepan/ws_ros2/install/px4_msgs/include/px4_msgs/px4_msgs/msg/landing_target_pose.hpp\n'}
[6.833504] (px4_msgs) StdoutLine: {'line': b'-- Up-to-date: /home/stepan/ws_ros2/install/px4_msgs/include/px4_msgs/px4_msgs/msg/airspeed_validated.hpp\n'}
[6.833896] (px4_msgs) StdoutLine: {'line': b'-- Up-to-date: /home/stepan/ws_ros2/install/px4_msgs/include/px4_msgs/px4_msgs/msg/sensors_status_imu.hpp\n'}
[6.834096] (px4_msgs) StdoutLine: {'line': b'-- Up-to-date: /home/stepan/ws_ros2/install/px4_msgs/include/px4_msgs/px4_msgs/msg/landing_gear_wheel.hpp\n'}
[6.834276] (px4_msgs) StdoutLine: {'line': b'-- Up-to-date: /home/stepan/ws_ros2/install/px4_msgs/include/px4_msgs/px4_msgs/msg/orb_test.hpp\n'}
[6.834436] (px4_msgs) StdoutLine: {'line': b'-- Up-to-date: /home/stepan/ws_ros2/install/px4_msgs/include/px4_msgs/px4_msgs/msg/vehicle_attitude_setpoint.hpp\n'}
[6.834606] (px4_msgs) StdoutLine: {'line': b'-- Up-to-date: /home/stepan/ws_ros2/install/px4_msgs/include/px4_msgs/px4_msgs/msg/dataman_response.hpp\n'}
[6.834762] (px4_msgs) StdoutLine: {'line': b'-- Up-to-date: /home/stepan/ws_ros2/install/px4_msgs/include/px4_msgs/px4_msgs/msg/landing_gear.hpp\n'}
[6.834986] (px4_msgs) StdoutLine: {'line': b'-- Up-to-date: /home/stepan/ws_ros2/install/px4_msgs/include/px4_msgs/px4_msgs/msg/airspeed.hpp\n'}
[6.835200] (px4_msgs) StdoutLine: {'line': b'-- Up-to-date: /home/stepan/ws_ros2/install/px4_msgs/include/px4_msgs/px4_msgs/msg/internal_combustion_engine_control.hpp\n'}
[6.835377] (px4_msgs) StdoutLine: {'line': b'-- Up-to-date: /home/stepan/ws_ros2/install/px4_msgs/include/px4_msgs/px4_msgs/msg/config_overrides.hpp\n'}
[6.835573] (px4_msgs) StdoutLine: {'line': b'-- Up-to-date: /home/stepan/ws_ros2/install/px4_msgs/include/px4_msgs/px4_msgs/msg/rosidl_generator_cpp__visibility_control.hpp\n'}
[6.835739] (px4_msgs) StdoutLine: {'line': b'-- Up-to-date: /home/stepan/ws_ros2/install/px4_msgs/include/px4_msgs/px4_msgs/msg/ackermann_velocity_setpoint.hpp\n'}
[6.836014] (px4_msgs) StdoutLine: {'line': b'-- Up-to-date: /home/stepan/ws_ros2/install/px4_msgs/include/px4_msgs/px4_msgs/msg/control_allocator_status.hpp\n'}
[6.836113] (px4_msgs) StdoutLine: {'line': b'-- Up-to-date: /home/stepan/ws_ros2/install/px4_msgs/include/px4_msgs/px4_msgs/msg/vehicle_angular_acceleration_setpoint.hpp\n'}
[6.836209] (px4_msgs) StdoutLine: {'line': b'-- Up-to-date: /home/stepan/ws_ros2/install/px4_msgs/include/px4_msgs/px4_msgs/msg/cpuload.hpp\n'}
[6.836440] (px4_msgs) StdoutLine: {'line': b'-- Up-to-date: /home/stepan/ws_ros2/install/px4_msgs/include/px4_msgs/px4_msgs/msg/ping.hpp\n'}
[6.836730] (px4_msgs) StdoutLine: {'line': b'-- Up-to-date: /home/stepan/ws_ros2/install/px4_msgs/include/px4_msgs/px4_msgs/msg/health_report.hpp\n'}
[6.836955] (px4_msgs) StdoutLine: {'line': b'-- Up-to-date: /home/stepan/ws_ros2/install/px4_msgs/include/px4_msgs/px4_msgs/msg/wind.hpp\n'}
[6.837130] (px4_msgs) StdoutLine: {'line': b'-- Up-to-date: /home/stepan/ws_ros2/install/px4_msgs/include/px4_msgs/px4_msgs/msg/onboard_computer_status.hpp\n'}
[6.837363] (px4_msgs) StdoutLine: {'line': b'-- Up-to-date: /home/stepan/ws_ros2/install/px4_msgs/include/px4_msgs/px4_msgs/msg/airspeed_wind.hpp\n'}
[6.837547] (px4_msgs) StdoutLine: {'line': b'-- Up-to-date: /home/stepan/ws_ros2/install/px4_msgs/include/px4_msgs/px4_msgs/msg/rover_rate_status.hpp\n'}
[6.837856] (px4_msgs) StdoutLine: {'line': b'-- Up-to-date: /home/stepan/ws_ros2/install/px4_msgs/include/px4_msgs/px4_msgs/msg/position_controller_landing_status.hpp\n'}
[6.838109] (px4_msgs) StdoutLine: {'line': b'-- Up-to-date: /home/stepan/ws_ros2/install/px4_msgs/include/px4_msgs/px4_msgs/msg/rover_steering_setpoint.hpp\n'}
[6.839415] (px4_msgs) StdoutLine: {'line': b'-- Up-to-date: /home/stepan/ws_ros2/install/px4_msgs/include/px4_msgs/px4_msgs/msg/parameter_set_value_request.hpp\n'}
[6.840062] (px4_msgs) StdoutLine: {'line': b'-- Up-to-date: /home/stepan/ws_ros2/install/px4_msgs/include/px4_msgs/px4_msgs/msg/open_drone_id_arm_status.hpp\n'}
[6.840275] (px4_msgs) StdoutLine: {'line': b'-- Up-to-date: /home/stepan/ws_ros2/install/px4_msgs/include/px4_msgs/px4_msgs/msg/generator_status.hpp\n'}
[6.841181] (px4_msgs) StdoutLine: {'line': b'-- Up-to-date: /home/stepan/ws_ros2/install/px4_msgs/include/px4_msgs/px4_msgs/msg/geofence_status.hpp\n'}
[6.841749] (px4_msgs) StdoutLine: {'line': b'-- Up-to-date: /home/stepan/ws_ros2/install/px4_msgs/include/px4_msgs/px4_msgs/msg/gimbal_device_information.hpp\n'}
[6.842346] (px4_msgs) StdoutLine: {'line': b'-- Up-to-date: /home/stepan/ws_ros2/install/px4_msgs/include/px4_msgs/px4_msgs/msg/estimator_event_flags.hpp\n'}
[6.843660] (px4_msgs) StdoutLine: {'line': b'-- Up-to-date: /home/stepan/ws_ros2/install/px4_msgs/include/px4_msgs/px4_msgs/msg/debug_array.hpp\n'}
[6.844821] (px4_msgs) StdoutLine: {'line': b'-- Up-to-date: /home/stepan/ws_ros2/install/px4_msgs/include/px4_msgs/px4_msgs/msg/follow_target.hpp\n'}
[6.845559] (px4_msgs) StdoutLine: {'line': b'-- Up-to-date: /home/stepan/ws_ros2/install/px4_msgs/include/px4_msgs/px4_msgs/msg/dataman_request.hpp\n'}
[6.845867] (px4_msgs) StdoutLine: {'line': b'-- Up-to-date: /home/stepan/ws_ros2/install/px4_msgs/include/px4_msgs/px4_msgs/msg/actuator_servos_trim.hpp\n'}
[6.846097] (px4_msgs) StdoutLine: {'line': b'-- Up-to-date: /home/stepan/ws_ros2/install/px4_msgs/include/px4_msgs/px4_msgs/msg/battery_status.hpp\n'}
[6.846235] (px4_msgs) StdoutLine: {'line': b'-- Up-to-date: /home/stepan/ws_ros2/install/px4_msgs/include/px4_msgs/px4_msgs/msg/sensor_gyro.hpp\n'}
[6.846804] (px4_msgs) StdoutLine: {'line': b'-- Up-to-date: /home/stepan/ws_ros2/install/px4_msgs/include/px4_msgs/px4_msgs/msg/failsafe_flags.hpp\n'}
[6.847343] (px4_msgs) StdoutLine: {'line': b'-- Up-to-date: /home/stepan/ws_ros2/install/px4_msgs/include/px4_msgs/px4_msgs/msg/mount_orientation.hpp\n'}
[6.847669] (px4_msgs) StdoutLine: {'line': b'-- Up-to-date: /home/stepan/ws_ros2/install/px4_msgs/include/px4_msgs/px4_msgs/msg/estimator_status_flags.hpp\n'}
[6.848554] (px4_msgs) StdoutLine: {'line': b'-- Up-to-date: /home/stepan/ws_ros2/install/px4_msgs/include/px4_msgs/px4_msgs/srv\n'}
[6.848866] (px4_msgs) StdoutLine: {'line': b'-- Up-to-date: /home/stepan/ws_ros2/install/px4_msgs/include/px4_msgs/px4_msgs/srv/vehicle_command.hpp\n'}
[6.849614] (px4_msgs) StdoutLine: {'line': b'-- Up-to-date: /home/stepan/ws_ros2/install/px4_msgs/include/px4_msgs/px4_msgs/srv/detail\n'}
[6.850921] (px4_msgs) StdoutLine: {'line': b'-- Up-to-date: /home/stepan/ws_ros2/install/px4_msgs/include/px4_msgs/px4_msgs/srv/detail/vehicle_command__type_support.hpp\n'}
[6.851894] (px4_msgs) StdoutLine: {'line': b'-- Up-to-date: /home/stepan/ws_ros2/install/px4_msgs/include/px4_msgs/px4_msgs/srv/detail/vehicle_command__traits.hpp\n'}
[6.852948] (px4_msgs) StdoutLine: {'line': b'-- Up-to-date: /home/stepan/ws_ros2/install/px4_msgs/include/px4_msgs/px4_msgs/srv/detail/vehicle_command__struct.hpp\n'}
[6.853210] (px4_msgs) StdoutLine: {'line': b'-- Up-to-date: /home/stepan/ws_ros2/install/px4_msgs/include/px4_msgs/px4_msgs/srv/detail/vehicle_command__builder.hpp\n'}
[6.853409] (px4_msgs) StdoutLine: {'line': b'-- Up-to-date: /home/stepan/ws_ros2/install/px4_msgs/include/px4_msgs/px4_msgs\n'}
[6.853736] (px4_msgs) StdoutLine: {'line': b'-- Up-to-date: /home/stepan/ws_ros2/install/px4_msgs/include/px4_msgs/px4_msgs/msg\n'}
[6.853938] (px4_msgs) StdoutLine: {'line': b'-- Up-to-date: /home/stepan/ws_ros2/install/px4_msgs/include/px4_msgs/px4_msgs/msg/detail\n'}
[6.854233] (px4_msgs) StdoutLine: {'line': b'-- Up-to-date: /home/stepan/ws_ros2/install/px4_msgs/include/px4_msgs/px4_msgs/msg/detail/ackermann_velocity_setpoint__rosidl_typesupport_fastrtps_cpp.hpp\n'}
[6.854448] (px4_msgs) StdoutLine: {'line': b'-- Up-to-date: /home/stepan/ws_ros2/install/px4_msgs/include/px4_msgs/px4_msgs/msg/detail/manual_control_setpoint__rosidl_typesupport_fastrtps_cpp.hpp\n'}
[6.854623] (px4_msgs) StdoutLine: {'line': b'-- Up-to-date: /home/stepan/ws_ros2/install/px4_msgs/include/px4_msgs/px4_msgs/msg/detail/distance_sensor_mode_change_request__rosidl_typesupport_fastrtps_cpp.hpp\n'}
[6.854959] (px4_msgs) StdoutLine: {'line': b'-- Up-to-date: /home/stepan/ws_ros2/install/px4_msgs/include/px4_msgs/px4_msgs/msg/detail/sensor_correction__rosidl_typesupport_fastrtps_cpp.hpp\n'}
[6.855244] (px4_msgs) StdoutLine: {'line': b'-- Up-to-date: /home/stepan/ws_ros2/install/px4_msgs/include/px4_msgs/px4_msgs/msg/detail/dds_fastrtps\n'}
[6.855460] (px4_msgs) StdoutLine: {'line': b'-- Up-to-date: /home/stepan/ws_ros2/install/px4_msgs/include/px4_msgs/px4_msgs/msg/detail/offboard_control_mode__rosidl_typesupport_fastrtps_cpp.hpp\n'}
[6.855644] (px4_msgs) StdoutLine: {'line': b'-- Up-to-date: /home/stepan/ws_ros2/install/px4_msgs/include/px4_msgs/px4_msgs/msg/detail/open_drone_id_operator_id__rosidl_typesupport_fastrtps_cpp.hpp\n'}
[6.855886] (px4_msgs) StdoutLine: {'line': b'-- Up-to-date: /home/stepan/ws_ros2/install/px4_msgs/include/px4_msgs/px4_msgs/msg/detail/sensor_baro__rosidl_typesupport_fastrtps_cpp.hpp\n'}
[6.856101] (px4_msgs) StdoutLine: {'line': b'-- Up-to-date: /home/stepan/ws_ros2/install/px4_msgs/include/px4_msgs/px4_msgs/msg/detail/gpio_request__rosidl_typesupport_fastrtps_cpp.hpp\n'}
[6.856405] (px4_msgs) StdoutLine: {'line': b'-- Up-to-date: /home/stepan/ws_ros2/install/px4_msgs/include/px4_msgs/px4_msgs/msg/detail/iridiumsbd_status__rosidl_typesupport_fastrtps_cpp.hpp\n'}
[6.856676] (px4_msgs) StdoutLine: {'line': b'-- Up-to-date: /home/stepan/ws_ros2/install/px4_msgs/include/px4_msgs/px4_msgs/msg/detail/gimbal_manager_set_manual_control__rosidl_typesupport_fastrtps_cpp.hpp\n'}
[6.857350] (px4_msgs) StdoutLine: {'line': b'-- Up-to-date: /home/stepan/ws_ros2/install/px4_msgs/include/px4_msgs/px4_msgs/msg/detail/rpm__rosidl_typesupport_fastrtps_cpp.hpp\n'}
[6.857632] (px4_msgs) StdoutLine: {'line': b'-- Up-to-date: /home/stepan/ws_ros2/install/px4_msgs/include/px4_msgs/px4_msgs/msg/detail/adc_report__rosidl_typesupport_fastrtps_cpp.hpp\n'}
[6.857852] (px4_msgs) StdoutLine: {'line': b'-- Up-to-date: /home/stepan/ws_ros2/install/px4_msgs/include/px4_msgs/px4_msgs/msg/detail/takeoff_status__rosidl_typesupport_fastrtps_cpp.hpp\n'}
[6.858063] (px4_msgs) StdoutLine: {'line': b'-- Up-to-date: /home/stepan/ws_ros2/install/px4_msgs/include/px4_msgs/px4_msgs/msg/detail/failure_detector_status__rosidl_typesupport_fastrtps_cpp.hpp\n'}
[6.858246] (px4_msgs) StdoutLine: {'line': b'-- Up-to-date: /home/stepan/ws_ros2/install/px4_msgs/include/px4_msgs/px4_msgs/msg/detail/rover_attitude_setpoint__rosidl_typesupport_fastrtps_cpp.hpp\n'}
[6.858417] (-) TimerEvent: {}
[6.858631] (px4_msgs) StdoutLine: {'line': b'-- Up-to-date: /home/stepan/ws_ros2/install/px4_msgs/include/px4_msgs/px4_msgs/msg/detail/vehicle_optical_flow_vel__rosidl_typesupport_fastrtps_cpp.hpp\n'}
[6.858946] (px4_msgs) StdoutLine: {'line': b'-- Up-to-date: /home/stepan/ws_ros2/install/px4_msgs/include/px4_msgs/px4_msgs/msg/detail/open_drone_id_system__rosidl_typesupport_fastrtps_cpp.hpp\n'}
[6.859239] (px4_msgs) StdoutLine: {'line': b'-- Up-to-date: /home/stepan/ws_ros2/install/px4_msgs/include/px4_msgs/px4_msgs/msg/detail/vehicle_thrust_setpoint__rosidl_typesupport_fastrtps_cpp.hpp\n'}
[6.859426] (px4_msgs) StdoutLine: {'line': b'-- Up-to-date: /home/stepan/ws_ros2/install/px4_msgs/include/px4_msgs/px4_msgs/msg/detail/led_control__rosidl_typesupport_fastrtps_cpp.hpp\n'}
[6.859603] (px4_msgs) StdoutLine: {'line': b'-- Up-to-date: /home/stepan/ws_ros2/install/px4_msgs/include/px4_msgs/px4_msgs/msg/detail/tune_control__rosidl_typesupport_fastrtps_cpp.hpp\n'}
[6.859841] (px4_msgs) StdoutLine: {'line': b'-- Up-to-date: /home/stepan/ws_ros2/install/px4_msgs/include/px4_msgs/px4_msgs/msg/detail/action_request__rosidl_typesupport_fastrtps_cpp.hpp\n'}
[6.860118] (px4_msgs) StdoutLine: {'line': b'-- Up-to-date: /home/stepan/ws_ros2/install/px4_msgs/include/px4_msgs/px4_msgs/msg/detail/heater_status__rosidl_typesupport_fastrtps_cpp.hpp\n'}
[6.860315] (px4_msgs) StdoutLine: {'line': b'-- Up-to-date: /home/stepan/ws_ros2/install/px4_msgs/include/px4_msgs/px4_msgs/msg/detail/generator_status__rosidl_typesupport_fastrtps_cpp.hpp\n'}
[6.860889] (px4_msgs) StdoutLine: {'line': b'-- Up-to-date: /home/stepan/ws_ros2/install/px4_msgs/include/px4_msgs/px4_msgs/msg/detail/vehicle_global_position__rosidl_typesupport_fastrtps_cpp.hpp\n'}
[6.861813] (px4_msgs) StdoutLine: {'line': b'-- Up-to-date: /home/stepan/ws_ros2/install/px4_msgs/include/px4_msgs/px4_msgs/msg/detail/esc_report__rosidl_typesupport_fastrtps_cpp.hpp\n'}
[6.862693] (px4_msgs) StdoutLine: {'line': b'-- Up-to-date: /home/stepan/ws_ros2/install/px4_msgs/include/px4_msgs/px4_msgs/msg/detail/vehicle_command__rosidl_typesupport_fastrtps_cpp.hpp\n'}
[6.863586] (px4_msgs) StdoutLine: {'line': b'-- Up-to-date: /home/stepan/ws_ros2/install/px4_msgs/include/px4_msgs/px4_msgs/msg/detail/camera_trigger__rosidl_typesupport_fastrtps_cpp.hpp\n'}
[6.864328] (px4_msgs) StdoutLine: {'line': b'-- Up-to-date: /home/stepan/ws_ros2/install/px4_msgs/include/px4_msgs/px4_msgs/msg/detail/differential_pressure__rosidl_typesupport_fastrtps_cpp.hpp\n'}
[6.864880] (px4_msgs) StdoutLine: {'line': b'-- Up-to-date: /home/stepan/ws_ros2/install/px4_msgs/include/px4_msgs/px4_msgs/msg/detail/landing_target_pose__rosidl_typesupport_fastrtps_cpp.hpp\n'}
[6.867210] (px4_msgs) StdoutLine: {'line': b'-- Up-to-date: /home/stepan/ws_ros2/install/px4_msgs/include/px4_msgs/px4_msgs/msg/detail/airspeed_wind__rosidl_typesupport_fastrtps_cpp.hpp\n'}
[6.867914] (px4_msgs) StdoutLine: {'line': b'-- Up-to-date: /home/stepan/ws_ros2/install/px4_msgs/include/px4_msgs/px4_msgs/msg/detail/vehicle_land_detected__rosidl_typesupport_fastrtps_cpp.hpp\n'}
[6.870005] (px4_msgs) StdoutLine: {'line': b'-- Up-to-date: /home/stepan/ws_ros2/install/px4_msgs/include/px4_msgs/px4_msgs/msg/detail/gimbal_manager_set_attitude__rosidl_typesupport_fastrtps_cpp.hpp\n'}
[6.870407] (px4_msgs) StdoutLine: {'line': b'-- Up-to-date: /home/stepan/ws_ros2/install/px4_msgs/include/px4_msgs/px4_msgs/msg/detail/debug_array__rosidl_typesupport_fastrtps_cpp.hpp\n'}
[6.870699] (px4_msgs) StdoutLine: {'line': b'-- Up-to-date: /home/stepan/ws_ros2/install/px4_msgs/include/px4_msgs/px4_msgs/msg/detail/gps_inject_data__rosidl_typesupport_fastrtps_cpp.hpp\n'}
[6.870930] (px4_msgs) StdoutLine: {'line': b'-- Up-to-date: /home/stepan/ws_ros2/install/px4_msgs/include/px4_msgs/px4_msgs/msg/detail/orbit_status__rosidl_typesupport_fastrtps_cpp.hpp\n'}
[6.871095] (px4_msgs) StdoutLine: {'line': b'-- Up-to-date: /home/stepan/ws_ros2/install/px4_msgs/include/px4_msgs/px4_msgs/msg/detail/debug_value__rosidl_typesupport_fastrtps_cpp.hpp\n'}
[6.871258] (px4_msgs) StdoutLine: {'line': b'-- Up-to-date: /home/stepan/ws_ros2/install/px4_msgs/include/px4_msgs/px4_msgs/msg/detail/battery_status__rosidl_typesupport_fastrtps_cpp.hpp\n'}
[6.871419] (px4_msgs) StdoutLine: {'line': b'-- Up-to-date: /home/stepan/ws_ros2/install/px4_msgs/include/px4_msgs/px4_msgs/msg/detail/vehicle_attitude_setpoint__rosidl_typesupport_fastrtps_cpp.hpp\n'}
[6.871593] (px4_msgs) StdoutLine: {'line': b'-- Up-to-date: /home/stepan/ws_ros2/install/px4_msgs/include/px4_msgs/px4_msgs/msg/detail/gimbal_device_information__rosidl_typesupport_fastrtps_cpp.hpp\n'}
[6.871819] (px4_msgs) StdoutLine: {'line': b'-- Up-to-date: /home/stepan/ws_ros2/install/px4_msgs/include/px4_msgs/px4_msgs/msg/detail/gimbal_manager_status__rosidl_typesupport_fastrtps_cpp.hpp\n'}
[6.872015] (px4_msgs) StdoutLine: {'line': b'-- Up-to-date: /home/stepan/ws_ros2/install/px4_msgs/include/px4_msgs/px4_msgs/msg/detail/flight_phase_estimation__rosidl_typesupport_fastrtps_cpp.hpp\n'}
[6.872178] (px4_msgs) StdoutLine: {'line': b'-- Up-to-date: /home/stepan/ws_ros2/install/px4_msgs/include/px4_msgs/px4_msgs/msg/detail/register_ext_component_request__rosidl_typesupport_fastrtps_cpp.hpp\n'}
[6.872339] (px4_msgs) StdoutLine: {'line': b'-- Up-to-date: /home/stepan/ws_ros2/install/px4_msgs/include/px4_msgs/px4_msgs/msg/detail/vehicle_local_position__rosidl_typesupport_fastrtps_cpp.hpp\n'}
[6.872548] (px4_msgs) StdoutLine: {'line': b'-- Up-to-date: /home/stepan/ws_ros2/install/px4_msgs/include/px4_msgs/px4_msgs/msg/detail/rover_rate_status__rosidl_typesupport_fastrtps_cpp.hpp\n'}
[6.872726] (px4_msgs) StdoutLine: {'line': b'-- Up-to-date: /home/stepan/ws_ros2/install/px4_msgs/include/px4_msgs/px4_msgs/msg/detail/debug_key_value__rosidl_typesupport_fastrtps_cpp.hpp\n'}
[6.873107] (px4_msgs) StdoutLine: {'line': b'-- Up-to-date: /home/stepan/ws_ros2/install/px4_msgs/include/px4_msgs/px4_msgs/msg/detail/vehicle_control_mode__rosidl_typesupport_fastrtps_cpp.hpp\n'}
[6.873377] (px4_msgs) StdoutLine: {'line': b'-- Up-to-date: /home/stepan/ws_ros2/install/px4_msgs/include/px4_msgs/px4_msgs/msg/detail/estimator_aid_source1d__rosidl_typesupport_fastrtps_cpp.hpp\n'}
[6.873755] (px4_msgs) StdoutLine: {'line': b'-- Up-to-date: /home/stepan/ws_ros2/install/px4_msgs/include/px4_msgs/px4_msgs/msg/detail/mission__rosidl_typesupport_fastrtps_cpp.hpp\n'}
[6.873964] (px4_msgs) StdoutLine: {'line': b'-- Up-to-date: /home/stepan/ws_ros2/install/px4_msgs/include/px4_msgs/px4_msgs/msg/detail/orb_test_medium__rosidl_typesupport_fastrtps_cpp.hpp\n'}
[6.874135] (px4_msgs) StdoutLine: {'line': b'-- Up-to-date: /home/stepan/ws_ros2/install/px4_msgs/include/px4_msgs/px4_msgs/msg/detail/sensor_mag__rosidl_typesupport_fastrtps_cpp.hpp\n'}
[6.874322] (px4_msgs) StdoutLine: {'line': b'-- Up-to-date: /home/stepan/ws_ros2/install/px4_msgs/include/px4_msgs/px4_msgs/msg/detail/estimator_status_flags__rosidl_typesupport_fastrtps_cpp.hpp\n'}
[6.874523] (px4_msgs) StdoutLine: {'line': b'-- Up-to-date: /home/stepan/ws_ros2/install/px4_msgs/include/px4_msgs/px4_msgs/msg/detail/rate_ctrl_status__rosidl_typesupport_fastrtps_cpp.hpp\n'}
[6.874725] (px4_msgs) StdoutLine: {'line': b'-- Up-to-date: /home/stepan/ws_ros2/install/px4_msgs/include/px4_msgs/px4_msgs/msg/detail/estimator_selector_status__rosidl_typesupport_fastrtps_cpp.hpp\n'}
[6.874923] (px4_msgs) StdoutLine: {'line': b'-- Up-to-date: /home/stepan/ws_ros2/install/px4_msgs/include/px4_msgs/px4_msgs/msg/detail/home_position__rosidl_typesupport_fastrtps_cpp.hpp\n'}
[6.875680] (px4_msgs) StdoutLine: {'line': b'-- Up-to-date: /home/stepan/ws_ros2/install/px4_msgs/include/px4_msgs/px4_msgs/msg/detail/log_message__rosidl_typesupport_fastrtps_cpp.hpp\n'}
[6.875953] (px4_msgs) StdoutLine: {'line': b'-- Up-to-date: /home/stepan/ws_ros2/install/px4_msgs/include/px4_msgs/px4_msgs/msg/detail/landing_target_innovations__rosidl_typesupport_fastrtps_cpp.hpp\n'}
[6.876174] (px4_msgs) StdoutLine: {'line': b'-- Up-to-date: /home/stepan/ws_ros2/install/px4_msgs/include/px4_msgs/px4_msgs/msg/detail/rover_attitude_status__rosidl_typesupport_fastrtps_cpp.hpp\n'}
[6.876355] (px4_msgs) StdoutLine: {'line': b'-- Up-to-date: /home/stepan/ws_ros2/install/px4_msgs/include/px4_msgs/px4_msgs/msg/detail/gimbal_device_set_attitude__rosidl_typesupport_fastrtps_cpp.hpp\n'}
[6.876522] (px4_msgs) StdoutLine: {'line': b'-- Up-to-date: /home/stepan/ws_ros2/install/px4_msgs/include/px4_msgs/px4_msgs/msg/detail/task_stack_info__rosidl_typesupport_fastrtps_cpp.hpp\n'}
[6.876860] (px4_msgs) StdoutLine: {'line': b'-- Up-to-date: /home/stepan/ws_ros2/install/px4_msgs/include/px4_msgs/px4_msgs/msg/detail/sensor_optical_flow__rosidl_typesupport_fastrtps_cpp.hpp\n'}
[6.877031] (px4_msgs) StdoutLine: {'line': b'-- Up-to-date: /home/stepan/ws_ros2/install/px4_msgs/include/px4_msgs/px4_msgs/msg/detail/normalized_unsigned_setpoint__rosidl_typesupport_fastrtps_cpp.hpp\n'}
[6.877172] (px4_msgs) StdoutLine: {'line': b'-- Up-to-date: /home/stepan/ws_ros2/install/px4_msgs/include/px4_msgs/px4_msgs/msg/detail/failsafe_flags__rosidl_typesupport_fastrtps_cpp.hpp\n'}
[6.877294] (px4_msgs) StdoutLine: {'line': b'-- Up-to-date: /home/stepan/ws_ros2/install/px4_msgs/include/px4_msgs/px4_msgs/msg/detail/sensor_gyro_fft__rosidl_typesupport_fastrtps_cpp.hpp\n'}
[6.877417] (px4_msgs) StdoutLine: {'line': b'-- Up-to-date: /home/stepan/ws_ros2/install/px4_msgs/include/px4_msgs/px4_msgs/msg/detail/obstacle_distance__rosidl_typesupport_fastrtps_cpp.hpp\n'}
[6.877522] (px4_msgs) StdoutLine: {'line': b'-- Up-to-date: /home/stepan/ws_ros2/install/px4_msgs/include/px4_msgs/px4_msgs/msg/detail/vehicle_roi__rosidl_typesupport_fastrtps_cpp.hpp\n'}
[6.877649] (px4_msgs) StdoutLine: {'line': b'-- Up-to-date: /home/stepan/ws_ros2/install/px4_msgs/include/px4_msgs/px4_msgs/msg/detail/message_format_response__rosidl_typesupport_fastrtps_cpp.hpp\n'}
[6.878679] (px4_msgs) StdoutLine: {'line': b'-- Up-to-date: /home/stepan/ws_ros2/install/px4_msgs/include/px4_msgs/px4_msgs/msg/detail/trajectory_setpoint__rosidl_typesupport_fastrtps_cpp.hpp\n'}
[6.879803] (px4_msgs) StdoutLine: {'line': b'-- Up-to-date: /home/stepan/ws_ros2/install/px4_msgs/include/px4_msgs/px4_msgs/msg/detail/estimator_states__rosidl_typesupport_fastrtps_cpp.hpp\n'}
[6.880444] (px4_msgs) StdoutLine: {'line': b'-- Up-to-date: /home/stepan/ws_ros2/install/px4_msgs/include/px4_msgs/px4_msgs/msg/detail/dataman_request__rosidl_typesupport_fastrtps_cpp.hpp\n'}
[6.881989] (px4_msgs) StdoutLine: {'line': b'-- Up-to-date: /home/stepan/ws_ros2/install/px4_msgs/include/px4_msgs/px4_msgs/msg/detail/sensor_gyro__rosidl_typesupport_fastrtps_cpp.hpp\n'}
[6.882667] (px4_msgs) StdoutLine: {'line': b'-- Up-to-date: /home/stepan/ws_ros2/install/px4_msgs/include/px4_msgs/px4_msgs/msg/detail/sensor_gps__rosidl_typesupport_fastrtps_cpp.hpp\n'}
[6.883443] (px4_msgs) StdoutLine: {'line': b'-- Up-to-date: /home/stepan/ws_ros2/install/px4_msgs/include/px4_msgs/px4_msgs/msg/detail/open_drone_id_self_id__rosidl_typesupport_fastrtps_cpp.hpp\n'}
[6.884002] (px4_msgs) StdoutLine: {'line': b'-- Up-to-date: /home/stepan/ws_ros2/install/px4_msgs/include/px4_msgs/px4_msgs/msg/detail/unregister_ext_component__rosidl_typesupport_fastrtps_cpp.hpp\n'}
[6.884700] (px4_msgs) StdoutLine: {'line': b'-- Up-to-date: /home/stepan/ws_ros2/install/px4_msgs/include/px4_msgs/px4_msgs/msg/detail/geofence_result__rosidl_typesupport_fastrtps_cpp.hpp\n'}
[6.885124] (px4_msgs) StdoutLine: {'line': b'-- Up-to-date: /home/stepan/ws_ros2/install/px4_msgs/include/px4_msgs/px4_msgs/msg/detail/rc_parameter_map__rosidl_typesupport_fastrtps_cpp.hpp\n'}
[6.885626] (px4_msgs) StdoutLine: {'line': b'-- Up-to-date: /home/stepan/ws_ros2/install/px4_msgs/include/px4_msgs/px4_msgs/msg/detail/sensor_airflow__rosidl_typesupport_fastrtps_cpp.hpp\n'}
[6.885962] (px4_msgs) StdoutLine: {'line': b'-- Up-to-date: /home/stepan/ws_ros2/install/px4_msgs/include/px4_msgs/px4_msgs/msg/detail/vtol_vehicle_status__rosidl_typesupport_fastrtps_cpp.hpp\n'}
[6.886205] (px4_msgs) StdoutLine: {'line': b'-- Up-to-date: /home/stepan/ws_ros2/install/px4_msgs/include/px4_msgs/px4_msgs/msg/detail/collision_constraints__rosidl_typesupport_fastrtps_cpp.hpp\n'}
[6.886438] (px4_msgs) StdoutLine: {'line': b'-- Up-to-date: /home/stepan/ws_ros2/install/px4_msgs/include/px4_msgs/px4_msgs/msg/detail/sensors_status__rosidl_typesupport_fastrtps_cpp.hpp\n'}
[6.886655] (px4_msgs) StdoutLine: {'line': b'-- Up-to-date: /home/stepan/ws_ros2/install/px4_msgs/include/px4_msgs/px4_msgs/msg/detail/estimator_sensor_bias__rosidl_typesupport_fastrtps_cpp.hpp\n'}
[6.887284] (px4_msgs) StdoutLine: {'line': b'-- Up-to-date: /home/stepan/ws_ros2/install/px4_msgs/include/px4_msgs/px4_msgs/msg/detail/health_report__rosidl_typesupport_fastrtps_cpp.hpp\n'}
[6.888374] (px4_msgs) StdoutLine: {'line': b'-- Up-to-date: /home/stepan/ws_ros2/install/px4_msgs/include/px4_msgs/px4_msgs/msg/detail/onboard_computer_status__rosidl_typesupport_fastrtps_cpp.hpp\n'}
[6.889667] (px4_msgs) StdoutLine: {'line': b'-- Up-to-date: /home/stepan/ws_ros2/install/px4_msgs/include/px4_msgs/px4_msgs/msg/detail/gimbal_manager_information__rosidl_typesupport_fastrtps_cpp.hpp\n'}
[6.889993] (px4_msgs) StdoutLine: {'line': b'-- Up-to-date: /home/stepan/ws_ros2/install/px4_msgs/include/px4_msgs/px4_msgs/msg/detail/dataman_response__rosidl_typesupport_fastrtps_cpp.hpp\n'}
[6.890168] (px4_msgs) StdoutLine: {'line': b'-- Up-to-date: /home/stepan/ws_ros2/install/px4_msgs/include/px4_msgs/px4_msgs/msg/detail/orb_test__rosidl_typesupport_fastrtps_cpp.hpp\n'}
[6.890474] (px4_msgs) StdoutLine: {'line': b'-- Up-to-date: /home/stepan/ws_ros2/install/px4_msgs/include/px4_msgs/px4_msgs/msg/detail/vehicle_constraints__rosidl_typesupport_fastrtps_cpp.hpp\n'}
[6.890746] (px4_msgs) StdoutLine: {'line': b'-- Up-to-date: /home/stepan/ws_ros2/install/px4_msgs/include/px4_msgs/px4_msgs/msg/detail/navigator_mission_item__rosidl_typesupport_fastrtps_cpp.hpp\n'}
[6.890962] (px4_msgs) StdoutLine: {'line': b'-- Up-to-date: /home/stepan/ws_ros2/install/px4_msgs/include/px4_msgs/px4_msgs/msg/detail/yaw_estimator_status__rosidl_typesupport_fastrtps_cpp.hpp\n'}
[6.891123] (px4_msgs) StdoutLine: {'line': b'-- Up-to-date: /home/stepan/ws_ros2/install/px4_msgs/include/px4_msgs/px4_msgs/msg/detail/rc_channels__rosidl_typesupport_fastrtps_cpp.hpp\n'}
[6.891306] (px4_msgs) StdoutLine: {'line': b'-- Up-to-date: /home/stepan/ws_ros2/install/px4_msgs/include/px4_msgs/px4_msgs/msg/detail/gpio_config__rosidl_typesupport_fastrtps_cpp.hpp\n'}
[6.891479] (px4_msgs) StdoutLine: {'line': b'-- Up-to-date: /home/stepan/ws_ros2/install/px4_msgs/include/px4_msgs/px4_msgs/msg/detail/hover_thrust_estimate__rosidl_typesupport_fastrtps_cpp.hpp\n'}
[6.891666] (px4_msgs) StdoutLine: {'line': b'-- Up-to-date: /home/stepan/ws_ros2/install/px4_msgs/include/px4_msgs/px4_msgs/msg/detail/goto_setpoint__rosidl_typesupport_fastrtps_cpp.hpp\n'}
[6.892217] (px4_msgs) StdoutLine: {'line': b'-- Up-to-date: /home/stepan/ws_ros2/install/px4_msgs/include/px4_msgs/px4_msgs/msg/detail/sensor_gyro_fifo__rosidl_typesupport_fastrtps_cpp.hpp\n'}
[6.892424] (px4_msgs) StdoutLine: {'line': b'-- Up-to-date: /home/stepan/ws_ros2/install/px4_msgs/include/px4_msgs/px4_msgs/msg/detail/gpio_in__rosidl_typesupport_fastrtps_cpp.hpp\n'}
[6.892593] (px4_msgs) StdoutLine: {'line': b'-- Up-to-date: /home/stepan/ws_ros2/install/px4_msgs/include/px4_msgs/px4_msgs/msg/detail/config_overrides__rosidl_typesupport_fastrtps_cpp.hpp\n'}
[6.892942] (px4_msgs) StdoutLine: {'line': b'-- Up-to-date: /home/stepan/ws_ros2/install/px4_msgs/include/px4_msgs/px4_msgs/msg/detail/vehicle_angular_velocity__rosidl_typesupport_fastrtps_cpp.hpp\n'}
[6.893207] (px4_msgs) StdoutLine: {'line': b'-- Up-to-date: /home/stepan/ws_ros2/install/px4_msgs/include/px4_msgs/px4_msgs/msg/detail/arming_check_request__rosidl_typesupport_fastrtps_cpp.hpp\n'}
[6.893382] (px4_msgs) StdoutLine: {'line': b'-- Up-to-date: /home/stepan/ws_ros2/install/px4_msgs/include/px4_msgs/px4_msgs/msg/detail/qshell_req__rosidl_typesupport_fastrtps_cpp.hpp\n'}
[6.893544] (px4_msgs) StdoutLine: {'line': b'-- Up-to-date: /home/stepan/ws_ros2/install/px4_msgs/include/px4_msgs/px4_msgs/msg/detail/control_allocator_status__rosidl_typesupport_fastrtps_cpp.hpp\n'}
[6.893705] (px4_msgs) StdoutLine: {'line': b'-- Up-to-date: /home/stepan/ws_ros2/install/px4_msgs/include/px4_msgs/px4_msgs/msg/detail/estimator_bias__rosidl_typesupport_fastrtps_cpp.hpp\n'}
[6.893962] (px4_msgs) StdoutLine: {'line': b'-- Up-to-date: /home/stepan/ws_ros2/install/px4_msgs/include/px4_msgs/px4_msgs/msg/detail/camera_capture__rosidl_typesupport_fastrtps_cpp.hpp\n'}
[6.894167] (px4_msgs) StdoutLine: {'line': b'-- Up-to-date: /home/stepan/ws_ros2/install/px4_msgs/include/px4_msgs/px4_msgs/msg/detail/magnetometer_bias_estimate__rosidl_typesupport_fastrtps_cpp.hpp\n'}
[6.894344] (px4_msgs) StdoutLine: {'line': b'-- Up-to-date: /home/stepan/ws_ros2/install/px4_msgs/include/px4_msgs/px4_msgs/msg/detail/position_controller_status__rosidl_typesupport_fastrtps_cpp.hpp\n'}
[6.894621] (px4_msgs) StdoutLine: {'line': b'-- Up-to-date: /home/stepan/ws_ros2/install/px4_msgs/include/px4_msgs/px4_msgs/msg/detail/mount_orientation__rosidl_typesupport_fastrtps_cpp.hpp\n'}
[6.894807] (px4_msgs) StdoutLine: {'line': b'-- Up-to-date: /home/stepan/ws_ros2/install/px4_msgs/include/px4_msgs/px4_msgs/msg/detail/trajectory_setpoint6dof__rosidl_typesupport_fastrtps_cpp.hpp\n'}
[6.894990] (px4_msgs) StdoutLine: {'line': b'-- Up-to-date: /home/stepan/ws_ros2/install/px4_msgs/include/px4_msgs/px4_msgs/msg/detail/irlock_report__rosidl_typesupport_fastrtps_cpp.hpp\n'}
[6.895187] (px4_msgs) StdoutLine: {'line': b'-- Up-to-date: /home/stepan/ws_ros2/install/px4_msgs/include/px4_msgs/px4_msgs/msg/detail/actuator_servos__rosidl_typesupport_fastrtps_cpp.hpp\n'}
[6.895361] (px4_msgs) StdoutLine: {'line': b'-- Up-to-date: /home/stepan/ws_ros2/install/px4_msgs/include/px4_msgs/px4_msgs/msg/detail/sensor_accel__rosidl_typesupport_fastrtps_cpp.hpp\n'}
[6.895519] (px4_msgs) StdoutLine: {'line': b'-- Up-to-date: /home/stepan/ws_ros2/install/px4_msgs/include/px4_msgs/px4_msgs/msg/detail/figure_eight_status__rosidl_typesupport_fastrtps_cpp.hpp\n'}
[6.895688] (px4_msgs) StdoutLine: {'line': b'-- Up-to-date: /home/stepan/ws_ros2/install/px4_msgs/include/px4_msgs/px4_msgs/msg/detail/navigator_status__rosidl_typesupport_fastrtps_cpp.hpp\n'}
[6.895869] (px4_msgs) StdoutLine: {'line': b'-- Up-to-date: /home/stepan/ws_ros2/install/px4_msgs/include/px4_msgs/px4_msgs/msg/detail/power_monitor__rosidl_typesupport_fastrtps_cpp.hpp\n'}
[6.896064] (px4_msgs) StdoutLine: {'line': b'-- Up-to-date: /home/stepan/ws_ros2/install/px4_msgs/include/px4_msgs/px4_msgs/msg/detail/mode_completed__rosidl_typesupport_fastrtps_cpp.hpp\n'}
[6.896232] (px4_msgs) StdoutLine: {'line': b'-- Up-to-date: /home/stepan/ws_ros2/install/px4_msgs/include/px4_msgs/px4_msgs/msg/detail/geofence_status__rosidl_typesupport_fastrtps_cpp.hpp\n'}
[6.896388] (px4_msgs) StdoutLine: {'line': b'-- Up-to-date: /home/stepan/ws_ros2/install/px4_msgs/include/px4_msgs/px4_msgs/msg/detail/npfg_status__rosidl_typesupport_fastrtps_cpp.hpp\n'}
[6.896589] (px4_msgs) StdoutLine: {'line': b'-- Up-to-date: /home/stepan/ws_ros2/install/px4_msgs/include/px4_msgs/px4_msgs/msg/detail/actuator_test__rosidl_typesupport_fastrtps_cpp.hpp\n'}
[6.897017] (px4_msgs) StdoutLine: {'line': b'-- Up-to-date: /home/stepan/ws_ros2/install/px4_msgs/include/px4_msgs/px4_msgs/msg/detail/estimator_aid_source3d__rosidl_typesupport_fastrtps_cpp.hpp\n'}
[6.897190] (px4_msgs) StdoutLine: {'line': b'-- Up-to-date: /home/stepan/ws_ros2/install/px4_msgs/include/px4_msgs/px4_msgs/msg/detail/gpio_out__rosidl_typesupport_fastrtps_cpp.hpp\n'}
[6.897323] (px4_msgs) StdoutLine: {'line': b'-- Up-to-date: /home/stepan/ws_ros2/install/px4_msgs/include/px4_msgs/px4_msgs/msg/detail/vehicle_command_ack__rosidl_typesupport_fastrtps_cpp.hpp\n'}
[6.897502] (px4_msgs) StdoutLine: {'line': b'-- Up-to-date: /home/stepan/ws_ros2/install/px4_msgs/include/px4_msgs/px4_msgs/msg/detail/pwm_input__rosidl_typesupport_fastrtps_cpp.hpp\n'}
[6.897817] (px4_msgs) StdoutLine: {'line': b'-- Up-to-date: /home/stepan/ws_ros2/install/px4_msgs/include/px4_msgs/px4_msgs/msg/detail/rover_throttle_setpoint__rosidl_typesupport_fastrtps_cpp.hpp\n'}
[6.898867] (px4_msgs) StdoutLine: {'line': b'-- Up-to-date: /home/stepan/ws_ros2/install/px4_msgs/include/px4_msgs/px4_msgs/msg/detail/orb_test_large__rosidl_typesupport_fastrtps_cpp.hpp\n'}
[6.899510] (px4_msgs) StdoutLine: {'line': b'-- Up-to-date: /home/stepan/ws_ros2/install/px4_msgs/include/px4_msgs/px4_msgs/msg/detail/wheel_encoders__rosidl_typesupport_fastrtps_cpp.hpp\n'}
[6.900331] (px4_msgs) StdoutLine: {'line': b'-- Up-to-date: /home/stepan/ws_ros2/install/px4_msgs/include/px4_msgs/px4_msgs/msg/detail/pure_pursuit_status__rosidl_typesupport_fastrtps_cpp.hpp\n'}
[6.901211] (px4_msgs) StdoutLine: {'line': b'-- Up-to-date: /home/stepan/ws_ros2/install/px4_msgs/include/px4_msgs/px4_msgs/msg/detail/mavlink_log__rosidl_typesupport_fastrtps_cpp.hpp\n'}
[6.901519] (px4_msgs) StdoutLine: {'line': b'-- Up-to-date: /home/stepan/ws_ros2/install/px4_msgs/include/px4_msgs/px4_msgs/msg/detail/cpuload__rosidl_typesupport_fastrtps_cpp.hpp\n'}
[6.902144] (px4_msgs) StdoutLine: {'line': b'-- Up-to-date: /home/stepan/ws_ros2/install/px4_msgs/include/px4_msgs/px4_msgs/msg/detail/mag_worker_data__rosidl_typesupport_fastrtps_cpp.hpp\n'}
[6.902557] (px4_msgs) StdoutLine: {'line': b'-- Up-to-date: /home/stepan/ws_ros2/install/px4_msgs/include/px4_msgs/px4_msgs/msg/detail/mavlink_tunnel__rosidl_typesupport_fastrtps_cpp.hpp\n'}
[6.903445] (px4_msgs) StdoutLine: {'line': b'-- Up-to-date: /home/stepan/ws_ros2/install/px4_msgs/include/px4_msgs/px4_msgs/msg/detail/gimbal_device_attitude_status__rosidl_typesupport_fastrtps_cpp.hpp\n'}
[6.903834] (px4_msgs) StdoutLine: {'line': b'-- Up-to-date: /home/stepan/ws_ros2/install/px4_msgs/include/px4_msgs/px4_msgs/msg/detail/satellite_info__rosidl_typesupport_fastrtps_cpp.hpp\n'}
[6.904026] (px4_msgs) StdoutLine: {'line': b'-- Up-to-date: /home/stepan/ws_ros2/install/px4_msgs/include/px4_msgs/px4_msgs/msg/detail/camera_status__rosidl_typesupport_fastrtps_cpp.hpp\n'}
[6.904210] (px4_msgs) StdoutLine: {'line': b'-- Up-to-date: /home/stepan/ws_ros2/install/px4_msgs/include/px4_msgs/px4_msgs/msg/detail/ulog_stream_ack__rosidl_typesupport_fastrtps_cpp.hpp\n'}
[6.904501] (px4_msgs) StdoutLine: {'line': b'-- Up-to-date: /home/stepan/ws_ros2/install/px4_msgs/include/px4_msgs/px4_msgs/msg/detail/logger_status__rosidl_typesupport_fastrtps_cpp.hpp\n'}
[6.904708] (px4_msgs) StdoutLine: {'line': b'-- Up-to-date: /home/stepan/ws_ros2/install/px4_msgs/include/px4_msgs/px4_msgs/msg/detail/message_format_request__rosidl_typesupport_fastrtps_cpp.hpp\n'}
[6.905881] (px4_msgs) StdoutLine: {'line': b'-- Up-to-date: /home/stepan/ws_ros2/install/px4_msgs/include/px4_msgs/px4_msgs/msg/detail/estimator_status__rosidl_typesupport_fastrtps_cpp.hpp\n'}
[6.906230] (px4_msgs) StdoutLine: {'line': b'-- Up-to-date: /home/stepan/ws_ros2/install/px4_msgs/include/px4_msgs/px4_msgs/msg/detail/sensor_selection__rosidl_typesupport_fastrtps_cpp.hpp\n'}
[6.907384] (px4_msgs) StdoutLine: {'line': b'-- Up-to-date: /home/stepan/ws_ros2/install/px4_msgs/include/px4_msgs/px4_msgs/msg/detail/internal_combustion_engine_status__rosidl_typesupport_fastrtps_cpp.hpp\n'}
[6.909861] (px4_msgs) StdoutLine: {'line': b'-- Up-to-date: /home/stepan/ws_ros2/install/px4_msgs/include/px4_msgs/px4_msgs/msg/detail/position_controller_landing_status__rosidl_typesupport_fastrtps_cpp.hpp\n'}
[6.910178] (px4_msgs) StdoutLine: {'line': b'-- Up-to-date: /home/stepan/ws_ros2/install/px4_msgs/include/px4_msgs/px4_msgs/msg/detail/position_setpoint_triplet__rosidl_typesupport_fastrtps_cpp.hpp\n'}
[6.910590] (px4_msgs) StdoutLine: {'line': b'-- Up-to-date: /home/stepan/ws_ros2/install/px4_msgs/include/px4_msgs/px4_msgs/msg/detail/power_button_state__rosidl_typesupport_fastrtps_cpp.hpp\n'}
[6.910833] (px4_msgs) StdoutLine: {'line': b'-- Up-to-date: /home/stepan/ws_ros2/install/px4_msgs/include/px4_msgs/px4_msgs/msg/detail/vehicle_imu_status__rosidl_typesupport_fastrtps_cpp.hpp\n'}
[6.910980] (px4_msgs) StdoutLine: {'line': b'-- Up-to-date: /home/stepan/ws_ros2/install/px4_msgs/include/px4_msgs/px4_msgs/msg/detail/landing_gear_wheel__rosidl_typesupport_fastrtps_cpp.hpp\n'}
[6.911211] (px4_msgs) StdoutLine: {'line': b'-- Up-to-date: /home/stepan/ws_ros2/install/px4_msgs/include/px4_msgs/px4_msgs/msg/detail/open_drone_id_arm_status__rosidl_typesupport_fastrtps_cpp.hpp\n'}
[6.911409] (px4_msgs) StdoutLine: {'line': b'-- Up-to-date: /home/stepan/ws_ros2/install/px4_msgs/include/px4_msgs/px4_msgs/msg/detail/actuator_servos_trim__rosidl_typesupport_fastrtps_cpp.hpp\n'}
[6.911585] (px4_msgs) StdoutLine: {'line': b'-- Up-to-date: /home/stepan/ws_ros2/install/px4_msgs/include/px4_msgs/px4_msgs/msg/detail/vehicle_imu__rosidl_typesupport_fastrtps_cpp.hpp\n'}
[6.911901] (px4_msgs) StdoutLine: {'line': b'-- Up-to-date: /home/stepan/ws_ros2/install/px4_msgs/include/px4_msgs/px4_msgs/msg/detail/position_setpoint__rosidl_typesupport_fastrtps_cpp.hpp\n'}
[6.912221] (px4_msgs) StdoutLine: {'line': b'-- Up-to-date: /home/stepan/ws_ros2/install/px4_msgs/include/px4_msgs/px4_msgs/msg/detail/vehicle_optical_flow__rosidl_typesupport_fastrtps_cpp.hpp\n'}
[6.913112] (px4_msgs) StdoutLine: {'line': b'-- Up-to-date: /home/stepan/ws_ros2/install/px4_msgs/include/px4_msgs/px4_msgs/msg/detail/telemetry_status__rosidl_typesupport_fastrtps_cpp.hpp\n'}
[6.913335] (px4_msgs) StdoutLine: {'line': b'-- Up-to-date: /home/stepan/ws_ros2/install/px4_msgs/include/px4_msgs/px4_msgs/msg/detail/sensor_gnss_relative__rosidl_typesupport_fastrtps_cpp.hpp\n'}
[6.913515] (px4_msgs) StdoutLine: {'line': b'-- Up-to-date: /home/stepan/ws_ros2/install/px4_msgs/include/px4_msgs/px4_msgs/msg/detail/actuator_motors__rosidl_typesupport_fastrtps_cpp.hpp\n'}
[6.913685] (px4_msgs) StdoutLine: {'line': b'-- Up-to-date: /home/stepan/ws_ros2/install/px4_msgs/include/px4_msgs/px4_msgs/msg/detail/parameter_update__rosidl_typesupport_fastrtps_cpp.hpp\n'}
[6.914036] (px4_msgs) StdoutLine: {'line': b'-- Up-to-date: /home/stepan/ws_ros2/install/px4_msgs/include/px4_msgs/px4_msgs/msg/detail/sensor_combined__rosidl_typesupport_fastrtps_cpp.hpp\n'}
[6.914214] (px4_msgs) StdoutLine: {'line': b'-- Up-to-date: /home/stepan/ws_ros2/install/px4_msgs/include/px4_msgs/px4_msgs/msg/detail/rtl_status__rosidl_typesupport_fastrtps_cpp.hpp\n'}
[6.914384] (px4_msgs) StdoutLine: {'line': b'-- Up-to-date: /home/stepan/ws_ros2/install/px4_msgs/include/px4_msgs/px4_msgs/msg/detail/distance_sensor__rosidl_typesupport_fastrtps_cpp.hpp\n'}
[6.914552] (px4_msgs) StdoutLine: {'line': b'-- Up-to-date: /home/stepan/ws_ros2/install/px4_msgs/include/px4_msgs/px4_msgs/msg/detail/button_event__rosidl_typesupport_fastrtps_cpp.hpp\n'}
[6.914747] (px4_msgs) StdoutLine: {'line': b'-- Up-to-date: /home/stepan/ws_ros2/install/px4_msgs/include/px4_msgs/px4_msgs/msg/detail/sensor_preflight_mag__rosidl_typesupport_fastrtps_cpp.hpp\n'}
[6.916250] (px4_msgs) StdoutLine: {'line': b'-- Up-to-date: /home/stepan/ws_ros2/install/px4_msgs/include/px4_msgs/px4_msgs/msg/detail/can_interface_status__rosidl_typesupport_fastrtps_cpp.hpp\n'}
[6.916952] (px4_msgs) StdoutLine: {'line': b'-- Up-to-date: /home/stepan/ws_ros2/install/px4_msgs/include/px4_msgs/px4_msgs/msg/detail/timesync_status__rosidl_typesupport_fastrtps_cpp.hpp\n'}
[6.918105] (px4_msgs) StdoutLine: {'line': b'-- Up-to-date: /home/stepan/ws_ros2/install/px4_msgs/include/px4_msgs/px4_msgs/msg/detail/sensor_uwb__rosidl_typesupport_fastrtps_cpp.hpp\n'}
[6.920081] (px4_msgs) StdoutLine: {'line': b'-- Up-to-date: /home/stepan/ws_ros2/install/px4_msgs/include/px4_msgs/px4_msgs/msg/detail/radio_status__rosidl_typesupport_fastrtps_cpp.hpp\n'}
[6.920911] (px4_msgs) StdoutLine: {'line': b'-- Up-to-date: /home/stepan/ws_ros2/install/px4_msgs/include/px4_msgs/px4_msgs/msg/detail/vehicle_attitude__rosidl_typesupport_fastrtps_cpp.hpp\n'}
[6.922395] (px4_msgs) StdoutLine: {'line': b'-- Up-to-date: /home/stepan/ws_ros2/install/px4_msgs/include/px4_msgs/px4_msgs/msg/detail/wind__rosidl_typesupport_fastrtps_cpp.hpp\n'}
[6.922735] (px4_msgs) StdoutLine: {'line': b'-- Up-to-date: /home/stepan/ws_ros2/install/px4_msgs/include/px4_msgs/px4_msgs/msg/detail/mission_result__rosidl_typesupport_fastrtps_cpp.hpp\n'}
[6.924149] (px4_msgs) StdoutLine: {'line': b'-- Up-to-date: /home/stepan/ws_ros2/install/px4_msgs/include/px4_msgs/px4_msgs/msg/detail/sensors_status_imu__rosidl_typesupport_fastrtps_cpp.hpp\n'}
[6.924444] (px4_msgs) StdoutLine: {'line': b'-- Up-to-date: /home/stepan/ws_ros2/install/px4_msgs/include/px4_msgs/px4_msgs/msg/detail/debug_vect__rosidl_typesupport_fastrtps_cpp.hpp\n'}
[6.924704] (px4_msgs) StdoutLine: {'line': b'-- Up-to-date: /home/stepan/ws_ros2/install/px4_msgs/include/px4_msgs/px4_msgs/msg/detail/estimator_event_flags__rosidl_typesupport_fastrtps_cpp.hpp\n'}
[6.925203] (px4_msgs) StdoutLine: {'line': b'-- Up-to-date: /home/stepan/ws_ros2/install/px4_msgs/include/px4_msgs/px4_msgs/msg/detail/internal_combustion_engine_control__rosidl_typesupport_fastrtps_cpp.hpp\n'}
[6.925686] (px4_msgs) StdoutLine: {'line': b'-- Up-to-date: /home/stepan/ws_ros2/install/px4_msgs/include/px4_msgs/px4_msgs/msg/detail/arming_check_reply__rosidl_typesupport_fastrtps_cpp.hpp\n'}
[6.926248] (px4_msgs) StdoutLine: {'line': b'-- Up-to-date: /home/stepan/ws_ros2/install/px4_msgs/include/px4_msgs/px4_msgs/msg/detail/parameter_reset_request__rosidl_typesupport_fastrtps_cpp.hpp\n'}
[6.926433] (px4_msgs) StdoutLine: {'line': b'-- Up-to-date: /home/stepan/ws_ros2/install/px4_msgs/include/px4_msgs/px4_msgs/msg/detail/cellular_status__rosidl_typesupport_fastrtps_cpp.hpp\n'}
[6.926615] (px4_msgs) StdoutLine: {'line': b'-- Up-to-date: /home/stepan/ws_ros2/install/px4_msgs/include/px4_msgs/px4_msgs/msg/detail/fuel_tank_status__rosidl_typesupport_fastrtps_cpp.hpp\n'}
[6.926864] (px4_msgs) StdoutLine: {'line': b'-- Up-to-date: /home/stepan/ws_ros2/install/px4_msgs/include/px4_msgs/px4_msgs/msg/detail/uavcan_parameter_value__rosidl_typesupport_fastrtps_cpp.hpp\n'}
[6.927029] (px4_msgs) StdoutLine: {'line': b'-- Up-to-date: /home/stepan/ws_ros2/install/px4_msgs/include/px4_msgs/px4_msgs/msg/detail/input_rc__rosidl_typesupport_fastrtps_cpp.hpp\n'}
[6.927181] (px4_msgs) StdoutLine: {'line': b'-- Up-to-date: /home/stepan/ws_ros2/install/px4_msgs/include/px4_msgs/px4_msgs/msg/detail/rover_rate_setpoint__rosidl_typesupport_fastrtps_cpp.hpp\n'}
[6.927351] (px4_msgs) StdoutLine: {'line': b'-- Up-to-date: /home/stepan/ws_ros2/install/px4_msgs/include/px4_msgs/px4_msgs/msg/detail/rover_position_setpoint__rosidl_typesupport_fastrtps_cpp.hpp\n'}
[6.927512] (px4_msgs) StdoutLine: {'line': b'-- Up-to-date: /home/stepan/ws_ros2/install/px4_msgs/include/px4_msgs/px4_msgs/msg/detail/gps_dump__rosidl_typesupport_fastrtps_cpp.hpp\n'}
[6.927676] (px4_msgs) StdoutLine: {'line': b'-- Up-to-date: /home/stepan/ws_ros2/install/px4_msgs/include/px4_msgs/px4_msgs/msg/detail/vehicle_local_position_setpoint__rosidl_typesupport_fastrtps_cpp.hpp\n'}
[6.927898] (px4_msgs) StdoutLine: {'line': b'-- Up-to-date: /home/stepan/ws_ros2/install/px4_msgs/include/px4_msgs/px4_msgs/msg/detail/landing_gear__rosidl_typesupport_fastrtps_cpp.hpp\n'}
[6.928073] (px4_msgs) StdoutLine: {'line': b'-- Up-to-date: /home/stepan/ws_ros2/install/px4_msgs/include/px4_msgs/px4_msgs/msg/detail/ulog_stream__rosidl_typesupport_fastrtps_cpp.hpp\n'}
[6.928244] (px4_msgs) StdoutLine: {'line': b'-- Up-to-date: /home/stepan/ws_ros2/install/px4_msgs/include/px4_msgs/px4_msgs/msg/detail/tiltrotor_extra_controls__rosidl_typesupport_fastrtps_cpp.hpp\n'}
[6.928435] (px4_msgs) StdoutLine: {'line': b'-- Up-to-date: /home/stepan/ws_ros2/install/px4_msgs/include/px4_msgs/px4_msgs/msg/detail/actuator_outputs__rosidl_typesupport_fastrtps_cpp.hpp\n'}
[6.928611] (px4_msgs) StdoutLine: {'line': b'-- Up-to-date: /home/stepan/ws_ros2/install/px4_msgs/include/px4_msgs/px4_msgs/msg/detail/rtl_time_estimate__rosidl_typesupport_fastrtps_cpp.hpp\n'}
[6.928787] (px4_msgs) StdoutLine: {'line': b'-- Up-to-date: /home/stepan/ws_ros2/install/px4_msgs/include/px4_msgs/px4_msgs/msg/detail/vehicle_torque_setpoint__rosidl_typesupport_fastrtps_cpp.hpp\n'}
[6.928958] (px4_msgs) StdoutLine: {'line': b'-- Up-to-date: /home/stepan/ws_ros2/install/px4_msgs/include/px4_msgs/px4_msgs/msg/detail/system_power__rosidl_typesupport_fastrtps_cpp.hpp\n'}
[6.929116] (px4_msgs) StdoutLine: {'line': b'-- Up-to-date: /home/stepan/ws_ros2/install/px4_msgs/include/px4_msgs/px4_msgs/msg/detail/estimator_aid_source2d__rosidl_typesupport_fastrtps_cpp.hpp\n'}
[6.929271] (px4_msgs) StdoutLine: {'line': b'-- Up-to-date: /home/stepan/ws_ros2/install/px4_msgs/include/px4_msgs/px4_msgs/msg/detail/tecs_status__rosidl_typesupport_fastrtps_cpp.hpp\n'}
[6.929485] (px4_msgs) StdoutLine: {'line': b'-- Up-to-date: /home/stepan/ws_ros2/install/px4_msgs/include/px4_msgs/px4_msgs/msg/detail/esc_status__rosidl_typesupport_fastrtps_cpp.hpp\n'}
[6.929674] (px4_msgs) StdoutLine: {'line': b'-- Up-to-date: /home/stepan/ws_ros2/install/px4_msgs/include/px4_msgs/px4_msgs/msg/detail/vehicle_status__rosidl_typesupport_fastrtps_cpp.hpp\n'}
[6.929871] (px4_msgs) StdoutLine: {'line': b'-- Up-to-date: /home/stepan/ws_ros2/install/px4_msgs/include/px4_msgs/px4_msgs/msg/detail/gripper__rosidl_typesupport_fastrtps_cpp.hpp\n'}
[6.930116] (px4_msgs) StdoutLine: {'line': b'-- Up-to-date: /home/stepan/ws_ros2/install/px4_msgs/include/px4_msgs/px4_msgs/msg/detail/follow_target__rosidl_typesupport_fastrtps_cpp.hpp\n'}
[6.930286] (px4_msgs) StdoutLine: {'line': b'-- Up-to-date: /home/stepan/ws_ros2/install/px4_msgs/include/px4_msgs/px4_msgs/msg/detail/vehicle_angular_acceleration_setpoint__rosidl_typesupport_fastrtps_cpp.hpp\n'}
[6.930480] (px4_msgs) StdoutLine: {'line': b'-- Up-to-date: /home/stepan/ws_ros2/install/px4_msgs/include/px4_msgs/px4_msgs/msg/detail/manual_control_switches__rosidl_typesupport_fastrtps_cpp.hpp\n'}
[6.932549] (px4_msgs) StdoutLine: {'line': b'-- Up-to-date: /home/stepan/ws_ros2/install/px4_msgs/include/px4_msgs/px4_msgs/msg/detail/vehicle_rates_setpoint__rosidl_typesupport_fastrtps_cpp.hpp\n'}
[6.933209] (px4_msgs) StdoutLine: {'line': b'-- Up-to-date: /home/stepan/ws_ros2/install/px4_msgs/include/px4_msgs/px4_msgs/msg/detail/estimator_innovations__rosidl_typesupport_fastrtps_cpp.hpp\n'}
[6.934269] (px4_msgs) StdoutLine: {'line': b'-- Up-to-date: /home/stepan/ws_ros2/install/px4_msgs/include/px4_msgs/px4_msgs/msg/detail/ping__rosidl_typesupport_fastrtps_cpp.hpp\n'}
[6.934982] (px4_msgs) StdoutLine: {'line': b'-- Up-to-date: /home/stepan/ws_ros2/install/px4_msgs/include/px4_msgs/px4_msgs/msg/detail/pps_capture__rosidl_typesupport_fastrtps_cpp.hpp\n'}
[6.935671] (px4_msgs) StdoutLine: {'line': b'-- Up-to-date: /home/stepan/ws_ros2/install/px4_msgs/include/px4_msgs/px4_msgs/msg/detail/parameter_set_value_request__rosidl_typesupport_fastrtps_cpp.hpp\n'}
[6.936952] (px4_msgs) StdoutLine: {'line': b'-- Up-to-date: /home/stepan/ws_ros2/install/px4_msgs/include/px4_msgs/px4_msgs/msg/detail/follow_target_status__rosidl_typesupport_fastrtps_cpp.hpp\n'}
[6.938666] (px4_msgs) StdoutLine: {'line': b'-- Up-to-date: /home/stepan/ws_ros2/install/px4_msgs/include/px4_msgs/px4_msgs/msg/detail/vehicle_air_data__rosidl_typesupport_fastrtps_cpp.hpp\n'}
[6.939774] (px4_msgs) StdoutLine: {'line': b'-- Up-to-date: /home/stepan/ws_ros2/install/px4_msgs/include/px4_msgs/px4_msgs/msg/detail/register_ext_component_reply__rosidl_typesupport_fastrtps_cpp.hpp\n'}
[6.940035] (px4_msgs) StdoutLine: {'line': b'-- Up-to-date: /home/stepan/ws_ros2/install/px4_msgs/include/px4_msgs/px4_msgs/msg/detail/qshell_retval__rosidl_typesupport_fastrtps_cpp.hpp\n'}
[6.940204] (px4_msgs) StdoutLine: {'line': b'-- Up-to-date: /home/stepan/ws_ros2/install/px4_msgs/include/px4_msgs/px4_msgs/msg/detail/uavcan_parameter_request__rosidl_typesupport_fastrtps_cpp.hpp\n'}
[6.940396] (px4_msgs) StdoutLine: {'line': b'-- Up-to-date: /home/stepan/ws_ros2/install/px4_msgs/include/px4_msgs/px4_msgs/msg/detail/launch_detection_status__rosidl_typesupport_fastrtps_cpp.hpp\n'}
[6.940555] (px4_msgs) StdoutLine: {'line': b'-- Up-to-date: /home/stepan/ws_ros2/install/px4_msgs/include/px4_msgs/px4_msgs/msg/detail/vehicle_magnetometer__rosidl_typesupport_fastrtps_cpp.hpp\n'}
[6.940728] (px4_msgs) StdoutLine: {'line': b'-- Up-to-date: /home/stepan/ws_ros2/install/px4_msgs/include/px4_msgs/px4_msgs/msg/detail/estimator_gps_status__rosidl_typesupport_fastrtps_cpp.hpp\n'}
[6.940915] (px4_msgs) StdoutLine: {'line': b'-- Up-to-date: /home/stepan/ws_ros2/install/px4_msgs/include/px4_msgs/px4_msgs/msg/detail/ekf2_timestamps__rosidl_typesupport_fastrtps_cpp.hpp\n'}
[6.941068] (px4_msgs) StdoutLine: {'line': b'-- Up-to-date: /home/stepan/ws_ros2/install/px4_msgs/include/px4_msgs/px4_msgs/msg/detail/vehicle_acceleration__rosidl_typesupport_fastrtps_cpp.hpp\n'}
[6.941284] (px4_msgs) StdoutLine: {'line': b'-- Up-to-date: /home/stepan/ws_ros2/install/px4_msgs/include/px4_msgs/px4_msgs/msg/detail/velocity_limits__rosidl_typesupport_fastrtps_cpp.hpp\n'}
[6.941500] (px4_msgs) StdoutLine: {'line': b'-- Up-to-date: /home/stepan/ws_ros2/install/px4_msgs/include/px4_msgs/px4_msgs/msg/detail/airspeed__rosidl_typesupport_fastrtps_cpp.hpp\n'}
[6.941785] (px4_msgs) StdoutLine: {'line': b'-- Up-to-date: /home/stepan/ws_ros2/install/px4_msgs/include/px4_msgs/px4_msgs/msg/detail/follow_target_estimator__rosidl_typesupport_fastrtps_cpp.hpp\n'}
[6.942150] (px4_msgs) StdoutLine: {'line': b'-- Up-to-date: /home/stepan/ws_ros2/install/px4_msgs/include/px4_msgs/px4_msgs/msg/detail/sensor_accel_fifo__rosidl_typesupport_fastrtps_cpp.hpp\n'}
[6.942651] (px4_msgs) StdoutLine: {'line': b'-- Up-to-date: /home/stepan/ws_ros2/install/px4_msgs/include/px4_msgs/px4_msgs/msg/detail/actuator_armed__rosidl_typesupport_fastrtps_cpp.hpp\n'}
[6.942940] (px4_msgs) StdoutLine: {'line': b'-- Up-to-date: /home/stepan/ws_ros2/install/px4_msgs/include/px4_msgs/px4_msgs/msg/detail/px4io_status__rosidl_typesupport_fastrtps_cpp.hpp\n'}
[6.943183] (px4_msgs) StdoutLine: {'line': b'-- Up-to-date: /home/stepan/ws_ros2/install/px4_msgs/include/px4_msgs/px4_msgs/msg/detail/parameter_set_used_request__rosidl_typesupport_fastrtps_cpp.hpp\n'}
[6.943341] (px4_msgs) StdoutLine: {'line': b'-- Up-to-date: /home/stepan/ws_ros2/install/px4_msgs/include/px4_msgs/px4_msgs/msg/detail/estimator_bias3d__rosidl_typesupport_fastrtps_cpp.hpp\n'}
[6.943495] (px4_msgs) StdoutLine: {'line': b'-- Up-to-date: /home/stepan/ws_ros2/install/px4_msgs/include/px4_msgs/px4_msgs/msg/detail/sensor_hygrometer__rosidl_typesupport_fastrtps_cpp.hpp\n'}
[6.943669] (px4_msgs) StdoutLine: {'line': b'-- Up-to-date: /home/stepan/ws_ros2/install/px4_msgs/include/px4_msgs/px4_msgs/msg/detail/event__rosidl_typesupport_fastrtps_cpp.hpp\n'}
[6.943866] (px4_msgs) StdoutLine: {'line': b'-- Up-to-date: /home/stepan/ws_ros2/install/px4_msgs/include/px4_msgs/px4_msgs/msg/detail/vehicle_odometry__rosidl_typesupport_fastrtps_cpp.hpp\n'}
[6.944033] (px4_msgs) StdoutLine: {'line': b'-- Up-to-date: /home/stepan/ws_ros2/install/px4_msgs/include/px4_msgs/px4_msgs/msg/detail/rover_velocity_status__rosidl_typesupport_fastrtps_cpp.hpp\n'}
[6.944209] (px4_msgs) StdoutLine: {'line': b'-- Up-to-date: /home/stepan/ws_ros2/install/px4_msgs/include/px4_msgs/px4_msgs/msg/detail/rover_steering_setpoint__rosidl_typesupport_fastrtps_cpp.hpp\n'}
[6.944373] (px4_msgs) StdoutLine: {'line': b'-- Up-to-date: /home/stepan/ws_ros2/install/px4_msgs/include/px4_msgs/px4_msgs/msg/detail/parameter_set_value_response__rosidl_typesupport_fastrtps_cpp.hpp\n'}
[6.944558] (px4_msgs) StdoutLine: {'line': b'-- Up-to-date: /home/stepan/ws_ros2/install/px4_msgs/include/px4_msgs/px4_msgs/msg/detail/airspeed_validated__rosidl_typesupport_fastrtps_cpp.hpp\n'}
[6.944737] (px4_msgs) StdoutLine: {'line': b'-- Up-to-date: /home/stepan/ws_ros2/install/px4_msgs/include/px4_msgs/px4_msgs/msg/detail/autotune_attitude_control_status__rosidl_typesupport_fastrtps_cpp.hpp\n'}
[6.944987] (px4_msgs) StdoutLine: {'line': b'-- Up-to-date: /home/stepan/ws_ros2/install/px4_msgs/include/px4_msgs/px4_msgs/msg/detail/transponder_report__rosidl_typesupport_fastrtps_cpp.hpp\n'}
[6.945163] (px4_msgs) StdoutLine: {'line': b'-- Up-to-date: /home/stepan/ws_ros2/install/px4_msgs/include/px4_msgs/px4_msgs/msg/detail/actuator_controls_status__rosidl_typesupport_fastrtps_cpp.hpp\n'}
[6.945334] (px4_msgs) StdoutLine: {'line': b'-- Up-to-date: /home/stepan/ws_ros2/install/px4_msgs/include/px4_msgs/px4_msgs/msg/detail/gimbal_controls__rosidl_typesupport_fastrtps_cpp.hpp\n'}
[6.945491] (px4_msgs) StdoutLine: {'line': b'-- Up-to-date: /home/stepan/ws_ros2/install/px4_msgs/include/px4_msgs/px4_msgs/msg/rosidl_typesupport_fastrtps_cpp__visibility_control.h\n'}
[6.945644] (px4_msgs) StdoutLine: {'line': b'-- Up-to-date: /home/stepan/ws_ros2/install/px4_msgs/include/px4_msgs/px4_msgs/srv\n'}
[6.945887] (px4_msgs) StdoutLine: {'line': b'-- Up-to-date: /home/stepan/ws_ros2/install/px4_msgs/include/px4_msgs/px4_msgs/srv/detail\n'}
[6.946075] (px4_msgs) StdoutLine: {'line': b'-- Up-to-date: /home/stepan/ws_ros2/install/px4_msgs/include/px4_msgs/px4_msgs/srv/detail/dds_fastrtps\n'}
[6.946248] (px4_msgs) StdoutLine: {'line': b'-- Up-to-date: /home/stepan/ws_ros2/install/px4_msgs/include/px4_msgs/px4_msgs/srv/detail/vehicle_command__rosidl_typesupport_fastrtps_cpp.hpp\n'}
[6.946447] (px4_msgs) StdoutLine: {'line': b'-- Up-to-date: /home/stepan/ws_ros2/install/px4_msgs/lib/libpx4_msgs__rosidl_typesupport_fastrtps_cpp.so\n'}
[6.947499] (px4_msgs) StdoutLine: {'line': b'-- Up-to-date: /home/stepan/ws_ros2/install/px4_msgs/include/px4_msgs/px4_msgs\n'}
[6.948595] (px4_msgs) StdoutLine: {'line': b'-- Up-to-date: /home/stepan/ws_ros2/install/px4_msgs/include/px4_msgs/px4_msgs/msg\n'}
[6.949148] (px4_msgs) StdoutLine: {'line': b'-- Up-to-date: /home/stepan/ws_ros2/install/px4_msgs/include/px4_msgs/px4_msgs/msg/detail\n'}
[6.950063] (px4_msgs) StdoutLine: {'line': b'-- Up-to-date: /home/stepan/ws_ros2/install/px4_msgs/include/px4_msgs/px4_msgs/msg/detail/debug_key_value__rosidl_typesupport_introspection_c.h\n'}
[6.950651] (px4_msgs) StdoutLine: {'line': b'-- Up-to-date: /home/stepan/ws_ros2/install/px4_msgs/include/px4_msgs/px4_msgs/msg/detail/vehicle_command_ack__type_support.c\n'}
[6.951535] (px4_msgs) StdoutLine: {'line': b'-- Up-to-date: /home/stepan/ws_ros2/install/px4_msgs/include/px4_msgs/px4_msgs/msg/detail/estimator_states__rosidl_typesupport_introspection_c.h\n'}
[6.952355] (px4_msgs) StdoutLine: {'line': b'-- Up-to-date: /home/stepan/ws_ros2/install/px4_msgs/include/px4_msgs/px4_msgs/msg/detail/autotune_attitude_control_status__rosidl_typesupport_introspection_c.h\n'}
[6.952701] (px4_msgs) StdoutLine: {'line': b'-- Up-to-date: /home/stepan/ws_ros2/install/px4_msgs/include/px4_msgs/px4_msgs/msg/detail/sensor_gyro_fft__rosidl_typesupport_introspection_c.h\n'}
[6.952987] (px4_msgs) StdoutLine: {'line': b'-- Up-to-date: /home/stepan/ws_ros2/install/px4_msgs/include/px4_msgs/px4_msgs/msg/detail/follow_target__type_support.c\n'}
[6.953210] (px4_msgs) StdoutLine: {'line': b'-- Up-to-date: /home/stepan/ws_ros2/install/px4_msgs/include/px4_msgs/px4_msgs/msg/detail/can_interface_status__rosidl_typesupport_introspection_c.h\n'}
[6.953416] (px4_msgs) StdoutLine: {'line': b'-- Up-to-date: /home/stepan/ws_ros2/install/px4_msgs/include/px4_msgs/px4_msgs/msg/detail/estimator_aid_source2d__type_support.c\n'}
[6.953636] (px4_msgs) StdoutLine: {'line': b'-- Up-to-date: /home/stepan/ws_ros2/install/px4_msgs/include/px4_msgs/px4_msgs/msg/detail/sensor_uwb__rosidl_typesupport_introspection_c.h\n'}
[6.953939] (px4_msgs) StdoutLine: {'line': b'-- Up-to-date: /home/stepan/ws_ros2/install/px4_msgs/include/px4_msgs/px4_msgs/msg/detail/gimbal_manager_status__rosidl_typesupport_introspection_c.h\n'}
[6.954076] (px4_msgs) StdoutLine: {'line': b'-- Up-to-date: /home/stepan/ws_ros2/install/px4_msgs/include/px4_msgs/px4_msgs/msg/detail/sensor_gyro__type_support.c\n'}
[6.954253] (px4_msgs) StdoutLine: {'line': b'-- Up-to-date: /home/stepan/ws_ros2/install/px4_msgs/include/px4_msgs/px4_msgs/msg/detail/follow_target_estimator__rosidl_typesupport_introspection_c.h\n'}
[6.954420] (px4_msgs) StdoutLine: {'line': b'-- Up-to-date: /home/stepan/ws_ros2/install/px4_msgs/include/px4_msgs/px4_msgs/msg/detail/rtl_status__rosidl_typesupport_introspection_c.h\n'}
[6.954582] (px4_msgs) StdoutLine: {'line': b'-- Up-to-date: /home/stepan/ws_ros2/install/px4_msgs/include/px4_msgs/px4_msgs/msg/detail/debug_value__type_support.c\n'}
[6.954916] (px4_msgs) StdoutLine: {'line': b'-- Up-to-date: /home/stepan/ws_ros2/install/px4_msgs/include/px4_msgs/px4_msgs/msg/detail/onboard_computer_status__type_support.c\n'}
[6.955095] (px4_msgs) StdoutLine: {'line': b'-- Up-to-date: /home/stepan/ws_ros2/install/px4_msgs/include/px4_msgs/px4_msgs/msg/detail/gpio_in__rosidl_typesupport_introspection_c.h\n'}
[6.955257] (px4_msgs) StdoutLine: {'line': b'-- Up-to-date: /home/stepan/ws_ros2/install/px4_msgs/include/px4_msgs/px4_msgs/msg/detail/generator_status__rosidl_typesupport_introspection_c.h\n'}
[6.955395] (px4_msgs) StdoutLine: {'line': b'-- Up-to-date: /home/stepan/ws_ros2/install/px4_msgs/include/px4_msgs/px4_msgs/msg/detail/launch_detection_status__type_support.c\n'}
[6.955564] (px4_msgs) StdoutLine: {'line': b'-- Up-to-date: /home/stepan/ws_ros2/install/px4_msgs/include/px4_msgs/px4_msgs/msg/detail/camera_status__rosidl_typesupport_introspection_c.h\n'}
[6.955939] (px4_msgs) StdoutLine: {'line': b'-- Up-to-date: /home/stepan/ws_ros2/install/px4_msgs/include/px4_msgs/px4_msgs/msg/detail/sensor_uwb__type_support.c\n'}
[6.956193] (px4_msgs) StdoutLine: {'line': b'-- Up-to-date: /home/stepan/ws_ros2/install/px4_msgs/include/px4_msgs/px4_msgs/msg/detail/ulog_stream__type_support.c\n'}
[6.956671] (px4_msgs) StdoutLine: {'line': b'-- Up-to-date: /home/stepan/ws_ros2/install/px4_msgs/include/px4_msgs/px4_msgs/msg/detail/gimbal_device_information__type_support.c\n'}
[6.958020] (px4_msgs) StdoutLine: {'line': b'-- Up-to-date: /home/stepan/ws_ros2/install/px4_msgs/include/px4_msgs/px4_msgs/msg/detail/sensor_baro__rosidl_typesupport_introspection_c.h\n'}
[6.958460] (-) TimerEvent: {}
[6.959025] (px4_msgs) StdoutLine: {'line': b'-- Up-to-date: /home/stepan/ws_ros2/install/px4_msgs/include/px4_msgs/px4_msgs/msg/detail/distance_sensor__type_support.c\n'}
[6.959317] (px4_msgs) StdoutLine: {'line': b'-- Up-to-date: /home/stepan/ws_ros2/install/px4_msgs/include/px4_msgs/px4_msgs/msg/detail/pure_pursuit_status__type_support.c\n'}
[6.959559] (px4_msgs) StdoutLine: {'line': b'-- Up-to-date: /home/stepan/ws_ros2/install/px4_msgs/include/px4_msgs/px4_msgs/msg/detail/power_monitor__rosidl_typesupport_introspection_c.h\n'}
[6.959798] (px4_msgs) StdoutLine: {'line': b'-- Up-to-date: /home/stepan/ws_ros2/install/px4_msgs/include/px4_msgs/px4_msgs/msg/detail/home_position__type_support.c\n'}
[6.960382] (px4_msgs) StdoutLine: {'line': b'-- Up-to-date: /home/stepan/ws_ros2/install/px4_msgs/include/px4_msgs/px4_msgs/msg/detail/mavlink_log__type_support.c\n'}
[6.960575] (px4_msgs) StdoutLine: {'line': b'-- Up-to-date: /home/stepan/ws_ros2/install/px4_msgs/include/px4_msgs/px4_msgs/msg/detail/position_setpoint__rosidl_typesupport_introspection_c.h\n'}
[6.960752] (px4_msgs) StdoutLine: {'line': b'-- Up-to-date: /home/stepan/ws_ros2/install/px4_msgs/include/px4_msgs/px4_msgs/msg/detail/position_setpoint_triplet__rosidl_typesupport_introspection_c.h\n'}
[6.961004] (px4_msgs) StdoutLine: {'line': b'-- Up-to-date: /home/stepan/ws_ros2/install/px4_msgs/include/px4_msgs/px4_msgs/msg/detail/gimbal_manager_set_attitude__type_support.c\n'}
[6.961308] (px4_msgs) StdoutLine: {'line': b'-- Up-to-date: /home/stepan/ws_ros2/install/px4_msgs/include/px4_msgs/px4_msgs/msg/detail/gpio_config__rosidl_typesupport_introspection_c.h\n'}
[6.961465] (px4_msgs) StdoutLine: {'line': b'-- Up-to-date: /home/stepan/ws_ros2/install/px4_msgs/include/px4_msgs/px4_msgs/msg/detail/dataman_response__rosidl_typesupport_introspection_c.h\n'}
[6.961601] (px4_msgs) StdoutLine: {'line': b'-- Up-to-date: /home/stepan/ws_ros2/install/px4_msgs/include/px4_msgs/px4_msgs/msg/detail/gps_inject_data__rosidl_typesupport_introspection_c.h\n'}
[6.961700] (px4_msgs) StdoutLine: {'line': b'-- Up-to-date: /home/stepan/ws_ros2/install/px4_msgs/include/px4_msgs/px4_msgs/msg/detail/qshell_retval__rosidl_typesupport_introspection_c.h\n'}
[6.961895] (px4_msgs) StdoutLine: {'line': b'-- Up-to-date: /home/stepan/ws_ros2/install/px4_msgs/include/px4_msgs/px4_msgs/msg/detail/estimator_innovations__rosidl_typesupport_introspection_c.h\n'}
[6.962069] (px4_msgs) StdoutLine: {'line': b'-- Up-to-date: /home/stepan/ws_ros2/install/px4_msgs/include/px4_msgs/px4_msgs/msg/detail/parameter_set_value_response__type_support.c\n'}
[6.962222] (px4_msgs) StdoutLine: {'line': b'-- Up-to-date: /home/stepan/ws_ros2/install/px4_msgs/include/px4_msgs/px4_msgs/msg/detail/estimator_gps_status__rosidl_typesupport_introspection_c.h\n'}
[6.962349] (px4_msgs) StdoutLine: {'line': b'-- Up-to-date: /home/stepan/ws_ros2/install/px4_msgs/include/px4_msgs/px4_msgs/msg/detail/gpio_in__type_support.c\n'}
[6.962442] (px4_msgs) StdoutLine: {'line': b'-- Up-to-date: /home/stepan/ws_ros2/install/px4_msgs/include/px4_msgs/px4_msgs/msg/detail/wind__rosidl_typesupport_introspection_c.h\n'}
[6.962533] (px4_msgs) StdoutLine: {'line': b'-- Up-to-date: /home/stepan/ws_ros2/install/px4_msgs/include/px4_msgs/px4_msgs/msg/detail/estimator_bias__rosidl_typesupport_introspection_c.h\n'}
[6.962624] (px4_msgs) StdoutLine: {'line': b'-- Up-to-date: /home/stepan/ws_ros2/install/px4_msgs/include/px4_msgs/px4_msgs/msg/detail/takeoff_status__rosidl_typesupport_introspection_c.h\n'}
[6.962736] (px4_msgs) StdoutLine: {'line': b'-- Up-to-date: /home/stepan/ws_ros2/install/px4_msgs/include/px4_msgs/px4_msgs/msg/detail/follow_target_estimator__type_support.c\n'}
[6.962843] (px4_msgs) StdoutLine: {'line': b'-- Up-to-date: /home/stepan/ws_ros2/install/px4_msgs/include/px4_msgs/px4_msgs/msg/detail/manual_control_switches__rosidl_typesupport_introspection_c.h\n'}
[6.962936] (px4_msgs) StdoutLine: {'line': b'-- Up-to-date: /home/stepan/ws_ros2/install/px4_msgs/include/px4_msgs/px4_msgs/msg/detail/orb_test_medium__rosidl_typesupport_introspection_c.h\n'}
[6.963043] (px4_msgs) StdoutLine: {'line': b'-- Up-to-date: /home/stepan/ws_ros2/install/px4_msgs/include/px4_msgs/px4_msgs/msg/detail/launch_detection_status__rosidl_typesupport_introspection_c.h\n'}
[6.963292] (px4_msgs) StdoutLine: {'line': b'-- Up-to-date: /home/stepan/ws_ros2/install/px4_msgs/include/px4_msgs/px4_msgs/msg/detail/estimator_aid_source3d__rosidl_typesupport_introspection_c.h\n'}
[6.963474] (px4_msgs) StdoutLine: {'line': b'-- Up-to-date: /home/stepan/ws_ros2/install/px4_msgs/include/px4_msgs/px4_msgs/msg/detail/open_drone_id_system__rosidl_typesupport_introspection_c.h\n'}
[6.963600] (px4_msgs) StdoutLine: {'line': b'-- Up-to-date: /home/stepan/ws_ros2/install/px4_msgs/include/px4_msgs/px4_msgs/msg/detail/rover_attitude_setpoint__type_support.c\n'}
[6.963751] (px4_msgs) StdoutLine: {'line': b'-- Up-to-date: /home/stepan/ws_ros2/install/px4_msgs/include/px4_msgs/px4_msgs/msg/detail/event__type_support.c\n'}
[6.964126] (px4_msgs) StdoutLine: {'line': b'-- Up-to-date: /home/stepan/ws_ros2/install/px4_msgs/include/px4_msgs/px4_msgs/msg/detail/sensor_selection__rosidl_typesupport_introspection_c.h\n'}
[6.964963] (px4_msgs) StdoutLine: {'line': b'-- Up-to-date: /home/stepan/ws_ros2/install/px4_msgs/include/px4_msgs/px4_msgs/msg/detail/trajectory_setpoint6dof__type_support.c\n'}
[6.965944] (px4_msgs) StdoutLine: {'line': b'-- Up-to-date: /home/stepan/ws_ros2/install/px4_msgs/include/px4_msgs/px4_msgs/msg/detail/internal_combustion_engine_control__type_support.c\n'}
[6.966874] (px4_msgs) StdoutLine: {'line': b'-- Up-to-date: /home/stepan/ws_ros2/install/px4_msgs/include/px4_msgs/px4_msgs/msg/detail/esc_report__type_support.c\n'}
[6.967430] (px4_msgs) StdoutLine: {'line': b'-- Up-to-date: /home/stepan/ws_ros2/install/px4_msgs/include/px4_msgs/px4_msgs/msg/detail/debug_value__rosidl_typesupport_introspection_c.h\n'}
[6.967962] (px4_msgs) StdoutLine: {'line': b'-- Up-to-date: /home/stepan/ws_ros2/install/px4_msgs/include/px4_msgs/px4_msgs/msg/detail/estimator_aid_source1d__type_support.c\n'}
[6.968337] (px4_msgs) StdoutLine: {'line': b'-- Up-to-date: /home/stepan/ws_ros2/install/px4_msgs/include/px4_msgs/px4_msgs/msg/detail/sensor_gyro_fifo__type_support.c\n'}
[6.969215] (px4_msgs) StdoutLine: {'line': b'-- Up-to-date: /home/stepan/ws_ros2/install/px4_msgs/include/px4_msgs/px4_msgs/msg/detail/heater_status__type_support.c\n'}
[6.970135] (px4_msgs) StdoutLine: {'line': b'-- Up-to-date: /home/stepan/ws_ros2/install/px4_msgs/include/px4_msgs/px4_msgs/msg/detail/sensors_status_imu__rosidl_typesupport_introspection_c.h\n'}
[6.970563] (px4_msgs) StdoutLine: {'line': b'-- Up-to-date: /home/stepan/ws_ros2/install/px4_msgs/include/px4_msgs/px4_msgs/msg/detail/vehicle_local_position__type_support.c\n'}
[6.971368] (px4_msgs) StdoutLine: {'line': b'-- Up-to-date: /home/stepan/ws_ros2/install/px4_msgs/include/px4_msgs/px4_msgs/msg/detail/sensors_status__rosidl_typesupport_introspection_c.h\n'}
[6.972139] (px4_msgs) StdoutLine: {'line': b'-- Up-to-date: /home/stepan/ws_ros2/install/px4_msgs/include/px4_msgs/px4_msgs/msg/detail/goto_setpoint__type_support.c\n'}
[6.972694] (px4_msgs) StdoutLine: {'line': b'-- Up-to-date: /home/stepan/ws_ros2/install/px4_msgs/include/px4_msgs/px4_msgs/msg/detail/gpio_config__type_support.c\n'}
[6.973962] (px4_msgs) StdoutLine: {'line': b'-- Up-to-date: /home/stepan/ws_ros2/install/px4_msgs/include/px4_msgs/px4_msgs/msg/detail/pwm_input__type_support.c\n'}
[6.974472] (px4_msgs) StdoutLine: {'line': b'-- Up-to-date: /home/stepan/ws_ros2/install/px4_msgs/include/px4_msgs/px4_msgs/msg/detail/parameter_reset_request__type_support.c\n'}
[6.974908] (px4_msgs) StdoutLine: {'line': b'-- Up-to-date: /home/stepan/ws_ros2/install/px4_msgs/include/px4_msgs/px4_msgs/msg/detail/differential_pressure__rosidl_typesupport_introspection_c.h\n'}
[6.975127] (px4_msgs) StdoutLine: {'line': b'-- Up-to-date: /home/stepan/ws_ros2/install/px4_msgs/include/px4_msgs/px4_msgs/msg/detail/vehicle_optical_flow_vel__type_support.c\n'}
[6.975295] (px4_msgs) StdoutLine: {'line': b'-- Up-to-date: /home/stepan/ws_ros2/install/px4_msgs/include/px4_msgs/px4_msgs/msg/detail/ackermann_velocity_setpoint__type_support.c\n'}
[6.975490] (px4_msgs) StdoutLine: {'line': b'-- Up-to-date: /home/stepan/ws_ros2/install/px4_msgs/include/px4_msgs/px4_msgs/msg/detail/actuator_servos_trim__type_support.c\n'}
[6.975668] (px4_msgs) StdoutLine: {'line': b'-- Up-to-date: /home/stepan/ws_ros2/install/px4_msgs/include/px4_msgs/px4_msgs/msg/detail/sensors_status_imu__type_support.c\n'}
[6.977362] (px4_msgs) StdoutLine: {'line': b'-- Up-to-date: /home/stepan/ws_ros2/install/px4_msgs/include/px4_msgs/px4_msgs/msg/detail/vehicle_optical_flow_vel__rosidl_typesupport_introspection_c.h\n'}
[6.977638] (px4_msgs) StdoutLine: {'line': b'-- Up-to-date: /home/stepan/ws_ros2/install/px4_msgs/include/px4_msgs/px4_msgs/msg/detail/vehicle_attitude_setpoint__rosidl_typesupport_introspection_c.h\n'}
[6.978473] (px4_msgs) StdoutLine: {'line': b'-- Up-to-date: /home/stepan/ws_ros2/install/px4_msgs/include/px4_msgs/px4_msgs/msg/detail/satellite_info__rosidl_typesupport_introspection_c.h\n'}
[6.978701] (px4_msgs) StdoutLine: {'line': b'-- Up-to-date: /home/stepan/ws_ros2/install/px4_msgs/include/px4_msgs/px4_msgs/msg/detail/heater_status__rosidl_typesupport_introspection_c.h\n'}
[6.979365] (px4_msgs) StdoutLine: {'line': b'-- Up-to-date: /home/stepan/ws_ros2/install/px4_msgs/include/px4_msgs/px4_msgs/msg/detail/position_controller_status__rosidl_typesupport_introspection_c.h\n'}
[6.979605] (px4_msgs) StdoutLine: {'line': b'-- Up-to-date: /home/stepan/ws_ros2/install/px4_msgs/include/px4_msgs/px4_msgs/msg/detail/sensor_accel__rosidl_typesupport_introspection_c.h\n'}
[6.979854] (px4_msgs) StdoutLine: {'line': b'-- Up-to-date: /home/stepan/ws_ros2/install/px4_msgs/include/px4_msgs/px4_msgs/msg/detail/figure_eight_status__type_support.c\n'}
[6.980281] (px4_msgs) StdoutLine: {'line': b'-- Up-to-date: /home/stepan/ws_ros2/install/px4_msgs/include/px4_msgs/px4_msgs/msg/detail/hover_thrust_estimate__rosidl_typesupport_introspection_c.h\n'}
[6.980587] (px4_msgs) StdoutLine: {'line': b'-- Up-to-date: /home/stepan/ws_ros2/install/px4_msgs/include/px4_msgs/px4_msgs/msg/detail/camera_trigger__type_support.c\n'}
[6.981830] (px4_msgs) StdoutLine: {'line': b'-- Up-to-date: /home/stepan/ws_ros2/install/px4_msgs/include/px4_msgs/px4_msgs/msg/detail/mode_completed__rosidl_typesupport_introspection_c.h\n'}
[6.982784] (px4_msgs) StdoutLine: {'line': b'-- Up-to-date: /home/stepan/ws_ros2/install/px4_msgs/include/px4_msgs/px4_msgs/msg/detail/vehicle_torque_setpoint__rosidl_typesupport_introspection_c.h\n'}
[6.983577] (px4_msgs) StdoutLine: {'line': b'-- Up-to-date: /home/stepan/ws_ros2/install/px4_msgs/include/px4_msgs/px4_msgs/msg/detail/sensor_hygrometer__type_support.c\n'}
[6.984234] (px4_msgs) StdoutLine: {'line': b'-- Up-to-date: /home/stepan/ws_ros2/install/px4_msgs/include/px4_msgs/px4_msgs/msg/detail/iridiumsbd_status__rosidl_typesupport_introspection_c.h\n'}
[6.985058] (px4_msgs) StdoutLine: {'line': b'-- Up-to-date: /home/stepan/ws_ros2/install/px4_msgs/include/px4_msgs/px4_msgs/msg/detail/vehicle_thrust_setpoint__rosidl_typesupport_introspection_c.h\n'}
[6.985335] (px4_msgs) StdoutLine: {'line': b'-- Up-to-date: /home/stepan/ws_ros2/install/px4_msgs/include/px4_msgs/px4_msgs/msg/detail/rover_velocity_status__rosidl_typesupport_introspection_c.h\n'}
[6.985951] (px4_msgs) StdoutLine: {'line': b'-- Up-to-date: /home/stepan/ws_ros2/install/px4_msgs/include/px4_msgs/px4_msgs/msg/detail/event__rosidl_typesupport_introspection_c.h\n'}
[6.986402] (px4_msgs) StdoutLine: {'line': b'-- Up-to-date: /home/stepan/ws_ros2/install/px4_msgs/include/px4_msgs/px4_msgs/msg/detail/tecs_status__rosidl_typesupport_introspection_c.h\n'}
[6.987660] (px4_msgs) StdoutLine: {'line': b'-- Up-to-date: /home/stepan/ws_ros2/install/px4_msgs/include/px4_msgs/px4_msgs/msg/detail/gps_inject_data__type_support.c\n'}
[6.988227] (px4_msgs) StdoutLine: {'line': b'-- Up-to-date: /home/stepan/ws_ros2/install/px4_msgs/include/px4_msgs/px4_msgs/msg/detail/wheel_encoders__rosidl_typesupport_introspection_c.h\n'}
[6.989009] (px4_msgs) StdoutLine: {'line': b'-- Up-to-date: /home/stepan/ws_ros2/install/px4_msgs/include/px4_msgs/px4_msgs/msg/detail/normalized_unsigned_setpoint__rosidl_typesupport_introspection_c.h\n'}
[6.989495] (px4_msgs) StdoutLine: {'line': b'-- Up-to-date: /home/stepan/ws_ros2/install/px4_msgs/include/px4_msgs/px4_msgs/msg/detail/config_overrides__type_support.c\n'}
[6.989753] (px4_msgs) StdoutLine: {'line': b'-- Up-to-date: /home/stepan/ws_ros2/install/px4_msgs/include/px4_msgs/px4_msgs/msg/detail/irlock_report__rosidl_typesupport_introspection_c.h\n'}
[6.991493] (px4_msgs) StdoutLine: {'line': b'-- Up-to-date: /home/stepan/ws_ros2/install/px4_msgs/include/px4_msgs/px4_msgs/msg/detail/gimbal_manager_status__type_support.c\n'}
[6.992836] (px4_msgs) StdoutLine: {'line': b'-- Up-to-date: /home/stepan/ws_ros2/install/px4_msgs/include/px4_msgs/px4_msgs/msg/detail/position_controller_status__type_support.c\n'}
[6.993556] (px4_msgs) StdoutLine: {'line': b'-- Up-to-date: /home/stepan/ws_ros2/install/px4_msgs/include/px4_msgs/px4_msgs/msg/detail/vehicle_air_data__type_support.c\n'}
[6.993839] (px4_msgs) StdoutLine: {'line': b'-- Up-to-date: /home/stepan/ws_ros2/install/px4_msgs/include/px4_msgs/px4_msgs/msg/detail/airspeed_validated__type_support.c\n'}
[6.994037] (px4_msgs) StdoutLine: {'line': b'-- Up-to-date: /home/stepan/ws_ros2/install/px4_msgs/include/px4_msgs/px4_msgs/msg/detail/action_request__type_support.c\n'}
[6.994328] (px4_msgs) StdoutLine: {'line': b'-- Up-to-date: /home/stepan/ws_ros2/install/px4_msgs/include/px4_msgs/px4_msgs/msg/detail/open_drone_id_self_id__type_support.c\n'}
[6.994551] (px4_msgs) StdoutLine: {'line': b'-- Up-to-date: /home/stepan/ws_ros2/install/px4_msgs/include/px4_msgs/px4_msgs/msg/detail/gimbal_device_attitude_status__rosidl_typesupport_introspection_c.h\n'}
[6.994769] (px4_msgs) StdoutLine: {'line': b'-- Up-to-date: /home/stepan/ws_ros2/install/px4_msgs/include/px4_msgs/px4_msgs/msg/detail/rate_ctrl_status__type_support.c\n'}
[6.994952] (px4_msgs) StdoutLine: {'line': b'-- Up-to-date: /home/stepan/ws_ros2/install/px4_msgs/include/px4_msgs/px4_msgs/msg/detail/landing_gear__rosidl_typesupport_introspection_c.h\n'}
[6.995111] (px4_msgs) StdoutLine: {'line': b'-- Up-to-date: /home/stepan/ws_ros2/install/px4_msgs/include/px4_msgs/px4_msgs/msg/detail/landing_gear_wheel__rosidl_typesupport_introspection_c.h\n'}
[6.995313] (px4_msgs) StdoutLine: {'line': b'-- Up-to-date: /home/stepan/ws_ros2/install/px4_msgs/include/px4_msgs/px4_msgs/msg/detail/flight_phase_estimation__rosidl_typesupport_introspection_c.h\n'}
[6.995586] (px4_msgs) StdoutLine: {'line': b'-- Up-to-date: /home/stepan/ws_ros2/install/px4_msgs/include/px4_msgs/px4_msgs/msg/detail/rtl_time_estimate__rosidl_typesupport_introspection_c.h\n'}
[6.995775] (px4_msgs) StdoutLine: {'line': b'-- Up-to-date: /home/stepan/ws_ros2/install/px4_msgs/include/px4_msgs/px4_msgs/msg/detail/vehicle_attitude__type_support.c\n'}
[6.995992] (px4_msgs) StdoutLine: {'line': b'-- Up-to-date: /home/stepan/ws_ros2/install/px4_msgs/include/px4_msgs/px4_msgs/msg/detail/qshell_req__rosidl_typesupport_introspection_c.h\n'}
[6.996180] (px4_msgs) StdoutLine: {'line': b'-- Up-to-date: /home/stepan/ws_ros2/install/px4_msgs/include/px4_msgs/px4_msgs/msg/detail/logger_status__rosidl_typesupport_introspection_c.h\n'}
[6.996342] (px4_msgs) StdoutLine: {'line': b'-- Up-to-date: /home/stepan/ws_ros2/install/px4_msgs/include/px4_msgs/px4_msgs/msg/detail/geofence_result__type_support.c\n'}
[6.996504] (px4_msgs) StdoutLine: {'line': b'-- Up-to-date: /home/stepan/ws_ros2/install/px4_msgs/include/px4_msgs/px4_msgs/msg/detail/vehicle_imu_status__rosidl_typesupport_introspection_c.h\n'}
[6.996695] (px4_msgs) StdoutLine: {'line': b'-- Up-to-date: /home/stepan/ws_ros2/install/px4_msgs/include/px4_msgs/px4_msgs/msg/detail/tiltrotor_extra_controls__type_support.c\n'}
[6.996914] (px4_msgs) StdoutLine: {'line': b'-- Up-to-date: /home/stepan/ws_ros2/install/px4_msgs/include/px4_msgs/px4_msgs/msg/detail/geofence_result__rosidl_typesupport_introspection_c.h\n'}
[6.997105] (px4_msgs) StdoutLine: {'line': b'-- Up-to-date: /home/stepan/ws_ros2/install/px4_msgs/include/px4_msgs/px4_msgs/msg/detail/landing_target_innovations__rosidl_typesupport_introspection_c.h\n'}
[6.997410] (px4_msgs) StdoutLine: {'line': b'-- Up-to-date: /home/stepan/ws_ros2/install/px4_msgs/include/px4_msgs/px4_msgs/msg/detail/estimator_status_flags__type_support.c\n'}
[6.997761] (px4_msgs) StdoutLine: {'line': b'-- Up-to-date: /home/stepan/ws_ros2/install/px4_msgs/include/px4_msgs/px4_msgs/msg/detail/sensor_gnss_relative__type_support.c\n'}
[6.998783] (px4_msgs) StdoutLine: {'line': b'-- Up-to-date: /home/stepan/ws_ros2/install/px4_msgs/include/px4_msgs/px4_msgs/msg/detail/iridiumsbd_status__type_support.c\n'}
[6.999590] (px4_msgs) StdoutLine: {'line': b'-- Up-to-date: /home/stepan/ws_ros2/install/px4_msgs/include/px4_msgs/px4_msgs/msg/detail/ping__type_support.c\n'}
[7.000440] (px4_msgs) StdoutLine: {'line': b'-- Up-to-date: /home/stepan/ws_ros2/install/px4_msgs/include/px4_msgs/px4_msgs/msg/detail/rover_rate_status__rosidl_typesupport_introspection_c.h\n'}
[7.001316] (px4_msgs) StdoutLine: {'line': b'-- Up-to-date: /home/stepan/ws_ros2/install/px4_msgs/include/px4_msgs/px4_msgs/msg/detail/airspeed_validated__rosidl_typesupport_introspection_c.h\n'}
[7.002027] (px4_msgs) StdoutLine: {'line': b'-- Up-to-date: /home/stepan/ws_ros2/install/px4_msgs/include/px4_msgs/px4_msgs/msg/detail/yaw_estimator_status__type_support.c\n'}
[7.003193] (px4_msgs) StdoutLine: {'line': b'-- Up-to-date: /home/stepan/ws_ros2/install/px4_msgs/include/px4_msgs/px4_msgs/msg/detail/system_power__rosidl_typesupport_introspection_c.h\n'}
[7.003678] (px4_msgs) StdoutLine: {'line': b'-- Up-to-date: /home/stepan/ws_ros2/install/px4_msgs/include/px4_msgs/px4_msgs/msg/detail/logger_status__type_support.c\n'}
[7.004431] (px4_msgs) StdoutLine: {'line': b'-- Up-to-date: /home/stepan/ws_ros2/install/px4_msgs/include/px4_msgs/px4_msgs/msg/detail/rover_rate_setpoint__rosidl_typesupport_introspection_c.h\n'}
[7.005011] (px4_msgs) StdoutLine: {'line': b'-- Up-to-date: /home/stepan/ws_ros2/install/px4_msgs/include/px4_msgs/px4_msgs/msg/detail/sensor_airflow__rosidl_typesupport_introspection_c.h\n'}
[7.005220] (px4_msgs) StdoutLine: {'line': b'-- Up-to-date: /home/stepan/ws_ros2/install/px4_msgs/include/px4_msgs/px4_msgs/msg/detail/transponder_report__rosidl_typesupport_introspection_c.h\n'}
[7.005565] (px4_msgs) StdoutLine: {'line': b'-- Up-to-date: /home/stepan/ws_ros2/install/px4_msgs/include/px4_msgs/px4_msgs/msg/detail/estimator_event_flags__rosidl_typesupport_introspection_c.h\n'}
[7.006695] (px4_msgs) StdoutLine: {'line': b'-- Up-to-date: /home/stepan/ws_ros2/install/px4_msgs/include/px4_msgs/px4_msgs/msg/detail/px4io_status__type_support.c\n'}
[7.007254] (px4_msgs) StdoutLine: {'line': b'-- Up-to-date: /home/stepan/ws_ros2/install/px4_msgs/include/px4_msgs/px4_msgs/msg/detail/power_button_state__rosidl_typesupport_introspection_c.h\n'}
[7.007491] (px4_msgs) StdoutLine: {'line': b'-- Up-to-date: /home/stepan/ws_ros2/install/px4_msgs/include/px4_msgs/px4_msgs/msg/detail/gimbal_controls__rosidl_typesupport_introspection_c.h\n'}
[7.007666] (px4_msgs) StdoutLine: {'line': b'-- Up-to-date: /home/stepan/ws_ros2/install/px4_msgs/include/px4_msgs/px4_msgs/msg/detail/health_report__rosidl_typesupport_introspection_c.h\n'}
[7.008013] (px4_msgs) StdoutLine: {'line': b'-- Up-to-date: /home/stepan/ws_ros2/install/px4_msgs/include/px4_msgs/px4_msgs/msg/detail/internal_combustion_engine_control__rosidl_typesupport_introspection_c.h\n'}
[7.008489] (px4_msgs) StdoutLine: {'line': b'-- Up-to-date: /home/stepan/ws_ros2/install/px4_msgs/include/px4_msgs/px4_msgs/msg/detail/qshell_retval__type_support.c\n'}
[7.008936] (px4_msgs) StdoutLine: {'line': b'-- Up-to-date: /home/stepan/ws_ros2/install/px4_msgs/include/px4_msgs/px4_msgs/msg/detail/mission__rosidl_typesupport_introspection_c.h\n'}
[7.009260] (px4_msgs) StdoutLine: {'line': b'-- Up-to-date: /home/stepan/ws_ros2/install/px4_msgs/include/px4_msgs/px4_msgs/msg/detail/estimator_event_flags__type_support.c\n'}
[7.009504] (px4_msgs) StdoutLine: {'line': b'-- Up-to-date: /home/stepan/ws_ros2/install/px4_msgs/include/px4_msgs/px4_msgs/msg/detail/debug_key_value__type_support.c\n'}
[7.009778] (px4_msgs) StdoutLine: {'line': b'-- Up-to-date: /home/stepan/ws_ros2/install/px4_msgs/include/px4_msgs/px4_msgs/msg/detail/open_drone_id_arm_status__rosidl_typesupport_introspection_c.h\n'}
[7.009963] (px4_msgs) StdoutLine: {'line': b'-- Up-to-date: /home/stepan/ws_ros2/install/px4_msgs/include/px4_msgs/px4_msgs/msg/detail/mag_worker_data__rosidl_typesupport_introspection_c.h\n'}
[7.010145] (px4_msgs) StdoutLine: {'line': b'-- Up-to-date: /home/stepan/ws_ros2/install/px4_msgs/include/px4_msgs/px4_msgs/msg/detail/estimator_status__rosidl_typesupport_introspection_c.h\n'}
[7.010301] (px4_msgs) StdoutLine: {'line': b'-- Up-to-date: /home/stepan/ws_ros2/install/px4_msgs/include/px4_msgs/px4_msgs/msg/detail/failsafe_flags__type_support.c\n'}
[7.010498] (px4_msgs) StdoutLine: {'line': b'-- Up-to-date: /home/stepan/ws_ros2/install/px4_msgs/include/px4_msgs/px4_msgs/msg/detail/sensors_status__type_support.c\n'}
[7.010746] (px4_msgs) StdoutLine: {'line': b'-- Up-to-date: /home/stepan/ws_ros2/install/px4_msgs/include/px4_msgs/px4_msgs/msg/detail/rc_parameter_map__type_support.c\n'}
[7.011106] (px4_msgs) StdoutLine: {'line': b'-- Up-to-date: /home/stepan/ws_ros2/install/px4_msgs/include/px4_msgs/px4_msgs/msg/detail/velocity_limits__type_support.c\n'}
[7.011288] (px4_msgs) StdoutLine: {'line': b'-- Up-to-date: /home/stepan/ws_ros2/install/px4_msgs/include/px4_msgs/px4_msgs/msg/detail/px4io_status__rosidl_typesupport_introspection_c.h\n'}
[7.011531] (px4_msgs) StdoutLine: {'line': b'-- Up-to-date: /home/stepan/ws_ros2/install/px4_msgs/include/px4_msgs/px4_msgs/msg/detail/geofence_status__type_support.c\n'}
[7.011710] (px4_msgs) StdoutLine: {'line': b'-- Up-to-date: /home/stepan/ws_ros2/install/px4_msgs/include/px4_msgs/px4_msgs/msg/detail/ackermann_velocity_setpoint__rosidl_typesupport_introspection_c.h\n'}
[7.011908] (px4_msgs) StdoutLine: {'line': b'-- Up-to-date: /home/stepan/ws_ros2/install/px4_msgs/include/px4_msgs/px4_msgs/msg/detail/parameter_set_value_request__rosidl_typesupport_introspection_c.h\n'}
[7.012074] (px4_msgs) StdoutLine: {'line': b'-- Up-to-date: /home/stepan/ws_ros2/install/px4_msgs/include/px4_msgs/px4_msgs/msg/detail/gimbal_manager_set_attitude__rosidl_typesupport_introspection_c.h\n'}
[7.012238] (px4_msgs) StdoutLine: {'line': b'-- Up-to-date: /home/stepan/ws_ros2/install/px4_msgs/include/px4_msgs/px4_msgs/msg/detail/sensor_gyro_fft__type_support.c\n'}
[7.012394] (px4_msgs) StdoutLine: {'line': b'-- Up-to-date: /home/stepan/ws_ros2/install/px4_msgs/include/px4_msgs/px4_msgs/msg/detail/gpio_out__type_support.c\n'}
[7.012565] (px4_msgs) StdoutLine: {'line': b'-- Up-to-date: /home/stepan/ws_ros2/install/px4_msgs/include/px4_msgs/px4_msgs/msg/detail/vtol_vehicle_status__type_support.c\n'}
[7.012748] (px4_msgs) StdoutLine: {'line': b'-- Up-to-date: /home/stepan/ws_ros2/install/px4_msgs/include/px4_msgs/px4_msgs/msg/detail/sensor_hygrometer__rosidl_typesupport_introspection_c.h\n'}
[7.012927] (px4_msgs) StdoutLine: {'line': b'-- Up-to-date: /home/stepan/ws_ros2/install/px4_msgs/include/px4_msgs/px4_msgs/msg/detail/navigator_mission_item__type_support.c\n'}
[7.013101] (px4_msgs) StdoutLine: {'line': b'-- Up-to-date: /home/stepan/ws_ros2/install/px4_msgs/include/px4_msgs/px4_msgs/msg/detail/sensor_preflight_mag__rosidl_typesupport_introspection_c.h\n'}
[7.013329] (px4_msgs) StdoutLine: {'line': b'-- Up-to-date: /home/stepan/ws_ros2/install/px4_msgs/include/px4_msgs/px4_msgs/msg/detail/flight_phase_estimation__type_support.c\n'}
[7.013502] (px4_msgs) StdoutLine: {'line': b'-- Up-to-date: /home/stepan/ws_ros2/install/px4_msgs/include/px4_msgs/px4_msgs/msg/detail/open_drone_id_operator_id__type_support.c\n'}
[7.013853] (px4_msgs) StdoutLine: {'line': b'-- Up-to-date: /home/stepan/ws_ros2/install/px4_msgs/include/px4_msgs/px4_msgs/msg/detail/vehicle_constraints__rosidl_typesupport_introspection_c.h\n'}
[7.015171] (px4_msgs) StdoutLine: {'line': b'-- Up-to-date: /home/stepan/ws_ros2/install/px4_msgs/include/px4_msgs/px4_msgs/msg/detail/vehicle_roi__type_support.c\n'}
[7.015824] (px4_msgs) StdoutLine: {'line': b'-- Up-to-date: /home/stepan/ws_ros2/install/px4_msgs/include/px4_msgs/px4_msgs/msg/detail/register_ext_component_request__rosidl_typesupport_introspection_c.h\n'}
[7.016960] (px4_msgs) StdoutLine: {'line': b'-- Up-to-date: /home/stepan/ws_ros2/install/px4_msgs/include/px4_msgs/px4_msgs/msg/detail/collision_constraints__rosidl_typesupport_introspection_c.h\n'}
[7.017667] (px4_msgs) StdoutLine: {'line': b'-- Up-to-date: /home/stepan/ws_ros2/install/px4_msgs/include/px4_msgs/px4_msgs/msg/detail/offboard_control_mode__type_support.c\n'}
[7.018770] (px4_msgs) StdoutLine: {'line': b'-- Up-to-date: /home/stepan/ws_ros2/install/px4_msgs/include/px4_msgs/px4_msgs/msg/detail/system_power__type_support.c\n'}
[7.019463] (px4_msgs) StdoutLine: {'line': b'-- Up-to-date: /home/stepan/ws_ros2/install/px4_msgs/include/px4_msgs/px4_msgs/msg/detail/distance_sensor__rosidl_typesupport_introspection_c.h\n'}
[7.020071] (px4_msgs) StdoutLine: {'line': b'-- Up-to-date: /home/stepan/ws_ros2/install/px4_msgs/include/px4_msgs/px4_msgs/msg/detail/sensor_mag__rosidl_typesupport_introspection_c.h\n'}
[7.020547] (px4_msgs) StdoutLine: {'line': b'-- Up-to-date: /home/stepan/ws_ros2/install/px4_msgs/include/px4_msgs/px4_msgs/msg/detail/cpuload__type_support.c\n'}
[7.020928] (px4_msgs) StdoutLine: {'line': b'-- Up-to-date: /home/stepan/ws_ros2/install/px4_msgs/include/px4_msgs/px4_msgs/msg/detail/sensor_gps__type_support.c\n'}
[7.021210] (px4_msgs) StdoutLine: {'line': b'-- Up-to-date: /home/stepan/ws_ros2/install/px4_msgs/include/px4_msgs/px4_msgs/msg/detail/esc_status__rosidl_typesupport_introspection_c.h\n'}
[7.021697] (px4_msgs) StdoutLine: {'line': b'-- Up-to-date: /home/stepan/ws_ros2/install/px4_msgs/include/px4_msgs/px4_msgs/msg/detail/vehicle_imu_status__type_support.c\n'}
[7.022906] (px4_msgs) StdoutLine: {'line': b'-- Up-to-date: /home/stepan/ws_ros2/install/px4_msgs/include/px4_msgs/px4_msgs/msg/detail/estimator_gps_status__type_support.c\n'}
[7.023177] (px4_msgs) StdoutLine: {'line': b'-- Up-to-date: /home/stepan/ws_ros2/install/px4_msgs/include/px4_msgs/px4_msgs/msg/detail/position_controller_landing_status__type_support.c\n'}
[7.023349] (px4_msgs) StdoutLine: {'line': b'-- Up-to-date: /home/stepan/ws_ros2/install/px4_msgs/include/px4_msgs/px4_msgs/msg/detail/rpm__rosidl_typesupport_introspection_c.h\n'}
[7.023523] (px4_msgs) StdoutLine: {'line': b'-- Up-to-date: /home/stepan/ws_ros2/install/px4_msgs/include/px4_msgs/px4_msgs/msg/detail/rover_steering_setpoint__type_support.c\n'}
[7.023734] (px4_msgs) StdoutLine: {'line': b'-- Up-to-date: /home/stepan/ws_ros2/install/px4_msgs/include/px4_msgs/px4_msgs/msg/detail/cpuload__rosidl_typesupport_introspection_c.h\n'}
[7.024012] (px4_msgs) StdoutLine: {'line': b'-- Up-to-date: /home/stepan/ws_ros2/install/px4_msgs/include/px4_msgs/px4_msgs/msg/detail/landing_target_innovations__type_support.c\n'}
[7.024653] (px4_msgs) StdoutLine: {'line': b'-- Up-to-date: /home/stepan/ws_ros2/install/px4_msgs/include/px4_msgs/px4_msgs/msg/detail/vehicle_angular_velocity__type_support.c\n'}
[7.025169] (px4_msgs) StdoutLine: {'line': b'-- Up-to-date: /home/stepan/ws_ros2/install/px4_msgs/include/px4_msgs/px4_msgs/msg/detail/telemetry_status__rosidl_typesupport_introspection_c.h\n'}
[7.025858] (px4_msgs) StdoutLine: {'line': b'-- Up-to-date: /home/stepan/ws_ros2/install/px4_msgs/include/px4_msgs/px4_msgs/msg/detail/rover_rate_setpoint__type_support.c\n'}
[7.026109] (px4_msgs) StdoutLine: {'line': b'-- Up-to-date: /home/stepan/ws_ros2/install/px4_msgs/include/px4_msgs/px4_msgs/msg/detail/input_rc__rosidl_typesupport_introspection_c.h\n'}
[7.026293] (px4_msgs) StdoutLine: {'line': b'-- Up-to-date: /home/stepan/ws_ros2/install/px4_msgs/include/px4_msgs/px4_msgs/msg/detail/actuator_servos__type_support.c\n'}
[7.026466] (px4_msgs) StdoutLine: {'line': b'-- Up-to-date: /home/stepan/ws_ros2/install/px4_msgs/include/px4_msgs/px4_msgs/msg/detail/landing_gear_wheel__type_support.c\n'}
[7.026799] (px4_msgs) StdoutLine: {'line': b'-- Up-to-date: /home/stepan/ws_ros2/install/px4_msgs/include/px4_msgs/px4_msgs/msg/detail/estimator_selector_status__rosidl_typesupport_introspection_c.h\n'}
[7.026994] (px4_msgs) StdoutLine: {'line': b'-- Up-to-date: /home/stepan/ws_ros2/install/px4_msgs/include/px4_msgs/px4_msgs/msg/detail/pps_capture__type_support.c\n'}
[7.027160] (px4_msgs) StdoutLine: {'line': b'-- Up-to-date: /home/stepan/ws_ros2/install/px4_msgs/include/px4_msgs/px4_msgs/msg/detail/vehicle_angular_velocity__rosidl_typesupport_introspection_c.h\n'}
[7.027357] (px4_msgs) StdoutLine: {'line': b'-- Up-to-date: /home/stepan/ws_ros2/install/px4_msgs/include/px4_msgs/px4_msgs/msg/detail/vehicle_global_position__type_support.c\n'}
[7.027470] (px4_msgs) StdoutLine: {'line': b'-- Up-to-date: /home/stepan/ws_ros2/install/px4_msgs/include/px4_msgs/px4_msgs/msg/detail/sensor_gyro__rosidl_typesupport_introspection_c.h\n'}
[7.027618] (px4_msgs) StdoutLine: {'line': b'-- Up-to-date: /home/stepan/ws_ros2/install/px4_msgs/include/px4_msgs/px4_msgs/msg/detail/orb_test__rosidl_typesupport_introspection_c.h\n'}
[7.027879] (px4_msgs) StdoutLine: {'line': b'-- Up-to-date: /home/stepan/ws_ros2/install/px4_msgs/include/px4_msgs/px4_msgs/msg/detail/navigator_mission_item__rosidl_typesupport_introspection_c.h\n'}
[7.028100] (px4_msgs) StdoutLine: {'line': b'-- Up-to-date: /home/stepan/ws_ros2/install/px4_msgs/include/px4_msgs/px4_msgs/msg/detail/uavcan_parameter_value__rosidl_typesupport_introspection_c.h\n'}
[7.028234] (px4_msgs) StdoutLine: {'line': b'-- Up-to-date: /home/stepan/ws_ros2/install/px4_msgs/include/px4_msgs/px4_msgs/msg/detail/vehicle_thrust_setpoint__type_support.c\n'}
[7.028472] (px4_msgs) StdoutLine: {'line': b'-- Up-to-date: /home/stepan/ws_ros2/install/px4_msgs/include/px4_msgs/px4_msgs/msg/detail/generator_status__type_support.c\n'}
[7.029256] (px4_msgs) StdoutLine: {'line': b'-- Up-to-date: /home/stepan/ws_ros2/install/px4_msgs/include/px4_msgs/px4_msgs/msg/detail/sensor_gyro_fifo__rosidl_typesupport_introspection_c.h\n'}
[7.030001] (px4_msgs) StdoutLine: {'line': b'-- Up-to-date: /home/stepan/ws_ros2/install/px4_msgs/include/px4_msgs/px4_msgs/msg/detail/unregister_ext_component__rosidl_typesupport_introspection_c.h\n'}
[7.030971] (px4_msgs) StdoutLine: {'line': b'-- Up-to-date: /home/stepan/ws_ros2/install/px4_msgs/include/px4_msgs/px4_msgs/msg/detail/dataman_request__rosidl_typesupport_introspection_c.h\n'}
[7.032008] (px4_msgs) StdoutLine: {'line': b'-- Up-to-date: /home/stepan/ws_ros2/install/px4_msgs/include/px4_msgs/px4_msgs/msg/detail/rover_attitude_status__type_support.c\n'}
[7.033389] (px4_msgs) StdoutLine: {'line': b'-- Up-to-date: /home/stepan/ws_ros2/install/px4_msgs/include/px4_msgs/px4_msgs/msg/detail/actuator_armed__rosidl_typesupport_introspection_c.h\n'}
[7.034075] (px4_msgs) StdoutLine: {'line': b'-- Up-to-date: /home/stepan/ws_ros2/install/px4_msgs/include/px4_msgs/px4_msgs/msg/detail/hover_thrust_estimate__type_support.c\n'}
[7.034586] (px4_msgs) StdoutLine: {'line': b'-- Up-to-date: /home/stepan/ws_ros2/install/px4_msgs/include/px4_msgs/px4_msgs/msg/detail/message_format_request__type_support.c\n'}
[7.035126] (px4_msgs) StdoutLine: {'line': b'-- Up-to-date: /home/stepan/ws_ros2/install/px4_msgs/include/px4_msgs/px4_msgs/msg/detail/action_request__rosidl_typesupport_introspection_c.h\n'}
[7.035413] (px4_msgs) StdoutLine: {'line': b'-- Up-to-date: /home/stepan/ws_ros2/install/px4_msgs/include/px4_msgs/px4_msgs/msg/detail/task_stack_info__rosidl_typesupport_introspection_c.h\n'}
[7.035623] (px4_msgs) StdoutLine: {'line': b'-- Up-to-date: /home/stepan/ws_ros2/install/px4_msgs/include/px4_msgs/px4_msgs/msg/detail/sensor_correction__type_support.c\n'}
[7.036324] (px4_msgs) StdoutLine: {'line': b'-- Up-to-date: /home/stepan/ws_ros2/install/px4_msgs/include/px4_msgs/px4_msgs/msg/detail/vehicle_angular_acceleration_setpoint__rosidl_typesupport_introspection_c.h\n'}
[7.037151] (px4_msgs) StdoutLine: {'line': b'-- Up-to-date: /home/stepan/ws_ros2/install/px4_msgs/include/px4_msgs/px4_msgs/msg/detail/radio_status__rosidl_typesupport_introspection_c.h\n'}
[7.037329] (px4_msgs) StdoutLine: {'line': b'-- Up-to-date: /home/stepan/ws_ros2/install/px4_msgs/include/px4_msgs/px4_msgs/msg/detail/sensor_airflow__type_support.c\n'}
[7.037497] (px4_msgs) StdoutLine: {'line': b'-- Up-to-date: /home/stepan/ws_ros2/install/px4_msgs/include/px4_msgs/px4_msgs/msg/detail/sensor_accel__type_support.c\n'}
[7.037693] (px4_msgs) StdoutLine: {'line': b'-- Up-to-date: /home/stepan/ws_ros2/install/px4_msgs/include/px4_msgs/px4_msgs/msg/detail/debug_array__type_support.c\n'}
[7.037880] (px4_msgs) StdoutLine: {'line': b'-- Up-to-date: /home/stepan/ws_ros2/install/px4_msgs/include/px4_msgs/px4_msgs/msg/detail/orb_test_large__type_support.c\n'}
[7.038040] (px4_msgs) StdoutLine: {'line': b'-- Up-to-date: /home/stepan/ws_ros2/install/px4_msgs/include/px4_msgs/px4_msgs/msg/detail/vehicle_command_ack__rosidl_typesupport_introspection_c.h\n'}
[7.038255] (px4_msgs) StdoutLine: {'line': b'-- Up-to-date: /home/stepan/ws_ros2/install/px4_msgs/include/px4_msgs/px4_msgs/msg/detail/mission_result__rosidl_typesupport_introspection_c.h\n'}
[7.038420] (px4_msgs) StdoutLine: {'line': b'-- Up-to-date: /home/stepan/ws_ros2/install/px4_msgs/include/px4_msgs/px4_msgs/msg/detail/vehicle_status__rosidl_typesupport_introspection_c.h\n'}
[7.038585] (px4_msgs) StdoutLine: {'line': b'-- Up-to-date: /home/stepan/ws_ros2/install/px4_msgs/include/px4_msgs/px4_msgs/msg/detail/actuator_controls_status__rosidl_typesupport_introspection_c.h\n'}
[7.038795] (px4_msgs) StdoutLine: {'line': b'-- Up-to-date: /home/stepan/ws_ros2/install/px4_msgs/include/px4_msgs/px4_msgs/msg/detail/navigator_status__rosidl_typesupport_introspection_c.h\n'}
[7.038996] (px4_msgs) StdoutLine: {'line': b'-- Up-to-date: /home/stepan/ws_ros2/install/px4_msgs/include/px4_msgs/px4_msgs/msg/detail/follow_target__rosidl_typesupport_introspection_c.h\n'}
[7.039196] (px4_msgs) StdoutLine: {'line': b'-- Up-to-date: /home/stepan/ws_ros2/install/px4_msgs/include/px4_msgs/px4_msgs/msg/detail/parameter_set_used_request__rosidl_typesupport_introspection_c.h\n'}
[7.039459] (px4_msgs) StdoutLine: {'line': b'-- Up-to-date: /home/stepan/ws_ros2/install/px4_msgs/include/px4_msgs/px4_msgs/msg/detail/manual_control_switches__type_support.c\n'}
[7.039616] (px4_msgs) StdoutLine: {'line': b'-- Up-to-date: /home/stepan/ws_ros2/install/px4_msgs/include/px4_msgs/px4_msgs/msg/detail/open_drone_id_self_id__rosidl_typesupport_introspection_c.h\n'}
[7.039791] (px4_msgs) StdoutLine: {'line': b'-- Up-to-date: /home/stepan/ws_ros2/install/px4_msgs/include/px4_msgs/px4_msgs/msg/detail/vehicle_imu__rosidl_typesupport_introspection_c.h\n'}
[7.039942] (px4_msgs) StdoutLine: {'line': b'-- Up-to-date: /home/stepan/ws_ros2/install/px4_msgs/include/px4_msgs/px4_msgs/msg/detail/follow_target_status__rosidl_typesupport_introspection_c.h\n'}
[7.040154] (px4_msgs) StdoutLine: {'line': b'-- Up-to-date: /home/stepan/ws_ros2/install/px4_msgs/include/px4_msgs/px4_msgs/msg/detail/led_control__rosidl_typesupport_introspection_c.h\n'}
[7.040314] (px4_msgs) StdoutLine: {'line': b'-- Up-to-date: /home/stepan/ws_ros2/install/px4_msgs/include/px4_msgs/px4_msgs/msg/detail/gimbal_device_set_attitude__rosidl_typesupport_introspection_c.h\n'}
[7.040491] (px4_msgs) StdoutLine: {'line': b'-- Up-to-date: /home/stepan/ws_ros2/install/px4_msgs/include/px4_msgs/px4_msgs/msg/detail/camera_trigger__rosidl_typesupport_introspection_c.h\n'}
[7.040703] (px4_msgs) StdoutLine: {'line': b'-- Up-to-date: /home/stepan/ws_ros2/install/px4_msgs/include/px4_msgs/px4_msgs/msg/detail/orb_test_medium__type_support.c\n'}
[7.041043] (px4_msgs) StdoutLine: {'line': b'-- Up-to-date: /home/stepan/ws_ros2/install/px4_msgs/include/px4_msgs/px4_msgs/msg/detail/rover_throttle_setpoint__rosidl_typesupport_introspection_c.h\n'}
[7.041295] (px4_msgs) StdoutLine: {'line': b'-- Up-to-date: /home/stepan/ws_ros2/install/px4_msgs/include/px4_msgs/px4_msgs/msg/detail/vehicle_land_detected__type_support.c\n'}
[7.041478] (px4_msgs) StdoutLine: {'line': b'-- Up-to-date: /home/stepan/ws_ros2/install/px4_msgs/include/px4_msgs/px4_msgs/msg/detail/landing_target_pose__rosidl_typesupport_introspection_c.h\n'}
[7.041656] (px4_msgs) StdoutLine: {'line': b'-- Up-to-date: /home/stepan/ws_ros2/install/px4_msgs/include/px4_msgs/px4_msgs/msg/detail/parameter_set_value_request__type_support.c\n'}
[7.041834] (px4_msgs) StdoutLine: {'line': b'-- Up-to-date: /home/stepan/ws_ros2/install/px4_msgs/include/px4_msgs/px4_msgs/msg/detail/sensor_gnss_relative__rosidl_typesupport_introspection_c.h\n'}
[7.042004] (px4_msgs) StdoutLine: {'line': b'-- Up-to-date: /home/stepan/ws_ros2/install/px4_msgs/include/px4_msgs/px4_msgs/msg/detail/tune_control__rosidl_typesupport_introspection_c.h\n'}
[7.042284] (px4_msgs) StdoutLine: {'line': b'-- Up-to-date: /home/stepan/ws_ros2/install/px4_msgs/include/px4_msgs/px4_msgs/msg/detail/actuator_motors__rosidl_typesupport_introspection_c.h\n'}
[7.042389] (px4_msgs) StdoutLine: {'line': b'-- Up-to-date: /home/stepan/ws_ros2/install/px4_msgs/include/px4_msgs/px4_msgs/msg/detail/debug_array__rosidl_typesupport_introspection_c.h\n'}
[7.042498] (px4_msgs) StdoutLine: {'line': b'-- Up-to-date: /home/stepan/ws_ros2/install/px4_msgs/include/px4_msgs/px4_msgs/msg/detail/geofence_status__rosidl_typesupport_introspection_c.h\n'}
[7.042647] (px4_msgs) StdoutLine: {'line': b'-- Up-to-date: /home/stepan/ws_ros2/install/px4_msgs/include/px4_msgs/px4_msgs/msg/detail/actuator_motors__type_support.c\n'}
[7.043046] (px4_msgs) StdoutLine: {'line': b'-- Up-to-date: /home/stepan/ws_ros2/install/px4_msgs/include/px4_msgs/px4_msgs/msg/detail/vehicle_imu__type_support.c\n'}
[7.044213] (px4_msgs) StdoutLine: {'line': b'-- Up-to-date: /home/stepan/ws_ros2/install/px4_msgs/include/px4_msgs/px4_msgs/msg/detail/estimator_innovations__type_support.c\n'}
[7.044775] (px4_msgs) StdoutLine: {'line': b'-- Up-to-date: /home/stepan/ws_ros2/install/px4_msgs/include/px4_msgs/px4_msgs/msg/detail/trajectory_setpoint__rosidl_typesupport_introspection_c.h\n'}
[7.045145] (px4_msgs) StdoutLine: {'line': b'-- Up-to-date: /home/stepan/ws_ros2/install/px4_msgs/include/px4_msgs/px4_msgs/msg/detail/pps_capture__rosidl_typesupport_introspection_c.h\n'}
[7.045622] (px4_msgs) StdoutLine: {'line': b'-- Up-to-date: /home/stepan/ws_ros2/install/px4_msgs/include/px4_msgs/px4_msgs/msg/detail/log_message__rosidl_typesupport_introspection_c.h\n'}
[7.046495] (px4_msgs) StdoutLine: {'line': b'-- Up-to-date: /home/stepan/ws_ros2/install/px4_msgs/include/px4_msgs/px4_msgs/msg/detail/estimator_sensor_bias__rosidl_typesupport_introspection_c.h\n'}
[7.046762] (px4_msgs) StdoutLine: {'line': b'-- Up-to-date: /home/stepan/ws_ros2/install/px4_msgs/include/px4_msgs/px4_msgs/msg/detail/trajectory_setpoint__type_support.c\n'}
[7.047479] (px4_msgs) StdoutLine: {'line': b'-- Up-to-date: /home/stepan/ws_ros2/install/px4_msgs/include/px4_msgs/px4_msgs/msg/detail/position_setpoint_triplet__type_support.c\n'}
[7.048402] (px4_msgs) StdoutLine: {'line': b'-- Up-to-date: /home/stepan/ws_ros2/install/px4_msgs/include/px4_msgs/px4_msgs/msg/detail/gimbal_manager_set_manual_control__rosidl_typesupport_introspection_c.h\n'}
[7.049010] (px4_msgs) StdoutLine: {'line': b'-- Up-to-date: /home/stepan/ws_ros2/install/px4_msgs/include/px4_msgs/px4_msgs/msg/detail/actuator_armed__type_support.c\n'}
[7.049604] (px4_msgs) StdoutLine: {'line': b'-- Up-to-date: /home/stepan/ws_ros2/install/px4_msgs/include/px4_msgs/px4_msgs/msg/detail/battery_status__type_support.c\n'}
[7.050056] (px4_msgs) StdoutLine: {'line': b'-- Up-to-date: /home/stepan/ws_ros2/install/px4_msgs/include/px4_msgs/px4_msgs/msg/detail/airspeed__rosidl_typesupport_introspection_c.h\n'}
[7.050222] (px4_msgs) StdoutLine: {'line': b'-- Up-to-date: /home/stepan/ws_ros2/install/px4_msgs/include/px4_msgs/px4_msgs/msg/detail/vehicle_magnetometer__rosidl_typesupport_introspection_c.h\n'}
[7.050324] (px4_msgs) StdoutLine: {'line': b'-- Up-to-date: /home/stepan/ws_ros2/install/px4_msgs/include/px4_msgs/px4_msgs/msg/detail/rover_velocity_status__type_support.c\n'}
[7.050447] (px4_msgs) StdoutLine: {'line': b'-- Up-to-date: /home/stepan/ws_ros2/install/px4_msgs/include/px4_msgs/px4_msgs/msg/detail/gimbal_device_attitude_status__type_support.c\n'}
[7.050544] (px4_msgs) StdoutLine: {'line': b'-- Up-to-date: /home/stepan/ws_ros2/install/px4_msgs/include/px4_msgs/px4_msgs/msg/detail/vehicle_command__type_support.c\n'}
[7.050915] (px4_msgs) StdoutLine: {'line': b'-- Up-to-date: /home/stepan/ws_ros2/install/px4_msgs/include/px4_msgs/px4_msgs/msg/detail/vehicle_air_data__rosidl_typesupport_introspection_c.h\n'}
[7.051934] (px4_msgs) StdoutLine: {'line': b'-- Up-to-date: /home/stepan/ws_ros2/install/px4_msgs/include/px4_msgs/px4_msgs/msg/detail/npfg_status__type_support.c\n'}
[7.052262] (px4_msgs) StdoutLine: {'line': b'-- Up-to-date: /home/stepan/ws_ros2/install/px4_msgs/include/px4_msgs/px4_msgs/msg/detail/unregister_ext_component__type_support.c\n'}
[7.052409] (px4_msgs) StdoutLine: {'line': b'-- Up-to-date: /home/stepan/ws_ros2/install/px4_msgs/include/px4_msgs/px4_msgs/msg/detail/sensor_optical_flow__rosidl_typesupport_introspection_c.h\n'}
[7.052598] (px4_msgs) StdoutLine: {'line': b'-- Up-to-date: /home/stepan/ws_ros2/install/px4_msgs/include/px4_msgs/px4_msgs/msg/detail/actuator_servos__rosidl_typesupport_introspection_c.h\n'}
[7.052787] (px4_msgs) StdoutLine: {'line': b'-- Up-to-date: /home/stepan/ws_ros2/install/px4_msgs/include/px4_msgs/px4_msgs/msg/detail/wheel_encoders__type_support.c\n'}
[7.052927] (px4_msgs) StdoutLine: {'line': b'-- Up-to-date: /home/stepan/ws_ros2/install/px4_msgs/include/px4_msgs/px4_msgs/msg/detail/vehicle_acceleration__rosidl_typesupport_introspection_c.h\n'}
[7.053077] (px4_msgs) StdoutLine: {'line': b'-- Up-to-date: /home/stepan/ws_ros2/install/px4_msgs/include/px4_msgs/px4_msgs/msg/detail/gpio_request__rosidl_typesupport_introspection_c.h\n'}
[7.053226] (px4_msgs) StdoutLine: {'line': b'-- Up-to-date: /home/stepan/ws_ros2/install/px4_msgs/include/px4_msgs/px4_msgs/msg/detail/control_allocator_status__type_support.c\n'}
[7.053396] (px4_msgs) StdoutLine: {'line': b'-- Up-to-date: /home/stepan/ws_ros2/install/px4_msgs/include/px4_msgs/px4_msgs/msg/detail/obstacle_distance__type_support.c\n'}
[7.053559] (px4_msgs) StdoutLine: {'line': b'-- Up-to-date: /home/stepan/ws_ros2/install/px4_msgs/include/px4_msgs/px4_msgs/msg/detail/mount_orientation__type_support.c\n'}
[7.053667] (px4_msgs) StdoutLine: {'line': b'-- Up-to-date: /home/stepan/ws_ros2/install/px4_msgs/include/px4_msgs/px4_msgs/msg/detail/timesync_status__type_support.c\n'}
[7.053852] (px4_msgs) StdoutLine: {'line': b'-- Up-to-date: /home/stepan/ws_ros2/install/px4_msgs/include/px4_msgs/px4_msgs/msg/detail/rtl_time_estimate__type_support.c\n'}
[7.054016] (px4_msgs) StdoutLine: {'line': b'-- Up-to-date: /home/stepan/ws_ros2/install/px4_msgs/include/px4_msgs/px4_msgs/msg/detail/dataman_request__type_support.c\n'}
[7.054172] (px4_msgs) StdoutLine: {'line': b'-- Up-to-date: /home/stepan/ws_ros2/install/px4_msgs/include/px4_msgs/px4_msgs/msg/detail/gimbal_manager_set_manual_control__type_support.c\n'}
[7.054287] (px4_msgs) StdoutLine: {'line': b'-- Up-to-date: /home/stepan/ws_ros2/install/px4_msgs/include/px4_msgs/px4_msgs/msg/detail/camera_status__type_support.c\n'}
[7.054431] (px4_msgs) StdoutLine: {'line': b'-- Up-to-date: /home/stepan/ws_ros2/install/px4_msgs/include/px4_msgs/px4_msgs/msg/detail/uavcan_parameter_request__rosidl_typesupport_introspection_c.h\n'}
[7.054618] (px4_msgs) StdoutLine: {'line': b'-- Up-to-date: /home/stepan/ws_ros2/install/px4_msgs/include/px4_msgs/px4_msgs/msg/detail/orbit_status__type_support.c\n'}
[7.054804] (px4_msgs) StdoutLine: {'line': b'-- Up-to-date: /home/stepan/ws_ros2/install/px4_msgs/include/px4_msgs/px4_msgs/msg/detail/differential_pressure__type_support.c\n'}
[7.054917] (px4_msgs) StdoutLine: {'line': b'-- Up-to-date: /home/stepan/ws_ros2/install/px4_msgs/include/px4_msgs/px4_msgs/msg/detail/distance_sensor_mode_change_request__type_support.c\n'}
[7.055074] (px4_msgs) StdoutLine: {'line': b'-- Up-to-date: /home/stepan/ws_ros2/install/px4_msgs/include/px4_msgs/px4_msgs/msg/detail/orb_test__type_support.c\n'}
[7.055183] (px4_msgs) StdoutLine: {'line': b'-- Up-to-date: /home/stepan/ws_ros2/install/px4_msgs/include/px4_msgs/px4_msgs/msg/detail/ekf2_timestamps__rosidl_typesupport_introspection_c.h\n'}
[7.055314] (px4_msgs) StdoutLine: {'line': b'-- Up-to-date: /home/stepan/ws_ros2/install/px4_msgs/include/px4_msgs/px4_msgs/msg/detail/mount_orientation__rosidl_typesupport_introspection_c.h\n'}
[7.055485] (px4_msgs) StdoutLine: {'line': b'-- Up-to-date: /home/stepan/ws_ros2/install/px4_msgs/include/px4_msgs/px4_msgs/msg/detail/obstacle_distance__rosidl_typesupport_introspection_c.h\n'}
[7.055635] (px4_msgs) StdoutLine: {'line': b'-- Up-to-date: /home/stepan/ws_ros2/install/px4_msgs/include/px4_msgs/px4_msgs/msg/detail/mag_worker_data__type_support.c\n'}
[7.055749] (px4_msgs) StdoutLine: {'line': b'-- Up-to-date: /home/stepan/ws_ros2/install/px4_msgs/include/px4_msgs/px4_msgs/msg/detail/airspeed_wind__rosidl_typesupport_introspection_c.h\n'}
[7.055860] (px4_msgs) StdoutLine: {'line': b'-- Up-to-date: /home/stepan/ws_ros2/install/px4_msgs/include/px4_msgs/px4_msgs/msg/detail/arming_check_reply__type_support.c\n'}
[7.055952] (px4_msgs) StdoutLine: {'line': b'-- Up-to-date: /home/stepan/ws_ros2/install/px4_msgs/include/px4_msgs/px4_msgs/msg/detail/velocity_limits__rosidl_typesupport_introspection_c.h\n'}
[7.056045] (px4_msgs) StdoutLine: {'line': b'-- Up-to-date: /home/stepan/ws_ros2/install/px4_msgs/include/px4_msgs/px4_msgs/msg/detail/autotune_attitude_control_status__type_support.c\n'}
[7.056193] (px4_msgs) StdoutLine: {'line': b'-- Up-to-date: /home/stepan/ws_ros2/install/px4_msgs/include/px4_msgs/px4_msgs/msg/detail/rover_steering_setpoint__rosidl_typesupport_introspection_c.h\n'}
[7.056368] (px4_msgs) StdoutLine: {'line': b'-- Up-to-date: /home/stepan/ws_ros2/install/px4_msgs/include/px4_msgs/px4_msgs/msg/detail/sensor_optical_flow__type_support.c\n'}
[7.056583] (px4_msgs) StdoutLine: {'line': b'-- Up-to-date: /home/stepan/ws_ros2/install/px4_msgs/include/px4_msgs/px4_msgs/msg/detail/uavcan_parameter_request__type_support.c\n'}
[7.056877] (px4_msgs) StdoutLine: {'line': b'-- Up-to-date: /home/stepan/ws_ros2/install/px4_msgs/include/px4_msgs/px4_msgs/msg/detail/led_control__type_support.c\n'}
[7.057147] (px4_msgs) StdoutLine: {'line': b'-- Up-to-date: /home/stepan/ws_ros2/install/px4_msgs/include/px4_msgs/px4_msgs/msg/detail/parameter_update__type_support.c\n'}
[7.057371] (px4_msgs) StdoutLine: {'line': b'-- Up-to-date: /home/stepan/ws_ros2/install/px4_msgs/include/px4_msgs/px4_msgs/msg/detail/vehicle_control_mode__type_support.c\n'}
[7.057480] (px4_msgs) StdoutLine: {'line': b'-- Up-to-date: /home/stepan/ws_ros2/install/px4_msgs/include/px4_msgs/px4_msgs/msg/detail/message_format_response__rosidl_typesupport_introspection_c.h\n'}
[7.057596] (px4_msgs) StdoutLine: {'line': b'-- Up-to-date: /home/stepan/ws_ros2/install/px4_msgs/include/px4_msgs/px4_msgs/msg/detail/ulog_stream__rosidl_typesupport_introspection_c.h\n'}
[7.057752] (px4_msgs) StdoutLine: {'line': b'-- Up-to-date: /home/stepan/ws_ros2/install/px4_msgs/include/px4_msgs/px4_msgs/msg/detail/internal_combustion_engine_status__rosidl_typesupport_introspection_c.h\n'}
[7.057959] (px4_msgs) StdoutLine: {'line': b'-- Up-to-date: /home/stepan/ws_ros2/install/px4_msgs/include/px4_msgs/px4_msgs/msg/detail/ekf2_timestamps__type_support.c\n'}
[7.058115] (px4_msgs) StdoutLine: {'line': b'-- Up-to-date: /home/stepan/ws_ros2/install/px4_msgs/include/px4_msgs/px4_msgs/msg/detail/config_overrides__rosidl_typesupport_introspection_c.h\n'}
[7.058258] (px4_msgs) StdoutLine: {'line': b'-- Up-to-date: /home/stepan/ws_ros2/install/px4_msgs/include/px4_msgs/px4_msgs/msg/detail/vehicle_angular_acceleration_setpoint__type_support.c\n'}
[7.058403] (px4_msgs) StdoutLine: {'line': b'-- Up-to-date: /home/stepan/ws_ros2/install/px4_msgs/include/px4_msgs/px4_msgs/msg/detail/adc_report__type_support.c\n'}
[7.058564] (-) TimerEvent: {}
[7.059355] (px4_msgs) StdoutLine: {'line': b'-- Up-to-date: /home/stepan/ws_ros2/install/px4_msgs/include/px4_msgs/px4_msgs/msg/detail/arming_check_reply__rosidl_typesupport_introspection_c.h\n'}
[7.061206] (px4_msgs) StdoutLine: {'line': b'-- Up-to-date: /home/stepan/ws_ros2/install/px4_msgs/include/px4_msgs/px4_msgs/msg/detail/manual_control_setpoint__rosidl_typesupport_introspection_c.h\n'}
[7.063211] (px4_msgs) StdoutLine: {'line': b'-- Up-to-date: /home/stepan/ws_ros2/install/px4_msgs/include/px4_msgs/px4_msgs/msg/detail/vehicle_local_position_setpoint__rosidl_typesupport_introspection_c.h\n'}
[7.064508] (px4_msgs) StdoutLine: {'line': b'-- Up-to-date: /home/stepan/ws_ros2/install/px4_msgs/include/px4_msgs/px4_msgs/msg/detail/gpio_out__rosidl_typesupport_introspection_c.h\n'}
[7.065897] (px4_msgs) StdoutLine: {'line': b'-- Up-to-date: /home/stepan/ws_ros2/install/px4_msgs/include/px4_msgs/px4_msgs/msg/detail/takeoff_status__type_support.c\n'}
[7.066153] (px4_msgs) StdoutLine: {'line': b'-- Up-to-date: /home/stepan/ws_ros2/install/px4_msgs/include/px4_msgs/px4_msgs/msg/detail/failsafe_flags__rosidl_typesupport_introspection_c.h\n'}
[7.066344] (px4_msgs) StdoutLine: {'line': b'-- Up-to-date: /home/stepan/ws_ros2/install/px4_msgs/include/px4_msgs/px4_msgs/msg/detail/actuator_controls_status__type_support.c\n'}
[7.066800] (px4_msgs) StdoutLine: {'line': b'-- Up-to-date: /home/stepan/ws_ros2/install/px4_msgs/include/px4_msgs/px4_msgs/msg/detail/arming_check_request__rosidl_typesupport_introspection_c.h\n'}
[7.067838] (px4_msgs) StdoutLine: {'line': b'-- Up-to-date: /home/stepan/ws_ros2/install/px4_msgs/include/px4_msgs/px4_msgs/msg/detail/distance_sensor_mode_change_request__rosidl_typesupport_introspection_c.h\n'}
[7.068493] (px4_msgs) StdoutLine: {'line': b'-- Up-to-date: /home/stepan/ws_ros2/install/px4_msgs/include/px4_msgs/px4_msgs/msg/detail/manual_control_setpoint__type_support.c\n'}
[7.068760] (px4_msgs) StdoutLine: {'line': b'-- Up-to-date: /home/stepan/ws_ros2/install/px4_msgs/include/px4_msgs/px4_msgs/msg/detail/gps_dump__type_support.c\n'}
[7.068998] (px4_msgs) StdoutLine: {'line': b'-- Up-to-date: /home/stepan/ws_ros2/install/px4_msgs/include/px4_msgs/px4_msgs/msg/detail/fuel_tank_status__type_support.c\n'}
[7.069189] (px4_msgs) StdoutLine: {'line': b'-- Up-to-date: /home/stepan/ws_ros2/install/px4_msgs/include/px4_msgs/px4_msgs/msg/detail/airspeed__type_support.c\n'}
[7.069296] (px4_msgs) StdoutLine: {'line': b'-- Up-to-date: /home/stepan/ws_ros2/install/px4_msgs/include/px4_msgs/px4_msgs/msg/detail/estimator_states__type_support.c\n'}
[7.069400] (px4_msgs) StdoutLine: {'line': b'-- Up-to-date: /home/stepan/ws_ros2/install/px4_msgs/include/px4_msgs/px4_msgs/msg/detail/vehicle_land_detected__rosidl_typesupport_introspection_c.h\n'}
[7.069501] (px4_msgs) StdoutLine: {'line': b'-- Up-to-date: /home/stepan/ws_ros2/install/px4_msgs/include/px4_msgs/px4_msgs/msg/detail/trajectory_setpoint6dof__rosidl_typesupport_introspection_c.h\n'}
[7.069614] (px4_msgs) StdoutLine: {'line': b'-- Up-to-date: /home/stepan/ws_ros2/install/px4_msgs/include/px4_msgs/px4_msgs/msg/detail/open_drone_id_arm_status__type_support.c\n'}
[7.069759] (px4_msgs) StdoutLine: {'line': b'-- Up-to-date: /home/stepan/ws_ros2/install/px4_msgs/include/px4_msgs/px4_msgs/msg/detail/estimator_aid_source3d__type_support.c\n'}
[7.070116] (px4_msgs) StdoutLine: {'line': b'-- Up-to-date: /home/stepan/ws_ros2/install/px4_msgs/include/px4_msgs/px4_msgs/msg/detail/satellite_info__type_support.c\n'}
[7.070602] (px4_msgs) StdoutLine: {'line': b'-- Up-to-date: /home/stepan/ws_ros2/install/px4_msgs/include/px4_msgs/px4_msgs/msg/detail/mavlink_log__rosidl_typesupport_introspection_c.h\n'}
[7.071593] (px4_msgs) StdoutLine: {'line': b'-- Up-to-date: /home/stepan/ws_ros2/install/px4_msgs/include/px4_msgs/px4_msgs/msg/detail/power_button_state__type_support.c\n'}
[7.071877] (px4_msgs) StdoutLine: {'line': b'-- Up-to-date: /home/stepan/ws_ros2/install/px4_msgs/include/px4_msgs/px4_msgs/msg/detail/follow_target_status__type_support.c\n'}
[7.072633] (px4_msgs) StdoutLine: {'line': b'-- Up-to-date: /home/stepan/ws_ros2/install/px4_msgs/include/px4_msgs/px4_msgs/msg/detail/estimator_bias__type_support.c\n'}
[7.073320] (px4_msgs) StdoutLine: {'line': b'-- Up-to-date: /home/stepan/ws_ros2/install/px4_msgs/include/px4_msgs/px4_msgs/msg/detail/sensor_accel_fifo__rosidl_typesupport_introspection_c.h\n'}
[7.073932] (px4_msgs) StdoutLine: {'line': b'-- Up-to-date: /home/stepan/ws_ros2/install/px4_msgs/include/px4_msgs/px4_msgs/msg/detail/control_allocator_status__rosidl_typesupport_introspection_c.h\n'}
[7.074428] (px4_msgs) StdoutLine: {'line': b'-- Up-to-date: /home/stepan/ws_ros2/install/px4_msgs/include/px4_msgs/px4_msgs/msg/detail/sensor_selection__type_support.c\n'}
[7.074803] (px4_msgs) StdoutLine: {'line': b'-- Up-to-date: /home/stepan/ws_ros2/install/px4_msgs/include/px4_msgs/px4_msgs/msg/detail/normalized_unsigned_setpoint__type_support.c\n'}
[7.075251] (px4_msgs) StdoutLine: {'line': b'-- Up-to-date: /home/stepan/ws_ros2/install/px4_msgs/include/px4_msgs/px4_msgs/msg/detail/pwm_input__rosidl_typesupport_introspection_c.h\n'}
[7.075645] (px4_msgs) StdoutLine: {'line': b'-- Up-to-date: /home/stepan/ws_ros2/install/px4_msgs/include/px4_msgs/px4_msgs/msg/detail/gimbal_controls__type_support.c\n'}
[7.077290] (px4_msgs) StdoutLine: {'line': b'-- Up-to-date: /home/stepan/ws_ros2/install/px4_msgs/include/px4_msgs/px4_msgs/msg/detail/vtol_vehicle_status__rosidl_typesupport_introspection_c.h\n'}
[7.077894] (px4_msgs) StdoutLine: {'line': b'-- Up-to-date: /home/stepan/ws_ros2/install/px4_msgs/include/px4_msgs/px4_msgs/msg/detail/sensor_baro__type_support.c\n'}
[7.078175] (px4_msgs) StdoutLine: {'line': b'-- Up-to-date: /home/stepan/ws_ros2/install/px4_msgs/include/px4_msgs/px4_msgs/msg/detail/mission_result__type_support.c\n'}
[7.078379] (px4_msgs) StdoutLine: {'line': b'-- Up-to-date: /home/stepan/ws_ros2/install/px4_msgs/include/px4_msgs/px4_msgs/msg/detail/tecs_status__type_support.c\n'}
[7.078603] (px4_msgs) StdoutLine: {'line': b'-- Up-to-date: /home/stepan/ws_ros2/install/px4_msgs/include/px4_msgs/px4_msgs/msg/detail/rc_channels__rosidl_typesupport_introspection_c.h\n'}
[7.080181] (px4_msgs) StdoutLine: {'line': b'-- Up-to-date: /home/stepan/ws_ros2/install/px4_msgs/include/px4_msgs/px4_msgs/msg/detail/gripper__rosidl_typesupport_introspection_c.h\n'}
[7.080445] (px4_msgs) StdoutLine: {'line': b'-- Up-to-date: /home/stepan/ws_ros2/install/px4_msgs/include/px4_msgs/px4_msgs/msg/detail/actuator_test__type_support.c\n'}
[7.080690] (px4_msgs) StdoutLine: {'line': b'-- Up-to-date: /home/stepan/ws_ros2/install/px4_msgs/include/px4_msgs/px4_msgs/msg/detail/navigator_status__type_support.c\n'}
[7.080981] (px4_msgs) StdoutLine: {'line': b'-- Up-to-date: /home/stepan/ws_ros2/install/px4_msgs/include/px4_msgs/px4_msgs/msg/detail/sensor_accel_fifo__type_support.c\n'}
[7.081191] (px4_msgs) StdoutLine: {'line': b'-- Up-to-date: /home/stepan/ws_ros2/install/px4_msgs/include/px4_msgs/px4_msgs/msg/detail/camera_capture__type_support.c\n'}
[7.081339] (px4_msgs) StdoutLine: {'line': b'-- Up-to-date: /home/stepan/ws_ros2/install/px4_msgs/include/px4_msgs/px4_msgs/msg/detail/vehicle_roi__rosidl_typesupport_introspection_c.h\n'}
[7.081507] (px4_msgs) StdoutLine: {'line': b'-- Up-to-date: /home/stepan/ws_ros2/install/px4_msgs/include/px4_msgs/px4_msgs/msg/detail/npfg_status__rosidl_typesupport_introspection_c.h\n'}
[7.081677] (px4_msgs) StdoutLine: {'line': b'-- Up-to-date: /home/stepan/ws_ros2/install/px4_msgs/include/px4_msgs/px4_msgs/msg/detail/vehicle_control_mode__rosidl_typesupport_introspection_c.h\n'}
[7.082100] (px4_msgs) StdoutLine: {'line': b'-- Up-to-date: /home/stepan/ws_ros2/install/px4_msgs/include/px4_msgs/px4_msgs/msg/detail/vehicle_attitude_setpoint__type_support.c\n'}
[7.082266] (px4_msgs) StdoutLine: {'line': b'-- Up-to-date: /home/stepan/ws_ros2/install/px4_msgs/include/px4_msgs/px4_msgs/msg/detail/parameter_reset_request__rosidl_typesupport_introspection_c.h\n'}
[7.082453] (px4_msgs) StdoutLine: {'line': b'-- Up-to-date: /home/stepan/ws_ros2/install/px4_msgs/include/px4_msgs/px4_msgs/msg/detail/position_setpoint__type_support.c\n'}
[7.082607] (px4_msgs) StdoutLine: {'line': b'-- Up-to-date: /home/stepan/ws_ros2/install/px4_msgs/include/px4_msgs/px4_msgs/msg/detail/estimator_sensor_bias__type_support.c\n'}
[7.082776] (px4_msgs) StdoutLine: {'line': b'-- Up-to-date: /home/stepan/ws_ros2/install/px4_msgs/include/px4_msgs/px4_msgs/msg/detail/vehicle_attitude__rosidl_typesupport_introspection_c.h\n'}
[7.082942] (px4_msgs) StdoutLine: {'line': b'-- Up-to-date: /home/stepan/ws_ros2/install/px4_msgs/include/px4_msgs/px4_msgs/msg/detail/landing_gear__type_support.c\n'}
[7.083051] (px4_msgs) StdoutLine: {'line': b'-- Up-to-date: /home/stepan/ws_ros2/install/px4_msgs/include/px4_msgs/px4_msgs/msg/detail/ulog_stream_ack__rosidl_typesupport_introspection_c.h\n'}
[7.083214] (px4_msgs) StdoutLine: {'line': b'-- Up-to-date: /home/stepan/ws_ros2/install/px4_msgs/include/px4_msgs/px4_msgs/msg/detail/ulog_stream_ack__type_support.c\n'}
[7.083372] (px4_msgs) StdoutLine: {'line': b'-- Up-to-date: /home/stepan/ws_ros2/install/px4_msgs/include/px4_msgs/px4_msgs/msg/detail/mavlink_tunnel__type_support.c\n'}
[7.083476] (px4_msgs) StdoutLine: {'line': b'-- Up-to-date: /home/stepan/ws_ros2/install/px4_msgs/include/px4_msgs/px4_msgs/msg/detail/tune_control__type_support.c\n'}
[7.083575] (px4_msgs) StdoutLine: {'line': b'-- Up-to-date: /home/stepan/ws_ros2/install/px4_msgs/include/px4_msgs/px4_msgs/msg/detail/parameter_set_used_request__type_support.c\n'}
[7.083876] (px4_msgs) StdoutLine: {'line': b'-- Up-to-date: /home/stepan/ws_ros2/install/px4_msgs/include/px4_msgs/px4_msgs/msg/detail/fuel_tank_status__rosidl_typesupport_introspection_c.h\n'}
[7.085425] (px4_msgs) StdoutLine: {'line': b'-- Up-to-date: /home/stepan/ws_ros2/install/px4_msgs/include/px4_msgs/px4_msgs/msg/detail/vehicle_local_position_setpoint__type_support.c\n'}
[7.085772] (px4_msgs) StdoutLine: {'line': b'-- Up-to-date: /home/stepan/ws_ros2/install/px4_msgs/include/px4_msgs/px4_msgs/msg/detail/qshell_req__type_support.c\n'}
[7.086178] (px4_msgs) StdoutLine: {'line': b'-- Up-to-date: /home/stepan/ws_ros2/install/px4_msgs/include/px4_msgs/px4_msgs/msg/detail/rpm__type_support.c\n'}
[7.086846] (px4_msgs) StdoutLine: {'line': b'-- Up-to-date: /home/stepan/ws_ros2/install/px4_msgs/include/px4_msgs/px4_msgs/msg/detail/sensor_combined__rosidl_typesupport_introspection_c.h\n'}
[7.087308] (px4_msgs) StdoutLine: {'line': b'-- Up-to-date: /home/stepan/ws_ros2/install/px4_msgs/include/px4_msgs/px4_msgs/msg/detail/gps_dump__rosidl_typesupport_introspection_c.h\n'}
[7.087553] (px4_msgs) StdoutLine: {'line': b'-- Up-to-date: /home/stepan/ws_ros2/install/px4_msgs/include/px4_msgs/px4_msgs/msg/detail/tiltrotor_extra_controls__rosidl_typesupport_introspection_c.h\n'}
[7.088118] (px4_msgs) StdoutLine: {'line': b'-- Up-to-date: /home/stepan/ws_ros2/install/px4_msgs/include/px4_msgs/px4_msgs/msg/detail/sensor_gps__rosidl_typesupport_introspection_c.h\n'}
[7.088332] (px4_msgs) StdoutLine: {'line': b'-- Up-to-date: /home/stepan/ws_ros2/install/px4_msgs/include/px4_msgs/px4_msgs/msg/detail/mode_completed__type_support.c\n'}
[7.088771] (px4_msgs) StdoutLine: {'line': b'-- Up-to-date: /home/stepan/ws_ros2/install/px4_msgs/include/px4_msgs/px4_msgs/msg/detail/power_monitor__type_support.c\n'}
[7.089351] (px4_msgs) StdoutLine: {'line': b'-- Up-to-date: /home/stepan/ws_ros2/install/px4_msgs/include/px4_msgs/px4_msgs/msg/detail/sensor_combined__type_support.c\n'}
[7.089703] (px4_msgs) StdoutLine: {'line': b'-- Up-to-date: /home/stepan/ws_ros2/install/px4_msgs/include/px4_msgs/px4_msgs/msg/detail/collision_constraints__type_support.c\n'}
[7.090017] (px4_msgs) StdoutLine: {'line': b'-- Up-to-date: /home/stepan/ws_ros2/install/px4_msgs/include/px4_msgs/px4_msgs/msg/detail/button_event__rosidl_typesupport_introspection_c.h\n'}
[7.090215] (px4_msgs) StdoutLine: {'line': b'-- Up-to-date: /home/stepan/ws_ros2/install/px4_msgs/include/px4_msgs/px4_msgs/msg/detail/rover_position_setpoint__type_support.c\n'}
[7.091394] (px4_msgs) StdoutLine: {'line': b'-- Up-to-date: /home/stepan/ws_ros2/install/px4_msgs/include/px4_msgs/px4_msgs/msg/detail/log_message__type_support.c\n'}
[7.091895] (px4_msgs) StdoutLine: {'line': b'-- Up-to-date: /home/stepan/ws_ros2/install/px4_msgs/include/px4_msgs/px4_msgs/msg/detail/vehicle_rates_setpoint__type_support.c\n'}
[7.093380] (px4_msgs) StdoutLine: {'line': b'-- Up-to-date: /home/stepan/ws_ros2/install/px4_msgs/include/px4_msgs/px4_msgs/msg/detail/internal_combustion_engine_status__type_support.c\n'}
[7.094144] (px4_msgs) StdoutLine: {'line': b'-- Up-to-date: /home/stepan/ws_ros2/install/px4_msgs/include/px4_msgs/px4_msgs/msg/detail/rover_attitude_setpoint__rosidl_typesupport_introspection_c.h\n'}
[7.094334] (px4_msgs) StdoutLine: {'line': b'-- Up-to-date: /home/stepan/ws_ros2/install/px4_msgs/include/px4_msgs/px4_msgs/msg/detail/register_ext_component_reply__type_support.c\n'}
[7.094525] (px4_msgs) StdoutLine: {'line': b'-- Up-to-date: /home/stepan/ws_ros2/install/px4_msgs/include/px4_msgs/px4_msgs/msg/detail/rover_attitude_status__rosidl_typesupport_introspection_c.h\n'}
[7.094671] (px4_msgs) StdoutLine: {'line': b'-- Up-to-date: /home/stepan/ws_ros2/install/px4_msgs/include/px4_msgs/px4_msgs/msg/detail/gimbal_device_information__rosidl_typesupport_introspection_c.h\n'}
[7.094816] (px4_msgs) StdoutLine: {'line': b'-- Up-to-date: /home/stepan/ws_ros2/install/px4_msgs/include/px4_msgs/px4_msgs/msg/detail/mission__type_support.c\n'}
[7.094974] (px4_msgs) StdoutLine: {'line': b'-- Up-to-date: /home/stepan/ws_ros2/install/px4_msgs/include/px4_msgs/px4_msgs/msg/detail/vehicle_torque_setpoint__type_support.c\n'}
[7.095090] (px4_msgs) StdoutLine: {'line': b'-- Up-to-date: /home/stepan/ws_ros2/install/px4_msgs/include/px4_msgs/px4_msgs/msg/detail/camera_capture__rosidl_typesupport_introspection_c.h\n'}
[7.095232] (px4_msgs) StdoutLine: {'line': b'-- Up-to-date: /home/stepan/ws_ros2/install/px4_msgs/include/px4_msgs/px4_msgs/msg/detail/offboard_control_mode__rosidl_typesupport_introspection_c.h\n'}
[7.095387] (px4_msgs) StdoutLine: {'line': b'-- Up-to-date: /home/stepan/ws_ros2/install/px4_msgs/include/px4_msgs/px4_msgs/msg/detail/esc_report__rosidl_typesupport_introspection_c.h\n'}
[7.095669] (px4_msgs) StdoutLine: {'line': b'-- Up-to-date: /home/stepan/ws_ros2/install/px4_msgs/include/px4_msgs/px4_msgs/msg/detail/sensor_preflight_mag__type_support.c\n'}
[7.096725] (px4_msgs) StdoutLine: {'line': b'-- Up-to-date: /home/stepan/ws_ros2/install/px4_msgs/include/px4_msgs/px4_msgs/msg/detail/debug_vect__type_support.c\n'}
[7.097030] (px4_msgs) StdoutLine: {'line': b'-- Up-to-date: /home/stepan/ws_ros2/install/px4_msgs/include/px4_msgs/px4_msgs/msg/detail/rover_rate_status__type_support.c\n'}
[7.097237] (px4_msgs) StdoutLine: {'line': b'-- Up-to-date: /home/stepan/ws_ros2/install/px4_msgs/include/px4_msgs/px4_msgs/msg/detail/debug_vect__rosidl_typesupport_introspection_c.h\n'}
[7.097366] (px4_msgs) StdoutLine: {'line': b'-- Up-to-date: /home/stepan/ws_ros2/install/px4_msgs/include/px4_msgs/px4_msgs/msg/detail/vehicle_rates_setpoint__rosidl_typesupport_introspection_c.h\n'}
[7.097499] (px4_msgs) StdoutLine: {'line': b'-- Up-to-date: /home/stepan/ws_ros2/install/px4_msgs/include/px4_msgs/px4_msgs/msg/detail/vehicle_acceleration__type_support.c\n'}
[7.097604] (px4_msgs) StdoutLine: {'line': b'-- Up-to-date: /home/stepan/ws_ros2/install/px4_msgs/include/px4_msgs/px4_msgs/msg/detail/ping__rosidl_typesupport_introspection_c.h\n'}
[7.097727] (px4_msgs) StdoutLine: {'line': b'-- Up-to-date: /home/stepan/ws_ros2/install/px4_msgs/include/px4_msgs/px4_msgs/msg/detail/vehicle_local_position__rosidl_typesupport_introspection_c.h\n'}
[7.098400] (px4_msgs) StdoutLine: {'line': b'-- Up-to-date: /home/stepan/ws_ros2/install/px4_msgs/include/px4_msgs/px4_msgs/msg/detail/register_ext_component_request__type_support.c\n'}
[7.098532] (px4_msgs) StdoutLine: {'line': b'-- Up-to-date: /home/stepan/ws_ros2/install/px4_msgs/include/px4_msgs/px4_msgs/msg/detail/task_stack_info__type_support.c\n'}
[7.098698] (px4_msgs) StdoutLine: {'line': b'-- Up-to-date: /home/stepan/ws_ros2/install/px4_msgs/include/px4_msgs/px4_msgs/msg/detail/cellular_status__rosidl_typesupport_introspection_c.h\n'}
[7.098879] (px4_msgs) StdoutLine: {'line': b'-- Up-to-date: /home/stepan/ws_ros2/install/px4_msgs/include/px4_msgs/px4_msgs/msg/detail/estimator_status_flags__rosidl_typesupport_introspection_c.h\n'}
[7.098986] (px4_msgs) StdoutLine: {'line': b'-- Up-to-date: /home/stepan/ws_ros2/install/px4_msgs/include/px4_msgs/px4_msgs/msg/detail/open_drone_id_system__type_support.c\n'}
[7.099149] (px4_msgs) StdoutLine: {'line': b'-- Up-to-date: /home/stepan/ws_ros2/install/px4_msgs/include/px4_msgs/px4_msgs/msg/detail/goto_setpoint__rosidl_typesupport_introspection_c.h\n'}
[7.099596] (px4_msgs) StdoutLine: {'line': b'-- Up-to-date: /home/stepan/ws_ros2/install/px4_msgs/include/px4_msgs/px4_msgs/msg/detail/home_position__rosidl_typesupport_introspection_c.h\n'}
[7.100211] (px4_msgs) StdoutLine: {'line': b'-- Up-to-date: /home/stepan/ws_ros2/install/px4_msgs/include/px4_msgs/px4_msgs/msg/detail/actuator_test__rosidl_typesupport_introspection_c.h\n'}
[7.101736] (px4_msgs) StdoutLine: {'line': b'-- Up-to-date: /home/stepan/ws_ros2/install/px4_msgs/include/px4_msgs/px4_msgs/msg/detail/vehicle_command__rosidl_typesupport_introspection_c.h\n'}
[7.102661] (px4_msgs) StdoutLine: {'line': b'-- Up-to-date: /home/stepan/ws_ros2/install/px4_msgs/include/px4_msgs/px4_msgs/msg/detail/can_interface_status__type_support.c\n'}
[7.103521] (px4_msgs) StdoutLine: {'line': b'-- Up-to-date: /home/stepan/ws_ros2/install/px4_msgs/include/px4_msgs/px4_msgs/msg/detail/open_drone_id_operator_id__rosidl_typesupport_introspection_c.h\n'}
[7.104226] (px4_msgs) StdoutLine: {'line': b'-- Up-to-date: /home/stepan/ws_ros2/install/px4_msgs/include/px4_msgs/px4_msgs/msg/detail/failure_detector_status__rosidl_typesupport_introspection_c.h\n'}
[7.104663] (px4_msgs) StdoutLine: {'line': b'-- Up-to-date: /home/stepan/ws_ros2/install/px4_msgs/include/px4_msgs/px4_msgs/msg/detail/radio_status__type_support.c\n'}
[7.105061] (px4_msgs) StdoutLine: {'line': b'-- Up-to-date: /home/stepan/ws_ros2/install/px4_msgs/include/px4_msgs/px4_msgs/msg/detail/sensor_correction__rosidl_typesupport_introspection_c.h\n'}
[7.105463] (px4_msgs) StdoutLine: {'line': b'-- Up-to-date: /home/stepan/ws_ros2/install/px4_msgs/include/px4_msgs/px4_msgs/msg/detail/figure_eight_status__rosidl_typesupport_introspection_c.h\n'}
[7.105618] (px4_msgs) StdoutLine: {'line': b'-- Up-to-date: /home/stepan/ws_ros2/install/px4_msgs/include/px4_msgs/px4_msgs/msg/detail/vehicle_magnetometer__type_support.c\n'}
[7.105784] (px4_msgs) StdoutLine: {'line': b'-- Up-to-date: /home/stepan/ws_ros2/install/px4_msgs/include/px4_msgs/px4_msgs/msg/detail/magnetometer_bias_estimate__type_support.c\n'}
[7.106436] (px4_msgs) StdoutLine: {'line': b'-- Up-to-date: /home/stepan/ws_ros2/install/px4_msgs/include/px4_msgs/px4_msgs/msg/detail/arming_check_request__type_support.c\n'}
[7.106659] (px4_msgs) StdoutLine: {'line': b'-- Up-to-date: /home/stepan/ws_ros2/install/px4_msgs/include/px4_msgs/px4_msgs/msg/detail/failure_detector_status__type_support.c\n'}
[7.107107] (px4_msgs) StdoutLine: {'line': b'-- Up-to-date: /home/stepan/ws_ros2/install/px4_msgs/include/px4_msgs/px4_msgs/msg/detail/rc_channels__type_support.c\n'}
[7.107308] (px4_msgs) StdoutLine: {'line': b'-- Up-to-date: /home/stepan/ws_ros2/install/px4_msgs/include/px4_msgs/px4_msgs/msg/detail/onboard_computer_status__rosidl_typesupport_introspection_c.h\n'}
[7.107536] (px4_msgs) StdoutLine: {'line': b'-- Up-to-date: /home/stepan/ws_ros2/install/px4_msgs/include/px4_msgs/px4_msgs/msg/detail/vehicle_constraints__type_support.c\n'}
[7.107982] (px4_msgs) StdoutLine: {'line': b'-- Up-to-date: /home/stepan/ws_ros2/install/px4_msgs/include/px4_msgs/px4_msgs/msg/detail/gimbal_manager_information__type_support.c\n'}
[7.108863] (px4_msgs) StdoutLine: {'line': b'-- Up-to-date: /home/stepan/ws_ros2/install/px4_msgs/include/px4_msgs/px4_msgs/msg/detail/vehicle_odometry__rosidl_typesupport_introspection_c.h\n'}
[7.111094] (px4_msgs) StdoutLine: {'line': b'-- Up-to-date: /home/stepan/ws_ros2/install/px4_msgs/include/px4_msgs/px4_msgs/msg/detail/message_format_request__rosidl_typesupport_introspection_c.h\n'}
[7.111361] (px4_msgs) StdoutLine: {'line': b'-- Up-to-date: /home/stepan/ws_ros2/install/px4_msgs/include/px4_msgs/px4_msgs/msg/detail/timesync_status__rosidl_typesupport_introspection_c.h\n'}
[7.111580] (px4_msgs) StdoutLine: {'line': b'-- Up-to-date: /home/stepan/ws_ros2/install/px4_msgs/include/px4_msgs/px4_msgs/msg/detail/airspeed_wind__type_support.c\n'}
[7.111762] (px4_msgs) StdoutLine: {'line': b'-- Up-to-date: /home/stepan/ws_ros2/install/px4_msgs/include/px4_msgs/px4_msgs/msg/detail/wind__type_support.c\n'}
[7.111981] (px4_msgs) StdoutLine: {'line': b'-- Up-to-date: /home/stepan/ws_ros2/install/px4_msgs/include/px4_msgs/px4_msgs/msg/detail/sensor_mag__type_support.c\n'}
[7.112160] (px4_msgs) StdoutLine: {'line': b'-- Up-to-date: /home/stepan/ws_ros2/install/px4_msgs/include/px4_msgs/px4_msgs/msg/detail/vehicle_optical_flow__rosidl_typesupport_introspection_c.h\n'}
[7.112345] (px4_msgs) StdoutLine: {'line': b'-- Up-to-date: /home/stepan/ws_ros2/install/px4_msgs/include/px4_msgs/px4_msgs/msg/detail/telemetry_status__type_support.c\n'}
[7.112540] (px4_msgs) StdoutLine: {'line': b'-- Up-to-date: /home/stepan/ws_ros2/install/px4_msgs/include/px4_msgs/px4_msgs/msg/detail/actuator_outputs__type_support.c\n'}
[7.112729] (px4_msgs) StdoutLine: {'line': b'-- Up-to-date: /home/stepan/ws_ros2/install/px4_msgs/include/px4_msgs/px4_msgs/msg/detail/transponder_report__type_support.c\n'}
[7.112902] (px4_msgs) StdoutLine: {'line': b'-- Up-to-date: /home/stepan/ws_ros2/install/px4_msgs/include/px4_msgs/px4_msgs/msg/detail/yaw_estimator_status__rosidl_typesupport_introspection_c.h\n'}
[7.113047] (px4_msgs) StdoutLine: {'line': b'-- Up-to-date: /home/stepan/ws_ros2/install/px4_msgs/include/px4_msgs/px4_msgs/msg/detail/parameter_set_value_response__rosidl_typesupport_introspection_c.h\n'}
[7.113160] (px4_msgs) StdoutLine: {'line': b'-- Up-to-date: /home/stepan/ws_ros2/install/px4_msgs/include/px4_msgs/px4_msgs/msg/detail/orb_test_large__rosidl_typesupport_introspection_c.h\n'}
[7.113927] (px4_msgs) StdoutLine: {'line': b'-- Up-to-date: /home/stepan/ws_ros2/install/px4_msgs/include/px4_msgs/px4_msgs/msg/detail/uavcan_parameter_value__type_support.c\n'}
[7.114056] (px4_msgs) StdoutLine: {'line': b'-- Up-to-date: /home/stepan/ws_ros2/install/px4_msgs/include/px4_msgs/px4_msgs/msg/detail/orbit_status__rosidl_typesupport_introspection_c.h\n'}
[7.114200] (px4_msgs) StdoutLine: {'line': b'-- Up-to-date: /home/stepan/ws_ros2/install/px4_msgs/include/px4_msgs/px4_msgs/msg/detail/estimator_aid_source2d__rosidl_typesupport_introspection_c.h\n'}
[7.114362] (px4_msgs) StdoutLine: {'line': b'-- Up-to-date: /home/stepan/ws_ros2/install/px4_msgs/include/px4_msgs/px4_msgs/msg/detail/gpio_request__type_support.c\n'}
[7.115124] (px4_msgs) StdoutLine: {'line': b'-- Up-to-date: /home/stepan/ws_ros2/install/px4_msgs/include/px4_msgs/px4_msgs/msg/detail/vehicle_status__type_support.c\n'}
[7.115339] (px4_msgs) StdoutLine: {'line': b'-- Up-to-date: /home/stepan/ws_ros2/install/px4_msgs/include/px4_msgs/px4_msgs/msg/detail/actuator_servos_trim__rosidl_typesupport_introspection_c.h\n'}
[7.115524] (px4_msgs) StdoutLine: {'line': b'-- Up-to-date: /home/stepan/ws_ros2/install/px4_msgs/include/px4_msgs/px4_msgs/msg/detail/position_controller_landing_status__rosidl_typesupport_introspection_c.h\n'}
[7.115686] (px4_msgs) StdoutLine: {'line': b'-- Up-to-date: /home/stepan/ws_ros2/install/px4_msgs/include/px4_msgs/px4_msgs/msg/detail/estimator_status__type_support.c\n'}
[7.115877] (px4_msgs) StdoutLine: {'line': b'-- Up-to-date: /home/stepan/ws_ros2/install/px4_msgs/include/px4_msgs/px4_msgs/msg/detail/rc_parameter_map__rosidl_typesupport_introspection_c.h\n'}
[7.116048] (px4_msgs) StdoutLine: {'line': b'-- Up-to-date: /home/stepan/ws_ros2/install/px4_msgs/include/px4_msgs/px4_msgs/msg/detail/landing_target_pose__type_support.c\n'}
[7.116231] (px4_msgs) StdoutLine: {'line': b'-- Up-to-date: /home/stepan/ws_ros2/install/px4_msgs/include/px4_msgs/px4_msgs/msg/detail/estimator_bias3d__type_support.c\n'}
[7.116406] (px4_msgs) StdoutLine: {'line': b'-- Up-to-date: /home/stepan/ws_ros2/install/px4_msgs/include/px4_msgs/px4_msgs/msg/detail/estimator_bias3d__rosidl_typesupport_introspection_c.h\n'}
[7.116625] (px4_msgs) StdoutLine: {'line': b'-- Up-to-date: /home/stepan/ws_ros2/install/px4_msgs/include/px4_msgs/px4_msgs/msg/detail/estimator_selector_status__type_support.c\n'}
[7.117317] (px4_msgs) StdoutLine: {'line': b'-- Up-to-date: /home/stepan/ws_ros2/install/px4_msgs/include/px4_msgs/px4_msgs/msg/detail/rover_position_setpoint__rosidl_typesupport_introspection_c.h\n'}
[7.117805] (px4_msgs) StdoutLine: {'line': b'-- Up-to-date: /home/stepan/ws_ros2/install/px4_msgs/include/px4_msgs/px4_msgs/msg/detail/cellular_status__type_support.c\n'}
[7.118113] (px4_msgs) StdoutLine: {'line': b'-- Up-to-date: /home/stepan/ws_ros2/install/px4_msgs/include/px4_msgs/px4_msgs/msg/detail/actuator_outputs__rosidl_typesupport_introspection_c.h\n'}
[7.118229] (px4_msgs) StdoutLine: {'line': b'-- Up-to-date: /home/stepan/ws_ros2/install/px4_msgs/include/px4_msgs/px4_msgs/msg/detail/dataman_response__type_support.c\n'}
[7.118332] (px4_msgs) StdoutLine: {'line': b'-- Up-to-date: /home/stepan/ws_ros2/install/px4_msgs/include/px4_msgs/px4_msgs/msg/detail/vehicle_odometry__type_support.c\n'}
[7.118439] (px4_msgs) StdoutLine: {'line': b'-- Up-to-date: /home/stepan/ws_ros2/install/px4_msgs/include/px4_msgs/px4_msgs/msg/detail/input_rc__type_support.c\n'}
[7.118559] (px4_msgs) StdoutLine: {'line': b'-- Up-to-date: /home/stepan/ws_ros2/install/px4_msgs/include/px4_msgs/px4_msgs/msg/detail/rate_ctrl_status__rosidl_typesupport_introspection_c.h\n'}
[7.118676] (px4_msgs) StdoutLine: {'line': b'-- Up-to-date: /home/stepan/ws_ros2/install/px4_msgs/include/px4_msgs/px4_msgs/msg/detail/gimbal_manager_information__rosidl_typesupport_introspection_c.h\n'}
[7.118909] (px4_msgs) StdoutLine: {'line': b'-- Up-to-date: /home/stepan/ws_ros2/install/px4_msgs/include/px4_msgs/px4_msgs/msg/detail/adc_report__rosidl_typesupport_introspection_c.h\n'}
[7.119068] (px4_msgs) StdoutLine: {'line': b'-- Up-to-date: /home/stepan/ws_ros2/install/px4_msgs/include/px4_msgs/px4_msgs/msg/detail/estimator_aid_source1d__rosidl_typesupport_introspection_c.h\n'}
[7.119182] (px4_msgs) StdoutLine: {'line': b'-- Up-to-date: /home/stepan/ws_ros2/install/px4_msgs/include/px4_msgs/px4_msgs/msg/detail/button_event__type_support.c\n'}
[7.119313] (px4_msgs) StdoutLine: {'line': b'-- Up-to-date: /home/stepan/ws_ros2/install/px4_msgs/include/px4_msgs/px4_msgs/msg/detail/health_report__type_support.c\n'}
[7.119439] (px4_msgs) StdoutLine: {'line': b'-- Up-to-date: /home/stepan/ws_ros2/install/px4_msgs/include/px4_msgs/px4_msgs/msg/detail/gimbal_device_set_attitude__type_support.c\n'}
[7.119603] (px4_msgs) StdoutLine: {'line': b'-- Up-to-date: /home/stepan/ws_ros2/install/px4_msgs/include/px4_msgs/px4_msgs/msg/detail/register_ext_component_reply__rosidl_typesupport_introspection_c.h\n'}
[7.119777] (px4_msgs) StdoutLine: {'line': b'-- Up-to-date: /home/stepan/ws_ros2/install/px4_msgs/include/px4_msgs/px4_msgs/msg/detail/battery_status__rosidl_typesupport_introspection_c.h\n'}
[7.119947] (px4_msgs) StdoutLine: {'line': b'-- Up-to-date: /home/stepan/ws_ros2/install/px4_msgs/include/px4_msgs/px4_msgs/msg/detail/vehicle_optical_flow__type_support.c\n'}
[7.120137] (px4_msgs) StdoutLine: {'line': b'-- Up-to-date: /home/stepan/ws_ros2/install/px4_msgs/include/px4_msgs/px4_msgs/msg/detail/gripper__type_support.c\n'}
[7.120272] (px4_msgs) StdoutLine: {'line': b'-- Up-to-date: /home/stepan/ws_ros2/install/px4_msgs/include/px4_msgs/px4_msgs/msg/detail/mavlink_tunnel__rosidl_typesupport_introspection_c.h\n'}
[7.120608] (px4_msgs) StdoutLine: {'line': b'-- Up-to-date: /home/stepan/ws_ros2/install/px4_msgs/include/px4_msgs/px4_msgs/msg/detail/rtl_status__type_support.c\n'}
[7.121375] (px4_msgs) StdoutLine: {'line': b'-- Up-to-date: /home/stepan/ws_ros2/install/px4_msgs/include/px4_msgs/px4_msgs/msg/detail/esc_status__type_support.c\n'}
[7.121670] (px4_msgs) StdoutLine: {'line': b'-- Up-to-date: /home/stepan/ws_ros2/install/px4_msgs/include/px4_msgs/px4_msgs/msg/detail/parameter_update__rosidl_typesupport_introspection_c.h\n'}
[7.121880] (px4_msgs) StdoutLine: {'line': b'-- Up-to-date: /home/stepan/ws_ros2/install/px4_msgs/include/px4_msgs/px4_msgs/msg/detail/rover_throttle_setpoint__type_support.c\n'}
[7.122052] (px4_msgs) StdoutLine: {'line': b'-- Up-to-date: /home/stepan/ws_ros2/install/px4_msgs/include/px4_msgs/px4_msgs/msg/detail/pure_pursuit_status__rosidl_typesupport_introspection_c.h\n'}
[7.122159] (px4_msgs) StdoutLine: {'line': b'-- Up-to-date: /home/stepan/ws_ros2/install/px4_msgs/include/px4_msgs/px4_msgs/msg/detail/vehicle_global_position__rosidl_typesupport_introspection_c.h\n'}
[7.122261] (px4_msgs) StdoutLine: {'line': b'-- Up-to-date: /home/stepan/ws_ros2/install/px4_msgs/include/px4_msgs/px4_msgs/msg/detail/irlock_report__type_support.c\n'}
[7.122363] (px4_msgs) StdoutLine: {'line': b'-- Up-to-date: /home/stepan/ws_ros2/install/px4_msgs/include/px4_msgs/px4_msgs/msg/detail/magnetometer_bias_estimate__rosidl_typesupport_introspection_c.h\n'}
[7.122465] (px4_msgs) StdoutLine: {'line': b'-- Up-to-date: /home/stepan/ws_ros2/install/px4_msgs/include/px4_msgs/px4_msgs/msg/detail/message_format_response__type_support.c\n'}
[7.122567] (px4_msgs) StdoutLine: {'line': b'-- Up-to-date: /home/stepan/ws_ros2/install/px4_msgs/include/px4_msgs/px4_msgs/msg/rosidl_typesupport_introspection_c__visibility_control.h\n'}
[7.122671] (px4_msgs) StdoutLine: {'line': b'-- Up-to-date: /home/stepan/ws_ros2/install/px4_msgs/include/px4_msgs/px4_msgs/srv\n'}
[7.123008] (px4_msgs) StdoutLine: {'line': b'-- Up-to-date: /home/stepan/ws_ros2/install/px4_msgs/include/px4_msgs/px4_msgs/srv/detail\n'}
[7.123155] (px4_msgs) StdoutLine: {'line': b'-- Up-to-date: /home/stepan/ws_ros2/install/px4_msgs/include/px4_msgs/px4_msgs/srv/detail/vehicle_command__type_support.c\n'}
[7.123271] (px4_msgs) StdoutLine: {'line': b'-- Up-to-date: /home/stepan/ws_ros2/install/px4_msgs/include/px4_msgs/px4_msgs/srv/detail/vehicle_command__rosidl_typesupport_introspection_c.h\n'}
[7.123447] (px4_msgs) StdoutLine: {'line': b'-- Up-to-date: /home/stepan/ws_ros2/install/px4_msgs/lib/libpx4_msgs__rosidl_typesupport_introspection_c.so\n'}
[7.123585] (px4_msgs) StdoutLine: {'line': b'-- Up-to-date: /home/stepan/ws_ros2/install/px4_msgs/lib/libpx4_msgs__rosidl_typesupport_c.so\n'}
[7.123813] (px4_msgs) StdoutLine: {'line': b'-- Up-to-date: /home/stepan/ws_ros2/install/px4_msgs/include/px4_msgs/px4_msgs\n'}
[7.123990] (px4_msgs) StdoutLine: {'line': b'-- Up-to-date: /home/stepan/ws_ros2/install/px4_msgs/include/px4_msgs/px4_msgs/msg\n'}
[7.124174] (px4_msgs) StdoutLine: {'line': b'-- Up-to-date: /home/stepan/ws_ros2/install/px4_msgs/include/px4_msgs/px4_msgs/msg/detail\n'}
[7.124489] (px4_msgs) StdoutLine: {'line': b'-- Up-to-date: /home/stepan/ws_ros2/install/px4_msgs/include/px4_msgs/px4_msgs/msg/detail/cpuload__rosidl_typesupport_introspection_cpp.hpp\n'}
[7.124693] (px4_msgs) StdoutLine: {'line': b'-- Up-to-date: /home/stepan/ws_ros2/install/px4_msgs/include/px4_msgs/px4_msgs/msg/detail/ulog_stream_ack__type_support.cpp\n'}
[7.124875] (px4_msgs) StdoutLine: {'line': b'-- Up-to-date: /home/stepan/ws_ros2/install/px4_msgs/include/px4_msgs/px4_msgs/msg/detail/launch_detection_status__type_support.cpp\n'}
[7.125043] (px4_msgs) StdoutLine: {'line': b'-- Up-to-date: /home/stepan/ws_ros2/install/px4_msgs/include/px4_msgs/px4_msgs/msg/detail/health_report__rosidl_typesupport_introspection_cpp.hpp\n'}
[7.125176] (px4_msgs) StdoutLine: {'line': b'-- Up-to-date: /home/stepan/ws_ros2/install/px4_msgs/include/px4_msgs/px4_msgs/msg/detail/position_setpoint__rosidl_typesupport_introspection_cpp.hpp\n'}
[7.125283] (px4_msgs) StdoutLine: {'line': b'-- Up-to-date: /home/stepan/ws_ros2/install/px4_msgs/include/px4_msgs/px4_msgs/msg/detail/estimator_states__rosidl_typesupport_introspection_cpp.hpp\n'}
[7.125410] (px4_msgs) StdoutLine: {'line': b'-- Up-to-date: /home/stepan/ws_ros2/install/px4_msgs/include/px4_msgs/px4_msgs/msg/detail/figure_eight_status__type_support.cpp\n'}
[7.125595] (px4_msgs) StdoutLine: {'line': b'-- Up-to-date: /home/stepan/ws_ros2/install/px4_msgs/include/px4_msgs/px4_msgs/msg/detail/onboard_computer_status__type_support.cpp\n'}
[7.125972] (px4_msgs) StdoutLine: {'line': b'-- Up-to-date: /home/stepan/ws_ros2/install/px4_msgs/include/px4_msgs/px4_msgs/msg/detail/esc_status__type_support.cpp\n'}
[7.126490] (px4_msgs) StdoutLine: {'line': b'-- Up-to-date: /home/stepan/ws_ros2/install/px4_msgs/include/px4_msgs/px4_msgs/msg/detail/follow_target_estimator__rosidl_typesupport_introspection_cpp.hpp\n'}
[7.126702] (px4_msgs) StdoutLine: {'line': b'-- Up-to-date: /home/stepan/ws_ros2/install/px4_msgs/include/px4_msgs/px4_msgs/msg/detail/normalized_unsigned_setpoint__rosidl_typesupport_introspection_cpp.hpp\n'}
[7.127028] (px4_msgs) StdoutLine: {'line': b'-- Up-to-date: /home/stepan/ws_ros2/install/px4_msgs/include/px4_msgs/px4_msgs/msg/detail/uavcan_parameter_value__rosidl_typesupport_introspection_cpp.hpp\n'}
[7.127246] (px4_msgs) StdoutLine: {'line': b'-- Up-to-date: /home/stepan/ws_ros2/install/px4_msgs/include/px4_msgs/px4_msgs/msg/detail/vehicle_rates_setpoint__rosidl_typesupport_introspection_cpp.hpp\n'}
[7.127407] (px4_msgs) StdoutLine: {'line': b'-- Up-to-date: /home/stepan/ws_ros2/install/px4_msgs/include/px4_msgs/px4_msgs/msg/detail/pps_capture__type_support.cpp\n'}
[7.127521] (px4_msgs) StdoutLine: {'line': b'-- Up-to-date: /home/stepan/ws_ros2/install/px4_msgs/include/px4_msgs/px4_msgs/msg/detail/vehicle_angular_acceleration_setpoint__type_support.cpp\n'}
[7.127683] (px4_msgs) StdoutLine: {'line': b'-- Up-to-date: /home/stepan/ws_ros2/install/px4_msgs/include/px4_msgs/px4_msgs/msg/detail/sensors_status_imu__rosidl_typesupport_introspection_cpp.hpp\n'}
[7.127977] (px4_msgs) StdoutLine: {'line': b'-- Up-to-date: /home/stepan/ws_ros2/install/px4_msgs/include/px4_msgs/px4_msgs/msg/detail/estimator_aid_source1d__rosidl_typesupport_introspection_cpp.hpp\n'}
[7.128385] (px4_msgs) StdoutLine: {'line': b'-- Up-to-date: /home/stepan/ws_ros2/install/px4_msgs/include/px4_msgs/px4_msgs/msg/detail/estimator_selector_status__rosidl_typesupport_introspection_cpp.hpp\n'}
[7.128628] (px4_msgs) StdoutLine: {'line': b'-- Up-to-date: /home/stepan/ws_ros2/install/px4_msgs/include/px4_msgs/px4_msgs/msg/detail/vehicle_imu__type_support.cpp\n'}
[7.128817] (px4_msgs) StdoutLine: {'line': b'-- Up-to-date: /home/stepan/ws_ros2/install/px4_msgs/include/px4_msgs/px4_msgs/msg/detail/cellular_status__rosidl_typesupport_introspection_cpp.hpp\n'}
[7.129014] (px4_msgs) StdoutLine: {'line': b'-- Up-to-date: /home/stepan/ws_ros2/install/px4_msgs/include/px4_msgs/px4_msgs/msg/detail/dataman_response__rosidl_typesupport_introspection_cpp.hpp\n'}
[7.129163] (px4_msgs) StdoutLine: {'line': b'-- Up-to-date: /home/stepan/ws_ros2/install/px4_msgs/include/px4_msgs/px4_msgs/msg/detail/sensor_selection__rosidl_typesupport_introspection_cpp.hpp\n'}
[7.129312] (px4_msgs) StdoutLine: {'line': b'-- Up-to-date: /home/stepan/ws_ros2/install/px4_msgs/include/px4_msgs/px4_msgs/msg/detail/collision_constraints__type_support.cpp\n'}
[7.129431] (px4_msgs) StdoutLine: {'line': b'-- Up-to-date: /home/stepan/ws_ros2/install/px4_msgs/include/px4_msgs/px4_msgs/msg/detail/navigator_status__type_support.cpp\n'}
[7.129565] (px4_msgs) StdoutLine: {'line': b'-- Up-to-date: /home/stepan/ws_ros2/install/px4_msgs/include/px4_msgs/px4_msgs/msg/detail/sensors_status_imu__type_support.cpp\n'}
[7.129733] (px4_msgs) StdoutLine: {'line': b'-- Up-to-date: /home/stepan/ws_ros2/install/px4_msgs/include/px4_msgs/px4_msgs/msg/detail/failsafe_flags__rosidl_typesupport_introspection_cpp.hpp\n'}
[7.129965] (px4_msgs) StdoutLine: {'line': b'-- Up-to-date: /home/stepan/ws_ros2/install/px4_msgs/include/px4_msgs/px4_msgs/msg/detail/control_allocator_status__rosidl_typesupport_introspection_cpp.hpp\n'}
[7.130147] (px4_msgs) StdoutLine: {'line': b'-- Up-to-date: /home/stepan/ws_ros2/install/px4_msgs/include/px4_msgs/px4_msgs/msg/detail/vehicle_global_position__type_support.cpp\n'}
[7.130277] (px4_msgs) StdoutLine: {'line': b'-- Up-to-date: /home/stepan/ws_ros2/install/px4_msgs/include/px4_msgs/px4_msgs/msg/detail/vehicle_torque_setpoint__type_support.cpp\n'}
[7.130406] (px4_msgs) StdoutLine: {'line': b'-- Up-to-date: /home/stepan/ws_ros2/install/px4_msgs/include/px4_msgs/px4_msgs/msg/detail/orbit_status__type_support.cpp\n'}
[7.130510] (px4_msgs) StdoutLine: {'line': b'-- Up-to-date: /home/stepan/ws_ros2/install/px4_msgs/include/px4_msgs/px4_msgs/msg/detail/sensor_gps__type_support.cpp\n'}
[7.130613] (px4_msgs) StdoutLine: {'line': b'-- Up-to-date: /home/stepan/ws_ros2/install/px4_msgs/include/px4_msgs/px4_msgs/msg/detail/follow_target_status__type_support.cpp\n'}
[7.130741] (px4_msgs) StdoutLine: {'line': b'-- Up-to-date: /home/stepan/ws_ros2/install/px4_msgs/include/px4_msgs/px4_msgs/msg/detail/failure_detector_status__rosidl_typesupport_introspection_cpp.hpp\n'}
[7.130919] (px4_msgs) StdoutLine: {'line': b'-- Up-to-date: /home/stepan/ws_ros2/install/px4_msgs/include/px4_msgs/px4_msgs/msg/detail/message_format_request__type_support.cpp\n'}
[7.131065] (px4_msgs) StdoutLine: {'line': b'-- Up-to-date: /home/stepan/ws_ros2/install/px4_msgs/include/px4_msgs/px4_msgs/msg/detail/rover_attitude_setpoint__type_support.cpp\n'}
[7.131211] (px4_msgs) StdoutLine: {'line': b'-- Up-to-date: /home/stepan/ws_ros2/install/px4_msgs/include/px4_msgs/px4_msgs/msg/detail/wheel_encoders__rosidl_typesupport_introspection_cpp.hpp\n'}
[7.131331] (px4_msgs) StdoutLine: {'line': b'-- Up-to-date: /home/stepan/ws_ros2/install/px4_msgs/include/px4_msgs/px4_msgs/msg/detail/manual_control_setpoint__type_support.cpp\n'}
[7.131460] (px4_msgs) StdoutLine: {'line': b'-- Up-to-date: /home/stepan/ws_ros2/install/px4_msgs/include/px4_msgs/px4_msgs/msg/detail/airspeed_validated__rosidl_typesupport_introspection_cpp.hpp\n'}
[7.131609] (px4_msgs) StdoutLine: {'line': b'-- Up-to-date: /home/stepan/ws_ros2/install/px4_msgs/include/px4_msgs/px4_msgs/msg/detail/open_drone_id_arm_status__rosidl_typesupport_introspection_cpp.hpp\n'}
[7.131718] (px4_msgs) StdoutLine: {'line': b'-- Up-to-date: /home/stepan/ws_ros2/install/px4_msgs/include/px4_msgs/px4_msgs/msg/detail/vehicle_rates_setpoint__type_support.cpp\n'}
[7.131899] (px4_msgs) StdoutLine: {'line': b'-- Up-to-date: /home/stepan/ws_ros2/install/px4_msgs/include/px4_msgs/px4_msgs/msg/detail/mission__type_support.cpp\n'}
[7.131996] (px4_msgs) StdoutLine: {'line': b'-- Up-to-date: /home/stepan/ws_ros2/install/px4_msgs/include/px4_msgs/px4_msgs/msg/detail/vehicle_local_position_setpoint__rosidl_typesupport_introspection_cpp.hpp\n'}
[7.132091] (px4_msgs) StdoutLine: {'line': b'-- Up-to-date: /home/stepan/ws_ros2/install/px4_msgs/include/px4_msgs/px4_msgs/msg/detail/adc_report__rosidl_typesupport_introspection_cpp.hpp\n'}
[7.132189] (px4_msgs) StdoutLine: {'line': b'-- Up-to-date: /home/stepan/ws_ros2/install/px4_msgs/include/px4_msgs/px4_msgs/msg/detail/rover_steering_setpoint__rosidl_typesupport_introspection_cpp.hpp\n'}
[7.132363] (px4_msgs) StdoutLine: {'line': b'-- Up-to-date: /home/stepan/ws_ros2/install/px4_msgs/include/px4_msgs/px4_msgs/msg/detail/actuator_motors__type_support.cpp\n'}
[7.132544] (px4_msgs) StdoutLine: {'line': b'-- Up-to-date: /home/stepan/ws_ros2/install/px4_msgs/include/px4_msgs/px4_msgs/msg/detail/goto_setpoint__rosidl_typesupport_introspection_cpp.hpp\n'}
[7.132825] (px4_msgs) StdoutLine: {'line': b'-- Up-to-date: /home/stepan/ws_ros2/install/px4_msgs/include/px4_msgs/px4_msgs/msg/detail/sensor_hygrometer__rosidl_typesupport_introspection_cpp.hpp\n'}
[7.133145] (px4_msgs) StdoutLine: {'line': b'-- Up-to-date: /home/stepan/ws_ros2/install/px4_msgs/include/px4_msgs/px4_msgs/msg/detail/input_rc__rosidl_typesupport_introspection_cpp.hpp\n'}
[7.133531] (px4_msgs) StdoutLine: {'line': b'-- Up-to-date: /home/stepan/ws_ros2/install/px4_msgs/include/px4_msgs/px4_msgs/msg/detail/vehicle_magnetometer__rosidl_typesupport_introspection_cpp.hpp\n'}
[7.133961] (px4_msgs) StdoutLine: {'line': b'-- Up-to-date: /home/stepan/ws_ros2/install/px4_msgs/include/px4_msgs/px4_msgs/msg/detail/qshell_retval__rosidl_typesupport_introspection_cpp.hpp\n'}
[7.134322] (px4_msgs) StdoutLine: {'line': b'-- Up-to-date: /home/stepan/ws_ros2/install/px4_msgs/include/px4_msgs/px4_msgs/msg/detail/rover_rate_setpoint__rosidl_typesupport_introspection_cpp.hpp\n'}
[7.134496] (px4_msgs) StdoutLine: {'line': b'-- Up-to-date: /home/stepan/ws_ros2/install/px4_msgs/include/px4_msgs/px4_msgs/msg/detail/yaw_estimator_status__rosidl_typesupport_introspection_cpp.hpp\n'}
[7.134615] (px4_msgs) StdoutLine: {'line': b'-- Up-to-date: /home/stepan/ws_ros2/install/px4_msgs/include/px4_msgs/px4_msgs/msg/detail/log_message__type_support.cpp\n'}
[7.134870] (px4_msgs) StdoutLine: {'line': b'-- Up-to-date: /home/stepan/ws_ros2/install/px4_msgs/include/px4_msgs/px4_msgs/msg/detail/parameter_set_used_request__type_support.cpp\n'}
[7.135238] (px4_msgs) StdoutLine: {'line': b'-- Up-to-date: /home/stepan/ws_ros2/install/px4_msgs/include/px4_msgs/px4_msgs/msg/detail/gimbal_device_information__type_support.cpp\n'}
[7.135553] (px4_msgs) StdoutLine: {'line': b'-- Up-to-date: /home/stepan/ws_ros2/install/px4_msgs/include/px4_msgs/px4_msgs/msg/detail/power_button_state__type_support.cpp\n'}
[7.136038] (px4_msgs) StdoutLine: {'line': b'-- Up-to-date: /home/stepan/ws_ros2/install/px4_msgs/include/px4_msgs/px4_msgs/msg/detail/tiltrotor_extra_controls__rosidl_typesupport_introspection_cpp.hpp\n'}
[7.136476] (px4_msgs) StdoutLine: {'line': b'-- Up-to-date: /home/stepan/ws_ros2/install/px4_msgs/include/px4_msgs/px4_msgs/msg/detail/geofence_status__type_support.cpp\n'}
[7.136848] (px4_msgs) StdoutLine: {'line': b'-- Up-to-date: /home/stepan/ws_ros2/install/px4_msgs/include/px4_msgs/px4_msgs/msg/detail/mode_completed__rosidl_typesupport_introspection_cpp.hpp\n'}
[7.137211] (px4_msgs) StdoutLine: {'line': b'-- Up-to-date: /home/stepan/ws_ros2/install/px4_msgs/include/px4_msgs/px4_msgs/msg/detail/health_report__type_support.cpp\n'}
[7.137430] (px4_msgs) StdoutLine: {'line': b'-- Up-to-date: /home/stepan/ws_ros2/install/px4_msgs/include/px4_msgs/px4_msgs/msg/detail/parameter_set_value_request__type_support.cpp\n'}
[7.137618] (px4_msgs) StdoutLine: {'line': b'-- Up-to-date: /home/stepan/ws_ros2/install/px4_msgs/include/px4_msgs/px4_msgs/msg/detail/gimbal_manager_set_attitude__type_support.cpp\n'}
[7.137892] (px4_msgs) StdoutLine: {'line': b'-- Up-to-date: /home/stepan/ws_ros2/install/px4_msgs/include/px4_msgs/px4_msgs/msg/detail/estimator_gps_status__rosidl_typesupport_introspection_cpp.hpp\n'}
[7.138010] (px4_msgs) StdoutLine: {'line': b'-- Up-to-date: /home/stepan/ws_ros2/install/px4_msgs/include/px4_msgs/px4_msgs/msg/detail/config_overrides__rosidl_typesupport_introspection_cpp.hpp\n'}
[7.138134] (px4_msgs) StdoutLine: {'line': b'-- Up-to-date: /home/stepan/ws_ros2/install/px4_msgs/include/px4_msgs/px4_msgs/msg/detail/camera_capture__rosidl_typesupport_introspection_cpp.hpp\n'}
[7.138239] (px4_msgs) StdoutLine: {'line': b'-- Up-to-date: /home/stepan/ws_ros2/install/px4_msgs/include/px4_msgs/px4_msgs/msg/detail/ackermann_velocity_setpoint__rosidl_typesupport_introspection_cpp.hpp\n'}
[7.138344] (px4_msgs) StdoutLine: {'line': b'-- Up-to-date: /home/stepan/ws_ros2/install/px4_msgs/include/px4_msgs/px4_msgs/msg/detail/position_setpoint_triplet__rosidl_typesupport_introspection_cpp.hpp\n'}
[7.138446] (px4_msgs) StdoutLine: {'line': b'-- Up-to-date: /home/stepan/ws_ros2/install/px4_msgs/include/px4_msgs/px4_msgs/msg/detail/can_interface_status__type_support.cpp\n'}
[7.138565] (px4_msgs) StdoutLine: {'line': b'-- Up-to-date: /home/stepan/ws_ros2/install/px4_msgs/include/px4_msgs/px4_msgs/msg/detail/vehicle_attitude__rosidl_typesupport_introspection_cpp.hpp\n'}
[7.138667] (px4_msgs) StdoutLine: {'line': b'-- Up-to-date: /home/stepan/ws_ros2/install/px4_msgs/include/px4_msgs/px4_msgs/msg/detail/debug_value__type_support.cpp\n'}
[7.138835] (px4_msgs) StdoutLine: {'line': b'-- Up-to-date: /home/stepan/ws_ros2/install/px4_msgs/include/px4_msgs/px4_msgs/msg/detail/rover_attitude_setpoint__rosidl_typesupport_introspection_cpp.hpp\n'}
[7.138967] (px4_msgs) StdoutLine: {'line': b'-- Up-to-date: /home/stepan/ws_ros2/install/px4_msgs/include/px4_msgs/px4_msgs/msg/detail/vehicle_angular_velocity__type_support.cpp\n'}
[7.139068] (px4_msgs) StdoutLine: {'line': b'-- Up-to-date: /home/stepan/ws_ros2/install/px4_msgs/include/px4_msgs/px4_msgs/msg/detail/actuator_test__type_support.cpp\n'}
[7.139167] (px4_msgs) StdoutLine: {'line': b'-- Up-to-date: /home/stepan/ws_ros2/install/px4_msgs/include/px4_msgs/px4_msgs/msg/detail/actuator_motors__rosidl_typesupport_introspection_cpp.hpp\n'}
[7.139267] (px4_msgs) StdoutLine: {'line': b'-- Up-to-date: /home/stepan/ws_ros2/install/px4_msgs/include/px4_msgs/px4_msgs/msg/detail/sensor_baro__rosidl_typesupport_introspection_cpp.hpp\n'}
[7.139445] (px4_msgs) StdoutLine: {'line': b'-- Up-to-date: /home/stepan/ws_ros2/install/px4_msgs/include/px4_msgs/px4_msgs/msg/detail/sensor_hygrometer__type_support.cpp\n'}
[7.139604] (px4_msgs) StdoutLine: {'line': b'-- Up-to-date: /home/stepan/ws_ros2/install/px4_msgs/include/px4_msgs/px4_msgs/msg/detail/distance_sensor__rosidl_typesupport_introspection_cpp.hpp\n'}
[7.139823] (px4_msgs) StdoutLine: {'line': b'-- Up-to-date: /home/stepan/ws_ros2/install/px4_msgs/include/px4_msgs/px4_msgs/msg/detail/velocity_limits__rosidl_typesupport_introspection_cpp.hpp\n'}
[7.139997] (px4_msgs) StdoutLine: {'line': b'-- Up-to-date: /home/stepan/ws_ros2/install/px4_msgs/include/px4_msgs/px4_msgs/msg/detail/sensor_mag__type_support.cpp\n'}
[7.140169] (px4_msgs) StdoutLine: {'line': b'-- Up-to-date: /home/stepan/ws_ros2/install/px4_msgs/include/px4_msgs/px4_msgs/msg/detail/battery_status__rosidl_typesupport_introspection_cpp.hpp\n'}
[7.140509] (px4_msgs) StdoutLine: {'line': b'-- Up-to-date: /home/stepan/ws_ros2/install/px4_msgs/include/px4_msgs/px4_msgs/msg/detail/sensor_airflow__rosidl_typesupport_introspection_cpp.hpp\n'}
[7.140878] (px4_msgs) StdoutLine: {'line': b'-- Up-to-date: /home/stepan/ws_ros2/install/px4_msgs/include/px4_msgs/px4_msgs/msg/detail/rover_rate_setpoint__type_support.cpp\n'}
[7.141333] (px4_msgs) StdoutLine: {'line': b'-- Up-to-date: /home/stepan/ws_ros2/install/px4_msgs/include/px4_msgs/px4_msgs/msg/detail/estimator_status__rosidl_typesupport_introspection_cpp.hpp\n'}
[7.141923] (px4_msgs) StdoutLine: {'line': b'-- Up-to-date: /home/stepan/ws_ros2/install/px4_msgs/include/px4_msgs/px4_msgs/msg/detail/trajectory_setpoint__rosidl_typesupport_introspection_cpp.hpp\n'}
[7.142202] (px4_msgs) StdoutLine: {'line': b'-- Up-to-date: /home/stepan/ws_ros2/install/px4_msgs/include/px4_msgs/px4_msgs/msg/detail/camera_status__type_support.cpp\n'}
[7.142319] (px4_msgs) StdoutLine: {'line': b'-- Up-to-date: /home/stepan/ws_ros2/install/px4_msgs/include/px4_msgs/px4_msgs/msg/detail/vehicle_land_detected__type_support.cpp\n'}
[7.142424] (px4_msgs) StdoutLine: {'line': b'-- Up-to-date: /home/stepan/ws_ros2/install/px4_msgs/include/px4_msgs/px4_msgs/msg/detail/vehicle_imu_status__rosidl_typesupport_introspection_cpp.hpp\n'}
[7.142527] (px4_msgs) StdoutLine: {'line': b'-- Up-to-date: /home/stepan/ws_ros2/install/px4_msgs/include/px4_msgs/px4_msgs/msg/detail/log_message__rosidl_typesupport_introspection_cpp.hpp\n'}
[7.142627] (px4_msgs) StdoutLine: {'line': b'-- Up-to-date: /home/stepan/ws_ros2/install/px4_msgs/include/px4_msgs/px4_msgs/msg/detail/register_ext_component_reply__type_support.cpp\n'}
[7.142756] (px4_msgs) StdoutLine: {'line': b'-- Up-to-date: /home/stepan/ws_ros2/install/px4_msgs/include/px4_msgs/px4_msgs/msg/detail/vehicle_local_position__rosidl_typesupport_introspection_cpp.hpp\n'}
[7.142895] (px4_msgs) StdoutLine: {'line': b'-- Up-to-date: /home/stepan/ws_ros2/install/px4_msgs/include/px4_msgs/px4_msgs/msg/detail/open_drone_id_operator_id__type_support.cpp\n'}
[7.143007] (px4_msgs) StdoutLine: {'line': b'-- Up-to-date: /home/stepan/ws_ros2/install/px4_msgs/include/px4_msgs/px4_msgs/msg/detail/position_setpoint__type_support.cpp\n'}
[7.143101] (px4_msgs) StdoutLine: {'line': b'-- Up-to-date: /home/stepan/ws_ros2/install/px4_msgs/include/px4_msgs/px4_msgs/msg/detail/uavcan_parameter_request__rosidl_typesupport_introspection_cpp.hpp\n'}
[7.143194] (px4_msgs) StdoutLine: {'line': b'-- Up-to-date: /home/stepan/ws_ros2/install/px4_msgs/include/px4_msgs/px4_msgs/msg/detail/offboard_control_mode__type_support.cpp\n'}
[7.143296] (px4_msgs) StdoutLine: {'line': b'-- Up-to-date: /home/stepan/ws_ros2/install/px4_msgs/include/px4_msgs/px4_msgs/msg/detail/gimbal_device_information__rosidl_typesupport_introspection_cpp.hpp\n'}
[7.143474] (px4_msgs) StdoutLine: {'line': b'-- Up-to-date: /home/stepan/ws_ros2/install/px4_msgs/include/px4_msgs/px4_msgs/msg/detail/unregister_ext_component__rosidl_typesupport_introspection_cpp.hpp\n'}
[7.143763] (px4_msgs) StdoutLine: {'line': b'-- Up-to-date: /home/stepan/ws_ros2/install/px4_msgs/include/px4_msgs/px4_msgs/msg/detail/rate_ctrl_status__rosidl_typesupport_introspection_cpp.hpp\n'}
[7.144125] (px4_msgs) StdoutLine: {'line': b'-- Up-to-date: /home/stepan/ws_ros2/install/px4_msgs/include/px4_msgs/px4_msgs/msg/detail/gimbal_device_attitude_status__rosidl_typesupport_introspection_cpp.hpp\n'}
[7.144299] (px4_msgs) StdoutLine: {'line': b'-- Up-to-date: /home/stepan/ws_ros2/install/px4_msgs/include/px4_msgs/px4_msgs/msg/detail/sensor_preflight_mag__type_support.cpp\n'}
[7.144475] (px4_msgs) StdoutLine: {'line': b'-- Up-to-date: /home/stepan/ws_ros2/install/px4_msgs/include/px4_msgs/px4_msgs/msg/detail/vtol_vehicle_status__rosidl_typesupport_introspection_cpp.hpp\n'}
[7.144641] (px4_msgs) StdoutLine: {'line': b'-- Up-to-date: /home/stepan/ws_ros2/install/px4_msgs/include/px4_msgs/px4_msgs/msg/detail/vehicle_optical_flow__rosidl_typesupport_introspection_cpp.hpp\n'}
[7.145214] (px4_msgs) StdoutLine: {'line': b'-- Up-to-date: /home/stepan/ws_ros2/install/px4_msgs/include/px4_msgs/px4_msgs/msg/detail/gripper__type_support.cpp\n'}
[7.145358] (px4_msgs) StdoutLine: {'line': b'-- Up-to-date: /home/stepan/ws_ros2/install/px4_msgs/include/px4_msgs/px4_msgs/msg/detail/vehicle_optical_flow__type_support.cpp\n'}
[7.145460] (px4_msgs) StdoutLine: {'line': b'-- Up-to-date: /home/stepan/ws_ros2/install/px4_msgs/include/px4_msgs/px4_msgs/msg/detail/fuel_tank_status__rosidl_typesupport_introspection_cpp.hpp\n'}
[7.145667] (px4_msgs) StdoutLine: {'line': b'-- Up-to-date: /home/stepan/ws_ros2/install/px4_msgs/include/px4_msgs/px4_msgs/msg/detail/estimator_status_flags__rosidl_typesupport_introspection_cpp.hpp\n'}
[7.145822] (px4_msgs) StdoutLine: {'line': b'-- Up-to-date: /home/stepan/ws_ros2/install/px4_msgs/include/px4_msgs/px4_msgs/msg/detail/gps_inject_data__rosidl_typesupport_introspection_cpp.hpp\n'}
[7.145943] (px4_msgs) StdoutLine: {'line': b'-- Up-to-date: /home/stepan/ws_ros2/install/px4_msgs/include/px4_msgs/px4_msgs/msg/detail/gimbal_manager_set_attitude__rosidl_typesupport_introspection_cpp.hpp\n'}
[7.146096] (px4_msgs) StdoutLine: {'line': b'-- Up-to-date: /home/stepan/ws_ros2/install/px4_msgs/include/px4_msgs/px4_msgs/msg/detail/failure_detector_status__type_support.cpp\n'}
[7.146239] (px4_msgs) StdoutLine: {'line': b'-- Up-to-date: /home/stepan/ws_ros2/install/px4_msgs/include/px4_msgs/px4_msgs/msg/detail/rover_position_setpoint__rosidl_typesupport_introspection_cpp.hpp\n'}
[7.146381] (px4_msgs) StdoutLine: {'line': b'-- Up-to-date: /home/stepan/ws_ros2/install/px4_msgs/include/px4_msgs/px4_msgs/msg/detail/airspeed_wind__type_support.cpp\n'}
[7.146500] (px4_msgs) StdoutLine: {'line': b'-- Up-to-date: /home/stepan/ws_ros2/install/px4_msgs/include/px4_msgs/px4_msgs/msg/detail/estimator_aid_source2d__type_support.cpp\n'}
[7.146594] (px4_msgs) StdoutLine: {'line': b'-- Up-to-date: /home/stepan/ws_ros2/install/px4_msgs/include/px4_msgs/px4_msgs/msg/detail/event__type_support.cpp\n'}
[7.146691] (px4_msgs) StdoutLine: {'line': b'-- Up-to-date: /home/stepan/ws_ros2/install/px4_msgs/include/px4_msgs/px4_msgs/msg/detail/estimator_aid_source3d__type_support.cpp\n'}
[7.146833] (px4_msgs) StdoutLine: {'line': b'-- Up-to-date: /home/stepan/ws_ros2/install/px4_msgs/include/px4_msgs/px4_msgs/msg/detail/trajectory_setpoint6dof__rosidl_typesupport_introspection_cpp.hpp\n'}
[7.146947] (px4_msgs) StdoutLine: {'line': b'-- Up-to-date: /home/stepan/ws_ros2/install/px4_msgs/include/px4_msgs/px4_msgs/msg/detail/internal_combustion_engine_control__type_support.cpp\n'}
[7.147098] (px4_msgs) StdoutLine: {'line': b'-- Up-to-date: /home/stepan/ws_ros2/install/px4_msgs/include/px4_msgs/px4_msgs/msg/detail/rtl_time_estimate__type_support.cpp\n'}
[7.147231] (px4_msgs) StdoutLine: {'line': b'-- Up-to-date: /home/stepan/ws_ros2/install/px4_msgs/include/px4_msgs/px4_msgs/msg/detail/differential_pressure__type_support.cpp\n'}
[7.147331] (px4_msgs) StdoutLine: {'line': b'-- Up-to-date: /home/stepan/ws_ros2/install/px4_msgs/include/px4_msgs/px4_msgs/msg/detail/sensor_uwb__rosidl_typesupport_introspection_cpp.hpp\n'}
[7.147425] (px4_msgs) StdoutLine: {'line': b'-- Up-to-date: /home/stepan/ws_ros2/install/px4_msgs/include/px4_msgs/px4_msgs/msg/detail/system_power__rosidl_typesupport_introspection_cpp.hpp\n'}
[7.147588] (px4_msgs) StdoutLine: {'line': b'-- Up-to-date: /home/stepan/ws_ros2/install/px4_msgs/include/px4_msgs/px4_msgs/msg/detail/vehicle_global_position__rosidl_typesupport_introspection_cpp.hpp\n'}
[7.147737] (px4_msgs) StdoutLine: {'line': b'-- Up-to-date: /home/stepan/ws_ros2/install/px4_msgs/include/px4_msgs/px4_msgs/msg/detail/vehicle_local_position_setpoint__type_support.cpp\n'}
[7.147884] (px4_msgs) StdoutLine: {'line': b'-- Up-to-date: /home/stepan/ws_ros2/install/px4_msgs/include/px4_msgs/px4_msgs/msg/detail/sensor_gps__rosidl_typesupport_introspection_cpp.hpp\n'}
[7.148004] (px4_msgs) StdoutLine: {'line': b'-- Up-to-date: /home/stepan/ws_ros2/install/px4_msgs/include/px4_msgs/px4_msgs/msg/detail/vehicle_acceleration__type_support.cpp\n'}
[7.148088] (px4_msgs) StdoutLine: {'line': b'-- Up-to-date: /home/stepan/ws_ros2/install/px4_msgs/include/px4_msgs/px4_msgs/msg/detail/ulog_stream__rosidl_typesupport_introspection_cpp.hpp\n'}
[7.148170] (px4_msgs) StdoutLine: {'line': b'-- Up-to-date: /home/stepan/ws_ros2/install/px4_msgs/include/px4_msgs/px4_msgs/msg/detail/estimator_innovations__type_support.cpp\n'}
[7.148253] (px4_msgs) StdoutLine: {'line': b'-- Up-to-date: /home/stepan/ws_ros2/install/px4_msgs/include/px4_msgs/px4_msgs/msg/detail/uavcan_parameter_request__type_support.cpp\n'}
[7.148388] (px4_msgs) StdoutLine: {'line': b'-- Up-to-date: /home/stepan/ws_ros2/install/px4_msgs/include/px4_msgs/px4_msgs/msg/detail/estimator_event_flags__type_support.cpp\n'}
[7.148532] (px4_msgs) StdoutLine: {'line': b'-- Up-to-date: /home/stepan/ws_ros2/install/px4_msgs/include/px4_msgs/px4_msgs/msg/detail/sensor_gnss_relative__type_support.cpp\n'}
[7.148660] (px4_msgs) StdoutLine: {'line': b'-- Up-to-date: /home/stepan/ws_ros2/install/px4_msgs/include/px4_msgs/px4_msgs/msg/detail/open_drone_id_operator_id__rosidl_typesupport_introspection_cpp.hpp\n'}
[7.148829] (px4_msgs) StdoutLine: {'line': b'-- Up-to-date: /home/stepan/ws_ros2/install/px4_msgs/include/px4_msgs/px4_msgs/msg/detail/collision_constraints__rosidl_typesupport_introspection_cpp.hpp\n'}
[7.148977] (px4_msgs) StdoutLine: {'line': b'-- Up-to-date: /home/stepan/ws_ros2/install/px4_msgs/include/px4_msgs/px4_msgs/msg/detail/actuator_armed__rosidl_typesupport_introspection_cpp.hpp\n'}
[7.149088] (px4_msgs) StdoutLine: {'line': b'-- Up-to-date: /home/stepan/ws_ros2/install/px4_msgs/include/px4_msgs/px4_msgs/msg/detail/open_drone_id_self_id__rosidl_typesupport_introspection_cpp.hpp\n'}
[7.149180] (px4_msgs) StdoutLine: {'line': b'-- Up-to-date: /home/stepan/ws_ros2/install/px4_msgs/include/px4_msgs/px4_msgs/msg/detail/landing_target_pose__type_support.cpp\n'}
[7.149311] (px4_msgs) StdoutLine: {'line': b'-- Up-to-date: /home/stepan/ws_ros2/install/px4_msgs/include/px4_msgs/px4_msgs/msg/detail/landing_gear__type_support.cpp\n'}
[7.149402] (px4_msgs) StdoutLine: {'line': b'-- Up-to-date: /home/stepan/ws_ros2/install/px4_msgs/include/px4_msgs/px4_msgs/msg/detail/vehicle_optical_flow_vel__rosidl_typesupport_introspection_cpp.hpp\n'}
[7.149551] (px4_msgs) StdoutLine: {'line': b'-- Up-to-date: /home/stepan/ws_ros2/install/px4_msgs/include/px4_msgs/px4_msgs/msg/detail/generator_status__type_support.cpp\n'}
[7.149753] (px4_msgs) StdoutLine: {'line': b'-- Up-to-date: /home/stepan/ws_ros2/install/px4_msgs/include/px4_msgs/px4_msgs/msg/detail/hover_thrust_estimate__rosidl_typesupport_introspection_cpp.hpp\n'}
[7.150480] (px4_msgs) StdoutLine: {'line': b'-- Up-to-date: /home/stepan/ws_ros2/install/px4_msgs/include/px4_msgs/px4_msgs/msg/detail/actuator_servos_trim__rosidl_typesupport_introspection_cpp.hpp\n'}
[7.150945] (px4_msgs) StdoutLine: {'line': b'-- Up-to-date: /home/stepan/ws_ros2/install/px4_msgs/include/px4_msgs/px4_msgs/msg/detail/mavlink_tunnel__rosidl_typesupport_introspection_cpp.hpp\n'}
[7.151088] (px4_msgs) StdoutLine: {'line': b'-- Up-to-date: /home/stepan/ws_ros2/install/px4_msgs/include/px4_msgs/px4_msgs/msg/detail/orb_test__rosidl_typesupport_introspection_cpp.hpp\n'}
[7.151565] (px4_msgs) StdoutLine: {'line': b'-- Up-to-date: /home/stepan/ws_ros2/install/px4_msgs/include/px4_msgs/px4_msgs/msg/detail/qshell_retval__type_support.cpp\n'}
[7.152305] (px4_msgs) StdoutLine: {'line': b'-- Up-to-date: /home/stepan/ws_ros2/install/px4_msgs/include/px4_msgs/px4_msgs/msg/detail/orbit_status__rosidl_typesupport_introspection_cpp.hpp\n'}
[7.152530] (px4_msgs) StdoutLine: {'line': b'-- Up-to-date: /home/stepan/ws_ros2/install/px4_msgs/include/px4_msgs/px4_msgs/msg/detail/sensor_airflow__type_support.cpp\n'}
[7.153349] (px4_msgs) StdoutLine: {'line': b'-- Up-to-date: /home/stepan/ws_ros2/install/px4_msgs/include/px4_msgs/px4_msgs/msg/detail/vehicle_command_ack__type_support.cpp\n'}
[7.155828] (px4_msgs) StdoutLine: {'line': b'-- Up-to-date: /home/stepan/ws_ros2/install/px4_msgs/include/px4_msgs/px4_msgs/msg/detail/gimbal_manager_set_manual_control__type_support.cpp\n'}
[7.156092] (px4_msgs) StdoutLine: {'line': b'-- Up-to-date: /home/stepan/ws_ros2/install/px4_msgs/include/px4_msgs/px4_msgs/msg/detail/gpio_in__type_support.cpp\n'}
[7.156323] (px4_msgs) StdoutLine: {'line': b'-- Up-to-date: /home/stepan/ws_ros2/install/px4_msgs/include/px4_msgs/px4_msgs/msg/detail/orb_test_medium__rosidl_typesupport_introspection_cpp.hpp\n'}
[7.156477] (px4_msgs) StdoutLine: {'line': b'-- Up-to-date: /home/stepan/ws_ros2/install/px4_msgs/include/px4_msgs/px4_msgs/msg/detail/gpio_request__rosidl_typesupport_introspection_cpp.hpp\n'}
[7.157583] (px4_msgs) StdoutLine: {'line': b'-- Up-to-date: /home/stepan/ws_ros2/install/px4_msgs/include/px4_msgs/px4_msgs/msg/detail/vehicle_status__type_support.cpp\n'}
[7.159188] (-) TimerEvent: {}
[7.159509] (px4_msgs) StdoutLine: {'line': b'-- Up-to-date: /home/stepan/ws_ros2/install/px4_msgs/include/px4_msgs/px4_msgs/msg/detail/control_allocator_status__type_support.cpp\n'}
[7.160095] (px4_msgs) StdoutLine: {'line': b'-- Up-to-date: /home/stepan/ws_ros2/install/px4_msgs/include/px4_msgs/px4_msgs/msg/detail/sensors_status__type_support.cpp\n'}
[7.160850] (px4_msgs) StdoutLine: {'line': b'-- Up-to-date: /home/stepan/ws_ros2/install/px4_msgs/include/px4_msgs/px4_msgs/msg/detail/px4io_status__rosidl_typesupport_introspection_cpp.hpp\n'}
[7.161178] (px4_msgs) StdoutLine: {'line': b'-- Up-to-date: /home/stepan/ws_ros2/install/px4_msgs/include/px4_msgs/px4_msgs/msg/detail/parameter_update__rosidl_typesupport_introspection_cpp.hpp\n'}
[7.161396] (px4_msgs) StdoutLine: {'line': b'-- Up-to-date: /home/stepan/ws_ros2/install/px4_msgs/include/px4_msgs/px4_msgs/msg/detail/position_setpoint_triplet__type_support.cpp\n'}
[7.161582] (px4_msgs) StdoutLine: {'line': b'-- Up-to-date: /home/stepan/ws_ros2/install/px4_msgs/include/px4_msgs/px4_msgs/msg/detail/estimator_sensor_bias__type_support.cpp\n'}
[7.161793] (px4_msgs) StdoutLine: {'line': b'-- Up-to-date: /home/stepan/ws_ros2/install/px4_msgs/include/px4_msgs/px4_msgs/msg/detail/normalized_unsigned_setpoint__type_support.cpp\n'}
[7.163990] (px4_msgs) StdoutLine: {'line': b'-- Up-to-date: /home/stepan/ws_ros2/install/px4_msgs/include/px4_msgs/px4_msgs/msg/detail/fuel_tank_status__type_support.cpp\n'}
[7.164253] (px4_msgs) StdoutLine: {'line': b'-- Up-to-date: /home/stepan/ws_ros2/install/px4_msgs/include/px4_msgs/px4_msgs/msg/detail/landing_target_pose__rosidl_typesupport_introspection_cpp.hpp\n'}
[7.164380] (px4_msgs) StdoutLine: {'line': b'-- Up-to-date: /home/stepan/ws_ros2/install/px4_msgs/include/px4_msgs/px4_msgs/msg/detail/estimator_aid_source1d__type_support.cpp\n'}
[7.164484] (px4_msgs) StdoutLine: {'line': b'-- Up-to-date: /home/stepan/ws_ros2/install/px4_msgs/include/px4_msgs/px4_msgs/msg/detail/internal_combustion_engine_control__rosidl_typesupport_introspection_cpp.hpp\n'}
[7.164584] (px4_msgs) StdoutLine: {'line': b'-- Up-to-date: /home/stepan/ws_ros2/install/px4_msgs/include/px4_msgs/px4_msgs/msg/detail/sensor_selection__type_support.cpp\n'}
[7.164740] (px4_msgs) StdoutLine: {'line': b'-- Up-to-date: /home/stepan/ws_ros2/install/px4_msgs/include/px4_msgs/px4_msgs/msg/detail/open_drone_id_arm_status__type_support.cpp\n'}
[7.164922] (px4_msgs) StdoutLine: {'line': b'-- Up-to-date: /home/stepan/ws_ros2/install/px4_msgs/include/px4_msgs/px4_msgs/msg/detail/task_stack_info__rosidl_typesupport_introspection_cpp.hpp\n'}
[7.165807] (px4_msgs) StdoutLine: {'line': b'-- Up-to-date: /home/stepan/ws_ros2/install/px4_msgs/include/px4_msgs/px4_msgs/msg/detail/rtl_time_estimate__rosidl_typesupport_introspection_cpp.hpp\n'}
[7.165982] (px4_msgs) StdoutLine: {'line': b'-- Up-to-date: /home/stepan/ws_ros2/install/px4_msgs/include/px4_msgs/px4_msgs/msg/detail/actuator_armed__type_support.cpp\n'}
[7.166142] (px4_msgs) StdoutLine: {'line': b'-- Up-to-date: /home/stepan/ws_ros2/install/px4_msgs/include/px4_msgs/px4_msgs/msg/detail/tune_control__rosidl_typesupport_introspection_cpp.hpp\n'}
[7.166299] (px4_msgs) StdoutLine: {'line': b'-- Up-to-date: /home/stepan/ws_ros2/install/px4_msgs/include/px4_msgs/px4_msgs/msg/detail/mission_result__type_support.cpp\n'}
[7.166472] (px4_msgs) StdoutLine: {'line': b'-- Up-to-date: /home/stepan/ws_ros2/install/px4_msgs/include/px4_msgs/px4_msgs/msg/detail/vehicle_control_mode__type_support.cpp\n'}
[7.166687] (px4_msgs) StdoutLine: {'line': b'-- Up-to-date: /home/stepan/ws_ros2/install/px4_msgs/include/px4_msgs/px4_msgs/msg/detail/pwm_input__type_support.cpp\n'}
[7.167496] (px4_msgs) StdoutLine: {'line': b'-- Up-to-date: /home/stepan/ws_ros2/install/px4_msgs/include/px4_msgs/px4_msgs/msg/detail/launch_detection_status__rosidl_typesupport_introspection_cpp.hpp\n'}
[7.168679] (px4_msgs) StdoutLine: {'line': b'-- Up-to-date: /home/stepan/ws_ros2/install/px4_msgs/include/px4_msgs/px4_msgs/msg/detail/wheel_encoders__type_support.cpp\n'}
[7.169856] (px4_msgs) StdoutLine: {'line': b'-- Up-to-date: /home/stepan/ws_ros2/install/px4_msgs/include/px4_msgs/px4_msgs/msg/detail/gps_dump__rosidl_typesupport_introspection_cpp.hpp\n'}
[7.170042] (px4_msgs) StdoutLine: {'line': b'-- Up-to-date: /home/stepan/ws_ros2/install/px4_msgs/include/px4_msgs/px4_msgs/msg/detail/actuator_servos_trim__type_support.cpp\n'}
[7.170189] (px4_msgs) StdoutLine: {'line': b'-- Up-to-date: /home/stepan/ws_ros2/install/px4_msgs/include/px4_msgs/px4_msgs/msg/detail/tune_control__type_support.cpp\n'}
[7.170317] (px4_msgs) StdoutLine: {'line': b'-- Up-to-date: /home/stepan/ws_ros2/install/px4_msgs/include/px4_msgs/px4_msgs/msg/detail/rc_parameter_map__rosidl_typesupport_introspection_cpp.hpp\n'}
[7.170473] (px4_msgs) StdoutLine: {'line': b'-- Up-to-date: /home/stepan/ws_ros2/install/px4_msgs/include/px4_msgs/px4_msgs/msg/detail/airspeed__type_support.cpp\n'}
[7.170583] (px4_msgs) StdoutLine: {'line': b'-- Up-to-date: /home/stepan/ws_ros2/install/px4_msgs/include/px4_msgs/px4_msgs/msg/detail/gimbal_device_attitude_status__type_support.cpp\n'}
[7.170682] (px4_msgs) StdoutLine: {'line': b'-- Up-to-date: /home/stepan/ws_ros2/install/px4_msgs/include/px4_msgs/px4_msgs/msg/detail/sensor_correction__type_support.cpp\n'}
[7.170904] (px4_msgs) StdoutLine: {'line': b'-- Up-to-date: /home/stepan/ws_ros2/install/px4_msgs/include/px4_msgs/px4_msgs/msg/detail/vehicle_command__type_support.cpp\n'}
[7.171056] (px4_msgs) StdoutLine: {'line': b'-- Up-to-date: /home/stepan/ws_ros2/install/px4_msgs/include/px4_msgs/px4_msgs/msg/detail/button_event__type_support.cpp\n'}
[7.171172] (px4_msgs) StdoutLine: {'line': b'-- Up-to-date: /home/stepan/ws_ros2/install/px4_msgs/include/px4_msgs/px4_msgs/msg/detail/sensor_gyro__rosidl_typesupport_introspection_cpp.hpp\n'}
[7.171283] (px4_msgs) StdoutLine: {'line': b'-- Up-to-date: /home/stepan/ws_ros2/install/px4_msgs/include/px4_msgs/px4_msgs/msg/detail/pure_pursuit_status__type_support.cpp\n'}
[7.171392] (px4_msgs) StdoutLine: {'line': b'-- Up-to-date: /home/stepan/ws_ros2/install/px4_msgs/include/px4_msgs/px4_msgs/msg/detail/trajectory_setpoint__type_support.cpp\n'}
[7.171493] (px4_msgs) StdoutLine: {'line': b'-- Up-to-date: /home/stepan/ws_ros2/install/px4_msgs/include/px4_msgs/px4_msgs/msg/detail/dataman_request__rosidl_typesupport_introspection_cpp.hpp\n'}
[7.171596] (px4_msgs) StdoutLine: {'line': b'-- Up-to-date: /home/stepan/ws_ros2/install/px4_msgs/include/px4_msgs/px4_msgs/msg/detail/geofence_result__type_support.cpp\n'}
[7.171691] (px4_msgs) StdoutLine: {'line': b'-- Up-to-date: /home/stepan/ws_ros2/install/px4_msgs/include/px4_msgs/px4_msgs/msg/detail/arming_check_request__rosidl_typesupport_introspection_cpp.hpp\n'}
[7.171821] (px4_msgs) StdoutLine: {'line': b'-- Up-to-date: /home/stepan/ws_ros2/install/px4_msgs/include/px4_msgs/px4_msgs/msg/detail/event__rosidl_typesupport_introspection_cpp.hpp\n'}
[7.171980] (px4_msgs) StdoutLine: {'line': b'-- Up-to-date: /home/stepan/ws_ros2/install/px4_msgs/include/px4_msgs/px4_msgs/msg/detail/vehicle_acceleration__rosidl_typesupport_introspection_cpp.hpp\n'}
[7.172167] (px4_msgs) StdoutLine: {'line': b'-- Up-to-date: /home/stepan/ws_ros2/install/px4_msgs/include/px4_msgs/px4_msgs/msg/detail/rover_velocity_status__rosidl_typesupport_introspection_cpp.hpp\n'}
[7.172307] (px4_msgs) StdoutLine: {'line': b'-- Up-to-date: /home/stepan/ws_ros2/install/px4_msgs/include/px4_msgs/px4_msgs/msg/detail/estimator_aid_source3d__rosidl_typesupport_introspection_cpp.hpp\n'}
[7.172426] (px4_msgs) StdoutLine: {'line': b'-- Up-to-date: /home/stepan/ws_ros2/install/px4_msgs/include/px4_msgs/px4_msgs/msg/detail/cpuload__type_support.cpp\n'}
[7.172521] (px4_msgs) StdoutLine: {'line': b'-- Up-to-date: /home/stepan/ws_ros2/install/px4_msgs/include/px4_msgs/px4_msgs/msg/detail/unregister_ext_component__type_support.cpp\n'}
[7.172635] (px4_msgs) StdoutLine: {'line': b'-- Up-to-date: /home/stepan/ws_ros2/install/px4_msgs/include/px4_msgs/px4_msgs/msg/detail/takeoff_status__rosidl_typesupport_introspection_cpp.hpp\n'}
[7.172808] (px4_msgs) StdoutLine: {'line': b'-- Up-to-date: /home/stepan/ws_ros2/install/px4_msgs/include/px4_msgs/px4_msgs/msg/detail/failsafe_flags__type_support.cpp\n'}
[7.173768] (px4_msgs) StdoutLine: {'line': b'-- Up-to-date: /home/stepan/ws_ros2/install/px4_msgs/include/px4_msgs/px4_msgs/msg/detail/can_interface_status__rosidl_typesupport_introspection_cpp.hpp\n'}
[7.173932] (px4_msgs) StdoutLine: {'line': b'-- Up-to-date: /home/stepan/ws_ros2/install/px4_msgs/include/px4_msgs/px4_msgs/msg/detail/vehicle_angular_velocity__rosidl_typesupport_introspection_cpp.hpp\n'}
[7.174078] (px4_msgs) StdoutLine: {'line': b'-- Up-to-date: /home/stepan/ws_ros2/install/px4_msgs/include/px4_msgs/px4_msgs/msg/detail/qshell_req__rosidl_typesupport_introspection_cpp.hpp\n'}
[7.174242] (px4_msgs) StdoutLine: {'line': b'-- Up-to-date: /home/stepan/ws_ros2/install/px4_msgs/include/px4_msgs/px4_msgs/msg/detail/position_controller_landing_status__type_support.cpp\n'}
[7.174388] (px4_msgs) StdoutLine: {'line': b'-- Up-to-date: /home/stepan/ws_ros2/install/px4_msgs/include/px4_msgs/px4_msgs/msg/detail/onboard_computer_status__rosidl_typesupport_introspection_cpp.hpp\n'}
[7.174517] (px4_msgs) StdoutLine: {'line': b'-- Up-to-date: /home/stepan/ws_ros2/install/px4_msgs/include/px4_msgs/px4_msgs/msg/detail/gimbal_manager_information__type_support.cpp\n'}
[7.174615] (px4_msgs) StdoutLine: {'line': b'-- Up-to-date: /home/stepan/ws_ros2/install/px4_msgs/include/px4_msgs/px4_msgs/msg/detail/power_button_state__rosidl_typesupport_introspection_cpp.hpp\n'}
[7.174725] (px4_msgs) StdoutLine: {'line': b'-- Up-to-date: /home/stepan/ws_ros2/install/px4_msgs/include/px4_msgs/px4_msgs/msg/detail/vehicle_constraints__rosidl_typesupport_introspection_cpp.hpp\n'}
[7.174899] (px4_msgs) StdoutLine: {'line': b'-- Up-to-date: /home/stepan/ws_ros2/install/px4_msgs/include/px4_msgs/px4_msgs/msg/detail/actuator_outputs__type_support.cpp\n'}
[7.175031] (px4_msgs) StdoutLine: {'line': b'-- Up-to-date: /home/stepan/ws_ros2/install/px4_msgs/include/px4_msgs/px4_msgs/msg/detail/vehicle_attitude_setpoint__type_support.cpp\n'}
[7.175130] (px4_msgs) StdoutLine: {'line': b'-- Up-to-date: /home/stepan/ws_ros2/install/px4_msgs/include/px4_msgs/px4_msgs/msg/detail/gimbal_device_set_attitude__type_support.cpp\n'}
[7.175220] (px4_msgs) StdoutLine: {'line': b'-- Up-to-date: /home/stepan/ws_ros2/install/px4_msgs/include/px4_msgs/px4_msgs/msg/detail/estimator_bias3d__type_support.cpp\n'}
[7.175397] (px4_msgs) StdoutLine: {'line': b'-- Up-to-date: /home/stepan/ws_ros2/install/px4_msgs/include/px4_msgs/px4_msgs/msg/detail/landing_gear__rosidl_typesupport_introspection_cpp.hpp\n'}
[7.175561] (px4_msgs) StdoutLine: {'line': b'-- Up-to-date: /home/stepan/ws_ros2/install/px4_msgs/include/px4_msgs/px4_msgs/msg/detail/vehicle_command__rosidl_typesupport_introspection_cpp.hpp\n'}
[7.175686] (px4_msgs) StdoutLine: {'line': b'-- Up-to-date: /home/stepan/ws_ros2/install/px4_msgs/include/px4_msgs/px4_msgs/msg/detail/register_ext_component_request__rosidl_typesupport_introspection_cpp.hpp\n'}
[7.176640] (px4_msgs) StdoutLine: {'line': b'-- Up-to-date: /home/stepan/ws_ros2/install/px4_msgs/include/px4_msgs/px4_msgs/msg/detail/parameter_set_used_request__rosidl_typesupport_introspection_cpp.hpp\n'}
[7.177022] (px4_msgs) StdoutLine: {'line': b'-- Up-to-date: /home/stepan/ws_ros2/install/px4_msgs/include/px4_msgs/px4_msgs/msg/detail/follow_target__rosidl_typesupport_introspection_cpp.hpp\n'}
[7.177272] (px4_msgs) StdoutLine: {'line': b'-- Up-to-date: /home/stepan/ws_ros2/install/px4_msgs/include/px4_msgs/px4_msgs/msg/detail/navigator_mission_item__rosidl_typesupport_introspection_cpp.hpp\n'}
[7.177455] (px4_msgs) StdoutLine: {'line': b'-- Up-to-date: /home/stepan/ws_ros2/install/px4_msgs/include/px4_msgs/px4_msgs/msg/detail/rc_channels__rosidl_typesupport_introspection_cpp.hpp\n'}
[7.177668] (px4_msgs) StdoutLine: {'line': b'-- Up-to-date: /home/stepan/ws_ros2/install/px4_msgs/include/px4_msgs/px4_msgs/msg/detail/distance_sensor_mode_change_request__rosidl_typesupport_introspection_cpp.hpp\n'}
[7.179534] (px4_msgs) StdoutLine: {'line': b'-- Up-to-date: /home/stepan/ws_ros2/install/px4_msgs/include/px4_msgs/px4_msgs/msg/detail/button_event__rosidl_typesupport_introspection_cpp.hpp\n'}
[7.179868] (px4_msgs) StdoutLine: {'line': b'-- Up-to-date: /home/stepan/ws_ros2/install/px4_msgs/include/px4_msgs/px4_msgs/msg/detail/logger_status__type_support.cpp\n'}
[7.179985] (px4_msgs) StdoutLine: {'line': b'-- Up-to-date: /home/stepan/ws_ros2/install/px4_msgs/include/px4_msgs/px4_msgs/msg/detail/irlock_report__type_support.cpp\n'}
[7.180135] (px4_msgs) StdoutLine: {'line': b'-- Up-to-date: /home/stepan/ws_ros2/install/px4_msgs/include/px4_msgs/px4_msgs/msg/detail/esc_status__rosidl_typesupport_introspection_cpp.hpp\n'}
[7.180282] (px4_msgs) StdoutLine: {'line': b'-- Up-to-date: /home/stepan/ws_ros2/install/px4_msgs/include/px4_msgs/px4_msgs/msg/detail/pwm_input__rosidl_typesupport_introspection_cpp.hpp\n'}
[7.180417] (px4_msgs) StdoutLine: {'line': b'-- Up-to-date: /home/stepan/ws_ros2/install/px4_msgs/include/px4_msgs/px4_msgs/msg/detail/gimbal_manager_status__type_support.cpp\n'}
[7.180549] (px4_msgs) StdoutLine: {'line': b'-- Up-to-date: /home/stepan/ws_ros2/install/px4_msgs/include/px4_msgs/px4_msgs/msg/detail/manual_control_setpoint__rosidl_typesupport_introspection_cpp.hpp\n'}
[7.180694] (px4_msgs) StdoutLine: {'line': b'-- Up-to-date: /home/stepan/ws_ros2/install/px4_msgs/include/px4_msgs/px4_msgs/msg/detail/vehicle_command_ack__rosidl_typesupport_introspection_cpp.hpp\n'}
[7.181016] (px4_msgs) StdoutLine: {'line': b'-- Up-to-date: /home/stepan/ws_ros2/install/px4_msgs/include/px4_msgs/px4_msgs/msg/detail/vehicle_attitude__type_support.cpp\n'}
[7.181182] (px4_msgs) StdoutLine: {'line': b'-- Up-to-date: /home/stepan/ws_ros2/install/px4_msgs/include/px4_msgs/px4_msgs/msg/detail/parameter_update__type_support.cpp\n'}
[7.181367] (px4_msgs) StdoutLine: {'line': b'-- Up-to-date: /home/stepan/ws_ros2/install/px4_msgs/include/px4_msgs/px4_msgs/msg/detail/sensor_accel_fifo__type_support.cpp\n'}
[7.181539] (px4_msgs) StdoutLine: {'line': b'-- Up-to-date: /home/stepan/ws_ros2/install/px4_msgs/include/px4_msgs/px4_msgs/msg/detail/magnetometer_bias_estimate__type_support.cpp\n'}
[7.181691] (px4_msgs) StdoutLine: {'line': b'-- Up-to-date: /home/stepan/ws_ros2/install/px4_msgs/include/px4_msgs/px4_msgs/msg/detail/mount_orientation__type_support.cpp\n'}
[7.182263] (px4_msgs) StdoutLine: {'line': b'-- Up-to-date: /home/stepan/ws_ros2/install/px4_msgs/include/px4_msgs/px4_msgs/msg/detail/rtl_status__rosidl_typesupport_introspection_cpp.hpp\n'}
[7.183876] (px4_msgs) StdoutLine: {'line': b'-- Up-to-date: /home/stepan/ws_ros2/install/px4_msgs/include/px4_msgs/px4_msgs/msg/detail/vehicle_optical_flow_vel__type_support.cpp\n'}
[7.187922] (px4_msgs) StdoutLine: {'line': b'-- Up-to-date: /home/stepan/ws_ros2/install/px4_msgs/include/px4_msgs/px4_msgs/msg/detail/open_drone_id_system__rosidl_typesupport_introspection_cpp.hpp\n'}
[7.188222] (px4_msgs) StdoutLine: {'line': b'-- Up-to-date: /home/stepan/ws_ros2/install/px4_msgs/include/px4_msgs/px4_msgs/msg/detail/gimbal_controls__type_support.cpp\n'}
[7.188492] (px4_msgs) StdoutLine: {'line': b'-- Up-to-date: /home/stepan/ws_ros2/install/px4_msgs/include/px4_msgs/px4_msgs/msg/detail/vehicle_thrust_setpoint__type_support.cpp\n'}
[7.188684] (px4_msgs) StdoutLine: {'line': b'-- Up-to-date: /home/stepan/ws_ros2/install/px4_msgs/include/px4_msgs/px4_msgs/msg/detail/sensor_optical_flow__type_support.cpp\n'}
[7.189162] (px4_msgs) StdoutLine: {'line': b'-- Up-to-date: /home/stepan/ws_ros2/install/px4_msgs/include/px4_msgs/px4_msgs/msg/detail/offboard_control_mode__rosidl_typesupport_introspection_cpp.hpp\n'}
[7.189433] (px4_msgs) StdoutLine: {'line': b'-- Up-to-date: /home/stepan/ws_ros2/install/px4_msgs/include/px4_msgs/px4_msgs/msg/detail/gimbal_manager_status__rosidl_typesupport_introspection_cpp.hpp\n'}
[7.191086] (px4_msgs) StdoutLine: {'line': b'-- Up-to-date: /home/stepan/ws_ros2/install/px4_msgs/include/px4_msgs/px4_msgs/msg/detail/landing_gear_wheel__rosidl_typesupport_introspection_cpp.hpp\n'}
[7.191308] (px4_msgs) StdoutLine: {'line': b'-- Up-to-date: /home/stepan/ws_ros2/install/px4_msgs/include/px4_msgs/px4_msgs/msg/detail/vehicle_angular_acceleration_setpoint__rosidl_typesupport_introspection_cpp.hpp\n'}
[7.191432] (px4_msgs) StdoutLine: {'line': b'-- Up-to-date: /home/stepan/ws_ros2/install/px4_msgs/include/px4_msgs/px4_msgs/msg/detail/power_monitor__type_support.cpp\n'}
[7.191541] (px4_msgs) StdoutLine: {'line': b'-- Up-to-date: /home/stepan/ws_ros2/install/px4_msgs/include/px4_msgs/px4_msgs/msg/detail/flight_phase_estimation__rosidl_typesupport_introspection_cpp.hpp\n'}
[7.191648] (px4_msgs) StdoutLine: {'line': b'-- Up-to-date: /home/stepan/ws_ros2/install/px4_msgs/include/px4_msgs/px4_msgs/msg/detail/mag_worker_data__rosidl_typesupport_introspection_cpp.hpp\n'}
[7.191773] (px4_msgs) StdoutLine: {'line': b'-- Up-to-date: /home/stepan/ws_ros2/install/px4_msgs/include/px4_msgs/px4_msgs/msg/detail/velocity_limits__type_support.cpp\n'}
[7.194032] (px4_msgs) StdoutLine: {'line': b'-- Up-to-date: /home/stepan/ws_ros2/install/px4_msgs/include/px4_msgs/px4_msgs/msg/detail/dataman_response__type_support.cpp\n'}
[7.194255] (px4_msgs) StdoutLine: {'line': b'-- Up-to-date: /home/stepan/ws_ros2/install/px4_msgs/include/px4_msgs/px4_msgs/msg/detail/wind__rosidl_typesupport_introspection_cpp.hpp\n'}
[7.194495] (px4_msgs) StdoutLine: {'line': b'-- Up-to-date: /home/stepan/ws_ros2/install/px4_msgs/include/px4_msgs/px4_msgs/msg/detail/landing_target_innovations__type_support.cpp\n'}
[7.194660] (px4_msgs) StdoutLine: {'line': b'-- Up-to-date: /home/stepan/ws_ros2/install/px4_msgs/include/px4_msgs/px4_msgs/msg/detail/navigator_status__rosidl_typesupport_introspection_cpp.hpp\n'}
[7.196270] (px4_msgs) StdoutLine: {'line': b'-- Up-to-date: /home/stepan/ws_ros2/install/px4_msgs/include/px4_msgs/px4_msgs/msg/detail/ekf2_timestamps__rosidl_typesupport_introspection_cpp.hpp\n'}
[7.196488] (px4_msgs) StdoutLine: {'line': b'-- Up-to-date: /home/stepan/ws_ros2/install/px4_msgs/include/px4_msgs/px4_msgs/msg/detail/rate_ctrl_status__type_support.cpp\n'}
[7.196646] (px4_msgs) StdoutLine: {'line': b'-- Up-to-date: /home/stepan/ws_ros2/install/px4_msgs/include/px4_msgs/px4_msgs/msg/detail/rc_parameter_map__type_support.cpp\n'}
[7.196805] (px4_msgs) StdoutLine: {'line': b'-- Up-to-date: /home/stepan/ws_ros2/install/px4_msgs/include/px4_msgs/px4_msgs/msg/detail/message_format_response__rosidl_typesupport_introspection_cpp.hpp\n'}
[7.197059] (px4_msgs) StdoutLine: {'line': b'-- Up-to-date: /home/stepan/ws_ros2/install/px4_msgs/include/px4_msgs/px4_msgs/msg/detail/orb_test_medium__type_support.cpp\n'}
[7.197246] (px4_msgs) StdoutLine: {'line': b'-- Up-to-date: /home/stepan/ws_ros2/install/px4_msgs/include/px4_msgs/px4_msgs/msg/detail/vehicle_air_data__rosidl_typesupport_introspection_cpp.hpp\n'}
[7.197468] (px4_msgs) StdoutLine: {'line': b'-- Up-to-date: /home/stepan/ws_ros2/install/px4_msgs/include/px4_msgs/px4_msgs/msg/detail/rover_throttle_setpoint__rosidl_typesupport_introspection_cpp.hpp\n'}
[7.197630] (px4_msgs) StdoutLine: {'line': b'-- Up-to-date: /home/stepan/ws_ros2/install/px4_msgs/include/px4_msgs/px4_msgs/msg/detail/estimator_innovations__rosidl_typesupport_introspection_cpp.hpp\n'}
[7.197818] (px4_msgs) StdoutLine: {'line': b'-- Up-to-date: /home/stepan/ws_ros2/install/px4_msgs/include/px4_msgs/px4_msgs/msg/detail/npfg_status__rosidl_typesupport_introspection_cpp.hpp\n'}
[7.198128] (px4_msgs) StdoutLine: {'line': b'-- Up-to-date: /home/stepan/ws_ros2/install/px4_msgs/include/px4_msgs/px4_msgs/msg/detail/position_controller_landing_status__rosidl_typesupport_introspection_cpp.hpp\n'}
[7.198288] (px4_msgs) StdoutLine: {'line': b'-- Up-to-date: /home/stepan/ws_ros2/install/px4_msgs/include/px4_msgs/px4_msgs/msg/detail/transponder_report__type_support.cpp\n'}
[7.198434] (px4_msgs) StdoutLine: {'line': b'-- Up-to-date: /home/stepan/ws_ros2/install/px4_msgs/include/px4_msgs/px4_msgs/msg/detail/vehicle_torque_setpoint__rosidl_typesupport_introspection_cpp.hpp\n'}
[7.202195] (px4_msgs) StdoutLine: {'line': b'-- Up-to-date: /home/stepan/ws_ros2/install/px4_msgs/include/px4_msgs/px4_msgs/msg/detail/message_format_response__type_support.cpp\n'}
[7.203235] (px4_msgs) StdoutLine: {'line': b'-- Up-to-date: /home/stepan/ws_ros2/install/px4_msgs/include/px4_msgs/px4_msgs/msg/detail/rpm__type_support.cpp\n'}
[7.203640] (px4_msgs) StdoutLine: {'line': b'-- Up-to-date: /home/stepan/ws_ros2/install/px4_msgs/include/px4_msgs/px4_msgs/msg/detail/sensor_accel_fifo__rosidl_typesupport_introspection_cpp.hpp\n'}
[7.203862] (px4_msgs) StdoutLine: {'line': b'-- Up-to-date: /home/stepan/ws_ros2/install/px4_msgs/include/px4_msgs/px4_msgs/msg/detail/message_format_request__rosidl_typesupport_introspection_cpp.hpp\n'}
[7.203986] (px4_msgs) StdoutLine: {'line': b'-- Up-to-date: /home/stepan/ws_ros2/install/px4_msgs/include/px4_msgs/px4_msgs/msg/detail/camera_capture__type_support.cpp\n'}
[7.204089] (px4_msgs) StdoutLine: {'line': b'-- Up-to-date: /home/stepan/ws_ros2/install/px4_msgs/include/px4_msgs/px4_msgs/msg/detail/ulog_stream__type_support.cpp\n'}
[7.204190] (px4_msgs) StdoutLine: {'line': b'-- Up-to-date: /home/stepan/ws_ros2/install/px4_msgs/include/px4_msgs/px4_msgs/msg/detail/parameter_set_value_request__rosidl_typesupport_introspection_cpp.hpp\n'}
[7.204298] (px4_msgs) StdoutLine: {'line': b'-- Up-to-date: /home/stepan/ws_ros2/install/px4_msgs/include/px4_msgs/px4_msgs/msg/detail/mag_worker_data__type_support.cpp\n'}
[7.204418] (px4_msgs) StdoutLine: {'line': b'-- Up-to-date: /home/stepan/ws_ros2/install/px4_msgs/include/px4_msgs/px4_msgs/msg/detail/sensor_combined__type_support.cpp\n'}
[7.204531] (px4_msgs) StdoutLine: {'line': b'-- Up-to-date: /home/stepan/ws_ros2/install/px4_msgs/include/px4_msgs/px4_msgs/msg/detail/rover_position_setpoint__type_support.cpp\n'}
[7.204682] (px4_msgs) StdoutLine: {'line': b'-- Up-to-date: /home/stepan/ws_ros2/install/px4_msgs/include/px4_msgs/px4_msgs/msg/detail/magnetometer_bias_estimate__rosidl_typesupport_introspection_cpp.hpp\n'}
[7.206750] (px4_msgs) StdoutLine: {'line': b'-- Up-to-date: /home/stepan/ws_ros2/install/px4_msgs/include/px4_msgs/px4_msgs/msg/detail/actuator_servos__rosidl_typesupport_introspection_cpp.hpp\n'}
[7.207153] (px4_msgs) StdoutLine: {'line': b'-- Up-to-date: /home/stepan/ws_ros2/install/px4_msgs/include/px4_msgs/px4_msgs/msg/detail/gpio_out__rosidl_typesupport_introspection_cpp.hpp\n'}
[7.208236] (px4_msgs) StdoutLine: {'line': b'-- Up-to-date: /home/stepan/ws_ros2/install/px4_msgs/include/px4_msgs/px4_msgs/msg/detail/manual_control_switches__type_support.cpp\n'}
[7.210311] (px4_msgs) StdoutLine: {'line': b'-- Up-to-date: /home/stepan/ws_ros2/install/px4_msgs/include/px4_msgs/px4_msgs/msg/detail/vtol_vehicle_status__type_support.cpp\n'}
[7.210577] (px4_msgs) StdoutLine: {'line': b'-- Up-to-date: /home/stepan/ws_ros2/install/px4_msgs/include/px4_msgs/px4_msgs/msg/detail/sensor_uwb__type_support.cpp\n'}
[7.210799] (px4_msgs) StdoutLine: {'line': b'-- Up-to-date: /home/stepan/ws_ros2/install/px4_msgs/include/px4_msgs/px4_msgs/msg/detail/ping__rosidl_typesupport_introspection_cpp.hpp\n'}
[7.210943] (px4_msgs) StdoutLine: {'line': b'-- Up-to-date: /home/stepan/ws_ros2/install/px4_msgs/include/px4_msgs/px4_msgs/msg/detail/led_control__rosidl_typesupport_introspection_cpp.hpp\n'}
[7.211104] (px4_msgs) StdoutLine: {'line': b'-- Up-to-date: /home/stepan/ws_ros2/install/px4_msgs/include/px4_msgs/px4_msgs/msg/detail/estimator_states__type_support.cpp\n'}
[7.211262] (px4_msgs) StdoutLine: {'line': b'-- Up-to-date: /home/stepan/ws_ros2/install/px4_msgs/include/px4_msgs/px4_msgs/msg/detail/internal_combustion_engine_status__rosidl_typesupport_introspection_cpp.hpp\n'}
[7.211442] (px4_msgs) StdoutLine: {'line': b'-- Up-to-date: /home/stepan/ws_ros2/install/px4_msgs/include/px4_msgs/px4_msgs/msg/detail/config_overrides__type_support.cpp\n'}
[7.211602] (px4_msgs) StdoutLine: {'line': b'-- Up-to-date: /home/stepan/ws_ros2/install/px4_msgs/include/px4_msgs/px4_msgs/msg/detail/airspeed_validated__type_support.cpp\n'}
[7.211798] (px4_msgs) StdoutLine: {'line': b'-- Up-to-date: /home/stepan/ws_ros2/install/px4_msgs/include/px4_msgs/px4_msgs/msg/detail/obstacle_distance__rosidl_typesupport_introspection_cpp.hpp\n'}
[7.212095] (px4_msgs) StdoutLine: {'line': b'-- Up-to-date: /home/stepan/ws_ros2/install/px4_msgs/include/px4_msgs/px4_msgs/msg/detail/npfg_status__type_support.cpp\n'}
[7.212389] (px4_msgs) StdoutLine: {'line': b'-- Up-to-date: /home/stepan/ws_ros2/install/px4_msgs/include/px4_msgs/px4_msgs/msg/detail/camera_trigger__type_support.cpp\n'}
[7.212570] (px4_msgs) StdoutLine: {'line': b'-- Up-to-date: /home/stepan/ws_ros2/install/px4_msgs/include/px4_msgs/px4_msgs/msg/detail/actuator_test__rosidl_typesupport_introspection_cpp.hpp\n'}
[7.212709] (px4_msgs) StdoutLine: {'line': b'-- Up-to-date: /home/stepan/ws_ros2/install/px4_msgs/include/px4_msgs/px4_msgs/msg/detail/sensor_gyro_fft__rosidl_typesupport_introspection_cpp.hpp\n'}
[7.212839] (px4_msgs) StdoutLine: {'line': b'-- Up-to-date: /home/stepan/ws_ros2/install/px4_msgs/include/px4_msgs/px4_msgs/msg/detail/gimbal_manager_information__rosidl_typesupport_introspection_cpp.hpp\n'}
[7.212957] (px4_msgs) StdoutLine: {'line': b'-- Up-to-date: /home/stepan/ws_ros2/install/px4_msgs/include/px4_msgs/px4_msgs/msg/detail/gpio_config__rosidl_typesupport_introspection_cpp.hpp\n'}
[7.213097] (px4_msgs) StdoutLine: {'line': b'-- Up-to-date: /home/stepan/ws_ros2/install/px4_msgs/include/px4_msgs/px4_msgs/msg/detail/follow_target_status__rosidl_typesupport_introspection_cpp.hpp\n'}
[7.213245] (px4_msgs) StdoutLine: {'line': b'-- Up-to-date: /home/stepan/ws_ros2/install/px4_msgs/include/px4_msgs/px4_msgs/msg/detail/parameter_set_value_response__type_support.cpp\n'}
[7.213421] (px4_msgs) StdoutLine: {'line': b'-- Up-to-date: /home/stepan/ws_ros2/install/px4_msgs/include/px4_msgs/px4_msgs/msg/detail/takeoff_status__type_support.cpp\n'}
[7.213602] (px4_msgs) StdoutLine: {'line': b'-- Up-to-date: /home/stepan/ws_ros2/install/px4_msgs/include/px4_msgs/px4_msgs/msg/detail/radio_status__type_support.cpp\n'}
[7.214689] (px4_msgs) StdoutLine: {'line': b'-- Up-to-date: /home/stepan/ws_ros2/install/px4_msgs/include/px4_msgs/px4_msgs/msg/detail/adc_report__type_support.cpp\n'}
[7.214845] (px4_msgs) StdoutLine: {'line': b'-- Up-to-date: /home/stepan/ws_ros2/install/px4_msgs/include/px4_msgs/px4_msgs/msg/detail/navigator_mission_item__type_support.cpp\n'}
[7.214993] (px4_msgs) StdoutLine: {'line': b'-- Up-to-date: /home/stepan/ws_ros2/install/px4_msgs/include/px4_msgs/px4_msgs/msg/detail/home_position__type_support.cpp\n'}
[7.215096] (px4_msgs) StdoutLine: {'line': b'-- Up-to-date: /home/stepan/ws_ros2/install/px4_msgs/include/px4_msgs/px4_msgs/msg/detail/mount_orientation__rosidl_typesupport_introspection_cpp.hpp\n'}
[7.215193] (px4_msgs) StdoutLine: {'line': b'-- Up-to-date: /home/stepan/ws_ros2/install/px4_msgs/include/px4_msgs/px4_msgs/msg/detail/heater_status__rosidl_typesupport_introspection_cpp.hpp\n'}
[7.215295] (px4_msgs) StdoutLine: {'line': b'-- Up-to-date: /home/stepan/ws_ros2/install/px4_msgs/include/px4_msgs/px4_msgs/msg/detail/irlock_report__rosidl_typesupport_introspection_cpp.hpp\n'}
[7.215399] (px4_msgs) StdoutLine: {'line': b'-- Up-to-date: /home/stepan/ws_ros2/install/px4_msgs/include/px4_msgs/px4_msgs/msg/detail/register_ext_component_request__type_support.cpp\n'}
[7.215507] (px4_msgs) StdoutLine: {'line': b'-- Up-to-date: /home/stepan/ws_ros2/install/px4_msgs/include/px4_msgs/px4_msgs/msg/detail/actuator_controls_status__rosidl_typesupport_introspection_cpp.hpp\n'}
[7.215607] (px4_msgs) StdoutLine: {'line': b'-- Up-to-date: /home/stepan/ws_ros2/install/px4_msgs/include/px4_msgs/px4_msgs/msg/detail/vehicle_thrust_setpoint__rosidl_typesupport_introspection_cpp.hpp\n'}
[7.215756] (px4_msgs) StdoutLine: {'line': b'-- Up-to-date: /home/stepan/ws_ros2/install/px4_msgs/include/px4_msgs/px4_msgs/msg/detail/distance_sensor_mode_change_request__type_support.cpp\n'}
[7.216217] (px4_msgs) StdoutLine: {'line': b'-- Up-to-date: /home/stepan/ws_ros2/install/px4_msgs/include/px4_msgs/px4_msgs/msg/detail/sensor_combined__rosidl_typesupport_introspection_cpp.hpp\n'}
[7.216334] (px4_msgs) StdoutLine: {'line': b'-- Up-to-date: /home/stepan/ws_ros2/install/px4_msgs/include/px4_msgs/px4_msgs/msg/detail/estimator_event_flags__rosidl_typesupport_introspection_cpp.hpp\n'}
[7.216434] (px4_msgs) StdoutLine: {'line': b'-- Up-to-date: /home/stepan/ws_ros2/install/px4_msgs/include/px4_msgs/px4_msgs/msg/detail/rover_attitude_status__rosidl_typesupport_introspection_cpp.hpp\n'}
[7.216544] (px4_msgs) StdoutLine: {'line': b'-- Up-to-date: /home/stepan/ws_ros2/install/px4_msgs/include/px4_msgs/px4_msgs/msg/detail/power_monitor__rosidl_typesupport_introspection_cpp.hpp\n'}
[7.216670] (px4_msgs) StdoutLine: {'line': b'-- Up-to-date: /home/stepan/ws_ros2/install/px4_msgs/include/px4_msgs/px4_msgs/msg/detail/mode_completed__type_support.cpp\n'}
[7.216901] (px4_msgs) StdoutLine: {'line': b'-- Up-to-date: /home/stepan/ws_ros2/install/px4_msgs/include/px4_msgs/px4_msgs/msg/detail/obstacle_distance__type_support.cpp\n'}
[7.217060] (px4_msgs) StdoutLine: {'line': b'-- Up-to-date: /home/stepan/ws_ros2/install/px4_msgs/include/px4_msgs/px4_msgs/msg/detail/mission_result__rosidl_typesupport_introspection_cpp.hpp\n'}
[7.217194] (px4_msgs) StdoutLine: {'line': b'-- Up-to-date: /home/stepan/ws_ros2/install/px4_msgs/include/px4_msgs/px4_msgs/msg/detail/vehicle_imu_status__type_support.cpp\n'}
[7.217341] (px4_msgs) StdoutLine: {'line': b'-- Up-to-date: /home/stepan/ws_ros2/install/px4_msgs/include/px4_msgs/px4_msgs/msg/detail/mavlink_log__rosidl_typesupport_introspection_cpp.hpp\n'}
[7.217542] (px4_msgs) StdoutLine: {'line': b'-- Up-to-date: /home/stepan/ws_ros2/install/px4_msgs/include/px4_msgs/px4_msgs/msg/detail/vehicle_roi__rosidl_typesupport_introspection_cpp.hpp\n'}
[7.217778] (px4_msgs) StdoutLine: {'line': b'-- Up-to-date: /home/stepan/ws_ros2/install/px4_msgs/include/px4_msgs/px4_msgs/msg/detail/rtl_status__type_support.cpp\n'}
[7.217969] (px4_msgs) StdoutLine: {'line': b'-- Up-to-date: /home/stepan/ws_ros2/install/px4_msgs/include/px4_msgs/px4_msgs/msg/detail/vehicle_odometry__type_support.cpp\n'}
[7.218207] (px4_msgs) StdoutLine: {'line': b'-- Up-to-date: /home/stepan/ws_ros2/install/px4_msgs/include/px4_msgs/px4_msgs/msg/detail/debug_key_value__rosidl_typesupport_introspection_cpp.hpp\n'}
[7.218322] (px4_msgs) StdoutLine: {'line': b'-- Up-to-date: /home/stepan/ws_ros2/install/px4_msgs/include/px4_msgs/px4_msgs/msg/detail/arming_check_reply__rosidl_typesupport_introspection_cpp.hpp\n'}
[7.218530] (px4_msgs) StdoutLine: {'line': b'-- Up-to-date: /home/stepan/ws_ros2/install/px4_msgs/include/px4_msgs/px4_msgs/msg/detail/rover_throttle_setpoint__type_support.cpp\n'}
[7.218628] (px4_msgs) StdoutLine: {'line': b'-- Up-to-date: /home/stepan/ws_ros2/install/px4_msgs/include/px4_msgs/px4_msgs/msg/detail/ping__type_support.cpp\n'}
[7.218750] (px4_msgs) StdoutLine: {'line': b'-- Up-to-date: /home/stepan/ws_ros2/install/px4_msgs/include/px4_msgs/px4_msgs/msg/detail/parameter_reset_request__rosidl_typesupport_introspection_cpp.hpp\n'}
[7.218949] (px4_msgs) StdoutLine: {'line': b'-- Up-to-date: /home/stepan/ws_ros2/install/px4_msgs/include/px4_msgs/px4_msgs/msg/detail/actuator_outputs__rosidl_typesupport_introspection_cpp.hpp\n'}
[7.219047] (px4_msgs) StdoutLine: {'line': b'-- Up-to-date: /home/stepan/ws_ros2/install/px4_msgs/include/px4_msgs/px4_msgs/msg/detail/actuator_controls_status__type_support.cpp\n'}
[7.219140] (px4_msgs) StdoutLine: {'line': b'-- Up-to-date: /home/stepan/ws_ros2/install/px4_msgs/include/px4_msgs/px4_msgs/msg/detail/rc_channels__type_support.cpp\n'}
[7.219250] (px4_msgs) StdoutLine: {'line': b'-- Up-to-date: /home/stepan/ws_ros2/install/px4_msgs/include/px4_msgs/px4_msgs/msg/detail/orb_test_large__type_support.cpp\n'}
[7.219342] (px4_msgs) StdoutLine: {'line': b'-- Up-to-date: /home/stepan/ws_ros2/install/px4_msgs/include/px4_msgs/px4_msgs/msg/detail/open_drone_id_self_id__type_support.cpp\n'}
[7.221407] (px4_msgs) StdoutLine: {'line': b'-- Up-to-date: /home/stepan/ws_ros2/install/px4_msgs/include/px4_msgs/px4_msgs/msg/detail/flight_phase_estimation__type_support.cpp\n'}
[7.221846] (px4_msgs) StdoutLine: {'line': b'-- Up-to-date: /home/stepan/ws_ros2/install/px4_msgs/include/px4_msgs/px4_msgs/msg/detail/gpio_out__type_support.cpp\n'}
[7.222093] (px4_msgs) StdoutLine: {'line': b'-- Up-to-date: /home/stepan/ws_ros2/install/px4_msgs/include/px4_msgs/px4_msgs/msg/detail/gripper__rosidl_typesupport_introspection_cpp.hpp\n'}
[7.222220] (px4_msgs) StdoutLine: {'line': b'-- Up-to-date: /home/stepan/ws_ros2/install/px4_msgs/include/px4_msgs/px4_msgs/msg/detail/px4io_status__type_support.cpp\n'}
[7.222320] (px4_msgs) StdoutLine: {'line': b'-- Up-to-date: /home/stepan/ws_ros2/install/px4_msgs/include/px4_msgs/px4_msgs/msg/detail/sensor_gyro_fft__type_support.cpp\n'}
[7.222413] (px4_msgs) StdoutLine: {'line': b'-- Up-to-date: /home/stepan/ws_ros2/install/px4_msgs/include/px4_msgs/px4_msgs/msg/detail/tecs_status__type_support.cpp\n'}
[7.222520] (px4_msgs) StdoutLine: {'line': b'-- Up-to-date: /home/stepan/ws_ros2/install/px4_msgs/include/px4_msgs/px4_msgs/msg/detail/battery_status__type_support.cpp\n'}
[7.222667] (px4_msgs) StdoutLine: {'line': b'-- Up-to-date: /home/stepan/ws_ros2/install/px4_msgs/include/px4_msgs/px4_msgs/msg/detail/ackermann_velocity_setpoint__type_support.cpp\n'}
[7.223240] (px4_msgs) StdoutLine: {'line': b'-- Up-to-date: /home/stepan/ws_ros2/install/px4_msgs/include/px4_msgs/px4_msgs/msg/detail/estimator_aid_source2d__rosidl_typesupport_introspection_cpp.hpp\n'}
[7.223427] (px4_msgs) StdoutLine: {'line': b'-- Up-to-date: /home/stepan/ws_ros2/install/px4_msgs/include/px4_msgs/px4_msgs/msg/detail/follow_target_estimator__type_support.cpp\n'}
[7.223628] (px4_msgs) StdoutLine: {'line': b'-- Up-to-date: /home/stepan/ws_ros2/install/px4_msgs/include/px4_msgs/px4_msgs/msg/detail/tiltrotor_extra_controls__type_support.cpp\n'}
[7.223829] (px4_msgs) StdoutLine: {'line': b'-- Up-to-date: /home/stepan/ws_ros2/install/px4_msgs/include/px4_msgs/px4_msgs/msg/detail/position_controller_status__type_support.cpp\n'}
[7.223972] (px4_msgs) StdoutLine: {'line': b'-- Up-to-date: /home/stepan/ws_ros2/install/px4_msgs/include/px4_msgs/px4_msgs/msg/detail/debug_array__rosidl_typesupport_introspection_cpp.hpp\n'}
[7.224075] (px4_msgs) StdoutLine: {'line': b'-- Up-to-date: /home/stepan/ws_ros2/install/px4_msgs/include/px4_msgs/px4_msgs/msg/detail/vehicle_local_position__type_support.cpp\n'}
[7.224226] (px4_msgs) StdoutLine: {'line': b'-- Up-to-date: /home/stepan/ws_ros2/install/px4_msgs/include/px4_msgs/px4_msgs/msg/detail/autotune_attitude_control_status__rosidl_typesupport_introspection_cpp.hpp\n'}
[7.224343] (px4_msgs) StdoutLine: {'line': b'-- Up-to-date: /home/stepan/ws_ros2/install/px4_msgs/include/px4_msgs/px4_msgs/msg/detail/estimator_bias3d__rosidl_typesupport_introspection_cpp.hpp\n'}
[7.224437] (px4_msgs) StdoutLine: {'line': b'-- Up-to-date: /home/stepan/ws_ros2/install/px4_msgs/include/px4_msgs/px4_msgs/msg/detail/radio_status__rosidl_typesupport_introspection_cpp.hpp\n'}
[7.224539] (px4_msgs) StdoutLine: {'line': b'-- Up-to-date: /home/stepan/ws_ros2/install/px4_msgs/include/px4_msgs/px4_msgs/msg/detail/orb_test__type_support.cpp\n'}
[7.224658] (px4_msgs) StdoutLine: {'line': b'-- Up-to-date: /home/stepan/ws_ros2/install/px4_msgs/include/px4_msgs/px4_msgs/msg/detail/transponder_report__rosidl_typesupport_introspection_cpp.hpp\n'}
[7.225049] (px4_msgs) StdoutLine: {'line': b'-- Up-to-date: /home/stepan/ws_ros2/install/px4_msgs/include/px4_msgs/px4_msgs/msg/detail/sensor_accel__type_support.cpp\n'}
[7.225286] (px4_msgs) StdoutLine: {'line': b'-- Up-to-date: /home/stepan/ws_ros2/install/px4_msgs/include/px4_msgs/px4_msgs/msg/detail/camera_trigger__rosidl_typesupport_introspection_cpp.hpp\n'}
[7.225512] (px4_msgs) StdoutLine: {'line': b'-- Up-to-date: /home/stepan/ws_ros2/install/px4_msgs/include/px4_msgs/px4_msgs/msg/detail/estimator_bias__type_support.cpp\n'}
[7.225703] (px4_msgs) StdoutLine: {'line': b'-- Up-to-date: /home/stepan/ws_ros2/install/px4_msgs/include/px4_msgs/px4_msgs/msg/detail/vehicle_status__rosidl_typesupport_introspection_cpp.hpp\n'}
[7.226567] (px4_msgs) StdoutLine: {'line': b'-- Up-to-date: /home/stepan/ws_ros2/install/px4_msgs/include/px4_msgs/px4_msgs/msg/detail/debug_vect__type_support.cpp\n'}
[7.226921] (px4_msgs) StdoutLine: {'line': b'-- Up-to-date: /home/stepan/ws_ros2/install/px4_msgs/include/px4_msgs/px4_msgs/msg/detail/sensor_accel__rosidl_typesupport_introspection_cpp.hpp\n'}
[7.227556] (px4_msgs) StdoutLine: {'line': b'-- Up-to-date: /home/stepan/ws_ros2/install/px4_msgs/include/px4_msgs/px4_msgs/msg/detail/gimbal_device_set_attitude__rosidl_typesupport_introspection_cpp.hpp\n'}
[7.227804] (px4_msgs) StdoutLine: {'line': b'-- Up-to-date: /home/stepan/ws_ros2/install/px4_msgs/include/px4_msgs/px4_msgs/msg/detail/uavcan_parameter_value__type_support.cpp\n'}
[7.227976] (px4_msgs) StdoutLine: {'line': b'-- Up-to-date: /home/stepan/ws_ros2/install/px4_msgs/include/px4_msgs/px4_msgs/msg/detail/camera_status__rosidl_typesupport_introspection_cpp.hpp\n'}
[7.228110] (px4_msgs) StdoutLine: {'line': b'-- Up-to-date: /home/stepan/ws_ros2/install/px4_msgs/include/px4_msgs/px4_msgs/msg/detail/timesync_status__rosidl_typesupport_introspection_cpp.hpp\n'}
[7.228202] (px4_msgs) StdoutLine: {'line': b'-- Up-to-date: /home/stepan/ws_ros2/install/px4_msgs/include/px4_msgs/px4_msgs/msg/detail/internal_combustion_engine_status__type_support.cpp\n'}
[7.228295] (px4_msgs) StdoutLine: {'line': b'-- Up-to-date: /home/stepan/ws_ros2/install/px4_msgs/include/px4_msgs/px4_msgs/msg/detail/logger_status__rosidl_typesupport_introspection_cpp.hpp\n'}
[7.228387] (px4_msgs) StdoutLine: {'line': b'-- Up-to-date: /home/stepan/ws_ros2/install/px4_msgs/include/px4_msgs/px4_msgs/msg/detail/rover_steering_setpoint__type_support.cpp\n'}
[7.228496] (px4_msgs) StdoutLine: {'line': b'-- Up-to-date: /home/stepan/ws_ros2/install/px4_msgs/include/px4_msgs/px4_msgs/msg/detail/sensor_gyro_fifo__type_support.cpp\n'}
[7.228597] (px4_msgs) StdoutLine: {'line': b'-- Up-to-date: /home/stepan/ws_ros2/install/px4_msgs/include/px4_msgs/px4_msgs/msg/detail/iridiumsbd_status__type_support.cpp\n'}
[7.228914] (px4_msgs) StdoutLine: {'line': b'-- Up-to-date: /home/stepan/ws_ros2/install/px4_msgs/include/px4_msgs/px4_msgs/msg/detail/telemetry_status__type_support.cpp\n'}
[7.229812] (px4_msgs) StdoutLine: {'line': b'-- Up-to-date: /home/stepan/ws_ros2/install/px4_msgs/include/px4_msgs/px4_msgs/msg/detail/sensors_status__rosidl_typesupport_introspection_cpp.hpp\n'}
[7.230429] (px4_msgs) StdoutLine: {'line': b'-- Up-to-date: /home/stepan/ws_ros2/install/px4_msgs/include/px4_msgs/px4_msgs/msg/detail/landing_gear_wheel__type_support.cpp\n'}
[7.230643] (px4_msgs) StdoutLine: {'line': b'-- Up-to-date: /home/stepan/ws_ros2/install/px4_msgs/include/px4_msgs/px4_msgs/msg/detail/sensor_gnss_relative__rosidl_typesupport_introspection_cpp.hpp\n'}
[7.230845] (px4_msgs) StdoutLine: {'line': b'-- Up-to-date: /home/stepan/ws_ros2/install/px4_msgs/include/px4_msgs/px4_msgs/msg/detail/airspeed_wind__rosidl_typesupport_introspection_cpp.hpp\n'}
[7.231001] (px4_msgs) StdoutLine: {'line': b'-- Up-to-date: /home/stepan/ws_ros2/install/px4_msgs/include/px4_msgs/px4_msgs/msg/detail/open_drone_id_system__type_support.cpp\n'}
[7.231149] (px4_msgs) StdoutLine: {'line': b'-- Up-to-date: /home/stepan/ws_ros2/install/px4_msgs/include/px4_msgs/px4_msgs/msg/detail/debug_array__type_support.cpp\n'}
[7.231327] (px4_msgs) StdoutLine: {'line': b'-- Up-to-date: /home/stepan/ws_ros2/install/px4_msgs/include/px4_msgs/px4_msgs/msg/detail/geofence_result__rosidl_typesupport_introspection_cpp.hpp\n'}
[7.231484] (px4_msgs) StdoutLine: {'line': b'-- Up-to-date: /home/stepan/ws_ros2/install/px4_msgs/include/px4_msgs/px4_msgs/msg/detail/vehicle_constraints__type_support.cpp\n'}
[7.231618] (px4_msgs) StdoutLine: {'line': b'-- Up-to-date: /home/stepan/ws_ros2/install/px4_msgs/include/px4_msgs/px4_msgs/msg/detail/manual_control_switches__rosidl_typesupport_introspection_cpp.hpp\n'}
[7.231789] (px4_msgs) StdoutLine: {'line': b'-- Up-to-date: /home/stepan/ws_ros2/install/px4_msgs/include/px4_msgs/px4_msgs/msg/detail/vehicle_attitude_setpoint__rosidl_typesupport_introspection_cpp.hpp\n'}
[7.232016] (px4_msgs) StdoutLine: {'line': b'-- Up-to-date: /home/stepan/ws_ros2/install/px4_msgs/include/px4_msgs/px4_msgs/msg/detail/input_rc__type_support.cpp\n'}
[7.232304] (px4_msgs) StdoutLine: {'line': b'-- Up-to-date: /home/stepan/ws_ros2/install/px4_msgs/include/px4_msgs/px4_msgs/msg/detail/ekf2_timestamps__type_support.cpp\n'}
[7.232682] (px4_msgs) StdoutLine: {'line': b'-- Up-to-date: /home/stepan/ws_ros2/install/px4_msgs/include/px4_msgs/px4_msgs/msg/detail/mavlink_log__type_support.cpp\n'}
[7.233624] (px4_msgs) StdoutLine: {'line': b'-- Up-to-date: /home/stepan/ws_ros2/install/px4_msgs/include/px4_msgs/px4_msgs/msg/detail/gpio_config__type_support.cpp\n'}
[7.233986] (px4_msgs) StdoutLine: {'line': b'-- Up-to-date: /home/stepan/ws_ros2/install/px4_msgs/include/px4_msgs/px4_msgs/msg/detail/vehicle_control_mode__rosidl_typesupport_introspection_cpp.hpp\n'}
[7.234564] (px4_msgs) StdoutLine: {'line': b'-- Up-to-date: /home/stepan/ws_ros2/install/px4_msgs/include/px4_msgs/px4_msgs/msg/detail/vehicle_magnetometer__type_support.cpp\n'}
[7.235230] (px4_msgs) StdoutLine: {'line': b'-- Up-to-date: /home/stepan/ws_ros2/install/px4_msgs/include/px4_msgs/px4_msgs/msg/detail/debug_value__rosidl_typesupport_introspection_cpp.hpp\n'}
[7.235562] (px4_msgs) StdoutLine: {'line': b'-- Up-to-date: /home/stepan/ws_ros2/install/px4_msgs/include/px4_msgs/px4_msgs/msg/detail/action_request__type_support.cpp\n'}
[7.235687] (px4_msgs) StdoutLine: {'line': b'-- Up-to-date: /home/stepan/ws_ros2/install/px4_msgs/include/px4_msgs/px4_msgs/msg/detail/task_stack_info__type_support.cpp\n'}
[7.236196] (px4_msgs) StdoutLine: {'line': b'-- Up-to-date: /home/stepan/ws_ros2/install/px4_msgs/include/px4_msgs/px4_msgs/msg/detail/debug_vect__rosidl_typesupport_introspection_cpp.hpp\n'}
[7.236361] (px4_msgs) StdoutLine: {'line': b'-- Up-to-date: /home/stepan/ws_ros2/install/px4_msgs/include/px4_msgs/px4_msgs/msg/detail/wind__type_support.cpp\n'}
[7.236456] (px4_msgs) StdoutLine: {'line': b'-- Up-to-date: /home/stepan/ws_ros2/install/px4_msgs/include/px4_msgs/px4_msgs/msg/detail/arming_check_reply__type_support.cpp\n'}
[7.236559] (px4_msgs) StdoutLine: {'line': b'-- Up-to-date: /home/stepan/ws_ros2/install/px4_msgs/include/px4_msgs/px4_msgs/msg/detail/gpio_request__type_support.cpp\n'}
[7.236674] (px4_msgs) StdoutLine: {'line': b'-- Up-to-date: /home/stepan/ws_ros2/install/px4_msgs/include/px4_msgs/px4_msgs/msg/detail/arming_check_request__type_support.cpp\n'}
[7.237029] (px4_msgs) StdoutLine: {'line': b'-- Up-to-date: /home/stepan/ws_ros2/install/px4_msgs/include/px4_msgs/px4_msgs/msg/detail/telemetry_status__rosidl_typesupport_introspection_cpp.hpp\n'}
[7.237313] (px4_msgs) StdoutLine: {'line': b'-- Up-to-date: /home/stepan/ws_ros2/install/px4_msgs/include/px4_msgs/px4_msgs/msg/detail/gimbal_controls__rosidl_typesupport_introspection_cpp.hpp\n'}
[7.237466] (px4_msgs) StdoutLine: {'line': b'-- Up-to-date: /home/stepan/ws_ros2/install/px4_msgs/include/px4_msgs/px4_msgs/msg/detail/estimator_selector_status__type_support.cpp\n'}
[7.237611] (px4_msgs) StdoutLine: {'line': b'-- Up-to-date: /home/stepan/ws_ros2/install/px4_msgs/include/px4_msgs/px4_msgs/msg/detail/rover_rate_status__rosidl_typesupport_introspection_cpp.hpp\n'}
[7.237850] (px4_msgs) StdoutLine: {'line': b'-- Up-to-date: /home/stepan/ws_ros2/install/px4_msgs/include/px4_msgs/px4_msgs/msg/detail/esc_report__rosidl_typesupport_introspection_cpp.hpp\n'}
[7.238041] (px4_msgs) StdoutLine: {'line': b'-- Up-to-date: /home/stepan/ws_ros2/install/px4_msgs/include/px4_msgs/px4_msgs/msg/detail/orb_test_large__rosidl_typesupport_introspection_cpp.hpp\n'}
[7.238228] (px4_msgs) StdoutLine: {'line': b'-- Up-to-date: /home/stepan/ws_ros2/install/px4_msgs/include/px4_msgs/px4_msgs/msg/detail/actuator_servos__type_support.cpp\n'}
[7.238419] (px4_msgs) StdoutLine: {'line': b'-- Up-to-date: /home/stepan/ws_ros2/install/px4_msgs/include/px4_msgs/px4_msgs/msg/detail/rover_rate_status__type_support.cpp\n'}
[7.238662] (px4_msgs) StdoutLine: {'line': b'-- Up-to-date: /home/stepan/ws_ros2/install/px4_msgs/include/px4_msgs/px4_msgs/msg/detail/dataman_request__type_support.cpp\n'}
[7.238829] (px4_msgs) StdoutLine: {'line': b'-- Up-to-date: /home/stepan/ws_ros2/install/px4_msgs/include/px4_msgs/px4_msgs/msg/detail/iridiumsbd_status__rosidl_typesupport_introspection_cpp.hpp\n'}
[7.238947] (px4_msgs) StdoutLine: {'line': b'-- Up-to-date: /home/stepan/ws_ros2/install/px4_msgs/include/px4_msgs/px4_msgs/msg/detail/estimator_bias__rosidl_typesupport_introspection_cpp.hpp\n'}
[7.239041] (px4_msgs) StdoutLine: {'line': b'-- Up-to-date: /home/stepan/ws_ros2/install/px4_msgs/include/px4_msgs/px4_msgs/msg/detail/parameter_set_value_response__rosidl_typesupport_introspection_cpp.hpp\n'}
[7.239135] (px4_msgs) StdoutLine: {'line': b'-- Up-to-date: /home/stepan/ws_ros2/install/px4_msgs/include/px4_msgs/px4_msgs/msg/detail/mission__rosidl_typesupport_introspection_cpp.hpp\n'}
[7.239227] (px4_msgs) StdoutLine: {'line': b'-- Up-to-date: /home/stepan/ws_ros2/install/px4_msgs/include/px4_msgs/px4_msgs/msg/detail/sensor_optical_flow__rosidl_typesupport_introspection_cpp.hpp\n'}
[7.239320] (px4_msgs) StdoutLine: {'line': b'-- Up-to-date: /home/stepan/ws_ros2/install/px4_msgs/include/px4_msgs/px4_msgs/msg/detail/mavlink_tunnel__type_support.cpp\n'}
[7.239445] (px4_msgs) StdoutLine: {'line': b'-- Up-to-date: /home/stepan/ws_ros2/install/px4_msgs/include/px4_msgs/px4_msgs/msg/detail/parameter_reset_request__type_support.cpp\n'}
[7.239685] (px4_msgs) StdoutLine: {'line': b'-- Up-to-date: /home/stepan/ws_ros2/install/px4_msgs/include/px4_msgs/px4_msgs/msg/detail/figure_eight_status__rosidl_typesupport_introspection_cpp.hpp\n'}
[7.240122] (px4_msgs) StdoutLine: {'line': b'-- Up-to-date: /home/stepan/ws_ros2/install/px4_msgs/include/px4_msgs/px4_msgs/msg/detail/airspeed__rosidl_typesupport_introspection_cpp.hpp\n'}
[7.240248] (px4_msgs) StdoutLine: {'line': b'-- Up-to-date: /home/stepan/ws_ros2/install/px4_msgs/include/px4_msgs/px4_msgs/msg/detail/follow_target__type_support.cpp\n'}
[7.240364] (px4_msgs) StdoutLine: {'line': b'-- Up-to-date: /home/stepan/ws_ros2/install/px4_msgs/include/px4_msgs/px4_msgs/msg/detail/tecs_status__rosidl_typesupport_introspection_cpp.hpp\n'}
[7.240510] (px4_msgs) StdoutLine: {'line': b'-- Up-to-date: /home/stepan/ws_ros2/install/px4_msgs/include/px4_msgs/px4_msgs/msg/detail/satellite_info__type_support.cpp\n'}
[7.240607] (px4_msgs) StdoutLine: {'line': b'-- Up-to-date: /home/stepan/ws_ros2/install/px4_msgs/include/px4_msgs/px4_msgs/msg/detail/estimator_status__type_support.cpp\n'}
[7.240702] (px4_msgs) StdoutLine: {'line': b'-- Up-to-date: /home/stepan/ws_ros2/install/px4_msgs/include/px4_msgs/px4_msgs/msg/detail/estimator_status_flags__type_support.cpp\n'}
[7.240922] (px4_msgs) StdoutLine: {'line': b'-- Up-to-date: /home/stepan/ws_ros2/install/px4_msgs/include/px4_msgs/px4_msgs/msg/detail/vehicle_air_data__type_support.cpp\n'}
[7.241117] (px4_msgs) StdoutLine: {'line': b'-- Up-to-date: /home/stepan/ws_ros2/install/px4_msgs/include/px4_msgs/px4_msgs/msg/detail/generator_status__rosidl_typesupport_introspection_cpp.hpp\n'}
[7.241902] (px4_msgs) StdoutLine: {'line': b'-- Up-to-date: /home/stepan/ws_ros2/install/px4_msgs/include/px4_msgs/px4_msgs/msg/detail/sensor_gyro_fifo__rosidl_typesupport_introspection_cpp.hpp\n'}
[7.242177] (px4_msgs) StdoutLine: {'line': b'-- Up-to-date: /home/stepan/ws_ros2/install/px4_msgs/include/px4_msgs/px4_msgs/msg/detail/gpio_in__rosidl_typesupport_introspection_cpp.hpp\n'}
[7.242319] (px4_msgs) StdoutLine: {'line': b'-- Up-to-date: /home/stepan/ws_ros2/install/px4_msgs/include/px4_msgs/px4_msgs/msg/detail/goto_setpoint__type_support.cpp\n'}
[7.242500] (px4_msgs) StdoutLine: {'line': b'-- Up-to-date: /home/stepan/ws_ros2/install/px4_msgs/include/px4_msgs/px4_msgs/msg/detail/gps_inject_data__type_support.cpp\n'}
[7.242654] (px4_msgs) StdoutLine: {'line': b'-- Up-to-date: /home/stepan/ws_ros2/install/px4_msgs/include/px4_msgs/px4_msgs/msg/detail/rpm__rosidl_typesupport_introspection_cpp.hpp\n'}
[7.242920] (px4_msgs) StdoutLine: {'line': b'-- Up-to-date: /home/stepan/ws_ros2/install/px4_msgs/include/px4_msgs/px4_msgs/msg/detail/cellular_status__type_support.cpp\n'}
[7.243628] (px4_msgs) StdoutLine: {'line': b'-- Up-to-date: /home/stepan/ws_ros2/install/px4_msgs/include/px4_msgs/px4_msgs/msg/detail/satellite_info__rosidl_typesupport_introspection_cpp.hpp\n'}
[7.243924] (px4_msgs) StdoutLine: {'line': b'-- Up-to-date: /home/stepan/ws_ros2/install/px4_msgs/include/px4_msgs/px4_msgs/msg/detail/qshell_req__type_support.cpp\n'}
[7.244196] (px4_msgs) StdoutLine: {'line': b'-- Up-to-date: /home/stepan/ws_ros2/install/px4_msgs/include/px4_msgs/px4_msgs/msg/detail/heater_status__type_support.cpp\n'}
[7.244311] (px4_msgs) StdoutLine: {'line': b'-- Up-to-date: /home/stepan/ws_ros2/install/px4_msgs/include/px4_msgs/px4_msgs/msg/detail/action_request__rosidl_typesupport_introspection_cpp.hpp\n'}
[7.244471] (px4_msgs) StdoutLine: {'line': b'-- Up-to-date: /home/stepan/ws_ros2/install/px4_msgs/include/px4_msgs/px4_msgs/msg/detail/rover_velocity_status__type_support.cpp\n'}
[7.244625] (px4_msgs) StdoutLine: {'line': b'-- Up-to-date: /home/stepan/ws_ros2/install/px4_msgs/include/px4_msgs/px4_msgs/msg/detail/vehicle_roi__type_support.cpp\n'}
[7.244840] (px4_msgs) StdoutLine: {'line': b'-- Up-to-date: /home/stepan/ws_ros2/install/px4_msgs/include/px4_msgs/px4_msgs/msg/detail/ulog_stream_ack__rosidl_typesupport_introspection_cpp.hpp\n'}
[7.244993] (px4_msgs) StdoutLine: {'line': b'-- Up-to-date: /home/stepan/ws_ros2/install/px4_msgs/include/px4_msgs/px4_msgs/msg/detail/estimator_sensor_bias__rosidl_typesupport_introspection_cpp.hpp\n'}
[7.245160] (px4_msgs) StdoutLine: {'line': b'-- Up-to-date: /home/stepan/ws_ros2/install/px4_msgs/include/px4_msgs/px4_msgs/msg/detail/trajectory_setpoint6dof__type_support.cpp\n'}
[7.245278] (px4_msgs) StdoutLine: {'line': b'-- Up-to-date: /home/stepan/ws_ros2/install/px4_msgs/include/px4_msgs/px4_msgs/msg/detail/gimbal_manager_set_manual_control__rosidl_typesupport_introspection_cpp.hpp\n'}
[7.245428] (px4_msgs) StdoutLine: {'line': b'-- Up-to-date: /home/stepan/ws_ros2/install/px4_msgs/include/px4_msgs/px4_msgs/msg/detail/led_control__type_support.cpp\n'}
[7.245575] (px4_msgs) StdoutLine: {'line': b'-- Up-to-date: /home/stepan/ws_ros2/install/px4_msgs/include/px4_msgs/px4_msgs/msg/detail/yaw_estimator_status__type_support.cpp\n'}
[7.245744] (px4_msgs) StdoutLine: {'line': b'-- Up-to-date: /home/stepan/ws_ros2/install/px4_msgs/include/px4_msgs/px4_msgs/msg/detail/sensor_mag__rosidl_typesupport_introspection_cpp.hpp\n'}
[7.245939] (px4_msgs) StdoutLine: {'line': b'-- Up-to-date: /home/stepan/ws_ros2/install/px4_msgs/include/px4_msgs/px4_msgs/msg/detail/timesync_status__type_support.cpp\n'}
[7.246135] (px4_msgs) StdoutLine: {'line': b'-- Up-to-date: /home/stepan/ws_ros2/install/px4_msgs/include/px4_msgs/px4_msgs/msg/detail/geofence_status__rosidl_typesupport_introspection_cpp.hpp\n'}
[7.246249] (px4_msgs) StdoutLine: {'line': b'-- Up-to-date: /home/stepan/ws_ros2/install/px4_msgs/include/px4_msgs/px4_msgs/msg/detail/gps_dump__type_support.cpp\n'}
[7.246382] (px4_msgs) StdoutLine: {'line': b'-- Up-to-date: /home/stepan/ws_ros2/install/px4_msgs/include/px4_msgs/px4_msgs/msg/detail/sensor_gyro__type_support.cpp\n'}
[7.246511] (px4_msgs) StdoutLine: {'line': b'-- Up-to-date: /home/stepan/ws_ros2/install/px4_msgs/include/px4_msgs/px4_msgs/msg/detail/esc_report__type_support.cpp\n'}
[7.246662] (px4_msgs) StdoutLine: {'line': b'-- Up-to-date: /home/stepan/ws_ros2/install/px4_msgs/include/px4_msgs/px4_msgs/msg/detail/differential_pressure__rosidl_typesupport_introspection_cpp.hpp\n'}
[7.246865] (px4_msgs) StdoutLine: {'line': b'-- Up-to-date: /home/stepan/ws_ros2/install/px4_msgs/include/px4_msgs/px4_msgs/msg/detail/sensor_correction__rosidl_typesupport_introspection_cpp.hpp\n'}
[7.246996] (px4_msgs) StdoutLine: {'line': b'-- Up-to-date: /home/stepan/ws_ros2/install/px4_msgs/include/px4_msgs/px4_msgs/msg/detail/vehicle_odometry__rosidl_typesupport_introspection_cpp.hpp\n'}
[7.247136] (px4_msgs) StdoutLine: {'line': b'-- Up-to-date: /home/stepan/ws_ros2/install/px4_msgs/include/px4_msgs/px4_msgs/msg/detail/vehicle_imu__rosidl_typesupport_introspection_cpp.hpp\n'}
[7.247282] (px4_msgs) StdoutLine: {'line': b'-- Up-to-date: /home/stepan/ws_ros2/install/px4_msgs/include/px4_msgs/px4_msgs/msg/detail/autotune_attitude_control_status__type_support.cpp\n'}
[7.247431] (px4_msgs) StdoutLine: {'line': b'-- Up-to-date: /home/stepan/ws_ros2/install/px4_msgs/include/px4_msgs/px4_msgs/msg/detail/debug_key_value__type_support.cpp\n'}
[7.247572] (px4_msgs) StdoutLine: {'line': b'-- Up-to-date: /home/stepan/ws_ros2/install/px4_msgs/include/px4_msgs/px4_msgs/msg/detail/pps_capture__rosidl_typesupport_introspection_cpp.hpp\n'}
[7.247725] (px4_msgs) StdoutLine: {'line': b'-- Up-to-date: /home/stepan/ws_ros2/install/px4_msgs/include/px4_msgs/px4_msgs/msg/detail/distance_sensor__type_support.cpp\n'}
[7.247942] (px4_msgs) StdoutLine: {'line': b'-- Up-to-date: /home/stepan/ws_ros2/install/px4_msgs/include/px4_msgs/px4_msgs/msg/detail/sensor_baro__type_support.cpp\n'}
[7.248070] (px4_msgs) StdoutLine: {'line': b'-- Up-to-date: /home/stepan/ws_ros2/install/px4_msgs/include/px4_msgs/px4_msgs/msg/detail/position_controller_status__rosidl_typesupport_introspection_cpp.hpp\n'}
[7.248162] (px4_msgs) StdoutLine: {'line': b'-- Up-to-date: /home/stepan/ws_ros2/install/px4_msgs/include/px4_msgs/px4_msgs/msg/detail/register_ext_component_reply__rosidl_typesupport_introspection_cpp.hpp\n'}
[7.248253] (px4_msgs) StdoutLine: {'line': b'-- Up-to-date: /home/stepan/ws_ros2/install/px4_msgs/include/px4_msgs/px4_msgs/msg/detail/estimator_gps_status__type_support.cpp\n'}
[7.248344] (px4_msgs) StdoutLine: {'line': b'-- Up-to-date: /home/stepan/ws_ros2/install/px4_msgs/include/px4_msgs/px4_msgs/msg/detail/vehicle_land_detected__rosidl_typesupport_introspection_cpp.hpp\n'}
[7.248455] (px4_msgs) StdoutLine: {'line': b'-- Up-to-date: /home/stepan/ws_ros2/install/px4_msgs/include/px4_msgs/px4_msgs/msg/detail/pure_pursuit_status__rosidl_typesupport_introspection_cpp.hpp\n'}
[7.248588] (px4_msgs) StdoutLine: {'line': b'-- Up-to-date: /home/stepan/ws_ros2/install/px4_msgs/include/px4_msgs/px4_msgs/msg/detail/home_position__rosidl_typesupport_introspection_cpp.hpp\n'}
[7.248793] (px4_msgs) StdoutLine: {'line': b'-- Up-to-date: /home/stepan/ws_ros2/install/px4_msgs/include/px4_msgs/px4_msgs/msg/detail/landing_target_innovations__rosidl_typesupport_introspection_cpp.hpp\n'}
[7.249312] (px4_msgs) StdoutLine: {'line': b'-- Up-to-date: /home/stepan/ws_ros2/install/px4_msgs/include/px4_msgs/px4_msgs/msg/detail/sensor_preflight_mag__rosidl_typesupport_introspection_cpp.hpp\n'}
[7.249787] (px4_msgs) StdoutLine: {'line': b'-- Up-to-date: /home/stepan/ws_ros2/install/px4_msgs/include/px4_msgs/px4_msgs/msg/detail/system_power__type_support.cpp\n'}
[7.250124] (px4_msgs) StdoutLine: {'line': b'-- Up-to-date: /home/stepan/ws_ros2/install/px4_msgs/include/px4_msgs/px4_msgs/msg/detail/hover_thrust_estimate__type_support.cpp\n'}
[7.250302] (px4_msgs) StdoutLine: {'line': b'-- Up-to-date: /home/stepan/ws_ros2/install/px4_msgs/include/px4_msgs/px4_msgs/msg/detail/rover_attitude_status__type_support.cpp\n'}
[7.250526] (px4_msgs) StdoutLine: {'line': b'-- Up-to-date: /home/stepan/ws_ros2/install/px4_msgs/include/px4_msgs/px4_msgs/srv\n'}
[7.250960] (px4_msgs) StdoutLine: {'line': b'-- Up-to-date: /home/stepan/ws_ros2/install/px4_msgs/include/px4_msgs/px4_msgs/srv/detail\n'}
[7.251460] (px4_msgs) StdoutLine: {'line': b'-- Up-to-date: /home/stepan/ws_ros2/install/px4_msgs/include/px4_msgs/px4_msgs/srv/detail/vehicle_command__type_support.cpp\n'}
[7.251694] (px4_msgs) StdoutLine: {'line': b'-- Up-to-date: /home/stepan/ws_ros2/install/px4_msgs/include/px4_msgs/px4_msgs/srv/detail/vehicle_command__rosidl_typesupport_introspection_cpp.hpp\n'}
[7.252120] (px4_msgs) StdoutLine: {'line': b'-- Up-to-date: /home/stepan/ws_ros2/install/px4_msgs/lib/libpx4_msgs__rosidl_typesupport_introspection_cpp.so\n'}
[7.252424] (px4_msgs) StdoutLine: {'line': b'-- Up-to-date: /home/stepan/ws_ros2/install/px4_msgs/lib/libpx4_msgs__rosidl_typesupport_cpp.so\n'}
[7.252645] (px4_msgs) StdoutLine: {'line': b'-- Up-to-date: /home/stepan/ws_ros2/install/px4_msgs/share/px4_msgs/environment/pythonpath.sh\n'}
[7.252791] (px4_msgs) StdoutLine: {'line': b'-- Up-to-date: /home/stepan/ws_ros2/install/px4_msgs/share/px4_msgs/environment/pythonpath.dsv\n'}
[7.252936] (px4_msgs) StdoutLine: {'line': b'-- Up-to-date: /home/stepan/ws_ros2/install/px4_msgs/local/lib/python3.10/dist-packages/px4_msgs-2.0.1-py3.10.egg-info\n'}
[7.253141] (px4_msgs) StdoutLine: {'line': b'-- Installing: /home/stepan/ws_ros2/install/px4_msgs/local/lib/python3.10/dist-packages/px4_msgs-2.0.1-py3.10.egg-info/top_level.txt\n'}
[7.253328] (px4_msgs) StdoutLine: {'line': b'-- Installing: /home/stepan/ws_ros2/install/px4_msgs/local/lib/python3.10/dist-packages/px4_msgs-2.0.1-py3.10.egg-info/PKG-INFO\n'}
[7.253511] (px4_msgs) StdoutLine: {'line': b'-- Installing: /home/stepan/ws_ros2/install/px4_msgs/local/lib/python3.10/dist-packages/px4_msgs-2.0.1-py3.10.egg-info/dependency_links.txt\n'}
[7.253825] (px4_msgs) StdoutLine: {'line': b'-- Installing: /home/stepan/ws_ros2/install/px4_msgs/local/lib/python3.10/dist-packages/px4_msgs-2.0.1-py3.10.egg-info/SOURCES.txt\n'}
[7.254131] (px4_msgs) StdoutLine: {'line': b'-- Up-to-date: /home/stepan/ws_ros2/install/px4_msgs/local/lib/python3.10/dist-packages/px4_msgs\n'}
[7.254338] (px4_msgs) StdoutLine: {'line': b'-- Up-to-date: /home/stepan/ws_ros2/install/px4_msgs/local/lib/python3.10/dist-packages/px4_msgs/_px4_msgs_s.ep.rosidl_typesupport_c.c\n'}
[7.254506] (px4_msgs) StdoutLine: {'line': b'-- Up-to-date: /home/stepan/ws_ros2/install/px4_msgs/local/lib/python3.10/dist-packages/px4_msgs/_px4_msgs_s.ep.rosidl_typesupport_introspection_c.c\n'}
[7.254672] (px4_msgs) StdoutLine: {'line': b'-- Up-to-date: /home/stepan/ws_ros2/install/px4_msgs/local/lib/python3.10/dist-packages/px4_msgs/px4_msgs_s__rosidl_typesupport_fastrtps_c.cpython-310-x86_64-linux-gnu.so\n'}
[7.254882] (px4_msgs) StdoutLine: {'line': b'-- Up-to-date: /home/stepan/ws_ros2/install/px4_msgs/local/lib/python3.10/dist-packages/px4_msgs/__init__.py\n'}
[7.254992] (px4_msgs) StdoutLine: {'line': b'-- Up-to-date: /home/stepan/ws_ros2/install/px4_msgs/local/lib/python3.10/dist-packages/px4_msgs/msg\n'}
[7.255090] (px4_msgs) StdoutLine: {'line': b'-- Up-to-date: /home/stepan/ws_ros2/install/px4_msgs/local/lib/python3.10/dist-packages/px4_msgs/msg/_logger_status.py\n'}
[7.255208] (px4_msgs) StdoutLine: {'line': b'-- Up-to-date: /home/stepan/ws_ros2/install/px4_msgs/local/lib/python3.10/dist-packages/px4_msgs/msg/_internal_combustion_engine_control.py\n'}
[7.255306] (px4_msgs) StdoutLine: {'line': b'-- Up-to-date: /home/stepan/ws_ros2/install/px4_msgs/local/lib/python3.10/dist-packages/px4_msgs/msg/_differential_pressure.py\n'}
[7.255401] (px4_msgs) StdoutLine: {'line': b'-- Up-to-date: /home/stepan/ws_ros2/install/px4_msgs/local/lib/python3.10/dist-packages/px4_msgs/msg/_vehicle_command.py\n'}
[7.255498] (px4_msgs) StdoutLine: {'line': b'-- Up-to-date: /home/stepan/ws_ros2/install/px4_msgs/local/lib/python3.10/dist-packages/px4_msgs/msg/_system_power.py\n'}
[7.255594] (px4_msgs) StdoutLine: {'line': b'-- Up-to-date: /home/stepan/ws_ros2/install/px4_msgs/local/lib/python3.10/dist-packages/px4_msgs/msg/_vehicle_magnetometer_s.c\n'}
[7.255687] (px4_msgs) StdoutLine: {'line': b'-- Up-to-date: /home/stepan/ws_ros2/install/px4_msgs/local/lib/python3.10/dist-packages/px4_msgs/msg/_landing_gear.py\n'}
[7.255869] (px4_msgs) StdoutLine: {'line': b'-- Up-to-date: /home/stepan/ws_ros2/install/px4_msgs/local/lib/python3.10/dist-packages/px4_msgs/msg/_sensor_optical_flow_s.c\n'}
[7.256245] (px4_msgs) StdoutLine: {'line': b'-- Up-to-date: /home/stepan/ws_ros2/install/px4_msgs/local/lib/python3.10/dist-packages/px4_msgs/msg/_sensor_hygrometer_s.c\n'}
[7.256554] (px4_msgs) StdoutLine: {'line': b'-- Up-to-date: /home/stepan/ws_ros2/install/px4_msgs/local/lib/python3.10/dist-packages/px4_msgs/msg/_rc_channels.py\n'}
[7.256785] (px4_msgs) StdoutLine: {'line': b'-- Up-to-date: /home/stepan/ws_ros2/install/px4_msgs/local/lib/python3.10/dist-packages/px4_msgs/msg/_rc_channels_s.c\n'}
[7.258390] (px4_msgs) StdoutLine: {'line': b'-- Up-to-date: /home/stepan/ws_ros2/install/px4_msgs/local/lib/python3.10/dist-packages/px4_msgs/msg/_estimator_gps_status.py\n'}
[7.259739] (-) TimerEvent: {}
[7.260212] (px4_msgs) StdoutLine: {'line': b'-- Up-to-date: /home/stepan/ws_ros2/install/px4_msgs/local/lib/python3.10/dist-packages/px4_msgs/msg/_telemetry_status.py\n'}
[7.260457] (px4_msgs) StdoutLine: {'line': b'-- Up-to-date: /home/stepan/ws_ros2/install/px4_msgs/local/lib/python3.10/dist-packages/px4_msgs/msg/_gimbal_device_attitude_status_s.c\n'}
[7.260637] (px4_msgs) StdoutLine: {'line': b'-- Up-to-date: /home/stepan/ws_ros2/install/px4_msgs/local/lib/python3.10/dist-packages/px4_msgs/msg/_rover_steering_setpoint_s.c\n'}
[7.260818] (px4_msgs) StdoutLine: {'line': b'-- Up-to-date: /home/stepan/ws_ros2/install/px4_msgs/local/lib/python3.10/dist-packages/px4_msgs/msg/_collision_constraints.py\n'}
[7.261209] (px4_msgs) StdoutLine: {'line': b'-- Up-to-date: /home/stepan/ws_ros2/install/px4_msgs/local/lib/python3.10/dist-packages/px4_msgs/msg/_open_drone_id_system.py\n'}
[7.261405] (px4_msgs) StdoutLine: {'line': b'-- Up-to-date: /home/stepan/ws_ros2/install/px4_msgs/local/lib/python3.10/dist-packages/px4_msgs/msg/_ackermann_velocity_setpoint.py\n'}
[7.261570] (px4_msgs) StdoutLine: {'line': b'-- Up-to-date: /home/stepan/ws_ros2/install/px4_msgs/local/lib/python3.10/dist-packages/px4_msgs/msg/_vehicle_attitude_setpoint.py\n'}
[7.261690] (px4_msgs) StdoutLine: {'line': b'-- Up-to-date: /home/stepan/ws_ros2/install/px4_msgs/local/lib/python3.10/dist-packages/px4_msgs/msg/_flight_phase_estimation.py\n'}
[7.261838] (px4_msgs) StdoutLine: {'line': b'-- Up-to-date: /home/stepan/ws_ros2/install/px4_msgs/local/lib/python3.10/dist-packages/px4_msgs/msg/_rover_attitude_setpoint_s.c\n'}
[7.262003] (px4_msgs) StdoutLine: {'line': b'-- Up-to-date: /home/stepan/ws_ros2/install/px4_msgs/local/lib/python3.10/dist-packages/px4_msgs/msg/_vehicle_roi.py\n'}
[7.262170] (px4_msgs) StdoutLine: {'line': b'-- Up-to-date: /home/stepan/ws_ros2/install/px4_msgs/local/lib/python3.10/dist-packages/px4_msgs/msg/_sensor_gyro_fft.py\n'}
[7.262345] (px4_msgs) StdoutLine: {'line': b'-- Up-to-date: /home/stepan/ws_ros2/install/px4_msgs/local/lib/python3.10/dist-packages/px4_msgs/msg/_rpm.py\n'}
[7.262448] (px4_msgs) StdoutLine: {'line': b'-- Up-to-date: /home/stepan/ws_ros2/install/px4_msgs/local/lib/python3.10/dist-packages/px4_msgs/msg/_vehicle_attitude_setpoint_s.c\n'}
[7.262538] (px4_msgs) StdoutLine: {'line': b'-- Up-to-date: /home/stepan/ws_ros2/install/px4_msgs/local/lib/python3.10/dist-packages/px4_msgs/msg/_vehicle_constraints_s.c\n'}
[7.262707] (px4_msgs) StdoutLine: {'line': b'-- Up-to-date: /home/stepan/ws_ros2/install/px4_msgs/local/lib/python3.10/dist-packages/px4_msgs/msg/_event_s.c\n'}
[7.262855] (px4_msgs) StdoutLine: {'line': b'-- Up-to-date: /home/stepan/ws_ros2/install/px4_msgs/local/lib/python3.10/dist-packages/px4_msgs/msg/_landing_target_innovations_s.c\n'}
[7.262948] (px4_msgs) StdoutLine: {'line': b'-- Up-to-date: /home/stepan/ws_ros2/install/px4_msgs/local/lib/python3.10/dist-packages/px4_msgs/msg/_pure_pursuit_status_s.c\n'}
[7.263038] (px4_msgs) StdoutLine: {'line': b'-- Up-to-date: /home/stepan/ws_ros2/install/px4_msgs/local/lib/python3.10/dist-packages/px4_msgs/msg/_debug_array.py\n'}
[7.263171] (px4_msgs) StdoutLine: {'line': b'-- Up-to-date: /home/stepan/ws_ros2/install/px4_msgs/local/lib/python3.10/dist-packages/px4_msgs/msg/_actuator_armed_s.c\n'}
[7.263328] (px4_msgs) StdoutLine: {'line': b'-- Up-to-date: /home/stepan/ws_ros2/install/px4_msgs/local/lib/python3.10/dist-packages/px4_msgs/msg/_ulog_stream_ack.py\n'}
[7.263506] (px4_msgs) StdoutLine: {'line': b'-- Up-to-date: /home/stepan/ws_ros2/install/px4_msgs/local/lib/python3.10/dist-packages/px4_msgs/msg/_gimbal_controls_s.c\n'}
[7.263918] (px4_msgs) StdoutLine: {'line': b'-- Up-to-date: /home/stepan/ws_ros2/install/px4_msgs/local/lib/python3.10/dist-packages/px4_msgs/msg/_vehicle_status.py\n'}
[7.264109] (px4_msgs) StdoutLine: {'line': b'-- Up-to-date: /home/stepan/ws_ros2/install/px4_msgs/local/lib/python3.10/dist-packages/px4_msgs/msg/_actuator_controls_status.py\n'}
[7.264276] (px4_msgs) StdoutLine: {'line': b'-- Up-to-date: /home/stepan/ws_ros2/install/px4_msgs/local/lib/python3.10/dist-packages/px4_msgs/msg/_estimator_status_flags_s.c\n'}
[7.264410] (px4_msgs) StdoutLine: {'line': b'-- Up-to-date: /home/stepan/ws_ros2/install/px4_msgs/local/lib/python3.10/dist-packages/px4_msgs/msg/_mission_result_s.c\n'}
[7.264543] (px4_msgs) StdoutLine: {'line': b'-- Up-to-date: /home/stepan/ws_ros2/install/px4_msgs/local/lib/python3.10/dist-packages/px4_msgs/msg/_vehicle_torque_setpoint_s.c\n'}
[7.264644] (px4_msgs) StdoutLine: {'line': b'-- Up-to-date: /home/stepan/ws_ros2/install/px4_msgs/local/lib/python3.10/dist-packages/px4_msgs/msg/_airspeed_wind_s.c\n'}
[7.264748] (px4_msgs) StdoutLine: {'line': b'-- Up-to-date: /home/stepan/ws_ros2/install/px4_msgs/local/lib/python3.10/dist-packages/px4_msgs/msg/_message_format_request_s.c\n'}
[7.264851] (px4_msgs) StdoutLine: {'line': b'-- Up-to-date: /home/stepan/ws_ros2/install/px4_msgs/local/lib/python3.10/dist-packages/px4_msgs/msg/_mount_orientation_s.c\n'}
[7.264942] (px4_msgs) StdoutLine: {'line': b'-- Up-to-date: /home/stepan/ws_ros2/install/px4_msgs/local/lib/python3.10/dist-packages/px4_msgs/msg/_gimbal_device_set_attitude.py\n'}
[7.265059] (px4_msgs) StdoutLine: {'line': b'-- Up-to-date: /home/stepan/ws_ros2/install/px4_msgs/local/lib/python3.10/dist-packages/px4_msgs/msg/_vehicle_thrust_setpoint_s.c\n'}
[7.265173] (px4_msgs) StdoutLine: {'line': b'-- Up-to-date: /home/stepan/ws_ros2/install/px4_msgs/local/lib/python3.10/dist-packages/px4_msgs/msg/_sensor_selection_s.c\n'}
[7.265267] (px4_msgs) StdoutLine: {'line': b'-- Up-to-date: /home/stepan/ws_ros2/install/px4_msgs/local/lib/python3.10/dist-packages/px4_msgs/msg/_magnetometer_bias_estimate_s.c\n'}
[7.265650] (px4_msgs) StdoutLine: {'line': b'-- Up-to-date: /home/stepan/ws_ros2/install/px4_msgs/local/lib/python3.10/dist-packages/px4_msgs/msg/_position_controller_status_s.c\n'}
[7.265866] (px4_msgs) StdoutLine: {'line': b'-- Up-to-date: /home/stepan/ws_ros2/install/px4_msgs/local/lib/python3.10/dist-packages/px4_msgs/msg/_estimator_bias.py\n'}
[7.266268] (px4_msgs) StdoutLine: {'line': b'-- Up-to-date: /home/stepan/ws_ros2/install/px4_msgs/local/lib/python3.10/dist-packages/px4_msgs/msg/_cpuload.py\n'}
[7.266855] (px4_msgs) StdoutLine: {'line': b'-- Up-to-date: /home/stepan/ws_ros2/install/px4_msgs/local/lib/python3.10/dist-packages/px4_msgs/msg/_gimbal_manager_status_s.c\n'}
[7.267256] (px4_msgs) StdoutLine: {'line': b'-- Up-to-date: /home/stepan/ws_ros2/install/px4_msgs/local/lib/python3.10/dist-packages/px4_msgs/msg/_sensor_uwb.py\n'}
[7.267385] (px4_msgs) StdoutLine: {'line': b'-- Up-to-date: /home/stepan/ws_ros2/install/px4_msgs/local/lib/python3.10/dist-packages/px4_msgs/msg/_sensor_gps_s.c\n'}
[7.267505] (px4_msgs) StdoutLine: {'line': b'-- Up-to-date: /home/stepan/ws_ros2/install/px4_msgs/local/lib/python3.10/dist-packages/px4_msgs/msg/_control_allocator_status.py\n'}
[7.267607] (px4_msgs) StdoutLine: {'line': b'-- Up-to-date: /home/stepan/ws_ros2/install/px4_msgs/local/lib/python3.10/dist-packages/px4_msgs/msg/_camera_status_s.c\n'}
[7.267702] (px4_msgs) StdoutLine: {'line': b'-- Up-to-date: /home/stepan/ws_ros2/install/px4_msgs/local/lib/python3.10/dist-packages/px4_msgs/msg/_gpio_request_s.c\n'}
[7.267828] (px4_msgs) StdoutLine: {'line': b'-- Up-to-date: /home/stepan/ws_ros2/install/px4_msgs/local/lib/python3.10/dist-packages/px4_msgs/msg/_qshell_req.py\n'}
[7.267926] (px4_msgs) StdoutLine: {'line': b'-- Up-to-date: /home/stepan/ws_ros2/install/px4_msgs/local/lib/python3.10/dist-packages/px4_msgs/msg/_mission.py\n'}
[7.268028] (px4_msgs) StdoutLine: {'line': b'-- Up-to-date: /home/stepan/ws_ros2/install/px4_msgs/local/lib/python3.10/dist-packages/px4_msgs/msg/_ulog_stream_s.c\n'}
[7.268136] (px4_msgs) StdoutLine: {'line': b'-- Up-to-date: /home/stepan/ws_ros2/install/px4_msgs/local/lib/python3.10/dist-packages/px4_msgs/msg/_landing_gear_wheel.py\n'}
[7.268418] (px4_msgs) StdoutLine: {'line': b'-- Up-to-date: /home/stepan/ws_ros2/install/px4_msgs/local/lib/python3.10/dist-packages/px4_msgs/msg/_sensor_correction.py\n'}
[7.268558] (px4_msgs) StdoutLine: {'line': b'-- Up-to-date: /home/stepan/ws_ros2/install/px4_msgs/local/lib/python3.10/dist-packages/px4_msgs/msg/_sensor_hygrometer.py\n'}
[7.268693] (px4_msgs) StdoutLine: {'line': b'-- Up-to-date: /home/stepan/ws_ros2/install/px4_msgs/local/lib/python3.10/dist-packages/px4_msgs/msg/_pps_capture_s.c\n'}
[7.269666] (px4_msgs) StdoutLine: {'line': b'-- Up-to-date: /home/stepan/ws_ros2/install/px4_msgs/local/lib/python3.10/dist-packages/px4_msgs/msg/_px4io_status_s.c\n'}
[7.269881] (px4_msgs) StdoutLine: {'line': b'-- Up-to-date: /home/stepan/ws_ros2/install/px4_msgs/local/lib/python3.10/dist-packages/px4_msgs/msg/_sensor_gnss_relative_s.c\n'}
[7.270155] (px4_msgs) StdoutLine: {'line': b'-- Up-to-date: /home/stepan/ws_ros2/install/px4_msgs/local/lib/python3.10/dist-packages/px4_msgs/msg/_npfg_status.py\n'}
[7.270511] (px4_msgs) StdoutLine: {'line': b'-- Up-to-date: /home/stepan/ws_ros2/install/px4_msgs/local/lib/python3.10/dist-packages/px4_msgs/msg/_geofence_result.py\n'}
[7.270851] (px4_msgs) StdoutLine: {'line': b'-- Up-to-date: /home/stepan/ws_ros2/install/px4_msgs/local/lib/python3.10/dist-packages/px4_msgs/msg/_trajectory_setpoint.py\n'}
[7.271128] (px4_msgs) StdoutLine: {'line': b'-- Up-to-date: /home/stepan/ws_ros2/install/px4_msgs/local/lib/python3.10/dist-packages/px4_msgs/msg/_landing_target_pose_s.c\n'}
[7.271304] (px4_msgs) StdoutLine: {'line': b'-- Up-to-date: /home/stepan/ws_ros2/install/px4_msgs/local/lib/python3.10/dist-packages/px4_msgs/msg/_sensor_preflight_mag.py\n'}
[7.271425] (px4_msgs) StdoutLine: {'line': b'-- Up-to-date: /home/stepan/ws_ros2/install/px4_msgs/local/lib/python3.10/dist-packages/px4_msgs/msg/_adc_report.py\n'}
[7.271525] (px4_msgs) StdoutLine: {'line': b'-- Up-to-date: /home/stepan/ws_ros2/install/px4_msgs/local/lib/python3.10/dist-packages/px4_msgs/msg/_mag_worker_data_s.c\n'}
[7.271633] (px4_msgs) StdoutLine: {'line': b'-- Up-to-date: /home/stepan/ws_ros2/install/px4_msgs/local/lib/python3.10/dist-packages/px4_msgs/msg/_timesync_status_s.c\n'}
[7.271751] (px4_msgs) StdoutLine: {'line': b'-- Up-to-date: /home/stepan/ws_ros2/install/px4_msgs/local/lib/python3.10/dist-packages/px4_msgs/msg/_manual_control_switches.py\n'}
[7.271874] (px4_msgs) StdoutLine: {'line': b'-- Up-to-date: /home/stepan/ws_ros2/install/px4_msgs/local/lib/python3.10/dist-packages/px4_msgs/msg/_debug_key_value_s.c\n'}
[7.271976] (px4_msgs) StdoutLine: {'line': b'-- Up-to-date: /home/stepan/ws_ros2/install/px4_msgs/local/lib/python3.10/dist-packages/px4_msgs/msg/_follow_target_estimator.py\n'}
[7.272072] (px4_msgs) StdoutLine: {'line': b'-- Up-to-date: /home/stepan/ws_ros2/install/px4_msgs/local/lib/python3.10/dist-packages/px4_msgs/msg/_vehicle_torque_setpoint.py\n'}
[7.272170] (px4_msgs) StdoutLine: {'line': b'-- Up-to-date: /home/stepan/ws_ros2/install/px4_msgs/local/lib/python3.10/dist-packages/px4_msgs/msg/_config_overrides.py\n'}
[7.272266] (px4_msgs) StdoutLine: {'line': b'-- Up-to-date: /home/stepan/ws_ros2/install/px4_msgs/local/lib/python3.10/dist-packages/px4_msgs/msg/_obstacle_distance.py\n'}
[7.272361] (px4_msgs) StdoutLine: {'line': b'-- Up-to-date: /home/stepan/ws_ros2/install/px4_msgs/local/lib/python3.10/dist-packages/px4_msgs/msg/_vehicle_status_s.c\n'}
[7.272514] (px4_msgs) StdoutLine: {'line': b'-- Up-to-date: /home/stepan/ws_ros2/install/px4_msgs/local/lib/python3.10/dist-packages/px4_msgs/msg/_hover_thrust_estimate_s.c\n'}
[7.272616] (px4_msgs) StdoutLine: {'line': b'-- Up-to-date: /home/stepan/ws_ros2/install/px4_msgs/local/lib/python3.10/dist-packages/px4_msgs/msg/_rate_ctrl_status.py\n'}
[7.272709] (px4_msgs) StdoutLine: {'line': b'-- Up-to-date: /home/stepan/ws_ros2/install/px4_msgs/local/lib/python3.10/dist-packages/px4_msgs/msg/_gpio_config_s.c\n'}
[7.272918] (px4_msgs) StdoutLine: {'line': b'-- Up-to-date: /home/stepan/ws_ros2/install/px4_msgs/local/lib/python3.10/dist-packages/px4_msgs/msg/_arming_check_request.py\n'}
[7.273049] (px4_msgs) StdoutLine: {'line': b'-- Up-to-date: /home/stepan/ws_ros2/install/px4_msgs/local/lib/python3.10/dist-packages/px4_msgs/msg/_camera_trigger_s.c\n'}
[7.273158] (px4_msgs) StdoutLine: {'line': b'-- Up-to-date: /home/stepan/ws_ros2/install/px4_msgs/local/lib/python3.10/dist-packages/px4_msgs/msg/_camera_status.py\n'}
[7.274015] (px4_msgs) StdoutLine: {'line': b'-- Up-to-date: /home/stepan/ws_ros2/install/px4_msgs/local/lib/python3.10/dist-packages/px4_msgs/msg/_satellite_info.py\n'}
[7.274743] (px4_msgs) StdoutLine: {'line': b'-- Up-to-date: /home/stepan/ws_ros2/install/px4_msgs/local/lib/python3.10/dist-packages/px4_msgs/msg/_pure_pursuit_status.py\n'}
[7.275823] (px4_msgs) StdoutLine: {'line': b'-- Up-to-date: /home/stepan/ws_ros2/install/px4_msgs/local/lib/python3.10/dist-packages/px4_msgs/msg/_airspeed_s.c\n'}
[7.276597] (px4_msgs) StdoutLine: {'line': b'-- Up-to-date: /home/stepan/ws_ros2/install/px4_msgs/local/lib/python3.10/dist-packages/px4_msgs/msg/_button_event.py\n'}
[7.277021] (px4_msgs) StdoutLine: {'line': b'-- Up-to-date: /home/stepan/ws_ros2/install/px4_msgs/local/lib/python3.10/dist-packages/px4_msgs/msg/_rover_rate_setpoint.py\n'}
[7.277213] (px4_msgs) StdoutLine: {'line': b'-- Up-to-date: /home/stepan/ws_ros2/install/px4_msgs/local/lib/python3.10/dist-packages/px4_msgs/msg/_power_monitor_s.c\n'}
[7.277360] (px4_msgs) StdoutLine: {'line': b'-- Up-to-date: /home/stepan/ws_ros2/install/px4_msgs/local/lib/python3.10/dist-packages/px4_msgs/msg/_actuator_outputs_s.c\n'}
[7.277513] (px4_msgs) StdoutLine: {'line': b'-- Up-to-date: /home/stepan/ws_ros2/install/px4_msgs/local/lib/python3.10/dist-packages/px4_msgs/msg/_sensor_preflight_mag_s.c\n'}
[7.277669] (px4_msgs) StdoutLine: {'line': b'-- Up-to-date: /home/stepan/ws_ros2/install/px4_msgs/local/lib/python3.10/dist-packages/px4_msgs/msg/_navigator_status_s.c\n'}
[7.278922] (px4_msgs) StdoutLine: {'line': b'-- Up-to-date: /home/stepan/ws_ros2/install/px4_msgs/local/lib/python3.10/dist-packages/px4_msgs/msg/_dataman_response_s.c\n'}
[7.279088] (px4_msgs) StdoutLine: {'line': b'-- Up-to-date: /home/stepan/ws_ros2/install/px4_msgs/local/lib/python3.10/dist-packages/px4_msgs/msg/_position_setpoint_triplet_s.c\n'}
[7.279198] (px4_msgs) StdoutLine: {'line': b'-- Up-to-date: /home/stepan/ws_ros2/install/px4_msgs/local/lib/python3.10/dist-packages/px4_msgs/msg/_sensor_gyro_s.c\n'}
[7.279299] (px4_msgs) StdoutLine: {'line': b'-- Up-to-date: /home/stepan/ws_ros2/install/px4_msgs/local/lib/python3.10/dist-packages/px4_msgs/msg/_parameter_set_used_request.py\n'}
[7.279394] (px4_msgs) StdoutLine: {'line': b'-- Up-to-date: /home/stepan/ws_ros2/install/px4_msgs/local/lib/python3.10/dist-packages/px4_msgs/msg/_parameter_reset_request_s.c\n'}
[7.279488] (px4_msgs) StdoutLine: {'line': b'-- Up-to-date: /home/stepan/ws_ros2/install/px4_msgs/local/lib/python3.10/dist-packages/px4_msgs/msg/_actuator_servos_trim_s.c\n'}
[7.279582] (px4_msgs) StdoutLine: {'line': b'-- Up-to-date: /home/stepan/ws_ros2/install/px4_msgs/local/lib/python3.10/dist-packages/px4_msgs/msg/_cellular_status.py\n'}
[7.279678] (px4_msgs) StdoutLine: {'line': b'-- Up-to-date: /home/stepan/ws_ros2/install/px4_msgs/local/lib/python3.10/dist-packages/px4_msgs/msg/_task_stack_info_s.c\n'}
[7.279817] (px4_msgs) StdoutLine: {'line': b'-- Up-to-date: /home/stepan/ws_ros2/install/px4_msgs/local/lib/python3.10/dist-packages/px4_msgs/msg/_position_setpoint_s.c\n'}
[7.279919] (px4_msgs) StdoutLine: {'line': b'-- Up-to-date: /home/stepan/ws_ros2/install/px4_msgs/local/lib/python3.10/dist-packages/px4_msgs/msg/_follow_target.py\n'}
[7.280090] (px4_msgs) StdoutLine: {'line': b'-- Up-to-date: /home/stepan/ws_ros2/install/px4_msgs/local/lib/python3.10/dist-packages/px4_msgs/msg/_transponder_report.py\n'}
[7.280266] (px4_msgs) StdoutLine: {'line': b'-- Up-to-date: /home/stepan/ws_ros2/install/px4_msgs/local/lib/python3.10/dist-packages/px4_msgs/msg/_takeoff_status_s.c\n'}
[7.280507] (px4_msgs) StdoutLine: {'line': b'-- Up-to-date: /home/stepan/ws_ros2/install/px4_msgs/local/lib/python3.10/dist-packages/px4_msgs/msg/_vehicle_global_position_s.c\n'}
[7.280667] (px4_msgs) StdoutLine: {'line': b'-- Up-to-date: /home/stepan/ws_ros2/install/px4_msgs/local/lib/python3.10/dist-packages/px4_msgs/msg/_vehicle_air_data_s.c\n'}
[7.281791] (px4_msgs) StdoutLine: {'line': b'-- Up-to-date: /home/stepan/ws_ros2/install/px4_msgs/local/lib/python3.10/dist-packages/px4_msgs/msg/_mavlink_log_s.c\n'}
[7.282102] (px4_msgs) StdoutLine: {'line': b'-- Up-to-date: /home/stepan/ws_ros2/install/px4_msgs/local/lib/python3.10/dist-packages/px4_msgs/msg/_arming_check_reply_s.c\n'}
[7.282499] (px4_msgs) StdoutLine: {'line': b'-- Up-to-date: /home/stepan/ws_ros2/install/px4_msgs/local/lib/python3.10/dist-packages/px4_msgs/msg/_manual_control_switches_s.c\n'}
[7.283573] (px4_msgs) StdoutLine: {'line': b'-- Up-to-date: /home/stepan/ws_ros2/install/px4_msgs/local/lib/python3.10/dist-packages/px4_msgs/msg/_geofence_status_s.c\n'}
[7.283993] (px4_msgs) StdoutLine: {'line': b'-- Up-to-date: /home/stepan/ws_ros2/install/px4_msgs/local/lib/python3.10/dist-packages/px4_msgs/msg/_led_control.py\n'}
[7.284165] (px4_msgs) StdoutLine: {'line': b'-- Up-to-date: /home/stepan/ws_ros2/install/px4_msgs/local/lib/python3.10/dist-packages/px4_msgs/msg/_vehicle_acceleration.py\n'}
[7.284330] (px4_msgs) StdoutLine: {'line': b'-- Up-to-date: /home/stepan/ws_ros2/install/px4_msgs/local/lib/python3.10/dist-packages/px4_msgs/msg/_rover_attitude_setpoint.py\n'}
[7.284577] (px4_msgs) StdoutLine: {'line': b'-- Up-to-date: /home/stepan/ws_ros2/install/px4_msgs/local/lib/python3.10/dist-packages/px4_msgs/msg/_gimbal_manager_status.py\n'}
[7.285581] (px4_msgs) StdoutLine: {'line': b'-- Up-to-date: /home/stepan/ws_ros2/install/px4_msgs/local/lib/python3.10/dist-packages/px4_msgs/msg/_sensor_gnss_relative.py\n'}
[7.286089] (px4_msgs) StdoutLine: {'line': b'-- Up-to-date: /home/stepan/ws_ros2/install/px4_msgs/local/lib/python3.10/dist-packages/px4_msgs/msg/_airspeed_validated_s.c\n'}
[7.286230] (px4_msgs) StdoutLine: {'line': b'-- Up-to-date: /home/stepan/ws_ros2/install/px4_msgs/local/lib/python3.10/dist-packages/px4_msgs/msg/_debug_vect.py\n'}
[7.286459] (px4_msgs) StdoutLine: {'line': b'-- Up-to-date: /home/stepan/ws_ros2/install/px4_msgs/local/lib/python3.10/dist-packages/px4_msgs/msg/_sensor_optical_flow.py\n'}
[7.287133] (px4_msgs) StdoutLine: {'line': b'-- Up-to-date: /home/stepan/ws_ros2/install/px4_msgs/local/lib/python3.10/dist-packages/px4_msgs/msg/_esc_report.py\n'}
[7.287849] (px4_msgs) StdoutLine: {'line': b'-- Up-to-date: /home/stepan/ws_ros2/install/px4_msgs/local/lib/python3.10/dist-packages/px4_msgs/msg/_actuator_outputs.py\n'}
[7.288326] (px4_msgs) StdoutLine: {'line': b'-- Up-to-date: /home/stepan/ws_ros2/install/px4_msgs/local/lib/python3.10/dist-packages/px4_msgs/msg/_actuator_test_s.c\n'}
[7.288655] (px4_msgs) StdoutLine: {'line': b'-- Up-to-date: /home/stepan/ws_ros2/install/px4_msgs/local/lib/python3.10/dist-packages/px4_msgs/msg/_sensor_baro_s.c\n'}
[7.288930] (px4_msgs) StdoutLine: {'line': b'-- Up-to-date: /home/stepan/ws_ros2/install/px4_msgs/local/lib/python3.10/dist-packages/px4_msgs/msg/_tune_control_s.c\n'}
[7.289077] (px4_msgs) StdoutLine: {'line': b'-- Up-to-date: /home/stepan/ws_ros2/install/px4_msgs/local/lib/python3.10/dist-packages/px4_msgs/msg/_normalized_unsigned_setpoint.py\n'}
[7.289209] (px4_msgs) StdoutLine: {'line': b'-- Up-to-date: /home/stepan/ws_ros2/install/px4_msgs/local/lib/python3.10/dist-packages/px4_msgs/msg/_mavlink_tunnel_s.c\n'}
[7.290373] (px4_msgs) StdoutLine: {'line': b'-- Up-to-date: /home/stepan/ws_ros2/install/px4_msgs/local/lib/python3.10/dist-packages/px4_msgs/msg/_adc_report_s.c\n'}
[7.290606] (px4_msgs) StdoutLine: {'line': b'-- Up-to-date: /home/stepan/ws_ros2/install/px4_msgs/local/lib/python3.10/dist-packages/px4_msgs/msg/_estimator_bias3d.py\n'}
[7.291230] (px4_msgs) StdoutLine: {'line': b'-- Up-to-date: /home/stepan/ws_ros2/install/px4_msgs/local/lib/python3.10/dist-packages/px4_msgs/msg/_parameter_update.py\n'}
[7.291775] (px4_msgs) StdoutLine: {'line': b'-- Up-to-date: /home/stepan/ws_ros2/install/px4_msgs/local/lib/python3.10/dist-packages/px4_msgs/msg/_position_controller_landing_status_s.c\n'}
[7.292007] (px4_msgs) StdoutLine: {'line': b'-- Up-to-date: /home/stepan/ws_ros2/install/px4_msgs/local/lib/python3.10/dist-packages/px4_msgs/msg/_wind.py\n'}
[7.292166] (px4_msgs) StdoutLine: {'line': b'-- Up-to-date: /home/stepan/ws_ros2/install/px4_msgs/local/lib/python3.10/dist-packages/px4_msgs/msg/_input_rc_s.c\n'}
[7.292269] (px4_msgs) StdoutLine: {'line': b'-- Up-to-date: /home/stepan/ws_ros2/install/px4_msgs/local/lib/python3.10/dist-packages/px4_msgs/msg/_uavcan_parameter_request_s.c\n'}
[7.292367] (px4_msgs) StdoutLine: {'line': b'-- Up-to-date: /home/stepan/ws_ros2/install/px4_msgs/local/lib/python3.10/dist-packages/px4_msgs/msg/_velocity_limits_s.c\n'}
[7.292468] (px4_msgs) StdoutLine: {'line': b'-- Up-to-date: /home/stepan/ws_ros2/install/px4_msgs/local/lib/python3.10/dist-packages/px4_msgs/msg/_gpio_request.py\n'}
[7.292584] (px4_msgs) StdoutLine: {'line': b'-- Up-to-date: /home/stepan/ws_ros2/install/px4_msgs/local/lib/python3.10/dist-packages/px4_msgs/msg/__init__.py\n'}
[7.292709] (px4_msgs) StdoutLine: {'line': b'-- Up-to-date: /home/stepan/ws_ros2/install/px4_msgs/local/lib/python3.10/dist-packages/px4_msgs/msg/_orb_test_medium.py\n'}
[7.293812] (px4_msgs) StdoutLine: {'line': b'-- Up-to-date: /home/stepan/ws_ros2/install/px4_msgs/local/lib/python3.10/dist-packages/px4_msgs/msg/_power_button_state_s.c\n'}
[7.294177] (px4_msgs) StdoutLine: {'line': b'-- Up-to-date: /home/stepan/ws_ros2/install/px4_msgs/local/lib/python3.10/dist-packages/px4_msgs/msg/_sensor_gyro_fft_s.c\n'}
[7.294378] (px4_msgs) StdoutLine: {'line': b'-- Up-to-date: /home/stepan/ws_ros2/install/px4_msgs/local/lib/python3.10/dist-packages/px4_msgs/msg/_gps_dump.py\n'}
[7.294601] (px4_msgs) StdoutLine: {'line': b'-- Up-to-date: /home/stepan/ws_ros2/install/px4_msgs/local/lib/python3.10/dist-packages/px4_msgs/msg/_landing_gear_s.c\n'}
[7.294815] (px4_msgs) StdoutLine: {'line': b'-- Up-to-date: /home/stepan/ws_ros2/install/px4_msgs/local/lib/python3.10/dist-packages/px4_msgs/msg/_led_control_s.c\n'}
[7.294997] (px4_msgs) StdoutLine: {'line': b'-- Up-to-date: /home/stepan/ws_ros2/install/px4_msgs/local/lib/python3.10/dist-packages/px4_msgs/msg/_airspeed_validated.py\n'}
[7.295197] (px4_msgs) StdoutLine: {'line': b'-- Up-to-date: /home/stepan/ws_ros2/install/px4_msgs/local/lib/python3.10/dist-packages/px4_msgs/msg/_gripper_s.c\n'}
[7.295312] (px4_msgs) StdoutLine: {'line': b'-- Up-to-date: /home/stepan/ws_ros2/install/px4_msgs/local/lib/python3.10/dist-packages/px4_msgs/msg/_estimator_status_flags.py\n'}
[7.295551] (px4_msgs) StdoutLine: {'line': b'-- Up-to-date: /home/stepan/ws_ros2/install/px4_msgs/local/lib/python3.10/dist-packages/px4_msgs/msg/_unregister_ext_component.py\n'}
[7.295725] (px4_msgs) StdoutLine: {'line': b'-- Up-to-date: /home/stepan/ws_ros2/install/px4_msgs/local/lib/python3.10/dist-packages/px4_msgs/msg/_vehicle_odometry_s.c\n'}
[7.295915] (px4_msgs) StdoutLine: {'line': b'-- Up-to-date: /home/stepan/ws_ros2/install/px4_msgs/local/lib/python3.10/dist-packages/px4_msgs/msg/_sensor_mag_s.c\n'}
[7.296070] (px4_msgs) StdoutLine: {'line': b'-- Up-to-date: /home/stepan/ws_ros2/install/px4_msgs/local/lib/python3.10/dist-packages/px4_msgs/msg/_parameter_update_s.c\n'}
[7.296220] (px4_msgs) StdoutLine: {'line': b'-- Up-to-date: /home/stepan/ws_ros2/install/px4_msgs/local/lib/python3.10/dist-packages/px4_msgs/msg/_sensors_status_imu_s.c\n'}
[7.296369] (px4_msgs) StdoutLine: {'line': b'-- Up-to-date: /home/stepan/ws_ros2/install/px4_msgs/local/lib/python3.10/dist-packages/px4_msgs/msg/_rtl_time_estimate.py\n'}
[7.296485] (px4_msgs) StdoutLine: {'line': b'-- Up-to-date: /home/stepan/ws_ros2/install/px4_msgs/local/lib/python3.10/dist-packages/px4_msgs/msg/_estimator_event_flags.py\n'}
[7.296638] (px4_msgs) StdoutLine: {'line': b'-- Up-to-date: /home/stepan/ws_ros2/install/px4_msgs/local/lib/python3.10/dist-packages/px4_msgs/msg/_satellite_info_s.c\n'}
[7.296961] (px4_msgs) StdoutLine: {'line': b'-- Up-to-date: /home/stepan/ws_ros2/install/px4_msgs/local/lib/python3.10/dist-packages/px4_msgs/msg/_irlock_report.py\n'}
[7.297153] (px4_msgs) StdoutLine: {'line': b'-- Up-to-date: /home/stepan/ws_ros2/install/px4_msgs/local/lib/python3.10/dist-packages/px4_msgs/msg/_log_message_s.c\n'}
[7.297300] (px4_msgs) StdoutLine: {'line': b'-- Up-to-date: /home/stepan/ws_ros2/install/px4_msgs/local/lib/python3.10/dist-packages/px4_msgs/msg/_health_report.py\n'}
[7.297438] (px4_msgs) StdoutLine: {'line': b'-- Up-to-date: /home/stepan/ws_ros2/install/px4_msgs/local/lib/python3.10/dist-packages/px4_msgs/msg/_sensor_gyro_fifo_s.c\n'}
[7.297575] (px4_msgs) StdoutLine: {'line': b'-- Up-to-date: /home/stepan/ws_ros2/install/px4_msgs/local/lib/python3.10/dist-packages/px4_msgs/msg/_debug_vect_s.c\n'}
[7.297680] (px4_msgs) StdoutLine: {'line': b'-- Up-to-date: /home/stepan/ws_ros2/install/px4_msgs/local/lib/python3.10/dist-packages/px4_msgs/msg/_mode_completed.py\n'}
[7.297839] (px4_msgs) StdoutLine: {'line': b'-- Up-to-date: /home/stepan/ws_ros2/install/px4_msgs/local/lib/python3.10/dist-packages/px4_msgs/msg/_actuator_servos_s.c\n'}
[7.300142] (px4_msgs) StdoutLine: {'line': b'-- Up-to-date: /home/stepan/ws_ros2/install/px4_msgs/local/lib/python3.10/dist-packages/px4_msgs/msg/_sensor_gyro.py\n'}
[7.301534] (px4_msgs) StdoutLine: {'line': b'-- Up-to-date: /home/stepan/ws_ros2/install/px4_msgs/local/lib/python3.10/dist-packages/px4_msgs/msg/_goto_setpoint.py\n'}
[7.304002] (px4_msgs) StdoutLine: {'line': b'-- Up-to-date: /home/stepan/ws_ros2/install/px4_msgs/local/lib/python3.10/dist-packages/px4_msgs/msg/_irlock_report_s.c\n'}
[7.304261] (px4_msgs) StdoutLine: {'line': b'-- Up-to-date: /home/stepan/ws_ros2/install/px4_msgs/local/lib/python3.10/dist-packages/px4_msgs/msg/_obstacle_distance_s.c\n'}
[7.304394] (px4_msgs) StdoutLine: {'line': b'-- Up-to-date: /home/stepan/ws_ros2/install/px4_msgs/local/lib/python3.10/dist-packages/px4_msgs/msg/_wheel_encoders.py\n'}
[7.304496] (px4_msgs) StdoutLine: {'line': b'-- Up-to-date: /home/stepan/ws_ros2/install/px4_msgs/local/lib/python3.10/dist-packages/px4_msgs/msg/_debug_key_value.py\n'}
[7.304596] (px4_msgs) StdoutLine: {'line': b'-- Up-to-date: /home/stepan/ws_ros2/install/px4_msgs/local/lib/python3.10/dist-packages/px4_msgs/msg/_ekf2_timestamps_s.c\n'}
[7.304696] (px4_msgs) StdoutLine: {'line': b'-- Up-to-date: /home/stepan/ws_ros2/install/px4_msgs/local/lib/python3.10/dist-packages/px4_msgs/msg/_navigator_mission_item_s.c\n'}
[7.304847] (px4_msgs) StdoutLine: {'line': b'-- Up-to-date: /home/stepan/ws_ros2/install/px4_msgs/local/lib/python3.10/dist-packages/px4_msgs/msg/_message_format_response.py\n'}
[7.304954] (px4_msgs) StdoutLine: {'line': b'-- Up-to-date: /home/stepan/ws_ros2/install/px4_msgs/local/lib/python3.10/dist-packages/px4_msgs/msg/_battery_status_s.c\n'}
[7.305054] (px4_msgs) StdoutLine: {'line': b'-- Up-to-date: /home/stepan/ws_ros2/install/px4_msgs/local/lib/python3.10/dist-packages/px4_msgs/msg/_estimator_innovations.py\n'}
[7.305155] (px4_msgs) StdoutLine: {'line': b'-- Up-to-date: /home/stepan/ws_ros2/install/px4_msgs/local/lib/python3.10/dist-packages/px4_msgs/msg/_mode_completed_s.c\n'}
[7.306148] (px4_msgs) StdoutLine: {'line': b'-- Up-to-date: /home/stepan/ws_ros2/install/px4_msgs/local/lib/python3.10/dist-packages/px4_msgs/msg/_sensor_airflow.py\n'}
[7.306494] (px4_msgs) StdoutLine: {'line': b'-- Up-to-date: /home/stepan/ws_ros2/install/px4_msgs/local/lib/python3.10/dist-packages/px4_msgs/msg/_vehicle_imu_status.py\n'}
[7.306619] (px4_msgs) StdoutLine: {'line': b'-- Up-to-date: /home/stepan/ws_ros2/install/px4_msgs/local/lib/python3.10/dist-packages/px4_msgs/msg/_actuator_motors_s.c\n'}
[7.306803] (px4_msgs) StdoutLine: {'line': b'-- Up-to-date: /home/stepan/ws_ros2/install/px4_msgs/local/lib/python3.10/dist-packages/px4_msgs/msg/_vehicle_global_position.py\n'}
[7.307050] (px4_msgs) StdoutLine: {'line': b'-- Up-to-date: /home/stepan/ws_ros2/install/px4_msgs/local/lib/python3.10/dist-packages/px4_msgs/msg/_follow_target_s.c\n'}
[7.307357] (px4_msgs) StdoutLine: {'line': b'-- Up-to-date: /home/stepan/ws_ros2/install/px4_msgs/local/lib/python3.10/dist-packages/px4_msgs/msg/_pwm_input_s.c\n'}
[7.307597] (px4_msgs) StdoutLine: {'line': b'-- Up-to-date: /home/stepan/ws_ros2/install/px4_msgs/local/lib/python3.10/dist-packages/px4_msgs/msg/_debug_array_s.c\n'}
[7.308659] (px4_msgs) StdoutLine: {'line': b'-- Up-to-date: /home/stepan/ws_ros2/install/px4_msgs/local/lib/python3.10/dist-packages/px4_msgs/msg/_distance_sensor_s.c\n'}
[7.309352] (px4_msgs) StdoutLine: {'line': b'-- Up-to-date: /home/stepan/ws_ros2/install/px4_msgs/local/lib/python3.10/dist-packages/px4_msgs/msg/_sensor_correction_s.c\n'}
[7.310617] (px4_msgs) StdoutLine: {'line': b'-- Up-to-date: /home/stepan/ws_ros2/install/px4_msgs/local/lib/python3.10/dist-packages/px4_msgs/msg/_failure_detector_status.py\n'}
[7.310925] (px4_msgs) StdoutLine: {'line': b'-- Up-to-date: /home/stepan/ws_ros2/install/px4_msgs/local/lib/python3.10/dist-packages/px4_msgs/msg/_open_drone_id_arm_status_s.c\n'}
[7.311122] (px4_msgs) StdoutLine: {'line': b'-- Up-to-date: /home/stepan/ws_ros2/install/px4_msgs/local/lib/python3.10/dist-packages/px4_msgs/msg/_sensor_baro.py\n'}
[7.311286] (px4_msgs) StdoutLine: {'line': b'-- Up-to-date: /home/stepan/ws_ros2/install/px4_msgs/local/lib/python3.10/dist-packages/px4_msgs/msg/_flight_phase_estimation_s.c\n'}
[7.311443] (px4_msgs) StdoutLine: {'line': b'-- Up-to-date: /home/stepan/ws_ros2/install/px4_msgs/local/lib/python3.10/dist-packages/px4_msgs/msg/_orb_test_large.py\n'}
[7.311607] (px4_msgs) StdoutLine: {'line': b'-- Up-to-date: /home/stepan/ws_ros2/install/px4_msgs/local/lib/python3.10/dist-packages/px4_msgs/msg/_vehicle_command_ack.py\n'}
[7.311788] (px4_msgs) StdoutLine: {'line': b'-- Up-to-date: /home/stepan/ws_ros2/install/px4_msgs/local/lib/python3.10/dist-packages/px4_msgs/msg/_launch_detection_status_s.c\n'}
[7.311958] (px4_msgs) StdoutLine: {'line': b'-- Up-to-date: /home/stepan/ws_ros2/install/px4_msgs/local/lib/python3.10/dist-packages/px4_msgs/msg/_uavcan_parameter_value.py\n'}
[7.312103] (px4_msgs) StdoutLine: {'line': b'-- Up-to-date: /home/stepan/ws_ros2/install/px4_msgs/local/lib/python3.10/dist-packages/px4_msgs/msg/_sensor_selection.py\n'}
[7.312217] (px4_msgs) StdoutLine: {'line': b'-- Up-to-date: /home/stepan/ws_ros2/install/px4_msgs/local/lib/python3.10/dist-packages/px4_msgs/msg/_ulog_stream.py\n'}
[7.312370] (px4_msgs) StdoutLine: {'line': b'-- Up-to-date: /home/stepan/ws_ros2/install/px4_msgs/local/lib/python3.10/dist-packages/px4_msgs/msg/_rover_attitude_status_s.c\n'}
[7.312518] (px4_msgs) StdoutLine: {'line': b'-- Up-to-date: /home/stepan/ws_ros2/install/px4_msgs/local/lib/python3.10/dist-packages/px4_msgs/msg/_log_message.py\n'}
[7.312700] (px4_msgs) StdoutLine: {'line': b'-- Up-to-date: /home/stepan/ws_ros2/install/px4_msgs/local/lib/python3.10/dist-packages/px4_msgs/msg/_px4io_status.py\n'}
[7.312855] (px4_msgs) StdoutLine: {'line': b'-- Up-to-date: /home/stepan/ws_ros2/install/px4_msgs/local/lib/python3.10/dist-packages/px4_msgs/msg/_system_power_s.c\n'}
[7.312957] (px4_msgs) StdoutLine: {'line': b'-- Up-to-date: /home/stepan/ws_ros2/install/px4_msgs/local/lib/python3.10/dist-packages/px4_msgs/msg/_gimbal_device_information_s.c\n'}
[7.313073] (px4_msgs) StdoutLine: {'line': b'-- Up-to-date: /home/stepan/ws_ros2/install/px4_msgs/local/lib/python3.10/dist-packages/px4_msgs/msg/_rover_position_setpoint.py\n'}
[7.313180] (px4_msgs) StdoutLine: {'line': b'-- Up-to-date: /home/stepan/ws_ros2/install/px4_msgs/local/lib/python3.10/dist-packages/px4_msgs/msg/_sensor_accel_s.c\n'}
[7.313288] (px4_msgs) StdoutLine: {'line': b'-- Up-to-date: /home/stepan/ws_ros2/install/px4_msgs/local/lib/python3.10/dist-packages/px4_msgs/msg/_register_ext_component_reply_s.c\n'}
[7.313432] (px4_msgs) StdoutLine: {'line': b'-- Up-to-date: /home/stepan/ws_ros2/install/px4_msgs/local/lib/python3.10/dist-packages/px4_msgs/msg/_failsafe_flags_s.c\n'}
[7.313573] (px4_msgs) StdoutLine: {'line': b'-- Up-to-date: /home/stepan/ws_ros2/install/px4_msgs/local/lib/python3.10/dist-packages/px4_msgs/msg/_estimator_innovations_s.c\n'}
[7.313840] (px4_msgs) StdoutLine: {'line': b'-- Up-to-date: /home/stepan/ws_ros2/install/px4_msgs/local/lib/python3.10/dist-packages/px4_msgs/msg/_position_setpoint.py\n'}
[7.314239] (px4_msgs) StdoutLine: {'line': b'-- Up-to-date: /home/stepan/ws_ros2/install/px4_msgs/local/lib/python3.10/dist-packages/px4_msgs/msg/_follow_target_status_s.c\n'}
[7.314419] (px4_msgs) StdoutLine: {'line': b'-- Up-to-date: /home/stepan/ws_ros2/install/px4_msgs/local/lib/python3.10/dist-packages/px4_msgs/msg/_cellular_status_s.c\n'}
[7.314594] (px4_msgs) StdoutLine: {'line': b'-- Up-to-date: /home/stepan/ws_ros2/install/px4_msgs/local/lib/python3.10/dist-packages/px4_msgs/msg/_estimator_selector_status_s.c\n'}
[7.314754] (px4_msgs) StdoutLine: {'line': b'-- Up-to-date: /home/stepan/ws_ros2/install/px4_msgs/local/lib/python3.10/dist-packages/px4_msgs/msg/_vehicle_command_ack_s.c\n'}
[7.315213] (px4_msgs) StdoutLine: {'line': b'-- Up-to-date: /home/stepan/ws_ros2/install/px4_msgs/local/lib/python3.10/dist-packages/px4_msgs/msg/_gpio_in_s.c\n'}
[7.315378] (px4_msgs) StdoutLine: {'line': b'-- Up-to-date: /home/stepan/ws_ros2/install/px4_msgs/local/lib/python3.10/dist-packages/px4_msgs/msg/_arming_check_reply.py\n'}
[7.315494] (px4_msgs) StdoutLine: {'line': b'-- Up-to-date: /home/stepan/ws_ros2/install/px4_msgs/local/lib/python3.10/dist-packages/px4_msgs/msg/_navigator_mission_item.py\n'}
[7.315605] (px4_msgs) StdoutLine: {'line': b'-- Up-to-date: /home/stepan/ws_ros2/install/px4_msgs/local/lib/python3.10/dist-packages/px4_msgs/msg/_gpio_in.py\n'}
[7.315701] (px4_msgs) StdoutLine: {'line': b'-- Up-to-date: /home/stepan/ws_ros2/install/px4_msgs/local/lib/python3.10/dist-packages/px4_msgs/msg/_takeoff_status.py\n'}
[7.315847] (px4_msgs) StdoutLine: {'line': b'-- Up-to-date: /home/stepan/ws_ros2/install/px4_msgs/local/lib/python3.10/dist-packages/px4_msgs/msg/_tiltrotor_extra_controls.py\n'}
[7.315948] (px4_msgs) StdoutLine: {'line': b'-- Up-to-date: /home/stepan/ws_ros2/install/px4_msgs/local/lib/python3.10/dist-packages/px4_msgs/msg/_vehicle_land_detected_s.c\n'}
[7.316090] (px4_msgs) StdoutLine: {'line': b'-- Up-to-date: /home/stepan/ws_ros2/install/px4_msgs/local/lib/python3.10/dist-packages/px4_msgs/msg/_autotune_attitude_control_status_s.c\n'}
[7.316297] (px4_msgs) StdoutLine: {'line': b'-- Up-to-date: /home/stepan/ws_ros2/install/px4_msgs/local/lib/python3.10/dist-packages/px4_msgs/msg/_rover_rate_setpoint_s.c\n'}
[7.316585] (px4_msgs) StdoutLine: {'line': b'-- Up-to-date: /home/stepan/ws_ros2/install/px4_msgs/local/lib/python3.10/dist-packages/px4_msgs/msg/_esc_report_s.c\n'}
[7.317794] (px4_msgs) StdoutLine: {'line': b'-- Up-to-date: /home/stepan/ws_ros2/install/px4_msgs/local/lib/python3.10/dist-packages/px4_msgs/msg/_qshell_req_s.c\n'}
[7.318650] (px4_msgs) StdoutLine: {'line': b'-- Up-to-date: /home/stepan/ws_ros2/install/px4_msgs/local/lib/python3.10/dist-packages/px4_msgs/msg/_camera_capture_s.c\n'}
[7.319001] (px4_msgs) StdoutLine: {'line': b'-- Up-to-date: /home/stepan/ws_ros2/install/px4_msgs/local/lib/python3.10/dist-packages/px4_msgs/msg/_sensor_accel.py\n'}
[7.319313] (px4_msgs) StdoutLine: {'line': b'-- Up-to-date: /home/stepan/ws_ros2/install/px4_msgs/local/lib/python3.10/dist-packages/px4_msgs/msg/_rover_rate_status_s.c\n'}
[7.319822] (px4_msgs) StdoutLine: {'line': b'-- Up-to-date: /home/stepan/ws_ros2/install/px4_msgs/local/lib/python3.10/dist-packages/px4_msgs/msg/_config_overrides_s.c\n'}
[7.320334] (px4_msgs) StdoutLine: {'line': b'-- Up-to-date: /home/stepan/ws_ros2/install/px4_msgs/local/lib/python3.10/dist-packages/px4_msgs/msg/_orb_test_medium_s.c\n'}
[7.320517] (px4_msgs) StdoutLine: {'line': b'-- Up-to-date: /home/stepan/ws_ros2/install/px4_msgs/local/lib/python3.10/dist-packages/px4_msgs/msg/_rpm_s.c\n'}
[7.320638] (px4_msgs) StdoutLine: {'line': b'-- Up-to-date: /home/stepan/ws_ros2/install/px4_msgs/local/lib/python3.10/dist-packages/px4_msgs/msg/_battery_status.py\n'}
[7.320779] (px4_msgs) StdoutLine: {'line': b'-- Up-to-date: /home/stepan/ws_ros2/install/px4_msgs/local/lib/python3.10/dist-packages/px4_msgs/msg/_internal_combustion_engine_status.py\n'}
[7.321399] (px4_msgs) StdoutLine: {'line': b'-- Up-to-date: /home/stepan/ws_ros2/install/px4_msgs/local/lib/python3.10/dist-packages/px4_msgs/msg/_gimbal_device_attitude_status.py\n'}
[7.322275] (px4_msgs) StdoutLine: {'line': b'-- Up-to-date: /home/stepan/ws_ros2/install/px4_msgs/local/lib/python3.10/dist-packages/px4_msgs/msg/_hover_thrust_estimate.py\n'}
[7.322541] (px4_msgs) StdoutLine: {'line': b'-- Up-to-date: /home/stepan/ws_ros2/install/px4_msgs/local/lib/python3.10/dist-packages/px4_msgs/msg/_actuator_servos_trim.py\n'}
[7.322827] (px4_msgs) StdoutLine: {'line': b'-- Up-to-date: /home/stepan/ws_ros2/install/px4_msgs/local/lib/python3.10/dist-packages/px4_msgs/msg/_trajectory_setpoint_s.c\n'}
[7.323017] (px4_msgs) StdoutLine: {'line': b'-- Up-to-date: /home/stepan/ws_ros2/install/px4_msgs/local/lib/python3.10/dist-packages/px4_msgs/msg/_gimbal_device_information.py\n'}
[7.323121] (px4_msgs) StdoutLine: {'line': b'-- Up-to-date: /home/stepan/ws_ros2/install/px4_msgs/local/lib/python3.10/dist-packages/px4_msgs/msg/_vehicle_imu.py\n'}
[7.323218] (px4_msgs) StdoutLine: {'line': b'-- Up-to-date: /home/stepan/ws_ros2/install/px4_msgs/local/lib/python3.10/dist-packages/px4_msgs/msg/_landing_target_innovations.py\n'}
[7.323396] (px4_msgs) StdoutLine: {'line': b'-- Up-to-date: /home/stepan/ws_ros2/install/px4_msgs/local/lib/python3.10/dist-packages/px4_msgs/msg/_failure_detector_status_s.c\n'}
[7.324041] (px4_msgs) StdoutLine: {'line': b'-- Up-to-date: /home/stepan/ws_ros2/install/px4_msgs/local/lib/python3.10/dist-packages/px4_msgs/msg/_rtl_status.py\n'}
[7.324192] (px4_msgs) StdoutLine: {'line': b'-- Up-to-date: /home/stepan/ws_ros2/install/px4_msgs/local/lib/python3.10/dist-packages/px4_msgs/msg/_failsafe_flags.py\n'}
[7.324326] (px4_msgs) StdoutLine: {'line': b'-- Up-to-date: /home/stepan/ws_ros2/install/px4_msgs/local/lib/python3.10/dist-packages/px4_msgs/msg/_register_ext_component_request.py\n'}
[7.324442] (px4_msgs) StdoutLine: {'line': b'-- Up-to-date: /home/stepan/ws_ros2/install/px4_msgs/local/lib/python3.10/dist-packages/px4_msgs/msg/_register_ext_component_request_s.c\n'}
[7.324606] (px4_msgs) StdoutLine: {'line': b'-- Up-to-date: /home/stepan/ws_ros2/install/px4_msgs/local/lib/python3.10/dist-packages/px4_msgs/msg/_parameter_reset_request.py\n'}
[7.324780] (px4_msgs) StdoutLine: {'line': b'-- Up-to-date: /home/stepan/ws_ros2/install/px4_msgs/local/lib/python3.10/dist-packages/px4_msgs/msg/_vehicle_air_data.py\n'}
[7.324989] (px4_msgs) StdoutLine: {'line': b'-- Up-to-date: /home/stepan/ws_ros2/install/px4_msgs/local/lib/python3.10/dist-packages/px4_msgs/msg/_rover_throttle_setpoint_s.c\n'}
[7.325153] (px4_msgs) StdoutLine: {'line': b'-- Up-to-date: /home/stepan/ws_ros2/install/px4_msgs/local/lib/python3.10/dist-packages/px4_msgs/msg/_onboard_computer_status.py\n'}
[7.325651] (px4_msgs) StdoutLine: {'line': b'-- Up-to-date: /home/stepan/ws_ros2/install/px4_msgs/local/lib/python3.10/dist-packages/px4_msgs/msg/_power_monitor.py\n'}
[7.325806] (px4_msgs) StdoutLine: {'line': b'-- Up-to-date: /home/stepan/ws_ros2/install/px4_msgs/local/lib/python3.10/dist-packages/px4_msgs/msg/_internal_combustion_engine_status_s.c\n'}
[7.325934] (px4_msgs) StdoutLine: {'line': b'-- Up-to-date: /home/stepan/ws_ros2/install/px4_msgs/local/lib/python3.10/dist-packages/px4_msgs/msg/_vehicle_angular_velocity_s.c\n'}
[7.326042] (px4_msgs) StdoutLine: {'line': b'-- Up-to-date: /home/stepan/ws_ros2/install/px4_msgs/local/lib/python3.10/dist-packages/px4_msgs/msg/_gps_dump_s.c\n'}
[7.326198] (px4_msgs) StdoutLine: {'line': b'-- Up-to-date: /home/stepan/ws_ros2/install/px4_msgs/local/lib/python3.10/dist-packages/px4_msgs/msg/_gps_inject_data_s.c\n'}
[7.327027] (px4_msgs) StdoutLine: {'line': b'-- Up-to-date: /home/stepan/ws_ros2/install/px4_msgs/local/lib/python3.10/dist-packages/px4_msgs/msg/_generator_status_s.c\n'}
[7.327313] (px4_msgs) StdoutLine: {'line': b'-- Up-to-date: /home/stepan/ws_ros2/install/px4_msgs/local/lib/python3.10/dist-packages/px4_msgs/msg/_pwm_input.py\n'}
[7.328383] (px4_msgs) StdoutLine: {'line': b'-- Up-to-date: /home/stepan/ws_ros2/install/px4_msgs/local/lib/python3.10/dist-packages/px4_msgs/msg/_tecs_status_s.c\n'}
[7.328551] (px4_msgs) StdoutLine: {'line': b'-- Up-to-date: /home/stepan/ws_ros2/install/px4_msgs/local/lib/python3.10/dist-packages/px4_msgs/msg/_action_request.py\n'}
[7.328684] (px4_msgs) StdoutLine: {'line': b'-- Up-to-date: /home/stepan/ws_ros2/install/px4_msgs/local/lib/python3.10/dist-packages/px4_msgs/msg/_vehicle_constraints.py\n'}
[7.328858] (px4_msgs) StdoutLine: {'line': b'-- Up-to-date: /home/stepan/ws_ros2/install/px4_msgs/local/lib/python3.10/dist-packages/px4_msgs/msg/_mavlink_log.py\n'}
[7.328994] (px4_msgs) StdoutLine: {'line': b'-- Up-to-date: /home/stepan/ws_ros2/install/px4_msgs/local/lib/python3.10/dist-packages/px4_msgs/msg/_magnetometer_bias_estimate.py\n'}
[7.329154] (px4_msgs) StdoutLine: {'line': b'-- Up-to-date: /home/stepan/ws_ros2/install/px4_msgs/local/lib/python3.10/dist-packages/px4_msgs/msg/_open_drone_id_operator_id_s.c\n'}
[7.329310] (px4_msgs) StdoutLine: {'line': b'-- Up-to-date: /home/stepan/ws_ros2/install/px4_msgs/local/lib/python3.10/dist-packages/px4_msgs/msg/_sensor_gps.py\n'}
[7.329478] (px4_msgs) StdoutLine: {'line': b'-- Up-to-date: /home/stepan/ws_ros2/install/px4_msgs/local/lib/python3.10/dist-packages/px4_msgs/msg/_gimbal_device_set_attitude_s.c\n'}
[7.329577] (px4_msgs) StdoutLine: {'line': b'-- Up-to-date: /home/stepan/ws_ros2/install/px4_msgs/local/lib/python3.10/dist-packages/px4_msgs/msg/_sensors_status_imu.py\n'}
[7.329672] (px4_msgs) StdoutLine: {'line': b'-- Up-to-date: /home/stepan/ws_ros2/install/px4_msgs/local/lib/python3.10/dist-packages/px4_msgs/msg/_vehicle_rates_setpoint_s.c\n'}
[7.329955] (px4_msgs) StdoutLine: {'line': b'-- Up-to-date: /home/stepan/ws_ros2/install/px4_msgs/local/lib/python3.10/dist-packages/px4_msgs/msg/_parameter_set_used_request_s.c\n'}
[7.330162] (px4_msgs) StdoutLine: {'line': b'-- Up-to-date: /home/stepan/ws_ros2/install/px4_msgs/local/lib/python3.10/dist-packages/px4_msgs/msg/_open_drone_id_self_id_s.c\n'}
[7.330324] (px4_msgs) StdoutLine: {'line': b'-- Up-to-date: /home/stepan/ws_ros2/install/px4_msgs/local/lib/python3.10/dist-packages/px4_msgs/msg/_unregister_ext_component_s.c\n'}
[7.330453] (px4_msgs) StdoutLine: {'line': b'-- Up-to-date: /home/stepan/ws_ros2/install/px4_msgs/local/lib/python3.10/dist-packages/px4_msgs/msg/_velocity_limits.py\n'}
[7.330552] (px4_msgs) StdoutLine: {'line': b'-- Up-to-date: /home/stepan/ws_ros2/install/px4_msgs/local/lib/python3.10/dist-packages/px4_msgs/msg/_landing_gear_wheel_s.c\n'}
[7.330966] (px4_msgs) StdoutLine: {'line': b'-- Up-to-date: /home/stepan/ws_ros2/install/px4_msgs/local/lib/python3.10/dist-packages/px4_msgs/msg/_estimator_aid_source1d.py\n'}
[7.331303] (px4_msgs) StdoutLine: {'line': b'-- Up-to-date: /home/stepan/ws_ros2/install/px4_msgs/local/lib/python3.10/dist-packages/px4_msgs/msg/_follow_target_status.py\n'}
[7.331503] (px4_msgs) StdoutLine: {'line': b'-- Up-to-date: /home/stepan/ws_ros2/install/px4_msgs/local/lib/python3.10/dist-packages/px4_msgs/msg/_ping.py\n'}
[7.331661] (px4_msgs) StdoutLine: {'line': b'-- Up-to-date: /home/stepan/ws_ros2/install/px4_msgs/local/lib/python3.10/dist-packages/px4_msgs/msg/_button_event_s.c\n'}
[7.331873] (px4_msgs) StdoutLine: {'line': b'-- Up-to-date: /home/stepan/ws_ros2/install/px4_msgs/local/lib/python3.10/dist-packages/px4_msgs/msg/_dataman_response.py\n'}
[7.331978] (px4_msgs) StdoutLine: {'line': b'-- Up-to-date: /home/stepan/ws_ros2/install/px4_msgs/local/lib/python3.10/dist-packages/px4_msgs/msg/_airspeed.py\n'}
[7.332074] (px4_msgs) StdoutLine: {'line': b'-- Up-to-date: /home/stepan/ws_ros2/install/px4_msgs/local/lib/python3.10/dist-packages/px4_msgs/msg/_generator_status.py\n'}
[7.332170] (px4_msgs) StdoutLine: {'line': b'-- Up-to-date: /home/stepan/ws_ros2/install/px4_msgs/local/lib/python3.10/dist-packages/px4_msgs/msg/_sensor_combined_s.c\n'}
[7.332275] (px4_msgs) StdoutLine: {'line': b'-- Up-to-date: /home/stepan/ws_ros2/install/px4_msgs/local/lib/python3.10/dist-packages/px4_msgs/msg/_sensors_status_s.c\n'}
[7.332593] (px4_msgs) StdoutLine: {'line': b'-- Up-to-date: /home/stepan/ws_ros2/install/px4_msgs/local/lib/python3.10/dist-packages/px4_msgs/msg/_vehicle_attitude.py\n'}
[7.333885] (px4_msgs) StdoutLine: {'line': b'-- Up-to-date: /home/stepan/ws_ros2/install/px4_msgs/local/lib/python3.10/dist-packages/px4_msgs/msg/_vehicle_odometry.py\n'}
[7.336386] (px4_msgs) StdoutLine: {'line': b'-- Up-to-date: /home/stepan/ws_ros2/install/px4_msgs/local/lib/python3.10/dist-packages/px4_msgs/msg/_vehicle_local_position_setpoint_s.c\n'}
[7.336825] (px4_msgs) StdoutLine: {'line': b'-- Up-to-date: /home/stepan/ws_ros2/install/px4_msgs/local/lib/python3.10/dist-packages/px4_msgs/msg/_distance_sensor.py\n'}
[7.337151] (px4_msgs) StdoutLine: {'line': b'-- Up-to-date: /home/stepan/ws_ros2/install/px4_msgs/local/lib/python3.10/dist-packages/px4_msgs/msg/_dataman_request.py\n'}
[7.337312] (px4_msgs) StdoutLine: {'line': b'-- Up-to-date: /home/stepan/ws_ros2/install/px4_msgs/local/lib/python3.10/dist-packages/px4_msgs/msg/_iridiumsbd_status.py\n'}
[7.337463] (px4_msgs) StdoutLine: {'line': b'-- Up-to-date: /home/stepan/ws_ros2/install/px4_msgs/local/lib/python3.10/dist-packages/px4_msgs/msg/_vehicle_angular_acceleration_setpoint_s.c\n'}
[7.337603] (px4_msgs) StdoutLine: {'line': b'-- Up-to-date: /home/stepan/ws_ros2/install/px4_msgs/local/lib/python3.10/dist-packages/px4_msgs/msg/_gimbal_manager_set_manual_control_s.c\n'}
[7.337797] (px4_msgs) StdoutLine: {'line': b'-- Up-to-date: /home/stepan/ws_ros2/install/px4_msgs/local/lib/python3.10/dist-packages/px4_msgs/msg/_register_ext_component_reply.py\n'}
[7.337955] (px4_msgs) StdoutLine: {'line': b'-- Up-to-date: /home/stepan/ws_ros2/install/px4_msgs/local/lib/python3.10/dist-packages/px4_msgs/msg/_manual_control_setpoint.py\n'}
[7.338122] (px4_msgs) StdoutLine: {'line': b'-- Up-to-date: /home/stepan/ws_ros2/install/px4_msgs/local/lib/python3.10/dist-packages/px4_msgs/msg/_position_setpoint_triplet.py\n'}
[7.338333] (px4_msgs) StdoutLine: {'line': b'-- Up-to-date: /home/stepan/ws_ros2/install/px4_msgs/local/lib/python3.10/dist-packages/px4_msgs/msg/_vehicle_optical_flow_vel_s.c\n'}
[7.338487] (px4_msgs) StdoutLine: {'line': b'-- Up-to-date: /home/stepan/ws_ros2/install/px4_msgs/local/lib/python3.10/dist-packages/px4_msgs/msg/_rover_rate_status.py\n'}
[7.338633] (px4_msgs) StdoutLine: {'line': b'-- Up-to-date: /home/stepan/ws_ros2/install/px4_msgs/local/lib/python3.10/dist-packages/px4_msgs/msg/_radio_status_s.c\n'}
[7.339333] (px4_msgs) StdoutLine: {'line': b'-- Up-to-date: /home/stepan/ws_ros2/install/px4_msgs/local/lib/python3.10/dist-packages/px4_msgs/msg/_orb_test_large_s.c\n'}
[7.339988] (px4_msgs) StdoutLine: {'line': b'-- Up-to-date: /home/stepan/ws_ros2/install/px4_msgs/local/lib/python3.10/dist-packages/px4_msgs/msg/_trajectory_setpoint6dof_s.c\n'}
[7.341172] (px4_msgs) StdoutLine: {'line': b'-- Up-to-date: /home/stepan/ws_ros2/install/px4_msgs/local/lib/python3.10/dist-packages/px4_msgs/msg/_vehicle_imu_status_s.c\n'}
[7.341771] (px4_msgs) StdoutLine: {'line': b'-- Up-to-date: /home/stepan/ws_ros2/install/px4_msgs/local/lib/python3.10/dist-packages/px4_msgs/msg/_control_allocator_status_s.c\n'}
[7.344208] (px4_msgs) StdoutLine: {'line': b'-- Up-to-date: /home/stepan/ws_ros2/install/px4_msgs/local/lib/python3.10/dist-packages/px4_msgs/msg/_parameter_set_value_request_s.c\n'}
[7.344685] (px4_msgs) StdoutLine: {'line': b'-- Up-to-date: /home/stepan/ws_ros2/install/px4_msgs/local/lib/python3.10/dist-packages/px4_msgs/msg/_gimbal_manager_set_attitude.py\n'}
[7.344913] (px4_msgs) StdoutLine: {'line': b'-- Up-to-date: /home/stepan/ws_ros2/install/px4_msgs/local/lib/python3.10/dist-packages/px4_msgs/msg/_normalized_unsigned_setpoint_s.c\n'}
[7.345101] (px4_msgs) StdoutLine: {'line': b'-- Up-to-date: /home/stepan/ws_ros2/install/px4_msgs/local/lib/python3.10/dist-packages/px4_msgs/msg/_parameter_set_value_response.py\n'}
[7.345266] (px4_msgs) StdoutLine: {'line': b'-- Up-to-date: /home/stepan/ws_ros2/install/px4_msgs/local/lib/python3.10/dist-packages/px4_msgs/msg/_gpio_out_s.c\n'}
[7.345451] (px4_msgs) StdoutLine: {'line': b'-- Up-to-date: /home/stepan/ws_ros2/install/px4_msgs/local/lib/python3.10/dist-packages/px4_msgs/msg/_mavlink_tunnel.py\n'}
[7.345593] (px4_msgs) StdoutLine: {'line': b'-- Up-to-date: /home/stepan/ws_ros2/install/px4_msgs/local/lib/python3.10/dist-packages/px4_msgs/msg/_can_interface_status_s.c\n'}
[7.345744] (px4_msgs) StdoutLine: {'line': b'-- Up-to-date: /home/stepan/ws_ros2/install/px4_msgs/local/lib/python3.10/dist-packages/px4_msgs/msg/_ackermann_velocity_setpoint_s.c\n'}
[7.347353] (px4_msgs) StdoutLine: {'line': b'-- Up-to-date: /home/stepan/ws_ros2/install/px4_msgs/local/lib/python3.10/dist-packages/px4_msgs/msg/_parameter_set_value_request.py\n'}
[7.347587] (px4_msgs) StdoutLine: {'line': b'-- Up-to-date: /home/stepan/ws_ros2/install/px4_msgs/local/lib/python3.10/dist-packages/px4_msgs/msg/_sensor_gyro_fifo.py\n'}
[7.347883] (px4_msgs) StdoutLine: {'line': b'-- Up-to-date: /home/stepan/ws_ros2/install/px4_msgs/local/lib/python3.10/dist-packages/px4_msgs/msg/_ulog_stream_ack_s.c\n'}
[7.347984] (px4_msgs) StdoutLine: {'line': b'-- Up-to-date: /home/stepan/ws_ros2/install/px4_msgs/local/lib/python3.10/dist-packages/px4_msgs/msg/_vehicle_rates_setpoint.py\n'}
[7.348076] (px4_msgs) StdoutLine: {'line': b'-- Up-to-date: /home/stepan/ws_ros2/install/px4_msgs/local/lib/python3.10/dist-packages/px4_msgs/msg/_sensors_status.py\n'}
[7.348185] (px4_msgs) StdoutLine: {'line': b'-- Up-to-date: /home/stepan/ws_ros2/install/px4_msgs/local/lib/python3.10/dist-packages/px4_msgs/msg/_sensor_mag.py\n'}
[7.348363] (px4_msgs) StdoutLine: {'line': b'-- Up-to-date: /home/stepan/ws_ros2/install/px4_msgs/local/lib/python3.10/dist-packages/px4_msgs/msg/_estimator_bias3d_s.c\n'}
[7.348525] (px4_msgs) StdoutLine: {'line': b'-- Up-to-date: /home/stepan/ws_ros2/install/px4_msgs/local/lib/python3.10/dist-packages/px4_msgs/msg/_rover_attitude_status.py\n'}
[7.348677] (px4_msgs) StdoutLine: {'line': b'-- Up-to-date: /home/stepan/ws_ros2/install/px4_msgs/local/lib/python3.10/dist-packages/px4_msgs/msg/_rover_velocity_status_s.c\n'}
[7.348806] (px4_msgs) StdoutLine: {'line': b'-- Up-to-date: /home/stepan/ws_ros2/install/px4_msgs/local/lib/python3.10/dist-packages/px4_msgs/msg/_estimator_aid_source2d_s.c\n'}
[7.348945] (px4_msgs) StdoutLine: {'line': b'-- Up-to-date: /home/stepan/ws_ros2/install/px4_msgs/local/lib/python3.10/dist-packages/px4_msgs/msg/_onboard_computer_status_s.c\n'}
[7.349054] (px4_msgs) StdoutLine: {'line': b'-- Up-to-date: /home/stepan/ws_ros2/install/px4_msgs/local/lib/python3.10/dist-packages/px4_msgs/msg/_autotune_attitude_control_status.py\n'}
[7.349149] (px4_msgs) StdoutLine: {'line': b'-- Up-to-date: /home/stepan/ws_ros2/install/px4_msgs/local/lib/python3.10/dist-packages/px4_msgs/msg/_follow_target_estimator_s.c\n'}
[7.349242] (px4_msgs) StdoutLine: {'line': b'-- Up-to-date: /home/stepan/ws_ros2/install/px4_msgs/local/lib/python3.10/dist-packages/px4_msgs/msg/_message_format_response_s.c\n'}
[7.349356] (px4_msgs) StdoutLine: {'line': b'-- Up-to-date: /home/stepan/ws_ros2/install/px4_msgs/local/lib/python3.10/dist-packages/px4_msgs/msg/_vehicle_control_mode.py\n'}
[7.349540] (px4_msgs) StdoutLine: {'line': b'-- Up-to-date: /home/stepan/ws_ros2/install/px4_msgs/local/lib/python3.10/dist-packages/px4_msgs/msg/_vehicle_angular_acceleration_setpoint.py\n'}
[7.350440] (px4_msgs) StdoutLine: {'line': b'-- Up-to-date: /home/stepan/ws_ros2/install/px4_msgs/local/lib/python3.10/dist-packages/px4_msgs/msg/_orb_test.py\n'}
[7.351222] (px4_msgs) StdoutLine: {'line': b'-- Up-to-date: /home/stepan/ws_ros2/install/px4_msgs/local/lib/python3.10/dist-packages/px4_msgs/msg/_estimator_aid_source1d_s.c\n'}
[7.352212] (px4_msgs) StdoutLine: {'line': b'-- Up-to-date: /home/stepan/ws_ros2/install/px4_msgs/local/lib/python3.10/dist-packages/px4_msgs/msg/_offboard_control_mode.py\n'}
[7.353054] (px4_msgs) StdoutLine: {'line': b'-- Up-to-date: /home/stepan/ws_ros2/install/px4_msgs/local/lib/python3.10/dist-packages/px4_msgs/msg/_gimbal_manager_set_attitude_s.c\n'}
[7.353402] (px4_msgs) StdoutLine: {'line': b'-- Up-to-date: /home/stepan/ws_ros2/install/px4_msgs/local/lib/python3.10/dist-packages/px4_msgs/msg/_rc_parameter_map_s.c\n'}
[7.353585] (px4_msgs) StdoutLine: {'line': b'-- Up-to-date: /home/stepan/ws_ros2/install/px4_msgs/local/lib/python3.10/dist-packages/px4_msgs/msg/_actuator_armed.py\n'}
[7.353959] (px4_msgs) StdoutLine: {'line': b'-- Up-to-date: /home/stepan/ws_ros2/install/px4_msgs/local/lib/python3.10/dist-packages/px4_msgs/msg/_estimator_states.py\n'}
[7.354094] (px4_msgs) StdoutLine: {'line': b'-- Up-to-date: /home/stepan/ws_ros2/install/px4_msgs/local/lib/python3.10/dist-packages/px4_msgs/msg/_dataman_request_s.c\n'}
[7.354218] (px4_msgs) StdoutLine: {'line': b'-- Up-to-date: /home/stepan/ws_ros2/install/px4_msgs/local/lib/python3.10/dist-packages/px4_msgs/msg/_home_position_s.c\n'}
[7.354433] (px4_msgs) StdoutLine: {'line': b'-- Up-to-date: /home/stepan/ws_ros2/install/px4_msgs/local/lib/python3.10/dist-packages/px4_msgs/msg/_estimator_status.py\n'}
[7.354563] (px4_msgs) StdoutLine: {'line': b'-- Up-to-date: /home/stepan/ws_ros2/install/px4_msgs/local/lib/python3.10/dist-packages/px4_msgs/msg/_vehicle_roi_s.c\n'}
[7.354670] (px4_msgs) StdoutLine: {'line': b'-- Up-to-date: /home/stepan/ws_ros2/install/px4_msgs/local/lib/python3.10/dist-packages/px4_msgs/msg/_rtl_time_estimate_s.c\n'}
[7.354928] (px4_msgs) StdoutLine: {'line': b'-- Up-to-date: /home/stepan/ws_ros2/install/px4_msgs/local/lib/python3.10/dist-packages/px4_msgs/msg/_rover_steering_setpoint.py\n'}
[7.355055] (px4_msgs) StdoutLine: {'line': b'-- Up-to-date: /home/stepan/ws_ros2/install/px4_msgs/local/lib/python3.10/dist-packages/px4_msgs/msg/_rover_velocity_status.py\n'}
[7.355161] (px4_msgs) StdoutLine: {'line': b'-- Up-to-date: /home/stepan/ws_ros2/install/px4_msgs/local/lib/python3.10/dist-packages/px4_msgs/msg/_estimator_selector_status.py\n'}
[7.355274] (px4_msgs) StdoutLine: {'line': b'-- Up-to-date: /home/stepan/ws_ros2/install/px4_msgs/local/lib/python3.10/dist-packages/px4_msgs/msg/_vehicle_command_s.c\n'}
[7.355376] (px4_msgs) StdoutLine: {'line': b'-- Up-to-date: /home/stepan/ws_ros2/install/px4_msgs/local/lib/python3.10/dist-packages/px4_msgs/msg/_wheel_encoders_s.c\n'}
[7.355519] (px4_msgs) StdoutLine: {'line': b'-- Up-to-date: /home/stepan/ws_ros2/install/px4_msgs/local/lib/python3.10/dist-packages/px4_msgs/msg/_transponder_report_s.c\n'}
[7.355662] (px4_msgs) StdoutLine: {'line': b'-- Up-to-date: /home/stepan/ws_ros2/install/px4_msgs/local/lib/python3.10/dist-packages/px4_msgs/msg/_geofence_result_s.c\n'}
[7.356490] (px4_msgs) StdoutLine: {'line': b'-- Up-to-date: /home/stepan/ws_ros2/install/px4_msgs/local/lib/python3.10/dist-packages/px4_msgs/msg/_parameter_set_value_response_s.c\n'}
[7.356653] (px4_msgs) StdoutLine: {'line': b'-- Up-to-date: /home/stepan/ws_ros2/install/px4_msgs/local/lib/python3.10/dist-packages/px4_msgs/msg/_rate_ctrl_status_s.c\n'}
[7.356843] (px4_msgs) StdoutLine: {'line': b'-- Up-to-date: /home/stepan/ws_ros2/install/px4_msgs/local/lib/python3.10/dist-packages/px4_msgs/msg/_estimator_sensor_bias.py\n'}
[7.356953] (px4_msgs) StdoutLine: {'line': b'-- Up-to-date: /home/stepan/ws_ros2/install/px4_msgs/local/lib/python3.10/dist-packages/px4_msgs/msg/_fuel_tank_status.py\n'}
[7.357054] (px4_msgs) StdoutLine: {'line': b'-- Up-to-date: /home/stepan/ws_ros2/install/px4_msgs/local/lib/python3.10/dist-packages/px4_msgs/msg/_tune_control.py\n'}
[7.357189] (px4_msgs) StdoutLine: {'line': b'-- Up-to-date: /home/stepan/ws_ros2/install/px4_msgs/local/lib/python3.10/dist-packages/px4_msgs/msg/_input_rc.py\n'}
[7.357284] (px4_msgs) StdoutLine: {'line': b'-- Up-to-date: /home/stepan/ws_ros2/install/px4_msgs/local/lib/python3.10/dist-packages/px4_msgs/msg/_esc_status_s.c\n'}
[7.357479] (px4_msgs) StdoutLine: {'line': b'-- Up-to-date: /home/stepan/ws_ros2/install/px4_msgs/local/lib/python3.10/dist-packages/px4_msgs/msg/_open_drone_id_self_id.py\n'}
[7.357607] (px4_msgs) StdoutLine: {'line': b'-- Up-to-date: /home/stepan/ws_ros2/install/px4_msgs/local/lib/python3.10/dist-packages/px4_msgs/msg/_trajectory_setpoint6dof.py\n'}
[7.357973] (px4_msgs) StdoutLine: {'line': b'-- Up-to-date: /home/stepan/ws_ros2/install/px4_msgs/local/lib/python3.10/dist-packages/px4_msgs/msg/_ekf2_timestamps.py\n'}
[7.358338] (px4_msgs) StdoutLine: {'line': b'-- Up-to-date: /home/stepan/ws_ros2/install/px4_msgs/local/lib/python3.10/dist-packages/px4_msgs/msg/_gps_inject_data.py\n'}
[7.358509] (px4_msgs) StdoutLine: {'line': b'-- Up-to-date: /home/stepan/ws_ros2/install/px4_msgs/local/lib/python3.10/dist-packages/px4_msgs/msg/_debug_value_s.c\n'}
[7.358623] (px4_msgs) StdoutLine: {'line': b'-- Up-to-date: /home/stepan/ws_ros2/install/px4_msgs/local/lib/python3.10/dist-packages/px4_msgs/msg/_rover_position_setpoint_s.c\n'}
[7.358807] (px4_msgs) StdoutLine: {'line': b'-- Up-to-date: /home/stepan/ws_ros2/install/px4_msgs/local/lib/python3.10/dist-packages/px4_msgs/msg/_open_drone_id_system_s.c\n'}
[7.358973] (px4_msgs) StdoutLine: {'line': b'-- Up-to-date: /home/stepan/ws_ros2/install/px4_msgs/local/lib/python3.10/dist-packages/px4_msgs/msg/_vehicle_optical_flow.py\n'}
[7.359101] (px4_msgs) StdoutLine: {'line': b'-- Up-to-date: /home/stepan/ws_ros2/install/px4_msgs/local/lib/python3.10/dist-packages/px4_msgs/msg/_sensor_accel_fifo.py\n'}
[7.359362] (px4_msgs) StdoutLine: {'line': b'-- Up-to-date: /home/stepan/ws_ros2/install/px4_msgs/local/lib/python3.10/dist-packages/px4_msgs/msg/_offboard_control_mode_s.c\n'}
[7.359516] (px4_msgs) StdoutLine: {'line': b'-- Up-to-date: /home/stepan/ws_ros2/install/px4_msgs/local/lib/python3.10/dist-packages/px4_msgs/msg/_launch_detection_status.py\n'}
[7.359762] (px4_msgs) StdoutLine: {'line': b'-- Up-to-date: /home/stepan/ws_ros2/install/px4_msgs/local/lib/python3.10/dist-packages/px4_msgs/msg/_vehicle_attitude_s.c\n'}
[7.360176] (-) TimerEvent: {}
[7.361600] (px4_msgs) StdoutLine: {'line': b'-- Up-to-date: /home/stepan/ws_ros2/install/px4_msgs/local/lib/python3.10/dist-packages/px4_msgs/msg/_gimbal_manager_information_s.c\n'}
[7.361894] (px4_msgs) StdoutLine: {'line': b'-- Up-to-date: /home/stepan/ws_ros2/install/px4_msgs/local/lib/python3.10/dist-packages/px4_msgs/msg/_vehicle_control_mode_s.c\n'}
[7.362067] (px4_msgs) StdoutLine: {'line': b'-- Up-to-date: /home/stepan/ws_ros2/install/px4_msgs/local/lib/python3.10/dist-packages/px4_msgs/msg/_mission_s.c\n'}
[7.362262] (px4_msgs) StdoutLine: {'line': b'-- Up-to-date: /home/stepan/ws_ros2/install/px4_msgs/local/lib/python3.10/dist-packages/px4_msgs/msg/_estimator_aid_source3d.py\n'}
[7.362459] (px4_msgs) StdoutLine: {'line': b'-- Up-to-date: /home/stepan/ws_ros2/install/px4_msgs/local/lib/python3.10/dist-packages/px4_msgs/msg/_orbit_status.py\n'}
[7.362601] (px4_msgs) StdoutLine: {'line': b'-- Up-to-date: /home/stepan/ws_ros2/install/px4_msgs/local/lib/python3.10/dist-packages/px4_msgs/msg/_actuator_motors.py\n'}
[7.362757] (px4_msgs) StdoutLine: {'line': b'-- Up-to-date: /home/stepan/ws_ros2/install/px4_msgs/local/lib/python3.10/dist-packages/px4_msgs/msg/_logger_status_s.c\n'}
[7.363180] (px4_msgs) StdoutLine: {'line': b'-- Up-to-date: /home/stepan/ws_ros2/install/px4_msgs/local/lib/python3.10/dist-packages/px4_msgs/msg/_vtol_vehicle_status_s.c\n'}
[7.363405] (px4_msgs) StdoutLine: {'line': b'-- Up-to-date: /home/stepan/ws_ros2/install/px4_msgs/local/lib/python3.10/dist-packages/px4_msgs/msg/_figure_eight_status.py\n'}
[7.363597] (px4_msgs) StdoutLine: {'line': b'-- Up-to-date: /home/stepan/ws_ros2/install/px4_msgs/local/lib/python3.10/dist-packages/px4_msgs/msg/_fuel_tank_status_s.c\n'}
[7.363861] (px4_msgs) StdoutLine: {'line': b'-- Up-to-date: /home/stepan/ws_ros2/install/px4_msgs/local/lib/python3.10/dist-packages/px4_msgs/msg/_ping_s.c\n'}
[7.364112] (px4_msgs) StdoutLine: {'line': b'-- Up-to-date: /home/stepan/ws_ros2/install/px4_msgs/local/lib/python3.10/dist-packages/px4_msgs/msg/_vehicle_acceleration_s.c\n'}
[7.364304] (px4_msgs) StdoutLine: {'line': b'-- Up-to-date: /home/stepan/ws_ros2/install/px4_msgs/local/lib/python3.10/dist-packages/px4_msgs/msg/_vehicle_local_position_s.c\n'}
[7.364894] (px4_msgs) StdoutLine: {'line': b'-- Up-to-date: /home/stepan/ws_ros2/install/px4_msgs/local/lib/python3.10/dist-packages/px4_msgs/msg/_collision_constraints_s.c\n'}
[7.365061] (px4_msgs) StdoutLine: {'line': b'-- Up-to-date: /home/stepan/ws_ros2/install/px4_msgs/local/lib/python3.10/dist-packages/px4_msgs/msg/_gimbal_controls.py\n'}
[7.365196] (px4_msgs) StdoutLine: {'line': b'-- Up-to-date: /home/stepan/ws_ros2/install/px4_msgs/local/lib/python3.10/dist-packages/px4_msgs/msg/_vehicle_imu_s.c\n'}
[7.365323] (px4_msgs) StdoutLine: {'line': b'-- Up-to-date: /home/stepan/ws_ros2/install/px4_msgs/local/lib/python3.10/dist-packages/px4_msgs/msg/_heater_status_s.c\n'}
[7.365462] (px4_msgs) StdoutLine: {'line': b'-- Up-to-date: /home/stepan/ws_ros2/install/px4_msgs/local/lib/python3.10/dist-packages/px4_msgs/msg/_differential_pressure_s.c\n'}
[7.365584] (px4_msgs) StdoutLine: {'line': b'-- Up-to-date: /home/stepan/ws_ros2/install/px4_msgs/local/lib/python3.10/dist-packages/px4_msgs/msg/_geofence_status.py\n'}
[7.365702] (px4_msgs) StdoutLine: {'line': b'-- Up-to-date: /home/stepan/ws_ros2/install/px4_msgs/local/lib/python3.10/dist-packages/px4_msgs/msg/_sensor_airflow_s.c\n'}
[7.365849] (px4_msgs) StdoutLine: {'line': b'-- Up-to-date: /home/stepan/ws_ros2/install/px4_msgs/local/lib/python3.10/dist-packages/px4_msgs/msg/_timesync_status.py\n'}
[7.365971] (px4_msgs) StdoutLine: {'line': b'-- Up-to-date: /home/stepan/ws_ros2/install/px4_msgs/local/lib/python3.10/dist-packages/px4_msgs/msg/_power_button_state.py\n'}
[7.366112] (px4_msgs) StdoutLine: {'line': b'-- Up-to-date: /home/stepan/ws_ros2/install/px4_msgs/local/lib/python3.10/dist-packages/px4_msgs/msg/_uavcan_parameter_value_s.c\n'}
[7.366279] (px4_msgs) StdoutLine: {'line': b'-- Up-to-date: /home/stepan/ws_ros2/install/px4_msgs/local/lib/python3.10/dist-packages/px4_msgs/msg/_orbit_status_s.c\n'}
[7.366531] (px4_msgs) StdoutLine: {'line': b'-- Up-to-date: /home/stepan/ws_ros2/install/px4_msgs/local/lib/python3.10/dist-packages/px4_msgs/msg/_camera_capture.py\n'}
[7.366913] (px4_msgs) StdoutLine: {'line': b'-- Up-to-date: /home/stepan/ws_ros2/install/px4_msgs/local/lib/python3.10/dist-packages/px4_msgs/msg/_cpuload_s.c\n'}
[7.367330] (px4_msgs) StdoutLine: {'line': b'-- Up-to-date: /home/stepan/ws_ros2/install/px4_msgs/local/lib/python3.10/dist-packages/px4_msgs/msg/_open_drone_id_arm_status.py\n'}
[7.367598] (px4_msgs) StdoutLine: {'line': b'-- Up-to-date: /home/stepan/ws_ros2/install/px4_msgs/local/lib/python3.10/dist-packages/px4_msgs/msg/_mount_orientation.py\n'}
[7.367733] (px4_msgs) StdoutLine: {'line': b'-- Up-to-date: /home/stepan/ws_ros2/install/px4_msgs/local/lib/python3.10/dist-packages/px4_msgs/msg/_estimator_aid_source2d.py\n'}
[7.367897] (px4_msgs) StdoutLine: {'line': b'-- Up-to-date: /home/stepan/ws_ros2/install/px4_msgs/local/lib/python3.10/dist-packages/px4_msgs/msg/_vehicle_local_position_setpoint.py\n'}
[7.368104] (px4_msgs) StdoutLine: {'line': b'-- Up-to-date: /home/stepan/ws_ros2/install/px4_msgs/local/lib/python3.10/dist-packages/px4_msgs/msg/_uavcan_parameter_request.py\n'}
[7.368567] (px4_msgs) StdoutLine: {'line': b'-- Up-to-date: /home/stepan/ws_ros2/install/px4_msgs/local/lib/python3.10/dist-packages/px4_msgs/msg/_actuator_controls_status_s.c\n'}
[7.369135] (px4_msgs) StdoutLine: {'line': b'-- Up-to-date: /home/stepan/ws_ros2/install/px4_msgs/local/lib/python3.10/dist-packages/px4_msgs/msg/_wind_s.c\n'}
[7.369378] (px4_msgs) StdoutLine: {'line': b'-- Up-to-date: /home/stepan/ws_ros2/install/px4_msgs/local/lib/python3.10/dist-packages/px4_msgs/msg/_internal_combustion_engine_control_s.c\n'}
[7.369696] (px4_msgs) StdoutLine: {'line': b'-- Up-to-date: /home/stepan/ws_ros2/install/px4_msgs/local/lib/python3.10/dist-packages/px4_msgs/msg/_qshell_retval.py\n'}
[7.370034] (px4_msgs) StdoutLine: {'line': b'-- Up-to-date: /home/stepan/ws_ros2/install/px4_msgs/local/lib/python3.10/dist-packages/px4_msgs/msg/_heater_status.py\n'}
[7.370147] (px4_msgs) StdoutLine: {'line': b'-- Up-to-date: /home/stepan/ws_ros2/install/px4_msgs/local/lib/python3.10/dist-packages/px4_msgs/msg/_sensor_combined.py\n'}
[7.370298] (px4_msgs) StdoutLine: {'line': b'-- Up-to-date: /home/stepan/ws_ros2/install/px4_msgs/local/lib/python3.10/dist-packages/px4_msgs/msg/_open_drone_id_operator_id.py\n'}
[7.371645] (px4_msgs) StdoutLine: {'line': b'-- Up-to-date: /home/stepan/ws_ros2/install/px4_msgs/local/lib/python3.10/dist-packages/px4_msgs/msg/_distance_sensor_mode_change_request_s.c\n'}
[7.371926] (px4_msgs) StdoutLine: {'line': b'-- Up-to-date: /home/stepan/ws_ros2/install/px4_msgs/local/lib/python3.10/dist-packages/px4_msgs/msg/_can_interface_status.py\n'}
[7.372128] (px4_msgs) StdoutLine: {'line': b'-- Up-to-date: /home/stepan/ws_ros2/install/px4_msgs/local/lib/python3.10/dist-packages/px4_msgs/msg/_camera_trigger.py\n'}
[7.372265] (px4_msgs) StdoutLine: {'line': b'-- Up-to-date: /home/stepan/ws_ros2/install/px4_msgs/local/lib/python3.10/dist-packages/px4_msgs/msg/_message_format_request.py\n'}
[7.372401] (px4_msgs) StdoutLine: {'line': b'-- Up-to-date: /home/stepan/ws_ros2/install/px4_msgs/local/lib/python3.10/dist-packages/px4_msgs/msg/_actuator_servos.py\n'}
[7.372569] (px4_msgs) StdoutLine: {'line': b'-- Up-to-date: /home/stepan/ws_ros2/install/px4_msgs/local/lib/python3.10/dist-packages/px4_msgs/msg/_vehicle_magnetometer.py\n'}
[7.372706] (px4_msgs) StdoutLine: {'line': b'-- Up-to-date: /home/stepan/ws_ros2/install/px4_msgs/local/lib/python3.10/dist-packages/px4_msgs/msg/_estimator_aid_source3d_s.c\n'}
[7.372994] (px4_msgs) StdoutLine: {'line': b'-- Up-to-date: /home/stepan/ws_ros2/install/px4_msgs/local/lib/python3.10/dist-packages/px4_msgs/msg/_gpio_out.py\n'}
[7.373094] (px4_msgs) StdoutLine: {'line': b'-- Up-to-date: /home/stepan/ws_ros2/install/px4_msgs/local/lib/python3.10/dist-packages/px4_msgs/msg/_yaw_estimator_status_s.c\n'}
[7.373199] (px4_msgs) StdoutLine: {'line': b'-- Up-to-date: /home/stepan/ws_ros2/install/px4_msgs/local/lib/python3.10/dist-packages/px4_msgs/msg/_vehicle_thrust_setpoint.py\n'}
[7.373369] (px4_msgs) StdoutLine: {'line': b'-- Up-to-date: /home/stepan/ws_ros2/install/px4_msgs/local/lib/python3.10/dist-packages/px4_msgs/msg/_goto_setpoint_s.c\n'}
[7.373651] (px4_msgs) StdoutLine: {'line': b'-- Up-to-date: /home/stepan/ws_ros2/install/px4_msgs/local/lib/python3.10/dist-packages/px4_msgs/msg/_npfg_status_s.c\n'}
[7.374130] (px4_msgs) StdoutLine: {'line': b'-- Up-to-date: /home/stepan/ws_ros2/install/px4_msgs/local/lib/python3.10/dist-packages/px4_msgs/msg/_estimator_bias_s.c\n'}
[7.374243] (px4_msgs) StdoutLine: {'line': b'-- Up-to-date: /home/stepan/ws_ros2/install/px4_msgs/local/lib/python3.10/dist-packages/px4_msgs/msg/_figure_eight_status_s.c\n'}
[7.374334] (px4_msgs) StdoutLine: {'line': b'-- Up-to-date: /home/stepan/ws_ros2/install/px4_msgs/local/lib/python3.10/dist-packages/px4_msgs/msg/_pps_capture.py\n'}
[7.374439] (px4_msgs) StdoutLine: {'line': b'-- Up-to-date: /home/stepan/ws_ros2/install/px4_msgs/local/lib/python3.10/dist-packages/px4_msgs/msg/_airspeed_wind.py\n'}
[7.374562] (px4_msgs) StdoutLine: {'line': b'-- Up-to-date: /home/stepan/ws_ros2/install/px4_msgs/local/lib/python3.10/dist-packages/px4_msgs/msg/_vtol_vehicle_status.py\n'}
[7.374657] (px4_msgs) StdoutLine: {'line': b'-- Up-to-date: /home/stepan/ws_ros2/install/px4_msgs/local/lib/python3.10/dist-packages/px4_msgs/msg/_telemetry_status_s.c\n'}
[7.374869] (px4_msgs) StdoutLine: {'line': b'-- Up-to-date: /home/stepan/ws_ros2/install/px4_msgs/local/lib/python3.10/dist-packages/px4_msgs/msg/_tecs_status.py\n'}
[7.375063] (px4_msgs) StdoutLine: {'line': b'-- Up-to-date: /home/stepan/ws_ros2/install/px4_msgs/local/lib/python3.10/dist-packages/px4_msgs/msg/_vehicle_optical_flow_vel.py\n'}
[7.375219] (px4_msgs) StdoutLine: {'line': b'-- Up-to-date: /home/stepan/ws_ros2/install/px4_msgs/local/lib/python3.10/dist-packages/px4_msgs/msg/_estimator_states_s.c\n'}
[7.375370] (px4_msgs) StdoutLine: {'line': b'-- Up-to-date: /home/stepan/ws_ros2/install/px4_msgs/local/lib/python3.10/dist-packages/px4_msgs/msg/_event.py\n'}
[7.375609] (px4_msgs) StdoutLine: {'line': b'-- Up-to-date: /home/stepan/ws_ros2/install/px4_msgs/local/lib/python3.10/dist-packages/px4_msgs/msg/_estimator_gps_status_s.c\n'}
[7.375999] (px4_msgs) StdoutLine: {'line': b'-- Up-to-date: /home/stepan/ws_ros2/install/px4_msgs/local/lib/python3.10/dist-packages/px4_msgs/msg/_vehicle_optical_flow_s.c\n'}
[7.376187] (px4_msgs) StdoutLine: {'line': b'-- Up-to-date: /home/stepan/ws_ros2/install/px4_msgs/local/lib/python3.10/dist-packages/px4_msgs/msg/_sensor_accel_fifo_s.c\n'}
[7.376331] (px4_msgs) StdoutLine: {'line': b'-- Up-to-date: /home/stepan/ws_ros2/install/px4_msgs/local/lib/python3.10/dist-packages/px4_msgs/msg/_debug_value.py\n'}
[7.376492] (px4_msgs) StdoutLine: {'line': b'-- Up-to-date: /home/stepan/ws_ros2/install/px4_msgs/local/lib/python3.10/dist-packages/px4_msgs/msg/_estimator_status_s.c\n'}
[7.376676] (px4_msgs) StdoutLine: {'line': b'-- Up-to-date: /home/stepan/ws_ros2/install/px4_msgs/local/lib/python3.10/dist-packages/px4_msgs/msg/_gripper.py\n'}
[7.376886] (px4_msgs) StdoutLine: {'line': b'-- Up-to-date: /home/stepan/ws_ros2/install/px4_msgs/local/lib/python3.10/dist-packages/px4_msgs/msg/_qshell_retval_s.c\n'}
[7.377050] (px4_msgs) StdoutLine: {'line': b'-- Up-to-date: /home/stepan/ws_ros2/install/px4_msgs/local/lib/python3.10/dist-packages/px4_msgs/msg/_position_controller_landing_status.py\n'}
[7.377160] (px4_msgs) StdoutLine: {'line': b'-- Up-to-date: /home/stepan/ws_ros2/install/px4_msgs/local/lib/python3.10/dist-packages/px4_msgs/msg/_home_position.py\n'}
[7.377273] (px4_msgs) StdoutLine: {'line': b'-- Up-to-date: /home/stepan/ws_ros2/install/px4_msgs/local/lib/python3.10/dist-packages/px4_msgs/msg/_task_stack_info.py\n'}
[7.377397] (px4_msgs) StdoutLine: {'line': b'-- Up-to-date: /home/stepan/ws_ros2/install/px4_msgs/local/lib/python3.10/dist-packages/px4_msgs/msg/_action_request_s.c\n'}
[7.377674] (px4_msgs) StdoutLine: {'line': b'-- Up-to-date: /home/stepan/ws_ros2/install/px4_msgs/local/lib/python3.10/dist-packages/px4_msgs/msg/_gimbal_manager_information.py\n'}
[7.377871] (px4_msgs) StdoutLine: {'line': b'-- Up-to-date: /home/stepan/ws_ros2/install/px4_msgs/local/lib/python3.10/dist-packages/px4_msgs/msg/_landing_target_pose.py\n'}
[7.378041] (px4_msgs) StdoutLine: {'line': b'-- Up-to-date: /home/stepan/ws_ros2/install/px4_msgs/local/lib/python3.10/dist-packages/px4_msgs/msg/_mag_worker_data.py\n'}
[7.378185] (px4_msgs) StdoutLine: {'line': b'-- Up-to-date: /home/stepan/ws_ros2/install/px4_msgs/local/lib/python3.10/dist-packages/px4_msgs/msg/_orb_test_s.c\n'}
[7.378326] (px4_msgs) StdoutLine: {'line': b'-- Up-to-date: /home/stepan/ws_ros2/install/px4_msgs/local/lib/python3.10/dist-packages/px4_msgs/msg/_rtl_status_s.c\n'}
[7.378491] (px4_msgs) StdoutLine: {'line': b'-- Up-to-date: /home/stepan/ws_ros2/install/px4_msgs/local/lib/python3.10/dist-packages/px4_msgs/msg/_vehicle_local_position.py\n'}
[7.378584] (px4_msgs) StdoutLine: {'line': b'-- Up-to-date: /home/stepan/ws_ros2/install/px4_msgs/local/lib/python3.10/dist-packages/px4_msgs/msg/_health_report_s.c\n'}
[7.378675] (px4_msgs) StdoutLine: {'line': b'-- Up-to-date: /home/stepan/ws_ros2/install/px4_msgs/local/lib/python3.10/dist-packages/px4_msgs/msg/_tiltrotor_extra_controls_s.c\n'}
[7.378798] (px4_msgs) StdoutLine: {'line': b'-- Up-to-date: /home/stepan/ws_ros2/install/px4_msgs/local/lib/python3.10/dist-packages/px4_msgs/msg/_sensor_uwb_s.c\n'}
[7.378942] (px4_msgs) StdoutLine: {'line': b'-- Up-to-date: /home/stepan/ws_ros2/install/px4_msgs/local/lib/python3.10/dist-packages/px4_msgs/msg/_yaw_estimator_status.py\n'}
[7.379064] (px4_msgs) StdoutLine: {'line': b'-- Up-to-date: /home/stepan/ws_ros2/install/px4_msgs/local/lib/python3.10/dist-packages/px4_msgs/msg/_esc_status.py\n'}
[7.379155] (px4_msgs) StdoutLine: {'line': b'-- Up-to-date: /home/stepan/ws_ros2/install/px4_msgs/local/lib/python3.10/dist-packages/px4_msgs/msg/_rover_throttle_setpoint.py\n'}
[7.379279] (px4_msgs) StdoutLine: {'line': b'-- Up-to-date: /home/stepan/ws_ros2/install/px4_msgs/local/lib/python3.10/dist-packages/px4_msgs/msg/_manual_control_setpoint_s.c\n'}
[7.379422] (px4_msgs) StdoutLine: {'line': b'-- Up-to-date: /home/stepan/ws_ros2/install/px4_msgs/local/lib/python3.10/dist-packages/px4_msgs/msg/_radio_status.py\n'}
[7.379562] (px4_msgs) StdoutLine: {'line': b'-- Up-to-date: /home/stepan/ws_ros2/install/px4_msgs/local/lib/python3.10/dist-packages/px4_msgs/msg/_rc_parameter_map.py\n'}
[7.379696] (px4_msgs) StdoutLine: {'line': b'-- Up-to-date: /home/stepan/ws_ros2/install/px4_msgs/local/lib/python3.10/dist-packages/px4_msgs/msg/_distance_sensor_mode_change_request.py\n'}
[7.379865] (px4_msgs) StdoutLine: {'line': b'-- Up-to-date: /home/stepan/ws_ros2/install/px4_msgs/local/lib/python3.10/dist-packages/px4_msgs/msg/_iridiumsbd_status_s.c\n'}
[7.379959] (px4_msgs) StdoutLine: {'line': b'-- Up-to-date: /home/stepan/ws_ros2/install/px4_msgs/local/lib/python3.10/dist-packages/px4_msgs/msg/_gimbal_manager_set_manual_control.py\n'}
[7.380049] (px4_msgs) StdoutLine: {'line': b'-- Up-to-date: /home/stepan/ws_ros2/install/px4_msgs/local/lib/python3.10/dist-packages/px4_msgs/msg/_vehicle_land_detected.py\n'}
[7.380140] (px4_msgs) StdoutLine: {'line': b'-- Up-to-date: /home/stepan/ws_ros2/install/px4_msgs/local/lib/python3.10/dist-packages/px4_msgs/msg/_estimator_sensor_bias_s.c\n'}
[7.380230] (px4_msgs) StdoutLine: {'line': b'-- Up-to-date: /home/stepan/ws_ros2/install/px4_msgs/local/lib/python3.10/dist-packages/px4_msgs/msg/_arming_check_request_s.c\n'}
[7.380334] (px4_msgs) StdoutLine: {'line': b'-- Up-to-date: /home/stepan/ws_ros2/install/px4_msgs/local/lib/python3.10/dist-packages/px4_msgs/msg/_position_controller_status.py\n'}
[7.380478] (px4_msgs) StdoutLine: {'line': b'-- Up-to-date: /home/stepan/ws_ros2/install/px4_msgs/local/lib/python3.10/dist-packages/px4_msgs/msg/_actuator_test.py\n'}
[7.380656] (px4_msgs) StdoutLine: {'line': b'-- Up-to-date: /home/stepan/ws_ros2/install/px4_msgs/local/lib/python3.10/dist-packages/px4_msgs/msg/_gpio_config.py\n'}
[7.380979] (px4_msgs) StdoutLine: {'line': b'-- Up-to-date: /home/stepan/ws_ros2/install/px4_msgs/local/lib/python3.10/dist-packages/px4_msgs/msg/_mission_result.py\n'}
[7.381135] (px4_msgs) StdoutLine: {'line': b'-- Up-to-date: /home/stepan/ws_ros2/install/px4_msgs/local/lib/python3.10/dist-packages/px4_msgs/msg/_estimator_event_flags_s.c\n'}
[7.381269] (px4_msgs) StdoutLine: {'line': b'-- Up-to-date: /home/stepan/ws_ros2/install/px4_msgs/local/lib/python3.10/dist-packages/px4_msgs/msg/_navigator_status.py\n'}
[7.381559] (px4_msgs) StdoutLine: {'line': b'-- Up-to-date: /home/stepan/ws_ros2/install/px4_msgs/local/lib/python3.10/dist-packages/px4_msgs/msg/_vehicle_angular_velocity.py\n'}
[7.382081] (px4_msgs) StdoutLine: {'line': b'-- Up-to-date: /home/stepan/ws_ros2/install/px4_msgs/local/lib/python3.10/dist-packages/px4_msgs/px4_msgs_s__rosidl_typesupport_c.cpython-310-x86_64-linux-gnu.so\n'}
[7.382448] (px4_msgs) StdoutLine: {'line': b'-- Up-to-date: /home/stepan/ws_ros2/install/px4_msgs/local/lib/python3.10/dist-packages/px4_msgs/_px4_msgs_s.ep.rosidl_typesupport_fastrtps_c.c\n'}
[7.382636] (px4_msgs) StdoutLine: {'line': b'-- Up-to-date: /home/stepan/ws_ros2/install/px4_msgs/local/lib/python3.10/dist-packages/px4_msgs/srv\n'}
[7.382907] (px4_msgs) StdoutLine: {'line': b'-- Up-to-date: /home/stepan/ws_ros2/install/px4_msgs/local/lib/python3.10/dist-packages/px4_msgs/srv/_vehicle_command.py\n'}
[7.383432] (px4_msgs) StdoutLine: {'line': b'-- Up-to-date: /home/stepan/ws_ros2/install/px4_msgs/local/lib/python3.10/dist-packages/px4_msgs/srv/__init__.py\n'}
[7.383896] (px4_msgs) StdoutLine: {'line': b'-- Up-to-date: /home/stepan/ws_ros2/install/px4_msgs/local/lib/python3.10/dist-packages/px4_msgs/srv/_vehicle_command_s.c\n'}
[7.384058] (px4_msgs) StdoutLine: {'line': b'-- Up-to-date: /home/stepan/ws_ros2/install/px4_msgs/local/lib/python3.10/dist-packages/px4_msgs/px4_msgs_s__rosidl_typesupport_introspection_c.cpython-310-x86_64-linux-gnu.so\n'}
[7.384342] (px4_msgs) StdoutLine: {'line': b'-- Up-to-date: /home/stepan/ws_ros2/install/px4_msgs/local/lib/python3.10/dist-packages/px4_msgs/libpx4_msgs__rosidl_generator_py.so\n'}
[7.385120] (px4_msgs) StdoutLine: {'line': b"Listing '/home/stepan/ws_ros2/install/px4_msgs/local/lib/python3.10/dist-packages/px4_msgs'...\n"}
[7.385744] (px4_msgs) StdoutLine: {'line': b"Listing '/home/stepan/ws_ros2/install/px4_msgs/local/lib/python3.10/dist-packages/px4_msgs/msg'...\n"}
[7.386086] (px4_msgs) StdoutLine: {'line': b"Listing '/home/stepan/ws_ros2/install/px4_msgs/local/lib/python3.10/dist-packages/px4_msgs/srv'...\n"}
[7.386268] (px4_msgs) StdoutLine: {'line': b'-- Up-to-date: /home/stepan/ws_ros2/install/px4_msgs/local/lib/python3.10/dist-packages/px4_msgs/px4_msgs_s__rosidl_typesupport_fastrtps_c.cpython-310-x86_64-linux-gnu.so\n'}
[7.386386] (px4_msgs) StdoutLine: {'line': b'-- Up-to-date: /home/stepan/ws_ros2/install/px4_msgs/local/lib/python3.10/dist-packages/px4_msgs/px4_msgs_s__rosidl_typesupport_introspection_c.cpython-310-x86_64-linux-gnu.so\n'}
[7.386493] (px4_msgs) StdoutLine: {'line': b'-- Up-to-date: /home/stepan/ws_ros2/install/px4_msgs/local/lib/python3.10/dist-packages/px4_msgs/px4_msgs_s__rosidl_typesupport_c.cpython-310-x86_64-linux-gnu.so\n'}
[7.386595] (px4_msgs) StdoutLine: {'line': b'-- Up-to-date: /home/stepan/ws_ros2/install/px4_msgs/lib/libpx4_msgs__rosidl_generator_py.so\n'}
[7.386708] (px4_msgs) StdoutLine: {'line': b'-- Up-to-date: /home/stepan/ws_ros2/install/px4_msgs/share/px4_msgs/msg/AckermannVelocitySetpoint.idl\n'}
[7.387267] (px4_msgs) StdoutLine: {'line': b'-- Up-to-date: /home/stepan/ws_ros2/install/px4_msgs/share/px4_msgs/msg/ActionRequest.idl\n'}
[7.387674] (px4_msgs) StdoutLine: {'line': b'-- Up-to-date: /home/stepan/ws_ros2/install/px4_msgs/share/px4_msgs/msg/ActuatorArmed.idl\n'}
[7.388608] (px4_msgs) StdoutLine: {'line': b'-- Up-to-date: /home/stepan/ws_ros2/install/px4_msgs/share/px4_msgs/msg/ActuatorControlsStatus.idl\n'}
[7.389040] (px4_msgs) StdoutLine: {'line': b'-- Up-to-date: /home/stepan/ws_ros2/install/px4_msgs/share/px4_msgs/msg/ActuatorMotors.idl\n'}
[7.389259] (px4_msgs) StdoutLine: {'line': b'-- Up-to-date: /home/stepan/ws_ros2/install/px4_msgs/share/px4_msgs/msg/ActuatorOutputs.idl\n'}
[7.389424] (px4_msgs) StdoutLine: {'line': b'-- Up-to-date: /home/stepan/ws_ros2/install/px4_msgs/share/px4_msgs/msg/ActuatorServos.idl\n'}
[7.389578] (px4_msgs) StdoutLine: {'line': b'-- Up-to-date: /home/stepan/ws_ros2/install/px4_msgs/share/px4_msgs/msg/ActuatorServosTrim.idl\n'}
[7.389759] (px4_msgs) StdoutLine: {'line': b'-- Up-to-date: /home/stepan/ws_ros2/install/px4_msgs/share/px4_msgs/msg/ActuatorTest.idl\n'}
[7.390042] (px4_msgs) StdoutLine: {'line': b'-- Up-to-date: /home/stepan/ws_ros2/install/px4_msgs/share/px4_msgs/msg/AdcReport.idl\n'}
[7.390204] (px4_msgs) StdoutLine: {'line': b'-- Up-to-date: /home/stepan/ws_ros2/install/px4_msgs/share/px4_msgs/msg/Airspeed.idl\n'}
[7.390401] (px4_msgs) StdoutLine: {'line': b'-- Up-to-date: /home/stepan/ws_ros2/install/px4_msgs/share/px4_msgs/msg/AirspeedValidated.idl\n'}
[7.390603] (px4_msgs) StdoutLine: {'line': b'-- Up-to-date: /home/stepan/ws_ros2/install/px4_msgs/share/px4_msgs/msg/AirspeedWind.idl\n'}
[7.391016] (px4_msgs) StdoutLine: {'line': b'-- Up-to-date: /home/stepan/ws_ros2/install/px4_msgs/share/px4_msgs/msg/ArmingCheckReply.idl\n'}
[7.391446] (px4_msgs) StdoutLine: {'line': b'-- Up-to-date: /home/stepan/ws_ros2/install/px4_msgs/share/px4_msgs/msg/ArmingCheckRequest.idl\n'}
[7.391810] (px4_msgs) StdoutLine: {'line': b'-- Up-to-date: /home/stepan/ws_ros2/install/px4_msgs/share/px4_msgs/msg/AutotuneAttitudeControlStatus.idl\n'}
[7.391994] (px4_msgs) StdoutLine: {'line': b'-- Up-to-date: /home/stepan/ws_ros2/install/px4_msgs/share/px4_msgs/msg/BatteryStatus.idl\n'}
[7.392136] (px4_msgs) StdoutLine: {'line': b'-- Up-to-date: /home/stepan/ws_ros2/install/px4_msgs/share/px4_msgs/msg/ButtonEvent.idl\n'}
[7.392257] (px4_msgs) StdoutLine: {'line': b'-- Up-to-date: /home/stepan/ws_ros2/install/px4_msgs/share/px4_msgs/msg/CameraCapture.idl\n'}
[7.392445] (px4_msgs) StdoutLine: {'line': b'-- Up-to-date: /home/stepan/ws_ros2/install/px4_msgs/share/px4_msgs/msg/CameraStatus.idl\n'}
[7.392742] (px4_msgs) StdoutLine: {'line': b'-- Up-to-date: /home/stepan/ws_ros2/install/px4_msgs/share/px4_msgs/msg/CameraTrigger.idl\n'}
[7.393199] (px4_msgs) StdoutLine: {'line': b'-- Up-to-date: /home/stepan/ws_ros2/install/px4_msgs/share/px4_msgs/msg/CanInterfaceStatus.idl\n'}
[7.393417] (px4_msgs) StdoutLine: {'line': b'-- Up-to-date: /home/stepan/ws_ros2/install/px4_msgs/share/px4_msgs/msg/CellularStatus.idl\n'}
[7.393599] (px4_msgs) StdoutLine: {'line': b'-- Up-to-date: /home/stepan/ws_ros2/install/px4_msgs/share/px4_msgs/msg/CollisionConstraints.idl\n'}
[7.393823] (px4_msgs) StdoutLine: {'line': b'-- Up-to-date: /home/stepan/ws_ros2/install/px4_msgs/share/px4_msgs/msg/ConfigOverrides.idl\n'}
[7.394152] (px4_msgs) StdoutLine: {'line': b'-- Up-to-date: /home/stepan/ws_ros2/install/px4_msgs/share/px4_msgs/msg/ControlAllocatorStatus.idl\n'}
[7.394314] (px4_msgs) StdoutLine: {'line': b'-- Up-to-date: /home/stepan/ws_ros2/install/px4_msgs/share/px4_msgs/msg/Cpuload.idl\n'}
[7.394480] (px4_msgs) StdoutLine: {'line': b'-- Up-to-date: /home/stepan/ws_ros2/install/px4_msgs/share/px4_msgs/msg/DatamanRequest.idl\n'}
[7.394640] (px4_msgs) StdoutLine: {'line': b'-- Up-to-date: /home/stepan/ws_ros2/install/px4_msgs/share/px4_msgs/msg/DatamanResponse.idl\n'}
[7.394973] (px4_msgs) StdoutLine: {'line': b'-- Up-to-date: /home/stepan/ws_ros2/install/px4_msgs/share/px4_msgs/msg/DebugArray.idl\n'}
[7.395165] (px4_msgs) StdoutLine: {'line': b'-- Up-to-date: /home/stepan/ws_ros2/install/px4_msgs/share/px4_msgs/msg/DebugKeyValue.idl\n'}
[7.395314] (px4_msgs) StdoutLine: {'line': b'-- Up-to-date: /home/stepan/ws_ros2/install/px4_msgs/share/px4_msgs/msg/DebugValue.idl\n'}
[7.395459] (px4_msgs) StdoutLine: {'line': b'-- Up-to-date: /home/stepan/ws_ros2/install/px4_msgs/share/px4_msgs/msg/DebugVect.idl\n'}
[7.395602] (px4_msgs) StdoutLine: {'line': b'-- Up-to-date: /home/stepan/ws_ros2/install/px4_msgs/share/px4_msgs/msg/DifferentialPressure.idl\n'}
[7.395764] (px4_msgs) StdoutLine: {'line': b'-- Up-to-date: /home/stepan/ws_ros2/install/px4_msgs/share/px4_msgs/msg/DistanceSensor.idl\n'}
[7.396036] (px4_msgs) StdoutLine: {'line': b'-- Up-to-date: /home/stepan/ws_ros2/install/px4_msgs/share/px4_msgs/msg/DistanceSensorModeChangeRequest.idl\n'}
[7.396224] (px4_msgs) StdoutLine: {'line': b'-- Up-to-date: /home/stepan/ws_ros2/install/px4_msgs/share/px4_msgs/msg/Ekf2Timestamps.idl\n'}
[7.396346] (px4_msgs) StdoutLine: {'line': b'-- Up-to-date: /home/stepan/ws_ros2/install/px4_msgs/share/px4_msgs/msg/EscReport.idl\n'}
[7.396485] (px4_msgs) StdoutLine: {'line': b'-- Up-to-date: /home/stepan/ws_ros2/install/px4_msgs/share/px4_msgs/msg/EscStatus.idl\n'}
[7.396634] (px4_msgs) StdoutLine: {'line': b'-- Up-to-date: /home/stepan/ws_ros2/install/px4_msgs/share/px4_msgs/msg/EstimatorAidSource1d.idl\n'}
[7.396829] (px4_msgs) StdoutLine: {'line': b'-- Up-to-date: /home/stepan/ws_ros2/install/px4_msgs/share/px4_msgs/msg/EstimatorAidSource2d.idl\n'}
[7.396992] (px4_msgs) StdoutLine: {'line': b'-- Up-to-date: /home/stepan/ws_ros2/install/px4_msgs/share/px4_msgs/msg/EstimatorAidSource3d.idl\n'}
[7.397156] (px4_msgs) StdoutLine: {'line': b'-- Up-to-date: /home/stepan/ws_ros2/install/px4_msgs/share/px4_msgs/msg/EstimatorBias.idl\n'}
[7.397298] (px4_msgs) StdoutLine: {'line': b'-- Up-to-date: /home/stepan/ws_ros2/install/px4_msgs/share/px4_msgs/msg/EstimatorBias3d.idl\n'}
[7.397433] (px4_msgs) StdoutLine: {'line': b'-- Up-to-date: /home/stepan/ws_ros2/install/px4_msgs/share/px4_msgs/msg/EstimatorEventFlags.idl\n'}
[7.397565] (px4_msgs) StdoutLine: {'line': b'-- Up-to-date: /home/stepan/ws_ros2/install/px4_msgs/share/px4_msgs/msg/EstimatorGpsStatus.idl\n'}
[7.397670] (px4_msgs) StdoutLine: {'line': b'-- Up-to-date: /home/stepan/ws_ros2/install/px4_msgs/share/px4_msgs/msg/EstimatorInnovations.idl\n'}
[7.397826] (px4_msgs) StdoutLine: {'line': b'-- Up-to-date: /home/stepan/ws_ros2/install/px4_msgs/share/px4_msgs/msg/EstimatorSelectorStatus.idl\n'}
[7.397935] (px4_msgs) StdoutLine: {'line': b'-- Up-to-date: /home/stepan/ws_ros2/install/px4_msgs/share/px4_msgs/msg/EstimatorSensorBias.idl\n'}
[7.398057] (px4_msgs) StdoutLine: {'line': b'-- Up-to-date: /home/stepan/ws_ros2/install/px4_msgs/share/px4_msgs/msg/EstimatorStates.idl\n'}
[7.398148] (px4_msgs) StdoutLine: {'line': b'-- Up-to-date: /home/stepan/ws_ros2/install/px4_msgs/share/px4_msgs/msg/EstimatorStatus.idl\n'}
[7.398239] (px4_msgs) StdoutLine: {'line': b'-- Up-to-date: /home/stepan/ws_ros2/install/px4_msgs/share/px4_msgs/msg/EstimatorStatusFlags.idl\n'}
[7.398339] (px4_msgs) StdoutLine: {'line': b'-- Up-to-date: /home/stepan/ws_ros2/install/px4_msgs/share/px4_msgs/msg/Event.idl\n'}
[7.398461] (px4_msgs) StdoutLine: {'line': b'-- Up-to-date: /home/stepan/ws_ros2/install/px4_msgs/share/px4_msgs/msg/FailsafeFlags.idl\n'}
[7.398669] (px4_msgs) StdoutLine: {'line': b'-- Up-to-date: /home/stepan/ws_ros2/install/px4_msgs/share/px4_msgs/msg/FailureDetectorStatus.idl\n'}
[7.399292] (px4_msgs) StdoutLine: {'line': b'-- Up-to-date: /home/stepan/ws_ros2/install/px4_msgs/share/px4_msgs/msg/FigureEightStatus.idl\n'}
[7.399844] (px4_msgs) StdoutLine: {'line': b'-- Up-to-date: /home/stepan/ws_ros2/install/px4_msgs/share/px4_msgs/msg/FlightPhaseEstimation.idl\n'}
[7.400541] (px4_msgs) StdoutLine: {'line': b'-- Up-to-date: /home/stepan/ws_ros2/install/px4_msgs/share/px4_msgs/msg/FollowTarget.idl\n'}
[7.401178] (px4_msgs) StdoutLine: {'line': b'-- Up-to-date: /home/stepan/ws_ros2/install/px4_msgs/share/px4_msgs/msg/FollowTargetEstimator.idl\n'}
[7.401513] (px4_msgs) StdoutLine: {'line': b'-- Up-to-date: /home/stepan/ws_ros2/install/px4_msgs/share/px4_msgs/msg/FollowTargetStatus.idl\n'}
[7.402226] (px4_msgs) StdoutLine: {'line': b'-- Up-to-date: /home/stepan/ws_ros2/install/px4_msgs/share/px4_msgs/msg/FuelTankStatus.idl\n'}
[7.402486] (px4_msgs) StdoutLine: {'line': b'-- Up-to-date: /home/stepan/ws_ros2/install/px4_msgs/share/px4_msgs/msg/GeneratorStatus.idl\n'}
[7.402671] (px4_msgs) StdoutLine: {'line': b'-- Up-to-date: /home/stepan/ws_ros2/install/px4_msgs/share/px4_msgs/msg/GeofenceResult.idl\n'}
[7.402871] (px4_msgs) StdoutLine: {'line': b'-- Up-to-date: /home/stepan/ws_ros2/install/px4_msgs/share/px4_msgs/msg/GeofenceStatus.idl\n'}
[7.403593] (px4_msgs) StdoutLine: {'line': b'-- Up-to-date: /home/stepan/ws_ros2/install/px4_msgs/share/px4_msgs/msg/GimbalControls.idl\n'}
[7.403929] (px4_msgs) StdoutLine: {'line': b'-- Up-to-date: /home/stepan/ws_ros2/install/px4_msgs/share/px4_msgs/msg/GimbalDeviceAttitudeStatus.idl\n'}
[7.404983] (px4_msgs) StdoutLine: {'line': b'-- Up-to-date: /home/stepan/ws_ros2/install/px4_msgs/share/px4_msgs/msg/GimbalDeviceInformation.idl\n'}
[7.405262] (px4_msgs) StdoutLine: {'line': b'-- Up-to-date: /home/stepan/ws_ros2/install/px4_msgs/share/px4_msgs/msg/GimbalDeviceSetAttitude.idl\n'}
[7.405378] (px4_msgs) StdoutLine: {'line': b'-- Up-to-date: /home/stepan/ws_ros2/install/px4_msgs/share/px4_msgs/msg/GimbalManagerInformation.idl\n'}
[7.405476] (px4_msgs) StdoutLine: {'line': b'-- Up-to-date: /home/stepan/ws_ros2/install/px4_msgs/share/px4_msgs/msg/GimbalManagerSetAttitude.idl\n'}
[7.405584] (px4_msgs) StdoutLine: {'line': b'-- Up-to-date: /home/stepan/ws_ros2/install/px4_msgs/share/px4_msgs/msg/GimbalManagerSetManualControl.idl\n'}
[7.405811] (px4_msgs) StdoutLine: {'line': b'-- Up-to-date: /home/stepan/ws_ros2/install/px4_msgs/share/px4_msgs/msg/GimbalManagerStatus.idl\n'}
[7.406171] (px4_msgs) StdoutLine: {'line': b'-- Up-to-date: /home/stepan/ws_ros2/install/px4_msgs/share/px4_msgs/msg/GotoSetpoint.idl\n'}
[7.406298] (px4_msgs) StdoutLine: {'line': b'-- Up-to-date: /home/stepan/ws_ros2/install/px4_msgs/share/px4_msgs/msg/GpioConfig.idl\n'}
[7.406409] (px4_msgs) StdoutLine: {'line': b'-- Up-to-date: /home/stepan/ws_ros2/install/px4_msgs/share/px4_msgs/msg/GpioIn.idl\n'}
[7.406504] (px4_msgs) StdoutLine: {'line': b'-- Up-to-date: /home/stepan/ws_ros2/install/px4_msgs/share/px4_msgs/msg/GpioOut.idl\n'}
[7.406599] (px4_msgs) StdoutLine: {'line': b'-- Up-to-date: /home/stepan/ws_ros2/install/px4_msgs/share/px4_msgs/msg/GpioRequest.idl\n'}
[7.406708] (px4_msgs) StdoutLine: {'line': b'-- Up-to-date: /home/stepan/ws_ros2/install/px4_msgs/share/px4_msgs/msg/GpsDump.idl\n'}
[7.407159] (px4_msgs) StdoutLine: {'line': b'-- Up-to-date: /home/stepan/ws_ros2/install/px4_msgs/share/px4_msgs/msg/GpsInjectData.idl\n'}
[7.407346] (px4_msgs) StdoutLine: {'line': b'-- Up-to-date: /home/stepan/ws_ros2/install/px4_msgs/share/px4_msgs/msg/Gripper.idl\n'}
[7.407484] (px4_msgs) StdoutLine: {'line': b'-- Up-to-date: /home/stepan/ws_ros2/install/px4_msgs/share/px4_msgs/msg/HealthReport.idl\n'}
[7.409784] (px4_msgs) StdoutLine: {'line': b'-- Up-to-date: /home/stepan/ws_ros2/install/px4_msgs/share/px4_msgs/msg/HeaterStatus.idl\n'}
[7.411737] (px4_msgs) StdoutLine: {'line': b'-- Up-to-date: /home/stepan/ws_ros2/install/px4_msgs/share/px4_msgs/msg/HomePosition.idl\n'}
[7.411980] (px4_msgs) StdoutLine: {'line': b'-- Up-to-date: /home/stepan/ws_ros2/install/px4_msgs/share/px4_msgs/msg/HoverThrustEstimate.idl\n'}
[7.412166] (px4_msgs) StdoutLine: {'line': b'-- Up-to-date: /home/stepan/ws_ros2/install/px4_msgs/share/px4_msgs/msg/InputRc.idl\n'}
[7.412327] (px4_msgs) StdoutLine: {'line': b'-- Up-to-date: /home/stepan/ws_ros2/install/px4_msgs/share/px4_msgs/msg/InternalCombustionEngineControl.idl\n'}
[7.412474] (px4_msgs) StdoutLine: {'line': b'-- Up-to-date: /home/stepan/ws_ros2/install/px4_msgs/share/px4_msgs/msg/InternalCombustionEngineStatus.idl\n'}
[7.412577] (px4_msgs) StdoutLine: {'line': b'-- Up-to-date: /home/stepan/ws_ros2/install/px4_msgs/share/px4_msgs/msg/IridiumsbdStatus.idl\n'}
[7.412742] (px4_msgs) StdoutLine: {'line': b'-- Up-to-date: /home/stepan/ws_ros2/install/px4_msgs/share/px4_msgs/msg/IrlockReport.idl\n'}
[7.412911] (px4_msgs) StdoutLine: {'line': b'-- Up-to-date: /home/stepan/ws_ros2/install/px4_msgs/share/px4_msgs/msg/LandingGear.idl\n'}
[7.413040] (px4_msgs) StdoutLine: {'line': b'-- Up-to-date: /home/stepan/ws_ros2/install/px4_msgs/share/px4_msgs/msg/LandingGearWheel.idl\n'}
[7.413130] (px4_msgs) StdoutLine: {'line': b'-- Up-to-date: /home/stepan/ws_ros2/install/px4_msgs/share/px4_msgs/msg/LandingTargetInnovations.idl\n'}
[7.413239] (px4_msgs) StdoutLine: {'line': b'-- Up-to-date: /home/stepan/ws_ros2/install/px4_msgs/share/px4_msgs/msg/LandingTargetPose.idl\n'}
[7.413333] (px4_msgs) StdoutLine: {'line': b'-- Up-to-date: /home/stepan/ws_ros2/install/px4_msgs/share/px4_msgs/msg/LaunchDetectionStatus.idl\n'}
[7.413486] (px4_msgs) StdoutLine: {'line': b'-- Up-to-date: /home/stepan/ws_ros2/install/px4_msgs/share/px4_msgs/msg/LedControl.idl\n'}
[7.413744] (px4_msgs) StdoutLine: {'line': b'-- Up-to-date: /home/stepan/ws_ros2/install/px4_msgs/share/px4_msgs/msg/LogMessage.idl\n'}
[7.414005] (px4_msgs) StdoutLine: {'line': b'-- Up-to-date: /home/stepan/ws_ros2/install/px4_msgs/share/px4_msgs/msg/LoggerStatus.idl\n'}
[7.414113] (px4_msgs) StdoutLine: {'line': b'-- Up-to-date: /home/stepan/ws_ros2/install/px4_msgs/share/px4_msgs/msg/MagWorkerData.idl\n'}
[7.414208] (px4_msgs) StdoutLine: {'line': b'-- Up-to-date: /home/stepan/ws_ros2/install/px4_msgs/share/px4_msgs/msg/MagnetometerBiasEstimate.idl\n'}
[7.414343] (px4_msgs) StdoutLine: {'line': b'-- Up-to-date: /home/stepan/ws_ros2/install/px4_msgs/share/px4_msgs/msg/ManualControlSetpoint.idl\n'}
[7.414480] (px4_msgs) StdoutLine: {'line': b'-- Up-to-date: /home/stepan/ws_ros2/install/px4_msgs/share/px4_msgs/msg/ManualControlSwitches.idl\n'}
[7.414617] (px4_msgs) StdoutLine: {'line': b'-- Up-to-date: /home/stepan/ws_ros2/install/px4_msgs/share/px4_msgs/msg/MavlinkLog.idl\n'}
[7.414769] (px4_msgs) StdoutLine: {'line': b'-- Up-to-date: /home/stepan/ws_ros2/install/px4_msgs/share/px4_msgs/msg/MavlinkTunnel.idl\n'}
[7.414906] (px4_msgs) StdoutLine: {'line': b'-- Up-to-date: /home/stepan/ws_ros2/install/px4_msgs/share/px4_msgs/msg/MessageFormatRequest.idl\n'}
[7.415025] (px4_msgs) StdoutLine: {'line': b'-- Up-to-date: /home/stepan/ws_ros2/install/px4_msgs/share/px4_msgs/msg/MessageFormatResponse.idl\n'}
[7.415175] (px4_msgs) StdoutLine: {'line': b'-- Up-to-date: /home/stepan/ws_ros2/install/px4_msgs/share/px4_msgs/msg/Mission.idl\n'}
[7.415315] (px4_msgs) StdoutLine: {'line': b'-- Up-to-date: /home/stepan/ws_ros2/install/px4_msgs/share/px4_msgs/msg/MissionResult.idl\n'}
[7.415533] (px4_msgs) StdoutLine: {'line': b'-- Up-to-date: /home/stepan/ws_ros2/install/px4_msgs/share/px4_msgs/msg/ModeCompleted.idl\n'}
[7.415631] (px4_msgs) StdoutLine: {'line': b'-- Up-to-date: /home/stepan/ws_ros2/install/px4_msgs/share/px4_msgs/msg/MountOrientation.idl\n'}
[7.415931] (px4_msgs) StdoutLine: {'line': b'-- Up-to-date: /home/stepan/ws_ros2/install/px4_msgs/share/px4_msgs/msg/NavigatorMissionItem.idl\n'}
[7.416446] (px4_msgs) StdoutLine: {'line': b'-- Up-to-date: /home/stepan/ws_ros2/install/px4_msgs/share/px4_msgs/msg/NavigatorStatus.idl\n'}
[7.416905] (px4_msgs) StdoutLine: {'line': b'-- Up-to-date: /home/stepan/ws_ros2/install/px4_msgs/share/px4_msgs/msg/NormalizedUnsignedSetpoint.idl\n'}
[7.417301] (px4_msgs) StdoutLine: {'line': b'-- Up-to-date: /home/stepan/ws_ros2/install/px4_msgs/share/px4_msgs/msg/NpfgStatus.idl\n'}
[7.417705] (px4_msgs) StdoutLine: {'line': b'-- Up-to-date: /home/stepan/ws_ros2/install/px4_msgs/share/px4_msgs/msg/ObstacleDistance.idl\n'}
[7.418482] (px4_msgs) StdoutLine: {'line': b'-- Up-to-date: /home/stepan/ws_ros2/install/px4_msgs/share/px4_msgs/msg/OffboardControlMode.idl\n'}
[7.418764] (px4_msgs) StdoutLine: {'line': b'-- Up-to-date: /home/stepan/ws_ros2/install/px4_msgs/share/px4_msgs/msg/OnboardComputerStatus.idl\n'}
[7.419009] (px4_msgs) StdoutLine: {'line': b'-- Up-to-date: /home/stepan/ws_ros2/install/px4_msgs/share/px4_msgs/msg/OpenDroneIdArmStatus.idl\n'}
[7.419349] (px4_msgs) StdoutLine: {'line': b'-- Up-to-date: /home/stepan/ws_ros2/install/px4_msgs/share/px4_msgs/msg/OpenDroneIdOperatorId.idl\n'}
[7.419610] (px4_msgs) StdoutLine: {'line': b'-- Up-to-date: /home/stepan/ws_ros2/install/px4_msgs/share/px4_msgs/msg/OpenDroneIdSelfId.idl\n'}
[7.419855] (px4_msgs) StdoutLine: {'line': b'-- Up-to-date: /home/stepan/ws_ros2/install/px4_msgs/share/px4_msgs/msg/OpenDroneIdSystem.idl\n'}
[7.420048] (px4_msgs) StdoutLine: {'line': b'-- Up-to-date: /home/stepan/ws_ros2/install/px4_msgs/share/px4_msgs/msg/OrbTest.idl\n'}
[7.420389] (px4_msgs) StdoutLine: {'line': b'-- Up-to-date: /home/stepan/ws_ros2/install/px4_msgs/share/px4_msgs/msg/OrbTestLarge.idl\n'}
[7.420582] (px4_msgs) StdoutLine: {'line': b'-- Up-to-date: /home/stepan/ws_ros2/install/px4_msgs/share/px4_msgs/msg/OrbTestMedium.idl\n'}
[7.420692] (px4_msgs) StdoutLine: {'line': b'-- Up-to-date: /home/stepan/ws_ros2/install/px4_msgs/share/px4_msgs/msg/OrbitStatus.idl\n'}
[7.420873] (px4_msgs) StdoutLine: {'line': b'-- Up-to-date: /home/stepan/ws_ros2/install/px4_msgs/share/px4_msgs/msg/ParameterResetRequest.idl\n'}
[7.421065] (px4_msgs) StdoutLine: {'line': b'-- Up-to-date: /home/stepan/ws_ros2/install/px4_msgs/share/px4_msgs/msg/ParameterSetUsedRequest.idl\n'}
[7.421245] (px4_msgs) StdoutLine: {'line': b'-- Up-to-date: /home/stepan/ws_ros2/install/px4_msgs/share/px4_msgs/msg/ParameterSetValueRequest.idl\n'}
[7.421433] (px4_msgs) StdoutLine: {'line': b'-- Up-to-date: /home/stepan/ws_ros2/install/px4_msgs/share/px4_msgs/msg/ParameterSetValueResponse.idl\n'}
[7.421627] (px4_msgs) StdoutLine: {'line': b'-- Up-to-date: /home/stepan/ws_ros2/install/px4_msgs/share/px4_msgs/msg/ParameterUpdate.idl\n'}
[7.421800] (px4_msgs) StdoutLine: {'line': b'-- Up-to-date: /home/stepan/ws_ros2/install/px4_msgs/share/px4_msgs/msg/Ping.idl\n'}
[7.421933] (px4_msgs) StdoutLine: {'line': b'-- Up-to-date: /home/stepan/ws_ros2/install/px4_msgs/share/px4_msgs/msg/PositionControllerLandingStatus.idl\n'}
[7.422033] (px4_msgs) StdoutLine: {'line': b'-- Up-to-date: /home/stepan/ws_ros2/install/px4_msgs/share/px4_msgs/msg/PositionControllerStatus.idl\n'}
[7.422129] (px4_msgs) StdoutLine: {'line': b'-- Up-to-date: /home/stepan/ws_ros2/install/px4_msgs/share/px4_msgs/msg/PositionSetpoint.idl\n'}
[7.422225] (px4_msgs) StdoutLine: {'line': b'-- Up-to-date: /home/stepan/ws_ros2/install/px4_msgs/share/px4_msgs/msg/PositionSetpointTriplet.idl\n'}
[7.422322] (px4_msgs) StdoutLine: {'line': b'-- Up-to-date: /home/stepan/ws_ros2/install/px4_msgs/share/px4_msgs/msg/PowerButtonState.idl\n'}
[7.422484] (px4_msgs) StdoutLine: {'line': b'-- Up-to-date: /home/stepan/ws_ros2/install/px4_msgs/share/px4_msgs/msg/PowerMonitor.idl\n'}
[7.422619] (px4_msgs) StdoutLine: {'line': b'-- Up-to-date: /home/stepan/ws_ros2/install/px4_msgs/share/px4_msgs/msg/PpsCapture.idl\n'}
[7.422741] (px4_msgs) StdoutLine: {'line': b'-- Up-to-date: /home/stepan/ws_ros2/install/px4_msgs/share/px4_msgs/msg/PurePursuitStatus.idl\n'}
[7.422877] (px4_msgs) StdoutLine: {'line': b'-- Up-to-date: /home/stepan/ws_ros2/install/px4_msgs/share/px4_msgs/msg/PwmInput.idl\n'}
[7.422976] (px4_msgs) StdoutLine: {'line': b'-- Up-to-date: /home/stepan/ws_ros2/install/px4_msgs/share/px4_msgs/msg/Px4ioStatus.idl\n'}
[7.423073] (px4_msgs) StdoutLine: {'line': b'-- Up-to-date: /home/stepan/ws_ros2/install/px4_msgs/share/px4_msgs/msg/QshellReq.idl\n'}
[7.423169] (px4_msgs) StdoutLine: {'line': b'-- Up-to-date: /home/stepan/ws_ros2/install/px4_msgs/share/px4_msgs/msg/QshellRetval.idl\n'}
[7.423266] (px4_msgs) StdoutLine: {'line': b'-- Up-to-date: /home/stepan/ws_ros2/install/px4_msgs/share/px4_msgs/msg/RadioStatus.idl\n'}
[7.423364] (px4_msgs) StdoutLine: {'line': b'-- Up-to-date: /home/stepan/ws_ros2/install/px4_msgs/share/px4_msgs/msg/RateCtrlStatus.idl\n'}
[7.423462] (px4_msgs) StdoutLine: {'line': b'-- Up-to-date: /home/stepan/ws_ros2/install/px4_msgs/share/px4_msgs/msg/RcChannels.idl\n'}
[7.423564] (px4_msgs) StdoutLine: {'line': b'-- Up-to-date: /home/stepan/ws_ros2/install/px4_msgs/share/px4_msgs/msg/RcParameterMap.idl\n'}
[7.423752] (px4_msgs) StdoutLine: {'line': b'-- Up-to-date: /home/stepan/ws_ros2/install/px4_msgs/share/px4_msgs/msg/RegisterExtComponentReply.idl\n'}
[7.424116] (px4_msgs) StdoutLine: {'line': b'-- Up-to-date: /home/stepan/ws_ros2/install/px4_msgs/share/px4_msgs/msg/RegisterExtComponentRequest.idl\n'}
[7.424290] (px4_msgs) StdoutLine: {'line': b'-- Up-to-date: /home/stepan/ws_ros2/install/px4_msgs/share/px4_msgs/msg/RoverAttitudeSetpoint.idl\n'}
[7.424391] (px4_msgs) StdoutLine: {'line': b'-- Up-to-date: /home/stepan/ws_ros2/install/px4_msgs/share/px4_msgs/msg/RoverAttitudeStatus.idl\n'}
[7.424487] (px4_msgs) StdoutLine: {'line': b'-- Up-to-date: /home/stepan/ws_ros2/install/px4_msgs/share/px4_msgs/msg/RoverPositionSetpoint.idl\n'}
[7.424583] (px4_msgs) StdoutLine: {'line': b'-- Up-to-date: /home/stepan/ws_ros2/install/px4_msgs/share/px4_msgs/msg/RoverRateSetpoint.idl\n'}
[7.424677] (px4_msgs) StdoutLine: {'line': b'-- Up-to-date: /home/stepan/ws_ros2/install/px4_msgs/share/px4_msgs/msg/RoverRateStatus.idl\n'}
[7.424920] (px4_msgs) StdoutLine: {'line': b'-- Up-to-date: /home/stepan/ws_ros2/install/px4_msgs/share/px4_msgs/msg/RoverSteeringSetpoint.idl\n'}
[7.425104] (px4_msgs) StdoutLine: {'line': b'-- Up-to-date: /home/stepan/ws_ros2/install/px4_msgs/share/px4_msgs/msg/RoverThrottleSetpoint.idl\n'}
[7.425326] (px4_msgs) StdoutLine: {'line': b'-- Up-to-date: /home/stepan/ws_ros2/install/px4_msgs/share/px4_msgs/msg/RoverVelocityStatus.idl\n'}
[7.425615] (px4_msgs) StdoutLine: {'line': b'-- Up-to-date: /home/stepan/ws_ros2/install/px4_msgs/share/px4_msgs/msg/Rpm.idl\n'}
[7.426089] (px4_msgs) StdoutLine: {'line': b'-- Up-to-date: /home/stepan/ws_ros2/install/px4_msgs/share/px4_msgs/msg/RtlStatus.idl\n'}
[7.426304] (px4_msgs) StdoutLine: {'line': b'-- Up-to-date: /home/stepan/ws_ros2/install/px4_msgs/share/px4_msgs/msg/RtlTimeEstimate.idl\n'}
[7.426457] (px4_msgs) StdoutLine: {'line': b'-- Up-to-date: /home/stepan/ws_ros2/install/px4_msgs/share/px4_msgs/msg/SatelliteInfo.idl\n'}
[7.426590] (px4_msgs) StdoutLine: {'line': b'-- Up-to-date: /home/stepan/ws_ros2/install/px4_msgs/share/px4_msgs/msg/SensorAccel.idl\n'}
[7.426799] (px4_msgs) StdoutLine: {'line': b'-- Up-to-date: /home/stepan/ws_ros2/install/px4_msgs/share/px4_msgs/msg/SensorAccelFifo.idl\n'}
[7.426939] (px4_msgs) StdoutLine: {'line': b'-- Up-to-date: /home/stepan/ws_ros2/install/px4_msgs/share/px4_msgs/msg/SensorAirflow.idl\n'}
[7.427063] (px4_msgs) StdoutLine: {'line': b'-- Up-to-date: /home/stepan/ws_ros2/install/px4_msgs/share/px4_msgs/msg/SensorBaro.idl\n'}
[7.427186] (px4_msgs) StdoutLine: {'line': b'-- Up-to-date: /home/stepan/ws_ros2/install/px4_msgs/share/px4_msgs/msg/SensorCombined.idl\n'}
[7.427482] (px4_msgs) StdoutLine: {'line': b'-- Up-to-date: /home/stepan/ws_ros2/install/px4_msgs/share/px4_msgs/msg/SensorCorrection.idl\n'}
[7.427672] (px4_msgs) StdoutLine: {'line': b'-- Up-to-date: /home/stepan/ws_ros2/install/px4_msgs/share/px4_msgs/msg/SensorGnssRelative.idl\n'}
[7.427918] (px4_msgs) StdoutLine: {'line': b'-- Up-to-date: /home/stepan/ws_ros2/install/px4_msgs/share/px4_msgs/msg/SensorGps.idl\n'}
[7.428100] (px4_msgs) StdoutLine: {'line': b'-- Up-to-date: /home/stepan/ws_ros2/install/px4_msgs/share/px4_msgs/msg/SensorGyro.idl\n'}
[7.428285] (px4_msgs) StdoutLine: {'line': b'-- Up-to-date: /home/stepan/ws_ros2/install/px4_msgs/share/px4_msgs/msg/SensorGyroFft.idl\n'}
[7.428459] (px4_msgs) StdoutLine: {'line': b'-- Up-to-date: /home/stepan/ws_ros2/install/px4_msgs/share/px4_msgs/msg/SensorGyroFifo.idl\n'}
[7.428625] (px4_msgs) StdoutLine: {'line': b'-- Up-to-date: /home/stepan/ws_ros2/install/px4_msgs/share/px4_msgs/msg/SensorHygrometer.idl\n'}
[7.429509] (px4_msgs) StdoutLine: {'line': b'-- Up-to-date: /home/stepan/ws_ros2/install/px4_msgs/share/px4_msgs/msg/SensorMag.idl\n'}
[7.429821] (px4_msgs) StdoutLine: {'line': b'-- Up-to-date: /home/stepan/ws_ros2/install/px4_msgs/share/px4_msgs/msg/SensorOpticalFlow.idl\n'}
[7.429981] (px4_msgs) StdoutLine: {'line': b'-- Up-to-date: /home/stepan/ws_ros2/install/px4_msgs/share/px4_msgs/msg/SensorPreflightMag.idl\n'}
[7.430165] (px4_msgs) StdoutLine: {'line': b'-- Up-to-date: /home/stepan/ws_ros2/install/px4_msgs/share/px4_msgs/msg/SensorSelection.idl\n'}
[7.430308] (px4_msgs) StdoutLine: {'line': b'-- Up-to-date: /home/stepan/ws_ros2/install/px4_msgs/share/px4_msgs/msg/SensorUwb.idl\n'}
[7.430445] (px4_msgs) StdoutLine: {'line': b'-- Up-to-date: /home/stepan/ws_ros2/install/px4_msgs/share/px4_msgs/msg/SensorsStatus.idl\n'}
[7.430541] (px4_msgs) StdoutLine: {'line': b'-- Up-to-date: /home/stepan/ws_ros2/install/px4_msgs/share/px4_msgs/msg/SensorsStatusImu.idl\n'}
[7.430631] (px4_msgs) StdoutLine: {'line': b'-- Up-to-date: /home/stepan/ws_ros2/install/px4_msgs/share/px4_msgs/msg/SystemPower.idl\n'}
[7.430738] (px4_msgs) StdoutLine: {'line': b'-- Up-to-date: /home/stepan/ws_ros2/install/px4_msgs/share/px4_msgs/msg/TakeoffStatus.idl\n'}
[7.430911] (px4_msgs) StdoutLine: {'line': b'-- Up-to-date: /home/stepan/ws_ros2/install/px4_msgs/share/px4_msgs/msg/TaskStackInfo.idl\n'}
[7.431055] (px4_msgs) StdoutLine: {'line': b'-- Up-to-date: /home/stepan/ws_ros2/install/px4_msgs/share/px4_msgs/msg/TecsStatus.idl\n'}
[7.431176] (px4_msgs) StdoutLine: {'line': b'-- Up-to-date: /home/stepan/ws_ros2/install/px4_msgs/share/px4_msgs/msg/TelemetryStatus.idl\n'}
[7.431310] (px4_msgs) StdoutLine: {'line': b'-- Up-to-date: /home/stepan/ws_ros2/install/px4_msgs/share/px4_msgs/msg/TiltrotorExtraControls.idl\n'}
[7.431401] (px4_msgs) StdoutLine: {'line': b'-- Up-to-date: /home/stepan/ws_ros2/install/px4_msgs/share/px4_msgs/msg/TimesyncStatus.idl\n'}
[7.431509] (px4_msgs) StdoutLine: {'line': b'-- Up-to-date: /home/stepan/ws_ros2/install/px4_msgs/share/px4_msgs/msg/TrajectorySetpoint.idl\n'}
[7.431652] (px4_msgs) StdoutLine: {'line': b'-- Up-to-date: /home/stepan/ws_ros2/install/px4_msgs/share/px4_msgs/msg/TrajectorySetpoint6dof.idl\n'}
[7.431825] (px4_msgs) StdoutLine: {'line': b'-- Up-to-date: /home/stepan/ws_ros2/install/px4_msgs/share/px4_msgs/msg/TransponderReport.idl\n'}
[7.431963] (px4_msgs) StdoutLine: {'line': b'-- Up-to-date: /home/stepan/ws_ros2/install/px4_msgs/share/px4_msgs/msg/TuneControl.idl\n'}
[7.432104] (px4_msgs) StdoutLine: {'line': b'-- Up-to-date: /home/stepan/ws_ros2/install/px4_msgs/share/px4_msgs/msg/UavcanParameterRequest.idl\n'}
[7.432302] (px4_msgs) StdoutLine: {'line': b'-- Up-to-date: /home/stepan/ws_ros2/install/px4_msgs/share/px4_msgs/msg/UavcanParameterValue.idl\n'}
[7.432459] (px4_msgs) StdoutLine: {'line': b'-- Up-to-date: /home/stepan/ws_ros2/install/px4_msgs/share/px4_msgs/msg/UlogStream.idl\n'}
[7.432551] (px4_msgs) StdoutLine: {'line': b'-- Up-to-date: /home/stepan/ws_ros2/install/px4_msgs/share/px4_msgs/msg/UlogStreamAck.idl\n'}
[7.432705] (px4_msgs) StdoutLine: {'line': b'-- Up-to-date: /home/stepan/ws_ros2/install/px4_msgs/share/px4_msgs/msg/UnregisterExtComponent.idl\n'}
[7.432870] (px4_msgs) StdoutLine: {'line': b'-- Up-to-date: /home/stepan/ws_ros2/install/px4_msgs/share/px4_msgs/msg/VehicleAcceleration.idl\n'}
[7.433041] (px4_msgs) StdoutLine: {'line': b'-- Up-to-date: /home/stepan/ws_ros2/install/px4_msgs/share/px4_msgs/msg/VehicleAirData.idl\n'}
[7.433277] (px4_msgs) StdoutLine: {'line': b'-- Up-to-date: /home/stepan/ws_ros2/install/px4_msgs/share/px4_msgs/msg/VehicleAngularAccelerationSetpoint.idl\n'}
[7.433467] (px4_msgs) StdoutLine: {'line': b'-- Up-to-date: /home/stepan/ws_ros2/install/px4_msgs/share/px4_msgs/msg/VehicleAngularVelocity.idl\n'}
[7.433586] (px4_msgs) StdoutLine: {'line': b'-- Up-to-date: /home/stepan/ws_ros2/install/px4_msgs/share/px4_msgs/msg/VehicleAttitude.idl\n'}
[7.433683] (px4_msgs) StdoutLine: {'line': b'-- Up-to-date: /home/stepan/ws_ros2/install/px4_msgs/share/px4_msgs/msg/VehicleAttitudeSetpoint.idl\n'}
[7.433827] (px4_msgs) StdoutLine: {'line': b'-- Up-to-date: /home/stepan/ws_ros2/install/px4_msgs/share/px4_msgs/msg/VehicleCommand.idl\n'}
[7.433921] (px4_msgs) StdoutLine: {'line': b'-- Up-to-date: /home/stepan/ws_ros2/install/px4_msgs/share/px4_msgs/msg/VehicleCommandAck.idl\n'}
[7.434010] (px4_msgs) StdoutLine: {'line': b'-- Up-to-date: /home/stepan/ws_ros2/install/px4_msgs/share/px4_msgs/msg/VehicleConstraints.idl\n'}
[7.434097] (px4_msgs) StdoutLine: {'line': b'-- Up-to-date: /home/stepan/ws_ros2/install/px4_msgs/share/px4_msgs/msg/VehicleControlMode.idl\n'}
[7.434375] (px4_msgs) StdoutLine: {'line': b'-- Up-to-date: /home/stepan/ws_ros2/install/px4_msgs/share/px4_msgs/msg/VehicleGlobalPosition.idl\n'}
[7.434468] (px4_msgs) StdoutLine: {'line': b'-- Up-to-date: /home/stepan/ws_ros2/install/px4_msgs/share/px4_msgs/msg/VehicleImu.idl\n'}
[7.434555] (px4_msgs) StdoutLine: {'line': b'-- Up-to-date: /home/stepan/ws_ros2/install/px4_msgs/share/px4_msgs/msg/VehicleImuStatus.idl\n'}
[7.434643] (px4_msgs) StdoutLine: {'line': b'-- Up-to-date: /home/stepan/ws_ros2/install/px4_msgs/share/px4_msgs/msg/VehicleLandDetected.idl\n'}
[7.434750] (px4_msgs) StdoutLine: {'line': b'-- Up-to-date: /home/stepan/ws_ros2/install/px4_msgs/share/px4_msgs/msg/VehicleLocalPosition.idl\n'}
[7.434935] (px4_msgs) StdoutLine: {'line': b'-- Up-to-date: /home/stepan/ws_ros2/install/px4_msgs/share/px4_msgs/msg/VehicleLocalPositionSetpoint.idl\n'}
[7.435035] (px4_msgs) StdoutLine: {'line': b'-- Up-to-date: /home/stepan/ws_ros2/install/px4_msgs/share/px4_msgs/msg/VehicleMagnetometer.idl\n'}
[7.435120] (px4_msgs) StdoutLine: {'line': b'-- Up-to-date: /home/stepan/ws_ros2/install/px4_msgs/share/px4_msgs/msg/VehicleOdometry.idl\n'}
[7.435207] (px4_msgs) StdoutLine: {'line': b'-- Up-to-date: /home/stepan/ws_ros2/install/px4_msgs/share/px4_msgs/msg/VehicleOpticalFlow.idl\n'}
[7.435293] (px4_msgs) StdoutLine: {'line': b'-- Up-to-date: /home/stepan/ws_ros2/install/px4_msgs/share/px4_msgs/msg/VehicleOpticalFlowVel.idl\n'}
[7.435446] (px4_msgs) StdoutLine: {'line': b'-- Up-to-date: /home/stepan/ws_ros2/install/px4_msgs/share/px4_msgs/msg/VehicleRatesSetpoint.idl\n'}
[7.435539] (px4_msgs) StdoutLine: {'line': b'-- Up-to-date: /home/stepan/ws_ros2/install/px4_msgs/share/px4_msgs/msg/VehicleRoi.idl\n'}
[7.435625] (px4_msgs) StdoutLine: {'line': b'-- Up-to-date: /home/stepan/ws_ros2/install/px4_msgs/share/px4_msgs/msg/VehicleStatus.idl\n'}
[7.435728] (px4_msgs) StdoutLine: {'line': b'-- Up-to-date: /home/stepan/ws_ros2/install/px4_msgs/share/px4_msgs/msg/VehicleThrustSetpoint.idl\n'}
[7.436008] (px4_msgs) StdoutLine: {'line': b'-- Up-to-date: /home/stepan/ws_ros2/install/px4_msgs/share/px4_msgs/msg/VehicleTorqueSetpoint.idl\n'}
[7.436122] (px4_msgs) StdoutLine: {'line': b'-- Up-to-date: /home/stepan/ws_ros2/install/px4_msgs/share/px4_msgs/msg/VelocityLimits.idl\n'}
[7.436237] (px4_msgs) StdoutLine: {'line': b'-- Up-to-date: /home/stepan/ws_ros2/install/px4_msgs/share/px4_msgs/msg/VtolVehicleStatus.idl\n'}
[7.436344] (px4_msgs) StdoutLine: {'line': b'-- Up-to-date: /home/stepan/ws_ros2/install/px4_msgs/share/px4_msgs/msg/WheelEncoders.idl\n'}
[7.436450] (px4_msgs) StdoutLine: {'line': b'-- Up-to-date: /home/stepan/ws_ros2/install/px4_msgs/share/px4_msgs/msg/Wind.idl\n'}
[7.436533] (px4_msgs) StdoutLine: {'line': b'-- Up-to-date: /home/stepan/ws_ros2/install/px4_msgs/share/px4_msgs/msg/YawEstimatorStatus.idl\n'}
[7.436616] (px4_msgs) StdoutLine: {'line': b'-- Up-to-date: /home/stepan/ws_ros2/install/px4_msgs/share/px4_msgs/srv/VehicleCommand.idl\n'}
[7.436786] (px4_msgs) StdoutLine: {'line': b'-- Up-to-date: /home/stepan/ws_ros2/install/px4_msgs/share/px4_msgs/msg/AckermannVelocitySetpoint.msg\n'}
[7.437068] (px4_msgs) StdoutLine: {'line': b'-- Up-to-date: /home/stepan/ws_ros2/install/px4_msgs/share/px4_msgs/msg/ActionRequest.msg\n'}
[7.437224] (px4_msgs) StdoutLine: {'line': b'-- Up-to-date: /home/stepan/ws_ros2/install/px4_msgs/share/px4_msgs/msg/ActuatorArmed.msg\n'}
[7.437376] (px4_msgs) StdoutLine: {'line': b'-- Up-to-date: /home/stepan/ws_ros2/install/px4_msgs/share/px4_msgs/msg/ActuatorControlsStatus.msg\n'}
[7.437471] (px4_msgs) StdoutLine: {'line': b'-- Up-to-date: /home/stepan/ws_ros2/install/px4_msgs/share/px4_msgs/msg/ActuatorMotors.msg\n'}
[7.437555] (px4_msgs) StdoutLine: {'line': b'-- Up-to-date: /home/stepan/ws_ros2/install/px4_msgs/share/px4_msgs/msg/ActuatorOutputs.msg\n'}
[7.437649] (px4_msgs) StdoutLine: {'line': b'-- Up-to-date: /home/stepan/ws_ros2/install/px4_msgs/share/px4_msgs/msg/ActuatorServos.msg\n'}
[7.437747] (px4_msgs) StdoutLine: {'line': b'-- Up-to-date: /home/stepan/ws_ros2/install/px4_msgs/share/px4_msgs/msg/ActuatorServosTrim.msg\n'}
[7.438216] (px4_msgs) StdoutLine: {'line': b'-- Up-to-date: /home/stepan/ws_ros2/install/px4_msgs/share/px4_msgs/msg/ActuatorTest.msg\n'}
[7.438307] (px4_msgs) StdoutLine: {'line': b'-- Up-to-date: /home/stepan/ws_ros2/install/px4_msgs/share/px4_msgs/msg/AdcReport.msg\n'}
[7.438389] (px4_msgs) StdoutLine: {'line': b'-- Up-to-date: /home/stepan/ws_ros2/install/px4_msgs/share/px4_msgs/msg/Airspeed.msg\n'}
[7.438471] (px4_msgs) StdoutLine: {'line': b'-- Up-to-date: /home/stepan/ws_ros2/install/px4_msgs/share/px4_msgs/msg/AirspeedValidated.msg\n'}
[7.438555] (px4_msgs) StdoutLine: {'line': b'-- Up-to-date: /home/stepan/ws_ros2/install/px4_msgs/share/px4_msgs/msg/AirspeedWind.msg\n'}
[7.438637] (px4_msgs) StdoutLine: {'line': b'-- Up-to-date: /home/stepan/ws_ros2/install/px4_msgs/share/px4_msgs/msg/ArmingCheckReply.msg\n'}
[7.438742] (px4_msgs) StdoutLine: {'line': b'-- Up-to-date: /home/stepan/ws_ros2/install/px4_msgs/share/px4_msgs/msg/ArmingCheckRequest.msg\n'}
[7.438839] (px4_msgs) StdoutLine: {'line': b'-- Up-to-date: /home/stepan/ws_ros2/install/px4_msgs/share/px4_msgs/msg/AutotuneAttitudeControlStatus.msg\n'}
[7.438921] (px4_msgs) StdoutLine: {'line': b'-- Up-to-date: /home/stepan/ws_ros2/install/px4_msgs/share/px4_msgs/msg/BatteryStatus.msg\n'}
[7.439002] (px4_msgs) StdoutLine: {'line': b'-- Up-to-date: /home/stepan/ws_ros2/install/px4_msgs/share/px4_msgs/msg/ButtonEvent.msg\n'}
[7.439083] (px4_msgs) StdoutLine: {'line': b'-- Up-to-date: /home/stepan/ws_ros2/install/px4_msgs/share/px4_msgs/msg/CameraCapture.msg\n'}
[7.439166] (px4_msgs) StdoutLine: {'line': b'-- Up-to-date: /home/stepan/ws_ros2/install/px4_msgs/share/px4_msgs/msg/CameraStatus.msg\n'}
[7.439247] (px4_msgs) StdoutLine: {'line': b'-- Up-to-date: /home/stepan/ws_ros2/install/px4_msgs/share/px4_msgs/msg/CameraTrigger.msg\n'}
[7.439329] (px4_msgs) StdoutLine: {'line': b'-- Up-to-date: /home/stepan/ws_ros2/install/px4_msgs/share/px4_msgs/msg/CanInterfaceStatus.msg\n'}
[7.439413] (px4_msgs) StdoutLine: {'line': b'-- Up-to-date: /home/stepan/ws_ros2/install/px4_msgs/share/px4_msgs/msg/CellularStatus.msg\n'}
[7.439538] (px4_msgs) StdoutLine: {'line': b'-- Up-to-date: /home/stepan/ws_ros2/install/px4_msgs/share/px4_msgs/msg/CollisionConstraints.msg\n'}
[7.439619] (px4_msgs) StdoutLine: {'line': b'-- Up-to-date: /home/stepan/ws_ros2/install/px4_msgs/share/px4_msgs/msg/ConfigOverrides.msg\n'}
[7.439708] (px4_msgs) StdoutLine: {'line': b'-- Up-to-date: /home/stepan/ws_ros2/install/px4_msgs/share/px4_msgs/msg/ControlAllocatorStatus.msg\n'}
[7.439841] (px4_msgs) StdoutLine: {'line': b'-- Up-to-date: /home/stepan/ws_ros2/install/px4_msgs/share/px4_msgs/msg/Cpuload.msg\n'}
[7.439947] (px4_msgs) StdoutLine: {'line': b'-- Up-to-date: /home/stepan/ws_ros2/install/px4_msgs/share/px4_msgs/msg/DatamanRequest.msg\n'}
[7.440073] (px4_msgs) StdoutLine: {'line': b'-- Up-to-date: /home/stepan/ws_ros2/install/px4_msgs/share/px4_msgs/msg/DatamanResponse.msg\n'}
[7.440275] (px4_msgs) StdoutLine: {'line': b'-- Up-to-date: /home/stepan/ws_ros2/install/px4_msgs/share/px4_msgs/msg/DebugArray.msg\n'}
[7.440582] (px4_msgs) StdoutLine: {'line': b'-- Up-to-date: /home/stepan/ws_ros2/install/px4_msgs/share/px4_msgs/msg/DebugKeyValue.msg\n'}
[7.440756] (px4_msgs) StdoutLine: {'line': b'-- Up-to-date: /home/stepan/ws_ros2/install/px4_msgs/share/px4_msgs/msg/DebugValue.msg\n'}
[7.440909] (px4_msgs) StdoutLine: {'line': b'-- Up-to-date: /home/stepan/ws_ros2/install/px4_msgs/share/px4_msgs/msg/DebugVect.msg\n'}
[7.441076] (px4_msgs) StdoutLine: {'line': b'-- Up-to-date: /home/stepan/ws_ros2/install/px4_msgs/share/px4_msgs/msg/DifferentialPressure.msg\n'}
[7.441258] (px4_msgs) StdoutLine: {'line': b'-- Up-to-date: /home/stepan/ws_ros2/install/px4_msgs/share/px4_msgs/msg/DistanceSensor.msg\n'}
[7.441411] (px4_msgs) StdoutLine: {'line': b'-- Up-to-date: /home/stepan/ws_ros2/install/px4_msgs/share/px4_msgs/msg/DistanceSensorModeChangeRequest.msg\n'}
[7.441565] (px4_msgs) StdoutLine: {'line': b'-- Up-to-date: /home/stepan/ws_ros2/install/px4_msgs/share/px4_msgs/msg/Ekf2Timestamps.msg\n'}
[7.441743] (px4_msgs) StdoutLine: {'line': b'-- Up-to-date: /home/stepan/ws_ros2/install/px4_msgs/share/px4_msgs/msg/EscReport.msg\n'}
[7.441893] (px4_msgs) StdoutLine: {'line': b'-- Up-to-date: /home/stepan/ws_ros2/install/px4_msgs/share/px4_msgs/msg/EscStatus.msg\n'}
[7.441988] (px4_msgs) StdoutLine: {'line': b'-- Up-to-date: /home/stepan/ws_ros2/install/px4_msgs/share/px4_msgs/msg/EstimatorAidSource1d.msg\n'}
[7.442106] (px4_msgs) StdoutLine: {'line': b'-- Up-to-date: /home/stepan/ws_ros2/install/px4_msgs/share/px4_msgs/msg/EstimatorAidSource2d.msg\n'}
[7.442196] (px4_msgs) StdoutLine: {'line': b'-- Up-to-date: /home/stepan/ws_ros2/install/px4_msgs/share/px4_msgs/msg/EstimatorAidSource3d.msg\n'}
[7.442286] (px4_msgs) StdoutLine: {'line': b'-- Up-to-date: /home/stepan/ws_ros2/install/px4_msgs/share/px4_msgs/msg/EstimatorBias.msg\n'}
[7.442374] (px4_msgs) StdoutLine: {'line': b'-- Up-to-date: /home/stepan/ws_ros2/install/px4_msgs/share/px4_msgs/msg/EstimatorBias3d.msg\n'}
[7.442484] (px4_msgs) StdoutLine: {'line': b'-- Up-to-date: /home/stepan/ws_ros2/install/px4_msgs/share/px4_msgs/msg/EstimatorEventFlags.msg\n'}
[7.442572] (px4_msgs) StdoutLine: {'line': b'-- Up-to-date: /home/stepan/ws_ros2/install/px4_msgs/share/px4_msgs/msg/EstimatorGpsStatus.msg\n'}
[7.442659] (px4_msgs) StdoutLine: {'line': b'-- Up-to-date: /home/stepan/ws_ros2/install/px4_msgs/share/px4_msgs/msg/EstimatorInnovations.msg\n'}
[7.442781] (px4_msgs) StdoutLine: {'line': b'-- Up-to-date: /home/stepan/ws_ros2/install/px4_msgs/share/px4_msgs/msg/EstimatorSelectorStatus.msg\n'}
[7.442875] (px4_msgs) StdoutLine: {'line': b'-- Up-to-date: /home/stepan/ws_ros2/install/px4_msgs/share/px4_msgs/msg/EstimatorSensorBias.msg\n'}
[7.442963] (px4_msgs) StdoutLine: {'line': b'-- Up-to-date: /home/stepan/ws_ros2/install/px4_msgs/share/px4_msgs/msg/EstimatorStates.msg\n'}
[7.443049] (px4_msgs) StdoutLine: {'line': b'-- Up-to-date: /home/stepan/ws_ros2/install/px4_msgs/share/px4_msgs/msg/EstimatorStatus.msg\n'}
[7.443137] (px4_msgs) StdoutLine: {'line': b'-- Up-to-date: /home/stepan/ws_ros2/install/px4_msgs/share/px4_msgs/msg/EstimatorStatusFlags.msg\n'}
[7.443223] (px4_msgs) StdoutLine: {'line': b'-- Up-to-date: /home/stepan/ws_ros2/install/px4_msgs/share/px4_msgs/msg/Event.msg\n'}
[7.443327] (px4_msgs) StdoutLine: {'line': b'-- Up-to-date: /home/stepan/ws_ros2/install/px4_msgs/share/px4_msgs/msg/FailsafeFlags.msg\n'}
[7.443488] (px4_msgs) StdoutLine: {'line': b'-- Up-to-date: /home/stepan/ws_ros2/install/px4_msgs/share/px4_msgs/msg/FailureDetectorStatus.msg\n'}
[7.443633] (px4_msgs) StdoutLine: {'line': b'-- Up-to-date: /home/stepan/ws_ros2/install/px4_msgs/share/px4_msgs/msg/FigureEightStatus.msg\n'}
[7.443864] (px4_msgs) StdoutLine: {'line': b'-- Up-to-date: /home/stepan/ws_ros2/install/px4_msgs/share/px4_msgs/msg/FlightPhaseEstimation.msg\n'}
[7.443993] (px4_msgs) StdoutLine: {'line': b'-- Up-to-date: /home/stepan/ws_ros2/install/px4_msgs/share/px4_msgs/msg/FollowTarget.msg\n'}
[7.444183] (px4_msgs) StdoutLine: {'line': b'-- Up-to-date: /home/stepan/ws_ros2/install/px4_msgs/share/px4_msgs/msg/FollowTargetEstimator.msg\n'}
[7.444365] (px4_msgs) StdoutLine: {'line': b'-- Up-to-date: /home/stepan/ws_ros2/install/px4_msgs/share/px4_msgs/msg/FollowTargetStatus.msg\n'}
[7.444577] (px4_msgs) StdoutLine: {'line': b'-- Up-to-date: /home/stepan/ws_ros2/install/px4_msgs/share/px4_msgs/msg/FuelTankStatus.msg\n'}
[7.444770] (px4_msgs) StdoutLine: {'line': b'-- Up-to-date: /home/stepan/ws_ros2/install/px4_msgs/share/px4_msgs/msg/GeneratorStatus.msg\n'}
[7.444988] (px4_msgs) StdoutLine: {'line': b'-- Up-to-date: /home/stepan/ws_ros2/install/px4_msgs/share/px4_msgs/msg/GeofenceResult.msg\n'}
[7.445122] (px4_msgs) StdoutLine: {'line': b'-- Up-to-date: /home/stepan/ws_ros2/install/px4_msgs/share/px4_msgs/msg/GeofenceStatus.msg\n'}
[7.445247] (px4_msgs) StdoutLine: {'line': b'-- Up-to-date: /home/stepan/ws_ros2/install/px4_msgs/share/px4_msgs/msg/GimbalControls.msg\n'}
[7.445373] (px4_msgs) StdoutLine: {'line': b'-- Up-to-date: /home/stepan/ws_ros2/install/px4_msgs/share/px4_msgs/msg/GimbalDeviceAttitudeStatus.msg\n'}
[7.445524] (px4_msgs) StdoutLine: {'line': b'-- Up-to-date: /home/stepan/ws_ros2/install/px4_msgs/share/px4_msgs/msg/GimbalDeviceInformation.msg\n'}
[7.445735] (px4_msgs) StdoutLine: {'line': b'-- Up-to-date: /home/stepan/ws_ros2/install/px4_msgs/share/px4_msgs/msg/GimbalDeviceSetAttitude.msg\n'}
[7.447256] (px4_msgs) StdoutLine: {'line': b'-- Up-to-date: /home/stepan/ws_ros2/install/px4_msgs/share/px4_msgs/msg/GimbalManagerInformation.msg\n'}
[7.448239] (px4_msgs) StdoutLine: {'line': b'-- Up-to-date: /home/stepan/ws_ros2/install/px4_msgs/share/px4_msgs/msg/GimbalManagerSetAttitude.msg\n'}
[7.448745] (px4_msgs) StdoutLine: {'line': b'-- Up-to-date: /home/stepan/ws_ros2/install/px4_msgs/share/px4_msgs/msg/GimbalManagerSetManualControl.msg\n'}
[7.449426] (px4_msgs) StdoutLine: {'line': b'-- Up-to-date: /home/stepan/ws_ros2/install/px4_msgs/share/px4_msgs/msg/GimbalManagerStatus.msg\n'}
[7.449582] (px4_msgs) StdoutLine: {'line': b'-- Up-to-date: /home/stepan/ws_ros2/install/px4_msgs/share/px4_msgs/msg/GotoSetpoint.msg\n'}
[7.449750] (px4_msgs) StdoutLine: {'line': b'-- Up-to-date: /home/stepan/ws_ros2/install/px4_msgs/share/px4_msgs/msg/GpioConfig.msg\n'}
[7.449952] (px4_msgs) StdoutLine: {'line': b'-- Up-to-date: /home/stepan/ws_ros2/install/px4_msgs/share/px4_msgs/msg/GpioIn.msg\n'}
[7.450045] (px4_msgs) StdoutLine: {'line': b'-- Up-to-date: /home/stepan/ws_ros2/install/px4_msgs/share/px4_msgs/msg/GpioOut.msg\n'}
[7.450144] (px4_msgs) StdoutLine: {'line': b'-- Up-to-date: /home/stepan/ws_ros2/install/px4_msgs/share/px4_msgs/msg/GpioRequest.msg\n'}
[7.450224] (px4_msgs) StdoutLine: {'line': b'-- Up-to-date: /home/stepan/ws_ros2/install/px4_msgs/share/px4_msgs/msg/GpsDump.msg\n'}
[7.450330] (px4_msgs) StdoutLine: {'line': b'-- Up-to-date: /home/stepan/ws_ros2/install/px4_msgs/share/px4_msgs/msg/GpsInjectData.msg\n'}
[7.450447] (px4_msgs) StdoutLine: {'line': b'-- Up-to-date: /home/stepan/ws_ros2/install/px4_msgs/share/px4_msgs/msg/Gripper.msg\n'}
[7.450695] (px4_msgs) StdoutLine: {'line': b'-- Up-to-date: /home/stepan/ws_ros2/install/px4_msgs/share/px4_msgs/msg/HealthReport.msg\n'}
[7.451448] (px4_msgs) StdoutLine: {'line': b'-- Up-to-date: /home/stepan/ws_ros2/install/px4_msgs/share/px4_msgs/msg/HeaterStatus.msg\n'}
[7.451666] (px4_msgs) StdoutLine: {'line': b'-- Up-to-date: /home/stepan/ws_ros2/install/px4_msgs/share/px4_msgs/msg/HomePosition.msg\n'}
[7.452041] (px4_msgs) StdoutLine: {'line': b'-- Up-to-date: /home/stepan/ws_ros2/install/px4_msgs/share/px4_msgs/msg/HoverThrustEstimate.msg\n'}
[7.452464] (px4_msgs) StdoutLine: {'line': b'-- Up-to-date: /home/stepan/ws_ros2/install/px4_msgs/share/px4_msgs/msg/InputRc.msg\n'}
[7.453076] (px4_msgs) StdoutLine: {'line': b'-- Up-to-date: /home/stepan/ws_ros2/install/px4_msgs/share/px4_msgs/msg/InternalCombustionEngineControl.msg\n'}
[7.453240] (px4_msgs) StdoutLine: {'line': b'-- Up-to-date: /home/stepan/ws_ros2/install/px4_msgs/share/px4_msgs/msg/InternalCombustionEngineStatus.msg\n'}
[7.453382] (px4_msgs) StdoutLine: {'line': b'-- Up-to-date: /home/stepan/ws_ros2/install/px4_msgs/share/px4_msgs/msg/IridiumsbdStatus.msg\n'}
[7.453756] (px4_msgs) StdoutLine: {'line': b'-- Up-to-date: /home/stepan/ws_ros2/install/px4_msgs/share/px4_msgs/msg/IrlockReport.msg\n'}
[7.454832] (px4_msgs) StdoutLine: {'line': b'-- Up-to-date: /home/stepan/ws_ros2/install/px4_msgs/share/px4_msgs/msg/LandingGear.msg\n'}
[7.455171] (px4_msgs) StdoutLine: {'line': b'-- Up-to-date: /home/stepan/ws_ros2/install/px4_msgs/share/px4_msgs/msg/LandingGearWheel.msg\n'}
[7.455336] (px4_msgs) StdoutLine: {'line': b'-- Up-to-date: /home/stepan/ws_ros2/install/px4_msgs/share/px4_msgs/msg/LandingTargetInnovations.msg\n'}
[7.455446] (px4_msgs) StdoutLine: {'line': b'-- Up-to-date: /home/stepan/ws_ros2/install/px4_msgs/share/px4_msgs/msg/LandingTargetPose.msg\n'}
[7.455545] (px4_msgs) StdoutLine: {'line': b'-- Up-to-date: /home/stepan/ws_ros2/install/px4_msgs/share/px4_msgs/msg/LaunchDetectionStatus.msg\n'}
[7.455638] (px4_msgs) StdoutLine: {'line': b'-- Up-to-date: /home/stepan/ws_ros2/install/px4_msgs/share/px4_msgs/msg/LedControl.msg\n'}
[7.455757] (px4_msgs) StdoutLine: {'line': b'-- Up-to-date: /home/stepan/ws_ros2/install/px4_msgs/share/px4_msgs/msg/LogMessage.msg\n'}
[7.455917] (px4_msgs) StdoutLine: {'line': b'-- Up-to-date: /home/stepan/ws_ros2/install/px4_msgs/share/px4_msgs/msg/LoggerStatus.msg\n'}
[7.456010] (px4_msgs) StdoutLine: {'line': b'-- Up-to-date: /home/stepan/ws_ros2/install/px4_msgs/share/px4_msgs/msg/MagWorkerData.msg\n'}
[7.456119] (px4_msgs) StdoutLine: {'line': b'-- Up-to-date: /home/stepan/ws_ros2/install/px4_msgs/share/px4_msgs/msg/MagnetometerBiasEstimate.msg\n'}
[7.456208] (px4_msgs) StdoutLine: {'line': b'-- Up-to-date: /home/stepan/ws_ros2/install/px4_msgs/share/px4_msgs/msg/ManualControlSetpoint.msg\n'}
[7.456303] (px4_msgs) StdoutLine: {'line': b'-- Up-to-date: /home/stepan/ws_ros2/install/px4_msgs/share/px4_msgs/msg/ManualControlSwitches.msg\n'}
[7.456463] (px4_msgs) StdoutLine: {'line': b'-- Up-to-date: /home/stepan/ws_ros2/install/px4_msgs/share/px4_msgs/msg/MavlinkLog.msg\n'}
[7.456556] (px4_msgs) StdoutLine: {'line': b'-- Up-to-date: /home/stepan/ws_ros2/install/px4_msgs/share/px4_msgs/msg/MavlinkTunnel.msg\n'}
[7.456641] (px4_msgs) StdoutLine: {'line': b'-- Up-to-date: /home/stepan/ws_ros2/install/px4_msgs/share/px4_msgs/msg/MessageFormatRequest.msg\n'}
[7.456758] (px4_msgs) StdoutLine: {'line': b'-- Up-to-date: /home/stepan/ws_ros2/install/px4_msgs/share/px4_msgs/msg/MessageFormatResponse.msg\n'}
[7.457235] (px4_msgs) StdoutLine: {'line': b'-- Up-to-date: /home/stepan/ws_ros2/install/px4_msgs/share/px4_msgs/msg/Mission.msg\n'}
[7.457474] (px4_msgs) StdoutLine: {'line': b'-- Up-to-date: /home/stepan/ws_ros2/install/px4_msgs/share/px4_msgs/msg/MissionResult.msg\n'}
[7.457649] (px4_msgs) StdoutLine: {'line': b'-- Up-to-date: /home/stepan/ws_ros2/install/px4_msgs/share/px4_msgs/msg/ModeCompleted.msg\n'}
[7.458007] (px4_msgs) StdoutLine: {'line': b'-- Up-to-date: /home/stepan/ws_ros2/install/px4_msgs/share/px4_msgs/msg/MountOrientation.msg\n'}
[7.458158] (px4_msgs) StdoutLine: {'line': b'-- Up-to-date: /home/stepan/ws_ros2/install/px4_msgs/share/px4_msgs/msg/NavigatorMissionItem.msg\n'}
[7.458336] (px4_msgs) StdoutLine: {'line': b'-- Up-to-date: /home/stepan/ws_ros2/install/px4_msgs/share/px4_msgs/msg/NavigatorStatus.msg\n'}
[7.458574] (px4_msgs) StdoutLine: {'line': b'-- Up-to-date: /home/stepan/ws_ros2/install/px4_msgs/share/px4_msgs/msg/NormalizedUnsignedSetpoint.msg\n'}
[7.459030] (px4_msgs) StdoutLine: {'line': b'-- Up-to-date: /home/stepan/ws_ros2/install/px4_msgs/share/px4_msgs/msg/NpfgStatus.msg\n'}
[7.459597] (px4_msgs) StdoutLine: {'line': b'-- Up-to-date: /home/stepan/ws_ros2/install/px4_msgs/share/px4_msgs/msg/ObstacleDistance.msg\n'}
[7.459855] (px4_msgs) StdoutLine: {'line': b'-- Up-to-date: /home/stepan/ws_ros2/install/px4_msgs/share/px4_msgs/msg/OffboardControlMode.msg\n'}
[7.459987] (px4_msgs) StdoutLine: {'line': b'-- Up-to-date: /home/stepan/ws_ros2/install/px4_msgs/share/px4_msgs/msg/OnboardComputerStatus.msg\n'}
[7.460113] (px4_msgs) StdoutLine: {'line': b'-- Up-to-date: /home/stepan/ws_ros2/install/px4_msgs/share/px4_msgs/msg/OpenDroneIdArmStatus.msg\n'}
[7.460275] (-) TimerEvent: {}
[7.460767] (px4_msgs) StdoutLine: {'line': b'-- Up-to-date: /home/stepan/ws_ros2/install/px4_msgs/share/px4_msgs/msg/OpenDroneIdOperatorId.msg\n'}
[7.461105] (px4_msgs) StdoutLine: {'line': b'-- Up-to-date: /home/stepan/ws_ros2/install/px4_msgs/share/px4_msgs/msg/OpenDroneIdSelfId.msg\n'}
[7.461290] (px4_msgs) StdoutLine: {'line': b'-- Up-to-date: /home/stepan/ws_ros2/install/px4_msgs/share/px4_msgs/msg/OpenDroneIdSystem.msg\n'}
[7.461461] (px4_msgs) StdoutLine: {'line': b'-- Up-to-date: /home/stepan/ws_ros2/install/px4_msgs/share/px4_msgs/msg/OrbTest.msg\n'}
[7.461641] (px4_msgs) StdoutLine: {'line': b'-- Up-to-date: /home/stepan/ws_ros2/install/px4_msgs/share/px4_msgs/msg/OrbTestLarge.msg\n'}
[7.461889] (px4_msgs) StdoutLine: {'line': b'-- Up-to-date: /home/stepan/ws_ros2/install/px4_msgs/share/px4_msgs/msg/OrbTestMedium.msg\n'}
[7.462159] (px4_msgs) StdoutLine: {'line': b'-- Up-to-date: /home/stepan/ws_ros2/install/px4_msgs/share/px4_msgs/msg/OrbitStatus.msg\n'}
[7.462323] (px4_msgs) StdoutLine: {'line': b'-- Up-to-date: /home/stepan/ws_ros2/install/px4_msgs/share/px4_msgs/msg/ParameterResetRequest.msg\n'}
[7.462478] (px4_msgs) StdoutLine: {'line': b'-- Up-to-date: /home/stepan/ws_ros2/install/px4_msgs/share/px4_msgs/msg/ParameterSetUsedRequest.msg\n'}
[7.462609] (px4_msgs) StdoutLine: {'line': b'-- Up-to-date: /home/stepan/ws_ros2/install/px4_msgs/share/px4_msgs/msg/ParameterSetValueRequest.msg\n'}
[7.462826] (px4_msgs) StdoutLine: {'line': b'-- Up-to-date: /home/stepan/ws_ros2/install/px4_msgs/share/px4_msgs/msg/ParameterSetValueResponse.msg\n'}
[7.462983] (px4_msgs) StdoutLine: {'line': b'-- Up-to-date: /home/stepan/ws_ros2/install/px4_msgs/share/px4_msgs/msg/ParameterUpdate.msg\n'}
[7.463140] (px4_msgs) StdoutLine: {'line': b'-- Up-to-date: /home/stepan/ws_ros2/install/px4_msgs/share/px4_msgs/msg/Ping.msg\n'}
[7.463277] (px4_msgs) StdoutLine: {'line': b'-- Up-to-date: /home/stepan/ws_ros2/install/px4_msgs/share/px4_msgs/msg/PositionControllerLandingStatus.msg\n'}
[7.463410] (px4_msgs) StdoutLine: {'line': b'-- Up-to-date: /home/stepan/ws_ros2/install/px4_msgs/share/px4_msgs/msg/PositionControllerStatus.msg\n'}
[7.463555] (px4_msgs) StdoutLine: {'line': b'-- Up-to-date: /home/stepan/ws_ros2/install/px4_msgs/share/px4_msgs/msg/PositionSetpoint.msg\n'}
[7.463696] (px4_msgs) StdoutLine: {'line': b'-- Up-to-date: /home/stepan/ws_ros2/install/px4_msgs/share/px4_msgs/msg/PositionSetpointTriplet.msg\n'}
[7.463913] (px4_msgs) StdoutLine: {'line': b'-- Up-to-date: /home/stepan/ws_ros2/install/px4_msgs/share/px4_msgs/msg/PowerButtonState.msg\n'}
[7.464076] (px4_msgs) StdoutLine: {'line': b'-- Up-to-date: /home/stepan/ws_ros2/install/px4_msgs/share/px4_msgs/msg/PowerMonitor.msg\n'}
[7.464184] (px4_msgs) StdoutLine: {'line': b'-- Up-to-date: /home/stepan/ws_ros2/install/px4_msgs/share/px4_msgs/msg/PpsCapture.msg\n'}
[7.464315] (px4_msgs) StdoutLine: {'line': b'-- Up-to-date: /home/stepan/ws_ros2/install/px4_msgs/share/px4_msgs/msg/PurePursuitStatus.msg\n'}
[7.464407] (px4_msgs) StdoutLine: {'line': b'-- Up-to-date: /home/stepan/ws_ros2/install/px4_msgs/share/px4_msgs/msg/PwmInput.msg\n'}
[7.464494] (px4_msgs) StdoutLine: {'line': b'-- Up-to-date: /home/stepan/ws_ros2/install/px4_msgs/share/px4_msgs/msg/Px4ioStatus.msg\n'}
[7.464658] (px4_msgs) StdoutLine: {'line': b'-- Up-to-date: /home/stepan/ws_ros2/install/px4_msgs/share/px4_msgs/msg/QshellReq.msg\n'}
[7.464809] (px4_msgs) StdoutLine: {'line': b'-- Up-to-date: /home/stepan/ws_ros2/install/px4_msgs/share/px4_msgs/msg/QshellRetval.msg\n'}
[7.464944] (px4_msgs) StdoutLine: {'line': b'-- Up-to-date: /home/stepan/ws_ros2/install/px4_msgs/share/px4_msgs/msg/RadioStatus.msg\n'}
[7.465082] (px4_msgs) StdoutLine: {'line': b'-- Up-to-date: /home/stepan/ws_ros2/install/px4_msgs/share/px4_msgs/msg/RateCtrlStatus.msg\n'}
[7.465220] (px4_msgs) StdoutLine: {'line': b'-- Up-to-date: /home/stepan/ws_ros2/install/px4_msgs/share/px4_msgs/msg/RcChannels.msg\n'}
[7.465364] (px4_msgs) StdoutLine: {'line': b'-- Up-to-date: /home/stepan/ws_ros2/install/px4_msgs/share/px4_msgs/msg/RcParameterMap.msg\n'}
[7.465493] (px4_msgs) StdoutLine: {'line': b'-- Up-to-date: /home/stepan/ws_ros2/install/px4_msgs/share/px4_msgs/msg/RegisterExtComponentReply.msg\n'}
[7.465628] (px4_msgs) StdoutLine: {'line': b'-- Up-to-date: /home/stepan/ws_ros2/install/px4_msgs/share/px4_msgs/msg/RegisterExtComponentRequest.msg\n'}
[7.465795] (px4_msgs) StdoutLine: {'line': b'-- Up-to-date: /home/stepan/ws_ros2/install/px4_msgs/share/px4_msgs/msg/RoverAttitudeSetpoint.msg\n'}
[7.465897] (px4_msgs) StdoutLine: {'line': b'-- Up-to-date: /home/stepan/ws_ros2/install/px4_msgs/share/px4_msgs/msg/RoverAttitudeStatus.msg\n'}
[7.466021] (px4_msgs) StdoutLine: {'line': b'-- Up-to-date: /home/stepan/ws_ros2/install/px4_msgs/share/px4_msgs/msg/RoverPositionSetpoint.msg\n'}
[7.466111] (px4_msgs) StdoutLine: {'line': b'-- Up-to-date: /home/stepan/ws_ros2/install/px4_msgs/share/px4_msgs/msg/RoverRateSetpoint.msg\n'}
[7.466223] (px4_msgs) StdoutLine: {'line': b'-- Up-to-date: /home/stepan/ws_ros2/install/px4_msgs/share/px4_msgs/msg/RoverRateStatus.msg\n'}
[7.466343] (px4_msgs) StdoutLine: {'line': b'-- Up-to-date: /home/stepan/ws_ros2/install/px4_msgs/share/px4_msgs/msg/RoverSteeringSetpoint.msg\n'}
[7.466630] (px4_msgs) StdoutLine: {'line': b'-- Up-to-date: /home/stepan/ws_ros2/install/px4_msgs/share/px4_msgs/msg/RoverThrottleSetpoint.msg\n'}
[7.467177] (px4_msgs) StdoutLine: {'line': b'-- Up-to-date: /home/stepan/ws_ros2/install/px4_msgs/share/px4_msgs/msg/RoverVelocityStatus.msg\n'}
[7.467568] (px4_msgs) StdoutLine: {'line': b'-- Up-to-date: /home/stepan/ws_ros2/install/px4_msgs/share/px4_msgs/msg/Rpm.msg\n'}
[7.467686] (px4_msgs) StdoutLine: {'line': b'-- Up-to-date: /home/stepan/ws_ros2/install/px4_msgs/share/px4_msgs/msg/RtlStatus.msg\n'}
[7.468994] (px4_msgs) StdoutLine: {'line': b'-- Up-to-date: /home/stepan/ws_ros2/install/px4_msgs/share/px4_msgs/msg/RtlTimeEstimate.msg\n'}
[7.469342] (px4_msgs) StdoutLine: {'line': b'-- Up-to-date: /home/stepan/ws_ros2/install/px4_msgs/share/px4_msgs/msg/SatelliteInfo.msg\n'}
[7.469654] (px4_msgs) StdoutLine: {'line': b'-- Up-to-date: /home/stepan/ws_ros2/install/px4_msgs/share/px4_msgs/msg/SensorAccel.msg\n'}
[7.469977] (px4_msgs) StdoutLine: {'line': b'-- Up-to-date: /home/stepan/ws_ros2/install/px4_msgs/share/px4_msgs/msg/SensorAccelFifo.msg\n'}
[7.470377] (px4_msgs) StdoutLine: {'line': b'-- Up-to-date: /home/stepan/ws_ros2/install/px4_msgs/share/px4_msgs/msg/SensorAirflow.msg\n'}
[7.470672] (px4_msgs) StdoutLine: {'line': b'-- Up-to-date: /home/stepan/ws_ros2/install/px4_msgs/share/px4_msgs/msg/SensorBaro.msg\n'}
[7.471742] (px4_msgs) StdoutLine: {'line': b'-- Up-to-date: /home/stepan/ws_ros2/install/px4_msgs/share/px4_msgs/msg/SensorCombined.msg\n'}
[7.471924] (px4_msgs) StdoutLine: {'line': b'-- Up-to-date: /home/stepan/ws_ros2/install/px4_msgs/share/px4_msgs/msg/SensorCorrection.msg\n'}
[7.472027] (px4_msgs) StdoutLine: {'line': b'-- Up-to-date: /home/stepan/ws_ros2/install/px4_msgs/share/px4_msgs/msg/SensorGnssRelative.msg\n'}
[7.472118] (px4_msgs) StdoutLine: {'line': b'-- Up-to-date: /home/stepan/ws_ros2/install/px4_msgs/share/px4_msgs/msg/SensorGps.msg\n'}
[7.472208] (px4_msgs) StdoutLine: {'line': b'-- Up-to-date: /home/stepan/ws_ros2/install/px4_msgs/share/px4_msgs/msg/SensorGyro.msg\n'}
[7.472337] (px4_msgs) StdoutLine: {'line': b'-- Up-to-date: /home/stepan/ws_ros2/install/px4_msgs/share/px4_msgs/msg/SensorGyroFft.msg\n'}
[7.472426] (px4_msgs) StdoutLine: {'line': b'-- Up-to-date: /home/stepan/ws_ros2/install/px4_msgs/share/px4_msgs/msg/SensorGyroFifo.msg\n'}
[7.472518] (px4_msgs) StdoutLine: {'line': b'-- Up-to-date: /home/stepan/ws_ros2/install/px4_msgs/share/px4_msgs/msg/SensorHygrometer.msg\n'}
[7.472783] (px4_msgs) StdoutLine: {'line': b'-- Up-to-date: /home/stepan/ws_ros2/install/px4_msgs/share/px4_msgs/msg/SensorMag.msg\n'}
[7.473339] (px4_msgs) StdoutLine: {'line': b'-- Up-to-date: /home/stepan/ws_ros2/install/px4_msgs/share/px4_msgs/msg/SensorOpticalFlow.msg\n'}
[7.473449] (px4_msgs) StdoutLine: {'line': b'-- Up-to-date: /home/stepan/ws_ros2/install/px4_msgs/share/px4_msgs/msg/SensorPreflightMag.msg\n'}
[7.473537] (px4_msgs) StdoutLine: {'line': b'-- Up-to-date: /home/stepan/ws_ros2/install/px4_msgs/share/px4_msgs/msg/SensorSelection.msg\n'}
[7.473630] (px4_msgs) StdoutLine: {'line': b'-- Up-to-date: /home/stepan/ws_ros2/install/px4_msgs/share/px4_msgs/msg/SensorUwb.msg\n'}
[7.473868] (px4_msgs) StdoutLine: {'line': b'-- Up-to-date: /home/stepan/ws_ros2/install/px4_msgs/share/px4_msgs/msg/SensorsStatus.msg\n'}
[7.474064] (px4_msgs) StdoutLine: {'line': b'-- Up-to-date: /home/stepan/ws_ros2/install/px4_msgs/share/px4_msgs/msg/SensorsStatusImu.msg\n'}
[7.474206] (px4_msgs) StdoutLine: {'line': b'-- Up-to-date: /home/stepan/ws_ros2/install/px4_msgs/share/px4_msgs/msg/SystemPower.msg\n'}
[7.474366] (px4_msgs) StdoutLine: {'line': b'-- Up-to-date: /home/stepan/ws_ros2/install/px4_msgs/share/px4_msgs/msg/TakeoffStatus.msg\n'}
[7.474510] (px4_msgs) StdoutLine: {'line': b'-- Up-to-date: /home/stepan/ws_ros2/install/px4_msgs/share/px4_msgs/msg/TaskStackInfo.msg\n'}
[7.474626] (px4_msgs) StdoutLine: {'line': b'-- Up-to-date: /home/stepan/ws_ros2/install/px4_msgs/share/px4_msgs/msg/TecsStatus.msg\n'}
[7.475161] (px4_msgs) StdoutLine: {'line': b'-- Up-to-date: /home/stepan/ws_ros2/install/px4_msgs/share/px4_msgs/msg/TelemetryStatus.msg\n'}
[7.475302] (px4_msgs) StdoutLine: {'line': b'-- Up-to-date: /home/stepan/ws_ros2/install/px4_msgs/share/px4_msgs/msg/TiltrotorExtraControls.msg\n'}
[7.475441] (px4_msgs) StdoutLine: {'line': b'-- Up-to-date: /home/stepan/ws_ros2/install/px4_msgs/share/px4_msgs/msg/TimesyncStatus.msg\n'}
[7.475568] (px4_msgs) StdoutLine: {'line': b'-- Up-to-date: /home/stepan/ws_ros2/install/px4_msgs/share/px4_msgs/msg/TrajectorySetpoint.msg\n'}
[7.475696] (px4_msgs) StdoutLine: {'line': b'-- Up-to-date: /home/stepan/ws_ros2/install/px4_msgs/share/px4_msgs/msg/TrajectorySetpoint6dof.msg\n'}
[7.475863] (px4_msgs) StdoutLine: {'line': b'-- Up-to-date: /home/stepan/ws_ros2/install/px4_msgs/share/px4_msgs/msg/TransponderReport.msg\n'}
[7.475981] (px4_msgs) StdoutLine: {'line': b'-- Up-to-date: /home/stepan/ws_ros2/install/px4_msgs/share/px4_msgs/msg/TuneControl.msg\n'}
[7.476094] (px4_msgs) StdoutLine: {'line': b'-- Up-to-date: /home/stepan/ws_ros2/install/px4_msgs/share/px4_msgs/msg/UavcanParameterRequest.msg\n'}
[7.476434] (px4_msgs) StdoutLine: {'line': b'-- Up-to-date: /home/stepan/ws_ros2/install/px4_msgs/share/px4_msgs/msg/UavcanParameterValue.msg\n'}
[7.477327] (px4_msgs) StdoutLine: {'line': b'-- Up-to-date: /home/stepan/ws_ros2/install/px4_msgs/share/px4_msgs/msg/UlogStream.msg\n'}
[7.477520] (px4_msgs) StdoutLine: {'line': b'-- Up-to-date: /home/stepan/ws_ros2/install/px4_msgs/share/px4_msgs/msg/UlogStreamAck.msg\n'}
[7.477688] (px4_msgs) StdoutLine: {'line': b'-- Up-to-date: /home/stepan/ws_ros2/install/px4_msgs/share/px4_msgs/msg/UnregisterExtComponent.msg\n'}
[7.477861] (px4_msgs) StdoutLine: {'line': b'-- Up-to-date: /home/stepan/ws_ros2/install/px4_msgs/share/px4_msgs/msg/VehicleAcceleration.msg\n'}
[7.477998] (px4_msgs) StdoutLine: {'line': b'-- Up-to-date: /home/stepan/ws_ros2/install/px4_msgs/share/px4_msgs/msg/VehicleAirData.msg\n'}
[7.478146] (px4_msgs) StdoutLine: {'line': b'-- Up-to-date: /home/stepan/ws_ros2/install/px4_msgs/share/px4_msgs/msg/VehicleAngularAccelerationSetpoint.msg\n'}
[7.479101] (px4_msgs) StdoutLine: {'line': b'-- Up-to-date: /home/stepan/ws_ros2/install/px4_msgs/share/px4_msgs/msg/VehicleAngularVelocity.msg\n'}
[7.479300] (px4_msgs) StdoutLine: {'line': b'-- Up-to-date: /home/stepan/ws_ros2/install/px4_msgs/share/px4_msgs/msg/VehicleAttitude.msg\n'}
[7.479447] (px4_msgs) StdoutLine: {'line': b'-- Up-to-date: /home/stepan/ws_ros2/install/px4_msgs/share/px4_msgs/msg/VehicleAttitudeSetpoint.msg\n'}
[7.479584] (px4_msgs) StdoutLine: {'line': b'-- Up-to-date: /home/stepan/ws_ros2/install/px4_msgs/share/px4_msgs/msg/VehicleCommand.msg\n'}
[7.479838] (px4_msgs) StdoutLine: {'line': b'-- Up-to-date: /home/stepan/ws_ros2/install/px4_msgs/share/px4_msgs/msg/VehicleCommandAck.msg\n'}
[7.479977] (px4_msgs) StdoutLine: {'line': b'-- Up-to-date: /home/stepan/ws_ros2/install/px4_msgs/share/px4_msgs/msg/VehicleConstraints.msg\n'}
[7.480095] (px4_msgs) StdoutLine: {'line': b'-- Up-to-date: /home/stepan/ws_ros2/install/px4_msgs/share/px4_msgs/msg/VehicleControlMode.msg\n'}
[7.480224] (px4_msgs) StdoutLine: {'line': b'-- Up-to-date: /home/stepan/ws_ros2/install/px4_msgs/share/px4_msgs/msg/VehicleGlobalPosition.msg\n'}
[7.480328] (px4_msgs) StdoutLine: {'line': b'-- Up-to-date: /home/stepan/ws_ros2/install/px4_msgs/share/px4_msgs/msg/VehicleImu.msg\n'}
[7.480419] (px4_msgs) StdoutLine: {'line': b'-- Up-to-date: /home/stepan/ws_ros2/install/px4_msgs/share/px4_msgs/msg/VehicleImuStatus.msg\n'}
[7.480519] (px4_msgs) StdoutLine: {'line': b'-- Up-to-date: /home/stepan/ws_ros2/install/px4_msgs/share/px4_msgs/msg/VehicleLandDetected.msg\n'}
[7.480657] (px4_msgs) StdoutLine: {'line': b'-- Up-to-date: /home/stepan/ws_ros2/install/px4_msgs/share/px4_msgs/msg/VehicleLocalPosition.msg\n'}
[7.480803] (px4_msgs) StdoutLine: {'line': b'-- Up-to-date: /home/stepan/ws_ros2/install/px4_msgs/share/px4_msgs/msg/VehicleLocalPositionSetpoint.msg\n'}
[7.480934] (px4_msgs) StdoutLine: {'line': b'-- Up-to-date: /home/stepan/ws_ros2/install/px4_msgs/share/px4_msgs/msg/VehicleMagnetometer.msg\n'}
[7.481074] (px4_msgs) StdoutLine: {'line': b'-- Up-to-date: /home/stepan/ws_ros2/install/px4_msgs/share/px4_msgs/msg/VehicleOdometry.msg\n'}
[7.481206] (px4_msgs) StdoutLine: {'line': b'-- Up-to-date: /home/stepan/ws_ros2/install/px4_msgs/share/px4_msgs/msg/VehicleOpticalFlow.msg\n'}
[7.481553] (px4_msgs) StdoutLine: {'line': b'-- Up-to-date: /home/stepan/ws_ros2/install/px4_msgs/share/px4_msgs/msg/VehicleOpticalFlowVel.msg\n'}
[7.481652] (px4_msgs) StdoutLine: {'line': b'-- Up-to-date: /home/stepan/ws_ros2/install/px4_msgs/share/px4_msgs/msg/VehicleRatesSetpoint.msg\n'}
[7.483174] (px4_msgs) StdoutLine: {'line': b'-- Up-to-date: /home/stepan/ws_ros2/install/px4_msgs/share/px4_msgs/msg/VehicleRoi.msg\n'}
[7.484768] (px4_msgs) StdoutLine: {'line': b'-- Up-to-date: /home/stepan/ws_ros2/install/px4_msgs/share/px4_msgs/msg/VehicleStatus.msg\n'}
[7.485250] (px4_msgs) StdoutLine: {'line': b'-- Up-to-date: /home/stepan/ws_ros2/install/px4_msgs/share/px4_msgs/msg/VehicleThrustSetpoint.msg\n'}
[7.485658] (px4_msgs) StdoutLine: {'line': b'-- Up-to-date: /home/stepan/ws_ros2/install/px4_msgs/share/px4_msgs/msg/VehicleTorqueSetpoint.msg\n'}
[7.486022] (px4_msgs) StdoutLine: {'line': b'-- Up-to-date: /home/stepan/ws_ros2/install/px4_msgs/share/px4_msgs/msg/VelocityLimits.msg\n'}
[7.486163] (px4_msgs) StdoutLine: {'line': b'-- Up-to-date: /home/stepan/ws_ros2/install/px4_msgs/share/px4_msgs/msg/VtolVehicleStatus.msg\n'}
[7.486473] (px4_msgs) StdoutLine: {'line': b'-- Up-to-date: /home/stepan/ws_ros2/install/px4_msgs/share/px4_msgs/msg/WheelEncoders.msg\n'}
[7.486839] (px4_msgs) StdoutLine: {'line': b'-- Up-to-date: /home/stepan/ws_ros2/install/px4_msgs/share/px4_msgs/msg/Wind.msg\n'}
[7.488197] (px4_msgs) StdoutLine: {'line': b'-- Up-to-date: /home/stepan/ws_ros2/install/px4_msgs/share/px4_msgs/msg/YawEstimatorStatus.msg\n'}
[7.488882] (px4_msgs) StdoutLine: {'line': b'-- Up-to-date: /home/stepan/ws_ros2/install/px4_msgs/share/px4_msgs/srv/VehicleCommand.srv\n'}
[7.489023] (px4_msgs) StdoutLine: {'line': b'-- Up-to-date: /home/stepan/ws_ros2/install/px4_msgs/share/px4_msgs/srv/VehicleCommand_Request.msg\n'}
[7.490595] (px4_msgs) StdoutLine: {'line': b'-- Up-to-date: /home/stepan/ws_ros2/install/px4_msgs/share/px4_msgs/srv/VehicleCommand_Response.msg\n'}
[7.490888] (px4_msgs) StdoutLine: {'line': b'-- Up-to-date: /home/stepan/ws_ros2/install/px4_msgs/share/ament_index/resource_index/package_run_dependencies/px4_msgs\n'}
[7.491089] (px4_msgs) StdoutLine: {'line': b'-- Up-to-date: /home/stepan/ws_ros2/install/px4_msgs/share/ament_index/resource_index/parent_prefix_path/px4_msgs\n'}
[7.491232] (px4_msgs) StdoutLine: {'line': b'-- Up-to-date: /home/stepan/ws_ros2/install/px4_msgs/share/px4_msgs/environment/ament_prefix_path.sh\n'}
[7.491353] (px4_msgs) StdoutLine: {'line': b'-- Up-to-date: /home/stepan/ws_ros2/install/px4_msgs/share/px4_msgs/environment/ament_prefix_path.dsv\n'}
[7.491493] (px4_msgs) StdoutLine: {'line': b'-- Up-to-date: /home/stepan/ws_ros2/install/px4_msgs/share/px4_msgs/environment/path.sh\n'}
[7.491626] (px4_msgs) StdoutLine: {'line': b'-- Up-to-date: /home/stepan/ws_ros2/install/px4_msgs/share/px4_msgs/environment/path.dsv\n'}
[7.492047] (px4_msgs) StdoutLine: {'line': b'-- Up-to-date: /home/stepan/ws_ros2/install/px4_msgs/share/px4_msgs/local_setup.bash\n'}
[7.492763] (px4_msgs) StdoutLine: {'line': b'-- Up-to-date: /home/stepan/ws_ros2/install/px4_msgs/share/px4_msgs/local_setup.sh\n'}
[7.492882] (px4_msgs) StdoutLine: {'line': b'-- Up-to-date: /home/stepan/ws_ros2/install/px4_msgs/share/px4_msgs/local_setup.zsh\n'}
[7.492983] (px4_msgs) StdoutLine: {'line': b'-- Up-to-date: /home/stepan/ws_ros2/install/px4_msgs/share/px4_msgs/local_setup.dsv\n'}
[7.493076] (px4_msgs) StdoutLine: {'line': b'-- Installing: /home/stepan/ws_ros2/install/px4_msgs/share/px4_msgs/package.dsv\n'}
[7.493208] (px4_msgs) StdoutLine: {'line': b'-- Up-to-date: /home/stepan/ws_ros2/install/px4_msgs/share/ament_index/resource_index/packages/px4_msgs\n'}
[7.493382] (px4_msgs) StdoutLine: {'line': b'-- Up-to-date: /home/stepan/ws_ros2/install/px4_msgs/share/px4_msgs/cmake/export_px4_msgs__rosidl_generator_cExport.cmake\n'}
[7.493765] (px4_msgs) StdoutLine: {'line': b'-- Up-to-date: /home/stepan/ws_ros2/install/px4_msgs/share/px4_msgs/cmake/export_px4_msgs__rosidl_generator_cExport-noconfig.cmake\n'}
[7.495192] (px4_msgs) StdoutLine: {'line': b'-- Up-to-date: /home/stepan/ws_ros2/install/px4_msgs/share/px4_msgs/cmake/export_px4_msgs__rosidl_typesupport_fastrtps_cExport.cmake\n'}
[7.495424] (px4_msgs) StdoutLine: {'line': b'-- Up-to-date: /home/stepan/ws_ros2/install/px4_msgs/share/px4_msgs/cmake/export_px4_msgs__rosidl_typesupport_fastrtps_cExport-noconfig.cmake\n'}
[7.495573] (px4_msgs) StdoutLine: {'line': b'-- Up-to-date: /home/stepan/ws_ros2/install/px4_msgs/share/px4_msgs/cmake/export_px4_msgs__rosidl_generator_cppExport.cmake\n'}
[7.495670] (px4_msgs) StdoutLine: {'line': b'-- Up-to-date: /home/stepan/ws_ros2/install/px4_msgs/share/px4_msgs/cmake/export_px4_msgs__rosidl_typesupport_fastrtps_cppExport.cmake\n'}
[7.495789] (px4_msgs) StdoutLine: {'line': b'-- Up-to-date: /home/stepan/ws_ros2/install/px4_msgs/share/px4_msgs/cmake/export_px4_msgs__rosidl_typesupport_fastrtps_cppExport-noconfig.cmake\n'}
[7.495934] (px4_msgs) StdoutLine: {'line': b'-- Up-to-date: /home/stepan/ws_ros2/install/px4_msgs/share/px4_msgs/cmake/px4_msgs__rosidl_typesupport_introspection_cExport.cmake\n'}
[7.496028] (px4_msgs) StdoutLine: {'line': b'-- Up-to-date: /home/stepan/ws_ros2/install/px4_msgs/share/px4_msgs/cmake/px4_msgs__rosidl_typesupport_introspection_cExport-noconfig.cmake\n'}
[7.496118] (px4_msgs) StdoutLine: {'line': b'-- Up-to-date: /home/stepan/ws_ros2/install/px4_msgs/share/px4_msgs/cmake/px4_msgs__rosidl_typesupport_cExport.cmake\n'}
[7.496258] (px4_msgs) StdoutLine: {'line': b'-- Up-to-date: /home/stepan/ws_ros2/install/px4_msgs/share/px4_msgs/cmake/px4_msgs__rosidl_typesupport_cExport-noconfig.cmake\n'}
[7.496366] (px4_msgs) StdoutLine: {'line': b'-- Up-to-date: /home/stepan/ws_ros2/install/px4_msgs/share/px4_msgs/cmake/px4_msgs__rosidl_typesupport_introspection_cppExport.cmake\n'}
[7.496502] (px4_msgs) StdoutLine: {'line': b'-- Up-to-date: /home/stepan/ws_ros2/install/px4_msgs/share/px4_msgs/cmake/px4_msgs__rosidl_typesupport_introspection_cppExport-noconfig.cmake\n'}
[7.496643] (px4_msgs) StdoutLine: {'line': b'-- Up-to-date: /home/stepan/ws_ros2/install/px4_msgs/share/px4_msgs/cmake/px4_msgs__rosidl_typesupport_cppExport.cmake\n'}
[7.496753] (px4_msgs) StdoutLine: {'line': b'-- Up-to-date: /home/stepan/ws_ros2/install/px4_msgs/share/px4_msgs/cmake/px4_msgs__rosidl_typesupport_cppExport-noconfig.cmake\n'}
[7.496915] (px4_msgs) StdoutLine: {'line': b'-- Up-to-date: /home/stepan/ws_ros2/install/px4_msgs/share/px4_msgs/cmake/export_px4_msgs__rosidl_generator_pyExport.cmake\n'}
[7.497059] (px4_msgs) StdoutLine: {'line': b'-- Up-to-date: /home/stepan/ws_ros2/install/px4_msgs/share/px4_msgs/cmake/export_px4_msgs__rosidl_generator_pyExport-noconfig.cmake\n'}
[7.497200] (px4_msgs) StdoutLine: {'line': b'-- Up-to-date: /home/stepan/ws_ros2/install/px4_msgs/share/px4_msgs/cmake/rosidl_cmake-extras.cmake\n'}
[7.497345] (px4_msgs) StdoutLine: {'line': b'-- Up-to-date: /home/stepan/ws_ros2/install/px4_msgs/share/px4_msgs/cmake/ament_cmake_export_dependencies-extras.cmake\n'}
[7.497489] (px4_msgs) StdoutLine: {'line': b'-- Up-to-date: /home/stepan/ws_ros2/install/px4_msgs/share/px4_msgs/cmake/ament_cmake_export_include_directories-extras.cmake\n'}
[7.497631] (px4_msgs) StdoutLine: {'line': b'-- Up-to-date: /home/stepan/ws_ros2/install/px4_msgs/share/px4_msgs/cmake/ament_cmake_export_libraries-extras.cmake\n'}
[7.497825] (px4_msgs) StdoutLine: {'line': b'-- Up-to-date: /home/stepan/ws_ros2/install/px4_msgs/share/px4_msgs/cmake/ament_cmake_export_targets-extras.cmake\n'}
[7.497993] (px4_msgs) StdoutLine: {'line': b'-- Up-to-date: /home/stepan/ws_ros2/install/px4_msgs/share/px4_msgs/cmake/rosidl_cmake_export_typesupport_targets-extras.cmake\n'}
[7.498148] (px4_msgs) StdoutLine: {'line': b'-- Up-to-date: /home/stepan/ws_ros2/install/px4_msgs/share/px4_msgs/cmake/rosidl_cmake_export_typesupport_libraries-extras.cmake\n'}
[7.498315] (px4_msgs) StdoutLine: {'line': b'-- Up-to-date: /home/stepan/ws_ros2/install/px4_msgs/share/px4_msgs/cmake/px4_msgsConfig.cmake\n'}
[7.498491] (px4_msgs) StdoutLine: {'line': b'-- Up-to-date: /home/stepan/ws_ros2/install/px4_msgs/share/px4_msgs/cmake/px4_msgsConfig-version.cmake\n'}
[7.498639] (px4_msgs) StdoutLine: {'line': b'-- Up-to-date: /home/stepan/ws_ros2/install/px4_msgs/share/px4_msgs/package.xml\n'}
[7.498828] (px4_msgs) CommandEnded: {'returncode': 0}
[7.499561] (px4_msgs) JobEnded: {'identifier': 'px4_msgs', 'rc': 0}
[7.500218] (offboard) JobStarted: {'identifier': 'offboard'}
[7.500295] (px4_ros_com) JobStarted: {'identifier': 'px4_ros_com'}
[7.560520] (-) TimerEvent: {}
[7.661264] (-) TimerEvent: {}
[7.761928] (-) TimerEvent: {}
[7.862349] (-) TimerEvent: {}
[7.963366] (-) TimerEvent: {}
[8.063774] (-) TimerEvent: {}
[8.164372] (-) TimerEvent: {}
[8.240517] (px4_ros_com) JobProgress: {'identifier': 'px4_ros_com', 'progress': 'cmake'}
[8.243164] (px4_ros_com) JobProgress: {'identifier': 'px4_ros_com', 'progress': 'build'}
[8.244580] (px4_ros_com) Command: {'cmd': ['/usr/bin/cmake', '--build', '/home/stepan/ws_ros2/build/px4_ros_com', '--', '-j8', '-l8'], 'cwd': '/home/stepan/ws_ros2/build/px4_ros_com', 'env': OrderedDict([('LESSOPEN', '| /usr/bin/lesspipe %s'), ('USER', 'stepan'), ('LC_TIME', 'cs_CZ.UTF-8'), ('XDG_SESSION_TYPE', 'wayland'), ('SHLVL', '1'), ('LD_LIBRARY_PATH', '/home/stepan/ws_ros2/install/px4_msgs/lib:/home/stepan/ws_ros2/install/px4_ros_com/lib:/opt/ros/humble/opt/rviz_ogre_vendor/lib:/opt/ros/humble/lib/x86_64-linux-gnu:/opt/ros/humble/lib'), ('HOME', '/home/stepan'), ('OLDPWD', '/home/stepan/ws_ros2/src'), ('DESKTOP_SESSION', 'ubuntu'), ('ROS_PYTHON_VERSION', '3'), ('GNOME_SHELL_SESSION_MODE', 'ubuntu'), ('GTK_MODULES', 'gail:atk-bridge'), ('LC_MONETARY', 'cs_CZ.UTF-8'), ('SYSTEMD_EXEC_PID', '1590'), ('DBUS_SESSION_BUS_ADDRESS', 'unix:path=/run/user/1000/bus'), ('COLORTERM', 'truecolor'), ('IM_CONFIG_PHASE', '1'), ('WAYLAND_DISPLAY', 'wayland-0'), ('COLCON_PREFIX_PATH', '/home/stepan/ws_ros2/install'), ('ROS_DISTRO', 'humble'), ('LOGNAME', 'stepan'), ('_', '/usr/bin/colcon'), ('ROS_VERSION', '2'), ('XDG_SESSION_CLASS', 'user'), ('USERNAME', 'stepan'), ('TERM', 'xterm-256color'), ('GNOME_DESKTOP_SESSION_ID', 'this-is-deprecated'), ('ROS_LOCALHOST_ONLY', '0'), ('PATH', '/opt/ros/humble/bin:/home/stepan/.local/bin:/usr/local/sbin:/usr/local/bin:/usr/sbin:/usr/bin:/sbin:/bin:/usr/games:/usr/local/games:/snap/bin:/snap/bin'), ('SESSION_MANAGER', 'local/stepan-Latitude-5410:@/tmp/.ICE-unix/1562,unix/stepan-Latitude-5410:/tmp/.ICE-unix/1562'), ('XDG_MENU_PREFIX', 'gnome-'), ('LC_ADDRESS', 'cs_CZ.UTF-8'), ('GNOME_TERMINAL_SCREEN', '/org/gnome/Terminal/screen/ae9eb505_b0d9_4b0b_8646_9fddcceccd37'), ('GNOME_SETUP_DISPLAY', ':1'), ('XDG_RUNTIME_DIR', '/run/user/1000'), ('DISPLAY', ':0'), ('LANG', 'en_US.UTF-8'), ('XDG_CURRENT_DESKTOP', 'ubuntu:GNOME'), ('LC_TELEPHONE', 'cs_CZ.UTF-8'), ('XMODIFIERS', '@im=ibus'), ('XDG_SESSION_DESKTOP', 'ubuntu'), ('XAUTHORITY', '/run/user/1000/.mutter-Xwaylandauth.TIJ942'), ('LS_COLORS', 'rs=0:di=01;34:ln=01;36:mh=00:pi=40;33:so=01;35:do=01;35:bd=40;33;01:cd=40;33;01:or=40;31;01:mi=00:su=37;41:sg=30;43:ca=30;41:tw=30;42:ow=34;42:st=37;44:ex=01;32:*.tar=01;31:*.tgz=01;31:*.arc=01;31:*.arj=01;31:*.taz=01;31:*.lha=01;31:*.lz4=01;31:*.lzh=01;31:*.lzma=01;31:*.tlz=01;31:*.txz=01;31:*.tzo=01;31:*.t7z=01;31:*.zip=01;31:*.z=01;31:*.dz=01;31:*.gz=01;31:*.lrz=01;31:*.lz=01;31:*.lzo=01;31:*.xz=01;31:*.zst=01;31:*.tzst=01;31:*.bz2=01;31:*.bz=01;31:*.tbz=01;31:*.tbz2=01;31:*.tz=01;31:*.deb=01;31:*.rpm=01;31:*.jar=01;31:*.war=01;31:*.ear=01;31:*.sar=01;31:*.rar=01;31:*.alz=01;31:*.ace=01;31:*.zoo=01;31:*.cpio=01;31:*.7z=01;31:*.rz=01;31:*.cab=01;31:*.wim=01;31:*.swm=01;31:*.dwm=01;31:*.esd=01;31:*.jpg=01;35:*.jpeg=01;35:*.mjpg=01;35:*.mjpeg=01;35:*.gif=01;35:*.bmp=01;35:*.pbm=01;35:*.pgm=01;35:*.ppm=01;35:*.tga=01;35:*.xbm=01;35:*.xpm=01;35:*.tif=01;35:*.tiff=01;35:*.png=01;35:*.svg=01;35:*.svgz=01;35:*.mng=01;35:*.pcx=01;35:*.mov=01;35:*.mpg=01;35:*.mpeg=01;35:*.m2v=01;35:*.mkv=01;35:*.webm=01;35:*.webp=01;35:*.ogm=01;35:*.mp4=01;35:*.m4v=01;35:*.mp4v=01;35:*.vob=01;35:*.qt=01;35:*.nuv=01;35:*.wmv=01;35:*.asf=01;35:*.rm=01;35:*.rmvb=01;35:*.flc=01;35:*.avi=01;35:*.fli=01;35:*.flv=01;35:*.gl=01;35:*.dl=01;35:*.xcf=01;35:*.xwd=01;35:*.yuv=01;35:*.cgm=01;35:*.emf=01;35:*.ogv=01;35:*.ogx=01;35:*.aac=00;36:*.au=00;36:*.flac=00;36:*.m4a=00;36:*.mid=00;36:*.midi=00;36:*.mka=00;36:*.mp3=00;36:*.mpc=00;36:*.ogg=00;36:*.ra=00;36:*.wav=00;36:*.oga=00;36:*.opus=00;36:*.spx=00;36:*.xspf=00;36:'), ('GNOME_TERMINAL_SERVICE', ':1.128'), ('SSH_AGENT_LAUNCHER', 'gnome-keyring'), ('SSH_AUTH_SOCK', '/run/user/1000/keyring/ssh'), ('AMENT_PREFIX_PATH', '/home/stepan/ws_ros2/install/px4_ros_com:/home/stepan/ws_ros2/install/offboard:/home/stepan/ws_ros2/install/px4_msgs:/opt/ros/humble'), ('SHELL', '/bin/bash'), ('LC_NAME', 'cs_CZ.UTF-8'), ('QT_ACCESSIBILITY', '1'), ('GDMSESSION', 'ubuntu'), ('LESSCLOSE', '/usr/bin/lesspipe %s %s'), ('LC_MEASUREMENT', 'cs_CZ.UTF-8'), ('LC_IDENTIFICATION', 'cs_CZ.UTF-8'), ('QT_IM_MODULE', 'ibus'), ('PWD', '/home/stepan/ws_ros2/build/px4_ros_com'), ('LC_ALL', 'en_US.UTF-8'), ('XDG_CONFIG_DIRS', '/etc/xdg/xdg-ubuntu:/etc/xdg'), ('XDG_DATA_DIRS', '/usr/share/ubuntu:/usr/local/share/:/usr/share/:/var/lib/snapd/desktop'), ('PYTHONPATH', '/home/stepan/ws_ros2/install/offboard/lib/python3.10/site-packages:/home/stepan/ws_ros2/install/px4_ros_com/local/lib/python3.10/dist-packages:/home/stepan/ws_ros2/install/px4_msgs/local/lib/python3.10/dist-packages:/opt/ros/humble/lib/python3.10/site-packages:/opt/ros/humble/local/lib/python3.10/dist-packages'), ('LC_NUMERIC', 'cs_CZ.UTF-8'), ('LC_PAPER', 'cs_CZ.UTF-8'), ('COLCON', '1'), ('VTE_VERSION', '6800'), ('CMAKE_PREFIX_PATH', '/home/stepan/ws_ros2/install/px4_msgs:/home/stepan/ws_ros2/install/px4_ros_com:/home/stepan/ws_ros2/install/offboard:/opt/ros/humble')]), 'shell': False}
[8.264573] (-) TimerEvent: {}
[8.367702] (-) TimerEvent: {}
[8.436830] (px4_ros_com) StdoutLine: {'line': b'[ 16%] Built target vehicle_gps_position_listener\n'}
[8.437172] (px4_ros_com) StdoutLine: {'line': b'[ 33%] Built target frame_transforms\n'}
[8.439418] (px4_ros_com) StdoutLine: {'line': b'[ 33%] Built target ament_cmake_python_copy_px4_ros_com\n'}
[8.444756] (px4_ros_com) StdoutLine: {'line': b'[ 50%] Built target offboard_control\n'}
[8.460265] (px4_ros_com) StdoutLine: {'line': b'[ 66%] Built target sensor_combined_listener\n'}
[8.464181] (px4_ros_com) StdoutLine: {'line': b'[ 83%] Built target offboard_control_srv\n'}
[8.468158] (-) TimerEvent: {}
[8.469707] (px4_ros_com) StdoutLine: {'line': b'[100%] Built target debug_vect_advertiser\n'}
[8.568539] (-) TimerEvent: {}
[8.669005] (-) TimerEvent: {}
[8.770598] (-) TimerEvent: {}
[8.871826] (-) TimerEvent: {}
[8.973854] (-) TimerEvent: {}
[9.074586] (-) TimerEvent: {}
[9.175296] (-) TimerEvent: {}
[9.276503] (-) TimerEvent: {}
[9.377612] (-) TimerEvent: {}
[9.383631] (px4_ros_com) StdoutLine: {'line': b'running egg_info\n'}
[9.452146] (px4_ros_com) StdoutLine: {'line': b'writing px4_ros_com.egg-info/PKG-INFO\n'}
[9.454270] (px4_ros_com) StdoutLine: {'line': b'writing dependency_links to px4_ros_com.egg-info/dependency_links.txt\n'}
[9.455832] (px4_ros_com) StdoutLine: {'line': b'writing top-level names to px4_ros_com.egg-info/top_level.txt\n'}
[9.478543] (-) TimerEvent: {}
[9.579536] (-) TimerEvent: {}
[9.652578] (px4_ros_com) StdoutLine: {'line': b"reading manifest file 'px4_ros_com.egg-info/SOURCES.txt'\n"}
[9.657592] (px4_ros_com) StdoutLine: {'line': b"writing manifest file 'px4_ros_com.egg-info/SOURCES.txt'\n"}
[9.679948] (-) TimerEvent: {}
[9.779495] (px4_ros_com) StdoutLine: {'line': b'[100%] Built target ament_cmake_python_build_px4_ros_com_egg\n'}
[9.781369] (-) TimerEvent: {}
[9.816812] (px4_ros_com) CommandEnded: {'returncode': 0}
[9.819778] (px4_ros_com) JobProgress: {'identifier': 'px4_ros_com', 'progress': 'install'}
[9.820997] (px4_ros_com) Command: {'cmd': ['/usr/bin/cmake', '--install', '/home/stepan/ws_ros2/build/px4_ros_com'], 'cwd': '/home/stepan/ws_ros2/build/px4_ros_com', 'env': OrderedDict([('LESSOPEN', '| /usr/bin/lesspipe %s'), ('USER', 'stepan'), ('LC_TIME', 'cs_CZ.UTF-8'), ('XDG_SESSION_TYPE', 'wayland'), ('SHLVL', '1'), ('LD_LIBRARY_PATH', '/home/stepan/ws_ros2/install/px4_msgs/lib:/home/stepan/ws_ros2/install/px4_ros_com/lib:/opt/ros/humble/opt/rviz_ogre_vendor/lib:/opt/ros/humble/lib/x86_64-linux-gnu:/opt/ros/humble/lib'), ('HOME', '/home/stepan'), ('OLDPWD', '/home/stepan/ws_ros2/src'), ('DESKTOP_SESSION', 'ubuntu'), ('ROS_PYTHON_VERSION', '3'), ('GNOME_SHELL_SESSION_MODE', 'ubuntu'), ('GTK_MODULES', 'gail:atk-bridge'), ('LC_MONETARY', 'cs_CZ.UTF-8'), ('SYSTEMD_EXEC_PID', '1590'), ('DBUS_SESSION_BUS_ADDRESS', 'unix:path=/run/user/1000/bus'), ('COLORTERM', 'truecolor'), ('IM_CONFIG_PHASE', '1'), ('WAYLAND_DISPLAY', 'wayland-0'), ('COLCON_PREFIX_PATH', '/home/stepan/ws_ros2/install'), ('ROS_DISTRO', 'humble'), ('LOGNAME', 'stepan'), ('_', '/usr/bin/colcon'), ('ROS_VERSION', '2'), ('XDG_SESSION_CLASS', 'user'), ('USERNAME', 'stepan'), ('TERM', 'xterm-256color'), ('GNOME_DESKTOP_SESSION_ID', 'this-is-deprecated'), ('ROS_LOCALHOST_ONLY', '0'), ('PATH', '/opt/ros/humble/bin:/home/stepan/.local/bin:/usr/local/sbin:/usr/local/bin:/usr/sbin:/usr/bin:/sbin:/bin:/usr/games:/usr/local/games:/snap/bin:/snap/bin'), ('SESSION_MANAGER', 'local/stepan-Latitude-5410:@/tmp/.ICE-unix/1562,unix/stepan-Latitude-5410:/tmp/.ICE-unix/1562'), ('XDG_MENU_PREFIX', 'gnome-'), ('LC_ADDRESS', 'cs_CZ.UTF-8'), ('GNOME_TERMINAL_SCREEN', '/org/gnome/Terminal/screen/ae9eb505_b0d9_4b0b_8646_9fddcceccd37'), ('GNOME_SETUP_DISPLAY', ':1'), ('XDG_RUNTIME_DIR', '/run/user/1000'), ('DISPLAY', ':0'), ('LANG', 'en_US.UTF-8'), ('XDG_CURRENT_DESKTOP', 'ubuntu:GNOME'), ('LC_TELEPHONE', 'cs_CZ.UTF-8'), ('XMODIFIERS', '@im=ibus'), ('XDG_SESSION_DESKTOP', 'ubuntu'), ('XAUTHORITY', '/run/user/1000/.mutter-Xwaylandauth.TIJ942'), ('LS_COLORS', 'rs=0:di=01;34:ln=01;36:mh=00:pi=40;33:so=01;35:do=01;35:bd=40;33;01:cd=40;33;01:or=40;31;01:mi=00:su=37;41:sg=30;43:ca=30;41:tw=30;42:ow=34;42:st=37;44:ex=01;32:*.tar=01;31:*.tgz=01;31:*.arc=01;31:*.arj=01;31:*.taz=01;31:*.lha=01;31:*.lz4=01;31:*.lzh=01;31:*.lzma=01;31:*.tlz=01;31:*.txz=01;31:*.tzo=01;31:*.t7z=01;31:*.zip=01;31:*.z=01;31:*.dz=01;31:*.gz=01;31:*.lrz=01;31:*.lz=01;31:*.lzo=01;31:*.xz=01;31:*.zst=01;31:*.tzst=01;31:*.bz2=01;31:*.bz=01;31:*.tbz=01;31:*.tbz2=01;31:*.tz=01;31:*.deb=01;31:*.rpm=01;31:*.jar=01;31:*.war=01;31:*.ear=01;31:*.sar=01;31:*.rar=01;31:*.alz=01;31:*.ace=01;31:*.zoo=01;31:*.cpio=01;31:*.7z=01;31:*.rz=01;31:*.cab=01;31:*.wim=01;31:*.swm=01;31:*.dwm=01;31:*.esd=01;31:*.jpg=01;35:*.jpeg=01;35:*.mjpg=01;35:*.mjpeg=01;35:*.gif=01;35:*.bmp=01;35:*.pbm=01;35:*.pgm=01;35:*.ppm=01;35:*.tga=01;35:*.xbm=01;35:*.xpm=01;35:*.tif=01;35:*.tiff=01;35:*.png=01;35:*.svg=01;35:*.svgz=01;35:*.mng=01;35:*.pcx=01;35:*.mov=01;35:*.mpg=01;35:*.mpeg=01;35:*.m2v=01;35:*.mkv=01;35:*.webm=01;35:*.webp=01;35:*.ogm=01;35:*.mp4=01;35:*.m4v=01;35:*.mp4v=01;35:*.vob=01;35:*.qt=01;35:*.nuv=01;35:*.wmv=01;35:*.asf=01;35:*.rm=01;35:*.rmvb=01;35:*.flc=01;35:*.avi=01;35:*.fli=01;35:*.flv=01;35:*.gl=01;35:*.dl=01;35:*.xcf=01;35:*.xwd=01;35:*.yuv=01;35:*.cgm=01;35:*.emf=01;35:*.ogv=01;35:*.ogx=01;35:*.aac=00;36:*.au=00;36:*.flac=00;36:*.m4a=00;36:*.mid=00;36:*.midi=00;36:*.mka=00;36:*.mp3=00;36:*.mpc=00;36:*.ogg=00;36:*.ra=00;36:*.wav=00;36:*.oga=00;36:*.opus=00;36:*.spx=00;36:*.xspf=00;36:'), ('GNOME_TERMINAL_SERVICE', ':1.128'), ('SSH_AGENT_LAUNCHER', 'gnome-keyring'), ('SSH_AUTH_SOCK', '/run/user/1000/keyring/ssh'), ('AMENT_PREFIX_PATH', '/home/stepan/ws_ros2/install/px4_ros_com:/home/stepan/ws_ros2/install/offboard:/home/stepan/ws_ros2/install/px4_msgs:/opt/ros/humble'), ('SHELL', '/bin/bash'), ('LC_NAME', 'cs_CZ.UTF-8'), ('QT_ACCESSIBILITY', '1'), ('GDMSESSION', 'ubuntu'), ('LESSCLOSE', '/usr/bin/lesspipe %s %s'), ('LC_MEASUREMENT', 'cs_CZ.UTF-8'), ('LC_IDENTIFICATION', 'cs_CZ.UTF-8'), ('QT_IM_MODULE', 'ibus'), ('PWD', '/home/stepan/ws_ros2/build/px4_ros_com'), ('LC_ALL', 'en_US.UTF-8'), ('XDG_CONFIG_DIRS', '/etc/xdg/xdg-ubuntu:/etc/xdg'), ('XDG_DATA_DIRS', '/usr/share/ubuntu:/usr/local/share/:/usr/share/:/var/lib/snapd/desktop'), ('PYTHONPATH', '/home/stepan/ws_ros2/install/offboard/lib/python3.10/site-packages:/home/stepan/ws_ros2/install/px4_ros_com/local/lib/python3.10/dist-packages:/home/stepan/ws_ros2/install/px4_msgs/local/lib/python3.10/dist-packages:/opt/ros/humble/lib/python3.10/site-packages:/opt/ros/humble/local/lib/python3.10/dist-packages'), ('LC_NUMERIC', 'cs_CZ.UTF-8'), ('LC_PAPER', 'cs_CZ.UTF-8'), ('COLCON', '1'), ('VTE_VERSION', '6800'), ('CMAKE_PREFIX_PATH', '/home/stepan/ws_ros2/install/px4_msgs:/home/stepan/ws_ros2/install/px4_ros_com:/home/stepan/ws_ros2/install/offboard:/opt/ros/humble')]), 'shell': False}
[9.844865] (px4_ros_com) StdoutLine: {'line': b'-- Install configuration: ""\n'}
[9.845868] (px4_ros_com) StdoutLine: {'line': b'-- Up-to-date: /home/stepan/ws_ros2/install/px4_ros_com/lib/px4_ros_com/sensor_combined_listener\n'}
[9.846771] (px4_ros_com) StdoutLine: {'line': b'-- Up-to-date: /home/stepan/ws_ros2/install/px4_ros_com/lib/px4_ros_com/vehicle_gps_position_listener\n'}
[9.847242] (px4_ros_com) StdoutLine: {'line': b'-- Up-to-date: /home/stepan/ws_ros2/install/px4_ros_com/lib/px4_ros_com/debug_vect_advertiser\n'}
[9.847675] (px4_ros_com) StdoutLine: {'line': b'-- Up-to-date: /home/stepan/ws_ros2/install/px4_ros_com/lib/px4_ros_com/offboard_control\n'}
[9.848272] (px4_ros_com) StdoutLine: {'line': b'-- Up-to-date: /home/stepan/ws_ros2/install/px4_ros_com/lib/px4_ros_com/offboard_control_srv\n'}
[9.848593] (px4_ros_com) StdoutLine: {'line': b'-- Up-to-date: /home/stepan/ws_ros2/install/px4_ros_com/share/px4_ros_com/environment/library_path.sh\n'}
[9.848954] (px4_ros_com) StdoutLine: {'line': b'-- Up-to-date: /home/stepan/ws_ros2/install/px4_ros_com/share/px4_ros_com/environment/library_path.dsv\n'}
[9.849196] (px4_ros_com) StdoutLine: {'line': b'-- Up-to-date: /home/stepan/ws_ros2/install/px4_ros_com/include/px4_ros_com\n'}
[9.849408] (px4_ros_com) StdoutLine: {'line': b'-- Up-to-date: /home/stepan/ws_ros2/install/px4_ros_com/include/px4_ros_com/frame_transforms.h\n'}
[9.849680] (px4_ros_com) StdoutLine: {'line': b'-- Up-to-date: /home/stepan/ws_ros2/install/px4_ros_com/lib/libframe_transforms.so\n'}
[9.850072] (px4_ros_com) StdoutLine: {'line': b'-- Up-to-date: /home/stepan/ws_ros2/install/px4_ros_com/share/px4_ros_com//launch\n'}
[9.850211] (px4_ros_com) StdoutLine: {'line': b'-- Up-to-date: /home/stepan/ws_ros2/install/px4_ros_com/share/px4_ros_com//launch/offboard_control_launch.yaml\n'}
[9.850341] (px4_ros_com) StdoutLine: {'line': b'-- Up-to-date: /home/stepan/ws_ros2/install/px4_ros_com/share/px4_ros_com//launch/sensor_combined_listener.launch.py\n'}
[9.850577] (px4_ros_com) StdoutLine: {'line': b'-- Up-to-date: /home/stepan/ws_ros2/install/px4_ros_com/share/px4_ros_com//test\n'}
[9.850734] (px4_ros_com) StdoutLine: {'line': b'-- Up-to-date: /home/stepan/ws_ros2/install/px4_ros_com/share/px4_ros_com//test/pipeline_io_test.py\n'}
[9.850872] (px4_ros_com) StdoutLine: {'line': b'-- Up-to-date: /home/stepan/ws_ros2/install/px4_ros_com/share/px4_ros_com//test/test_output.py\n'}
[9.850992] (px4_ros_com) StdoutLine: {'line': b'-- Up-to-date: /home/stepan/ws_ros2/install/px4_ros_com/share/px4_ros_com//test/__init__.py\n'}
[9.851151] (px4_ros_com) StdoutLine: {'line': b'-- Up-to-date: /home/stepan/ws_ros2/install/px4_ros_com/share/px4_ros_com//test/test_input.py\n'}
[9.851335] (px4_ros_com) StdoutLine: {'line': b'-- Up-to-date: /home/stepan/ws_ros2/install/px4_ros_com/share/px4_ros_com/environment/pythonpath.sh\n'}
[9.851486] (px4_ros_com) StdoutLine: {'line': b'-- Up-to-date: /home/stepan/ws_ros2/install/px4_ros_com/share/px4_ros_com/environment/pythonpath.dsv\n'}
[9.851587] (px4_ros_com) StdoutLine: {'line': b'-- Up-to-date: /home/stepan/ws_ros2/install/px4_ros_com/local/lib/python3.10/dist-packages/px4_ros_com-0.1.0-py3.10.egg-info\n'}
[9.851685] (px4_ros_com) StdoutLine: {'line': b'-- Installing: /home/stepan/ws_ros2/install/px4_ros_com/local/lib/python3.10/dist-packages/px4_ros_com-0.1.0-py3.10.egg-info/top_level.txt\n'}
[9.851947] (px4_ros_com) StdoutLine: {'line': b'-- Installing: /home/stepan/ws_ros2/install/px4_ros_com/local/lib/python3.10/dist-packages/px4_ros_com-0.1.0-py3.10.egg-info/PKG-INFO\n'}
[9.852067] (px4_ros_com) StdoutLine: {'line': b'-- Installing: /home/stepan/ws_ros2/install/px4_ros_com/local/lib/python3.10/dist-packages/px4_ros_com-0.1.0-py3.10.egg-info/dependency_links.txt\n'}
[9.852213] (px4_ros_com) StdoutLine: {'line': b'-- Installing: /home/stepan/ws_ros2/install/px4_ros_com/local/lib/python3.10/dist-packages/px4_ros_com-0.1.0-py3.10.egg-info/SOURCES.txt\n'}
[9.852373] (px4_ros_com) StdoutLine: {'line': b'-- Up-to-date: /home/stepan/ws_ros2/install/px4_ros_com/local/lib/python3.10/dist-packages/px4_ros_com\n'}
[9.852526] (px4_ros_com) StdoutLine: {'line': b'-- Up-to-date: /home/stepan/ws_ros2/install/px4_ros_com/local/lib/python3.10/dist-packages/px4_ros_com/__init__.py\n'}
[9.852676] (px4_ros_com) StdoutLine: {'line': b'-- Up-to-date: /home/stepan/ws_ros2/install/px4_ros_com/local/lib/python3.10/dist-packages/px4_ros_com/module_to_import.py\n'}
[9.881787] (-) TimerEvent: {}
[9.982405] (-) TimerEvent: {}
[10.004749] (px4_ros_com) StdoutLine: {'line': b"Listing '/home/stepan/ws_ros2/install/px4_ros_com/local/lib/python3.10/dist-packages/px4_ros_com'...\n"}
[10.028760] (px4_ros_com) StdoutLine: {'line': b'-- Up-to-date: /home/stepan/ws_ros2/install/px4_ros_com/lib/px4_ros_com/offboard_control.py\n'}
[10.029579] (px4_ros_com) StdoutLine: {'line': b'-- Up-to-date: /home/stepan/ws_ros2/install/px4_ros_com/share/ament_index/resource_index/package_run_dependencies/px4_ros_com\n'}
[10.030271] (px4_ros_com) StdoutLine: {'line': b'-- Up-to-date: /home/stepan/ws_ros2/install/px4_ros_com/share/ament_index/resource_index/parent_prefix_path/px4_ros_com\n'}
[10.030872] (px4_ros_com) StdoutLine: {'line': b'-- Up-to-date: /home/stepan/ws_ros2/install/px4_ros_com/share/px4_ros_com/environment/ament_prefix_path.sh\n'}
[10.031855] (px4_ros_com) StdoutLine: {'line': b'-- Up-to-date: /home/stepan/ws_ros2/install/px4_ros_com/share/px4_ros_com/environment/ament_prefix_path.dsv\n'}
[10.032567] (px4_ros_com) StdoutLine: {'line': b'-- Up-to-date: /home/stepan/ws_ros2/install/px4_ros_com/share/px4_ros_com/environment/path.sh\n'}
[10.033117] (px4_ros_com) StdoutLine: {'line': b'-- Up-to-date: /home/stepan/ws_ros2/install/px4_ros_com/share/px4_ros_com/environment/path.dsv\n'}
[10.034355] (px4_ros_com) StdoutLine: {'line': b'-- Up-to-date: /home/stepan/ws_ros2/install/px4_ros_com/share/px4_ros_com/local_setup.bash\n'}
[10.034605] (px4_ros_com) StdoutLine: {'line': b'-- Up-to-date: /home/stepan/ws_ros2/install/px4_ros_com/share/px4_ros_com/local_setup.sh\n'}
[10.034794] (px4_ros_com) StdoutLine: {'line': b'-- Up-to-date: /home/stepan/ws_ros2/install/px4_ros_com/share/px4_ros_com/local_setup.zsh\n'}
[10.034959] (px4_ros_com) StdoutLine: {'line': b'-- Up-to-date: /home/stepan/ws_ros2/install/px4_ros_com/share/px4_ros_com/local_setup.dsv\n'}
[10.035116] (px4_ros_com) StdoutLine: {'line': b'-- Installing: /home/stepan/ws_ros2/install/px4_ros_com/share/px4_ros_com/package.dsv\n'}
[10.035268] (px4_ros_com) StdoutLine: {'line': b'-- Up-to-date: /home/stepan/ws_ros2/install/px4_ros_com/share/ament_index/resource_index/packages/px4_ros_com\n'}
[10.035419] (px4_ros_com) StdoutLine: {'line': b'-- Up-to-date: /home/stepan/ws_ros2/install/px4_ros_com/share/px4_ros_com/cmake/export_frame_transformsExport.cmake\n'}
[10.035566] (px4_ros_com) StdoutLine: {'line': b'-- Up-to-date: /home/stepan/ws_ros2/install/px4_ros_com/share/px4_ros_com/cmake/export_frame_transformsExport-noconfig.cmake\n'}
[10.035725] (px4_ros_com) StdoutLine: {'line': b'-- Up-to-date: /home/stepan/ws_ros2/install/px4_ros_com/share/px4_ros_com/cmake/ament_cmake_export_dependencies-extras.cmake\n'}
[10.035896] (px4_ros_com) StdoutLine: {'line': b'-- Up-to-date: /home/stepan/ws_ros2/install/px4_ros_com/share/px4_ros_com/cmake/ament_cmake_export_targets-extras.cmake\n'}
[10.036052] (px4_ros_com) StdoutLine: {'line': b'-- Up-to-date: /home/stepan/ws_ros2/install/px4_ros_com/share/px4_ros_com/cmake/ament_cmake_export_include_directories-extras.cmake\n'}
[10.036201] (px4_ros_com) StdoutLine: {'line': b'-- Up-to-date: /home/stepan/ws_ros2/install/px4_ros_com/share/px4_ros_com/cmake/ament_cmake_export_libraries-extras.cmake\n'}
[10.036363] (px4_ros_com) StdoutLine: {'line': b'-- Up-to-date: /home/stepan/ws_ros2/install/px4_ros_com/share/px4_ros_com/cmake/px4_ros_comConfig.cmake\n'}
[10.036647] (px4_ros_com) StdoutLine: {'line': b'-- Up-to-date: /home/stepan/ws_ros2/install/px4_ros_com/share/px4_ros_com/cmake/px4_ros_comConfig-version.cmake\n'}
[10.036801] (px4_ros_com) StdoutLine: {'line': b'-- Up-to-date: /home/stepan/ws_ros2/install/px4_ros_com/share/px4_ros_com/package.xml\n'}
[10.038188] (px4_ros_com) CommandEnded: {'returncode': 0}
[10.083761] (-) TimerEvent: {}
[10.113806] (px4_ros_com) JobEnded: {'identifier': 'px4_ros_com', 'rc': 0}
[10.183989] (-) TimerEvent: {}
[10.284488] (-) TimerEvent: {}
[10.309770] (offboard) Command: {'cmd': ['/usr/bin/python3', '-W', 'ignore:setup.py install is deprecated', '-W', 'ignore:easy_install command is deprecated', 'setup.py', 'egg_info', '--egg-base', '../../build/offboard', 'build', '--build-base', '/home/stepan/ws_ros2/build/offboard/build', 'install', '--record', '/home/stepan/ws_ros2/build/offboard/install.log', '--single-version-externally-managed', 'install_data'], 'cwd': '/home/stepan/ws_ros2/src/offboard', 'env': {'LESSOPEN': '| /usr/bin/lesspipe %s', 'USER': 'stepan', 'LC_TIME': 'cs_CZ.UTF-8', 'XDG_SESSION_TYPE': 'wayland', 'SHLVL': '1', 'LD_LIBRARY_PATH': '/home/stepan/ws_ros2/install/px4_msgs/lib:/home/stepan/ws_ros2/install/px4_ros_com/lib:/opt/ros/humble/opt/rviz_ogre_vendor/lib:/opt/ros/humble/lib/x86_64-linux-gnu:/opt/ros/humble/lib', 'HOME': '/home/stepan', 'OLDPWD': '/home/stepan/ws_ros2/src', 'DESKTOP_SESSION': 'ubuntu', 'ROS_PYTHON_VERSION': '3', 'GNOME_SHELL_SESSION_MODE': 'ubuntu', 'GTK_MODULES': 'gail:atk-bridge', 'LC_MONETARY': 'cs_CZ.UTF-8', 'SYSTEMD_EXEC_PID': '1590', 'DBUS_SESSION_BUS_ADDRESS': 'unix:path=/run/user/1000/bus', 'COLORTERM': 'truecolor', 'IM_CONFIG_PHASE': '1', 'WAYLAND_DISPLAY': 'wayland-0', 'COLCON_PREFIX_PATH': '/home/stepan/ws_ros2/install', 'ROS_DISTRO': 'humble', 'LOGNAME': 'stepan', '_': '/usr/bin/colcon', 'ROS_VERSION': '2', 'XDG_SESSION_CLASS': 'user', 'USERNAME': 'stepan', 'TERM': 'xterm-256color', 'GNOME_DESKTOP_SESSION_ID': 'this-is-deprecated', 'ROS_LOCALHOST_ONLY': '0', 'PATH': '/opt/ros/humble/bin:/home/stepan/.local/bin:/usr/local/sbin:/usr/local/bin:/usr/sbin:/usr/bin:/sbin:/bin:/usr/games:/usr/local/games:/snap/bin:/snap/bin', 'SESSION_MANAGER': 'local/stepan-Latitude-5410:@/tmp/.ICE-unix/1562,unix/stepan-Latitude-5410:/tmp/.ICE-unix/1562', 'XDG_MENU_PREFIX': 'gnome-', 'LC_ADDRESS': 'cs_CZ.UTF-8', 'GNOME_TERMINAL_SCREEN': '/org/gnome/Terminal/screen/ae9eb505_b0d9_4b0b_8646_9fddcceccd37', 'GNOME_SETUP_DISPLAY': ':1', 'XDG_RUNTIME_DIR': '/run/user/1000', 'DISPLAY': ':0', 'LANG': 'en_US.UTF-8', 'XDG_CURRENT_DESKTOP': 'ubuntu:GNOME', 'LC_TELEPHONE': 'cs_CZ.UTF-8', 'XMODIFIERS': '@im=ibus', 'XDG_SESSION_DESKTOP': 'ubuntu', 'XAUTHORITY': '/run/user/1000/.mutter-Xwaylandauth.TIJ942', 'LS_COLORS': 'rs=0:di=01;34:ln=01;36:mh=00:pi=40;33:so=01;35:do=01;35:bd=40;33;01:cd=40;33;01:or=40;31;01:mi=00:su=37;41:sg=30;43:ca=30;41:tw=30;42:ow=34;42:st=37;44:ex=01;32:*.tar=01;31:*.tgz=01;31:*.arc=01;31:*.arj=01;31:*.taz=01;31:*.lha=01;31:*.lz4=01;31:*.lzh=01;31:*.lzma=01;31:*.tlz=01;31:*.txz=01;31:*.tzo=01;31:*.t7z=01;31:*.zip=01;31:*.z=01;31:*.dz=01;31:*.gz=01;31:*.lrz=01;31:*.lz=01;31:*.lzo=01;31:*.xz=01;31:*.zst=01;31:*.tzst=01;31:*.bz2=01;31:*.bz=01;31:*.tbz=01;31:*.tbz2=01;31:*.tz=01;31:*.deb=01;31:*.rpm=01;31:*.jar=01;31:*.war=01;31:*.ear=01;31:*.sar=01;31:*.rar=01;31:*.alz=01;31:*.ace=01;31:*.zoo=01;31:*.cpio=01;31:*.7z=01;31:*.rz=01;31:*.cab=01;31:*.wim=01;31:*.swm=01;31:*.dwm=01;31:*.esd=01;31:*.jpg=01;35:*.jpeg=01;35:*.mjpg=01;35:*.mjpeg=01;35:*.gif=01;35:*.bmp=01;35:*.pbm=01;35:*.pgm=01;35:*.ppm=01;35:*.tga=01;35:*.xbm=01;35:*.xpm=01;35:*.tif=01;35:*.tiff=01;35:*.png=01;35:*.svg=01;35:*.svgz=01;35:*.mng=01;35:*.pcx=01;35:*.mov=01;35:*.mpg=01;35:*.mpeg=01;35:*.m2v=01;35:*.mkv=01;35:*.webm=01;35:*.webp=01;35:*.ogm=01;35:*.mp4=01;35:*.m4v=01;35:*.mp4v=01;35:*.vob=01;35:*.qt=01;35:*.nuv=01;35:*.wmv=01;35:*.asf=01;35:*.rm=01;35:*.rmvb=01;35:*.flc=01;35:*.avi=01;35:*.fli=01;35:*.flv=01;35:*.gl=01;35:*.dl=01;35:*.xcf=01;35:*.xwd=01;35:*.yuv=01;35:*.cgm=01;35:*.emf=01;35:*.ogv=01;35:*.ogx=01;35:*.aac=00;36:*.au=00;36:*.flac=00;36:*.m4a=00;36:*.mid=00;36:*.midi=00;36:*.mka=00;36:*.mp3=00;36:*.mpc=00;36:*.ogg=00;36:*.ra=00;36:*.wav=00;36:*.oga=00;36:*.opus=00;36:*.spx=00;36:*.xspf=00;36:', 'GNOME_TERMINAL_SERVICE': ':1.128', 'SSH_AGENT_LAUNCHER': 'gnome-keyring', 'SSH_AUTH_SOCK': '/run/user/1000/keyring/ssh', 'AMENT_PREFIX_PATH': '/home/stepan/ws_ros2/install/px4_ros_com:/home/stepan/ws_ros2/install/offboard:/home/stepan/ws_ros2/install/px4_msgs:/opt/ros/humble', 'SHELL': '/bin/bash', 'LC_NAME': 'cs_CZ.UTF-8', 'QT_ACCESSIBILITY': '1', 'GDMSESSION': 'ubuntu', 'LESSCLOSE': '/usr/bin/lesspipe %s %s', 'LC_MEASUREMENT': 'cs_CZ.UTF-8', 'LC_IDENTIFICATION': 'cs_CZ.UTF-8', 'QT_IM_MODULE': 'ibus', 'PWD': '/home/stepan/ws_ros2/build/offboard', 'LC_ALL': 'en_US.UTF-8', 'XDG_CONFIG_DIRS': '/etc/xdg/xdg-ubuntu:/etc/xdg', 'XDG_DATA_DIRS': '/usr/share/ubuntu:/usr/local/share/:/usr/share/:/var/lib/snapd/desktop', 'PYTHONPATH': '/home/stepan/ws_ros2/build/offboard/prefix_override:/usr/lib/python3/dist-packages/colcon_core/task/python/colcon_distutils_commands:/home/stepan/ws_ros2/install/offboard/lib/python3.10/site-packages:/home/stepan/ws_ros2/install/offboard/lib/python3.10/site-packages:/home/stepan/ws_ros2/install/px4_ros_com/local/lib/python3.10/dist-packages:/home/stepan/ws_ros2/install/px4_msgs/local/lib/python3.10/dist-packages:/opt/ros/humble/lib/python3.10/site-packages:/opt/ros/humble/local/lib/python3.10/dist-packages', 'LC_NUMERIC': 'cs_CZ.UTF-8', 'LC_PAPER': 'cs_CZ.UTF-8', 'COLCON': '1', 'VTE_VERSION': '6800', 'CMAKE_PREFIX_PATH': '/home/stepan/ws_ros2/install/px4_msgs:/home/stepan/ws_ros2/install/px4_ros_com:/home/stepan/ws_ros2/install/offboard'}, 'shell': False}
[10.384651] (-) TimerEvent: {}
[10.485143] (-) TimerEvent: {}
[10.585619] (-) TimerEvent: {}
[10.686124] (-) TimerEvent: {}
[10.786748] (-) TimerEvent: {}
[10.827051] (offboard) StderrLine: {'line': b"/home/stepan/.local/lib/python3.10/site-packages/setuptools/_distutils/dist.py:289: UserWarning: Unknown distribution option: 'tests_require'\n"}
[10.827435] (offboard) StderrLine: {'line': b'  warnings.warn(msg)\n'}
[10.886936] (-) TimerEvent: {}
[10.987652] (-) TimerEvent: {}
[11.088442] (-) TimerEvent: {}
[11.179607] (offboard) StdoutLine: {'line': b'running egg_info\n'}
[11.188570] (-) TimerEvent: {}
[11.249210] (offboard) StdoutLine: {'line': b'writing ../../build/offboard/offboard.egg-info/PKG-INFO\n'}
[11.250148] (offboard) StdoutLine: {'line': b'writing dependency_links to ../../build/offboard/offboard.egg-info/dependency_links.txt\n'}
[11.250578] (offboard) StdoutLine: {'line': b'writing entry points to ../../build/offboard/offboard.egg-info/entry_points.txt\n'}
[11.251896] (offboard) StdoutLine: {'line': b'writing requirements to ../../build/offboard/offboard.egg-info/requires.txt\n'}
[11.252748] (offboard) StdoutLine: {'line': b'writing top-level names to ../../build/offboard/offboard.egg-info/top_level.txt\n'}
[11.288781] (-) TimerEvent: {}
[11.369927] (offboard) StdoutLine: {'line': b"reading manifest file '../../build/offboard/offboard.egg-info/SOURCES.txt'\n"}
[11.373772] (offboard) StdoutLine: {'line': b"writing manifest file '../../build/offboard/offboard.egg-info/SOURCES.txt'\n"}
[11.374132] (offboard) StdoutLine: {'line': b'running build\n'}
[11.374494] (offboard) StdoutLine: {'line': b'running build_py\n'}
[11.375176] (offboard) StdoutLine: {'line': b'copying offboard/__init__.py -> /home/stepan/ws_ros2/build/offboard/build/lib/offboard\n'}
[11.376094] (offboard) StdoutLine: {'line': b'copying offboard/offboard_mission.py -> /home/stepan/ws_ros2/build/offboard/build/lib/offboard\n'}
[11.376670] (offboard) StdoutLine: {'line': b'copying offboard/vzlet.py -> /home/stepan/ws_ros2/build/offboard/build/lib/offboard\n'}
[11.377393] (offboard) StdoutLine: {'line': b'copying offboard/dopredu.py -> /home/stepan/ws_ros2/build/offboard/build/lib/offboard\n'}
[11.378338] (offboard) StdoutLine: {'line': b'running install\n'}
[11.388877] (-) TimerEvent: {}
[11.392054] (offboard) StdoutLine: {'line': b'running install_lib\n'}
[11.444793] (offboard) StdoutLine: {'line': b'copying /home/stepan/ws_ros2/build/offboard/build/lib/offboard/dopredu.py -> /home/stepan/ws_ros2/install/offboard/lib/python3.10/site-packages/offboard\n'}
[11.446777] (offboard) StdoutLine: {'line': b'byte-compiling /home/stepan/ws_ros2/install/offboard/lib/python3.10/site-packages/offboard/dopredu.py to dopredu.cpython-310.pyc\n'}
[11.447849] (offboard) StdoutLine: {'line': b'running install_data\n'}
[11.448927] (offboard) StdoutLine: {'line': b'copying resource/offboard -> /home/stepan/ws_ros2/install/offboard/share/ament_index/resource_index/packages\n'}
[11.449300] (offboard) StdoutLine: {'line': b'copying package.xml -> /home/stepan/ws_ros2/install/offboard/share/offboard\n'}
[11.449547] (offboard) StdoutLine: {'line': b'running install_egg_info\n'}
[11.489109] (-) TimerEvent: {}
[11.498466] (offboard) StdoutLine: {'line': b"removing '/home/stepan/ws_ros2/install/offboard/lib/python3.10/site-packages/offboard-0.0.0-py3.10.egg-info' (and everything under it)\n"}
[11.499153] (offboard) StdoutLine: {'line': b'Copying ../../build/offboard/offboard.egg-info to /home/stepan/ws_ros2/install/offboard/lib/python3.10/site-packages/offboard-0.0.0-py3.10.egg-info\n'}
[11.502180] (offboard) StdoutLine: {'line': b'running install_scripts\n'}
[11.589229] (-) TimerEvent: {}
[11.689695] (-) TimerEvent: {}
[11.790145] (-) TimerEvent: {}
[11.890742] (-) TimerEvent: {}
[11.983290] (offboard) StdoutLine: {'line': b'Installing dopredu script to /home/stepan/ws_ros2/install/offboard/lib/offboard\n'}
[11.984796] (offboard) StdoutLine: {'line': b'Installing offboard_mission script to /home/stepan/ws_ros2/install/offboard/lib/offboard\n'}
[11.985355] (offboard) StdoutLine: {'line': b'Installing vzlet script to /home/stepan/ws_ros2/install/offboard/lib/offboard\n'}
[11.987067] (offboard) StdoutLine: {'line': b"writing list of installed files to '/home/stepan/ws_ros2/build/offboard/install.log'\n"}
[11.991021] (-) TimerEvent: {}
[12.092460] (offboard) CommandEnded: {'returncode': 0}
[12.093891] (-) TimerEvent: {}
[12.117001] (offboard) JobEnded: {'identifier': 'offboard', 'rc': 0}
[12.119971] (-) EventReactorShutdown: {}
